Command line invocation:
    /Applications/Xcode.app/Contents/Developer/usr/bin/xcodebuild test -project ResourceRunner.xcodeproj -scheme ResourceRunner -configuration Debug -destination platform=macOS,arch=arm64 -parallel-testing-enabled NO "-only-testing:ResourceRunnerTests/DiskNativeAdapterTests" "-only-testing:ResourceRunnerTests/DiskDashboardViewTests" "-only-testing:ResourceRunnerTests/ResourceActivityPresentationTests" "-only-testing:ResourceRunnerTests/StorageMetadataTests" "-only-testing:ResourceRunnerTests/DiskActivityTests" "-only-testing:ResourceRunnerTests/IntegratedDashboardSummaryTests" -derivedDataPath /tmp/rr-macos-capacity-derived -resultBundlePath /tmp/rr-macos-capacity-unit.xcresult CODE_SIGNING_ALLOWED=YES

Build settings from command line:
    CODE_SIGNING_ALLOWED = YES

2026-10-04 15:44:24.384 xcodebuild[35234:52580867] [MT] IDERunDestination: Supported platforms for the buildables in the current scheme is empty.
Writing result bundle at path:
	/tmp/rr-macos-capacity-unit.xcresult

ComputePackagePrebuildTargetDependencyGraph

Prepare packages

CreateBuildRequest

SendProjectDescription

CreateBuildOperation

ComputeTargetDependencyGraph
note: Building targets in dependency order
note: Target dependency graph (3 targets)
    Target 'ResourceRunnerTests' in project 'ResourceRunner'
        ➜ Explicit dependency on target 'ResourceRunner' in project 'ResourceRunner'
    Target 'ResourceRunnerUITests' in project 'ResourceRunner'
        ➜ Explicit dependency on target 'ResourceRunner' in project 'ResourceRunner'
    Target 'ResourceRunner' in project 'ResourceRunner' (no dependencies)

GatherProvisioningInputs

CreateBuildDescription

ExecuteExternalTool /Applications/Xcode.app/Contents/Developer/Toolchains/XcodeDefault.xctoolchain/usr/bin/clang -v -E -dM -isysroot /Applications/Xcode.app/Contents/Developer/Platforms/MacOSX.platform/Developer/SDKs/MacOSX26.5.sdk -x c -c /dev/null

ExecuteExternalTool /Applications/Xcode.app/Contents/Developer/Toolchains/XcodeDefault.xctoolchain/usr/bin/swiftc --version

ExecuteExternalTool /Applications/Xcode.app/Contents/Developer/usr/bin/actool --version --output-format xml1

ExecuteExternalTool /Applications/Xcode.app/Contents/Developer/Toolchains/XcodeDefault.xctoolchain/usr/bin/ld -version_details

Build description signature: 423c5056ad65a4a18bdea74765409d7a
Build description path: /tmp/rr-macos-capacity-derived/Build/Intermediates.noindex/XCBuildData/423c5056ad65a4a18bdea74765409d7a.xcbuilddata
ClangStatCache /Applications/Xcode.app/Contents/Developer/Toolchains/XcodeDefault.xctoolchain/usr/bin/clang-stat-cache /Applications/Xcode.app/Contents/Developer/Platforms/MacOSX.platform/Developer/SDKs/MacOSX26.5.sdk /tmp/rr-macos-capacity-derived/SDKStatCaches.noindex/macosx26.5-25F70-e082c4a02f00227109f4ed75e425c832.sdkstatcache
    cd /Users/zipkero/XcodeProjects/ResourceRunner/ResourceRunner.xcodeproj
    /Applications/Xcode.app/Contents/Developer/Toolchains/XcodeDefault.xctoolchain/usr/bin/clang-stat-cache /Applications/Xcode.app/Contents/Developer/Platforms/MacOSX.platform/Developer/SDKs/MacOSX26.5.sdk -o /tmp/rr-macos-capacity-derived/SDKStatCaches.noindex/macosx26.5-25F70-e082c4a02f00227109f4ed75e425c832.sdkstatcache

CreateBuildDirectory /tmp/rr-macos-capacity-derived/Build/Products
    cd /Users/zipkero/XcodeProjects/ResourceRunner/ResourceRunner.xcodeproj
    builtin-create-build-directory /tmp/rr-macos-capacity-derived/Build/Products

CreateBuildDirectory /tmp/rr-macos-capacity-derived/Build/Intermediates.noindex
    cd /Users/zipkero/XcodeProjects/ResourceRunner/ResourceRunner.xcodeproj
    builtin-create-build-directory /tmp/rr-macos-capacity-derived/Build/Intermediates.noindex

CreateBuildDirectory /tmp/rr-macos-capacity-derived/Build/Products/Debug
    cd /Users/zipkero/XcodeProjects/ResourceRunner/ResourceRunner.xcodeproj
    builtin-create-build-directory /tmp/rr-macos-capacity-derived/Build/Products/Debug

CreateBuildDirectory /tmp/rr-macos-capacity-derived/Build/Intermediates.noindex/SwiftExplicitPrecompiledModules
    cd /Users/zipkero/XcodeProjects/ResourceRunner/ResourceRunner.xcodeproj
    builtin-create-build-directory /tmp/rr-macos-capacity-derived/Build/Intermediates.noindex/SwiftExplicitPrecompiledModules

CreateBuildDirectory /tmp/rr-macos-capacity-derived/Build/Intermediates.noindex/ExplicitPrecompiledModules
    cd /Users/zipkero/XcodeProjects/ResourceRunner/ResourceRunner.xcodeproj
    builtin-create-build-directory /tmp/rr-macos-capacity-derived/Build/Intermediates.noindex/ExplicitPrecompiledModules

CreateBuildDirectory /tmp/rr-macos-capacity-derived/Build/Intermediates.noindex/EagerLinkingTBDs/Debug
    cd /Users/zipkero/XcodeProjects/ResourceRunner/ResourceRunner.xcodeproj
    builtin-create-build-directory /tmp/rr-macos-capacity-derived/Build/Intermediates.noindex/EagerLinkingTBDs/Debug

WriteAuxiliaryFile /tmp/rr-macos-capacity-derived/Build/Intermediates.noindex/ResourceRunner.build/Debug/ResourceRunner-8c3503f0990367d409751a2585fa2393-VFS/all-product-headers.yaml
    cd /Users/zipkero/XcodeProjects/ResourceRunner/ResourceRunner.xcodeproj
    write-file /tmp/rr-macos-capacity-derived/Build/Intermediates.noindex/ResourceRunner.build/Debug/ResourceRunner-8c3503f0990367d409751a2585fa2393-VFS/all-product-headers.yaml

WriteAuxiliaryFile /tmp/rr-macos-capacity-derived/Build/Intermediates.noindex/ResourceRunner.build/Debug/ResourceRunner.build/ResourceRunner-generated-files.hmap (in target 'ResourceRunner' from project 'ResourceRunner')
    cd /Users/zipkero/XcodeProjects/ResourceRunner
    write-file /tmp/rr-macos-capacity-derived/Build/Intermediates.noindex/ResourceRunner.build/Debug/ResourceRunner.build/ResourceRunner-generated-files.hmap

WriteAuxiliaryFile /tmp/rr-macos-capacity-derived/Build/Intermediates.noindex/ResourceRunner.build/Debug/ResourceRunner.build/ResourceRunner-own-target-headers.hmap (in target 'ResourceRunner' from project 'ResourceRunner')
    cd /Users/zipkero/XcodeProjects/ResourceRunner
    write-file /tmp/rr-macos-capacity-derived/Build/Intermediates.noindex/ResourceRunner.build/Debug/ResourceRunner.build/ResourceRunner-own-target-headers.hmap

WriteAuxiliaryFile /tmp/rr-macos-capacity-derived/Build/Intermediates.noindex/ResourceRunner.build/Debug/ResourceRunner.build/empty-ResourceRunner.plist (in target 'ResourceRunner' from project 'ResourceRunner')
    cd /Users/zipkero/XcodeProjects/ResourceRunner
    write-file /tmp/rr-macos-capacity-derived/Build/Intermediates.noindex/ResourceRunner.build/Debug/ResourceRunner.build/empty-ResourceRunner.plist

WriteAuxiliaryFile /tmp/rr-macos-capacity-derived/Build/Intermediates.noindex/ResourceRunner.build/Debug/ResourceRunner.build/ResourceRunner.hmap (in target 'ResourceRunner' from project 'ResourceRunner')
    cd /Users/zipkero/XcodeProjects/ResourceRunner
    write-file /tmp/rr-macos-capacity-derived/Build/Intermediates.noindex/ResourceRunner.build/Debug/ResourceRunner.build/ResourceRunner.hmap

WriteAuxiliaryFile /tmp/rr-macos-capacity-derived/Build/Intermediates.noindex/ResourceRunner.build/Debug/ResourceRunner.build/ResourceRunner.DependencyMetadataFileList (in target 'ResourceRunner' from project 'ResourceRunner')
    cd /Users/zipkero/XcodeProjects/ResourceRunner
    write-file /tmp/rr-macos-capacity-derived/Build/Intermediates.noindex/ResourceRunner.build/Debug/ResourceRunner.build/ResourceRunner.DependencyMetadataFileList

WriteAuxiliaryFile /tmp/rr-macos-capacity-derived/Build/Intermediates.noindex/ResourceRunner.build/Debug/ResourceRunner.build/ResourceRunner-project-headers.hmap (in target 'ResourceRunner' from project 'ResourceRunner')
    cd /Users/zipkero/XcodeProjects/ResourceRunner
    write-file /tmp/rr-macos-capacity-derived/Build/Intermediates.noindex/ResourceRunner.build/Debug/ResourceRunner.build/ResourceRunner-project-headers.hmap

WriteAuxiliaryFile /tmp/rr-macos-capacity-derived/Build/Intermediates.noindex/ResourceRunner.build/Debug/ResourceRunner.build/ResourceRunner-all-target-headers.hmap (in target 'ResourceRunner' from project 'ResourceRunner')
    cd /Users/zipkero/XcodeProjects/ResourceRunner
    write-file /tmp/rr-macos-capacity-derived/Build/Intermediates.noindex/ResourceRunner.build/Debug/ResourceRunner.build/ResourceRunner-all-target-headers.hmap

WriteAuxiliaryFile /tmp/rr-macos-capacity-derived/Build/Intermediates.noindex/ResourceRunner.build/Debug/ResourceRunner.build/ResourceRunner-DebugDylibInstallName-normal-arm64.txt (in target 'ResourceRunner' from project 'ResourceRunner')
    cd /Users/zipkero/XcodeProjects/ResourceRunner
    write-file /tmp/rr-macos-capacity-derived/Build/Intermediates.noindex/ResourceRunner.build/Debug/ResourceRunner.build/ResourceRunner-DebugDylibInstallName-normal-arm64.txt

WriteAuxiliaryFile /tmp/rr-macos-capacity-derived/Build/Intermediates.noindex/ResourceRunner.build/Debug/ResourceRunner.build/ResourceRunner-DebugDylibPath-normal-arm64.txt (in target 'ResourceRunner' from project 'ResourceRunner')
    cd /Users/zipkero/XcodeProjects/ResourceRunner
    write-file /tmp/rr-macos-capacity-derived/Build/Intermediates.noindex/ResourceRunner.build/Debug/ResourceRunner.build/ResourceRunner-DebugDylibPath-normal-arm64.txt

WriteAuxiliaryFile /tmp/rr-macos-capacity-derived/Build/Intermediates.noindex/ResourceRunner.build/Debug/ResourceRunner.build/ResourceRunner.DependencyStaticMetadataFileList (in target 'ResourceRunner' from project 'ResourceRunner')
    cd /Users/zipkero/XcodeProjects/ResourceRunner
    write-file /tmp/rr-macos-capacity-derived/Build/Intermediates.noindex/ResourceRunner.build/Debug/ResourceRunner.build/ResourceRunner.DependencyStaticMetadataFileList

WriteAuxiliaryFile /tmp/rr-macos-capacity-derived/Build/Intermediates.noindex/ResourceRunner.build/Debug/ResourceRunner.build/ResourceRunner-all-non-framework-target-headers.hmap (in target 'ResourceRunner' from project 'ResourceRunner')
    cd /Users/zipkero/XcodeProjects/ResourceRunner
    write-file /tmp/rr-macos-capacity-derived/Build/Intermediates.noindex/ResourceRunner.build/Debug/ResourceRunner.build/ResourceRunner-all-non-framework-target-headers.hmap

WriteAuxiliaryFile /tmp/rr-macos-capacity-derived/Build/Intermediates.noindex/ResourceRunner.build/Debug/ResourceRunner.build/DerivedSources/Entitlements.plist (in target 'ResourceRunner' from project 'ResourceRunner')
    cd /Users/zipkero/XcodeProjects/ResourceRunner
    write-file /tmp/rr-macos-capacity-derived/Build/Intermediates.noindex/ResourceRunner.build/Debug/ResourceRunner.build/DerivedSources/Entitlements.plist

MkDir /tmp/rr-macos-capacity-derived/Build/Products/Debug/ResourceRunner.app/Contents/Resources (in target 'ResourceRunner' from project 'ResourceRunner')
    cd /Users/zipkero/XcodeProjects/ResourceRunner
    /bin/mkdir -p /tmp/rr-macos-capacity-derived/Build/Products/Debug/ResourceRunner.app/Contents/Resources

WriteAuxiliaryFile /tmp/rr-macos-capacity-derived/Build/Intermediates.noindex/ResourceRunner.build/Debug/ResourceRunnerUITests.build/ResourceRunnerUITests.DependencyMetadataFileList (in target 'ResourceRunnerUITests' from project 'ResourceRunner')
    cd /Users/zipkero/XcodeProjects/ResourceRunner
    write-file /tmp/rr-macos-capacity-derived/Build/Intermediates.noindex/ResourceRunner.build/Debug/ResourceRunnerUITests.build/ResourceRunnerUITests.DependencyMetadataFileList

WriteAuxiliaryFile /tmp/rr-macos-capacity-derived/Build/Intermediates.noindex/ResourceRunner.build/Debug/ResourceRunnerUITests.build/ResourceRunnerUITests-project-headers.hmap (in target 'ResourceRunnerUITests' from project 'ResourceRunner')
    cd /Users/zipkero/XcodeProjects/ResourceRunner
    write-file /tmp/rr-macos-capacity-derived/Build/Intermediates.noindex/ResourceRunner.build/Debug/ResourceRunnerUITests.build/ResourceRunnerUITests-project-headers.hmap

WriteAuxiliaryFile /tmp/rr-macos-capacity-derived/Build/Intermediates.noindex/ResourceRunner.build/Debug/ResourceRunnerUITests.build/ResourceRunnerUITests.DependencyStaticMetadataFileList (in target 'ResourceRunnerUITests' from project 'ResourceRunner')
    cd /Users/zipkero/XcodeProjects/ResourceRunner
    write-file /tmp/rr-macos-capacity-derived/Build/Intermediates.noindex/ResourceRunner.build/Debug/ResourceRunnerUITests.build/ResourceRunnerUITests.DependencyStaticMetadataFileList

WriteAuxiliaryFile /tmp/rr-macos-capacity-derived/Build/Intermediates.noindex/ResourceRunner.build/Debug/ResourceRunnerUITests.build/empty-ResourceRunnerUITests.plist (in target 'ResourceRunnerUITests' from project 'ResourceRunner')
    cd /Users/zipkero/XcodeProjects/ResourceRunner
    write-file /tmp/rr-macos-capacity-derived/Build/Intermediates.noindex/ResourceRunner.build/Debug/ResourceRunnerUITests.build/empty-ResourceRunnerUITests.plist

WriteAuxiliaryFile /tmp/rr-macos-capacity-derived/Build/Intermediates.noindex/ResourceRunner.build/Debug/ResourceRunnerUITests.build/ResourceRunnerUITests.hmap (in target 'ResourceRunnerUITests' from project 'ResourceRunner')
    cd /Users/zipkero/XcodeProjects/ResourceRunner
    write-file /tmp/rr-macos-capacity-derived/Build/Intermediates.noindex/ResourceRunner.build/Debug/ResourceRunnerUITests.build/ResourceRunnerUITests.hmap

WriteAuxiliaryFile /tmp/rr-macos-capacity-derived/Build/Intermediates.noindex/ResourceRunner.build/Debug/ResourceRunnerUITests.build/Script-E20000000000000000000001.sh (in target 'ResourceRunnerUITests' from project 'ResourceRunner')
    cd /Users/zipkero/XcodeProjects/ResourceRunner
    write-file /tmp/rr-macos-capacity-derived/Build/Intermediates.noindex/ResourceRunner.build/Debug/ResourceRunnerUITests.build/Script-E20000000000000000000001.sh

WriteAuxiliaryFile /tmp/rr-macos-capacity-derived/Build/Intermediates.noindex/ResourceRunner.build/Debug/ResourceRunnerUITests.build/ResourceRunnerUITests-own-target-headers.hmap (in target 'ResourceRunnerUITests' from project 'ResourceRunner')
    cd /Users/zipkero/XcodeProjects/ResourceRunner
    write-file /tmp/rr-macos-capacity-derived/Build/Intermediates.noindex/ResourceRunner.build/Debug/ResourceRunnerUITests.build/ResourceRunnerUITests-own-target-headers.hmap

WriteAuxiliaryFile /tmp/rr-macos-capacity-derived/Build/Intermediates.noindex/ResourceRunner.build/Debug/ResourceRunnerUITests.build/ResourceRunnerUITests-generated-files.hmap (in target 'ResourceRunnerUITests' from project 'ResourceRunner')
    cd /Users/zipkero/XcodeProjects/ResourceRunner
    write-file /tmp/rr-macos-capacity-derived/Build/Intermediates.noindex/ResourceRunner.build/Debug/ResourceRunnerUITests.build/ResourceRunnerUITests-generated-files.hmap

WriteAuxiliaryFile /tmp/rr-macos-capacity-derived/Build/Intermediates.noindex/ResourceRunner.build/Debug/ResourceRunnerUITests.build/ResourceRunnerUITests-all-target-headers.hmap (in target 'ResourceRunnerUITests' from project 'ResourceRunner')
    cd /Users/zipkero/XcodeProjects/ResourceRunner
    write-file /tmp/rr-macos-capacity-derived/Build/Intermediates.noindex/ResourceRunner.build/Debug/ResourceRunnerUITests.build/ResourceRunnerUITests-all-target-headers.hmap

WriteAuxiliaryFile /tmp/rr-macos-capacity-derived/Build/Intermediates.noindex/ResourceRunner.build/Debug/ResourceRunnerUITests.build/ResourceRunnerUITests-all-non-framework-target-headers.hmap (in target 'ResourceRunnerUITests' from project 'ResourceRunner')
    cd /Users/zipkero/XcodeProjects/ResourceRunner
    write-file /tmp/rr-macos-capacity-derived/Build/Intermediates.noindex/ResourceRunner.build/Debug/ResourceRunnerUITests.build/ResourceRunnerUITests-all-non-framework-target-headers.hmap

WriteAuxiliaryFile /tmp/rr-macos-capacity-derived/Build/Intermediates.noindex/ResourceRunner.build/Debug/ResourceRunnerUITests.build/ProductTypeInfoPlistAdditions.plist (in target 'ResourceRunnerUITests' from project 'ResourceRunner')
    cd /Users/zipkero/XcodeProjects/ResourceRunner
    write-file /tmp/rr-macos-capacity-derived/Build/Intermediates.noindex/ResourceRunner.build/Debug/ResourceRunnerUITests.build/ProductTypeInfoPlistAdditions.plist

WriteAuxiliaryFile /tmp/rr-macos-capacity-derived/Build/Intermediates.noindex/ResourceRunner.build/Debug/ResourceRunnerUITests.build/Objects-normal/arm64/ResourceRunnerUITests_const_extract_protocols.json (in target 'ResourceRunnerUITests' from project 'ResourceRunner')
    cd /Users/zipkero/XcodeProjects/ResourceRunner
    write-file /tmp/rr-macos-capacity-derived/Build/Intermediates.noindex/ResourceRunner.build/Debug/ResourceRunnerUITests.build/Objects-normal/arm64/ResourceRunnerUITests_const_extract_protocols.json

WriteAuxiliaryFile /tmp/rr-macos-capacity-derived/Build/Intermediates.noindex/ResourceRunner.build/Debug/ResourceRunnerUITests.build/Objects-normal/arm64/ResourceRunnerUITests.SwiftFileList (in target 'ResourceRunnerUITests' from project 'ResourceRunner')
    cd /Users/zipkero/XcodeProjects/ResourceRunner
    write-file /tmp/rr-macos-capacity-derived/Build/Intermediates.noindex/ResourceRunner.build/Debug/ResourceRunnerUITests.build/Objects-normal/arm64/ResourceRunnerUITests.SwiftFileList

WriteAuxiliaryFile /tmp/rr-macos-capacity-derived/Build/Intermediates.noindex/ResourceRunner.build/Debug/ResourceRunnerUITests.build/Objects-normal/arm64/ResourceRunnerUITests.SwiftConstValuesFileList (in target 'ResourceRunnerUITests' from project 'ResourceRunner')
    cd /Users/zipkero/XcodeProjects/ResourceRunner
    write-file /tmp/rr-macos-capacity-derived/Build/Intermediates.noindex/ResourceRunner.build/Debug/ResourceRunnerUITests.build/Objects-normal/arm64/ResourceRunnerUITests.SwiftConstValuesFileList

WriteAuxiliaryFile /tmp/rr-macos-capacity-derived/Build/Intermediates.noindex/ResourceRunner.build/Debug/ResourceRunnerUITests.build/Objects-normal/arm64/ResourceRunnerUITests.LinkFileList (in target 'ResourceRunnerUITests' from project 'ResourceRunner')
    cd /Users/zipkero/XcodeProjects/ResourceRunner
    write-file /tmp/rr-macos-capacity-derived/Build/Intermediates.noindex/ResourceRunner.build/Debug/ResourceRunnerUITests.build/Objects-normal/arm64/ResourceRunnerUITests.LinkFileList

WriteAuxiliaryFile /tmp/rr-macos-capacity-derived/Build/Intermediates.noindex/ResourceRunner.build/Debug/ResourceRunnerUITests.build/Objects-normal/arm64/ResourceRunnerUITests-OutputFileMap.json (in target 'ResourceRunnerUITests' from project 'ResourceRunner')
    cd /Users/zipkero/XcodeProjects/ResourceRunner
    write-file /tmp/rr-macos-capacity-derived/Build/Intermediates.noindex/ResourceRunner.build/Debug/ResourceRunnerUITests.build/Objects-normal/arm64/ResourceRunnerUITests-OutputFileMap.json

WriteAuxiliaryFile /tmp/rr-macos-capacity-derived/Build/Intermediates.noindex/ResourceRunner.build/Debug/ResourceRunnerUITests.build/DerivedSources/Entitlements.plist (in target 'ResourceRunnerUITests' from project 'ResourceRunner')
    cd /Users/zipkero/XcodeProjects/ResourceRunner
    write-file /tmp/rr-macos-capacity-derived/Build/Intermediates.noindex/ResourceRunner.build/Debug/ResourceRunnerUITests.build/DerivedSources/Entitlements.plist

WriteAuxiliaryFile /tmp/rr-macos-capacity-derived/Build/Intermediates.noindex/ResourceRunner.build/Debug/ResourceRunnerTests.build/empty-ResourceRunnerTests.plist (in target 'ResourceRunnerTests' from project 'ResourceRunner')
    cd /Users/zipkero/XcodeProjects/ResourceRunner
    write-file /tmp/rr-macos-capacity-derived/Build/Intermediates.noindex/ResourceRunner.build/Debug/ResourceRunnerTests.build/empty-ResourceRunnerTests.plist

WriteAuxiliaryFile /tmp/rr-macos-capacity-derived/Build/Intermediates.noindex/ResourceRunner.build/Debug/ResourceRunnerTests.build/ResourceRunnerTests.hmap (in target 'ResourceRunnerTests' from project 'ResourceRunner')
    cd /Users/zipkero/XcodeProjects/ResourceRunner
    write-file /tmp/rr-macos-capacity-derived/Build/Intermediates.noindex/ResourceRunner.build/Debug/ResourceRunnerTests.build/ResourceRunnerTests.hmap

WriteAuxiliaryFile /tmp/rr-macos-capacity-derived/Build/Intermediates.noindex/ResourceRunner.build/Debug/ResourceRunnerTests.build/ResourceRunnerTests.DependencyStaticMetadataFileList (in target 'ResourceRunnerTests' from project 'ResourceRunner')
    cd /Users/zipkero/XcodeProjects/ResourceRunner
    write-file /tmp/rr-macos-capacity-derived/Build/Intermediates.noindex/ResourceRunner.build/Debug/ResourceRunnerTests.build/ResourceRunnerTests.DependencyStaticMetadataFileList

WriteAuxiliaryFile /tmp/rr-macos-capacity-derived/Build/Intermediates.noindex/ResourceRunner.build/Debug/ResourceRunnerTests.build/ResourceRunnerTests.DependencyMetadataFileList (in target 'ResourceRunnerTests' from project 'ResourceRunner')
    cd /Users/zipkero/XcodeProjects/ResourceRunner
    write-file /tmp/rr-macos-capacity-derived/Build/Intermediates.noindex/ResourceRunner.build/Debug/ResourceRunnerTests.build/ResourceRunnerTests.DependencyMetadataFileList

WriteAuxiliaryFile /tmp/rr-macos-capacity-derived/Build/Intermediates.noindex/ResourceRunner.build/Debug/ResourceRunnerTests.build/ResourceRunnerTests-project-headers.hmap (in target 'ResourceRunnerTests' from project 'ResourceRunner')
    cd /Users/zipkero/XcodeProjects/ResourceRunner
    write-file /tmp/rr-macos-capacity-derived/Build/Intermediates.noindex/ResourceRunner.build/Debug/ResourceRunnerTests.build/ResourceRunnerTests-project-headers.hmap

WriteAuxiliaryFile /tmp/rr-macos-capacity-derived/Build/Intermediates.noindex/ResourceRunner.build/Debug/ResourceRunnerTests.build/ResourceRunnerTests-own-target-headers.hmap (in target 'ResourceRunnerTests' from project 'ResourceRunner')
    cd /Users/zipkero/XcodeProjects/ResourceRunner
    write-file /tmp/rr-macos-capacity-derived/Build/Intermediates.noindex/ResourceRunner.build/Debug/ResourceRunnerTests.build/ResourceRunnerTests-own-target-headers.hmap

WriteAuxiliaryFile /tmp/rr-macos-capacity-derived/Build/Intermediates.noindex/ResourceRunner.build/Debug/ResourceRunnerTests.build/ResourceRunnerTests-generated-files.hmap (in target 'ResourceRunnerTests' from project 'ResourceRunner')
    cd /Users/zipkero/XcodeProjects/ResourceRunner
    write-file /tmp/rr-macos-capacity-derived/Build/Intermediates.noindex/ResourceRunner.build/Debug/ResourceRunnerTests.build/ResourceRunnerTests-generated-files.hmap

WriteAuxiliaryFile /tmp/rr-macos-capacity-derived/Build/Intermediates.noindex/ResourceRunner.build/Debug/ResourceRunnerTests.build/ResourceRunnerTests-all-target-headers.hmap (in target 'ResourceRunnerTests' from project 'ResourceRunner')
    cd /Users/zipkero/XcodeProjects/ResourceRunner
    write-file /tmp/rr-macos-capacity-derived/Build/Intermediates.noindex/ResourceRunner.build/Debug/ResourceRunnerTests.build/ResourceRunnerTests-all-target-headers.hmap

WriteAuxiliaryFile /tmp/rr-macos-capacity-derived/Build/Intermediates.noindex/ResourceRunner.build/Debug/ResourceRunnerTests.build/ResourceRunnerTests-all-non-framework-target-headers.hmap (in target 'ResourceRunnerTests' from project 'ResourceRunner')
    cd /Users/zipkero/XcodeProjects/ResourceRunner
    write-file /tmp/rr-macos-capacity-derived/Build/Intermediates.noindex/ResourceRunner.build/Debug/ResourceRunnerTests.build/ResourceRunnerTests-all-non-framework-target-headers.hmap

WriteAuxiliaryFile /tmp/rr-macos-capacity-derived/Build/Intermediates.noindex/ResourceRunner.build/Debug/ResourceRunnerTests.build/Objects-normal/arm64/ResourceRunnerTests_const_extract_protocols.json (in target 'ResourceRunnerTests' from project 'ResourceRunner')
    cd /Users/zipkero/XcodeProjects/ResourceRunner
    write-file /tmp/rr-macos-capacity-derived/Build/Intermediates.noindex/ResourceRunner.build/Debug/ResourceRunnerTests.build/Objects-normal/arm64/ResourceRunnerTests_const_extract_protocols.json

WriteAuxiliaryFile /tmp/rr-macos-capacity-derived/Build/Intermediates.noindex/ResourceRunner.build/Debug/ResourceRunnerTests.build/Objects-normal/arm64/ResourceRunnerTests.SwiftFileList (in target 'ResourceRunnerTests' from project 'ResourceRunner')
    cd /Users/zipkero/XcodeProjects/ResourceRunner
    write-file /tmp/rr-macos-capacity-derived/Build/Intermediates.noindex/ResourceRunner.build/Debug/ResourceRunnerTests.build/Objects-normal/arm64/ResourceRunnerTests.SwiftFileList

WriteAuxiliaryFile /tmp/rr-macos-capacity-derived/Build/Intermediates.noindex/ResourceRunner.build/Debug/ResourceRunnerTests.build/Objects-normal/arm64/ResourceRunnerTests.SwiftConstValuesFileList (in target 'ResourceRunnerTests' from project 'ResourceRunner')
    cd /Users/zipkero/XcodeProjects/ResourceRunner
    write-file /tmp/rr-macos-capacity-derived/Build/Intermediates.noindex/ResourceRunner.build/Debug/ResourceRunnerTests.build/Objects-normal/arm64/ResourceRunnerTests.SwiftConstValuesFileList

WriteAuxiliaryFile /tmp/rr-macos-capacity-derived/Build/Intermediates.noindex/ResourceRunner.build/Debug/ResourceRunnerTests.build/Objects-normal/arm64/ResourceRunnerTests.LinkFileList (in target 'ResourceRunnerTests' from project 'ResourceRunner')
    cd /Users/zipkero/XcodeProjects/ResourceRunner
    write-file /tmp/rr-macos-capacity-derived/Build/Intermediates.noindex/ResourceRunner.build/Debug/ResourceRunnerTests.build/Objects-normal/arm64/ResourceRunnerTests.LinkFileList

WriteAuxiliaryFile /tmp/rr-macos-capacity-derived/Build/Intermediates.noindex/ResourceRunner.build/Debug/ResourceRunnerTests.build/Objects-normal/arm64/ResourceRunnerTests-OutputFileMap.json (in target 'ResourceRunnerTests' from project 'ResourceRunner')
    cd /Users/zipkero/XcodeProjects/ResourceRunner
    write-file /tmp/rr-macos-capacity-derived/Build/Intermediates.noindex/ResourceRunner.build/Debug/ResourceRunnerTests.build/Objects-normal/arm64/ResourceRunnerTests-OutputFileMap.json

WriteAuxiliaryFile /tmp/rr-macos-capacity-derived/Build/Intermediates.noindex/ResourceRunner.build/Debug/ResourceRunner.build/Objects-normal/arm64/ResourceRunner_const_extract_protocols.json (in target 'ResourceRunner' from project 'ResourceRunner')
    cd /Users/zipkero/XcodeProjects/ResourceRunner
    write-file /tmp/rr-macos-capacity-derived/Build/Intermediates.noindex/ResourceRunner.build/Debug/ResourceRunner.build/Objects-normal/arm64/ResourceRunner_const_extract_protocols.json

WriteAuxiliaryFile /tmp/rr-macos-capacity-derived/Build/Intermediates.noindex/ResourceRunner.build/Debug/ResourceRunner.build/Objects-normal/arm64/ResourceRunner.SwiftFileList (in target 'ResourceRunner' from project 'ResourceRunner')
    cd /Users/zipkero/XcodeProjects/ResourceRunner
    write-file /tmp/rr-macos-capacity-derived/Build/Intermediates.noindex/ResourceRunner.build/Debug/ResourceRunner.build/Objects-normal/arm64/ResourceRunner.SwiftFileList

WriteAuxiliaryFile /tmp/rr-macos-capacity-derived/Build/Intermediates.noindex/ResourceRunner.build/Debug/ResourceRunner.build/Objects-normal/arm64/ResourceRunner.SwiftConstValuesFileList (in target 'ResourceRunner' from project 'ResourceRunner')
    cd /Users/zipkero/XcodeProjects/ResourceRunner
    write-file /tmp/rr-macos-capacity-derived/Build/Intermediates.noindex/ResourceRunner.build/Debug/ResourceRunner.build/Objects-normal/arm64/ResourceRunner.SwiftConstValuesFileList

WriteAuxiliaryFile /tmp/rr-macos-capacity-derived/Build/Intermediates.noindex/ResourceRunner.build/Debug/ResourceRunner.build/Objects-normal/arm64/ResourceRunner.LinkFileList (in target 'ResourceRunner' from project 'ResourceRunner')
    cd /Users/zipkero/XcodeProjects/ResourceRunner
    write-file /tmp/rr-macos-capacity-derived/Build/Intermediates.noindex/ResourceRunner.build/Debug/ResourceRunner.build/Objects-normal/arm64/ResourceRunner.LinkFileList

WriteAuxiliaryFile /tmp/rr-macos-capacity-derived/Build/Intermediates.noindex/ResourceRunner.build/Debug/ResourceRunner.build/Objects-normal/arm64/ResourceRunner-OutputFileMap.json (in target 'ResourceRunner' from project 'ResourceRunner')
    cd /Users/zipkero/XcodeProjects/ResourceRunner
    write-file /tmp/rr-macos-capacity-derived/Build/Intermediates.noindex/ResourceRunner.build/Debug/ResourceRunner.build/Objects-normal/arm64/ResourceRunner-OutputFileMap.json

MkDir /tmp/rr-macos-capacity-derived/Build/Products/Debug/ResourceRunnerUITests-Runner.app/Contents/PlugIns/ResourceRunnerUITests.xctest (in target 'ResourceRunnerUITests' from project 'ResourceRunner')
    cd /Users/zipkero/XcodeProjects/ResourceRunner
    /bin/mkdir -p /tmp/rr-macos-capacity-derived/Build/Products/Debug/ResourceRunnerUITests-Runner.app/Contents/PlugIns/ResourceRunnerUITests.xctest

MkDir /tmp/rr-macos-capacity-derived/Build/Products/Debug/ResourceRunnerUITests-Runner.app/Contents/PlugIns/ResourceRunnerUITests.xctest/Contents (in target 'ResourceRunnerUITests' from project 'ResourceRunner')
    cd /Users/zipkero/XcodeProjects/ResourceRunner
    /bin/mkdir -p /tmp/rr-macos-capacity-derived/Build/Products/Debug/ResourceRunnerUITests-Runner.app/Contents/PlugIns/ResourceRunnerUITests.xctest/Contents

MkDir /tmp/rr-macos-capacity-derived/Build/Products/Debug/ResourceRunnerUITests-Runner.app/Contents/PlugIns/ResourceRunnerUITests.xctest/Contents/Resources (in target 'ResourceRunnerUITests' from project 'ResourceRunner')
    cd /Users/zipkero/XcodeProjects/ResourceRunner
    /bin/mkdir -p /tmp/rr-macos-capacity-derived/Build/Products/Debug/ResourceRunnerUITests-Runner.app/Contents/PlugIns/ResourceRunnerUITests.xctest/Contents/Resources

MkDir /tmp/rr-macos-capacity-derived/Build/Products/Debug/ResourceRunnerUITests-Runner.app/Contents/PlugIns/ResourceRunnerUITests.xctest/Contents/MacOS (in target 'ResourceRunnerUITests' from project 'ResourceRunner')
    cd /Users/zipkero/XcodeProjects/ResourceRunner
    /bin/mkdir -p /tmp/rr-macos-capacity-derived/Build/Products/Debug/ResourceRunnerUITests-Runner.app/Contents/PlugIns/ResourceRunnerUITests.xctest/Contents/MacOS

MkDir /tmp/rr-macos-capacity-derived/Build/Products/Debug/ResourceRunner.app/Contents/PlugIns/ResourceRunnerTests.xctest (in target 'ResourceRunnerTests' from project 'ResourceRunner')
    cd /Users/zipkero/XcodeProjects/ResourceRunner
    /bin/mkdir -p /tmp/rr-macos-capacity-derived/Build/Products/Debug/ResourceRunner.app/Contents/PlugIns/ResourceRunnerTests.xctest

MkDir /tmp/rr-macos-capacity-derived/Build/Products/Debug/ResourceRunner.app/Contents/PlugIns/ResourceRunnerTests.xctest/Contents (in target 'ResourceRunnerTests' from project 'ResourceRunner')
    cd /Users/zipkero/XcodeProjects/ResourceRunner
    /bin/mkdir -p /tmp/rr-macos-capacity-derived/Build/Products/Debug/ResourceRunner.app/Contents/PlugIns/ResourceRunnerTests.xctest/Contents

MkDir /tmp/rr-macos-capacity-derived/Build/Products/Debug/ResourceRunner.app/Contents/PlugIns (in target 'ResourceRunner' from project 'ResourceRunner')
    cd /Users/zipkero/XcodeProjects/ResourceRunner
    /bin/mkdir -p /tmp/rr-macos-capacity-derived/Build/Products/Debug/ResourceRunner.app/Contents/PlugIns

MkDir /tmp/rr-macos-capacity-derived/Build/Products/Debug/ResourceRunner.app/Contents/PlugIns/ResourceRunnerTests.xctest/Contents/MacOS (in target 'ResourceRunnerTests' from project 'ResourceRunner')
    cd /Users/zipkero/XcodeProjects/ResourceRunner
    /bin/mkdir -p /tmp/rr-macos-capacity-derived/Build/Products/Debug/ResourceRunner.app/Contents/PlugIns/ResourceRunnerTests.xctest/Contents/MacOS

MkDir /tmp/rr-macos-capacity-derived/Build/Products/Debug/ResourceRunner.app/Contents/MacOS (in target 'ResourceRunner' from project 'ResourceRunner')
    cd /Users/zipkero/XcodeProjects/ResourceRunner
    /bin/mkdir -p /tmp/rr-macos-capacity-derived/Build/Products/Debug/ResourceRunner.app/Contents/MacOS

MkDir /tmp/rr-macos-capacity-derived/Build/Products/Debug/ResourceRunner.app/Contents/Frameworks (in target 'ResourceRunner' from project 'ResourceRunner')
    cd /Users/zipkero/XcodeProjects/ResourceRunner
    /bin/mkdir -p /tmp/rr-macos-capacity-derived/Build/Products/Debug/ResourceRunner.app/Contents/Frameworks

MkDir /tmp/rr-macos-capacity-derived/Build/Products/Debug/ResourceRunner.app/Contents (in target 'ResourceRunner' from project 'ResourceRunner')
    cd /Users/zipkero/XcodeProjects/ResourceRunner
    /bin/mkdir -p /tmp/rr-macos-capacity-derived/Build/Products/Debug/ResourceRunner.app/Contents

MkDir /tmp/rr-macos-capacity-derived/Build/Products/Debug/ResourceRunner.app (in target 'ResourceRunner' from project 'ResourceRunner')
    cd /Users/zipkero/XcodeProjects/ResourceRunner
    /bin/mkdir -p /tmp/rr-macos-capacity-derived/Build/Products/Debug/ResourceRunner.app

ProcessProductPackaging "" /tmp/rr-macos-capacity-derived/Build/Intermediates.noindex/ResourceRunner.build/Debug/ResourceRunner.build/ResourceRunner.app.xcent (in target 'ResourceRunner' from project 'ResourceRunner')
    cd /Users/zipkero/XcodeProjects/ResourceRunner
    
    Entitlements:
    
    {
    "com.apple.security.app-sandbox" = 1;
    "com.apple.security.files.user-selected.read-only" = 1;
    "com.apple.security.get-task-allow" = 1;
}
    
    builtin-productPackagingUtility -entitlements -format xml -o /tmp/rr-macos-capacity-derived/Build/Intermediates.noindex/ResourceRunner.build/Debug/ResourceRunner.build/ResourceRunner.app.xcent

ProcessProductPackagingDER /tmp/rr-macos-capacity-derived/Build/Intermediates.noindex/ResourceRunner.build/Debug/ResourceRunner.build/ResourceRunner.app.xcent /tmp/rr-macos-capacity-derived/Build/Intermediates.noindex/ResourceRunner.build/Debug/ResourceRunner.build/ResourceRunner.app.xcent.der (in target 'ResourceRunner' from project 'ResourceRunner')
    cd /Users/zipkero/XcodeProjects/ResourceRunner
    /usr/bin/derq query -f xml -i /tmp/rr-macos-capacity-derived/Build/Intermediates.noindex/ResourceRunner.build/Debug/ResourceRunner.build/ResourceRunner.app.xcent -o /tmp/rr-macos-capacity-derived/Build/Intermediates.noindex/ResourceRunner.build/Debug/ResourceRunner.build/ResourceRunner.app.xcent.der --raw

Ld /tmp/rr-macos-capacity-derived/Build/Products/Debug/ResourceRunner.app/Contents/MacOS/__preview.dylib normal (in target 'ResourceRunner' from project 'ResourceRunner')
    cd /Users/zipkero/XcodeProjects/ResourceRunner
    /Applications/Xcode.app/Contents/Developer/Toolchains/XcodeDefault.xctoolchain/usr/bin/clang -Xlinker -reproducible -target arm64-apple-macos26.5 -dynamiclib -isysroot /Applications/Xcode.app/Contents/Developer/Platforms/MacOSX.platform/Developer/SDKs/MacOSX26.5.sdk -O0 -L/tmp/rr-macos-capacity-derived/Build/Products/Debug -F/tmp/rr-macos-capacity-derived/Build/Products/Debug -install_name @rpath/ResourceRunner.debug.dylib -rdynamic -Xlinker -no_deduplicate -Xlinker -debug_variant -Xlinker -dependency_info -Xlinker /tmp/rr-macos-capacity-derived/Build/Intermediates.noindex/ResourceRunner.build/Debug/ResourceRunner.build/Objects-normal/arm64/ResourceRunner_dependency_info.dat -Xlinker -no_adhoc_codesign -o /tmp/rr-macos-capacity-derived/Build/Products/Debug/ResourceRunner.app/Contents/MacOS/__preview.dylib

CpResource /tmp/rr-macos-capacity-derived/Build/Products/Debug/ResourceRunner.app/Contents/Resources/PrivacyInfo.xcprivacy /Users/zipkero/XcodeProjects/ResourceRunner/ResourceRunner/PrivacyInfo.xcprivacy (in target 'ResourceRunner' from project 'ResourceRunner')
    cd /Users/zipkero/XcodeProjects/ResourceRunner
    builtin-copy -exclude .DS_Store -exclude CVS -exclude .svn -exclude .git -exclude .hg -resolve-src-symlinks /Users/zipkero/XcodeProjects/ResourceRunner/ResourceRunner/PrivacyInfo.xcprivacy /tmp/rr-macos-capacity-derived/Build/Products/Debug/ResourceRunner.app/Contents/Resources

Copy /tmp/rr-macos-capacity-derived/Build/Products/Debug/ResourceRunner.app/Contents/Frameworks/libXCTestSwiftSupport.dylib /Applications/Xcode.app/Contents/Developer/Platforms/MacOSX.platform/Developer/usr/lib/libXCTestSwiftSupport.dylib (in target 'ResourceRunner' from project 'ResourceRunner')
    cd /Users/zipkero/XcodeProjects/ResourceRunner
    builtin-copy -exclude .DS_Store -exclude CVS -exclude .svn -exclude .git -exclude .hg -exclude Headers -exclude PrivateHeaders -exclude Modules -exclude \*.tbd -resolve-src-symlinks /Applications/Xcode.app/Contents/Developer/Platforms/MacOSX.platform/Developer/usr/lib/libXCTestSwiftSupport.dylib /tmp/rr-macos-capacity-derived/Build/Products/Debug/ResourceRunner.app/Contents/Frameworks

Copy /tmp/rr-macos-capacity-derived/Build/Products/Debug/ResourceRunner.app/Contents/Frameworks/libXCTestBundleInject.dylib /Applications/Xcode.app/Contents/Developer/Platforms/MacOSX.platform/Developer/usr/lib/libXCTestBundleInject.dylib (in target 'ResourceRunner' from project 'ResourceRunner')
    cd /Users/zipkero/XcodeProjects/ResourceRunner
    builtin-copy -exclude .DS_Store -exclude CVS -exclude .svn -exclude .git -exclude .hg -exclude Headers -exclude PrivateHeaders -exclude Modules -exclude \*.tbd -resolve-src-symlinks /Applications/Xcode.app/Contents/Developer/Platforms/MacOSX.platform/Developer/usr/lib/libXCTestBundleInject.dylib /tmp/rr-macos-capacity-derived/Build/Products/Debug/ResourceRunner.app/Contents/Frameworks

GenerateAssetSymbols /Users/zipkero/XcodeProjects/ResourceRunner/ResourceRunner/Assets.xcassets (in target 'ResourceRunner' from project 'ResourceRunner')
    cd /Users/zipkero/XcodeProjects/ResourceRunner
    /Applications/Xcode.app/Contents/Developer/usr/bin/actool /Users/zipkero/XcodeProjects/ResourceRunner/ResourceRunner/Assets.xcassets --compile /tmp/rr-macos-capacity-derived/Build/Products/Debug/ResourceRunner.app/Contents/Resources --output-format human-readable-text --notices --warnings --export-dependency-info /tmp/rr-macos-capacity-derived/Build/Intermediates.noindex/ResourceRunner.build/Debug/ResourceRunner.build/assetcatalog_dependencies --output-partial-info-plist /tmp/rr-macos-capacity-derived/Build/Intermediates.noindex/ResourceRunner.build/Debug/ResourceRunner.build/assetcatalog_generated_info.plist --app-icon AppIcon --accent-color AccentColor --enable-on-demand-resources NO --development-region en --target-device mac --minimum-deployment-target 26.5 --platform macosx --bundle-identifier com.zipkero.ResourceRunner --generate-swift-asset-symbols /tmp/rr-macos-capacity-derived/Build/Intermediates.noindex/ResourceRunner.build/Debug/ResourceRunner.build/DerivedSources/GeneratedAssetSymbols.swift --generate-objc-asset-symbols /tmp/rr-macos-capacity-derived/Build/Intermediates.noindex/ResourceRunner.build/Debug/ResourceRunner.build/DerivedSources/GeneratedAssetSymbols.h --generate-asset-symbol-index /tmp/rr-macos-capacity-derived/Build/Intermediates.noindex/ResourceRunner.build/Debug/ResourceRunner.build/DerivedSources/GeneratedAssetSymbols-Index.plist
/* com.apple.actool.compilation-results */
/tmp/rr-macos-capacity-derived/Build/Intermediates.noindex/ResourceRunner.build/Debug/ResourceRunner.build/DerivedSources/GeneratedAssetSymbols-Index.plist
/tmp/rr-macos-capacity-derived/Build/Intermediates.noindex/ResourceRunner.build/Debug/ResourceRunner.build/DerivedSources/GeneratedAssetSymbols.h
/tmp/rr-macos-capacity-derived/Build/Intermediates.noindex/ResourceRunner.build/Debug/ResourceRunner.build/DerivedSources/GeneratedAssetSymbols.swift


Copy /tmp/rr-macos-capacity-derived/Build/Products/Debug/ResourceRunner.app/Contents/Frameworks/XCUnit.framework /Applications/Xcode.app/Contents/Developer/Platforms/MacOSX.platform/Developer/Library/PrivateFrameworks/XCUnit.framework (in target 'ResourceRunner' from project 'ResourceRunner')
    cd /Users/zipkero/XcodeProjects/ResourceRunner
    builtin-copy -exclude .DS_Store -exclude CVS -exclude .svn -exclude .git -exclude .hg -exclude Headers -exclude PrivateHeaders -exclude Modules -exclude \*.tbd -resolve-src-symlinks /Applications/Xcode.app/Contents/Developer/Platforms/MacOSX.platform/Developer/Library/PrivateFrameworks/XCUnit.framework /tmp/rr-macos-capacity-derived/Build/Products/Debug/ResourceRunner.app/Contents/Frameworks

Copy /tmp/rr-macos-capacity-derived/Build/Products/Debug/ResourceRunner.app/Contents/Frameworks/XCUIAutomation.framework /Applications/Xcode.app/Contents/Developer/Platforms/MacOSX.platform/Developer/Library/Frameworks/XCUIAutomation.framework (in target 'ResourceRunner' from project 'ResourceRunner')
    cd /Users/zipkero/XcodeProjects/ResourceRunner
    builtin-copy -exclude .DS_Store -exclude CVS -exclude .svn -exclude .git -exclude .hg -exclude Headers -exclude PrivateHeaders -exclude Modules -exclude \*.tbd -resolve-src-symlinks /Applications/Xcode.app/Contents/Developer/Platforms/MacOSX.platform/Developer/Library/Frameworks/XCUIAutomation.framework /tmp/rr-macos-capacity-derived/Build/Products/Debug/ResourceRunner.app/Contents/Frameworks

Copy /tmp/rr-macos-capacity-derived/Build/Products/Debug/ResourceRunner.app/Contents/Frameworks/XCTestSupport.framework /Applications/Xcode.app/Contents/Developer/Platforms/MacOSX.platform/Developer/Library/PrivateFrameworks/XCTestSupport.framework (in target 'ResourceRunner' from project 'ResourceRunner')
    cd /Users/zipkero/XcodeProjects/ResourceRunner
    builtin-copy -exclude .DS_Store -exclude CVS -exclude .svn -exclude .git -exclude .hg -exclude Headers -exclude PrivateHeaders -exclude Modules -exclude \*.tbd -resolve-src-symlinks /Applications/Xcode.app/Contents/Developer/Platforms/MacOSX.platform/Developer/Library/PrivateFrameworks/XCTestSupport.framework /tmp/rr-macos-capacity-derived/Build/Products/Debug/ResourceRunner.app/Contents/Frameworks

Copy /tmp/rr-macos-capacity-derived/Build/Products/Debug/ResourceRunner.app/Contents/Frameworks/XCTestCore.framework /Applications/Xcode.app/Contents/Developer/Platforms/MacOSX.platform/Developer/Library/PrivateFrameworks/XCTestCore.framework (in target 'ResourceRunner' from project 'ResourceRunner')
    cd /Users/zipkero/XcodeProjects/ResourceRunner
    builtin-copy -exclude .DS_Store -exclude CVS -exclude .svn -exclude .git -exclude .hg -exclude Headers -exclude PrivateHeaders -exclude Modules -exclude \*.tbd -resolve-src-symlinks /Applications/Xcode.app/Contents/Developer/Platforms/MacOSX.platform/Developer/Library/PrivateFrameworks/XCTestCore.framework /tmp/rr-macos-capacity-derived/Build/Products/Debug/ResourceRunner.app/Contents/Frameworks

MkDir /tmp/rr-macos-capacity-derived/Build/Intermediates.noindex/ResourceRunner.build/Debug/ResourceRunner.build/assetcatalog_output/unthinned (in target 'ResourceRunner' from project 'ResourceRunner')
    cd /Users/zipkero/XcodeProjects/ResourceRunner
    /bin/mkdir -p /tmp/rr-macos-capacity-derived/Build/Intermediates.noindex/ResourceRunner.build/Debug/ResourceRunner.build/assetcatalog_output/unthinned

Copy /tmp/rr-macos-capacity-derived/Build/Products/Debug/ResourceRunner.app/Contents/Frameworks/XCTest.framework /Applications/Xcode.app/Contents/Developer/Platforms/MacOSX.platform/Developer/Library/Frameworks/XCTest.framework (in target 'ResourceRunner' from project 'ResourceRunner')
    cd /Users/zipkero/XcodeProjects/ResourceRunner
    builtin-copy -exclude .DS_Store -exclude CVS -exclude .svn -exclude .git -exclude .hg -exclude Headers -exclude PrivateHeaders -exclude Modules -exclude \*.tbd -resolve-src-symlinks /Applications/Xcode.app/Contents/Developer/Platforms/MacOSX.platform/Developer/Library/Frameworks/XCTest.framework /tmp/rr-macos-capacity-derived/Build/Products/Debug/ResourceRunner.app/Contents/Frameworks

MkDir /tmp/rr-macos-capacity-derived/Build/Intermediates.noindex/ResourceRunner.build/Debug/ResourceRunner.build/assetcatalog_output/thinned (in target 'ResourceRunner' from project 'ResourceRunner')
    cd /Users/zipkero/XcodeProjects/ResourceRunner
    /bin/mkdir -p /tmp/rr-macos-capacity-derived/Build/Intermediates.noindex/ResourceRunner.build/Debug/ResourceRunner.build/assetcatalog_output/thinned

Copy /tmp/rr-macos-capacity-derived/Build/Products/Debug/ResourceRunner.app/Contents/Frameworks/XCTAutomationSupport.framework /Applications/Xcode.app/Contents/Developer/Platforms/MacOSX.platform/Developer/Library/PrivateFrameworks/XCTAutomationSupport.framework (in target 'ResourceRunner' from project 'ResourceRunner')
    cd /Users/zipkero/XcodeProjects/ResourceRunner
    builtin-copy -exclude .DS_Store -exclude CVS -exclude .svn -exclude .git -exclude .hg -exclude Headers -exclude PrivateHeaders -exclude Modules -exclude \*.tbd -resolve-src-symlinks /Applications/Xcode.app/Contents/Developer/Platforms/MacOSX.platform/Developer/Library/PrivateFrameworks/XCTAutomationSupport.framework /tmp/rr-macos-capacity-derived/Build/Products/Debug/ResourceRunner.app/Contents/Frameworks

Copy /tmp/rr-macos-capacity-derived/Build/Products/Debug/ResourceRunner.app/Contents/Frameworks/Testing.framework /Applications/Xcode.app/Contents/Developer/Platforms/MacOSX.platform/Developer/Library/Frameworks/Testing.framework (in target 'ResourceRunner' from project 'ResourceRunner')
    cd /Users/zipkero/XcodeProjects/ResourceRunner
    builtin-copy -exclude .DS_Store -exclude CVS -exclude .svn -exclude .git -exclude .hg -exclude Headers -exclude PrivateHeaders -exclude Modules -exclude \*.tbd -resolve-src-symlinks /Applications/Xcode.app/Contents/Developer/Platforms/MacOSX.platform/Developer/Library/Frameworks/Testing.framework /tmp/rr-macos-capacity-derived/Build/Products/Debug/ResourceRunner.app/Contents/Frameworks

CompileAssetCatalogVariant thinned /tmp/rr-macos-capacity-derived/Build/Products/Debug/ResourceRunner.app/Contents/Resources /Users/zipkero/XcodeProjects/ResourceRunner/ResourceRunner/Assets.xcassets (in target 'ResourceRunner' from project 'ResourceRunner')
    cd /Users/zipkero/XcodeProjects/ResourceRunner
    /Applications/Xcode.app/Contents/Developer/usr/bin/actool /Users/zipkero/XcodeProjects/ResourceRunner/ResourceRunner/Assets.xcassets --compile /tmp/rr-macos-capacity-derived/Build/Intermediates.noindex/ResourceRunner.build/Debug/ResourceRunner.build/assetcatalog_output/thinned --output-format human-readable-text --notices --warnings --export-dependency-info /tmp/rr-macos-capacity-derived/Build/Intermediates.noindex/ResourceRunner.build/Debug/ResourceRunner.build/assetcatalog_dependencies_thinned --output-partial-info-plist /tmp/rr-macos-capacity-derived/Build/Intermediates.noindex/ResourceRunner.build/Debug/ResourceRunner.build/assetcatalog_generated_info.plist_thinned --app-icon AppIcon --accent-color AccentColor --enable-on-demand-resources NO --development-region en --target-device mac --minimum-deployment-target 26.5 --platform macosx
/* com.apple.actool.compilation-results */
/tmp/rr-macos-capacity-derived/Build/Intermediates.noindex/ResourceRunner.build/Debug/ResourceRunner.build/assetcatalog_generated_info.plist_thinned
/tmp/rr-macos-capacity-derived/Build/Intermediates.noindex/ResourceRunner.build/Debug/ResourceRunner.build/assetcatalog_output/thinned/Assets.car


CodeSign /tmp/rr-macos-capacity-derived/Build/Products/Debug/ResourceRunner.app/Contents/Frameworks/libXCTestBundleInject.dylib (in target 'ResourceRunner' from project 'ResourceRunner')
    cd /Users/zipkero/XcodeProjects/ResourceRunner
    
    Signing Identity:     "Sign to Run Locally"
    
    /usr/bin/codesign --force --sign - --timestamp\=none --preserve-metadata\=identifier,entitlements,flags --generate-entitlement-der /tmp/rr-macos-capacity-derived/Build/Products/Debug/ResourceRunner.app/Contents/Frameworks/libXCTestBundleInject.dylib
/tmp/rr-macos-capacity-derived/Build/Products/Debug/ResourceRunner.app/Contents/Frameworks/libXCTestBundleInject.dylib: replacing existing signature

CodeSign /tmp/rr-macos-capacity-derived/Build/Products/Debug/ResourceRunner.app/Contents/Frameworks/libXCTestSwiftSupport.dylib (in target 'ResourceRunner' from project 'ResourceRunner')
    cd /Users/zipkero/XcodeProjects/ResourceRunner
    
    Signing Identity:     "Sign to Run Locally"
    
    /usr/bin/codesign --force --sign - --timestamp\=none --preserve-metadata\=identifier,entitlements,flags --generate-entitlement-der /tmp/rr-macos-capacity-derived/Build/Products/Debug/ResourceRunner.app/Contents/Frameworks/libXCTestSwiftSupport.dylib
/tmp/rr-macos-capacity-derived/Build/Products/Debug/ResourceRunner.app/Contents/Frameworks/libXCTestSwiftSupport.dylib: replacing existing signature

CodeSign /tmp/rr-macos-capacity-derived/Build/Products/Debug/ResourceRunner.app/Contents/Frameworks/XCUnit.framework (in target 'ResourceRunner' from project 'ResourceRunner')
    cd /Users/zipkero/XcodeProjects/ResourceRunner
    
    Signing Identity:     "Sign to Run Locally"
    
    /usr/bin/codesign --force --sign - --timestamp\=none --preserve-metadata\=identifier,entitlements,flags --generate-entitlement-der /tmp/rr-macos-capacity-derived/Build/Products/Debug/ResourceRunner.app/Contents/Frameworks/XCUnit.framework
/tmp/rr-macos-capacity-derived/Build/Products/Debug/ResourceRunner.app/Contents/Frameworks/XCUnit.framework: replacing existing signature

CodeSign /tmp/rr-macos-capacity-derived/Build/Products/Debug/ResourceRunner.app/Contents/Frameworks/XCTest.framework (in target 'ResourceRunner' from project 'ResourceRunner')
    cd /Users/zipkero/XcodeProjects/ResourceRunner
    
    Signing Identity:     "Sign to Run Locally"
    
    /usr/bin/codesign --force --sign - --timestamp\=none --preserve-metadata\=identifier,entitlements,flags --generate-entitlement-der /tmp/rr-macos-capacity-derived/Build/Products/Debug/ResourceRunner.app/Contents/Frameworks/XCTest.framework
/tmp/rr-macos-capacity-derived/Build/Products/Debug/ResourceRunner.app/Contents/Frameworks/XCTest.framework: replacing existing signature

CodeSign /tmp/rr-macos-capacity-derived/Build/Products/Debug/ResourceRunner.app/Contents/Frameworks/XCTestSupport.framework (in target 'ResourceRunner' from project 'ResourceRunner')
    cd /Users/zipkero/XcodeProjects/ResourceRunner
    
    Signing Identity:     "Sign to Run Locally"
    
    /usr/bin/codesign --force --sign - --timestamp\=none --preserve-metadata\=identifier,entitlements,flags --generate-entitlement-der /tmp/rr-macos-capacity-derived/Build/Products/Debug/ResourceRunner.app/Contents/Frameworks/XCTestSupport.framework
/tmp/rr-macos-capacity-derived/Build/Products/Debug/ResourceRunner.app/Contents/Frameworks/XCTestSupport.framework: replacing existing signature

CodeSign /tmp/rr-macos-capacity-derived/Build/Products/Debug/ResourceRunner.app/Contents/Frameworks/XCTAutomationSupport.framework (in target 'ResourceRunner' from project 'ResourceRunner')
    cd /Users/zipkero/XcodeProjects/ResourceRunner
    
    Signing Identity:     "Sign to Run Locally"
    
    /usr/bin/codesign --force --sign - --timestamp\=none --preserve-metadata\=identifier,entitlements,flags --generate-entitlement-der /tmp/rr-macos-capacity-derived/Build/Products/Debug/ResourceRunner.app/Contents/Frameworks/XCTAutomationSupport.framework
/tmp/rr-macos-capacity-derived/Build/Products/Debug/ResourceRunner.app/Contents/Frameworks/XCTAutomationSupport.framework: replacing existing signature

CodeSign /tmp/rr-macos-capacity-derived/Build/Products/Debug/ResourceRunner.app/Contents/Frameworks/XCTestCore.framework (in target 'ResourceRunner' from project 'ResourceRunner')
    cd /Users/zipkero/XcodeProjects/ResourceRunner
    
    Signing Identity:     "Sign to Run Locally"
    
    /usr/bin/codesign --force --sign - --timestamp\=none --preserve-metadata\=identifier,entitlements,flags --generate-entitlement-der /tmp/rr-macos-capacity-derived/Build/Products/Debug/ResourceRunner.app/Contents/Frameworks/XCTestCore.framework
/tmp/rr-macos-capacity-derived/Build/Products/Debug/ResourceRunner.app/Contents/Frameworks/XCTestCore.framework: replacing existing signature

CodeSign /tmp/rr-macos-capacity-derived/Build/Products/Debug/ResourceRunner.app/Contents/Frameworks/XCUIAutomation.framework (in target 'ResourceRunner' from project 'ResourceRunner')
    cd /Users/zipkero/XcodeProjects/ResourceRunner
    
    Signing Identity:     "Sign to Run Locally"
    
    /usr/bin/codesign --force --sign - --timestamp\=none --preserve-metadata\=identifier,entitlements,flags --generate-entitlement-der /tmp/rr-macos-capacity-derived/Build/Products/Debug/ResourceRunner.app/Contents/Frameworks/XCUIAutomation.framework
/tmp/rr-macos-capacity-derived/Build/Products/Debug/ResourceRunner.app/Contents/Frameworks/XCUIAutomation.framework: replacing existing signature

CodeSign /tmp/rr-macos-capacity-derived/Build/Products/Debug/ResourceRunner.app/Contents/Frameworks/Testing.framework (in target 'ResourceRunner' from project 'ResourceRunner')
    cd /Users/zipkero/XcodeProjects/ResourceRunner
    
    Signing Identity:     "Sign to Run Locally"
    
    /usr/bin/codesign --force --sign - --timestamp\=none --preserve-metadata\=identifier,entitlements,flags --generate-entitlement-der /tmp/rr-macos-capacity-derived/Build/Products/Debug/ResourceRunner.app/Contents/Frameworks/Testing.framework
/tmp/rr-macos-capacity-derived/Build/Products/Debug/ResourceRunner.app/Contents/Frameworks/Testing.framework: replacing existing signature

LinkAssetCatalog /Users/zipkero/XcodeProjects/ResourceRunner/ResourceRunner/Assets.xcassets (in target 'ResourceRunner' from project 'ResourceRunner')
    cd /Users/zipkero/XcodeProjects/ResourceRunner
    builtin-linkAssetCatalog --thinned /tmp/rr-macos-capacity-derived/Build/Intermediates.noindex/ResourceRunner.build/Debug/ResourceRunner.build/assetcatalog_output/thinned --thinned-dependencies /tmp/rr-macos-capacity-derived/Build/Intermediates.noindex/ResourceRunner.build/Debug/ResourceRunner.build/assetcatalog_dependencies_thinned --thinned-info-plist-content /tmp/rr-macos-capacity-derived/Build/Intermediates.noindex/ResourceRunner.build/Debug/ResourceRunner.build/assetcatalog_generated_info.plist_thinned --unthinned /tmp/rr-macos-capacity-derived/Build/Intermediates.noindex/ResourceRunner.build/Debug/ResourceRunner.build/assetcatalog_output/unthinned --unthinned-dependencies /tmp/rr-macos-capacity-derived/Build/Intermediates.noindex/ResourceRunner.build/Debug/ResourceRunner.build/assetcatalog_dependencies_unthinned --unthinned-info-plist-content /tmp/rr-macos-capacity-derived/Build/Intermediates.noindex/ResourceRunner.build/Debug/ResourceRunner.build/assetcatalog_generated_info.plist_unthinned --output /tmp/rr-macos-capacity-derived/Build/Products/Debug/ResourceRunner.app/Contents/Resources --plist-output /tmp/rr-macos-capacity-derived/Build/Intermediates.noindex/ResourceRunner.build/Debug/ResourceRunner.build/assetcatalog_generated_info.plist
note: Emplaced /tmp/rr-macos-capacity-derived/Build/Products/Debug/ResourceRunner.app/Contents/Resources/Assets.car (in target 'ResourceRunner' from project 'ResourceRunner')

ProcessInfoPlistFile /tmp/rr-macos-capacity-derived/Build/Products/Debug/ResourceRunner.app/Contents/Info.plist /tmp/rr-macos-capacity-derived/Build/Intermediates.noindex/ResourceRunner.build/Debug/ResourceRunner.build/empty-ResourceRunner.plist (in target 'ResourceRunner' from project 'ResourceRunner')
    cd /Users/zipkero/XcodeProjects/ResourceRunner
    builtin-infoPlistUtility /tmp/rr-macos-capacity-derived/Build/Intermediates.noindex/ResourceRunner.build/Debug/ResourceRunner.build/empty-ResourceRunner.plist -producttype com.apple.product-type.application -genpkginfo /tmp/rr-macos-capacity-derived/Build/Products/Debug/ResourceRunner.app/Contents/PkgInfo -expandbuildsettings -platform macosx -additionalcontentfile /tmp/rr-macos-capacity-derived/Build/Intermediates.noindex/ResourceRunner.build/Debug/ResourceRunner.build/assetcatalog_generated_info.plist -o /tmp/rr-macos-capacity-derived/Build/Products/Debug/ResourceRunner.app/Contents/Info.plist

SwiftDriver ResourceRunner normal arm64 com.apple.xcode.tools.swift.compiler (in target 'ResourceRunner' from project 'ResourceRunner')
    cd /Users/zipkero/XcodeProjects/ResourceRunner
    builtin-SwiftDriver -- /Applications/Xcode.app/Contents/Developer/Toolchains/XcodeDefault.xctoolchain/usr/bin/swiftc -module-name ResourceRunner -Onone @/tmp/rr-macos-capacity-derived/Build/Intermediates.noindex/ResourceRunner.build/Debug/ResourceRunner.build/Objects-normal/arm64/ResourceRunner.SwiftFileList -DDEBUG -default-isolation\=MainActor -enable-bare-slash-regex -enable-upcoming-feature DisableOutwardActorInference -enable-upcoming-feature InferSendableFromCaptures -enable-upcoming-feature GlobalActorIsolatedTypesUsability -enable-upcoming-feature MemberImportVisibility -enable-upcoming-feature InferIsolatedConformances -enable-upcoming-feature NonisolatedNonsendingByDefault -enable-experimental-feature DebugDescriptionMacro -sdk /Applications/Xcode.app/Contents/Developer/Platforms/MacOSX.platform/Developer/SDKs/MacOSX26.5.sdk -target arm64-apple-macos26.5 -g -module-cache-path /tmp/rr-macos-capacity-derived/ModuleCache.noindex -Xfrontend -serialize-debugging-options -profile-coverage-mapping -profile-generate -enable-testing -index-store-path /tmp/rr-macos-capacity-derived/Index.noindex/DataStore -Xcc -D_LIBCPP_HARDENING_MODE\=_LIBCPP_HARDENING_MODE_DEBUG -swift-version 5 -I /tmp/rr-macos-capacity-derived/Build/Products/Debug -F /tmp/rr-macos-capacity-derived/Build/Products/Debug -emit-localized-strings -emit-localized-strings-path /tmp/rr-macos-capacity-derived/Build/Intermediates.noindex/ResourceRunner.build/Debug/ResourceRunner.build/Objects-normal/arm64 -c -j14 -enable-batch-mode -incremental -Xcc -ivfsstatcache -Xcc /tmp/rr-macos-capacity-derived/SDKStatCaches.noindex/macosx26.5-25F70-e082c4a02f00227109f4ed75e425c832.sdkstatcache -output-file-map /tmp/rr-macos-capacity-derived/Build/Intermediates.noindex/ResourceRunner.build/Debug/ResourceRunner.build/Objects-normal/arm64/ResourceRunner-OutputFileMap.json -use-frontend-parseable-output -save-temps -no-color-diagnostics -explicit-module-build -module-cache-path /tmp/rr-macos-capacity-derived/Build/Intermediates.noindex/SwiftExplicitPrecompiledModules -clang-scanner-module-cache-path /tmp/rr-macos-capacity-derived/ModuleCache.noindex -sdk-module-cache-path /tmp/rr-macos-capacity-derived/ModuleCache.noindex -serialize-diagnostics -emit-dependencies -emit-module -emit-module-path /tmp/rr-macos-capacity-derived/Build/Intermediates.noindex/ResourceRunner.build/Debug/ResourceRunner.build/Objects-normal/arm64/ResourceRunner.swiftmodule -validate-clang-modules-once -clang-build-session-file /tmp/rr-macos-capacity-derived/ModuleCache.noindex/Session.modulevalidation -Xcc -I/tmp/rr-macos-capacity-derived/Build/Intermediates.noindex/ResourceRunner.build/Debug/ResourceRunner.build/swift-overrides.hmap -emit-const-values -Xfrontend -const-gather-protocols-file -Xfrontend /tmp/rr-macos-capacity-derived/Build/Intermediates.noindex/ResourceRunner.build/Debug/ResourceRunner.build/Objects-normal/arm64/ResourceRunner_const_extract_protocols.json -Xcc -iquote -Xcc /tmp/rr-macos-capacity-derived/Build/Intermediates.noindex/ResourceRunner.build/Debug/ResourceRunner.build/ResourceRunner-generated-files.hmap -Xcc -I/tmp/rr-macos-capacity-derived/Build/Intermediates.noindex/ResourceRunner.build/Debug/ResourceRunner.build/ResourceRunner-own-target-headers.hmap -Xcc -I/tmp/rr-macos-capacity-derived/Build/Intermediates.noindex/ResourceRunner.build/Debug/ResourceRunner.build/ResourceRunner-all-target-headers.hmap -Xcc -iquote -Xcc /tmp/rr-macos-capacity-derived/Build/Intermediates.noindex/ResourceRunner.build/Debug/ResourceRunner.build/ResourceRunner-project-headers.hmap -Xcc -I/tmp/rr-macos-capacity-derived/Build/Products/Debug/include -Xcc -I/tmp/rr-macos-capacity-derived/Build/Intermediates.noindex/ResourceRunner.build/Debug/ResourceRunner.build/DerivedSources-normal/arm64 -Xcc -I/tmp/rr-macos-capacity-derived/Build/Intermediates.noindex/ResourceRunner.build/Debug/ResourceRunner.build/DerivedSources/arm64 -Xcc -I/tmp/rr-macos-capacity-derived/Build/Intermediates.noindex/ResourceRunner.build/Debug/ResourceRunner.build/DerivedSources -Xcc -DDEBUG\=1 -emit-objc-header -emit-objc-header-path /tmp/rr-macos-capacity-derived/Build/Intermediates.noindex/ResourceRunner.build/Debug/ResourceRunner.build/Objects-normal/arm64/ResourceRunner-Swift.h -working-directory /Users/zipkero/XcodeProjects/ResourceRunner -experimental-emit-module-separately -disable-cmo

SwiftExplicitDependencyGeneratePcm arm64 /tmp/rr-macos-capacity-derived/ModuleCache.noindex/_AvailabilityInternal-270UNHQB3DLR46H1O0RWUDSJJ.pcm

SwiftExplicitDependencyGeneratePcm arm64 /tmp/rr-macos-capacity-derived/ModuleCache.noindex/_Builtin_float-4DQXI65UYR8DCASNCHH7J6ODB.pcm

SwiftExplicitDependencyGeneratePcm arm64 /tmp/rr-macos-capacity-derived/ModuleCache.noindex/_Builtin_stddef-3HJUV2AWW6DIYM3RB7B0ZDPW9.pcm

SwiftExplicitDependencyGeneratePcm arm64 /tmp/rr-macos-capacity-derived/ModuleCache.noindex/SwiftShims-67IVQSNNSQR73YBSTWYGUH0N9.pcm

SwiftExplicitDependencyGeneratePcm arm64 /tmp/rr-macos-capacity-derived/ModuleCache.noindex/_SwiftConcurrencyShims-BS0M0PGJJX1TI9952UWENDCKJ.pcm

SwiftExplicitDependencyGeneratePcm arm64 /tmp/rr-macos-capacity-derived/ModuleCache.noindex/ptrauth-CQ8FUUCY9IC2Y6NAGO2BB5TLM.pcm

SwiftExplicitDependencyGeneratePcm arm64 /tmp/rr-macos-capacity-derived/ModuleCache.noindex/DeveloperToolsSupport-EI5L49SREKYGEC2QTK0W7DOAL.pcm

SwiftExplicitDependencyGeneratePcm arm64 /tmp/rr-macos-capacity-derived/ModuleCache.noindex/ptrcheck-HAPKAQUIZ0Z4PV8H6L2NUAZ2.pcm

SwiftExplicitDependencyGeneratePcm arm64 /tmp/rr-macos-capacity-derived/ModuleCache.noindex/_Builtin_stdarg-C32UQIDT2XY8GTNWFHUBFVRFF.pcm

SwiftExplicitDependencyGeneratePcm arm64 /tmp/rr-macos-capacity-derived/ModuleCache.noindex/_Builtin_stdbool-1AGX59BSJTSYAVUNWOIH0575C.pcm

SwiftExplicitDependencyGeneratePcm arm64 /tmp/rr-macos-capacity-derived/ModuleCache.noindex/_DarwinFoundation1-C8DNYF5GUD2Q4M2K2HMK3EIUX.pcm

SwiftExplicitDependencyGeneratePcm arm64 /tmp/rr-macos-capacity-derived/ModuleCache.noindex/_Builtin_limits-3R7L1RX638LM5FHAB0V5KR6YH.pcm

SwiftExplicitDependencyGeneratePcm arm64 /tmp/rr-macos-capacity-derived/ModuleCache.noindex/_DarwinFoundation2-33U5DL64105ERD37HXK9XW8W7.pcm

SwiftExplicitDependencyGeneratePcm arm64 /tmp/rr-macos-capacity-derived/ModuleCache.noindex/_Builtin_tgmath-ECFA3P282GH6XZTUQHBC21TFN.pcm

SwiftExplicitDependencyGeneratePcm arm64 /tmp/rr-macos-capacity-derived/ModuleCache.noindex/_Builtin_stdint-10ZVEKN1FH9ZNQCGLDAYZN36X.pcm

SwiftExplicitDependencyGeneratePcm arm64 /tmp/rr-macos-capacity-derived/ModuleCache.noindex/sys_types-AW7GO7BTJYGDZ2I8KTKU8DBEX.pcm

SwiftExplicitDependencyGeneratePcm arm64 /tmp/rr-macos-capacity-derived/ModuleCache.noindex/libDER-B4VL9PRVM2IRO2EKJV75H4SOK.pcm

SwiftExplicitDependencyGeneratePcm arm64 /tmp/rr-macos-capacity-derived/ModuleCache.noindex/_Builtin_stdatomic-C5YNBFC6JOLDPZ96FK3PUUVIE.pcm

SwiftExplicitDependencyGeneratePcm arm64 /tmp/rr-macos-capacity-derived/ModuleCache.noindex/_DarwinFoundation3-7DN7V17JLSXNA824SM2JV4JV6.pcm

SwiftExplicitDependencyGeneratePcm arm64 /tmp/rr-macos-capacity-derived/ModuleCache.noindex/OpenGL-4635N2DTQHONLRNXUS15UIOJN.pcm

SwiftExplicitDependencyGeneratePcm arm64 /tmp/rr-macos-capacity-derived/ModuleCache.noindex/_Builtin_intrinsics-AC1WE08S5PK6DNBQEPZJ1M9YX.pcm

SwiftExplicitDependencyGeneratePcm arm64 /tmp/rr-macos-capacity-derived/ModuleCache.noindex/_Builtin_inttypes-5M1IS3Y0TGAF9CUSHTZN809CP.pcm

SwiftExplicitDependencyGeneratePcm arm64 /tmp/rr-macos-capacity-derived/ModuleCache.noindex/Darwin-ENLDYYLILO9QLGLHGEK90QD6B.pcm

SwiftExplicitDependencyGeneratePcm arm64 /tmp/rr-macos-capacity-derived/ModuleCache.noindex/simd-6Z2CDY5KEDJ514ZA45135BBOU.pcm

SwiftExplicitDependencyGeneratePcm arm64 /tmp/rr-macos-capacity-derived/ModuleCache.noindex/MachO-31VWKUU8HGZSQYFYUFS4Q1PTX.pcm

SwiftExplicitDependencyGeneratePcm arm64 /tmp/rr-macos-capacity-derived/ModuleCache.noindex/CUPS-BVJPNOGG7E3KW04CEQ8LGUGF5.pcm

SwiftExplicitDependencyGeneratePcm arm64 /tmp/rr-macos-capacity-derived/ModuleCache.noindex/launch-9BZ07EL714ZP4CMYA06G9Z3Y9.pcm

SwiftExplicitDependencyGeneratePcm arm64 /tmp/rr-macos-capacity-derived/ModuleCache.noindex/libkern-4VSHMMKCK2Y5EQCUWJNQVJIMB.pcm

SwiftExplicitDependencyGeneratePcm arm64 /tmp/rr-macos-capacity-derived/ModuleCache.noindex/ObjectiveC-6SW69VT0I9EVWC44KW8CS0A32.pcm

SwiftExplicitDependencyGeneratePcm arm64 /tmp/rr-macos-capacity-derived/ModuleCache.noindex/Spatial-E1DMZE2WCXY1MX2COLP7WM58Y.pcm

SwiftExplicitDependencyGeneratePcm arm64 /tmp/rr-macos-capacity-derived/ModuleCache.noindex/os_object-2L04LDD1SFLZMMHBY093L1TED.pcm

SwiftExplicitDependencyGeneratePcm arm64 /tmp/rr-macos-capacity-derived/ModuleCache.noindex/os_workgroup-EP54NL8EFOOAZZB2FFLTV2Y67.pcm

SwiftExplicitDependencyGeneratePcm arm64 /tmp/rr-macos-capacity-derived/ModuleCache.noindex/Dispatch-DZCSGW0G7VK048UXQF9LTTHZY.pcm

SwiftExplicitDependencyGeneratePcm arm64 /tmp/rr-macos-capacity-derived/ModuleCache.noindex/XPC-46HDTTBQV5WIBNGDXH4RDMG7C.pcm

SwiftExplicitDependencyGeneratePcm arm64 /tmp/rr-macos-capacity-derived/ModuleCache.noindex/CoreFoundation-B15TVY5VHMWP4GT0CIUHLXCZ6.pcm

SwiftExplicitDependencyGeneratePcm arm64 /tmp/rr-macos-capacity-derived/ModuleCache.noindex/os-55KQZ8G1UDNJAA8YWY2URWRGW.pcm

SwiftExplicitDependencyGeneratePcm arm64 /tmp/rr-macos-capacity-derived/ModuleCache.noindex/Security-BL4SRUGYPYZHB90XN2X7RRIAA.pcm

SwiftExplicitDependencyGeneratePcm arm64 /tmp/rr-macos-capacity-derived/ModuleCache.noindex/IOKit-C07QBIVGUZGAA6NNO8FC7V0QV.pcm

SwiftExplicitDependencyGeneratePcm arm64 /tmp/rr-macos-capacity-derived/ModuleCache.noindex/CFNetwork-EGBLB58786B2D1YNWOO5Y7CCE.pcm

SwiftExplicitDependencyGeneratePcm arm64 /tmp/rr-macos-capacity-derived/ModuleCache.noindex/ColorSync-3Z0XN0U2HG3L7Z0SN1SXW547X.pcm

SwiftExplicitDependencyGeneratePcm arm64 /tmp/rr-macos-capacity-derived/ModuleCache.noindex/SystemConfiguration-2LDC77LO68D6PI5B3BHEHBQ1I.pcm

SwiftExplicitDependencyGeneratePcm arm64 /tmp/rr-macos-capacity-derived/ModuleCache.noindex/CoreGraphics-ATHRQ0YBB9ATVNN51QD0AEL2W.pcm

SwiftExplicitDependencyGeneratePcm arm64 /tmp/rr-macos-capacity-derived/ModuleCache.noindex/DiskArbitration-F0QNBYI99UWCYKS27EH3EW08X.pcm

SwiftExplicitDependencyGeneratePcm arm64 /tmp/rr-macos-capacity-derived/ModuleCache.noindex/CoreServices-90E7DPAKBH7FK5I72X92MG5NN.pcm

SwiftExplicitDependencyGeneratePcm arm64 /tmp/rr-macos-capacity-derived/ModuleCache.noindex/ImageIO-7T8PM487082EJFIVIYUX25ADN.pcm

SwiftExplicitDependencyGeneratePcm arm64 /tmp/rr-macos-capacity-derived/ModuleCache.noindex/CoreText-DHNZ5N47Y3GA9T26HEPEFU6LC.pcm

SwiftExplicitDependencyGeneratePcm arm64 /tmp/rr-macos-capacity-derived/ModuleCache.noindex/Foundation-8VT8TVZU29ZE3313QD494N344.pcm

SwiftExplicitDependencyGeneratePcm arm64 /tmp/rr-macos-capacity-derived/ModuleCache.noindex/DataDetection-990WFA973OJLFCB46WO6OBNUG.pcm

SwiftExplicitDependencyGeneratePcm arm64 /tmp/rr-macos-capacity-derived/ModuleCache.noindex/OSLog-BYDJF6WK8EA03DY1IX4D6K4KH.pcm

SwiftExplicitDependencyGeneratePcm arm64 /tmp/rr-macos-capacity-derived/ModuleCache.noindex/UniformTypeIdentifiers-EIIX0RZQVUZM59KH88UQQ0OEL.pcm

SwiftExplicitDependencyGeneratePcm arm64 /tmp/rr-macos-capacity-derived/ModuleCache.noindex/Accessibility-717AKCUD17DA7HR718YPXT8SD.pcm

SwiftExplicitDependencyGeneratePcm arm64 /tmp/rr-macos-capacity-derived/ModuleCache.noindex/ServiceManagement-EN8GAB4XEMNMRMXKZ2KXE56L9.pcm

SwiftExplicitDependencyGeneratePcm arm64 /tmp/rr-macos-capacity-derived/ModuleCache.noindex/ApplicationServices-DUY4VAVEOLYRATDES4345R3V0.pcm

SwiftExplicitDependencyGeneratePcm arm64 /tmp/rr-macos-capacity-derived/ModuleCache.noindex/IOSurface-A427TSLS2NDDHREVK0B2GAJ92.pcm

SwiftExplicitDependencyGeneratePcm arm64 /tmp/rr-macos-capacity-derived/ModuleCache.noindex/CoreTransferable-8OFE3ZMZ6XVUF6RDL0GKSPX9B.pcm

SwiftExplicitDependencyGeneratePcm arm64 /tmp/rr-macos-capacity-derived/ModuleCache.noindex/Symbols-DB2ZH4ZJZVT18WITTC47SLDE1.pcm

SwiftExplicitDependencyGeneratePcm arm64 /tmp/rr-macos-capacity-derived/ModuleCache.noindex/CoreData-8UOH4W8O1DOVD3GXWS1J6423D.pcm

SwiftExplicitDependencyGeneratePcm arm64 /tmp/rr-macos-capacity-derived/ModuleCache.noindex/Metal-5GH355GTKHXCBUWNK1RYQO5AD.pcm

SwiftExplicitDependencyGeneratePcm arm64 /tmp/rr-macos-capacity-derived/ModuleCache.noindex/CoreVideo-3KFGYTKUTAN0WOTKM5AE5MXBB.pcm

SwiftExplicitDependencyGeneratePcm arm64 /tmp/rr-macos-capacity-derived/ModuleCache.noindex/QuartzCore-91VAUREA7SP6YDZTY6J7O9XU2.pcm

SwiftExplicitDependencyGeneratePcm arm64 /tmp/rr-macos-capacity-derived/ModuleCache.noindex/CoreImage-1M4BGJZWR8BLW73VCKZYE04ZE.pcm

SwiftExplicitDependencyGeneratePcm arm64 /tmp/rr-macos-capacity-derived/ModuleCache.noindex/SwiftUICore-4A5N53EXGSJ7K30VWKIK3RRI4.pcm

SwiftExplicitDependencyGeneratePcm arm64 /tmp/rr-macos-capacity-derived/ModuleCache.noindex/AppKit-CLJ3OHA7AXL3DDFUWKCKLBN46.pcm

SwiftExplicitDependencyGeneratePcm arm64 /tmp/rr-macos-capacity-derived/ModuleCache.noindex/SwiftUI-ET3CQTNA4D0OV9ETC8N1HFMHY.pcm

SwiftEmitModule normal arm64 Emitting\ module\ for\ ResourceRunner (in target 'ResourceRunner' from project 'ResourceRunner')

EmitSwiftModule normal arm64 (in target 'ResourceRunner' from project 'ResourceRunner')
    cd /Users/zipkero/XcodeProjects/ResourceRunner
    

SwiftCompile normal arm64 Compiling\ ResourceRunnerApp.swift,\ ResourceTopologyObserver.swift,\ SettingsWindowController.swift /Users/zipkero/XcodeProjects/ResourceRunner/ResourceRunner/ResourceRunnerApp.swift /Users/zipkero/XcodeProjects/ResourceRunner/ResourceRunner/ResourceTopologyObserver.swift /Users/zipkero/XcodeProjects/ResourceRunner/ResourceRunner/SettingsWindowController.swift (in target 'ResourceRunner' from project 'ResourceRunner')
SwiftCompile normal arm64 /Users/zipkero/XcodeProjects/ResourceRunner/ResourceRunner/ResourceRunnerApp.swift (in target 'ResourceRunner' from project 'ResourceRunner')
    cd /Users/zipkero/XcodeProjects/ResourceRunner
    

SwiftCompile normal arm64 /Users/zipkero/XcodeProjects/ResourceRunner/ResourceRunner/ResourceTopologyObserver.swift (in target 'ResourceRunner' from project 'ResourceRunner')
    cd /Users/zipkero/XcodeProjects/ResourceRunner
    

SwiftCompile normal arm64 /Users/zipkero/XcodeProjects/ResourceRunner/ResourceRunner/SettingsWindowController.swift (in target 'ResourceRunner' from project 'ResourceRunner')
    cd /Users/zipkero/XcodeProjects/ResourceRunner
    

SwiftCompile normal arm64 Compiling\ StatusBarController.swift,\ StorageMetadata.swift,\ SystemLifecycleObserver.swift /Users/zipkero/XcodeProjects/ResourceRunner/ResourceRunner/StatusBarController.swift /Users/zipkero/XcodeProjects/ResourceRunner/ResourceRunner/StorageMetadata.swift /Users/zipkero/XcodeProjects/ResourceRunner/ResourceRunner/SystemLifecycleObserver.swift (in target 'ResourceRunner' from project 'ResourceRunner')

SwiftCompile normal arm64 /Users/zipkero/XcodeProjects/ResourceRunner/ResourceRunner/StatusBarController.swift (in target 'ResourceRunner' from project 'ResourceRunner')
    cd /Users/zipkero/XcodeProjects/ResourceRunner
    
/Users/zipkero/XcodeProjects/ResourceRunner/ResourceRunner/StatusBarController.swift:70:23: warning: conformance of 'NSEvent' to 'Sendable' is unavailable; this is an error in the Swift 6 language mode
            MainActor.assumeIsolated { self?.handleOwnedKey(event) ?? event }
                      ^
note: conformance of 'NSEvent' to 'Sendable' has been explicitly marked unavailable here
@_nonSendable(_assumed)
^

SwiftCompile normal arm64 /Users/zipkero/XcodeProjects/ResourceRunner/ResourceRunner/StorageMetadata.swift (in target 'ResourceRunner' from project 'ResourceRunner')
    cd /Users/zipkero/XcodeProjects/ResourceRunner
    

SwiftCompile normal arm64 /Users/zipkero/XcodeProjects/ResourceRunner/ResourceRunner/SystemLifecycleObserver.swift (in target 'ResourceRunner' from project 'ResourceRunner')
    cd /Users/zipkero/XcodeProjects/ResourceRunner
    

SwiftCompile normal arm64 Compiling\ SystemMetrics.swift,\ SystemMetricsSampleSource.swift,\ GeneratedAssetSymbols.swift /Users/zipkero/XcodeProjects/ResourceRunner/ResourceRunner/SystemMetrics.swift /Users/zipkero/XcodeProjects/ResourceRunner/ResourceRunner/SystemMetricsSampleSource.swift /tmp/rr-macos-capacity-derived/Build/Intermediates.noindex/ResourceRunner.build/Debug/ResourceRunner.build/DerivedSources/GeneratedAssetSymbols.swift (in target 'ResourceRunner' from project 'ResourceRunner')

SwiftCompile normal arm64 /Users/zipkero/XcodeProjects/ResourceRunner/ResourceRunner/SystemMetrics.swift (in target 'ResourceRunner' from project 'ResourceRunner')
    cd /Users/zipkero/XcodeProjects/ResourceRunner
    

SwiftCompile normal arm64 /Users/zipkero/XcodeProjects/ResourceRunner/ResourceRunner/SystemMetricsSampleSource.swift (in target 'ResourceRunner' from project 'ResourceRunner')
    cd /Users/zipkero/XcodeProjects/ResourceRunner
    

SwiftCompile normal arm64 /tmp/rr-macos-capacity-derived/Build/Intermediates.noindex/ResourceRunner.build/Debug/ResourceRunner.build/DerivedSources/GeneratedAssetSymbols.swift (in target 'ResourceRunner' from project 'ResourceRunner')
    cd /Users/zipkero/XcodeProjects/ResourceRunner
    

SwiftCompile normal arm64 Compiling\ ResourceActivityPresentation.swift,\ ResourceQuantityFormatter.swift,\ ResourceRateGraph.swift,\ ResourceRateGraphView.swift /Users/zipkero/XcodeProjects/ResourceRunner/ResourceRunner/ResourceActivityPresentation.swift /Users/zipkero/XcodeProjects/ResourceRunner/ResourceRunner/ResourceQuantityFormatter.swift /Users/zipkero/XcodeProjects/ResourceRunner/ResourceRunner/ResourceRateGraph.swift /Users/zipkero/XcodeProjects/ResourceRunner/ResourceRunner/ResourceRateGraphView.swift (in target 'ResourceRunner' from project 'ResourceRunner')

SwiftCompile normal arm64 /Users/zipkero/XcodeProjects/ResourceRunner/ResourceRunner/ResourceActivityPresentation.swift (in target 'ResourceRunner' from project 'ResourceRunner')
    cd /Users/zipkero/XcodeProjects/ResourceRunner
    

SwiftCompile normal arm64 /Users/zipkero/XcodeProjects/ResourceRunner/ResourceRunner/ResourceQuantityFormatter.swift (in target 'ResourceRunner' from project 'ResourceRunner')
    cd /Users/zipkero/XcodeProjects/ResourceRunner
    

SwiftCompile normal arm64 /Users/zipkero/XcodeProjects/ResourceRunner/ResourceRunner/ResourceRateGraph.swift (in target 'ResourceRunner' from project 'ResourceRunner')
    cd /Users/zipkero/XcodeProjects/ResourceRunner
    

SwiftCompile normal arm64 /Users/zipkero/XcodeProjects/ResourceRunner/ResourceRunner/ResourceRateGraphView.swift (in target 'ResourceRunner' from project 'ResourceRunner')
    cd /Users/zipkero/XcodeProjects/ResourceRunner
    

SwiftCompile normal arm64 Compiling\ NetworkNativeAdapter.swift,\ NetworkTopology.swift,\ PreferencesStore.swift,\ PreferencesView.swift /Users/zipkero/XcodeProjects/ResourceRunner/ResourceRunner/NetworkNativeAdapter.swift /Users/zipkero/XcodeProjects/ResourceRunner/ResourceRunner/NetworkTopology.swift /Users/zipkero/XcodeProjects/ResourceRunner/ResourceRunner/PreferencesStore.swift /Users/zipkero/XcodeProjects/ResourceRunner/ResourceRunner/PreferencesView.swift (in target 'ResourceRunner' from project 'ResourceRunner')
SwiftCompile normal arm64 /Users/zipkero/XcodeProjects/ResourceRunner/ResourceRunner/NetworkNativeAdapter.swift (in target 'ResourceRunner' from project 'ResourceRunner')
    cd /Users/zipkero/XcodeProjects/ResourceRunner
    

SwiftCompile normal arm64 /Users/zipkero/XcodeProjects/ResourceRunner/ResourceRunner/NetworkTopology.swift (in target 'ResourceRunner' from project 'ResourceRunner')
    cd /Users/zipkero/XcodeProjects/ResourceRunner
    

SwiftCompile normal arm64 /Users/zipkero/XcodeProjects/ResourceRunner/ResourceRunner/PreferencesStore.swift (in target 'ResourceRunner' from project 'ResourceRunner')
    cd /Users/zipkero/XcodeProjects/ResourceRunner
    

SwiftCompile normal arm64 /Users/zipkero/XcodeProjects/ResourceRunner/ResourceRunner/PreferencesView.swift (in target 'ResourceRunner' from project 'ResourceRunner')
    cd /Users/zipkero/XcodeProjects/ResourceRunner
    

SwiftCompile normal arm64 Compiling\ LoginItemService.swift,\ MemorySystemMetricsCollector.swift,\ MonitoringLifecycle.swift,\ MonitoringSampleStore.swift /Users/zipkero/XcodeProjects/ResourceRunner/ResourceRunner/LoginItemService.swift /Users/zipkero/XcodeProjects/ResourceRunner/ResourceRunner/MemorySystemMetricsCollector.swift /Users/zipkero/XcodeProjects/ResourceRunner/ResourceRunner/MonitoringLifecycle.swift /Users/zipkero/XcodeProjects/ResourceRunner/ResourceRunner/MonitoringSampleStore.swift (in target 'ResourceRunner' from project 'ResourceRunner')

SwiftCompile normal arm64 /Users/zipkero/XcodeProjects/ResourceRunner/ResourceRunner/LoginItemService.swift (in target 'ResourceRunner' from project 'ResourceRunner')
    cd /Users/zipkero/XcodeProjects/ResourceRunner
    

SwiftCompile normal arm64 /Users/zipkero/XcodeProjects/ResourceRunner/ResourceRunner/MemorySystemMetricsCollector.swift (in target 'ResourceRunner' from project 'ResourceRunner')
    cd /Users/zipkero/XcodeProjects/ResourceRunner
    

SwiftCompile normal arm64 /Users/zipkero/XcodeProjects/ResourceRunner/ResourceRunner/MonitoringLifecycle.swift (in target 'ResourceRunner' from project 'ResourceRunner')
    cd /Users/zipkero/XcodeProjects/ResourceRunner
    

SwiftCompile normal arm64 /Users/zipkero/XcodeProjects/ResourceRunner/ResourceRunner/MonitoringSampleStore.swift (in target 'ResourceRunner' from project 'ResourceRunner')
    cd /Users/zipkero/XcodeProjects/ResourceRunner
    

SwiftCompile normal arm64 Compiling\ MonitoringScheduler.swift,\ NetworkActivity.swift,\ NetworkDashboardView.swift,\ NetworkMetadata.swift /Users/zipkero/XcodeProjects/ResourceRunner/ResourceRunner/MonitoringScheduler.swift /Users/zipkero/XcodeProjects/ResourceRunner/ResourceRunner/NetworkActivity.swift /Users/zipkero/XcodeProjects/ResourceRunner/ResourceRunner/NetworkDashboardView.swift /Users/zipkero/XcodeProjects/ResourceRunner/ResourceRunner/NetworkMetadata.swift (in target 'ResourceRunner' from project 'ResourceRunner')
SwiftCompile normal arm64 /Users/zipkero/XcodeProjects/ResourceRunner/ResourceRunner/MonitoringScheduler.swift (in target 'ResourceRunner' from project 'ResourceRunner')
    cd /Users/zipkero/XcodeProjects/ResourceRunner
    

SwiftCompile normal arm64 /Users/zipkero/XcodeProjects/ResourceRunner/ResourceRunner/NetworkActivity.swift (in target 'ResourceRunner' from project 'ResourceRunner')
    cd /Users/zipkero/XcodeProjects/ResourceRunner
    

SwiftCompile normal arm64 /Users/zipkero/XcodeProjects/ResourceRunner/ResourceRunner/NetworkDashboardView.swift (in target 'ResourceRunner' from project 'ResourceRunner')
    cd /Users/zipkero/XcodeProjects/ResourceRunner
    

SwiftCompile normal arm64 /Users/zipkero/XcodeProjects/ResourceRunner/ResourceRunner/NetworkMetadata.swift (in target 'ResourceRunner' from project 'ResourceRunner')
    cd /Users/zipkero/XcodeProjects/ResourceRunner
    

SwiftCompile normal arm64 Compiling\ DiskDashboardView.swift,\ DiskNativeAdapter.swift,\ DiskTopology.swift,\ LoginItemController.swift /Users/zipkero/XcodeProjects/ResourceRunner/ResourceRunner/DiskDashboardView.swift /Users/zipkero/XcodeProjects/ResourceRunner/ResourceRunner/DiskNativeAdapter.swift /Users/zipkero/XcodeProjects/ResourceRunner/ResourceRunner/DiskTopology.swift /Users/zipkero/XcodeProjects/ResourceRunner/ResourceRunner/LoginItemController.swift (in target 'ResourceRunner' from project 'ResourceRunner')
SwiftCompile normal arm64 /Users/zipkero/XcodeProjects/ResourceRunner/ResourceRunner/DiskDashboardView.swift (in target 'ResourceRunner' from project 'ResourceRunner')
    cd /Users/zipkero/XcodeProjects/ResourceRunner
    

SwiftCompile normal arm64 /Users/zipkero/XcodeProjects/ResourceRunner/ResourceRunner/DiskNativeAdapter.swift (in target 'ResourceRunner' from project 'ResourceRunner')
    cd /Users/zipkero/XcodeProjects/ResourceRunner
    

SwiftCompile normal arm64 /Users/zipkero/XcodeProjects/ResourceRunner/ResourceRunner/DiskTopology.swift (in target 'ResourceRunner' from project 'ResourceRunner')
    cd /Users/zipkero/XcodeProjects/ResourceRunner
    

SwiftCompile normal arm64 /Users/zipkero/XcodeProjects/ResourceRunner/ResourceRunner/LoginItemController.swift (in target 'ResourceRunner' from project 'ResourceRunner')
    cd /Users/zipkero/XcodeProjects/ResourceRunner
    

SwiftCompile normal arm64 Compiling\ AppDelegate.swift,\ ApplicationCoordinator.swift,\ ApplicationIconCache.swift,\ ApplicationRanking.swift /Users/zipkero/XcodeProjects/ResourceRunner/ResourceRunner/AppDelegate.swift /Users/zipkero/XcodeProjects/ResourceRunner/ResourceRunner/ApplicationCoordinator.swift /Users/zipkero/XcodeProjects/ResourceRunner/ResourceRunner/ApplicationIconCache.swift /Users/zipkero/XcodeProjects/ResourceRunner/ResourceRunner/ApplicationRanking.swift (in target 'ResourceRunner' from project 'ResourceRunner')

SwiftCompile normal arm64 /Users/zipkero/XcodeProjects/ResourceRunner/ResourceRunner/AppDelegate.swift (in target 'ResourceRunner' from project 'ResourceRunner')
    cd /Users/zipkero/XcodeProjects/ResourceRunner
    

SwiftCompile normal arm64 /Users/zipkero/XcodeProjects/ResourceRunner/ResourceRunner/ApplicationCoordinator.swift (in target 'ResourceRunner' from project 'ResourceRunner')
    cd /Users/zipkero/XcodeProjects/ResourceRunner
    

SwiftCompile normal arm64 /Users/zipkero/XcodeProjects/ResourceRunner/ResourceRunner/ApplicationIconCache.swift (in target 'ResourceRunner' from project 'ResourceRunner')
    cd /Users/zipkero/XcodeProjects/ResourceRunner
    

SwiftCompile normal arm64 /Users/zipkero/XcodeProjects/ResourceRunner/ResourceRunner/ApplicationRanking.swift (in target 'ResourceRunner' from project 'ResourceRunner')
    cd /Users/zipkero/XcodeProjects/ResourceRunner
    

SwiftCompile normal arm64 Compiling\ DashboardStyle.swift,\ DashboardView.swift,\ DashboardViewport.swift,\ DiskActivity.swift /Users/zipkero/XcodeProjects/ResourceRunner/ResourceRunner/DashboardStyle.swift /Users/zipkero/XcodeProjects/ResourceRunner/ResourceRunner/DashboardView.swift /Users/zipkero/XcodeProjects/ResourceRunner/ResourceRunner/DashboardViewport.swift /Users/zipkero/XcodeProjects/ResourceRunner/ResourceRunner/DiskActivity.swift (in target 'ResourceRunner' from project 'ResourceRunner')
SwiftCompile normal arm64 /Users/zipkero/XcodeProjects/ResourceRunner/ResourceRunner/DashboardStyle.swift (in target 'ResourceRunner' from project 'ResourceRunner')
    cd /Users/zipkero/XcodeProjects/ResourceRunner
    

SwiftCompile normal arm64 /Users/zipkero/XcodeProjects/ResourceRunner/ResourceRunner/DashboardView.swift (in target 'ResourceRunner' from project 'ResourceRunner')
    cd /Users/zipkero/XcodeProjects/ResourceRunner
    
/Users/zipkero/XcodeProjects/ResourceRunner/ResourceRunner/DashboardView.swift:380:17: warning: '+' was deprecated in macOS 26.0: Use string interpolation on `Text` instead: `Text("Hello \(name)")`
                + Text("\(Int(lastKnown.presentation.overallUsage.rounded()))\(CPUCardPresentation.overallUsageUnitLabel)")
                ^
/Users/zipkero/XcodeProjects/ResourceRunner/ResourceRunner/DashboardView.swift:387:17: warning: '+' was deprecated in macOS 26.0: Use string interpolation on `Text` instead: `Text("Hello \(name)")`
                + Text("\(Int(lastKnown.presentation.overallUsage.rounded()))\(CPUCardPresentation.overallUsageUnitLabel)")
                ^
/Users/zipkero/XcodeProjects/ResourceRunner/ResourceRunner/DashboardView.swift:417:29: warning: '+' was deprecated in macOS 26.0: Use string interpolation on `Text` instead: `Text("Hello \(name)")`
                            + Text(entry.valueText).dashboardTypography(DashboardStyle.TypographyRole.value)
                            ^
/Users/zipkero/XcodeProjects/ResourceRunner/ResourceRunner/DashboardView.swift:596:17: warning: '+' was deprecated in macOS 26.0: Use string interpolation on `Text` instead: `Text("Hello \(name)")`
                + Text(" / \(DashboardValueColumn.byteText(presentation.totalPhysicalBytes))")
                ^
/Users/zipkero/XcodeProjects/ResourceRunner/ResourceRunner/DashboardView.swift:603:17: warning: '+' was deprecated in macOS 26.0: Use string interpolation on `Text` instead: `Text("Hello \(name)")`
                + Text(DashboardValueColumn.byteText(lastKnown.presentation.usedBytes))
                ^
/Users/zipkero/XcodeProjects/ResourceRunner/ResourceRunner/DashboardView.swift:610:17: warning: '+' was deprecated in macOS 26.0: Use string interpolation on `Text` instead: `Text("Hello \(name)")`
                + Text(DashboardValueColumn.byteText(lastKnown.presentation.usedBytes))
                ^
/Users/zipkero/XcodeProjects/ResourceRunner/ResourceRunner/DashboardView.swift:635:29: warning: '+' was deprecated in macOS 26.0: Use string interpolation on `Text` instead: `Text("Hello \(name)")`
                return line + Text(Image(systemName: name))
                            ^
/Users/zipkero/XcodeProjects/ResourceRunner/ResourceRunner/DashboardView.swift:637:29: warning: '+' was deprecated in macOS 26.0: Use string interpolation on `Text` instead: `Text("Hello \(name)")`
                return line + Text(" \(text)")
                            ^
/Users/zipkero/XcodeProjects/ResourceRunner/ResourceRunner/DashboardView.swift:639:29: warning: '+' was deprecated in macOS 26.0: Use string interpolation on `Text` instead: `Text("Hello \(name)")`
                return line + Text(" · ")
/Users/zipkero/XcodeProjects/ResourceRunner/ResourceRunner/DashboardView.swift:641:29: warning: '+' was deprecated in macOS 26.0: Use string interpolation on `Text` instead: `Text("Hello \(name)")`
                return line + Text("Swap \(text)")
                            ^
/Users/zipkero/XcodeProjects/ResourceRunner/ResourceRunner/DashboardView.swift:643:29: warning: '+' was deprecated in macOS 26.0: Use string interpolation on `Text` instead: `Text("Hello \(name)")`
                return line + Text(" (\(text))")
                            ^
/Users/zipkero/XcodeProjects/ResourceRunner/ResourceRunner/DashboardView.swift:645:29: warning: '+' was deprecated in macOS 26.0: Use string interpolation on `Text` instead: `Text("Hello \(name)")`
                return line + Text("구성 \(text)")
/Users/zipkero/XcodeProjects/ResourceRunner/ResourceRunner/DashboardView.swift:666:29: warning: '+' was deprecated in macOS 26.0: Use string interpolation on `Text` instead: `Text("Hello \(name)")`
                return line + Text(Image(systemName: "square.fill"))
                            ^
/Users/zipkero/XcodeProjects/ResourceRunner/ResourceRunner/DashboardView.swift:669:29: warning: '+' was deprecated in macOS 26.0: Use string interpolation on `Text` instead: `Text("Hello \(name)")`
                return line + Text(" \(text)")
                            ^
/Users/zipkero/XcodeProjects/ResourceRunner/ResourceRunner/DashboardView.swift:671:29: warning: '+' was deprecated in macOS 26.0: Use string interpolation on `Text` instead: `Text("Hello \(name)")`
                return line + Text("  ")
                            ^
/Users/zipkero/XcodeProjects/ResourceRunner/ResourceRunner/DashboardView.swift:1353:25: warning: '+' was deprecated in macOS 26.0: Use string interpolation on `Text` instead: `Text("Hello \(name)")`
                        + Text("\(fmt(load.oneMinute)) / \(fmt(load.fiveMinutes)) / \(fmt(load.fifteenMinutes))")
                        ^

SwiftCompile normal arm64 /Users/zipkero/XcodeProjects/ResourceRunner/ResourceRunner/DashboardViewport.swift (in target 'ResourceRunner' from project 'ResourceRunner')
    cd /Users/zipkero/XcodeProjects/ResourceRunner
    

SwiftCompile normal arm64 /Users/zipkero/XcodeProjects/ResourceRunner/ResourceRunner/DiskActivity.swift (in target 'ResourceRunner' from project 'ResourceRunner')
    cd /Users/zipkero/XcodeProjects/ResourceRunner
    

SwiftCompile normal arm64 Compiling\ CPUSystemMetricsCollector.swift,\ DashboardColorPalette.swift,\ DashboardPresentation.swift,\ DashboardPresentationStore.swift /Users/zipkero/XcodeProjects/ResourceRunner/ResourceRunner/CPUSystemMetricsCollector.swift /Users/zipkero/XcodeProjects/ResourceRunner/ResourceRunner/DashboardColorPalette.swift /Users/zipkero/XcodeProjects/ResourceRunner/ResourceRunner/DashboardPresentation.swift /Users/zipkero/XcodeProjects/ResourceRunner/ResourceRunner/DashboardPresentationStore.swift (in target 'ResourceRunner' from project 'ResourceRunner')

SwiftCompile normal arm64 /Users/zipkero/XcodeProjects/ResourceRunner/ResourceRunner/CPUSystemMetricsCollector.swift (in target 'ResourceRunner' from project 'ResourceRunner')
    cd /Users/zipkero/XcodeProjects/ResourceRunner
    

SwiftCompile normal arm64 /Users/zipkero/XcodeProjects/ResourceRunner/ResourceRunner/DashboardColorPalette.swift (in target 'ResourceRunner' from project 'ResourceRunner')
    cd /Users/zipkero/XcodeProjects/ResourceRunner
    

SwiftCompile normal arm64 /Users/zipkero/XcodeProjects/ResourceRunner/ResourceRunner/DashboardPresentation.swift (in target 'ResourceRunner' from project 'ResourceRunner')
    cd /Users/zipkero/XcodeProjects/ResourceRunner
    

SwiftCompile normal arm64 /Users/zipkero/XcodeProjects/ResourceRunner/ResourceRunner/DashboardPresentationStore.swift (in target 'ResourceRunner' from project 'ResourceRunner')
    cd /Users/zipkero/XcodeProjects/ResourceRunner
    

SwiftCompile normal arm64 Compiling\ CollectionAdmission.swift,\ CollectionDeliveryStore.swift,\ CollectionPipelines.swift,\ CPUActivityStateEvaluator.swift /Users/zipkero/XcodeProjects/ResourceRunner/ResourceRunner/CollectionAdmission.swift /Users/zipkero/XcodeProjects/ResourceRunner/ResourceRunner/CollectionDeliveryStore.swift /Users/zipkero/XcodeProjects/ResourceRunner/ResourceRunner/CollectionPipelines.swift /Users/zipkero/XcodeProjects/ResourceRunner/ResourceRunner/CPUActivityStateEvaluator.swift (in target 'ResourceRunner' from project 'ResourceRunner')

SwiftCompile normal arm64 /Users/zipkero/XcodeProjects/ResourceRunner/ResourceRunner/CollectionAdmission.swift (in target 'ResourceRunner' from project 'ResourceRunner')
    cd /Users/zipkero/XcodeProjects/ResourceRunner
    

SwiftCompile normal arm64 /Users/zipkero/XcodeProjects/ResourceRunner/ResourceRunner/CollectionDeliveryStore.swift (in target 'ResourceRunner' from project 'ResourceRunner')
    cd /Users/zipkero/XcodeProjects/ResourceRunner
    

SwiftCompile normal arm64 /Users/zipkero/XcodeProjects/ResourceRunner/ResourceRunner/CollectionPipelines.swift (in target 'ResourceRunner' from project 'ResourceRunner')
    cd /Users/zipkero/XcodeProjects/ResourceRunner
    

SwiftCompile normal arm64 /Users/zipkero/XcodeProjects/ResourceRunner/ResourceRunner/CPUActivityStateEvaluator.swift (in target 'ResourceRunner' from project 'ResourceRunner')
    cd /Users/zipkero/XcodeProjects/ResourceRunner
    

SwiftCompile normal arm64 Compiling\ ProcessHistoryStore.swift,\ ProcessSurvey.swift,\ ProcessSurveyCollector.swift,\ ProcessSurveySampleSource.swift /Users/zipkero/XcodeProjects/ResourceRunner/ResourceRunner/ProcessHistoryStore.swift /Users/zipkero/XcodeProjects/ResourceRunner/ResourceRunner/ProcessSurvey.swift /Users/zipkero/XcodeProjects/ResourceRunner/ResourceRunner/ProcessSurveyCollector.swift /Users/zipkero/XcodeProjects/ResourceRunner/ResourceRunner/ProcessSurveySampleSource.swift (in target 'ResourceRunner' from project 'ResourceRunner')

SwiftCompile normal arm64 /Users/zipkero/XcodeProjects/ResourceRunner/ResourceRunner/ProcessHistoryStore.swift (in target 'ResourceRunner' from project 'ResourceRunner')
    cd /Users/zipkero/XcodeProjects/ResourceRunner
    

SwiftCompile normal arm64 /Users/zipkero/XcodeProjects/ResourceRunner/ResourceRunner/ProcessSurvey.swift (in target 'ResourceRunner' from project 'ResourceRunner')
    cd /Users/zipkero/XcodeProjects/ResourceRunner
    

SwiftCompile normal arm64 /Users/zipkero/XcodeProjects/ResourceRunner/ResourceRunner/ProcessSurveyCollector.swift (in target 'ResourceRunner' from project 'ResourceRunner')
    cd /Users/zipkero/XcodeProjects/ResourceRunner
    

SwiftCompile normal arm64 /Users/zipkero/XcodeProjects/ResourceRunner/ResourceRunner/ProcessSurveySampleSource.swift (in target 'ResourceRunner' from project 'ResourceRunner')
    cd /Users/zipkero/XcodeProjects/ResourceRunner
    

SwiftCompile normal arm64 Compiling\ ApplicationRowIcon.swift,\ AppPreferences.swift,\ AuxiliaryCollectionScheduler.swift,\ CharacterStateSource.swift /Users/zipkero/XcodeProjects/ResourceRunner/ResourceRunner/ApplicationRowIcon.swift /Users/zipkero/XcodeProjects/ResourceRunner/ResourceRunner/AppPreferences.swift /Users/zipkero/XcodeProjects/ResourceRunner/ResourceRunner/AuxiliaryCollectionScheduler.swift /Users/zipkero/XcodeProjects/ResourceRunner/ResourceRunner/CharacterStateSource.swift (in target 'ResourceRunner' from project 'ResourceRunner')

SwiftCompile normal arm64 /Users/zipkero/XcodeProjects/ResourceRunner/ResourceRunner/ApplicationRowIcon.swift (in target 'ResourceRunner' from project 'ResourceRunner')
    cd /Users/zipkero/XcodeProjects/ResourceRunner
    

SwiftCompile normal arm64 /Users/zipkero/XcodeProjects/ResourceRunner/ResourceRunner/AppPreferences.swift (in target 'ResourceRunner' from project 'ResourceRunner')
    cd /Users/zipkero/XcodeProjects/ResourceRunner
    

SwiftCompile normal arm64 /Users/zipkero/XcodeProjects/ResourceRunner/ResourceRunner/AuxiliaryCollectionScheduler.swift (in target 'ResourceRunner' from project 'ResourceRunner')
    cd /Users/zipkero/XcodeProjects/ResourceRunner
    

SwiftCompile normal arm64 /Users/zipkero/XcodeProjects/ResourceRunner/ResourceRunner/CharacterStateSource.swift (in target 'ResourceRunner' from project 'ResourceRunner')
    cd /Users/zipkero/XcodeProjects/ResourceRunner
    

SwiftDriverJobDiscovery normal arm64 Emitting module for ResourceRunner (in target 'ResourceRunner' from project 'ResourceRunner')

SwiftDriver\ Compilation\ Requirements ResourceRunner normal arm64 com.apple.xcode.tools.swift.compiler (in target 'ResourceRunner' from project 'ResourceRunner')
    cd /Users/zipkero/XcodeProjects/ResourceRunner
    builtin-Swift-Compilation-Requirements -- /Applications/Xcode.app/Contents/Developer/Toolchains/XcodeDefault.xctoolchain/usr/bin/swiftc -module-name ResourceRunner -Onone @/tmp/rr-macos-capacity-derived/Build/Intermediates.noindex/ResourceRunner.build/Debug/ResourceRunner.build/Objects-normal/arm64/ResourceRunner.SwiftFileList -DDEBUG -default-isolation\=MainActor -enable-bare-slash-regex -enable-upcoming-feature DisableOutwardActorInference -enable-upcoming-feature InferSendableFromCaptures -enable-upcoming-feature GlobalActorIsolatedTypesUsability -enable-upcoming-feature MemberImportVisibility -enable-upcoming-feature InferIsolatedConformances -enable-upcoming-feature NonisolatedNonsendingByDefault -enable-experimental-feature DebugDescriptionMacro -sdk /Applications/Xcode.app/Contents/Developer/Platforms/MacOSX.platform/Developer/SDKs/MacOSX26.5.sdk -target arm64-apple-macos26.5 -g -module-cache-path /tmp/rr-macos-capacity-derived/ModuleCache.noindex -Xfrontend -serialize-debugging-options -profile-coverage-mapping -profile-generate -enable-testing -index-store-path /tmp/rr-macos-capacity-derived/Index.noindex/DataStore -Xcc -D_LIBCPP_HARDENING_MODE\=_LIBCPP_HARDENING_MODE_DEBUG -swift-version 5 -I /tmp/rr-macos-capacity-derived/Build/Products/Debug -F /tmp/rr-macos-capacity-derived/Build/Products/Debug -emit-localized-strings -emit-localized-strings-path /tmp/rr-macos-capacity-derived/Build/Intermediates.noindex/ResourceRunner.build/Debug/ResourceRunner.build/Objects-normal/arm64 -c -j14 -enable-batch-mode -incremental -Xcc -ivfsstatcache -Xcc /tmp/rr-macos-capacity-derived/SDKStatCaches.noindex/macosx26.5-25F70-e082c4a02f00227109f4ed75e425c832.sdkstatcache -output-file-map /tmp/rr-macos-capacity-derived/Build/Intermediates.noindex/ResourceRunner.build/Debug/ResourceRunner.build/Objects-normal/arm64/ResourceRunner-OutputFileMap.json -use-frontend-parseable-output -save-temps -no-color-diagnostics -explicit-module-build -module-cache-path /tmp/rr-macos-capacity-derived/Build/Intermediates.noindex/SwiftExplicitPrecompiledModules -clang-scanner-module-cache-path /tmp/rr-macos-capacity-derived/ModuleCache.noindex -sdk-module-cache-path /tmp/rr-macos-capacity-derived/ModuleCache.noindex -serialize-diagnostics -emit-dependencies -emit-module -emit-module-path /tmp/rr-macos-capacity-derived/Build/Intermediates.noindex/ResourceRunner.build/Debug/ResourceRunner.build/Objects-normal/arm64/ResourceRunner.swiftmodule -validate-clang-modules-once -clang-build-session-file /tmp/rr-macos-capacity-derived/ModuleCache.noindex/Session.modulevalidation -Xcc -I/tmp/rr-macos-capacity-derived/Build/Intermediates.noindex/ResourceRunner.build/Debug/ResourceRunner.build/swift-overrides.hmap -emit-const-values -Xfrontend -const-gather-protocols-file -Xfrontend /tmp/rr-macos-capacity-derived/Build/Intermediates.noindex/ResourceRunner.build/Debug/ResourceRunner.build/Objects-normal/arm64/ResourceRunner_const_extract_protocols.json -Xcc -iquote -Xcc /tmp/rr-macos-capacity-derived/Build/Intermediates.noindex/ResourceRunner.build/Debug/ResourceRunner.build/ResourceRunner-generated-files.hmap -Xcc -I/tmp/rr-macos-capacity-derived/Build/Intermediates.noindex/ResourceRunner.build/Debug/ResourceRunner.build/ResourceRunner-own-target-headers.hmap -Xcc -I/tmp/rr-macos-capacity-derived/Build/Intermediates.noindex/ResourceRunner.build/Debug/ResourceRunner.build/ResourceRunner-all-target-headers.hmap -Xcc -iquote -Xcc /tmp/rr-macos-capacity-derived/Build/Intermediates.noindex/ResourceRunner.build/Debug/ResourceRunner.build/ResourceRunner-project-headers.hmap -Xcc -I/tmp/rr-macos-capacity-derived/Build/Products/Debug/include -Xcc -I/tmp/rr-macos-capacity-derived/Build/Intermediates.noindex/ResourceRunner.build/Debug/ResourceRunner.build/DerivedSources-normal/arm64 -Xcc -I/tmp/rr-macos-capacity-derived/Build/Intermediates.noindex/ResourceRunner.build/Debug/ResourceRunner.build/DerivedSources/arm64 -Xcc -I/tmp/rr-macos-capacity-derived/Build/Intermediates.noindex/ResourceRunner.build/Debug/ResourceRunner.build/DerivedSources -Xcc -DDEBUG\=1 -emit-objc-header -emit-objc-header-path /tmp/rr-macos-capacity-derived/Build/Intermediates.noindex/ResourceRunner.build/Debug/ResourceRunner.build/Objects-normal/arm64/ResourceRunner-Swift.h -working-directory /Users/zipkero/XcodeProjects/ResourceRunner -experimental-emit-module-separately -disable-cmo

SwiftDriverJobDiscovery normal arm64 Compiling ProcessHistoryStore.swift, ProcessSurvey.swift, ProcessSurveyCollector.swift, ProcessSurveySampleSource.swift (in target 'ResourceRunner' from project 'ResourceRunner')

SwiftMergeGeneratedHeaders /tmp/rr-macos-capacity-derived/Build/Intermediates.noindex/ResourceRunner.build/Debug/ResourceRunner.build/DerivedSources/ResourceRunner-Swift.h /tmp/rr-macos-capacity-derived/Build/Intermediates.noindex/ResourceRunner.build/Debug/ResourceRunner.build/Objects-normal/arm64/ResourceRunner-Swift.h (in target 'ResourceRunner' from project 'ResourceRunner')
    cd /Users/zipkero/XcodeProjects/ResourceRunner
    builtin-swiftHeaderTool -arch arm64 /tmp/rr-macos-capacity-derived/Build/Intermediates.noindex/ResourceRunner.build/Debug/ResourceRunner.build/Objects-normal/arm64/ResourceRunner-Swift.h -o /tmp/rr-macos-capacity-derived/Build/Intermediates.noindex/ResourceRunner.build/Debug/ResourceRunner.build/DerivedSources/ResourceRunner-Swift.h

Copy /tmp/rr-macos-capacity-derived/Build/Products/Debug/ResourceRunner.swiftmodule/arm64-apple-macos.swiftmodule /tmp/rr-macos-capacity-derived/Build/Intermediates.noindex/ResourceRunner.build/Debug/ResourceRunner.build/Objects-normal/arm64/ResourceRunner.swiftmodule (in target 'ResourceRunner' from project 'ResourceRunner')
    cd /Users/zipkero/XcodeProjects/ResourceRunner
    builtin-copy -exclude .DS_Store -exclude CVS -exclude .svn -exclude .git -exclude .hg -resolve-src-symlinks -rename /tmp/rr-macos-capacity-derived/Build/Intermediates.noindex/ResourceRunner.build/Debug/ResourceRunner.build/Objects-normal/arm64/ResourceRunner.swiftmodule /tmp/rr-macos-capacity-derived/Build/Products/Debug/ResourceRunner.swiftmodule/arm64-apple-macos.swiftmodule

Copy /tmp/rr-macos-capacity-derived/Build/Products/Debug/ResourceRunner.swiftmodule/arm64-apple-macos.swiftdoc /tmp/rr-macos-capacity-derived/Build/Intermediates.noindex/ResourceRunner.build/Debug/ResourceRunner.build/Objects-normal/arm64/ResourceRunner.swiftdoc (in target 'ResourceRunner' from project 'ResourceRunner')
    cd /Users/zipkero/XcodeProjects/ResourceRunner
    builtin-copy -exclude .DS_Store -exclude CVS -exclude .svn -exclude .git -exclude .hg -resolve-src-symlinks -rename /tmp/rr-macos-capacity-derived/Build/Intermediates.noindex/ResourceRunner.build/Debug/ResourceRunner.build/Objects-normal/arm64/ResourceRunner.swiftdoc /tmp/rr-macos-capacity-derived/Build/Products/Debug/ResourceRunner.swiftmodule/arm64-apple-macos.swiftdoc

SwiftDriverJobDiscovery normal arm64 Compiling CollectionAdmission.swift, CollectionDeliveryStore.swift, CollectionPipelines.swift, CPUActivityStateEvaluator.swift (in target 'ResourceRunner' from project 'ResourceRunner')

Copy /tmp/rr-macos-capacity-derived/Build/Products/Debug/ResourceRunner.swiftmodule/arm64-apple-macos.abi.json /tmp/rr-macos-capacity-derived/Build/Intermediates.noindex/ResourceRunner.build/Debug/ResourceRunner.build/Objects-normal/arm64/ResourceRunner.abi.json (in target 'ResourceRunner' from project 'ResourceRunner')
    cd /Users/zipkero/XcodeProjects/ResourceRunner
    builtin-copy -exclude .DS_Store -exclude CVS -exclude .svn -exclude .git -exclude .hg -resolve-src-symlinks -rename /tmp/rr-macos-capacity-derived/Build/Intermediates.noindex/ResourceRunner.build/Debug/ResourceRunner.build/Objects-normal/arm64/ResourceRunner.abi.json /tmp/rr-macos-capacity-derived/Build/Products/Debug/ResourceRunner.swiftmodule/arm64-apple-macos.abi.json

Copy /tmp/rr-macos-capacity-derived/Build/Products/Debug/ResourceRunner.swiftmodule/Project/arm64-apple-macos.swiftsourceinfo /tmp/rr-macos-capacity-derived/Build/Intermediates.noindex/ResourceRunner.build/Debug/ResourceRunner.build/Objects-normal/arm64/ResourceRunner.swiftsourceinfo (in target 'ResourceRunner' from project 'ResourceRunner')
    cd /Users/zipkero/XcodeProjects/ResourceRunner
    builtin-copy -exclude .DS_Store -exclude CVS -exclude .svn -exclude .git -exclude .hg -resolve-src-symlinks -rename /tmp/rr-macos-capacity-derived/Build/Intermediates.noindex/ResourceRunner.build/Debug/ResourceRunner.build/Objects-normal/arm64/ResourceRunner.swiftsourceinfo /tmp/rr-macos-capacity-derived/Build/Products/Debug/ResourceRunner.swiftmodule/Project/arm64-apple-macos.swiftsourceinfo

ProcessProductPackaging "" /tmp/rr-macos-capacity-derived/Build/Intermediates.noindex/ResourceRunner.build/Debug/ResourceRunnerUITests.build/ResourceRunnerUITests.xctest.xcent (in target 'ResourceRunnerUITests' from project 'ResourceRunner')
    cd /Users/zipkero/XcodeProjects/ResourceRunner
    
    Entitlements:
    
    {
    "com.apple.application-identifier" = "com.zipkero.ResourceRunnerUITests.xctrunner";
    "com.apple.security.app-sandbox" = 1;
    "com.apple.security.get-task-allow" = 1;
    "com.apple.security.network.client" = 1;
    "com.apple.security.temporary-exception.files.absolute-path.read-only" =     (
        "/"
    );
    "com.apple.security.temporary-exception.mach-lookup.global-name" =     (
        "com.apple.testmanagerd",
        "com.apple.dt.testmanagerd.runner",
        "com.apple.coresymbolicationd",
        "com.apple.coredevice.version",
        "com.apple.coredevice.service",
        "com.apple.remoted"
    );
    "com.apple.security.temporary-exception.mach-lookup.local-name" =     (
        "com.apple.axserver"
    );
    "com.apple.security.temporary-exception.sbpl" =     (
        "(allow hid-control)",
        "(allow signal)"
    );
}
    
    builtin-productPackagingUtility -entitlements -format xml -o /tmp/rr-macos-capacity-derived/Build/Intermediates.noindex/ResourceRunner.build/Debug/ResourceRunnerUITests.build/ResourceRunnerUITests.xctest.xcent

ProcessProductPackagingDER /tmp/rr-macos-capacity-derived/Build/Intermediates.noindex/ResourceRunner.build/Debug/ResourceRunnerUITests.build/ResourceRunnerUITests.xctest.xcent /tmp/rr-macos-capacity-derived/Build/Intermediates.noindex/ResourceRunner.build/Debug/ResourceRunnerUITests.build/ResourceRunnerUITests.xctest.xcent.der (in target 'ResourceRunnerUITests' from project 'ResourceRunner')
    cd /Users/zipkero/XcodeProjects/ResourceRunner
    /usr/bin/derq query -f xml -i /tmp/rr-macos-capacity-derived/Build/Intermediates.noindex/ResourceRunner.build/Debug/ResourceRunnerUITests.build/ResourceRunnerUITests.xctest.xcent -o /tmp/rr-macos-capacity-derived/Build/Intermediates.noindex/ResourceRunner.build/Debug/ResourceRunnerUITests.build/ResourceRunnerUITests.xctest.xcent.der --raw

SwiftDriver ResourceRunnerTests normal arm64 com.apple.xcode.tools.swift.compiler (in target 'ResourceRunnerTests' from project 'ResourceRunner')
    cd /Users/zipkero/XcodeProjects/ResourceRunner
    builtin-SwiftDriver -- /Applications/Xcode.app/Contents/Developer/Toolchains/XcodeDefault.xctoolchain/usr/bin/swiftc -module-name ResourceRunnerTests -Onone @/tmp/rr-macos-capacity-derived/Build/Intermediates.noindex/ResourceRunner.build/Debug/ResourceRunnerTests.build/Objects-normal/arm64/ResourceRunnerTests.SwiftFileList -DDEBUG -plugin-path /Applications/Xcode.app/Contents/Developer/Toolchains/XcodeDefault.xctoolchain/usr/lib/swift/host/plugins/testing -enable-bare-slash-regex -enable-upcoming-feature DisableOutwardActorInference -enable-upcoming-feature InferSendableFromCaptures -enable-upcoming-feature GlobalActorIsolatedTypesUsability -enable-upcoming-feature MemberImportVisibility -enable-upcoming-feature InferIsolatedConformances -enable-upcoming-feature NonisolatedNonsendingByDefault -enable-experimental-feature DebugDescriptionMacro -sdk /Applications/Xcode.app/Contents/Developer/Platforms/MacOSX.platform/Developer/SDKs/MacOSX26.5.sdk -target arm64-apple-macos26.5 -g -module-cache-path /tmp/rr-macos-capacity-derived/ModuleCache.noindex -Xfrontend -serialize-debugging-options -profile-coverage-mapping -profile-generate -enable-testing -index-store-path /tmp/rr-macos-capacity-derived/Index.noindex/DataStore -Xcc -D_LIBCPP_HARDENING_MODE\=_LIBCPP_HARDENING_MODE_DEBUG -swift-version 5 -I /tmp/rr-macos-capacity-derived/Build/Products/Debug -Isystem /Applications/Xcode.app/Contents/Developer/Platforms/MacOSX.platform/Developer/usr/lib -F /tmp/rr-macos-capacity-derived/Build/Products/Debug -F /Applications/Xcode.app/Contents/Developer/Platforms/MacOSX.platform/Developer/Library/Frameworks -c -j14 -enable-batch-mode -incremental -Xcc -ivfsstatcache -Xcc /tmp/rr-macos-capacity-derived/SDKStatCaches.noindex/macosx26.5-25F70-e082c4a02f00227109f4ed75e425c832.sdkstatcache -output-file-map /tmp/rr-macos-capacity-derived/Build/Intermediates.noindex/ResourceRunner.build/Debug/ResourceRunnerTests.build/Objects-normal/arm64/ResourceRunnerTests-OutputFileMap.json -use-frontend-parseable-output -save-temps -no-color-diagnostics -explicit-module-build -module-cache-path /tmp/rr-macos-capacity-derived/Build/Intermediates.noindex/SwiftExplicitPrecompiledModules -clang-scanner-module-cache-path /tmp/rr-macos-capacity-derived/ModuleCache.noindex -sdk-module-cache-path /tmp/rr-macos-capacity-derived/ModuleCache.noindex -serialize-diagnostics -emit-dependencies -emit-module -emit-module-path /tmp/rr-macos-capacity-derived/Build/Intermediates.noindex/ResourceRunner.build/Debug/ResourceRunnerTests.build/Objects-normal/arm64/ResourceRunnerTests.swiftmodule -validate-clang-modules-once -clang-build-session-file /tmp/rr-macos-capacity-derived/ModuleCache.noindex/Session.modulevalidation -Xcc -I/tmp/rr-macos-capacity-derived/Build/Intermediates.noindex/ResourceRunner.build/Debug/ResourceRunnerTests.build/swift-overrides.hmap -emit-const-values -Xfrontend -const-gather-protocols-file -Xfrontend /tmp/rr-macos-capacity-derived/Build/Intermediates.noindex/ResourceRunner.build/Debug/ResourceRunnerTests.build/Objects-normal/arm64/ResourceRunnerTests_const_extract_protocols.json -Xcc -iquote -Xcc /tmp/rr-macos-capacity-derived/Build/Intermediates.noindex/ResourceRunner.build/Debug/ResourceRunnerTests.build/ResourceRunnerTests-generated-files.hmap -Xcc -I/tmp/rr-macos-capacity-derived/Build/Intermediates.noindex/ResourceRunner.build/Debug/ResourceRunnerTests.build/ResourceRunnerTests-own-target-headers.hmap -Xcc -I/tmp/rr-macos-capacity-derived/Build/Intermediates.noindex/ResourceRunner.build/Debug/ResourceRunnerTests.build/ResourceRunnerTests-all-target-headers.hmap -Xcc -iquote -Xcc /tmp/rr-macos-capacity-derived/Build/Intermediates.noindex/ResourceRunner.build/Debug/ResourceRunnerTests.build/ResourceRunnerTests-project-headers.hmap -Xcc -I/tmp/rr-macos-capacity-derived/Build/Products/Debug/include -Xcc -I/tmp/rr-macos-capacity-derived/Build/Intermediates.noindex/ResourceRunner.build/Debug/ResourceRunnerTests.build/DerivedSources-normal/arm64 -Xcc -I/tmp/rr-macos-capacity-derived/Build/Intermediates.noindex/ResourceRunner.build/Debug/ResourceRunnerTests.build/DerivedSources/arm64 -Xcc -I/tmp/rr-macos-capacity-derived/Build/Intermediates.noindex/ResourceRunner.build/Debug/ResourceRunnerTests.build/DerivedSources -Xcc -DDEBUG\=1 -emit-objc-header -emit-objc-header-path /tmp/rr-macos-capacity-derived/Build/Intermediates.noindex/ResourceRunner.build/Debug/ResourceRunnerTests.build/Objects-normal/arm64/ResourceRunnerTests-Swift.h -working-directory /Users/zipkero/XcodeProjects/ResourceRunner -experimental-emit-module-separately -disable-cmo

SwiftDriver ResourceRunnerUITests normal arm64 com.apple.xcode.tools.swift.compiler (in target 'ResourceRunnerUITests' from project 'ResourceRunner')
    cd /Users/zipkero/XcodeProjects/ResourceRunner
    builtin-SwiftDriver -- /Applications/Xcode.app/Contents/Developer/Toolchains/XcodeDefault.xctoolchain/usr/bin/swiftc -module-name ResourceRunnerUITests -Onone @/tmp/rr-macos-capacity-derived/Build/Intermediates.noindex/ResourceRunner.build/Debug/ResourceRunnerUITests.build/Objects-normal/arm64/ResourceRunnerUITests.SwiftFileList -DDEBUG -module-alias Testing\=_Testing_Unavailable -plugin-path /Applications/Xcode.app/Contents/Developer/Toolchains/XcodeDefault.xctoolchain/usr/lib/swift/host/plugins/testing -enable-bare-slash-regex -enable-upcoming-feature DisableOutwardActorInference -enable-upcoming-feature InferSendableFromCaptures -enable-upcoming-feature GlobalActorIsolatedTypesUsability -enable-upcoming-feature MemberImportVisibility -enable-upcoming-feature InferIsolatedConformances -enable-upcoming-feature NonisolatedNonsendingByDefault -enable-experimental-feature DebugDescriptionMacro -sdk /Applications/Xcode.app/Contents/Developer/Platforms/MacOSX.platform/Developer/SDKs/MacOSX26.5.sdk -target arm64-apple-macos26.5 -g -module-cache-path /tmp/rr-macos-capacity-derived/ModuleCache.noindex -Xfrontend -serialize-debugging-options -profile-coverage-mapping -profile-generate -enable-testing -index-store-path /tmp/rr-macos-capacity-derived/Index.noindex/DataStore -Xcc -D_LIBCPP_HARDENING_MODE\=_LIBCPP_HARDENING_MODE_DEBUG -swift-version 5 -I /tmp/rr-macos-capacity-derived/Build/Products/Debug -Isystem /Applications/Xcode.app/Contents/Developer/Platforms/MacOSX.platform/Developer/usr/lib -F /tmp/rr-macos-capacity-derived/Build/Products/Debug -F /Applications/Xcode.app/Contents/Developer/Platforms/MacOSX.platform/Developer/Library/Frameworks -c -j14 -enable-batch-mode -incremental -Xcc -ivfsstatcache -Xcc /tmp/rr-macos-capacity-derived/SDKStatCaches.noindex/macosx26.5-25F70-e082c4a02f00227109f4ed75e425c832.sdkstatcache -output-file-map /tmp/rr-macos-capacity-derived/Build/Intermediates.noindex/ResourceRunner.build/Debug/ResourceRunnerUITests.build/Objects-normal/arm64/ResourceRunnerUITests-OutputFileMap.json -use-frontend-parseable-output -save-temps -no-color-diagnostics -explicit-module-build -module-cache-path /tmp/rr-macos-capacity-derived/Build/Intermediates.noindex/SwiftExplicitPrecompiledModules -clang-scanner-module-cache-path /tmp/rr-macos-capacity-derived/ModuleCache.noindex -sdk-module-cache-path /tmp/rr-macos-capacity-derived/ModuleCache.noindex -serialize-diagnostics -emit-dependencies -emit-module -emit-module-path /tmp/rr-macos-capacity-derived/Build/Intermediates.noindex/ResourceRunner.build/Debug/ResourceRunnerUITests.build/Objects-normal/arm64/ResourceRunnerUITests.swiftmodule -validate-clang-modules-once -clang-build-session-file /tmp/rr-macos-capacity-derived/ModuleCache.noindex/Session.modulevalidation -Xcc -I/tmp/rr-macos-capacity-derived/Build/Intermediates.noindex/ResourceRunner.build/Debug/ResourceRunnerUITests.build/swift-overrides.hmap -emit-const-values -Xfrontend -const-gather-protocols-file -Xfrontend /tmp/rr-macos-capacity-derived/Build/Intermediates.noindex/ResourceRunner.build/Debug/ResourceRunnerUITests.build/Objects-normal/arm64/ResourceRunnerUITests_const_extract_protocols.json -Xcc -iquote -Xcc /tmp/rr-macos-capacity-derived/Build/Intermediates.noindex/ResourceRunner.build/Debug/ResourceRunnerUITests.build/ResourceRunnerUITests-generated-files.hmap -Xcc -I/tmp/rr-macos-capacity-derived/Build/Intermediates.noindex/ResourceRunner.build/Debug/ResourceRunnerUITests.build/ResourceRunnerUITests-own-target-headers.hmap -Xcc -I/tmp/rr-macos-capacity-derived/Build/Intermediates.noindex/ResourceRunner.build/Debug/ResourceRunnerUITests.build/ResourceRunnerUITests-all-target-headers.hmap -Xcc -iquote -Xcc /tmp/rr-macos-capacity-derived/Build/Intermediates.noindex/ResourceRunner.build/Debug/ResourceRunnerUITests.build/ResourceRunnerUITests-project-headers.hmap -Xcc -I/tmp/rr-macos-capacity-derived/Build/Products/Debug/include -Xcc -I/tmp/rr-macos-capacity-derived/Build/Intermediates.noindex/ResourceRunner.build/Debug/ResourceRunnerUITests.build/DerivedSources-normal/arm64 -Xcc -I/tmp/rr-macos-capacity-derived/Build/Intermediates.noindex/ResourceRunner.build/Debug/ResourceRunnerUITests.build/DerivedSources/arm64 -Xcc -I/tmp/rr-macos-capacity-derived/Build/Intermediates.noindex/ResourceRunner.build/Debug/ResourceRunnerUITests.build/DerivedSources -Xcc -DDEBUG\=1 -emit-objc-header -emit-objc-header-path /tmp/rr-macos-capacity-derived/Build/Intermediates.noindex/ResourceRunner.build/Debug/ResourceRunnerUITests.build/Objects-normal/arm64/ResourceRunnerUITests-Swift.h -working-directory /Users/zipkero/XcodeProjects/ResourceRunner -experimental-emit-module-separately -disable-cmo

SwiftDriverJobDiscovery normal arm64 Compiling LoginItemService.swift, MemorySystemMetricsCollector.swift, MonitoringLifecycle.swift, MonitoringSampleStore.swift (in target 'ResourceRunner' from project 'ResourceRunner')

SwiftDriverJobDiscovery normal arm64 Compiling ApplicationRowIcon.swift, AppPreferences.swift, AuxiliaryCollectionScheduler.swift, CharacterStateSource.swift (in target 'ResourceRunner' from project 'ResourceRunner')

SwiftDriverJobDiscovery normal arm64 Compiling SystemMetrics.swift, SystemMetricsSampleSource.swift, GeneratedAssetSymbols.swift (in target 'ResourceRunner' from project 'ResourceRunner')

SwiftDriverJobDiscovery normal arm64 Compiling AppDelegate.swift, ApplicationCoordinator.swift, ApplicationIconCache.swift, ApplicationRanking.swift (in target 'ResourceRunner' from project 'ResourceRunner')

SwiftDriverJobDiscovery normal arm64 Compiling CPUSystemMetricsCollector.swift, DashboardColorPalette.swift, DashboardPresentation.swift, DashboardPresentationStore.swift (in target 'ResourceRunner' from project 'ResourceRunner')

SwiftDriverJobDiscovery normal arm64 Compiling StatusBarController.swift, StorageMetadata.swift, SystemLifecycleObserver.swift (in target 'ResourceRunner' from project 'ResourceRunner')

SwiftDriverJobDiscovery normal arm64 Compiling ResourceActivityPresentation.swift, ResourceQuantityFormatter.swift, ResourceRateGraph.swift, ResourceRateGraphView.swift (in target 'ResourceRunner' from project 'ResourceRunner')

SwiftDriverJobDiscovery normal arm64 Compiling ResourceRunnerApp.swift, ResourceTopologyObserver.swift, SettingsWindowController.swift (in target 'ResourceRunner' from project 'ResourceRunner')

SwiftDriverJobDiscovery normal arm64 Compiling NetworkNativeAdapter.swift, NetworkTopology.swift, PreferencesStore.swift, PreferencesView.swift (in target 'ResourceRunner' from project 'ResourceRunner')

SwiftDriverJobDiscovery normal arm64 Compiling MonitoringScheduler.swift, NetworkActivity.swift, NetworkDashboardView.swift, NetworkMetadata.swift (in target 'ResourceRunner' from project 'ResourceRunner')

SwiftExplicitDependencyGeneratePcm arm64 /tmp/rr-macos-capacity-derived/Build/Intermediates.noindex/SwiftExplicitPrecompiledModules/XCUIAutomation-CV4E0XZCF7E9POT88BJYBYFYG.pcm

SwiftExplicitDependencyCompileModuleFromInterface arm64 /tmp/rr-macos-capacity-derived/Build/Intermediates.noindex/SwiftExplicitPrecompiledModules/Testing-39W1MQYSF1RWX.swiftmodule

SwiftExplicitDependencyGeneratePcm arm64 /tmp/rr-macos-capacity-derived/Build/Intermediates.noindex/SwiftExplicitPrecompiledModules/XCTest-BF0NENW8Z3WVJL97HJG7XWA44.pcm

SwiftExplicitDependencyCompileModuleFromInterface arm64 /tmp/rr-macos-capacity-derived/Build/Intermediates.noindex/SwiftExplicitPrecompiledModules/XCUIAutomation-3L67S9WX9TO26.swiftmodule

SwiftExplicitDependencyCompileModuleFromInterface arm64 /tmp/rr-macos-capacity-derived/Build/Intermediates.noindex/SwiftExplicitPrecompiledModules/XCTest-2F15JC9ZTGTL6.swiftmodule

SwiftExplicitDependencyCompileModuleFromInterface arm64 /tmp/rr-macos-capacity-derived/Build/Intermediates.noindex/SwiftExplicitPrecompiledModules/_Testing_CoreGraphics-1EZK1U02UMEY0.swiftmodule

SwiftExplicitDependencyCompileModuleFromInterface arm64 /tmp/rr-macos-capacity-derived/Build/Intermediates.noindex/SwiftExplicitPrecompiledModules/_Testing_Foundation-10DNAJLXXZ10.swiftmodule

SwiftExplicitDependencyCompileModuleFromInterface arm64 /tmp/rr-macos-capacity-derived/Build/Intermediates.noindex/SwiftExplicitPrecompiledModules/_Testing_AppKit-3IVYKC5U3T1QI.swiftmodule

SwiftEmitModule normal arm64 Emitting\ module\ for\ ResourceRunnerUITests (in target 'ResourceRunnerUITests' from project 'ResourceRunner')

EmitSwiftModule normal arm64 (in target 'ResourceRunnerUITests' from project 'ResourceRunner')
    cd /Users/zipkero/XcodeProjects/ResourceRunner
    

SwiftCompile normal arm64 Compiling\ OneSessionMonitoringIntegrationUITests.swift /Users/zipkero/XcodeProjects/ResourceRunner/ResourceRunnerUITests/OneSessionMonitoringIntegrationUITests.swift (in target 'ResourceRunnerUITests' from project 'ResourceRunner')

SwiftCompile normal arm64 /Users/zipkero/XcodeProjects/ResourceRunner/ResourceRunnerUITests/OneSessionMonitoringIntegrationUITests.swift (in target 'ResourceRunnerUITests' from project 'ResourceRunner')
    cd /Users/zipkero/XcodeProjects/ResourceRunner
    

SwiftCompile normal arm64 Compiling\ StatusItemAccessibilityUITests.swift /Users/zipkero/XcodeProjects/ResourceRunner/ResourceRunnerUITests/StatusItemAccessibilityUITests.swift (in target 'ResourceRunnerUITests' from project 'ResourceRunner')

SwiftCompile normal arm64 /Users/zipkero/XcodeProjects/ResourceRunner/ResourceRunnerUITests/StatusItemAccessibilityUITests.swift (in target 'ResourceRunnerUITests' from project 'ResourceRunner')
    cd /Users/zipkero/XcodeProjects/ResourceRunner
    

SwiftCompile normal arm64 Compiling\ ResourceRunnerUITestsLaunchTests.swift /Users/zipkero/XcodeProjects/ResourceRunner/ResourceRunnerUITests/ResourceRunnerUITestsLaunchTests.swift (in target 'ResourceRunnerUITests' from project 'ResourceRunner')

SwiftCompile normal arm64 /Users/zipkero/XcodeProjects/ResourceRunner/ResourceRunnerUITests/ResourceRunnerUITestsLaunchTests.swift (in target 'ResourceRunnerUITests' from project 'ResourceRunner')
    cd /Users/zipkero/XcodeProjects/ResourceRunner
    

SwiftCompile normal arm64 Compiling\ DashboardViewportUITests.swift /Users/zipkero/XcodeProjects/ResourceRunner/ResourceRunnerUITests/DashboardViewportUITests.swift (in target 'ResourceRunnerUITests' from project 'ResourceRunner')

SwiftCompile normal arm64 /Users/zipkero/XcodeProjects/ResourceRunner/ResourceRunnerUITests/DashboardViewportUITests.swift (in target 'ResourceRunnerUITests' from project 'ResourceRunner')
    cd /Users/zipkero/XcodeProjects/ResourceRunner
    

SwiftCompile normal arm64 Compiling\ DiskCardUITests.swift /Users/zipkero/XcodeProjects/ResourceRunner/ResourceRunnerUITests/DiskCardUITests.swift (in target 'ResourceRunnerUITests' from project 'ResourceRunner')

SwiftCompile normal arm64 /Users/zipkero/XcodeProjects/ResourceRunner/ResourceRunnerUITests/DiskCardUITests.swift (in target 'ResourceRunnerUITests' from project 'ResourceRunner')
    cd /Users/zipkero/XcodeProjects/ResourceRunner
    

SwiftCompile normal arm64 Compiling\ NetworkCardUITests.swift /Users/zipkero/XcodeProjects/ResourceRunner/ResourceRunnerUITests/NetworkCardUITests.swift (in target 'ResourceRunnerUITests' from project 'ResourceRunner')

SwiftCompile normal arm64 /Users/zipkero/XcodeProjects/ResourceRunner/ResourceRunnerUITests/NetworkCardUITests.swift (in target 'ResourceRunnerUITests' from project 'ResourceRunner')
    cd /Users/zipkero/XcodeProjects/ResourceRunner
    

SwiftCompile normal arm64 Compiling\ DashboardCPUCardUITests.swift,\ DashboardDetailExpansionUITests.swift /Users/zipkero/XcodeProjects/ResourceRunner/ResourceRunnerUITests/DashboardCPUCardUITests.swift /Users/zipkero/XcodeProjects/ResourceRunner/ResourceRunnerUITests/DashboardDetailExpansionUITests.swift (in target 'ResourceRunnerUITests' from project 'ResourceRunner')

SwiftCompile normal arm64 /Users/zipkero/XcodeProjects/ResourceRunner/ResourceRunnerUITests/DashboardCPUCardUITests.swift (in target 'ResourceRunnerUITests' from project 'ResourceRunner')
    cd /Users/zipkero/XcodeProjects/ResourceRunner
    

SwiftCompile normal arm64 /Users/zipkero/XcodeProjects/ResourceRunner/ResourceRunnerUITests/DashboardDetailExpansionUITests.swift (in target 'ResourceRunnerUITests' from project 'ResourceRunner')
    cd /Users/zipkero/XcodeProjects/ResourceRunner
    

SwiftCompile normal arm64 Compiling\ SettingsWindowUITests.swift /Users/zipkero/XcodeProjects/ResourceRunner/ResourceRunnerUITests/SettingsWindowUITests.swift (in target 'ResourceRunnerUITests' from project 'ResourceRunner')

SwiftCompile normal arm64 /Users/zipkero/XcodeProjects/ResourceRunner/ResourceRunnerUITests/SettingsWindowUITests.swift (in target 'ResourceRunnerUITests' from project 'ResourceRunner')
    cd /Users/zipkero/XcodeProjects/ResourceRunner
    

SwiftCompile normal arm64 Compiling\ DashboardDetailPopoverUITests.swift /Users/zipkero/XcodeProjects/ResourceRunner/ResourceRunnerUITests/DashboardDetailPopoverUITests.swift (in target 'ResourceRunnerUITests' from project 'ResourceRunner')

SwiftCompile normal arm64 /Users/zipkero/XcodeProjects/ResourceRunner/ResourceRunnerUITests/DashboardDetailPopoverUITests.swift (in target 'ResourceRunnerUITests' from project 'ResourceRunner')
    cd /Users/zipkero/XcodeProjects/ResourceRunner
    

SwiftCompile normal arm64 Compiling\ DashboardPreferencesVisibilityUITests.swift /Users/zipkero/XcodeProjects/ResourceRunner/ResourceRunnerUITests/DashboardPreferencesVisibilityUITests.swift (in target 'ResourceRunnerUITests' from project 'ResourceRunner')

SwiftCompile normal arm64 /Users/zipkero/XcodeProjects/ResourceRunner/ResourceRunnerUITests/DashboardPreferencesVisibilityUITests.swift (in target 'ResourceRunnerUITests' from project 'ResourceRunner')
    cd /Users/zipkero/XcodeProjects/ResourceRunner
    

SwiftCompile normal arm64 Compiling\ DashboardMemoryCardUITests.swift /Users/zipkero/XcodeProjects/ResourceRunner/ResourceRunnerUITests/DashboardMemoryCardUITests.swift (in target 'ResourceRunnerUITests' from project 'ResourceRunner')

SwiftCompile normal arm64 /Users/zipkero/XcodeProjects/ResourceRunner/ResourceRunnerUITests/DashboardMemoryCardUITests.swift (in target 'ResourceRunnerUITests' from project 'ResourceRunner')
    cd /Users/zipkero/XcodeProjects/ResourceRunner
    

SwiftEmitModule normal arm64 Emitting\ module\ for\ ResourceRunnerTests (in target 'ResourceRunnerTests' from project 'ResourceRunner')
EmitSwiftModule normal arm64 (in target 'ResourceRunnerTests' from project 'ResourceRunner')
    cd /Users/zipkero/XcodeProjects/ResourceRunner
    
/Users/zipkero/XcodeProjects/ResourceRunner/ResourceRunnerTests/DashboardCardLayoutTests.swift:233:5: warning: 'nonisolated(unsafe)' is unnecessary for a constant with 'Sendable' type '[NSColor]', consider removing it
    nonisolated(unsafe) static let candidates: [NSColor] = resolvedInBothAppearances(DashboardStyle.CardSurface.fillColor)
    ^~~~~~~~~~~~~~~~~~~~
    
/Users/zipkero/XcodeProjects/ResourceRunner/ResourceRunnerTests/DashboardCardLayoutTests.swift:237:5: warning: 'nonisolated(unsafe)' is unnecessary for a constant with 'Sendable' type '[NSColor]', consider removing it
    nonisolated(unsafe) static let candidates: [NSColor] = resolvedInBothAppearances(DashboardColorPalette.graphPlotSurface)
    ^~~~~~~~~~~~~~~~~~~~
    
/Users/zipkero/XcodeProjects/ResourceRunner/ResourceRunnerTests/SystemLifecycleObserverTests.swift:43:21: warning: class 'OrderTrackingNotificationCenter' must restate inherited '@unchecked Sendable' conformance
private final class OrderTrackingNotificationCenter: NotificationCenter {
                    ^
                                                                       , @unchecked Sendable

SwiftDriverJobDiscovery normal arm64 Compiling DiskDashboardView.swift, DiskNativeAdapter.swift, DiskTopology.swift, LoginItemController.swift (in target 'ResourceRunner' from project 'ResourceRunner')

SwiftCompile normal arm64 Compiling\ CPUCoreAccessibilityUITests.swift,\ DashboardCardSelectionUITests.swift /Users/zipkero/XcodeProjects/ResourceRunner/ResourceRunnerUITests/CPUCoreAccessibilityUITests.swift /Users/zipkero/XcodeProjects/ResourceRunner/ResourceRunnerUITests/DashboardCardSelectionUITests.swift (in target 'ResourceRunnerUITests' from project 'ResourceRunner')

SwiftCompile normal arm64 /Users/zipkero/XcodeProjects/ResourceRunner/ResourceRunnerUITests/CPUCoreAccessibilityUITests.swift (in target 'ResourceRunnerUITests' from project 'ResourceRunner')
    cd /Users/zipkero/XcodeProjects/ResourceRunner
    

SwiftCompile normal arm64 /Users/zipkero/XcodeProjects/ResourceRunner/ResourceRunnerUITests/DashboardCardSelectionUITests.swift (in target 'ResourceRunnerUITests' from project 'ResourceRunner')
    cd /Users/zipkero/XcodeProjects/ResourceRunner
    

SwiftDriverJobDiscovery normal arm64 Emitting module for ResourceRunnerUITests (in target 'ResourceRunnerUITests' from project 'ResourceRunner')

SwiftDriver\ Compilation\ Requirements ResourceRunnerUITests normal arm64 com.apple.xcode.tools.swift.compiler (in target 'ResourceRunnerUITests' from project 'ResourceRunner')
    cd /Users/zipkero/XcodeProjects/ResourceRunner
    builtin-Swift-Compilation-Requirements -- /Applications/Xcode.app/Contents/Developer/Toolchains/XcodeDefault.xctoolchain/usr/bin/swiftc -module-name ResourceRunnerUITests -Onone @/tmp/rr-macos-capacity-derived/Build/Intermediates.noindex/ResourceRunner.build/Debug/ResourceRunnerUITests.build/Objects-normal/arm64/ResourceRunnerUITests.SwiftFileList -DDEBUG -module-alias Testing\=_Testing_Unavailable -plugin-path /Applications/Xcode.app/Contents/Developer/Toolchains/XcodeDefault.xctoolchain/usr/lib/swift/host/plugins/testing -enable-bare-slash-regex -enable-upcoming-feature DisableOutwardActorInference -enable-upcoming-feature InferSendableFromCaptures -enable-upcoming-feature GlobalActorIsolatedTypesUsability -enable-upcoming-feature MemberImportVisibility -enable-upcoming-feature InferIsolatedConformances -enable-upcoming-feature NonisolatedNonsendingByDefault -enable-experimental-feature DebugDescriptionMacro -sdk /Applications/Xcode.app/Contents/Developer/Platforms/MacOSX.platform/Developer/SDKs/MacOSX26.5.sdk -target arm64-apple-macos26.5 -g -module-cache-path /tmp/rr-macos-capacity-derived/ModuleCache.noindex -Xfrontend -serialize-debugging-options -profile-coverage-mapping -profile-generate -enable-testing -index-store-path /tmp/rr-macos-capacity-derived/Index.noindex/DataStore -Xcc -D_LIBCPP_HARDENING_MODE\=_LIBCPP_HARDENING_MODE_DEBUG -swift-version 5 -I /tmp/rr-macos-capacity-derived/Build/Products/Debug -Isystem /Applications/Xcode.app/Contents/Developer/Platforms/MacOSX.platform/Developer/usr/lib -F /tmp/rr-macos-capacity-derived/Build/Products/Debug -F /Applications/Xcode.app/Contents/Developer/Platforms/MacOSX.platform/Developer/Library/Frameworks -c -j14 -enable-batch-mode -incremental -Xcc -ivfsstatcache -Xcc /tmp/rr-macos-capacity-derived/SDKStatCaches.noindex/macosx26.5-25F70-e082c4a02f00227109f4ed75e425c832.sdkstatcache -output-file-map /tmp/rr-macos-capacity-derived/Build/Intermediates.noindex/ResourceRunner.build/Debug/ResourceRunnerUITests.build/Objects-normal/arm64/ResourceRunnerUITests-OutputFileMap.json -use-frontend-parseable-output -save-temps -no-color-diagnostics -explicit-module-build -module-cache-path /tmp/rr-macos-capacity-derived/Build/Intermediates.noindex/SwiftExplicitPrecompiledModules -clang-scanner-module-cache-path /tmp/rr-macos-capacity-derived/ModuleCache.noindex -sdk-module-cache-path /tmp/rr-macos-capacity-derived/ModuleCache.noindex -serialize-diagnostics -emit-dependencies -emit-module -emit-module-path /tmp/rr-macos-capacity-derived/Build/Intermediates.noindex/ResourceRunner.build/Debug/ResourceRunnerUITests.build/Objects-normal/arm64/ResourceRunnerUITests.swiftmodule -validate-clang-modules-once -clang-build-session-file /tmp/rr-macos-capacity-derived/ModuleCache.noindex/Session.modulevalidation -Xcc -I/tmp/rr-macos-capacity-derived/Build/Intermediates.noindex/ResourceRunner.build/Debug/ResourceRunnerUITests.build/swift-overrides.hmap -emit-const-values -Xfrontend -const-gather-protocols-file -Xfrontend /tmp/rr-macos-capacity-derived/Build/Intermediates.noindex/ResourceRunner.build/Debug/ResourceRunnerUITests.build/Objects-normal/arm64/ResourceRunnerUITests_const_extract_protocols.json -Xcc -iquote -Xcc /tmp/rr-macos-capacity-derived/Build/Intermediates.noindex/ResourceRunner.build/Debug/ResourceRunnerUITests.build/ResourceRunnerUITests-generated-files.hmap -Xcc -I/tmp/rr-macos-capacity-derived/Build/Intermediates.noindex/ResourceRunner.build/Debug/ResourceRunnerUITests.build/ResourceRunnerUITests-own-target-headers.hmap -Xcc -I/tmp/rr-macos-capacity-derived/Build/Intermediates.noindex/ResourceRunner.build/Debug/ResourceRunnerUITests.build/ResourceRunnerUITests-all-target-headers.hmap -Xcc -iquote -Xcc /tmp/rr-macos-capacity-derived/Build/Intermediates.noindex/ResourceRunner.build/Debug/ResourceRunnerUITests.build/ResourceRunnerUITests-project-headers.hmap -Xcc -I/tmp/rr-macos-capacity-derived/Build/Products/Debug/include -Xcc -I/tmp/rr-macos-capacity-derived/Build/Intermediates.noindex/ResourceRunner.build/Debug/ResourceRunnerUITests.build/DerivedSources-normal/arm64 -Xcc -I/tmp/rr-macos-capacity-derived/Build/Intermediates.noindex/ResourceRunner.build/Debug/ResourceRunnerUITests.build/DerivedSources/arm64 -Xcc -I/tmp/rr-macos-capacity-derived/Build/Intermediates.noindex/ResourceRunner.build/Debug/ResourceRunnerUITests.build/DerivedSources -Xcc -DDEBUG\=1 -emit-objc-header -emit-objc-header-path /tmp/rr-macos-capacity-derived/Build/Intermediates.noindex/ResourceRunner.build/Debug/ResourceRunnerUITests.build/Objects-normal/arm64/ResourceRunnerUITests-Swift.h -working-directory /Users/zipkero/XcodeProjects/ResourceRunner -experimental-emit-module-separately -disable-cmo

SwiftDriverJobDiscovery normal arm64 Compiling ResourceRunnerUITestsLaunchTests.swift (in target 'ResourceRunnerUITests' from project 'ResourceRunner')

SwiftCompile normal arm64 Compiling\ DashboardProcessListDisplayUITests.swift /Users/zipkero/XcodeProjects/ResourceRunner/ResourceRunnerUITests/DashboardProcessListDisplayUITests.swift (in target 'ResourceRunnerUITests' from project 'ResourceRunner')

SwiftCompile normal arm64 /Users/zipkero/XcodeProjects/ResourceRunner/ResourceRunnerUITests/DashboardProcessListDisplayUITests.swift (in target 'ResourceRunnerUITests' from project 'ResourceRunner')
    cd /Users/zipkero/XcodeProjects/ResourceRunner
    

SwiftMergeGeneratedHeaders /tmp/rr-macos-capacity-derived/Build/Intermediates.noindex/ResourceRunner.build/Debug/ResourceRunnerUITests.build/DerivedSources/ResourceRunnerUITests-Swift.h /tmp/rr-macos-capacity-derived/Build/Intermediates.noindex/ResourceRunner.build/Debug/ResourceRunnerUITests.build/Objects-normal/arm64/ResourceRunnerUITests-Swift.h (in target 'ResourceRunnerUITests' from project 'ResourceRunner')
    cd /Users/zipkero/XcodeProjects/ResourceRunner
    builtin-swiftHeaderTool -arch arm64 /tmp/rr-macos-capacity-derived/Build/Intermediates.noindex/ResourceRunner.build/Debug/ResourceRunnerUITests.build/Objects-normal/arm64/ResourceRunnerUITests-Swift.h -o /tmp/rr-macos-capacity-derived/Build/Intermediates.noindex/ResourceRunner.build/Debug/ResourceRunnerUITests.build/DerivedSources/ResourceRunnerUITests-Swift.h

SwiftDriverJobDiscovery normal arm64 Compiling StatusItemAccessibilityUITests.swift (in target 'ResourceRunnerUITests' from project 'ResourceRunner')

Copy /tmp/rr-macos-capacity-derived/Build/Products/Debug/ResourceRunnerUITests.swiftmodule/arm64-apple-macos.swiftmodule /tmp/rr-macos-capacity-derived/Build/Intermediates.noindex/ResourceRunner.build/Debug/ResourceRunnerUITests.build/Objects-normal/arm64/ResourceRunnerUITests.swiftmodule (in target 'ResourceRunnerUITests' from project 'ResourceRunner')
    cd /Users/zipkero/XcodeProjects/ResourceRunner
    builtin-copy -exclude .DS_Store -exclude CVS -exclude .svn -exclude .git -exclude .hg -resolve-src-symlinks -rename /tmp/rr-macos-capacity-derived/Build/Intermediates.noindex/ResourceRunner.build/Debug/ResourceRunnerUITests.build/Objects-normal/arm64/ResourceRunnerUITests.swiftmodule /tmp/rr-macos-capacity-derived/Build/Products/Debug/ResourceRunnerUITests.swiftmodule/arm64-apple-macos.swiftmodule

Copy /tmp/rr-macos-capacity-derived/Build/Products/Debug/ResourceRunnerUITests.swiftmodule/arm64-apple-macos.swiftdoc /tmp/rr-macos-capacity-derived/Build/Intermediates.noindex/ResourceRunner.build/Debug/ResourceRunnerUITests.build/Objects-normal/arm64/ResourceRunnerUITests.swiftdoc (in target 'ResourceRunnerUITests' from project 'ResourceRunner')
    cd /Users/zipkero/XcodeProjects/ResourceRunner
    builtin-copy -exclude .DS_Store -exclude CVS -exclude .svn -exclude .git -exclude .hg -resolve-src-symlinks -rename /tmp/rr-macos-capacity-derived/Build/Intermediates.noindex/ResourceRunner.build/Debug/ResourceRunnerUITests.build/Objects-normal/arm64/ResourceRunnerUITests.swiftdoc /tmp/rr-macos-capacity-derived/Build/Products/Debug/ResourceRunnerUITests.swiftmodule/arm64-apple-macos.swiftdoc

Copy /tmp/rr-macos-capacity-derived/Build/Products/Debug/ResourceRunnerUITests.swiftmodule/arm64-apple-macos.abi.json /tmp/rr-macos-capacity-derived/Build/Intermediates.noindex/ResourceRunner.build/Debug/ResourceRunnerUITests.build/Objects-normal/arm64/ResourceRunnerUITests.abi.json (in target 'ResourceRunnerUITests' from project 'ResourceRunner')
    cd /Users/zipkero/XcodeProjects/ResourceRunner
    builtin-copy -exclude .DS_Store -exclude CVS -exclude .svn -exclude .git -exclude .hg -resolve-src-symlinks -rename /tmp/rr-macos-capacity-derived/Build/Intermediates.noindex/ResourceRunner.build/Debug/ResourceRunnerUITests.build/Objects-normal/arm64/ResourceRunnerUITests.abi.json /tmp/rr-macos-capacity-derived/Build/Products/Debug/ResourceRunnerUITests.swiftmodule/arm64-apple-macos.abi.json

Copy /tmp/rr-macos-capacity-derived/Build/Products/Debug/ResourceRunnerUITests.swiftmodule/Project/arm64-apple-macos.swiftsourceinfo /tmp/rr-macos-capacity-derived/Build/Intermediates.noindex/ResourceRunner.build/Debug/ResourceRunnerUITests.build/Objects-normal/arm64/ResourceRunnerUITests.swiftsourceinfo (in target 'ResourceRunnerUITests' from project 'ResourceRunner')
    cd /Users/zipkero/XcodeProjects/ResourceRunner
    builtin-copy -exclude .DS_Store -exclude CVS -exclude .svn -exclude .git -exclude .hg -resolve-src-symlinks -rename /tmp/rr-macos-capacity-derived/Build/Intermediates.noindex/ResourceRunner.build/Debug/ResourceRunnerUITests.build/Objects-normal/arm64/ResourceRunnerUITests.swiftsourceinfo /tmp/rr-macos-capacity-derived/Build/Products/Debug/ResourceRunnerUITests.swiftmodule/Project/arm64-apple-macos.swiftsourceinfo

SwiftCompile normal arm64 Compiling\ ResourceRunnerUITests.swift /Users/zipkero/XcodeProjects/ResourceRunner/ResourceRunnerUITests/ResourceRunnerUITests.swift (in target 'ResourceRunnerUITests' from project 'ResourceRunner')

SwiftCompile normal arm64 /Users/zipkero/XcodeProjects/ResourceRunner/ResourceRunnerUITests/ResourceRunnerUITests.swift (in target 'ResourceRunnerUITests' from project 'ResourceRunner')
    cd /Users/zipkero/XcodeProjects/ResourceRunner
    

SwiftCompile normal arm64 Compiling\ ApplicationCoordinatorTests.swift,\ ApplicationIconCacheTests.swift,\ ApplicationProcessRowLayoutTests.swift,\ ApplicationRankingTests.swift /Users/zipkero/XcodeProjects/ResourceRunner/ResourceRunnerTests/ApplicationCoordinatorTests.swift /Users/zipkero/XcodeProjects/ResourceRunner/ResourceRunnerTests/ApplicationIconCacheTests.swift /Users/zipkero/XcodeProjects/ResourceRunner/ResourceRunnerTests/ApplicationProcessRowLayoutTests.swift /Users/zipkero/XcodeProjects/ResourceRunner/ResourceRunnerTests/ApplicationRankingTests.swift (in target 'ResourceRunnerTests' from project 'ResourceRunner')
SwiftCompile normal arm64 /Users/zipkero/XcodeProjects/ResourceRunner/ResourceRunnerTests/ApplicationCoordinatorTests.swift (in target 'ResourceRunnerTests' from project 'ResourceRunner')
    cd /Users/zipkero/XcodeProjects/ResourceRunner
    
/Users/zipkero/XcodeProjects/ResourceRunner/ResourceRunnerTests/ApplicationRankingTests.swift:1079:31: warning: '#require(_:_:)' is redundant because 'result.first { $0.key.value == "/A" }' never equals 'nil' (from macro 'require')
        let a = try? #require(result.first { $0.key.value == "/A" })
                              ^~~~~~~~~~~~~~~~~~~~~~~~~~~~~~~~~~~~~

SwiftCompile normal arm64 /Users/zipkero/XcodeProjects/ResourceRunner/ResourceRunnerTests/ApplicationIconCacheTests.swift (in target 'ResourceRunnerTests' from project 'ResourceRunner')
    cd /Users/zipkero/XcodeProjects/ResourceRunner
    
/Users/zipkero/XcodeProjects/ResourceRunner/ResourceRunnerTests/ApplicationRankingTests.swift:1079:31: warning: '#require(_:_:)' is redundant because 'result.first { $0.key.value == "/A" }' never equals 'nil' (from macro 'require')
        let a = try? #require(result.first { $0.key.value == "/A" })
                              ^~~~~~~~~~~~~~~~~~~~~~~~~~~~~~~~~~~~~

SwiftCompile normal arm64 /Users/zipkero/XcodeProjects/ResourceRunner/ResourceRunnerTests/ApplicationProcessRowLayoutTests.swift (in target 'ResourceRunnerTests' from project 'ResourceRunner')
    cd /Users/zipkero/XcodeProjects/ResourceRunner
    
/Users/zipkero/XcodeProjects/ResourceRunner/ResourceRunnerTests/ApplicationRankingTests.swift:1079:31: warning: '#require(_:_:)' is redundant because 'result.first { $0.key.value == "/A" }' never equals 'nil' (from macro 'require')
        let a = try? #require(result.first { $0.key.value == "/A" })
                              ^~~~~~~~~~~~~~~~~~~~~~~~~~~~~~~~~~~~~

SwiftCompile normal arm64 /Users/zipkero/XcodeProjects/ResourceRunner/ResourceRunnerTests/ApplicationRankingTests.swift (in target 'ResourceRunnerTests' from project 'ResourceRunner')
    cd /Users/zipkero/XcodeProjects/ResourceRunner
    
/Users/zipkero/XcodeProjects/ResourceRunner/ResourceRunnerTests/ApplicationRankingTests.swift:1079:31: warning: '#require(_:_:)' is redundant because 'result.first { $0.key.value == "/A" }' never equals 'nil' (from macro 'require')
        let a = try? #require(result.first { $0.key.value == "/A" })
                              ^~~~~~~~~~~~~~~~~~~~~~~~~~~~~~~~~~~~~

SwiftDriverJobDiscovery normal arm64 Compiling DashboardPreferencesVisibilityUITests.swift (in target 'ResourceRunnerUITests' from project 'ResourceRunner')

SwiftCompile normal arm64 Compiling\ MemoryCompositionDetailTests.swift,\ MemoryCompositionTests.swift,\ MonitoringLifecycleTests.swift /Users/zipkero/XcodeProjects/ResourceRunner/ResourceRunnerTests/MemoryCompositionDetailTests.swift /Users/zipkero/XcodeProjects/ResourceRunner/ResourceRunnerTests/MemoryCompositionTests.swift /Users/zipkero/XcodeProjects/ResourceRunner/ResourceRunnerTests/MonitoringLifecycleTests.swift (in target 'ResourceRunnerTests' from project 'ResourceRunner')

SwiftCompile normal arm64 /Users/zipkero/XcodeProjects/ResourceRunner/ResourceRunnerTests/MemoryCompositionDetailTests.swift (in target 'ResourceRunnerTests' from project 'ResourceRunner')
    cd /Users/zipkero/XcodeProjects/ResourceRunner
    
/Users/zipkero/XcodeProjects/ResourceRunner/ResourceRunnerTests/MonitoringLifecycleTests.swift:111:14: warning: instance method 'lock' is unavailable from asynchronous contexts; Use async-safe scoped locking instead; this is an error in the Swift 6 language mode
        lock.lock()
             ^
Foundation.NSLock.lock:2:11: note: 'lock()' declared here
open func lock()}
          ^
/Users/zipkero/XcodeProjects/ResourceRunner/ResourceRunnerTests/MonitoringLifecycleTests.swift:115:14: warning: instance method 'unlock' is unavailable from asynchronous contexts; Use async-safe scoped locking instead; this is an error in the Swift 6 language mode
        lock.unlock()
             ^
Foundation.NSLock.unlock:2:11: note: 'unlock()' declared here
open func unlock()}
          ^

SwiftCompile normal arm64 /Users/zipkero/XcodeProjects/ResourceRunner/ResourceRunnerTests/MemoryCompositionTests.swift (in target 'ResourceRunnerTests' from project 'ResourceRunner')
    cd /Users/zipkero/XcodeProjects/ResourceRunner
    
/Users/zipkero/XcodeProjects/ResourceRunner/ResourceRunnerTests/MonitoringLifecycleTests.swift:111:14: warning: instance method 'lock' is unavailable from asynchronous contexts; Use async-safe scoped locking instead; this is an error in the Swift 6 language mode
        lock.lock()
             ^
Foundation.NSLock.lock:2:11: note: 'lock()' declared here
open func lock()}
          ^
/Users/zipkero/XcodeProjects/ResourceRunner/ResourceRunnerTests/MonitoringLifecycleTests.swift:115:14: warning: instance method 'unlock' is unavailable from asynchronous contexts; Use async-safe scoped locking instead; this is an error in the Swift 6 language mode
        lock.unlock()
             ^
Foundation.NSLock.unlock:2:11: note: 'unlock()' declared here
open func unlock()}
          ^

SwiftCompile normal arm64 /Users/zipkero/XcodeProjects/ResourceRunner/ResourceRunnerTests/MonitoringLifecycleTests.swift (in target 'ResourceRunnerTests' from project 'ResourceRunner')
    cd /Users/zipkero/XcodeProjects/ResourceRunner
    
/Users/zipkero/XcodeProjects/ResourceRunner/ResourceRunnerTests/MonitoringLifecycleTests.swift:111:14: warning: instance method 'lock' is unavailable from asynchronous contexts; Use async-safe scoped locking instead; this is an error in the Swift 6 language mode
        lock.lock()
             ^
Foundation.NSLock.lock:2:11: note: 'lock()' declared here
open func lock()}
          ^
/Users/zipkero/XcodeProjects/ResourceRunner/ResourceRunnerTests/MonitoringLifecycleTests.swift:115:14: warning: instance method 'unlock' is unavailable from asynchronous contexts; Use async-safe scoped locking instead; this is an error in the Swift 6 language mode
        lock.unlock()
             ^
Foundation.NSLock.unlock:2:11: note: 'unlock()' declared here
open func unlock()}
          ^

SwiftDriverJobDiscovery normal arm64 Compiling NetworkCardUITests.swift (in target 'ResourceRunnerUITests' from project 'ResourceRunner')

SwiftCompile normal arm64 Compiling\ ApplicationRowIconTests.swift,\ AuxiliaryCollectionSchedulerTests.swift,\ CharacterStateSourceTests.swift,\ CollectionAdmissionTests.swift /Users/zipkero/XcodeProjects/ResourceRunner/ResourceRunnerTests/ApplicationRowIconTests.swift /Users/zipkero/XcodeProjects/ResourceRunner/ResourceRunnerTests/AuxiliaryCollectionSchedulerTests.swift /Users/zipkero/XcodeProjects/ResourceRunner/ResourceRunnerTests/CharacterStateSourceTests.swift /Users/zipkero/XcodeProjects/ResourceRunner/ResourceRunnerTests/CollectionAdmissionTests.swift (in target 'ResourceRunnerTests' from project 'ResourceRunner')

SwiftCompile normal arm64 /Users/zipkero/XcodeProjects/ResourceRunner/ResourceRunnerTests/ApplicationRowIconTests.swift (in target 'ResourceRunnerTests' from project 'ResourceRunner')
    cd /Users/zipkero/XcodeProjects/ResourceRunner
    
@__swiftmacro_19ResourceRunnerTests0034ApplicationRowIconTestsswift_oeBCkfMX59_8_6expectfMf_.swift:1:46: warning: '#require(_:_:)' is redundant because 'provider.icon(for: Self.knownKey)' never equals 'nil' (from macro 'require')
Testing.__checkValue(image === (try #require(provider.icon(for: Self.knownKey))),expression: .__fromSyntaxNode("image === (try #require(provider.icon(for: Self.knownKey)))"),comments: [],isRequired: false,sourceLocation: Testing.SourceLocation.__here()).__expected()
                                             ^~~~~~~~~~~~~~~~~~~~~~~~~~~~~~~~~
/Users/zipkero/XcodeProjects/ResourceRunner/ResourceRunnerTests/ApplicationRowIconTests.swift:60:9: note: in expansion of macro 'expect' here
        #expect(image === (try #require(provider.icon(for: Self.knownKey))))
        ^~~~~~~~~~~~~~~~~~~~~~~~~~~~~~~~~~~~~~~~~~~~~~~~~~~~~~~~~~~~~~~~~~~~
/Users/zipkero/XcodeProjects/ResourceRunner/ResourceRunnerTests/ApplicationRowIconTests.swift:60:9: note: in expansion of macro 'expect' here
        #expect(image === (try #require(provider.icon(for: Self.knownKey))))
        ^~~~~~~~~~~~~~~~~~~~~~~~~~~~~~~~~~~~~~~~~~~~~~~~~~~~~~~~~~~~~~~~~~~~

SwiftCompile normal arm64 /Users/zipkero/XcodeProjects/ResourceRunner/ResourceRunnerTests/AuxiliaryCollectionSchedulerTests.swift (in target 'ResourceRunnerTests' from project 'ResourceRunner')
    cd /Users/zipkero/XcodeProjects/ResourceRunner
    
@__swiftmacro_19ResourceRunnerTests0034ApplicationRowIconTestsswift_oeBCkfMX59_8_6expectfMf_.swift:1:46: warning: '#require(_:_:)' is redundant because 'provider.icon(for: Self.knownKey)' never equals 'nil' (from macro 'require')
Testing.__checkValue(image === (try #require(provider.icon(for: Self.knownKey))),expression: .__fromSyntaxNode("image === (try #require(provider.icon(for: Self.knownKey)))"),comments: [],isRequired: false,sourceLocation: Testing.SourceLocation.__here()).__expected()
                                             ^~~~~~~~~~~~~~~~~~~~~~~~~~~~~~~~~
/Users/zipkero/XcodeProjects/ResourceRunner/ResourceRunnerTests/ApplicationRowIconTests.swift:60:9: note: in expansion of macro 'expect' here
        #expect(image === (try #require(provider.icon(for: Self.knownKey))))
        ^~~~~~~~~~~~~~~~~~~~~~~~~~~~~~~~~~~~~~~~~~~~~~~~~~~~~~~~~~~~~~~~~~~~
/Users/zipkero/XcodeProjects/ResourceRunner/ResourceRunnerTests/ApplicationRowIconTests.swift:60:9: note: in expansion of macro 'expect' here
        #expect(image === (try #require(provider.icon(for: Self.knownKey))))
        ^~~~~~~~~~~~~~~~~~~~~~~~~~~~~~~~~~~~~~~~~~~~~~~~~~~~~~~~~~~~~~~~~~~~

SwiftCompile normal arm64 /Users/zipkero/XcodeProjects/ResourceRunner/ResourceRunnerTests/CharacterStateSourceTests.swift (in target 'ResourceRunnerTests' from project 'ResourceRunner')
    cd /Users/zipkero/XcodeProjects/ResourceRunner
    
@__swiftmacro_19ResourceRunnerTests0034ApplicationRowIconTestsswift_oeBCkfMX59_8_6expectfMf_.swift:1:46: warning: '#require(_:_:)' is redundant because 'provider.icon(for: Self.knownKey)' never equals 'nil' (from macro 'require')
Testing.__checkValue(image === (try #require(provider.icon(for: Self.knownKey))),expression: .__fromSyntaxNode("image === (try #require(provider.icon(for: Self.knownKey)))"),comments: [],isRequired: false,sourceLocation: Testing.SourceLocation.__here()).__expected()
                                             ^~~~~~~~~~~~~~~~~~~~~~~~~~~~~~~~~
/Users/zipkero/XcodeProjects/ResourceRunner/ResourceRunnerTests/ApplicationRowIconTests.swift:60:9: note: in expansion of macro 'expect' here
        #expect(image === (try #require(provider.icon(for: Self.knownKey))))
        ^~~~~~~~~~~~~~~~~~~~~~~~~~~~~~~~~~~~~~~~~~~~~~~~~~~~~~~~~~~~~~~~~~~~
/Users/zipkero/XcodeProjects/ResourceRunner/ResourceRunnerTests/ApplicationRowIconTests.swift:60:9: note: in expansion of macro 'expect' here
        #expect(image === (try #require(provider.icon(for: Self.knownKey))))
        ^~~~~~~~~~~~~~~~~~~~~~~~~~~~~~~~~~~~~~~~~~~~~~~~~~~~~~~~~~~~~~~~~~~~

SwiftCompile normal arm64 /Users/zipkero/XcodeProjects/ResourceRunner/ResourceRunnerTests/CollectionAdmissionTests.swift (in target 'ResourceRunnerTests' from project 'ResourceRunner')
    cd /Users/zipkero/XcodeProjects/ResourceRunner
    
@__swiftmacro_19ResourceRunnerTests0034ApplicationRowIconTestsswift_oeBCkfMX59_8_6expectfMf_.swift:1:46: warning: '#require(_:_:)' is redundant because 'provider.icon(for: Self.knownKey)' never equals 'nil' (from macro 'require')
Testing.__checkValue(image === (try #require(provider.icon(for: Self.knownKey))),expression: .__fromSyntaxNode("image === (try #require(provider.icon(for: Self.knownKey)))"),comments: [],isRequired: false,sourceLocation: Testing.SourceLocation.__here()).__expected()
                                             ^~~~~~~~~~~~~~~~~~~~~~~~~~~~~~~~~
/Users/zipkero/XcodeProjects/ResourceRunner/ResourceRunnerTests/ApplicationRowIconTests.swift:60:9: note: in expansion of macro 'expect' here
        #expect(image === (try #require(provider.icon(for: Self.knownKey))))
        ^~~~~~~~~~~~~~~~~~~~~~~~~~~~~~~~~~~~~~~~~~~~~~~~~~~~~~~~~~~~~~~~~~~~
/Users/zipkero/XcodeProjects/ResourceRunner/ResourceRunnerTests/ApplicationRowIconTests.swift:60:9: note: in expansion of macro 'expect' here
        #expect(image === (try #require(provider.icon(for: Self.knownKey))))
        ^~~~~~~~~~~~~~~~~~~~~~~~~~~~~~~~~~~~~~~~~~~~~~~~~~~~~~~~~~~~~~~~~~~~

SwiftDriverJobDiscovery normal arm64 Compiling OneSessionMonitoringIntegrationUITests.swift (in target 'ResourceRunnerUITests' from project 'ResourceRunner')

SwiftCompile normal arm64 Compiling\ DetailPopoverValuelessStateTests.swift,\ DiskActivityTests.swift,\ DiskDashboardViewTests.swift /Users/zipkero/XcodeProjects/ResourceRunner/ResourceRunnerTests/DetailPopoverValuelessStateTests.swift /Users/zipkero/XcodeProjects/ResourceRunner/ResourceRunnerTests/DiskActivityTests.swift /Users/zipkero/XcodeProjects/ResourceRunner/ResourceRunnerTests/DiskDashboardViewTests.swift (in target 'ResourceRunnerTests' from project 'ResourceRunner')

SwiftCompile normal arm64 /Users/zipkero/XcodeProjects/ResourceRunner/ResourceRunnerTests/DetailPopoverValuelessStateTests.swift (in target 'ResourceRunnerTests' from project 'ResourceRunner')
    cd /Users/zipkero/XcodeProjects/ResourceRunner
    

SwiftCompile normal arm64 /Users/zipkero/XcodeProjects/ResourceRunner/ResourceRunnerTests/DiskActivityTests.swift (in target 'ResourceRunnerTests' from project 'ResourceRunner')
    cd /Users/zipkero/XcodeProjects/ResourceRunner
    

SwiftCompile normal arm64 /Users/zipkero/XcodeProjects/ResourceRunner/ResourceRunnerTests/DiskDashboardViewTests.swift (in target 'ResourceRunnerTests' from project 'ResourceRunner')
    cd /Users/zipkero/XcodeProjects/ResourceRunner
    

SwiftDriverJobDiscovery normal arm64 Compiling DashboardDetailPopoverUITests.swift (in target 'ResourceRunnerUITests' from project 'ResourceRunner')

SwiftCompile normal arm64 Compiling\ CPUCoreUsageGridTests.swift,\ DashboardCardLayoutTests.swift,\ DashboardColorPaletteTests.swift,\ DashboardPreferencesVisibilityTests.swift /Users/zipkero/XcodeProjects/ResourceRunner/ResourceRunnerTests/CPUCoreUsageGridTests.swift /Users/zipkero/XcodeProjects/ResourceRunner/ResourceRunnerTests/DashboardCardLayoutTests.swift /Users/zipkero/XcodeProjects/ResourceRunner/ResourceRunnerTests/DashboardColorPaletteTests.swift /Users/zipkero/XcodeProjects/ResourceRunner/ResourceRunnerTests/DashboardPreferencesVisibilityTests.swift (in target 'ResourceRunnerTests' from project 'ResourceRunner')
SwiftCompile normal arm64 /Users/zipkero/XcodeProjects/ResourceRunner/ResourceRunnerTests/CPUCoreUsageGridTests.swift (in target 'ResourceRunnerTests' from project 'ResourceRunner')
    cd /Users/zipkero/XcodeProjects/ResourceRunner
    
@__swiftmacro_19ResourceRunnerTests021CPUDetailViewCoreGridC0V34gridReportsExactlyTheProposedWidth4TestfMp_.swift:16:94: warning: main actor-isolated static property 'unevenAndEvenCoreCounts' cannot be accessed from outside of the actor; this is an error in the Swift 6 language mode
  displayName: "격자가 제안받은 폭을 그대로 되돌린다",traits: [],arguments: {unevenAndEvenCoreCounts},sourceLocation: Testing.SourceLocation(__uncheckedFileID: "ResourceRunnerTests/CPUCoreUsageGridTests.swift", filePath: "/Users/zipkero/XcodeProjects/ResourceRunner/ResourceRunnerTests/CPUCoreUsageGridTests.swift", line: 528, column: 6),
/Users/zipkero/XcodeProjects/ResourceRunner/ResourceRunnerTests/CPUCoreUsageGridTests.swift:528:5: note: in expansion of macro 'Test' on instance method 'gridReportsExactlyTheProposedWidth(coreCount:)' here
    @Test(
    ^~~~~~
/Users/zipkero/XcodeProjects/ResourceRunner/ResourceRunnerTests/CPUCoreUsageGridTests.swift:528:5: note: in expansion of macro 'Test' on instance method 'gridReportsExactlyTheProposedWidth(coreCount:)' here
    @Test(
    ^~~~~~
@__swiftmacro_19ResourceRunnerTests021CPUDetailViewCoreGridC0V045detailPopoverContentWidthStaysExactlyThePopupK04TestfMp_.swift:16:111: warning: main actor-isolated static property 'unevenAndEvenCoreCounts' cannot be accessed from outside of the actor; this is an error in the Swift 6 language mode
  displayName: "상세 팝업 콘텐츠의 폭이 코어 수와 무관하게 400pt다",traits: [],arguments: {unevenAndEvenCoreCounts},sourceLocation: Testing.SourceLocation(__uncheckedFileID: "ResourceRunnerTests/CPUCoreUsageGridTests.swift", filePath: "/Users/zipkero/XcodeProjects/ResourceRunner/ResourceRunnerTests/CPUCoreUsageGridTests.swift", line: 544, column: 6),
/Users/zipkero/XcodeProjects/ResourceRunner/ResourceRunnerTests/CPUCoreUsageGridTests.swift:544:5: note: in expansion of macro 'Test' on instance method 'detailPopoverContentWidthStaysExactlyThePopupWidth(coreCount:)' here
    @Test(
    ^~~~~~
/Users/zipkero/XcodeProjects/ResourceRunner/ResourceRunnerTests/CPUCoreUsageGridTests.swift:544:5: note: in expansion of macro 'Test' on instance method 'detailPopoverContentWidthStaysExactlyThePopupWidth(coreCount:)' here
    @Test(
    ^~~~~~

SwiftCompile normal arm64 /Users/zipkero/XcodeProjects/ResourceRunner/ResourceRunnerTests/DashboardCardLayoutTests.swift (in target 'ResourceRunnerTests' from project 'ResourceRunner')
    cd /Users/zipkero/XcodeProjects/ResourceRunner
    
@__swiftmacro_19ResourceRunnerTests021CPUDetailViewCoreGridC0V34gridReportsExactlyTheProposedWidth4TestfMp_.swift:16:94: warning: main actor-isolated static property 'unevenAndEvenCoreCounts' cannot be accessed from outside of the actor; this is an error in the Swift 6 language mode
  displayName: "격자가 제안받은 폭을 그대로 되돌린다",traits: [],arguments: {unevenAndEvenCoreCounts},sourceLocation: Testing.SourceLocation(__uncheckedFileID: "ResourceRunnerTests/CPUCoreUsageGridTests.swift", filePath: "/Users/zipkero/XcodeProjects/ResourceRunner/ResourceRunnerTests/CPUCoreUsageGridTests.swift", line: 528, column: 6),
/Users/zipkero/XcodeProjects/ResourceRunner/ResourceRunnerTests/CPUCoreUsageGridTests.swift:528:5: note: in expansion of macro 'Test' on instance method 'gridReportsExactlyTheProposedWidth(coreCount:)' here
    @Test(
    ^~~~~~
/Users/zipkero/XcodeProjects/ResourceRunner/ResourceRunnerTests/CPUCoreUsageGridTests.swift:528:5: note: in expansion of macro 'Test' on instance method 'gridReportsExactlyTheProposedWidth(coreCount:)' here
    @Test(
    ^~~~~~
@__swiftmacro_19ResourceRunnerTests021CPUDetailViewCoreGridC0V045detailPopoverContentWidthStaysExactlyThePopupK04TestfMp_.swift:16:111: warning: main actor-isolated static property 'unevenAndEvenCoreCounts' cannot be accessed from outside of the actor; this is an error in the Swift 6 language mode
  displayName: "상세 팝업 콘텐츠의 폭이 코어 수와 무관하게 400pt다",traits: [],arguments: {unevenAndEvenCoreCounts},sourceLocation: Testing.SourceLocation(__uncheckedFileID: "ResourceRunnerTests/CPUCoreUsageGridTests.swift", filePath: "/Users/zipkero/XcodeProjects/ResourceRunner/ResourceRunnerTests/CPUCoreUsageGridTests.swift", line: 544, column: 6),
/Users/zipkero/XcodeProjects/ResourceRunner/ResourceRunnerTests/CPUCoreUsageGridTests.swift:544:5: note: in expansion of macro 'Test' on instance method 'detailPopoverContentWidthStaysExactlyThePopupWidth(coreCount:)' here
    @Test(
    ^~~~~~
/Users/zipkero/XcodeProjects/ResourceRunner/ResourceRunnerTests/CPUCoreUsageGridTests.swift:544:5: note: in expansion of macro 'Test' on instance method 'detailPopoverContentWidthStaysExactlyThePopupWidth(coreCount:)' here
    @Test(
    ^~~~~~
/Users/zipkero/XcodeProjects/ResourceRunner/ResourceRunnerTests/DashboardCardLayoutTests.swift:233:5: warning: 'nonisolated(unsafe)' is unnecessary for a constant with 'Sendable' type '[NSColor]', consider removing it
    nonisolated(unsafe) static let candidates: [NSColor] = resolvedInBothAppearances(DashboardStyle.CardSurface.fillColor)
    ^~~~~~~~~~~~~~~~~~~~
    
/Users/zipkero/XcodeProjects/ResourceRunner/ResourceRunnerTests/DashboardCardLayoutTests.swift:237:5: warning: 'nonisolated(unsafe)' is unnecessary for a constant with 'Sendable' type '[NSColor]', consider removing it
    nonisolated(unsafe) static let candidates: [NSColor] = resolvedInBothAppearances(DashboardColorPalette.graphPlotSurface)
    ^~~~~~~~~~~~~~~~~~~~
    
/Users/zipkero/XcodeProjects/ResourceRunner/ResourceRunnerTests/DashboardCardLayoutTests.swift:350:25: warning: '+' was deprecated in macOS 26.0: Use string interpolation on `Text` instead: `Text("Hello \(name)")`
                        + Text(entry.valueText).dashboardTypography(DashboardStyle.TypographyRole.value)
                        ^
/Users/zipkero/XcodeProjects/ResourceRunner/ResourceRunnerTests/DashboardCardLayoutTests.swift:364:25: warning: '+' was deprecated in macOS 26.0: Use string interpolation on `Text` instead: `Text("Hello \(name)")`
            return line + Text(Image(systemName: "square.fill"))
                        ^
/Users/zipkero/XcodeProjects/ResourceRunner/ResourceRunnerTests/DashboardCardLayoutTests.swift:367:25: warning: '+' was deprecated in macOS 26.0: Use string interpolation on `Text` instead: `Text("Hello \(name)")`
            return line + Text(" \(text)")
                        ^
/Users/zipkero/XcodeProjects/ResourceRunner/ResourceRunnerTests/DashboardCardLayoutTests.swift:369:25: warning: '+' was deprecated in macOS 26.0: Use string interpolation on `Text` instead: `Text("Hello \(name)")`
            return line + Text("  ")
                        ^
/Users/zipkero/XcodeProjects/ResourceRunner/ResourceRunnerTests/DashboardCardLayoutTests.swift:387:25: warning: '+' was deprecated in macOS 26.0: Use string interpolation on `Text` instead: `Text("Hello \(name)")`
            return line + Text(Image(systemName: name))
                        ^
/Users/zipkero/XcodeProjects/ResourceRunner/ResourceRunnerTests/DashboardCardLayoutTests.swift:389:25: warning: '+' was deprecated in macOS 26.0: Use string interpolation on `Text` instead: `Text("Hello \(name)")`
            return line + Text(" \(text)")
                        ^
/Users/zipkero/XcodeProjects/ResourceRunner/ResourceRunnerTests/DashboardCardLayoutTests.swift:391:25: warning: '+' was deprecated in macOS 26.0: Use string interpolation on `Text` instead: `Text("Hello \(name)")`
            return line + Text(" · ")
/Users/zipkero/XcodeProjects/ResourceRunner/ResourceRunnerTests/DashboardCardLayoutTests.swift:393:25: warning: '+' was deprecated in macOS 26.0: Use string interpolation on `Text` instead: `Text("Hello \(name)")`
            return line + Text("Swap \(text)")
                        ^
/Users/zipkero/XcodeProjects/ResourceRunner/ResourceRunnerTests/DashboardCardLayoutTests.swift:395:25: warning: '+' was deprecated in macOS 26.0: Use string interpolation on `Text` instead: `Text("Hello \(name)")`
            return line + Text(" (\(text))")
                        ^
/Users/zipkero/XcodeProjects/ResourceRunner/ResourceRunnerTests/DashboardCardLayoutTests.swift:397:25: warning: '+' was deprecated in macOS 26.0: Use string interpolation on `Text` instead: `Text("Hello \(name)")`
            return line + Text("구성 \(text)")

SwiftCompile normal arm64 /Users/zipkero/XcodeProjects/ResourceRunner/ResourceRunnerTests/DashboardColorPaletteTests.swift (in target 'ResourceRunnerTests' from project 'ResourceRunner')
    cd /Users/zipkero/XcodeProjects/ResourceRunner
    
@__swiftmacro_19ResourceRunnerTests021CPUDetailViewCoreGridC0V34gridReportsExactlyTheProposedWidth4TestfMp_.swift:16:94: warning: main actor-isolated static property 'unevenAndEvenCoreCounts' cannot be accessed from outside of the actor; this is an error in the Swift 6 language mode
  displayName: "격자가 제안받은 폭을 그대로 되돌린다",traits: [],arguments: {unevenAndEvenCoreCounts},sourceLocation: Testing.SourceLocation(__uncheckedFileID: "ResourceRunnerTests/CPUCoreUsageGridTests.swift", filePath: "/Users/zipkero/XcodeProjects/ResourceRunner/ResourceRunnerTests/CPUCoreUsageGridTests.swift", line: 528, column: 6),
/Users/zipkero/XcodeProjects/ResourceRunner/ResourceRunnerTests/CPUCoreUsageGridTests.swift:528:5: note: in expansion of macro 'Test' on instance method 'gridReportsExactlyTheProposedWidth(coreCount:)' here
    @Test(
    ^~~~~~
/Users/zipkero/XcodeProjects/ResourceRunner/ResourceRunnerTests/CPUCoreUsageGridTests.swift:528:5: note: in expansion of macro 'Test' on instance method 'gridReportsExactlyTheProposedWidth(coreCount:)' here
    @Test(
    ^~~~~~
@__swiftmacro_19ResourceRunnerTests021CPUDetailViewCoreGridC0V045detailPopoverContentWidthStaysExactlyThePopupK04TestfMp_.swift:16:111: warning: main actor-isolated static property 'unevenAndEvenCoreCounts' cannot be accessed from outside of the actor; this is an error in the Swift 6 language mode
  displayName: "상세 팝업 콘텐츠의 폭이 코어 수와 무관하게 400pt다",traits: [],arguments: {unevenAndEvenCoreCounts},sourceLocation: Testing.SourceLocation(__uncheckedFileID: "ResourceRunnerTests/CPUCoreUsageGridTests.swift", filePath: "/Users/zipkero/XcodeProjects/ResourceRunner/ResourceRunnerTests/CPUCoreUsageGridTests.swift", line: 544, column: 6),
/Users/zipkero/XcodeProjects/ResourceRunner/ResourceRunnerTests/CPUCoreUsageGridTests.swift:544:5: note: in expansion of macro 'Test' on instance method 'detailPopoverContentWidthStaysExactlyThePopupWidth(coreCount:)' here
    @Test(
    ^~~~~~
/Users/zipkero/XcodeProjects/ResourceRunner/ResourceRunnerTests/CPUCoreUsageGridTests.swift:544:5: note: in expansion of macro 'Test' on instance method 'detailPopoverContentWidthStaysExactlyThePopupWidth(coreCount:)' here
    @Test(
    ^~~~~~

SwiftCompile normal arm64 /Users/zipkero/XcodeProjects/ResourceRunner/ResourceRunnerTests/DashboardPreferencesVisibilityTests.swift (in target 'ResourceRunnerTests' from project 'ResourceRunner')
    cd /Users/zipkero/XcodeProjects/ResourceRunner
    
@__swiftmacro_19ResourceRunnerTests021CPUDetailViewCoreGridC0V34gridReportsExactlyTheProposedWidth4TestfMp_.swift:16:94: warning: main actor-isolated static property 'unevenAndEvenCoreCounts' cannot be accessed from outside of the actor; this is an error in the Swift 6 language mode
  displayName: "격자가 제안받은 폭을 그대로 되돌린다",traits: [],arguments: {unevenAndEvenCoreCounts},sourceLocation: Testing.SourceLocation(__uncheckedFileID: "ResourceRunnerTests/CPUCoreUsageGridTests.swift", filePath: "/Users/zipkero/XcodeProjects/ResourceRunner/ResourceRunnerTests/CPUCoreUsageGridTests.swift", line: 528, column: 6),
/Users/zipkero/XcodeProjects/ResourceRunner/ResourceRunnerTests/CPUCoreUsageGridTests.swift:528:5: note: in expansion of macro 'Test' on instance method 'gridReportsExactlyTheProposedWidth(coreCount:)' here
    @Test(
    ^~~~~~
/Users/zipkero/XcodeProjects/ResourceRunner/ResourceRunnerTests/CPUCoreUsageGridTests.swift:528:5: note: in expansion of macro 'Test' on instance method 'gridReportsExactlyTheProposedWidth(coreCount:)' here
    @Test(
    ^~~~~~
@__swiftmacro_19ResourceRunnerTests021CPUDetailViewCoreGridC0V045detailPopoverContentWidthStaysExactlyThePopupK04TestfMp_.swift:16:111: warning: main actor-isolated static property 'unevenAndEvenCoreCounts' cannot be accessed from outside of the actor; this is an error in the Swift 6 language mode
  displayName: "상세 팝업 콘텐츠의 폭이 코어 수와 무관하게 400pt다",traits: [],arguments: {unevenAndEvenCoreCounts},sourceLocation: Testing.SourceLocation(__uncheckedFileID: "ResourceRunnerTests/CPUCoreUsageGridTests.swift", filePath: "/Users/zipkero/XcodeProjects/ResourceRunner/ResourceRunnerTests/CPUCoreUsageGridTests.swift", line: 544, column: 6),
/Users/zipkero/XcodeProjects/ResourceRunner/ResourceRunnerTests/CPUCoreUsageGridTests.swift:544:5: note: in expansion of macro 'Test' on instance method 'detailPopoverContentWidthStaysExactlyThePopupWidth(coreCount:)' here
    @Test(
    ^~~~~~
/Users/zipkero/XcodeProjects/ResourceRunner/ResourceRunnerTests/CPUCoreUsageGridTests.swift:544:5: note: in expansion of macro 'Test' on instance method 'detailPopoverContentWidthStaysExactlyThePopupWidth(coreCount:)' here
    @Test(
    ^~~~~~

SwiftDriverJobDiscovery normal arm64 Compiling DashboardCPUCardUITests.swift, DashboardDetailExpansionUITests.swift (in target 'ResourceRunnerUITests' from project 'ResourceRunner')

SwiftCompile normal arm64 Compiling\ SystemLifecycleObserverTests.swift,\ SystemMetricsCollectorTests.swift,\ SystemMetricsSampleSourceTests.swift /Users/zipkero/XcodeProjects/ResourceRunner/ResourceRunnerTests/SystemLifecycleObserverTests.swift /Users/zipkero/XcodeProjects/ResourceRunner/ResourceRunnerTests/SystemMetricsCollectorTests.swift /Users/zipkero/XcodeProjects/ResourceRunner/ResourceRunnerTests/SystemMetricsSampleSourceTests.swift (in target 'ResourceRunnerTests' from project 'ResourceRunner')

SwiftCompile normal arm64 /Users/zipkero/XcodeProjects/ResourceRunner/ResourceRunnerTests/SystemLifecycleObserverTests.swift (in target 'ResourceRunnerTests' from project 'ResourceRunner')
    cd /Users/zipkero/XcodeProjects/ResourceRunner
    
/Users/zipkero/XcodeProjects/ResourceRunner/ResourceRunnerTests/SystemLifecycleObserverTests.swift:43:21: warning: class 'OrderTrackingNotificationCenter' must restate inherited '@unchecked Sendable' conformance
private final class OrderTrackingNotificationCenter: NotificationCenter {
                    ^
                                                                       , @unchecked Sendable
/Users/zipkero/XcodeProjects/ResourceRunner/ResourceRunnerTests/SystemLifecycleObserverTests.swift:212:17: warning: mutation of captured var 'callOrder' in concurrently-executing code; this is an error in the Swift 6 language mode
                callOrder.append("readLowPowerMode")
                ^

SwiftCompile normal arm64 /Users/zipkero/XcodeProjects/ResourceRunner/ResourceRunnerTests/SystemMetricsCollectorTests.swift (in target 'ResourceRunnerTests' from project 'ResourceRunner')
    cd /Users/zipkero/XcodeProjects/ResourceRunner
    

SwiftCompile normal arm64 /Users/zipkero/XcodeProjects/ResourceRunner/ResourceRunnerTests/SystemMetricsSampleSourceTests.swift (in target 'ResourceRunnerTests' from project 'ResourceRunner')
    cd /Users/zipkero/XcodeProjects/ResourceRunner
    

SwiftDriverJobDiscovery normal arm64 Compiling SettingsWindowUITests.swift (in target 'ResourceRunnerUITests' from project 'ResourceRunner')

SwiftCompile normal arm64 Compiling\ NetworkMetadataTests.swift,\ NetworkNativeAdapterTests.swift,\ PreferencesStoreTests.swift /Users/zipkero/XcodeProjects/ResourceRunner/ResourceRunnerTests/NetworkMetadataTests.swift /Users/zipkero/XcodeProjects/ResourceRunner/ResourceRunnerTests/NetworkNativeAdapterTests.swift /Users/zipkero/XcodeProjects/ResourceRunner/ResourceRunnerTests/PreferencesStoreTests.swift (in target 'ResourceRunnerTests' from project 'ResourceRunner')

SwiftCompile normal arm64 /Users/zipkero/XcodeProjects/ResourceRunner/ResourceRunnerTests/NetworkMetadataTests.swift (in target 'ResourceRunnerTests' from project 'ResourceRunner')
    cd /Users/zipkero/XcodeProjects/ResourceRunner
    

SwiftCompile normal arm64 /Users/zipkero/XcodeProjects/ResourceRunner/ResourceRunnerTests/NetworkNativeAdapterTests.swift (in target 'ResourceRunnerTests' from project 'ResourceRunner')
    cd /Users/zipkero/XcodeProjects/ResourceRunner
    

SwiftCompile normal arm64 /Users/zipkero/XcodeProjects/ResourceRunner/ResourceRunnerTests/PreferencesStoreTests.swift (in target 'ResourceRunnerTests' from project 'ResourceRunner')
    cd /Users/zipkero/XcodeProjects/ResourceRunner
    

SwiftDriverJobDiscovery normal arm64 Compiling DashboardMemoryCardUITests.swift (in target 'ResourceRunnerUITests' from project 'ResourceRunner')

SwiftCompile normal arm64 Compiling\ DiskNativeAdapterTests.swift,\ IntegratedDashboardSummaryTests.swift,\ LoginItemControllerTests.swift /Users/zipkero/XcodeProjects/ResourceRunner/ResourceRunnerTests/DiskNativeAdapterTests.swift /Users/zipkero/XcodeProjects/ResourceRunner/ResourceRunnerTests/IntegratedDashboardSummaryTests.swift /Users/zipkero/XcodeProjects/ResourceRunner/ResourceRunnerTests/LoginItemControllerTests.swift (in target 'ResourceRunnerTests' from project 'ResourceRunner')

SwiftCompile normal arm64 /Users/zipkero/XcodeProjects/ResourceRunner/ResourceRunnerTests/DiskNativeAdapterTests.swift (in target 'ResourceRunnerTests' from project 'ResourceRunner')
    cd /Users/zipkero/XcodeProjects/ResourceRunner
    

SwiftCompile normal arm64 /Users/zipkero/XcodeProjects/ResourceRunner/ResourceRunnerTests/IntegratedDashboardSummaryTests.swift (in target 'ResourceRunnerTests' from project 'ResourceRunner')
    cd /Users/zipkero/XcodeProjects/ResourceRunner
    

SwiftCompile normal arm64 /Users/zipkero/XcodeProjects/ResourceRunner/ResourceRunnerTests/LoginItemControllerTests.swift (in target 'ResourceRunnerTests' from project 'ResourceRunner')
    cd /Users/zipkero/XcodeProjects/ResourceRunner
    

SwiftDriverJobDiscovery normal arm64 Compiling DashboardViewportUITests.swift (in target 'ResourceRunnerUITests' from project 'ResourceRunner')

SwiftCompile normal arm64 Compiling\ MonitoringSampleStoreTests.swift,\ NetworkActivityTests.swift,\ NetworkDashboardViewTests.swift /Users/zipkero/XcodeProjects/ResourceRunner/ResourceRunnerTests/MonitoringSampleStoreTests.swift /Users/zipkero/XcodeProjects/ResourceRunner/ResourceRunnerTests/NetworkActivityTests.swift /Users/zipkero/XcodeProjects/ResourceRunner/ResourceRunnerTests/NetworkDashboardViewTests.swift (in target 'ResourceRunnerTests' from project 'ResourceRunner')

SwiftCompile normal arm64 /Users/zipkero/XcodeProjects/ResourceRunner/ResourceRunnerTests/MonitoringSampleStoreTests.swift (in target 'ResourceRunnerTests' from project 'ResourceRunner')
    cd /Users/zipkero/XcodeProjects/ResourceRunner
    

SwiftCompile normal arm64 /Users/zipkero/XcodeProjects/ResourceRunner/ResourceRunnerTests/NetworkActivityTests.swift (in target 'ResourceRunnerTests' from project 'ResourceRunner')
    cd /Users/zipkero/XcodeProjects/ResourceRunner
    

SwiftCompile normal arm64 /Users/zipkero/XcodeProjects/ResourceRunner/ResourceRunnerTests/NetworkDashboardViewTests.swift (in target 'ResourceRunnerTests' from project 'ResourceRunner')
    cd /Users/zipkero/XcodeProjects/ResourceRunner
    

SwiftDriverJobDiscovery normal arm64 Compiling CPUCoreAccessibilityUITests.swift, DashboardCardSelectionUITests.swift (in target 'ResourceRunnerUITests' from project 'ResourceRunner')

SwiftCompile normal arm64 Compiling\ ResourceRateGraphRenderingTests.swift,\ ResourceRateGraphTests.swift,\ ResourceRunnerTests.swift /Users/zipkero/XcodeProjects/ResourceRunner/ResourceRunnerTests/ResourceRateGraphRenderingTests.swift /Users/zipkero/XcodeProjects/ResourceRunner/ResourceRunnerTests/ResourceRateGraphTests.swift /Users/zipkero/XcodeProjects/ResourceRunner/ResourceRunnerTests/ResourceRunnerTests.swift (in target 'ResourceRunnerTests' from project 'ResourceRunner')

SwiftCompile normal arm64 /Users/zipkero/XcodeProjects/ResourceRunner/ResourceRunnerTests/ResourceRateGraphRenderingTests.swift (in target 'ResourceRunnerTests' from project 'ResourceRunner')
    cd /Users/zipkero/XcodeProjects/ResourceRunner
    

SwiftCompile normal arm64 /Users/zipkero/XcodeProjects/ResourceRunner/ResourceRunnerTests/ResourceRateGraphTests.swift (in target 'ResourceRunnerTests' from project 'ResourceRunner')
    cd /Users/zipkero/XcodeProjects/ResourceRunner
    

SwiftCompile normal arm64 /Users/zipkero/XcodeProjects/ResourceRunner/ResourceRunnerTests/ResourceRunnerTests.swift (in target 'ResourceRunnerTests' from project 'ResourceRunner')
    cd /Users/zipkero/XcodeProjects/ResourceRunner
    

SwiftDriverJobDiscovery normal arm64 Compiling DiskCardUITests.swift (in target 'ResourceRunnerUITests' from project 'ResourceRunner')

SwiftCompile normal arm64 Compiling\ CollectionPipelinesTests.swift,\ CPUActivityStateEvaluatorTests.swift,\ CPUCoreGridLayoutTests.swift,\ CPUCoreGridVerticalBudgetTests.swift /Users/zipkero/XcodeProjects/ResourceRunner/ResourceRunnerTests/CollectionPipelinesTests.swift /Users/zipkero/XcodeProjects/ResourceRunner/ResourceRunnerTests/CPUActivityStateEvaluatorTests.swift /Users/zipkero/XcodeProjects/ResourceRunner/ResourceRunnerTests/CPUCoreGridLayoutTests.swift /Users/zipkero/XcodeProjects/ResourceRunner/ResourceRunnerTests/CPUCoreGridVerticalBudgetTests.swift (in target 'ResourceRunnerTests' from project 'ResourceRunner')

SwiftCompile normal arm64 /Users/zipkero/XcodeProjects/ResourceRunner/ResourceRunnerTests/CollectionPipelinesTests.swift (in target 'ResourceRunnerTests' from project 'ResourceRunner')
    cd /Users/zipkero/XcodeProjects/ResourceRunner
    

SwiftCompile normal arm64 /Users/zipkero/XcodeProjects/ResourceRunner/ResourceRunnerTests/CPUActivityStateEvaluatorTests.swift (in target 'ResourceRunnerTests' from project 'ResourceRunner')
    cd /Users/zipkero/XcodeProjects/ResourceRunner
    

SwiftCompile normal arm64 /Users/zipkero/XcodeProjects/ResourceRunner/ResourceRunnerTests/CPUCoreGridLayoutTests.swift (in target 'ResourceRunnerTests' from project 'ResourceRunner')
    cd /Users/zipkero/XcodeProjects/ResourceRunner
    

SwiftCompile normal arm64 /Users/zipkero/XcodeProjects/ResourceRunner/ResourceRunnerTests/CPUCoreGridVerticalBudgetTests.swift (in target 'ResourceRunnerTests' from project 'ResourceRunner')
    cd /Users/zipkero/XcodeProjects/ResourceRunner
    

SwiftDriverJobDiscovery normal arm64 Compiling ResourceRunnerUITests.swift (in target 'ResourceRunnerUITests' from project 'ResourceRunner')

SwiftCompile normal arm64 Compiling\ DashboardPresentationTests.swift,\ DashboardValueColumnTests.swift,\ DashboardViewportTests.swift,\ DetailAccessibilityFormattingTests.swift /Users/zipkero/XcodeProjects/ResourceRunner/ResourceRunnerTests/DashboardPresentationTests.swift /Users/zipkero/XcodeProjects/ResourceRunner/ResourceRunnerTests/DashboardValueColumnTests.swift /Users/zipkero/XcodeProjects/ResourceRunner/ResourceRunnerTests/DashboardViewportTests.swift /Users/zipkero/XcodeProjects/ResourceRunner/ResourceRunnerTests/DetailAccessibilityFormattingTests.swift (in target 'ResourceRunnerTests' from project 'ResourceRunner')
SwiftCompile normal arm64 /Users/zipkero/XcodeProjects/ResourceRunner/ResourceRunnerTests/DashboardPresentationTests.swift (in target 'ResourceRunnerTests' from project 'ResourceRunner')
    cd /Users/zipkero/XcodeProjects/ResourceRunner
    
/Users/zipkero/XcodeProjects/ResourceRunner/ResourceRunnerTests/DashboardViewportTests.swift:38:39: warning: '#require(_:_:)' is redundant because 'DashboardViewportPolicy.containedOrigin(window: overTop,
            visibleFrame: screen)' never equals 'nil' (from macro 'require')
        let corrected = try? #require(DashboardViewportPolicy.containedOrigin(window: overTop,
                                      ^~~~~~~~~~~~~~~~~~~~~~~~~~~~~~~~~~~~~~~~~~~~~~~~~~~~~~~~

SwiftCompile normal arm64 /Users/zipkero/XcodeProjects/ResourceRunner/ResourceRunnerTests/DashboardValueColumnTests.swift (in target 'ResourceRunnerTests' from project 'ResourceRunner')
    cd /Users/zipkero/XcodeProjects/ResourceRunner
    
/Users/zipkero/XcodeProjects/ResourceRunner/ResourceRunnerTests/DashboardViewportTests.swift:38:39: warning: '#require(_:_:)' is redundant because 'DashboardViewportPolicy.containedOrigin(window: overTop,
            visibleFrame: screen)' never equals 'nil' (from macro 'require')
        let corrected = try? #require(DashboardViewportPolicy.containedOrigin(window: overTop,
                                      ^~~~~~~~~~~~~~~~~~~~~~~~~~~~~~~~~~~~~~~~~~~~~~~~~~~~~~~~

SwiftCompile normal arm64 /Users/zipkero/XcodeProjects/ResourceRunner/ResourceRunnerTests/DashboardViewportTests.swift (in target 'ResourceRunnerTests' from project 'ResourceRunner')
    cd /Users/zipkero/XcodeProjects/ResourceRunner
    
/Users/zipkero/XcodeProjects/ResourceRunner/ResourceRunnerTests/DashboardViewportTests.swift:38:39: warning: '#require(_:_:)' is redundant because 'DashboardViewportPolicy.containedOrigin(window: overTop,
            visibleFrame: screen)' never equals 'nil' (from macro 'require')
        let corrected = try? #require(DashboardViewportPolicy.containedOrigin(window: overTop,
                                      ^~~~~~~~~~~~~~~~~~~~~~~~~~~~~~~~~~~~~~~~~~~~~~~~~~~~~~~~

SwiftCompile normal arm64 /Users/zipkero/XcodeProjects/ResourceRunner/ResourceRunnerTests/DetailAccessibilityFormattingTests.swift (in target 'ResourceRunnerTests' from project 'ResourceRunner')
    cd /Users/zipkero/XcodeProjects/ResourceRunner
    
/Users/zipkero/XcodeProjects/ResourceRunner/ResourceRunnerTests/DashboardViewportTests.swift:38:39: warning: '#require(_:_:)' is redundant because 'DashboardViewportPolicy.containedOrigin(window: overTop,
            visibleFrame: screen)' never equals 'nil' (from macro 'require')
        let corrected = try? #require(DashboardViewportPolicy.containedOrigin(window: overTop,
                                      ^~~~~~~~~~~~~~~~~~~~~~~~~~~~~~~~~~~~~~~~~~~~~~~~~~~~~~~~

SwiftDriverJobDiscovery normal arm64 Compiling DashboardProcessListDisplayUITests.swift (in target 'ResourceRunnerUITests' from project 'ResourceRunner')

SwiftDriver\ Compilation ResourceRunnerUITests normal arm64 com.apple.xcode.tools.swift.compiler (in target 'ResourceRunnerUITests' from project 'ResourceRunner')
    cd /Users/zipkero/XcodeProjects/ResourceRunner
    builtin-Swift-Compilation -- /Applications/Xcode.app/Contents/Developer/Toolchains/XcodeDefault.xctoolchain/usr/bin/swiftc -module-name ResourceRunnerUITests -Onone @/tmp/rr-macos-capacity-derived/Build/Intermediates.noindex/ResourceRunner.build/Debug/ResourceRunnerUITests.build/Objects-normal/arm64/ResourceRunnerUITests.SwiftFileList -DDEBUG -module-alias Testing\=_Testing_Unavailable -plugin-path /Applications/Xcode.app/Contents/Developer/Toolchains/XcodeDefault.xctoolchain/usr/lib/swift/host/plugins/testing -enable-bare-slash-regex -enable-upcoming-feature DisableOutwardActorInference -enable-upcoming-feature InferSendableFromCaptures -enable-upcoming-feature GlobalActorIsolatedTypesUsability -enable-upcoming-feature MemberImportVisibility -enable-upcoming-feature InferIsolatedConformances -enable-upcoming-feature NonisolatedNonsendingByDefault -enable-experimental-feature DebugDescriptionMacro -sdk /Applications/Xcode.app/Contents/Developer/Platforms/MacOSX.platform/Developer/SDKs/MacOSX26.5.sdk -target arm64-apple-macos26.5 -g -module-cache-path /tmp/rr-macos-capacity-derived/ModuleCache.noindex -Xfrontend -serialize-debugging-options -profile-coverage-mapping -profile-generate -enable-testing -index-store-path /tmp/rr-macos-capacity-derived/Index.noindex/DataStore -Xcc -D_LIBCPP_HARDENING_MODE\=_LIBCPP_HARDENING_MODE_DEBUG -swift-version 5 -I /tmp/rr-macos-capacity-derived/Build/Products/Debug -Isystem /Applications/Xcode.app/Contents/Developer/Platforms/MacOSX.platform/Developer/usr/lib -F /tmp/rr-macos-capacity-derived/Build/Products/Debug -F /Applications/Xcode.app/Contents/Developer/Platforms/MacOSX.platform/Developer/Library/Frameworks -c -j14 -enable-batch-mode -incremental -Xcc -ivfsstatcache -Xcc /tmp/rr-macos-capacity-derived/SDKStatCaches.noindex/macosx26.5-25F70-e082c4a02f00227109f4ed75e425c832.sdkstatcache -output-file-map /tmp/rr-macos-capacity-derived/Build/Intermediates.noindex/ResourceRunner.build/Debug/ResourceRunnerUITests.build/Objects-normal/arm64/ResourceRunnerUITests-OutputFileMap.json -use-frontend-parseable-output -save-temps -no-color-diagnostics -explicit-module-build -module-cache-path /tmp/rr-macos-capacity-derived/Build/Intermediates.noindex/SwiftExplicitPrecompiledModules -clang-scanner-module-cache-path /tmp/rr-macos-capacity-derived/ModuleCache.noindex -sdk-module-cache-path /tmp/rr-macos-capacity-derived/ModuleCache.noindex -serialize-diagnostics -emit-dependencies -emit-module -emit-module-path /tmp/rr-macos-capacity-derived/Build/Intermediates.noindex/ResourceRunner.build/Debug/ResourceRunnerUITests.build/Objects-normal/arm64/ResourceRunnerUITests.swiftmodule -validate-clang-modules-once -clang-build-session-file /tmp/rr-macos-capacity-derived/ModuleCache.noindex/Session.modulevalidation -Xcc -I/tmp/rr-macos-capacity-derived/Build/Intermediates.noindex/ResourceRunner.build/Debug/ResourceRunnerUITests.build/swift-overrides.hmap -emit-const-values -Xfrontend -const-gather-protocols-file -Xfrontend /tmp/rr-macos-capacity-derived/Build/Intermediates.noindex/ResourceRunner.build/Debug/ResourceRunnerUITests.build/Objects-normal/arm64/ResourceRunnerUITests_const_extract_protocols.json -Xcc -iquote -Xcc /tmp/rr-macos-capacity-derived/Build/Intermediates.noindex/ResourceRunner.build/Debug/ResourceRunnerUITests.build/ResourceRunnerUITests-generated-files.hmap -Xcc -I/tmp/rr-macos-capacity-derived/Build/Intermediates.noindex/ResourceRunner.build/Debug/ResourceRunnerUITests.build/ResourceRunnerUITests-own-target-headers.hmap -Xcc -I/tmp/rr-macos-capacity-derived/Build/Intermediates.noindex/ResourceRunner.build/Debug/ResourceRunnerUITests.build/ResourceRunnerUITests-all-target-headers.hmap -Xcc -iquote -Xcc /tmp/rr-macos-capacity-derived/Build/Intermediates.noindex/ResourceRunner.build/Debug/ResourceRunnerUITests.build/ResourceRunnerUITests-project-headers.hmap -Xcc -I/tmp/rr-macos-capacity-derived/Build/Products/Debug/include -Xcc -I/tmp/rr-macos-capacity-derived/Build/Intermediates.noindex/ResourceRunner.build/Debug/ResourceRunnerUITests.build/DerivedSources-normal/arm64 -Xcc -I/tmp/rr-macos-capacity-derived/Build/Intermediates.noindex/ResourceRunner.build/Debug/ResourceRunnerUITests.build/DerivedSources/arm64 -Xcc -I/tmp/rr-macos-capacity-derived/Build/Intermediates.noindex/ResourceRunner.build/Debug/ResourceRunnerUITests.build/DerivedSources -Xcc -DDEBUG\=1 -emit-objc-header -emit-objc-header-path /tmp/rr-macos-capacity-derived/Build/Intermediates.noindex/ResourceRunner.build/Debug/ResourceRunnerUITests.build/Objects-normal/arm64/ResourceRunnerUITests-Swift.h -working-directory /Users/zipkero/XcodeProjects/ResourceRunner -experimental-emit-module-separately -disable-cmo

SwiftDriverJobDiscovery normal arm64 Compiling DashboardStyle.swift, DashboardView.swift, DashboardViewport.swift, DiskActivity.swift (in target 'ResourceRunner' from project 'ResourceRunner')

SwiftCompile normal arm64 Compiling\ SettingsWindowControllerTests.swift,\ StatusBarControllerTests.swift,\ StorageMetadataTests.swift /Users/zipkero/XcodeProjects/ResourceRunner/ResourceRunnerTests/SettingsWindowControllerTests.swift /Users/zipkero/XcodeProjects/ResourceRunner/ResourceRunnerTests/StatusBarControllerTests.swift /Users/zipkero/XcodeProjects/ResourceRunner/ResourceRunnerTests/StorageMetadataTests.swift (in target 'ResourceRunnerTests' from project 'ResourceRunner')

SwiftCompile normal arm64 /Users/zipkero/XcodeProjects/ResourceRunner/ResourceRunnerTests/SettingsWindowControllerTests.swift (in target 'ResourceRunnerTests' from project 'ResourceRunner')
    cd /Users/zipkero/XcodeProjects/ResourceRunner
    

SwiftCompile normal arm64 /Users/zipkero/XcodeProjects/ResourceRunner/ResourceRunnerTests/StatusBarControllerTests.swift (in target 'ResourceRunnerTests' from project 'ResourceRunner')
    cd /Users/zipkero/XcodeProjects/ResourceRunner
    

SwiftCompile normal arm64 /Users/zipkero/XcodeProjects/ResourceRunner/ResourceRunnerTests/StorageMetadataTests.swift (in target 'ResourceRunnerTests' from project 'ResourceRunner')
    cd /Users/zipkero/XcodeProjects/ResourceRunner
    

SwiftCompile normal arm64 Compiling\ ProcessHistoryStoreTests.swift,\ ProcessSurveyCollectorTests.swift,\ ResourceActivityPresentationTests.swift /Users/zipkero/XcodeProjects/ResourceRunner/ResourceRunnerTests/ProcessHistoryStoreTests.swift /Users/zipkero/XcodeProjects/ResourceRunner/ResourceRunnerTests/ProcessSurveyCollectorTests.swift /Users/zipkero/XcodeProjects/ResourceRunner/ResourceRunnerTests/ResourceActivityPresentationTests.swift (in target 'ResourceRunnerTests' from project 'ResourceRunner')

SwiftCompile normal arm64 /Users/zipkero/XcodeProjects/ResourceRunner/ResourceRunnerTests/ProcessHistoryStoreTests.swift (in target 'ResourceRunnerTests' from project 'ResourceRunner')
    cd /Users/zipkero/XcodeProjects/ResourceRunner
    

SwiftCompile normal arm64 /Users/zipkero/XcodeProjects/ResourceRunner/ResourceRunnerTests/ProcessSurveyCollectorTests.swift (in target 'ResourceRunnerTests' from project 'ResourceRunner')
    cd /Users/zipkero/XcodeProjects/ResourceRunner
    

SwiftCompile normal arm64 /Users/zipkero/XcodeProjects/ResourceRunner/ResourceRunnerTests/ResourceActivityPresentationTests.swift (in target 'ResourceRunnerTests' from project 'ResourceRunner')
    cd /Users/zipkero/XcodeProjects/ResourceRunner
    

SwiftDriverJobDiscovery normal arm64 Compiling NetworkMetadataTests.swift, NetworkNativeAdapterTests.swift, PreferencesStoreTests.swift (in target 'ResourceRunnerTests' from project 'ResourceRunner')

SwiftDriverJobDiscovery normal arm64 Compiling DiskNativeAdapterTests.swift, IntegratedDashboardSummaryTests.swift, LoginItemControllerTests.swift (in target 'ResourceRunnerTests' from project 'ResourceRunner')

SwiftDriver\ Compilation ResourceRunner normal arm64 com.apple.xcode.tools.swift.compiler (in target 'ResourceRunner' from project 'ResourceRunner')
    cd /Users/zipkero/XcodeProjects/ResourceRunner
    builtin-Swift-Compilation -- /Applications/Xcode.app/Contents/Developer/Toolchains/XcodeDefault.xctoolchain/usr/bin/swiftc -module-name ResourceRunner -Onone @/tmp/rr-macos-capacity-derived/Build/Intermediates.noindex/ResourceRunner.build/Debug/ResourceRunner.build/Objects-normal/arm64/ResourceRunner.SwiftFileList -DDEBUG -default-isolation\=MainActor -enable-bare-slash-regex -enable-upcoming-feature DisableOutwardActorInference -enable-upcoming-feature InferSendableFromCaptures -enable-upcoming-feature GlobalActorIsolatedTypesUsability -enable-upcoming-feature MemberImportVisibility -enable-upcoming-feature InferIsolatedConformances -enable-upcoming-feature NonisolatedNonsendingByDefault -enable-experimental-feature DebugDescriptionMacro -sdk /Applications/Xcode.app/Contents/Developer/Platforms/MacOSX.platform/Developer/SDKs/MacOSX26.5.sdk -target arm64-apple-macos26.5 -g -module-cache-path /tmp/rr-macos-capacity-derived/ModuleCache.noindex -Xfrontend -serialize-debugging-options -profile-coverage-mapping -profile-generate -enable-testing -index-store-path /tmp/rr-macos-capacity-derived/Index.noindex/DataStore -Xcc -D_LIBCPP_HARDENING_MODE\=_LIBCPP_HARDENING_MODE_DEBUG -swift-version 5 -I /tmp/rr-macos-capacity-derived/Build/Products/Debug -F /tmp/rr-macos-capacity-derived/Build/Products/Debug -emit-localized-strings -emit-localized-strings-path /tmp/rr-macos-capacity-derived/Build/Intermediates.noindex/ResourceRunner.build/Debug/ResourceRunner.build/Objects-normal/arm64 -c -j14 -enable-batch-mode -incremental -Xcc -ivfsstatcache -Xcc /tmp/rr-macos-capacity-derived/SDKStatCaches.noindex/macosx26.5-25F70-e082c4a02f00227109f4ed75e425c832.sdkstatcache -output-file-map /tmp/rr-macos-capacity-derived/Build/Intermediates.noindex/ResourceRunner.build/Debug/ResourceRunner.build/Objects-normal/arm64/ResourceRunner-OutputFileMap.json -use-frontend-parseable-output -save-temps -no-color-diagnostics -explicit-module-build -module-cache-path /tmp/rr-macos-capacity-derived/Build/Intermediates.noindex/SwiftExplicitPrecompiledModules -clang-scanner-module-cache-path /tmp/rr-macos-capacity-derived/ModuleCache.noindex -sdk-module-cache-path /tmp/rr-macos-capacity-derived/ModuleCache.noindex -serialize-diagnostics -emit-dependencies -emit-module -emit-module-path /tmp/rr-macos-capacity-derived/Build/Intermediates.noindex/ResourceRunner.build/Debug/ResourceRunner.build/Objects-normal/arm64/ResourceRunner.swiftmodule -validate-clang-modules-once -clang-build-session-file /tmp/rr-macos-capacity-derived/ModuleCache.noindex/Session.modulevalidation -Xcc -I/tmp/rr-macos-capacity-derived/Build/Intermediates.noindex/ResourceRunner.build/Debug/ResourceRunner.build/swift-overrides.hmap -emit-const-values -Xfrontend -const-gather-protocols-file -Xfrontend /tmp/rr-macos-capacity-derived/Build/Intermediates.noindex/ResourceRunner.build/Debug/ResourceRunner.build/Objects-normal/arm64/ResourceRunner_const_extract_protocols.json -Xcc -iquote -Xcc /tmp/rr-macos-capacity-derived/Build/Intermediates.noindex/ResourceRunner.build/Debug/ResourceRunner.build/ResourceRunner-generated-files.hmap -Xcc -I/tmp/rr-macos-capacity-derived/Build/Intermediates.noindex/ResourceRunner.build/Debug/ResourceRunner.build/ResourceRunner-own-target-headers.hmap -Xcc -I/tmp/rr-macos-capacity-derived/Build/Intermediates.noindex/ResourceRunner.build/Debug/ResourceRunner.build/ResourceRunner-all-target-headers.hmap -Xcc -iquote -Xcc /tmp/rr-macos-capacity-derived/Build/Intermediates.noindex/ResourceRunner.build/Debug/ResourceRunner.build/ResourceRunner-project-headers.hmap -Xcc -I/tmp/rr-macos-capacity-derived/Build/Products/Debug/include -Xcc -I/tmp/rr-macos-capacity-derived/Build/Intermediates.noindex/ResourceRunner.build/Debug/ResourceRunner.build/DerivedSources-normal/arm64 -Xcc -I/tmp/rr-macos-capacity-derived/Build/Intermediates.noindex/ResourceRunner.build/Debug/ResourceRunner.build/DerivedSources/arm64 -Xcc -I/tmp/rr-macos-capacity-derived/Build/Intermediates.noindex/ResourceRunner.build/Debug/ResourceRunner.build/DerivedSources -Xcc -DDEBUG\=1 -emit-objc-header -emit-objc-header-path /tmp/rr-macos-capacity-derived/Build/Intermediates.noindex/ResourceRunner.build/Debug/ResourceRunner.build/Objects-normal/arm64/ResourceRunner-Swift.h -working-directory /Users/zipkero/XcodeProjects/ResourceRunner -experimental-emit-module-separately -disable-cmo

Ld /tmp/rr-macos-capacity-derived/Build/Products/Debug/ResourceRunner.app/Contents/MacOS/ResourceRunner.debug.dylib normal (in target 'ResourceRunner' from project 'ResourceRunner')
    cd /Users/zipkero/XcodeProjects/ResourceRunner
    /Applications/Xcode.app/Contents/Developer/Toolchains/XcodeDefault.xctoolchain/usr/bin/clang -Xlinker -reproducible -target arm64-apple-macos26.5 -dynamiclib -isysroot /Applications/Xcode.app/Contents/Developer/Platforms/MacOSX.platform/Developer/SDKs/MacOSX26.5.sdk -O0 -L/tmp/rr-macos-capacity-derived/Build/Intermediates.noindex/EagerLinkingTBDs/Debug -L/tmp/rr-macos-capacity-derived/Build/Products/Debug -F/tmp/rr-macos-capacity-derived/Build/Intermediates.noindex/EagerLinkingTBDs/Debug -F/tmp/rr-macos-capacity-derived/Build/Products/Debug -filelist /tmp/rr-macos-capacity-derived/Build/Intermediates.noindex/ResourceRunner.build/Debug/ResourceRunner.build/Objects-normal/arm64/ResourceRunner.LinkFileList -install_name @rpath/ResourceRunner.debug.dylib -Xlinker -rpath -Xlinker @executable_path/../Frameworks -Xlinker -object_path_lto -Xlinker /tmp/rr-macos-capacity-derived/Build/Intermediates.noindex/ResourceRunner.build/Debug/ResourceRunner.build/Objects-normal/arm64/ResourceRunner_lto.o -rdynamic -Xlinker -no_deduplicate -Xlinker -debug_variant -Xlinker -dependency_info -Xlinker /tmp/rr-macos-capacity-derived/Build/Intermediates.noindex/ResourceRunner.build/Debug/ResourceRunner.build/Objects-normal/arm64/ResourceRunner_dependency_info.dat -fobjc-link-runtime -fprofile-instr-generate -L/Applications/Xcode.app/Contents/Developer/Toolchains/XcodeDefault.xctoolchain/usr/lib/swift/macosx -L/usr/lib/swift -Xlinker -add_ast_path -Xlinker /tmp/rr-macos-capacity-derived/Build/Intermediates.noindex/ResourceRunner.build/Debug/ResourceRunner.build/Objects-normal/arm64/ResourceRunner.swiftmodule @/tmp/rr-macos-capacity-derived/Build/Intermediates.noindex/ResourceRunner.build/Debug/ResourceRunner.build/Objects-normal/arm64/ResourceRunner-linker-args.resp -Xlinker -alias -Xlinker _main -Xlinker ___debug_main_executable_dylib_entry_point -Xlinker -no_adhoc_codesign -o /tmp/rr-macos-capacity-derived/Build/Products/Debug/ResourceRunner.app/Contents/MacOS/ResourceRunner.debug.dylib

ConstructStubExecutorLinkFileList /tmp/rr-macos-capacity-derived/Build/Intermediates.noindex/ResourceRunner.build/Debug/ResourceRunner.build/ResourceRunner-ExecutorLinkFileList-normal-arm64.txt (in target 'ResourceRunner' from project 'ResourceRunner')
    cd /Users/zipkero/XcodeProjects/ResourceRunner
    construct-stub-executor-link-file-list /tmp/rr-macos-capacity-derived/Build/Products/Debug/ResourceRunner.app/Contents/MacOS/ResourceRunner.debug.dylib /Applications/Xcode.app/Contents/Developer/Platforms/MacOSX.platform/Developer/usr/lib/libPreviewsJITStubExecutor_no_swift_entry_point.a /Applications/Xcode.app/Contents/Developer/Platforms/MacOSX.platform/Developer/usr/lib/libPreviewsJITStubExecutor.a --output /tmp/rr-macos-capacity-derived/Build/Intermediates.noindex/ResourceRunner.build/Debug/ResourceRunner.build/ResourceRunner-ExecutorLinkFileList-normal-arm64.txt
note: Using stub executor library with Swift entry point. (in target 'ResourceRunner' from project 'ResourceRunner')

Ld /tmp/rr-macos-capacity-derived/Build/Products/Debug/ResourceRunner.app/Contents/MacOS/ResourceRunner normal (in target 'ResourceRunner' from project 'ResourceRunner')
    cd /Users/zipkero/XcodeProjects/ResourceRunner
    /Applications/Xcode.app/Contents/Developer/Toolchains/XcodeDefault.xctoolchain/usr/bin/clang -Xlinker -reproducible -target arm64-apple-macos26.5 -isysroot /Applications/Xcode.app/Contents/Developer/Platforms/MacOSX.platform/Developer/SDKs/MacOSX26.5.sdk -O0 -L/tmp/rr-macos-capacity-derived/Build/Products/Debug -F/tmp/rr-macos-capacity-derived/Build/Products/Debug -Xlinker -rpath -Xlinker @executable_path -Xlinker -rpath -Xlinker @executable_path/../Frameworks -rdynamic -Xlinker -no_deduplicate -Xlinker -debug_variant -e ___debug_blank_executor_main -Xlinker -sectcreate -Xlinker __TEXT -Xlinker __debug_dylib -Xlinker /tmp/rr-macos-capacity-derived/Build/Intermediates.noindex/ResourceRunner.build/Debug/ResourceRunner.build/ResourceRunner-DebugDylibPath-normal-arm64.txt -Xlinker -sectcreate -Xlinker __TEXT -Xlinker __debug_instlnm -Xlinker /tmp/rr-macos-capacity-derived/Build/Intermediates.noindex/ResourceRunner.build/Debug/ResourceRunner.build/ResourceRunner-DebugDylibInstallName-normal-arm64.txt -Xlinker -filelist -Xlinker /tmp/rr-macos-capacity-derived/Build/Intermediates.noindex/ResourceRunner.build/Debug/ResourceRunner.build/ResourceRunner-ExecutorLinkFileList-normal-arm64.txt /tmp/rr-macos-capacity-derived/Build/Products/Debug/ResourceRunner.app/Contents/MacOS/ResourceRunner.debug.dylib -Xlinker -no_adhoc_codesign -o /tmp/rr-macos-capacity-derived/Build/Products/Debug/ResourceRunner.app/Contents/MacOS/ResourceRunner

ExtractAppIntentsMetadata (in target 'ResourceRunner' from project 'ResourceRunner')
    cd /Users/zipkero/XcodeProjects/ResourceRunner
    /Applications/Xcode.app/Contents/Developer/Toolchains/XcodeDefault.xctoolchain/usr/bin/appintentsmetadataprocessor --toolchain-dir /Applications/Xcode.app/Contents/Developer/Toolchains/XcodeDefault.xctoolchain --module-name ResourceRunner --sdk-root /Applications/Xcode.app/Contents/Developer/Platforms/MacOSX.platform/Developer/SDKs/MacOSX26.5.sdk --xcode-version 17F113 --platform-family macOS --deployment-target 26.5 --bundle-identifier com.zipkero.ResourceRunner --output /tmp/rr-macos-capacity-derived/Build/Products/Debug/ResourceRunner.app/Contents/Resources --target-triple arm64-apple-macos26.5 --binary-file /tmp/rr-macos-capacity-derived/Build/Products/Debug/ResourceRunner.app/Contents/MacOS/ResourceRunner --dependency-file /tmp/rr-macos-capacity-derived/Build/Intermediates.noindex/ResourceRunner.build/Debug/ResourceRunner.build/Objects-normal/arm64/ResourceRunner_dependency_info.dat --stringsdata-file /tmp/rr-macos-capacity-derived/Build/Intermediates.noindex/ResourceRunner.build/Debug/ResourceRunner.build/Objects-normal/arm64/ExtractedAppShortcutsMetadata.stringsdata --source-file-list /tmp/rr-macos-capacity-derived/Build/Intermediates.noindex/ResourceRunner.build/Debug/ResourceRunner.build/Objects-normal/arm64/ResourceRunner.SwiftFileList --metadata-file-list /tmp/rr-macos-capacity-derived/Build/Intermediates.noindex/ResourceRunner.build/Debug/ResourceRunner.build/ResourceRunner.DependencyMetadataFileList --static-metadata-file-list /tmp/rr-macos-capacity-derived/Build/Intermediates.noindex/ResourceRunner.build/Debug/ResourceRunner.build/ResourceRunner.DependencyStaticMetadataFileList --swift-const-vals-list /tmp/rr-macos-capacity-derived/Build/Intermediates.noindex/ResourceRunner.build/Debug/ResourceRunner.build/Objects-normal/arm64/ResourceRunner.SwiftConstValuesFileList --compile-time-extraction --deployment-aware-processing --validate-assistant-intents --no-app-shortcuts-localization
2026-10-04 15:44:34.638 appintentsmetadataprocessor[35615:52582086] Starting appintentsmetadataprocessor export
2026-10-04 15:44:34.641 appintentsmetadataprocessor[35615:52582086] warning: Metadata extraction skipped. No AppIntents.framework dependency found.

CopySwiftLibs /tmp/rr-macos-capacity-derived/Build/Products/Debug/ResourceRunner.app (in target 'ResourceRunner' from project 'ResourceRunner')
    cd /Users/zipkero/XcodeProjects/ResourceRunner
    builtin-swiftStdLibTool --copy --verbose --sign - --scan-executable /tmp/rr-macos-capacity-derived/Build/Products/Debug/ResourceRunner.app/Contents/MacOS/ResourceRunner.debug.dylib --scan-folder /tmp/rr-macos-capacity-derived/Build/Products/Debug/ResourceRunner.app/Contents/Frameworks --scan-folder /tmp/rr-macos-capacity-derived/Build/Products/Debug/ResourceRunner.app/Contents/PlugIns --scan-folder /tmp/rr-macos-capacity-derived/Build/Products/Debug/ResourceRunner.app/Contents/Library/SystemExtensions --scan-folder /tmp/rr-macos-capacity-derived/Build/Products/Debug/ResourceRunner.app/Contents/Extensions --platform macosx --toolchain /Applications/Xcode.app/Contents/Developer/Toolchains/XcodeDefault.xctoolchain --destination /tmp/rr-macos-capacity-derived/Build/Products/Debug/ResourceRunner.app/Contents/Frameworks --strip-bitcode --strip-bitcode-tool /Applications/Xcode.app/Contents/Developer/Toolchains/XcodeDefault.xctoolchain/usr/bin/bitcode_strip --emit-dependency-info /tmp/rr-macos-capacity-derived/Build/Intermediates.noindex/ResourceRunner.build/Debug/ResourceRunner.build/SwiftStdLibToolInputDependencies.dep --filter-for-swift-os

ProcessInfoPlistFile /tmp/rr-macos-capacity-derived/Build/Products/Debug/ResourceRunner.app/Contents/PlugIns/ResourceRunnerTests.xctest/Contents/Info.plist /tmp/rr-macos-capacity-derived/Build/Intermediates.noindex/ResourceRunner.build/Debug/ResourceRunnerTests.build/empty-ResourceRunnerTests.plist (in target 'ResourceRunnerTests' from project 'ResourceRunner')
    cd /Users/zipkero/XcodeProjects/ResourceRunner
    builtin-infoPlistUtility /tmp/rr-macos-capacity-derived/Build/Intermediates.noindex/ResourceRunner.build/Debug/ResourceRunnerTests.build/empty-ResourceRunnerTests.plist -producttype com.apple.product-type.bundle.unit-test -expandbuildsettings -platform macosx -o /tmp/rr-macos-capacity-derived/Build/Products/Debug/ResourceRunner.app/Contents/PlugIns/ResourceRunnerTests.xctest/Contents/Info.plist

SwiftDriverJobDiscovery normal arm64 Compiling ResourceRateGraphRenderingTests.swift, ResourceRateGraphTests.swift, ResourceRunnerTests.swift (in target 'ResourceRunnerTests' from project 'ResourceRunner')

SwiftDriverJobDiscovery normal arm64 Compiling ApplicationRowIconTests.swift, AuxiliaryCollectionSchedulerTests.swift, CharacterStateSourceTests.swift, CollectionAdmissionTests.swift (in target 'ResourceRunnerTests' from project 'ResourceRunner')

SwiftDriverJobDiscovery normal arm64 Emitting module for ResourceRunnerTests (in target 'ResourceRunnerTests' from project 'ResourceRunner')

SwiftDriver\ Compilation\ Requirements ResourceRunnerTests normal arm64 com.apple.xcode.tools.swift.compiler (in target 'ResourceRunnerTests' from project 'ResourceRunner')
    cd /Users/zipkero/XcodeProjects/ResourceRunner
    builtin-Swift-Compilation-Requirements -- /Applications/Xcode.app/Contents/Developer/Toolchains/XcodeDefault.xctoolchain/usr/bin/swiftc -module-name ResourceRunnerTests -Onone @/tmp/rr-macos-capacity-derived/Build/Intermediates.noindex/ResourceRunner.build/Debug/ResourceRunnerTests.build/Objects-normal/arm64/ResourceRunnerTests.SwiftFileList -DDEBUG -plugin-path /Applications/Xcode.app/Contents/Developer/Toolchains/XcodeDefault.xctoolchain/usr/lib/swift/host/plugins/testing -enable-bare-slash-regex -enable-upcoming-feature DisableOutwardActorInference -enable-upcoming-feature InferSendableFromCaptures -enable-upcoming-feature GlobalActorIsolatedTypesUsability -enable-upcoming-feature MemberImportVisibility -enable-upcoming-feature InferIsolatedConformances -enable-upcoming-feature NonisolatedNonsendingByDefault -enable-experimental-feature DebugDescriptionMacro -sdk /Applications/Xcode.app/Contents/Developer/Platforms/MacOSX.platform/Developer/SDKs/MacOSX26.5.sdk -target arm64-apple-macos26.5 -g -module-cache-path /tmp/rr-macos-capacity-derived/ModuleCache.noindex -Xfrontend -serialize-debugging-options -profile-coverage-mapping -profile-generate -enable-testing -index-store-path /tmp/rr-macos-capacity-derived/Index.noindex/DataStore -Xcc -D_LIBCPP_HARDENING_MODE\=_LIBCPP_HARDENING_MODE_DEBUG -swift-version 5 -I /tmp/rr-macos-capacity-derived/Build/Products/Debug -Isystem /Applications/Xcode.app/Contents/Developer/Platforms/MacOSX.platform/Developer/usr/lib -F /tmp/rr-macos-capacity-derived/Build/Products/Debug -F /Applications/Xcode.app/Contents/Developer/Platforms/MacOSX.platform/Developer/Library/Frameworks -c -j14 -enable-batch-mode -incremental -Xcc -ivfsstatcache -Xcc /tmp/rr-macos-capacity-derived/SDKStatCaches.noindex/macosx26.5-25F70-e082c4a02f00227109f4ed75e425c832.sdkstatcache -output-file-map /tmp/rr-macos-capacity-derived/Build/Intermediates.noindex/ResourceRunner.build/Debug/ResourceRunnerTests.build/Objects-normal/arm64/ResourceRunnerTests-OutputFileMap.json -use-frontend-parseable-output -save-temps -no-color-diagnostics -explicit-module-build -module-cache-path /tmp/rr-macos-capacity-derived/Build/Intermediates.noindex/SwiftExplicitPrecompiledModules -clang-scanner-module-cache-path /tmp/rr-macos-capacity-derived/ModuleCache.noindex -sdk-module-cache-path /tmp/rr-macos-capacity-derived/ModuleCache.noindex -serialize-diagnostics -emit-dependencies -emit-module -emit-module-path /tmp/rr-macos-capacity-derived/Build/Intermediates.noindex/ResourceRunner.build/Debug/ResourceRunnerTests.build/Objects-normal/arm64/ResourceRunnerTests.swiftmodule -validate-clang-modules-once -clang-build-session-file /tmp/rr-macos-capacity-derived/ModuleCache.noindex/Session.modulevalidation -Xcc -I/tmp/rr-macos-capacity-derived/Build/Intermediates.noindex/ResourceRunner.build/Debug/ResourceRunnerTests.build/swift-overrides.hmap -emit-const-values -Xfrontend -const-gather-protocols-file -Xfrontend /tmp/rr-macos-capacity-derived/Build/Intermediates.noindex/ResourceRunner.build/Debug/ResourceRunnerTests.build/Objects-normal/arm64/ResourceRunnerTests_const_extract_protocols.json -Xcc -iquote -Xcc /tmp/rr-macos-capacity-derived/Build/Intermediates.noindex/ResourceRunner.build/Debug/ResourceRunnerTests.build/ResourceRunnerTests-generated-files.hmap -Xcc -I/tmp/rr-macos-capacity-derived/Build/Intermediates.noindex/ResourceRunner.build/Debug/ResourceRunnerTests.build/ResourceRunnerTests-own-target-headers.hmap -Xcc -I/tmp/rr-macos-capacity-derived/Build/Intermediates.noindex/ResourceRunner.build/Debug/ResourceRunnerTests.build/ResourceRunnerTests-all-target-headers.hmap -Xcc -iquote -Xcc /tmp/rr-macos-capacity-derived/Build/Intermediates.noindex/ResourceRunner.build/Debug/ResourceRunnerTests.build/ResourceRunnerTests-project-headers.hmap -Xcc -I/tmp/rr-macos-capacity-derived/Build/Products/Debug/include -Xcc -I/tmp/rr-macos-capacity-derived/Build/Intermediates.noindex/ResourceRunner.build/Debug/ResourceRunnerTests.build/DerivedSources-normal/arm64 -Xcc -I/tmp/rr-macos-capacity-derived/Build/Intermediates.noindex/ResourceRunner.build/Debug/ResourceRunnerTests.build/DerivedSources/arm64 -Xcc -I/tmp/rr-macos-capacity-derived/Build/Intermediates.noindex/ResourceRunner.build/Debug/ResourceRunnerTests.build/DerivedSources -Xcc -DDEBUG\=1 -emit-objc-header -emit-objc-header-path /tmp/rr-macos-capacity-derived/Build/Intermediates.noindex/ResourceRunner.build/Debug/ResourceRunnerTests.build/Objects-normal/arm64/ResourceRunnerTests-Swift.h -working-directory /Users/zipkero/XcodeProjects/ResourceRunner -experimental-emit-module-separately -disable-cmo

SwiftMergeGeneratedHeaders /tmp/rr-macos-capacity-derived/Build/Intermediates.noindex/ResourceRunner.build/Debug/ResourceRunnerTests.build/DerivedSources/ResourceRunnerTests-Swift.h /tmp/rr-macos-capacity-derived/Build/Intermediates.noindex/ResourceRunner.build/Debug/ResourceRunnerTests.build/Objects-normal/arm64/ResourceRunnerTests-Swift.h (in target 'ResourceRunnerTests' from project 'ResourceRunner')
    cd /Users/zipkero/XcodeProjects/ResourceRunner
    builtin-swiftHeaderTool -arch arm64 /tmp/rr-macos-capacity-derived/Build/Intermediates.noindex/ResourceRunner.build/Debug/ResourceRunnerTests.build/Objects-normal/arm64/ResourceRunnerTests-Swift.h -o /tmp/rr-macos-capacity-derived/Build/Intermediates.noindex/ResourceRunner.build/Debug/ResourceRunnerTests.build/DerivedSources/ResourceRunnerTests-Swift.h

Copy /tmp/rr-macos-capacity-derived/Build/Products/Debug/ResourceRunnerTests.swiftmodule/arm64-apple-macos.swiftmodule /tmp/rr-macos-capacity-derived/Build/Intermediates.noindex/ResourceRunner.build/Debug/ResourceRunnerTests.build/Objects-normal/arm64/ResourceRunnerTests.swiftmodule (in target 'ResourceRunnerTests' from project 'ResourceRunner')
    cd /Users/zipkero/XcodeProjects/ResourceRunner
    builtin-copy -exclude .DS_Store -exclude CVS -exclude .svn -exclude .git -exclude .hg -resolve-src-symlinks -rename /tmp/rr-macos-capacity-derived/Build/Intermediates.noindex/ResourceRunner.build/Debug/ResourceRunnerTests.build/Objects-normal/arm64/ResourceRunnerTests.swiftmodule /tmp/rr-macos-capacity-derived/Build/Products/Debug/ResourceRunnerTests.swiftmodule/arm64-apple-macos.swiftmodule

Copy /tmp/rr-macos-capacity-derived/Build/Products/Debug/ResourceRunnerTests.swiftmodule/arm64-apple-macos.swiftdoc /tmp/rr-macos-capacity-derived/Build/Intermediates.noindex/ResourceRunner.build/Debug/ResourceRunnerTests.build/Objects-normal/arm64/ResourceRunnerTests.swiftdoc (in target 'ResourceRunnerTests' from project 'ResourceRunner')
    cd /Users/zipkero/XcodeProjects/ResourceRunner
    builtin-copy -exclude .DS_Store -exclude CVS -exclude .svn -exclude .git -exclude .hg -resolve-src-symlinks -rename /tmp/rr-macos-capacity-derived/Build/Intermediates.noindex/ResourceRunner.build/Debug/ResourceRunnerTests.build/Objects-normal/arm64/ResourceRunnerTests.swiftdoc /tmp/rr-macos-capacity-derived/Build/Products/Debug/ResourceRunnerTests.swiftmodule/arm64-apple-macos.swiftdoc

Copy /tmp/rr-macos-capacity-derived/Build/Products/Debug/ResourceRunnerTests.swiftmodule/arm64-apple-macos.abi.json /tmp/rr-macos-capacity-derived/Build/Intermediates.noindex/ResourceRunner.build/Debug/ResourceRunnerTests.build/Objects-normal/arm64/ResourceRunnerTests.abi.json (in target 'ResourceRunnerTests' from project 'ResourceRunner')
    cd /Users/zipkero/XcodeProjects/ResourceRunner
    builtin-copy -exclude .DS_Store -exclude CVS -exclude .svn -exclude .git -exclude .hg -resolve-src-symlinks -rename /tmp/rr-macos-capacity-derived/Build/Intermediates.noindex/ResourceRunner.build/Debug/ResourceRunnerTests.build/Objects-normal/arm64/ResourceRunnerTests.abi.json /tmp/rr-macos-capacity-derived/Build/Products/Debug/ResourceRunnerTests.swiftmodule/arm64-apple-macos.abi.json

Copy /tmp/rr-macos-capacity-derived/Build/Products/Debug/ResourceRunnerTests.swiftmodule/Project/arm64-apple-macos.swiftsourceinfo /tmp/rr-macos-capacity-derived/Build/Intermediates.noindex/ResourceRunner.build/Debug/ResourceRunnerTests.build/Objects-normal/arm64/ResourceRunnerTests.swiftsourceinfo (in target 'ResourceRunnerTests' from project 'ResourceRunner')
    cd /Users/zipkero/XcodeProjects/ResourceRunner
    builtin-copy -exclude .DS_Store -exclude CVS -exclude .svn -exclude .git -exclude .hg -resolve-src-symlinks -rename /tmp/rr-macos-capacity-derived/Build/Intermediates.noindex/ResourceRunner.build/Debug/ResourceRunnerTests.build/Objects-normal/arm64/ResourceRunnerTests.swiftsourceinfo /tmp/rr-macos-capacity-derived/Build/Products/Debug/ResourceRunnerTests.swiftmodule/Project/arm64-apple-macos.swiftsourceinfo

SwiftDriverJobDiscovery normal arm64 Compiling CollectionPipelinesTests.swift, CPUActivityStateEvaluatorTests.swift, CPUCoreGridLayoutTests.swift, CPUCoreGridVerticalBudgetTests.swift (in target 'ResourceRunnerTests' from project 'ResourceRunner')

SwiftDriverJobDiscovery normal arm64 Compiling SettingsWindowControllerTests.swift, StatusBarControllerTests.swift, StorageMetadataTests.swift (in target 'ResourceRunnerTests' from project 'ResourceRunner')

SwiftDriverJobDiscovery normal arm64 Compiling DetailPopoverValuelessStateTests.swift, DiskActivityTests.swift, DiskDashboardViewTests.swift (in target 'ResourceRunnerTests' from project 'ResourceRunner')

SwiftDriverJobDiscovery normal arm64 Compiling SystemLifecycleObserverTests.swift, SystemMetricsCollectorTests.swift, SystemMetricsSampleSourceTests.swift (in target 'ResourceRunnerTests' from project 'ResourceRunner')

SwiftDriverJobDiscovery normal arm64 Compiling MonitoringSampleStoreTests.swift, NetworkActivityTests.swift, NetworkDashboardViewTests.swift (in target 'ResourceRunnerTests' from project 'ResourceRunner')

SwiftDriverJobDiscovery normal arm64 Compiling MemoryCompositionDetailTests.swift, MemoryCompositionTests.swift, MonitoringLifecycleTests.swift (in target 'ResourceRunnerTests' from project 'ResourceRunner')

SwiftDriverJobDiscovery normal arm64 Compiling ApplicationCoordinatorTests.swift, ApplicationIconCacheTests.swift, ApplicationProcessRowLayoutTests.swift, ApplicationRankingTests.swift (in target 'ResourceRunnerTests' from project 'ResourceRunner')

SwiftDriverJobDiscovery normal arm64 Compiling ProcessHistoryStoreTests.swift, ProcessSurveyCollectorTests.swift, ResourceActivityPresentationTests.swift (in target 'ResourceRunnerTests' from project 'ResourceRunner')

SwiftDriverJobDiscovery normal arm64 Compiling CPUCoreUsageGridTests.swift, DashboardCardLayoutTests.swift, DashboardColorPaletteTests.swift, DashboardPreferencesVisibilityTests.swift (in target 'ResourceRunnerTests' from project 'ResourceRunner')

SwiftDriverJobDiscovery normal arm64 Compiling DashboardPresentationTests.swift, DashboardValueColumnTests.swift, DashboardViewportTests.swift, DetailAccessibilityFormattingTests.swift (in target 'ResourceRunnerTests' from project 'ResourceRunner')

SwiftDriver\ Compilation ResourceRunnerTests normal arm64 com.apple.xcode.tools.swift.compiler (in target 'ResourceRunnerTests' from project 'ResourceRunner')
    cd /Users/zipkero/XcodeProjects/ResourceRunner
    builtin-Swift-Compilation -- /Applications/Xcode.app/Contents/Developer/Toolchains/XcodeDefault.xctoolchain/usr/bin/swiftc -module-name ResourceRunnerTests -Onone @/tmp/rr-macos-capacity-derived/Build/Intermediates.noindex/ResourceRunner.build/Debug/ResourceRunnerTests.build/Objects-normal/arm64/ResourceRunnerTests.SwiftFileList -DDEBUG -plugin-path /Applications/Xcode.app/Contents/Developer/Toolchains/XcodeDefault.xctoolchain/usr/lib/swift/host/plugins/testing -enable-bare-slash-regex -enable-upcoming-feature DisableOutwardActorInference -enable-upcoming-feature InferSendableFromCaptures -enable-upcoming-feature GlobalActorIsolatedTypesUsability -enable-upcoming-feature MemberImportVisibility -enable-upcoming-feature InferIsolatedConformances -enable-upcoming-feature NonisolatedNonsendingByDefault -enable-experimental-feature DebugDescriptionMacro -sdk /Applications/Xcode.app/Contents/Developer/Platforms/MacOSX.platform/Developer/SDKs/MacOSX26.5.sdk -target arm64-apple-macos26.5 -g -module-cache-path /tmp/rr-macos-capacity-derived/ModuleCache.noindex -Xfrontend -serialize-debugging-options -profile-coverage-mapping -profile-generate -enable-testing -index-store-path /tmp/rr-macos-capacity-derived/Index.noindex/DataStore -Xcc -D_LIBCPP_HARDENING_MODE\=_LIBCPP_HARDENING_MODE_DEBUG -swift-version 5 -I /tmp/rr-macos-capacity-derived/Build/Products/Debug -Isystem /Applications/Xcode.app/Contents/Developer/Platforms/MacOSX.platform/Developer/usr/lib -F /tmp/rr-macos-capacity-derived/Build/Products/Debug -F /Applications/Xcode.app/Contents/Developer/Platforms/MacOSX.platform/Developer/Library/Frameworks -c -j14 -enable-batch-mode -incremental -Xcc -ivfsstatcache -Xcc /tmp/rr-macos-capacity-derived/SDKStatCaches.noindex/macosx26.5-25F70-e082c4a02f00227109f4ed75e425c832.sdkstatcache -output-file-map /tmp/rr-macos-capacity-derived/Build/Intermediates.noindex/ResourceRunner.build/Debug/ResourceRunnerTests.build/Objects-normal/arm64/ResourceRunnerTests-OutputFileMap.json -use-frontend-parseable-output -save-temps -no-color-diagnostics -explicit-module-build -module-cache-path /tmp/rr-macos-capacity-derived/Build/Intermediates.noindex/SwiftExplicitPrecompiledModules -clang-scanner-module-cache-path /tmp/rr-macos-capacity-derived/ModuleCache.noindex -sdk-module-cache-path /tmp/rr-macos-capacity-derived/ModuleCache.noindex -serialize-diagnostics -emit-dependencies -emit-module -emit-module-path /tmp/rr-macos-capacity-derived/Build/Intermediates.noindex/ResourceRunner.build/Debug/ResourceRunnerTests.build/Objects-normal/arm64/ResourceRunnerTests.swiftmodule -validate-clang-modules-once -clang-build-session-file /tmp/rr-macos-capacity-derived/ModuleCache.noindex/Session.modulevalidation -Xcc -I/tmp/rr-macos-capacity-derived/Build/Intermediates.noindex/ResourceRunner.build/Debug/ResourceRunnerTests.build/swift-overrides.hmap -emit-const-values -Xfrontend -const-gather-protocols-file -Xfrontend /tmp/rr-macos-capacity-derived/Build/Intermediates.noindex/ResourceRunner.build/Debug/ResourceRunnerTests.build/Objects-normal/arm64/ResourceRunnerTests_const_extract_protocols.json -Xcc -iquote -Xcc /tmp/rr-macos-capacity-derived/Build/Intermediates.noindex/ResourceRunner.build/Debug/ResourceRunnerTests.build/ResourceRunnerTests-generated-files.hmap -Xcc -I/tmp/rr-macos-capacity-derived/Build/Intermediates.noindex/ResourceRunner.build/Debug/ResourceRunnerTests.build/ResourceRunnerTests-own-target-headers.hmap -Xcc -I/tmp/rr-macos-capacity-derived/Build/Intermediates.noindex/ResourceRunner.build/Debug/ResourceRunnerTests.build/ResourceRunnerTests-all-target-headers.hmap -Xcc -iquote -Xcc /tmp/rr-macos-capacity-derived/Build/Intermediates.noindex/ResourceRunner.build/Debug/ResourceRunnerTests.build/ResourceRunnerTests-project-headers.hmap -Xcc -I/tmp/rr-macos-capacity-derived/Build/Products/Debug/include -Xcc -I/tmp/rr-macos-capacity-derived/Build/Intermediates.noindex/ResourceRunner.build/Debug/ResourceRunnerTests.build/DerivedSources-normal/arm64 -Xcc -I/tmp/rr-macos-capacity-derived/Build/Intermediates.noindex/ResourceRunner.build/Debug/ResourceRunnerTests.build/DerivedSources/arm64 -Xcc -I/tmp/rr-macos-capacity-derived/Build/Intermediates.noindex/ResourceRunner.build/Debug/ResourceRunnerTests.build/DerivedSources -Xcc -DDEBUG\=1 -emit-objc-header -emit-objc-header-path /tmp/rr-macos-capacity-derived/Build/Intermediates.noindex/ResourceRunner.build/Debug/ResourceRunnerTests.build/Objects-normal/arm64/ResourceRunnerTests-Swift.h -working-directory /Users/zipkero/XcodeProjects/ResourceRunner -experimental-emit-module-separately -disable-cmo

Ld /tmp/rr-macos-capacity-derived/Build/Products/Debug/ResourceRunner.app/Contents/PlugIns/ResourceRunnerTests.xctest/Contents/MacOS/ResourceRunnerTests normal (in target 'ResourceRunnerTests' from project 'ResourceRunner')
    cd /Users/zipkero/XcodeProjects/ResourceRunner
    /Applications/Xcode.app/Contents/Developer/Toolchains/XcodeDefault.xctoolchain/usr/bin/clang -Xlinker -reproducible -target arm64-apple-macos26.5 -bundle -isysroot /Applications/Xcode.app/Contents/Developer/Platforms/MacOSX.platform/Developer/SDKs/MacOSX26.5.sdk -O0 -L/tmp/rr-macos-capacity-derived/Build/Intermediates.noindex/EagerLinkingTBDs/Debug -L/tmp/rr-macos-capacity-derived/Build/Products/Debug -L/Applications/Xcode.app/Contents/Developer/Platforms/MacOSX.platform/Developer/usr/lib -F/tmp/rr-macos-capacity-derived/Build/Intermediates.noindex/EagerLinkingTBDs/Debug -F/tmp/rr-macos-capacity-derived/Build/Products/Debug -iframework /Applications/Xcode.app/Contents/Developer/Platforms/MacOSX.platform/Developer/Library/Frameworks -filelist /tmp/rr-macos-capacity-derived/Build/Intermediates.noindex/ResourceRunner.build/Debug/ResourceRunnerTests.build/Objects-normal/arm64/ResourceRunnerTests.LinkFileList -Xlinker -rpath -Xlinker @loader_path/../Frameworks -Xlinker -rpath -Xlinker @executable_path/../Frameworks -bundle_loader /tmp/rr-macos-capacity-derived/Build/Products/Debug/ResourceRunner.app/Contents/MacOS/ResourceRunner -Xlinker -object_path_lto -Xlinker /tmp/rr-macos-capacity-derived/Build/Intermediates.noindex/ResourceRunner.build/Debug/ResourceRunnerTests.build/Objects-normal/arm64/ResourceRunnerTests_lto.o -rdynamic -Xlinker -no_deduplicate -Xlinker -debug_variant -Xlinker -dependency_info -Xlinker /tmp/rr-macos-capacity-derived/Build/Intermediates.noindex/ResourceRunner.build/Debug/ResourceRunnerTests.build/Objects-normal/arm64/ResourceRunnerTests_dependency_info.dat -fobjc-link-runtime -fprofile-instr-generate -L/Applications/Xcode.app/Contents/Developer/Toolchains/XcodeDefault.xctoolchain/usr/lib/swift/macosx -L/usr/lib/swift -Xlinker -add_ast_path -Xlinker /tmp/rr-macos-capacity-derived/Build/Intermediates.noindex/ResourceRunner.build/Debug/ResourceRunnerTests.build/Objects-normal/arm64/ResourceRunnerTests.swiftmodule @/tmp/rr-macos-capacity-derived/Build/Intermediates.noindex/ResourceRunner.build/Debug/ResourceRunnerTests.build/Objects-normal/arm64/ResourceRunnerTests-linker-args.resp -Xlinker -needed_framework -Xlinker XCTest -framework XCTest -Xlinker -needed-lXCTestSwiftSupport -lXCTestSwiftSupport /tmp/rr-macos-capacity-derived/Build/Products/Debug/ResourceRunner.app/Contents/MacOS/ResourceRunner.debug.dylib -Xlinker -no_adhoc_codesign -o /tmp/rr-macos-capacity-derived/Build/Products/Debug/ResourceRunner.app/Contents/PlugIns/ResourceRunnerTests.xctest/Contents/MacOS/ResourceRunnerTests

CopySwiftLibs /tmp/rr-macos-capacity-derived/Build/Products/Debug/ResourceRunner.app/Contents/PlugIns/ResourceRunnerTests.xctest (in target 'ResourceRunnerTests' from project 'ResourceRunner')
    cd /Users/zipkero/XcodeProjects/ResourceRunner
    builtin-swiftStdLibTool --copy --verbose --sign - --scan-executable /tmp/rr-macos-capacity-derived/Build/Products/Debug/ResourceRunner.app/Contents/PlugIns/ResourceRunnerTests.xctest/Contents/MacOS/ResourceRunnerTests --scan-folder /tmp/rr-macos-capacity-derived/Build/Products/Debug/ResourceRunner.app/Contents/PlugIns/ResourceRunnerTests.xctest/Contents/Frameworks --scan-folder /tmp/rr-macos-capacity-derived/Build/Products/Debug/ResourceRunner.app/Contents/PlugIns/ResourceRunnerTests.xctest/Contents/PlugIns --scan-folder /tmp/rr-macos-capacity-derived/Build/Products/Debug/ResourceRunner.app/Contents/PlugIns/ResourceRunnerTests.xctest/Contents/Library/SystemExtensions --scan-folder /tmp/rr-macos-capacity-derived/Build/Products/Debug/ResourceRunner.app/Contents/PlugIns/ResourceRunnerTests.xctest/Contents/Extensions --platform macosx --toolchain /Applications/Xcode.app/Contents/Developer/Toolchains/XcodeDefault.xctoolchain --destination /tmp/rr-macos-capacity-derived/Build/Products/Debug/ResourceRunner.app/Contents/PlugIns/ResourceRunnerTests.xctest/Contents/Frameworks --strip-bitcode --scan-executable /Applications/Xcode.app/Contents/Developer/Platforms/MacOSX.platform/Developer/usr/lib/libXCTestSwiftSupport.dylib --strip-bitcode-tool /Applications/Xcode.app/Contents/Developer/Toolchains/XcodeDefault.xctoolchain/usr/bin/bitcode_strip --emit-dependency-info /tmp/rr-macos-capacity-derived/Build/Intermediates.noindex/ResourceRunner.build/Debug/ResourceRunnerTests.build/SwiftStdLibToolInputDependencies.dep --filter-for-swift-os

ExtractAppIntentsMetadata (in target 'ResourceRunnerTests' from project 'ResourceRunner')
    cd /Users/zipkero/XcodeProjects/ResourceRunner
    /Applications/Xcode.app/Contents/Developer/Toolchains/XcodeDefault.xctoolchain/usr/bin/appintentsmetadataprocessor --toolchain-dir /Applications/Xcode.app/Contents/Developer/Toolchains/XcodeDefault.xctoolchain --module-name ResourceRunnerTests --sdk-root /Applications/Xcode.app/Contents/Developer/Platforms/MacOSX.platform/Developer/SDKs/MacOSX26.5.sdk --xcode-version 17F113 --platform-family macOS --deployment-target 26.5 --bundle-identifier com.zipkero.ResourceRunnerTests --output /tmp/rr-macos-capacity-derived/Build/Products/Debug/ResourceRunner.app/Contents/PlugIns/ResourceRunnerTests.xctest/Contents/Resources --target-triple arm64-apple-macos26.5 --binary-file /tmp/rr-macos-capacity-derived/Build/Products/Debug/ResourceRunner.app/Contents/PlugIns/ResourceRunnerTests.xctest/Contents/MacOS/ResourceRunnerTests --dependency-file /tmp/rr-macos-capacity-derived/Build/Intermediates.noindex/ResourceRunner.build/Debug/ResourceRunnerTests.build/Objects-normal/arm64/ResourceRunnerTests_dependency_info.dat --stringsdata-file /tmp/rr-macos-capacity-derived/Build/Intermediates.noindex/ResourceRunner.build/Debug/ResourceRunnerTests.build/Objects-normal/arm64/ExtractedAppShortcutsMetadata.stringsdata --source-file-list /tmp/rr-macos-capacity-derived/Build/Intermediates.noindex/ResourceRunner.build/Debug/ResourceRunnerTests.build/Objects-normal/arm64/ResourceRunnerTests.SwiftFileList --metadata-file-list /tmp/rr-macos-capacity-derived/Build/Intermediates.noindex/ResourceRunner.build/Debug/ResourceRunnerTests.build/ResourceRunnerTests.DependencyMetadataFileList --static-metadata-file-list /tmp/rr-macos-capacity-derived/Build/Intermediates.noindex/ResourceRunner.build/Debug/ResourceRunnerTests.build/ResourceRunnerTests.DependencyStaticMetadataFileList --swift-const-vals-list /tmp/rr-macos-capacity-derived/Build/Intermediates.noindex/ResourceRunner.build/Debug/ResourceRunnerTests.build/Objects-normal/arm64/ResourceRunnerTests.SwiftConstValuesFileList --compile-time-extraction --deployment-aware-processing --validate-assistant-intents --no-app-shortcuts-localization
2026-10-04 15:44:41.328 appintentsmetadataprocessor[35790:52582883] Starting appintentsmetadataprocessor export
2026-10-04 15:44:41.329 appintentsmetadataprocessor[35790:52582883] warning: Metadata extraction skipped. No AppIntents.framework dependency found.

CodeSign /tmp/rr-macos-capacity-derived/Build/Products/Debug/ResourceRunner.app/Contents/PlugIns/ResourceRunnerTests.xctest (in target 'ResourceRunnerTests' from project 'ResourceRunner')
    cd /Users/zipkero/XcodeProjects/ResourceRunner
    
    Signing Identity:     "Sign to Run Locally"
    
    /usr/bin/codesign --force --sign - --timestamp\=none --generate-entitlement-der /tmp/rr-macos-capacity-derived/Build/Products/Debug/ResourceRunner.app/Contents/PlugIns/ResourceRunnerTests.xctest

RegisterExecutionPolicyException /tmp/rr-macos-capacity-derived/Build/Products/Debug/ResourceRunner.app/Contents/PlugIns/ResourceRunnerTests.xctest (in target 'ResourceRunnerTests' from project 'ResourceRunner')
    cd /Users/zipkero/XcodeProjects/ResourceRunner
    builtin-RegisterExecutionPolicyException /tmp/rr-macos-capacity-derived/Build/Products/Debug/ResourceRunner.app/Contents/PlugIns/ResourceRunnerTests.xctest

Touch /tmp/rr-macos-capacity-derived/Build/Products/Debug/ResourceRunner.app/Contents/PlugIns/ResourceRunnerTests.xctest (in target 'ResourceRunnerTests' from project 'ResourceRunner')
    cd /Users/zipkero/XcodeProjects/ResourceRunner
    /usr/bin/touch -c /tmp/rr-macos-capacity-derived/Build/Products/Debug/ResourceRunner.app/Contents/PlugIns/ResourceRunnerTests.xctest

CodeSign /tmp/rr-macos-capacity-derived/Build/Products/Debug/ResourceRunner.app/Contents/MacOS/ResourceRunner.debug.dylib (in target 'ResourceRunner' from project 'ResourceRunner')
    cd /Users/zipkero/XcodeProjects/ResourceRunner
    
    Signing Identity:     "Sign to Run Locally"
    
    /usr/bin/codesign --force --sign - --timestamp\=none --generate-entitlement-der /tmp/rr-macos-capacity-derived/Build/Products/Debug/ResourceRunner.app/Contents/MacOS/ResourceRunner.debug.dylib

CodeSign /tmp/rr-macos-capacity-derived/Build/Products/Debug/ResourceRunner.app/Contents/MacOS/__preview.dylib (in target 'ResourceRunner' from project 'ResourceRunner')
    cd /Users/zipkero/XcodeProjects/ResourceRunner
    
    Signing Identity:     "Sign to Run Locally"
    
    /usr/bin/codesign --force --sign - --timestamp\=none --generate-entitlement-der /tmp/rr-macos-capacity-derived/Build/Products/Debug/ResourceRunner.app/Contents/MacOS/__preview.dylib

CodeSign /tmp/rr-macos-capacity-derived/Build/Products/Debug/ResourceRunner.app (in target 'ResourceRunner' from project 'ResourceRunner')
    cd /Users/zipkero/XcodeProjects/ResourceRunner
    
    Signing Identity:     "Sign to Run Locally"
    
    /usr/bin/codesign --force --sign - --entitlements /tmp/rr-macos-capacity-derived/Build/Intermediates.noindex/ResourceRunner.build/Debug/ResourceRunner.build/ResourceRunner.app.xcent --timestamp\=none --generate-entitlement-der /tmp/rr-macos-capacity-derived/Build/Products/Debug/ResourceRunner.app

RegisterExecutionPolicyException /tmp/rr-macos-capacity-derived/Build/Products/Debug/ResourceRunner.app (in target 'ResourceRunner' from project 'ResourceRunner')
    cd /Users/zipkero/XcodeProjects/ResourceRunner
    builtin-RegisterExecutionPolicyException /tmp/rr-macos-capacity-derived/Build/Products/Debug/ResourceRunner.app

Validate /tmp/rr-macos-capacity-derived/Build/Products/Debug/ResourceRunner.app (in target 'ResourceRunner' from project 'ResourceRunner')
    cd /Users/zipkero/XcodeProjects/ResourceRunner
    builtin-validationUtility /tmp/rr-macos-capacity-derived/Build/Products/Debug/ResourceRunner.app -no-validate-extension -infoplist-subpath Contents/Info.plist

Touch /tmp/rr-macos-capacity-derived/Build/Products/Debug/ResourceRunner.app (in target 'ResourceRunner' from project 'ResourceRunner')
    cd /Users/zipkero/XcodeProjects/ResourceRunner
    /usr/bin/touch -c /tmp/rr-macos-capacity-derived/Build/Products/Debug/ResourceRunner.app

RegisterWithLaunchServices /tmp/rr-macos-capacity-derived/Build/Products/Debug/ResourceRunner.app (in target 'ResourceRunner' from project 'ResourceRunner')
    cd /Users/zipkero/XcodeProjects/ResourceRunner
    /System/Library/Frameworks/CoreServices.framework/Versions/Current/Frameworks/LaunchServices.framework/Versions/Current/Support/lsregister -f -R -trusted /tmp/rr-macos-capacity-derived/Build/Products/Debug/ResourceRunner.app

ProcessInfoPlistFile /tmp/rr-macos-capacity-derived/Build/Products/Debug/ResourceRunnerUITests-Runner.app/Contents/PlugIns/ResourceRunnerUITests.xctest/Contents/Info.plist /tmp/rr-macos-capacity-derived/Build/Intermediates.noindex/ResourceRunner.build/Debug/ResourceRunnerUITests.build/empty-ResourceRunnerUITests.plist (in target 'ResourceRunnerUITests' from project 'ResourceRunner')
    cd /Users/zipkero/XcodeProjects/ResourceRunner
    builtin-infoPlistUtility /tmp/rr-macos-capacity-derived/Build/Intermediates.noindex/ResourceRunner.build/Debug/ResourceRunnerUITests.build/empty-ResourceRunnerUITests.plist -producttype com.apple.product-type.bundle.ui-testing -expandbuildsettings -platform macosx -additionalcontentfile /tmp/rr-macos-capacity-derived/Build/Intermediates.noindex/ResourceRunner.build/Debug/ResourceRunnerUITests.build/ProductTypeInfoPlistAdditions.plist -o /tmp/rr-macos-capacity-derived/Build/Products/Debug/ResourceRunnerUITests-Runner.app/Contents/PlugIns/ResourceRunnerUITests.xctest/Contents/Info.plist

CpResource /tmp/rr-macos-capacity-derived/Build/Products/Debug/ResourceRunnerUITests-Runner.app/Contents/PlugIns/ResourceRunnerUITests.xctest/Contents/Resources/ExpansionProcessFixture.cfixture /Users/zipkero/XcodeProjects/ResourceRunner/ResourceRunnerUITests/ExpansionProcessFixture.cfixture (in target 'ResourceRunnerUITests' from project 'ResourceRunner')
    cd /Users/zipkero/XcodeProjects/ResourceRunner
    builtin-copy -exclude .DS_Store -exclude CVS -exclude .svn -exclude .git -exclude .hg -resolve-src-symlinks /Users/zipkero/XcodeProjects/ResourceRunner/ResourceRunnerUITests/ExpansionProcessFixture.cfixture /tmp/rr-macos-capacity-derived/Build/Products/Debug/ResourceRunnerUITests-Runner.app/Contents/PlugIns/ResourceRunnerUITests.xctest/Contents/Resources

Ld /tmp/rr-macos-capacity-derived/Build/Products/Debug/ResourceRunnerUITests-Runner.app/Contents/PlugIns/ResourceRunnerUITests.xctest/Contents/MacOS/ResourceRunnerUITests normal (in target 'ResourceRunnerUITests' from project 'ResourceRunner')
    cd /Users/zipkero/XcodeProjects/ResourceRunner
    /Applications/Xcode.app/Contents/Developer/Toolchains/XcodeDefault.xctoolchain/usr/bin/clang -Xlinker -reproducible -target arm64-apple-macos26.5 -bundle -isysroot /Applications/Xcode.app/Contents/Developer/Platforms/MacOSX.platform/Developer/SDKs/MacOSX26.5.sdk -O0 -L/tmp/rr-macos-capacity-derived/Build/Intermediates.noindex/EagerLinkingTBDs/Debug -L/tmp/rr-macos-capacity-derived/Build/Products/Debug -L/Applications/Xcode.app/Contents/Developer/Platforms/MacOSX.platform/Developer/usr/lib -F/tmp/rr-macos-capacity-derived/Build/Intermediates.noindex/EagerLinkingTBDs/Debug -F/tmp/rr-macos-capacity-derived/Build/Products/Debug -iframework /Applications/Xcode.app/Contents/Developer/Platforms/MacOSX.platform/Developer/Library/Frameworks -filelist /tmp/rr-macos-capacity-derived/Build/Intermediates.noindex/ResourceRunner.build/Debug/ResourceRunnerUITests.build/Objects-normal/arm64/ResourceRunnerUITests.LinkFileList -Xlinker -rpath -Xlinker @loader_path/../Frameworks -Xlinker -object_path_lto -Xlinker /tmp/rr-macos-capacity-derived/Build/Intermediates.noindex/ResourceRunner.build/Debug/ResourceRunnerUITests.build/Objects-normal/arm64/ResourceRunnerUITests_lto.o -rdynamic -Xlinker -no_deduplicate -Xlinker -debug_variant -Xlinker -dependency_info -Xlinker /tmp/rr-macos-capacity-derived/Build/Intermediates.noindex/ResourceRunner.build/Debug/ResourceRunnerUITests.build/Objects-normal/arm64/ResourceRunnerUITests_dependency_info.dat -fobjc-link-runtime -fprofile-instr-generate -L/Applications/Xcode.app/Contents/Developer/Toolchains/XcodeDefault.xctoolchain/usr/lib/swift/macosx -L/usr/lib/swift -Xlinker -add_ast_path -Xlinker /tmp/rr-macos-capacity-derived/Build/Intermediates.noindex/ResourceRunner.build/Debug/ResourceRunnerUITests.build/Objects-normal/arm64/ResourceRunnerUITests.swiftmodule @/tmp/rr-macos-capacity-derived/Build/Intermediates.noindex/ResourceRunner.build/Debug/ResourceRunnerUITests.build/Objects-normal/arm64/ResourceRunnerUITests-linker-args.resp -Xlinker -needed_framework -Xlinker XCTest -framework XCTest -Xlinker -needed-lXCTestSwiftSupport -lXCTestSwiftSupport -Xlinker -no_adhoc_codesign -o /tmp/rr-macos-capacity-derived/Build/Products/Debug/ResourceRunnerUITests-Runner.app/Contents/PlugIns/ResourceRunnerUITests.xctest/Contents/MacOS/ResourceRunnerUITests

PhaseScriptExecution Prepare\ expansion\ fixture /tmp/rr-macos-capacity-derived/Build/Intermediates.noindex/ResourceRunner.build/Debug/ResourceRunnerUITests.build/Script-E20000000000000000000001.sh (in target 'ResourceRunnerUITests' from project 'ResourceRunner')
    cd /Users/zipkero/XcodeProjects/ResourceRunner
    export ACTION\=build
    export AD_HOC_CODE_SIGNING_ALLOWED\=YES
    export ALLOW_BUILD_REQUEST_OVERRIDES\=NO
    export ALLOW_TARGET_PLATFORM_SPECIALIZATION\=NO
    export ALTERNATE_GROUP\=staff
    export ALTERNATE_MODE\=u+w,go-w,a+rX
    export ALTERNATE_OWNER\=zipkero
    export ALTERNATIVE_DISTRIBUTION_WEB\=NO
    export ALWAYS_EMBED_SWIFT_STANDARD_LIBRARIES\=NO
    export ALWAYS_SEARCH_USER_PATHS\=NO
    export ALWAYS_USE_SEPARATE_HEADERMAPS\=NO
    export APPLICATION_EXTENSION_API_ONLY\=NO
    export APPLY_RULES_IN_COPY_FILES\=NO
    export APPLY_RULES_IN_COPY_HEADERS\=NO
    export APP_SHORTCUTS_ENABLE_FLEXIBLE_MATCHING\=YES
    export ARCHS\=arm64
    export ARCHS_BASE\=arm64
    export ARCHS_STANDARD\=arm64\ x86_64
    export ARCHS_STANDARD_32_64_BIT\=arm64\ x86_64\ i386
    export ARCHS_STANDARD_32_BIT\=i386
    export ARCHS_STANDARD_64_BIT\=arm64\ x86_64
    export ARCHS_STANDARD_INCLUDING_64_BIT\=arm64\ x86_64
    export ASSETCATALOG_COMPILER_GENERATE_SWIFT_ASSET_SYMBOL_EXTENSIONS\=YES
    export AUTOMATICALLY_MERGE_DEPENDENCIES\=NO
    export AUTOMATION_APPLE_EVENTS\=NO
    export AVAILABLE_PLATFORMS\=android\ appletvos\ appletvsimulator\ driverkit\ freebsd\ iphoneos\ iphonesimulator\ linux\ macosx\ none\ openbsd\ qnx\ watchos\ watchsimulator\ webassembly\ xros\ xrsimulator
    export BUILD_ACTIVE_RESOURCES_ONLY\=NO
    export BUILD_COMPONENTS\=headers\ build
    export BUILD_DIR\=/tmp/rr-macos-capacity-derived/Build/Products
    export BUILD_LIBRARY_FOR_DISTRIBUTION\=NO
    export BUILD_ONLY_KNOWN_LOCALIZATIONS\=NO
    export BUILD_ROOT\=/tmp/rr-macos-capacity-derived/Build/Products
    export BUILD_STYLE\=
    export BUILD_VARIANTS\=normal
    export BUILT_PRODUCTS_DIR\=/tmp/rr-macos-capacity-derived/Build/Products/Debug
    export BUNDLE_CONTENTS_FOLDER_PATH\=Contents/
    export BUNDLE_CONTENTS_FOLDER_PATH_deep\=Contents/
    export BUNDLE_EXECUTABLE_FOLDER_NAME_deep\=MacOS
    export BUNDLE_EXECUTABLE_FOLDER_PATH\=Contents/MacOS
    export BUNDLE_EXTENSIONS_FOLDER_PATH\=Contents/Extensions
    export BUNDLE_FORMAT\=deep
    export BUNDLE_FRAMEWORKS_FOLDER_PATH\=Contents/Frameworks
    export BUNDLE_PLUGINS_FOLDER_PATH\=Contents/PlugIns
    export BUNDLE_PRIVATE_HEADERS_FOLDER_PATH\=Contents/PrivateHeaders
    export BUNDLE_PUBLIC_HEADERS_FOLDER_PATH\=Contents/Headers
    export CACHE_ROOT\=/var/folders/dk/wdd8br81397gt8_3sby166cc0000gn/C/com.apple.DeveloperTools/26.6-17F113/Xcode
    export CCHROOT\=/var/folders/dk/wdd8br81397gt8_3sby166cc0000gn/C/com.apple.DeveloperTools/26.6-17F113/Xcode
    export CHMOD\=/bin/chmod
    export CHOWN\=chown
    export CLANG_ANALYZER_NONNULL\=YES
    export CLANG_ANALYZER_NUMBER_OBJECT_CONVERSION\=YES_AGGRESSIVE
    export CLANG_CACHE_FINE_GRAINED_OUTPUTS\=YES
    export CLANG_COVERAGE_MAPPING\=YES
    export CLANG_CXX_LANGUAGE_STANDARD\=gnu++20
    export CLANG_ENABLE_EXPLICIT_MODULES\=YES
    export CLANG_ENABLE_MODULES\=YES
    export CLANG_ENABLE_OBJC_ARC\=YES
    export CLANG_ENABLE_OBJC_WEAK\=YES
    export CLANG_MODULES_BUILD_SESSION_FILE\=/tmp/rr-macos-capacity-derived/ModuleCache.noindex/Session.modulevalidation
    export CLANG_PROFILE_DATA_DIRECTORY\=/tmp/rr-macos-capacity-derived/Build/ProfileData
    export CLANG_WARN_BLOCK_CAPTURE_AUTORELEASING\=YES
    export CLANG_WARN_BOOL_CONVERSION\=YES
    export CLANG_WARN_COMMA\=YES
    export CLANG_WARN_CONSTANT_CONVERSION\=YES
    export CLANG_WARN_DEPRECATED_OBJC_IMPLEMENTATIONS\=YES
    export CLANG_WARN_DIRECT_OBJC_ISA_USAGE\=YES_ERROR
    export CLANG_WARN_DOCUMENTATION_COMMENTS\=YES
    export CLANG_WARN_EMPTY_BODY\=YES
    export CLANG_WARN_ENUM_CONVERSION\=YES
    export CLANG_WARN_INFINITE_RECURSION\=YES
    export CLANG_WARN_INT_CONVERSION\=YES
    export CLANG_WARN_NON_LITERAL_NULL_CONVERSION\=YES
    export CLANG_WARN_OBJC_IMPLICIT_RETAIN_SELF\=YES
    export CLANG_WARN_OBJC_LITERAL_CONVERSION\=YES
    export CLANG_WARN_OBJC_ROOT_CLASS\=YES_ERROR
    export CLANG_WARN_QUOTED_INCLUDE_IN_FRAMEWORK_HEADER\=YES
    export CLANG_WARN_RANGE_LOOP_ANALYSIS\=YES
    export CLANG_WARN_STRICT_PROTOTYPES\=YES
    export CLANG_WARN_SUSPICIOUS_MOVE\=YES
    export CLANG_WARN_UNGUARDED_AVAILABILITY\=YES_AGGRESSIVE
    export CLANG_WARN_UNREACHABLE_CODE\=YES
    export CLANG_WARN__DUPLICATE_METHOD_MATCH\=YES
    export CLASS_FILE_DIR\=/tmp/rr-macos-capacity-derived/Build/Intermediates.noindex/ResourceRunner.build/Debug/ResourceRunnerUITests.build/JavaClasses
    export CLEAN_PRECOMPS\=YES
    export CLONE_HEADERS\=NO
    export CODESIGNING_FOLDER_PATH\=/tmp/rr-macos-capacity-derived/Build/Products/Debug/ResourceRunnerUITests-Runner.app/Contents/PlugIns/ResourceRunnerUITests.xctest
    export CODE_SIGNING_ALLOWED\=YES
    export CODE_SIGNING_REQUIRED\=YES
    export CODE_SIGN_IDENTITY\=-
    export CODE_SIGN_IDENTITY_NO\=Apple\ Development
    export CODE_SIGN_IDENTITY_YES\=-
    export CODE_SIGN_INJECT_BASE_ENTITLEMENTS\=YES
    export CODE_SIGN_STYLE\=Automatic
    export COLOR_DIAGNOSTICS\=NO
    export COMBINE_HIDPI_IMAGES\=NO
    export COMPILATION_CACHE_CAS_PATH\=/tmp/rr-macos-capacity-derived/CompilationCache.noindex
    export COMPILATION_CACHE_KEEP_CAS_DIRECTORY\=YES
    export COMPILER_INDEX_STORE_ENABLE\=Default
    export COMPOSITE_SDK_DIRS\=/tmp/rr-macos-capacity-derived/Build/Intermediates.noindex/CompositeSDKs
    export COMPRESS_PNG_FILES\=NO
    export CONFIGURATION\=Debug
    export CONFIGURATION_BUILD_DIR\=/tmp/rr-macos-capacity-derived/Build/Products/Debug
    export CONFIGURATION_TEMP_DIR\=/tmp/rr-macos-capacity-derived/Build/Intermediates.noindex/ResourceRunner.build/Debug
    export CONTENTS_FOLDER_PATH\=ResourceRunnerUITests.xctest/Contents
    export CONTENTS_FOLDER_PATH_SHALLOW_BUNDLE_NO\=ResourceRunnerUITests.xctest/Contents
    export CONTENTS_FOLDER_PATH_SHALLOW_BUNDLE_YES\=ResourceRunnerUITests.xctest
    export COPYING_PRESERVES_HFS_DATA\=NO
    export COPY_HEADERS_RUN_UNIFDEF\=NO
    export COPY_PHASE_STRIP\=NO
    export CP\=/bin/cp
    export CREATE_INFOPLIST_SECTION_IN_BINARY\=NO
    export CURRENT_ARCH\=undefined_arch
    export CURRENT_PROJECT_VERSION\=1
    export CURRENT_VARIANT\=normal
    export DEAD_CODE_STRIPPING\=NO
    export DEBUGGING_SYMBOLS\=YES
    export DEBUG_INFORMATION_FORMAT\=dwarf
    export DEBUG_INFORMATION_VERSION\=compiler-default
    export DEFAULT_COMPILER\=com.apple.compilers.llvm.clang.1_0
    export DEFAULT_DEXT_INSTALL_PATH\=/System/Library/DriverExtensions
    export DEFAULT_KEXT_INSTALL_PATH\=/System/Library/Extensions
    export DEFINES_MODULE\=NO
    export DEPLOYMENT_LOCATION\=NO
    export DEPLOYMENT_POSTPROCESSING\=NO
    export DEPLOYMENT_TARGET_SETTING_NAME\=MACOSX_DEPLOYMENT_TARGET
    export DEPLOYMENT_TARGET_SUGGESTED_VALUES\=10.13\ 10.14\ 10.15\ 11.0\ 11.1\ 11.2\ 11.3\ 11.4\ 11.5\ 12.0\ 12.2\ 12.3\ 12.4\ 13.0\ 13.1\ 13.2\ 13.3\ 13.4\ 13.5\ 14.0\ 14.1\ 14.2\ 14.3\ 14.4\ 14.5\ 14.6\ 15.0\ 15.1\ 15.2\ 15.3\ 15.4\ 15.5\ 15.6\ 26.0\ 26.1\ 26.2\ 26.3\ 26.4\ 26.5
    export DERIVED_FILES_DIR\=/tmp/rr-macos-capacity-derived/Build/Intermediates.noindex/ResourceRunner.build/Debug/ResourceRunnerUITests.build/DerivedSources
    export DERIVED_FILE_DIR\=/tmp/rr-macos-capacity-derived/Build/Intermediates.noindex/ResourceRunner.build/Debug/ResourceRunnerUITests.build/DerivedSources
    export DERIVED_SOURCES_DIR\=/tmp/rr-macos-capacity-derived/Build/Intermediates.noindex/ResourceRunner.build/Debug/ResourceRunnerUITests.build/DerivedSources
    export DEVELOPER_APPLICATIONS_DIR\=/Applications/Xcode.app/Contents/Developer/Applications
    export DEVELOPER_BIN_DIR\=/Applications/Xcode.app/Contents/Developer/usr/bin
    export DEVELOPER_DIR\=/Applications/Xcode.app/Contents/Developer
    export DEVELOPER_FRAMEWORKS_DIR\=/Applications/Xcode.app/Contents/Developer/Library/Frameworks
    export DEVELOPER_FRAMEWORKS_DIR_QUOTED\=/Applications/Xcode.app/Contents/Developer/Library/Frameworks
    export DEVELOPER_LIBRARY_DIR\=/Applications/Xcode.app/Contents/Developer/Library
    export DEVELOPER_SDK_DIR\=/Applications/Xcode.app/Contents/Developer/Platforms/MacOSX.platform/Developer/SDKs
    export DEVELOPER_TOOLS_DIR\=/Applications/Xcode.app/Contents/Developer/Tools
    export DEVELOPER_USR_DIR\=/Applications/Xcode.app/Contents/Developer/usr
    export DEVELOPMENT_LANGUAGE\=en
    export DIAGNOSE_MISSING_TARGET_DEPENDENCIES\=YES
    export DIFF\=/usr/bin/diff
    export DOCUMENTATION_FOLDER_PATH\=ResourceRunnerUITests.xctest/Contents/Resources/en.lproj/Documentation
    export DONT_GENERATE_INFOPLIST_FILE\=NO
    export DSTROOT\=/tmp/ResourceRunner.dst
    export DT_TOOLCHAIN_DIR\=/Applications/Xcode.app/Contents/Developer/Toolchains/XcodeDefault.xctoolchain
    export DUMP_DEPENDENCIES\=NO
    export DUMP_DEPENDENCIES_OUTPUT_PATH\=/tmp/rr-macos-capacity-derived/Build/Intermediates.noindex/ResourceRunner.build/Debug/ResourceRunnerUITests.build/ResourceRunnerUITests-BuildDependencyInfo.json
    export DWARF_DSYM_FILE_NAME\=ResourceRunnerUITests.xctest.dSYM
    export DWARF_DSYM_FILE_SHOULD_ACCOMPANY_PRODUCT\=NO
    export DWARF_DSYM_FOLDER_PATH\=/tmp/rr-macos-capacity-derived/Build/Products/Debug/ResourceRunnerUITests-Runner.app/Contents/PlugIns
    export DYNAMIC_LIBRARY_EXTENSION\=dylib
    export EAGER_COMPILATION_ALLOW_SCRIPTS\=NO
    export EAGER_LINKING\=NO
    export EFFECTIVE_SWIFT_VERSION\=5
    export EMBEDDED_CONTENT_CONTAINS_SWIFT\=NO
    export EMBEDDED_PROFILE_NAME\=embedded.provisionprofile
    export EMBED_ASSET_PACKS_IN_PRODUCT_BUNDLE\=NO
    export ENABLE_APP_SANDBOX\=NO
    export ENABLE_CODE_COVERAGE\=YES
    export ENABLE_COHORT_ARCHS\=NO
    export ENABLE_CPLUSPLUS_BOUNDS_SAFE_BUFFERS\=NO
    export ENABLE_C_BOUNDS_SAFETY\=NO
    export ENABLE_DEFAULT_HEADER_SEARCH_PATHS\=YES
    export ENABLE_DEFAULT_SEARCH_PATHS\=YES
    export ENABLE_ENHANCED_SECURITY\=NO
    export ENABLE_HARDENED_RUNTIME\=NO
    export ENABLE_HEADER_DEPENDENCIES\=YES
    export ENABLE_INCOMING_NETWORK_CONNECTIONS\=NO
    export ENABLE_ON_DEMAND_RESOURCES\=NO
    export ENABLE_OUTGOING_NETWORK_CONNECTIONS\=NO
    export ENABLE_POINTER_AUTHENTICATION\=NO
    export ENABLE_PREVIEWS\=NO
    export ENABLE_RESOURCE_ACCESS_AUDIO_INPUT\=NO
    export ENABLE_RESOURCE_ACCESS_BLUETOOTH\=NO
    export ENABLE_RESOURCE_ACCESS_CALENDARS\=NO
    export ENABLE_RESOURCE_ACCESS_CAMERA\=NO
    export ENABLE_RESOURCE_ACCESS_CONTACTS\=NO
    export ENABLE_RESOURCE_ACCESS_LOCATION\=NO
    export ENABLE_RESOURCE_ACCESS_PHOTO_LIBRARY\=NO
    export ENABLE_RESOURCE_ACCESS_PRINTING\=NO
    export ENABLE_RESOURCE_ACCESS_USB\=NO
    export ENABLE_SDK_IMPORTS\=NO
    export ENABLE_SECURITY_COMPILER_WARNINGS\=NO
    export ENABLE_STRICT_OBJC_MSGSEND\=YES
    export ENABLE_TESTABILITY\=YES
    export ENABLE_TESTING_SEARCH_PATHS\=YES
    export ENABLE_USER_SCRIPT_SANDBOXING\=NO
    export ENABLE_XOJIT_PREVIEWS\=YES
    export ENFORCE_VALID_ARCHS\=YES
    export ENTITLEMENTS_DESTINATION\=Signature
    export ENTITLEMENTS_REQUIRED\=YES
    export EXCLUDED_INSTALLSRC_SUBDIRECTORY_PATTERNS\=.DS_Store\ .svn\ .git\ .hg\ CVS
    export EXCLUDED_RECURSIVE_SEARCH_PATH_SUBDIRECTORIES\=\*.nib\ \*.lproj\ \*.framework\ \*.gch\ \*.xcode\*\ \*.xcassets\ \*.icon\ \(\*\)\ .DS_Store\ CVS\ .svn\ .git\ .hg\ \*.pbproj\ \*.pbxproj
    export EXECUTABLES_FOLDER_PATH\=ResourceRunnerUITests.xctest/Contents/Executables
    export EXECUTABLE_FOLDER_PATH\=ResourceRunnerUITests.xctest/Contents/MacOS
    export EXECUTABLE_FOLDER_PATH_SHALLOW_BUNDLE_NO\=ResourceRunnerUITests.xctest/Contents/MacOS
    export EXECUTABLE_FOLDER_PATH_SHALLOW_BUNDLE_YES\=ResourceRunnerUITests.xctest/Contents
    export EXECUTABLE_NAME\=ResourceRunnerUITests
    export EXECUTABLE_PATH\=ResourceRunnerUITests.xctest/Contents/MacOS/ResourceRunnerUITests
    export EXPANDED_CODE_SIGN_IDENTITY\=-
    export EXPANDED_CODE_SIGN_IDENTITY_NAME\=Sign\ to\ Run\ Locally
    export EXTENSIONS_FOLDER_PATH\=ResourceRunnerUITests.xctest/Contents/Extensions
    export FILE_LIST\=/tmp/rr-macos-capacity-derived/Build/Intermediates.noindex/ResourceRunner.build/Debug/ResourceRunnerUITests.build/Objects/LinkFileList
    export FIXED_FILES_DIR\=/tmp/rr-macos-capacity-derived/Build/Intermediates.noindex/ResourceRunner.build/Debug/ResourceRunnerUITests.build/FixedFiles
    export FRAMEWORKS_FOLDER_PATH\=ResourceRunnerUITests.xctest/Contents/Frameworks
    export FRAMEWORK_FLAG_PREFIX\=-framework
    export FRAMEWORK_SEARCH_PATHS\=/tmp/rr-macos-capacity-derived/Build/Products/Debug\ 
    export FRAMEWORK_VERSION\=A
    export FULL_PRODUCT_NAME\=ResourceRunnerUITests.xctest
    export FUSE_BUILD_PHASES\=YES
    export FUSE_BUILD_SCRIPT_PHASES\=NO
    export GCC3_VERSION\=3.3
    export GCC_C_LANGUAGE_STANDARD\=gnu17
    export GCC_DYNAMIC_NO_PIC\=NO
    export GCC_INLINES_ARE_PRIVATE_EXTERN\=YES
    export GCC_NO_COMMON_BLOCKS\=YES
    export GCC_OPTIMIZATION_LEVEL\=0
    export GCC_PFE_FILE_C_DIALECTS\=c\ objective-c\ c++\ objective-c++
    export GCC_PREPROCESSOR_DEFINITIONS\=DEBUG\=1\ 
    export GCC_TREAT_WARNINGS_AS_ERRORS\=NO
    export GCC_VERSION\=com.apple.compilers.llvm.clang.1_0
    export GCC_VERSION_IDENTIFIER\=com_apple_compilers_llvm_clang_1_0
    export GCC_WARN_64_TO_32_BIT_CONVERSION\=YES
    export GCC_WARN_ABOUT_RETURN_TYPE\=YES_ERROR
    export GCC_WARN_UNDECLARED_SELECTOR\=YES
    export GCC_WARN_UNINITIALIZED_AUTOS\=YES_AGGRESSIVE
    export GCC_WARN_UNUSED_FUNCTION\=YES
    export GCC_WARN_UNUSED_VARIABLE\=YES
    export GENERATED_MODULEMAP_DIR\=/tmp/rr-macos-capacity-derived/Build/Intermediates.noindex/GeneratedModuleMaps
    export GENERATED_TEST_ENTRY_POINT_PATH\=/tmp/rr-macos-capacity-derived/Build/Intermediates.noindex/ResourceRunner.build/Debug/ResourceRunnerUITests.build/DerivedSources/test_entry_point.swift
    export GENERATE_INFOPLIST_FILE\=YES
    export GENERATE_INTERMEDIATE_TEXT_BASED_STUBS\=YES
    export GENERATE_PKGINFO_FILE\=NO
    export GENERATE_PRELINK_OBJECT_FILE\=NO
    export GENERATE_PROFILING_CODE\=NO
    export GENERATE_TEXT_BASED_STUBS\=NO
    export GID\=20
    export GROUP\=staff
    export HEADERMAP_INCLUDES_FLAT_ENTRIES_FOR_TARGET_BEING_BUILT\=YES
    export HEADERMAP_INCLUDES_FRAMEWORK_ENTRIES_FOR_ALL_PRODUCT_TYPES\=YES
    export HEADERMAP_INCLUDES_FRAMEWORK_ENTRIES_FOR_TARGETS_NOT_BEING_BUILT\=YES
    export HEADERMAP_INCLUDES_NONPUBLIC_NONPRIVATE_HEADERS\=YES
    export HEADERMAP_INCLUDES_PROJECT_HEADERS\=YES
    export HEADERMAP_USES_FRAMEWORK_PREFIX_ENTRIES\=YES
    export HEADERMAP_USES_VFS\=NO
    export HEADER_SEARCH_PATHS\=/tmp/rr-macos-capacity-derived/Build/Products/Debug/include\ 
    export HOME\=/Users/zipkero
    export HOST_ARCH\=arm64
    export HOST_PLATFORM\=macosx
    export ICONV\=/usr/bin/iconv
    export IMPLICIT_DEPENDENCY_DOMAIN\=default
    export INDEX_STORE_COMPRESS\=NO
    export INDEX_STORE_ONLY_PROJECT_FILES\=NO
    export INFOPLIST_ENABLE_CFBUNDLEICONS_MERGE\=YES
    export INFOPLIST_EXPAND_BUILD_SETTINGS\=YES
    export INFOPLIST_OUTPUT_FORMAT\=same-as-input
    export INFOPLIST_PATH\=ResourceRunnerUITests.xctest/Contents/Info.plist
    export INFOPLIST_PREPROCESS\=NO
    export INFOSTRINGS_PATH\=ResourceRunnerUITests.xctest/Contents/Resources/en.lproj/InfoPlist.strings
    export INLINE_PRIVATE_FRAMEWORKS\=NO
    export INSTALLAPI_IGNORE_SKIP_INSTALL\=YES
    export INSTALLHDRS_COPY_PHASE\=NO
    export INSTALLHDRS_SCRIPT_PHASE\=NO
    export INSTALL_DIR\=/tmp/ResourceRunner.dst
    export INSTALL_GROUP\=staff
    export INSTALL_MODE_FLAG\=u+w,go-w,a+rX
    export INSTALL_OWNER\=zipkero
    export INSTALL_ROOT\=/tmp/ResourceRunner.dst
    export IOS_UNZIPPERED_TWIN_PREFIX_PATH\=/System/iOSSupport
    export IS_MACCATALYST\=NO
    export IS_UNOPTIMIZED_BUILD\=YES
    export JAVAC_DEFAULT_FLAGS\=-J-Xms64m\ -J-XX:NewSize\=4M\ -J-Dfile.encoding\=UTF8
    export JAVA_APP_STUB\=/System/Library/Frameworks/JavaVM.framework/Resources/MacOS/JavaApplicationStub
    export JAVA_ARCHIVE_CLASSES\=YES
    export JAVA_ARCHIVE_TYPE\=JAR
    export JAVA_COMPILER\=/usr/bin/javac
    export JAVA_FOLDER_PATH\=ResourceRunnerUITests.xctest/Contents/Resources/Java
    export JAVA_FRAMEWORK_RESOURCES_DIRS\=Resources
    export JAVA_JAR_FLAGS\=cv
    export JAVA_SOURCE_SUBDIR\=.
    export JAVA_USE_DEPENDENCIES\=YES
    export JAVA_ZIP_FLAGS\=-urg
    export JIKES_DEFAULT_FLAGS\=+E\ +OLDCSO
    export KASAN_CFLAGS_CLASSIC\=-DKASAN\=1\ -DKASAN_CLASSIC\=1\ -fsanitize\=address\ -mllvm\ -asan-globals-live-support\ -mllvm\ -asan-force-dynamic-shadow
    export KASAN_CFLAGS_TBI\=-DKASAN\=1\ -DKASAN_TBI\=1\ -fsanitize\=kernel-hwaddress\ -mllvm\ -hwasan-recover\=0\ -mllvm\ -hwasan-instrument-atomics\=0\ -mllvm\ -hwasan-instrument-stack\=1\ -mllvm\ -hwasan-generate-tags-with-calls\=1\ -mllvm\ -hwasan-instrument-with-calls\=1\ -mllvm\ -hwasan-use-short-granules\=0\ -mllvm\ -hwasan-memory-access-callback-prefix\=__asan_
    export KASAN_DEFAULT_CFLAGS\=-DKASAN\=1\ -DKASAN_CLASSIC\=1\ -fsanitize\=address\ -mllvm\ -asan-globals-live-support\ -mllvm\ -asan-force-dynamic-shadow
    export KEEP_PRIVATE_EXTERNS\=NO
    export LD_DEPENDENCY_INFO_FILE\=/tmp/rr-macos-capacity-derived/Build/Intermediates.noindex/ResourceRunner.build/Debug/ResourceRunnerUITests.build/Objects-normal/undefined_arch/ResourceRunnerUITests_dependency_info.dat
    export LD_EXPORT_SYMBOLS\=YES
    export LD_GENERATE_MAP_FILE\=NO
    export LD_MAP_FILE_PATH\=/tmp/rr-macos-capacity-derived/Build/Intermediates.noindex/ResourceRunner.build/Debug/ResourceRunnerUITests.build/ResourceRunnerUITests-LinkMap-normal-undefined_arch.txt
    export LD_NO_PIE\=NO
    export LD_QUOTE_LINKER_ARGUMENTS_FOR_COMPILER_DRIVER\=YES
    export LD_RUNPATH_SEARCH_PATHS\=\ @loader_path/../Frameworks
    export LD_RUNPATH_SEARCH_PATHS_SHALLOW_BUNDLE_NO\=@loader_path/../Frameworks
    export LD_RUNPATH_SEARCH_PATHS_SHALLOW_BUNDLE_YES\=@loader_path/Frameworks
    export LD_SHARED_CACHE_ELIGIBLE\=Automatic
    export LD_WARN_DUPLICATE_LIBRARIES\=NO
    export LD_WARN_UNUSED_DYLIBS\=NO
    export LEGACY_DEVELOPER_DIR\=/Applications/Xcode.app/Contents/PlugIns/Xcode3Core.ideplugin/Contents/SharedSupport/Developer
    export LEX\=lex
    export LIBRARY_DEXT_INSTALL_PATH\=/Library/DriverExtensions
    export LIBRARY_FLAG_NOSPACE\=YES
    export LIBRARY_FLAG_PREFIX\=-l
    export LIBRARY_KEXT_INSTALL_PATH\=/Library/Extensions
    export LIBRARY_SEARCH_PATHS\=/tmp/rr-macos-capacity-derived/Build/Products/Debug\ \ \ /Applications/Xcode.app/Contents/Developer/Platforms/MacOSX.platform/Developer/usr/lib
    export LINKER_DISPLAYS_MANGLED_NAMES\=NO
    export LINK_FILE_LIST_normal_arm64\=/tmp/rr-macos-capacity-derived/Build/Intermediates.noindex/ResourceRunner.build/Debug/ResourceRunnerUITests.build/Objects-normal/arm64/ResourceRunnerUITests.LinkFileList
    export LINK_OBJC_RUNTIME\=YES
    export LINK_WITH_STANDARD_LIBRARIES\=YES
    export LLVM_TARGET_TRIPLE_OS_VERSION\=macos26.5
    export LLVM_TARGET_TRIPLE_OS_VERSION_NO\=macos26.5
    export LLVM_TARGET_TRIPLE_OS_VERSION_YES\=macos26.5
    export LLVM_TARGET_TRIPLE_VENDOR\=apple
    export LM_AUX_CONST_METADATA_LIST_PATH_normal_arm64\=/tmp/rr-macos-capacity-derived/Build/Intermediates.noindex/ResourceRunner.build/Debug/ResourceRunnerUITests.build/Objects-normal/arm64/ResourceRunnerUITests.SwiftConstValuesFileList
    export LOCALIZATION_EXPORT_SUPPORTED\=YES
    export LOCALIZATION_PREFERS_STRING_CATALOGS\=YES
    export LOCALIZED_RESOURCES_FOLDER_PATH\=ResourceRunnerUITests.xctest/Contents/Resources/en.lproj
    export LOCALIZED_STRING_CODE_COMMENTS\=NO
    export LOCALIZED_STRING_MACRO_NAMES\=NSLocalizedString\ CFCopyLocalizedString
    export LOCALIZED_STRING_SWIFTUI_SUPPORT\=YES
    export LOCAL_ADMIN_APPS_DIR\=/Applications/Utilities
    export LOCAL_APPS_DIR\=/Applications
    export LOCAL_DEVELOPER_DIR\=/Library/Developer
    export LOCAL_LIBRARY_DIR\=/Library
    export LOCROOT\=/Users/zipkero/XcodeProjects/ResourceRunner
    export LOCSYMROOT\=/Users/zipkero/XcodeProjects/ResourceRunner
    export MACH_O_TYPE\=mh_bundle
    export MACOSX_DEPLOYMENT_TARGET\=26.5
    export MAC_OS_X_PRODUCT_BUILD_VERSION\=25G83
    export MAC_OS_X_VERSION_ACTUAL\=260602
    export MAC_OS_X_VERSION_MAJOR\=260000
    export MAC_OS_X_VERSION_MINOR\=260600
    export MAKE_MERGEABLE\=NO
    export MARKETING_VERSION\=1.0
    export MERGEABLE_LIBRARY\=NO
    export MERGED_BINARY_TYPE\=none
    export MERGE_LINKED_LIBRARIES\=NO
    export METAL_LIBRARY_FILE_BASE\=default
    export METAL_LIBRARY_OUTPUT_DIR\=/tmp/rr-macos-capacity-derived/Build/Products/Debug/ResourceRunnerUITests-Runner.app/Contents/PlugIns/ResourceRunnerUITests.xctest/Contents/Resources
    export MODULES_FOLDER_PATH\=ResourceRunnerUITests.xctest/Contents/Modules
    export MODULE_CACHE_DIR\=/tmp/rr-macos-capacity-derived/ModuleCache.noindex
    export MTL_ENABLE_DEBUG_INFO\=INCLUDE_SOURCE
    export MTL_FAST_MATH\=YES
    export NATIVE_ARCH\=arm64
    export NATIVE_ARCH_32_BIT\=arm
    export NATIVE_ARCH_64_BIT\=arm64
    export NATIVE_ARCH_ACTUAL\=arm64
    export NO_COMMON\=YES
    export OBJECT_FILE_DIR\=/tmp/rr-macos-capacity-derived/Build/Intermediates.noindex/ResourceRunner.build/Debug/ResourceRunnerUITests.build/Objects
    export OBJECT_FILE_DIR_normal\=/tmp/rr-macos-capacity-derived/Build/Intermediates.noindex/ResourceRunner.build/Debug/ResourceRunnerUITests.build/Objects-normal
    export OBJROOT\=/tmp/rr-macos-capacity-derived/Build/Intermediates.noindex
    export ONLY_ACTIVE_ARCH\=YES
    export OS\=MACOS
    export OSAC\=/usr/bin/osacompile
    export OTHER_SWIFT_FLAGS\=\ -module-alias\ Testing\=_Testing_Unavailable\ -plugin-path\ /Applications/Xcode.app/Contents/Developer/Toolchains/XcodeDefault.xctoolchain/usr/lib/swift/host/plugins/testing
    export PACKAGE_TYPE\=com.apple.package-type.bundle.unit-test
    export PASCAL_STRINGS\=YES
    export PATH\=/Applications/Xcode.app/Contents/SharedFrameworks/SwiftBuild.framework/Versions/A/PlugIns/SWBBuildService.bundle/Contents/PlugIns/SWBUniversalPlatformPlugin.bundle/Contents/Frameworks/SWBUniversalPlatform.framework/Resources:/Applications/Xcode.app/Contents/Developer/Toolchains/XcodeDefault.xctoolchain/usr/bin:/Applications/Xcode.app/Contents/Developer/Toolchains/XcodeDefault.xctoolchain/usr/local/bin:/Applications/Xcode.app/Contents/Developer/Toolchains/XcodeDefault.xctoolchain/usr/libexec:/Applications/Xcode.app/Contents/Developer/Platforms/MacOSX.platform/usr/bin:/Applications/Xcode.app/Contents/Developer/Platforms/MacOSX.platform/usr/local/bin:/Applications/Xcode.app/Contents/Developer/Platforms/MacOSX.platform/Developer/usr/bin:/Applications/Xcode.app/Contents/Developer/Platforms/MacOSX.platform/Developer/usr/local/bin:/Applications/Xcode.app/Contents/Developer/usr/bin:/Applications/Xcode.app/Contents/Developer/usr/local/bin:/Users/zipkero/.codex/packages/standalone/releases/0.160.0-aarch64-apple-darwin/codex-path:/Users/zipkero/.nvm/versions/node/v24.15.0/bin:/Users/zipkero/.local/bin:/usr/local/bin:/System/Cryptexes/App/usr/bin:/usr/bin:/bin:/usr/sbin:/sbin:/var/run/com.apple.security.cryptexd/codex.system/bootstrap/usr/local/bin:/var/run/com.apple.security.cryptexd/codex.system/bootstrap/usr/bin:/var/run/com.apple.security.cryptexd/codex.system/bootstrap/usr/appleinternal/bin:/pkg/env/global/bin:/Library/Apple/usr/bin:/usr/local/share/dotnet:/opt/homebrew/bin:/Users/zipkero/.codex/tmp/arg0/codex-arg0CjU73n:/Applications/Orca.app/Contents/Resources/bin:/Users/zipkero/Library/Application\ Support/JetBrains/Toolbox/scripts:/Users/zipkero/.orbstack/bin:/Users/zipkero/go/bin:/Users/zipkero/.volta/bin:/Users/zipkero/.asdf/shims:/Users/zipkero/.fnm/aliases/default/bin:/Users/zipkero/.local/share/mise/shims:/Users/zipkero/Library/pnpm:/Users/zipkero/.yarn/bin:/Users/zipkero/.bun/bin:/opt/homebrew/sbin:/usr/local/sbin:/nix/var/nix/profiles/default/bin:/Users/zipkero/bin:/Users/zipkero/.nix-profile/bin:/Users/zipkero/.opencode/bin:/Users/zipkero/.vite-plus/bin
    export PATH_PREFIXES_EXCLUDED_FROM_HEADER_DEPENDENCIES\=/usr/include\ /usr/local/include\ /System/Library/Frameworks\ /System/Library/PrivateFrameworks\ /Applications/Xcode.app/Contents/Developer/Headers\ /Applications/Xcode.app/Contents/Developer/SDKs\ /Applications/Xcode.app/Contents/Developer/Platforms
    export PBDEVELOPMENTPLIST_PATH\=ResourceRunnerUITests.xctest/Contents/pbdevelopment.plist
    export PER_ARCH_MODULE_FILE_DIR\=/tmp/rr-macos-capacity-derived/Build/Intermediates.noindex/ResourceRunner.build/Debug/ResourceRunnerUITests.build/Objects-normal/undefined_arch
    export PER_ARCH_OBJECT_FILE_DIR\=/tmp/rr-macos-capacity-derived/Build/Intermediates.noindex/ResourceRunner.build/Debug/ResourceRunnerUITests.build/Objects-normal/undefined_arch
    export PER_VARIANT_OBJECT_FILE_DIR\=/tmp/rr-macos-capacity-derived/Build/Intermediates.noindex/ResourceRunner.build/Debug/ResourceRunnerUITests.build/Objects-normal
    export PKGINFO_FILE_PATH\=/tmp/rr-macos-capacity-derived/Build/Intermediates.noindex/ResourceRunner.build/Debug/ResourceRunnerUITests.build/PkgInfo
    export PKGINFO_PATH\=ResourceRunnerUITests.xctest/Contents/PkgInfo
    export PLATFORM_DEVELOPER_APPLICATIONS_DIR\=/Applications/Xcode.app/Contents/Developer/Applications
    export PLATFORM_DEVELOPER_BIN_DIR\=/Applications/Xcode.app/Contents/Developer/usr/bin
    export PLATFORM_DEVELOPER_LIBRARY_DIR\=/Applications/Xcode.app/Contents/Developer/Library
    export PLATFORM_DEVELOPER_SDK_DIR\=/Applications/Xcode.app/Contents/Developer/Platforms/MacOSX.platform/Developer/SDKs
    export PLATFORM_DEVELOPER_TOOLS_DIR\=/Applications/Xcode.app/Contents/Developer/Tools
    export PLATFORM_DEVELOPER_USR_DIR\=/Applications/Xcode.app/Contents/Developer/usr
    export PLATFORM_DIR\=/Applications/Xcode.app/Contents/Developer/Platforms/MacOSX.platform
    export PLATFORM_DISPLAY_NAME\=macOS
    export PLATFORM_FAMILY_NAME\=macOS
    export PLATFORM_NAME\=macosx
    export PLATFORM_PREFERRED_ARCH\=x86_64
    export PLATFORM_PRODUCT_BUILD_VERSION\=25F70
    export PLATFORM_REQUIRES_SWIFT_AUTOLINK_EXTRACT\=NO
    export PLATFORM_REQUIRES_SWIFT_MODULEWRAP\=NO
    export PLATFORM_USES_DSYMS\=YES
    export PLIST_FILE_OUTPUT_FORMAT\=same-as-input
    export PLUGINS_FOLDER_PATH\=ResourceRunnerUITests.xctest/Contents/PlugIns
    export PRECOMPS_INCLUDE_HEADERS_FROM_BUILT_PRODUCTS_DIR\=YES
    export PRECOMP_DESTINATION_DIR\=/tmp/rr-macos-capacity-derived/Build/Intermediates.noindex/ResourceRunner.build/Debug/ResourceRunnerUITests.build/PrefixHeaders
    export PRIVATE_HEADERS_FOLDER_PATH\=ResourceRunnerUITests.xctest/Contents/PrivateHeaders
    export PROCESSED_INFOPLIST_PATH\=/tmp/rr-macos-capacity-derived/Build/Intermediates.noindex/ResourceRunner.build/Debug/ResourceRunnerUITests.build/Objects-normal/undefined_arch/Processed-Info.plist
    export PRODUCT_BUNDLE_IDENTIFIER\=com.zipkero.ResourceRunnerUITests
    export PRODUCT_BUNDLE_PACKAGE_TYPE\=BNDL
    export PRODUCT_MODULE_NAME\=ResourceRunnerUITests
    export PRODUCT_NAME\=ResourceRunnerUITests
    export PRODUCT_SETTINGS_PATH\=
    export PRODUCT_SPECIFIC_LDFLAGS\=-Xlinker\ -needed_framework\ -Xlinker\ XCTest\ -framework\ XCTest\ -Xlinker\ -needed-lXCTestSwiftSupport\ -lXCTestSwiftSupport
    export PRODUCT_TYPE\=com.apple.product-type.bundle.ui-testing
    export PRODUCT_TYPE_SWIFT_STDLIB_TOOL_FLAGS\=--scan-executable\ \"/Applications/Xcode.app/Contents/Developer/Platforms/MacOSX.platform/Developer/usr/lib/libXCTestSwiftSupport.dylib\"
    export PROFILING_CODE\=NO
    export PROJECT\=ResourceRunner
    export PROJECT_DERIVED_FILE_DIR\=/tmp/rr-macos-capacity-derived/Build/Intermediates.noindex/ResourceRunner.build/DerivedSources
    export PROJECT_DIR\=/Users/zipkero/XcodeProjects/ResourceRunner
    export PROJECT_FILE_PATH\=/Users/zipkero/XcodeProjects/ResourceRunner/ResourceRunner.xcodeproj
    export PROJECT_GUID\=8c3503f0990367d409751a2585fa2393
    export PROJECT_NAME\=ResourceRunner
    export PROJECT_TEMP_DIR\=/tmp/rr-macos-capacity-derived/Build/Intermediates.noindex/ResourceRunner.build
    export PROJECT_TEMP_ROOT\=/tmp/rr-macos-capacity-derived/Build/Intermediates.noindex
    export PROVISIONING_PROFILE_DESTINATION_PATH\=/tmp/rr-macos-capacity-derived/Build/Products/Debug/ResourceRunnerUITests-Runner.app/Contents/PlugIns/..
    export PROVISIONING_PROFILE_REQUIRED\=NO
    export PROVISIONING_PROFILE_SUPPORTED\=YES
    export PUBLIC_HEADERS_FOLDER_PATH\=ResourceRunnerUITests.xctest/Contents/Headers
    export RECOMMENDED_MACOSX_DEPLOYMENT_TARGET\=11.0
    export RECURSIVE_SEARCH_PATHS_FOLLOW_SYMLINKS\=YES
    export REMOVE_CVS_FROM_RESOURCES\=YES
    export REMOVE_GIT_FROM_RESOURCES\=YES
    export REMOVE_HEADERS_FROM_EMBEDDED_BUNDLES\=YES
    export REMOVE_HG_FROM_RESOURCES\=YES
    export REMOVE_STATIC_EXECUTABLES_FROM_EMBEDDED_BUNDLES\=YES
    export REMOVE_SVN_FROM_RESOURCES\=YES
    export RESCHEDULE_INDEPENDENT_HEADERS_PHASES\=YES
    export REZ_COLLECTOR_DIR\=/tmp/rr-macos-capacity-derived/Build/Intermediates.noindex/ResourceRunner.build/Debug/ResourceRunnerUITests.build/ResourceManagerResources
    export REZ_OBJECTS_DIR\=/tmp/rr-macos-capacity-derived/Build/Intermediates.noindex/ResourceRunner.build/Debug/ResourceRunnerUITests.build/ResourceManagerResources/Objects
    export REZ_SEARCH_PATHS\=/tmp/rr-macos-capacity-derived/Build/Products/Debug\ 
    export RPATH_ORIGIN\=@loader_path
    export RUNTIME_EXCEPTION_ALLOW_DYLD_ENVIRONMENT_VARIABLES\=NO
    export RUNTIME_EXCEPTION_ALLOW_JIT\=NO
    export RUNTIME_EXCEPTION_ALLOW_UNSIGNED_EXECUTABLE_MEMORY\=NO
    export RUNTIME_EXCEPTION_DEBUGGING_TOOL\=NO
    export RUNTIME_EXCEPTION_DISABLE_EXECUTABLE_PAGE_PROTECTION\=NO
    export RUNTIME_EXCEPTION_DISABLE_LIBRARY_VALIDATION\=NO
    export SCANNING_PCM_KEEP_CACHE_DIRECTORY\=YES
    export SCAN_ALL_SOURCE_FILES_FOR_INCLUDES\=NO
    export SCRIPTS_FOLDER_PATH\=ResourceRunnerUITests.xctest/Contents/Resources/Scripts
    export SCRIPT_INPUT_FILE_0\=/Users/zipkero/XcodeProjects/ResourceRunner/ResourceRunnerUITests/ExpansionProcessFixture.cfixture
    export SCRIPT_INPUT_FILE_COUNT\=1
    export SCRIPT_INPUT_FILE_LIST_COUNT\=0
    export SCRIPT_OUTPUT_FILE_0\=/tmp/rr-macos-capacity-derived/Build/Products/Debug/ResourceRunnerExpansionFixture
    export SCRIPT_OUTPUT_FILE_COUNT\=1
    export SCRIPT_OUTPUT_FILE_LIST_COUNT\=0
    export SDKROOT\=/Applications/Xcode.app/Contents/Developer/Platforms/MacOSX.platform/Developer/SDKs/MacOSX26.5.sdk
    export SDK_DIR\=/Applications/Xcode.app/Contents/Developer/Platforms/MacOSX.platform/Developer/SDKs/MacOSX26.5.sdk
    export SDK_DIR_macosx\=/Applications/Xcode.app/Contents/Developer/Platforms/MacOSX.platform/Developer/SDKs/MacOSX26.5.sdk
    export SDK_DIR_macosx26_5\=/Applications/Xcode.app/Contents/Developer/Platforms/MacOSX.platform/Developer/SDKs/MacOSX26.5.sdk
    export SDK_NAME\=macosx26.5
    export SDK_NAMES\=macosx26.5
    export SDK_PRODUCT_BUILD_VERSION\=25F70
    export SDK_STAT_CACHE_DIR\=/tmp/rr-macos-capacity-derived
    export SDK_STAT_CACHE_ENABLE\=YES
    export SDK_STAT_CACHE_PATH\=/tmp/rr-macos-capacity-derived/SDKStatCaches.noindex/macosx26.5-25F70-e082c4a02f00227109f4ed75e425c832.sdkstatcache
    export SDK_VERSION\=26.5
    export SDK_VERSION_ACTUAL\=260500
    export SDK_VERSION_MAJOR\=260000
    export SDK_VERSION_MINOR\=260500
    export SED\=/usr/bin/sed
    export SEPARATE_STRIP\=NO
    export SEPARATE_SYMBOL_EDIT\=NO
    export SET_DIR_MODE_OWNER_GROUP\=YES
    export SET_FILE_MODE_OWNER_GROUP\=NO
    export SHALLOW_BUNDLE\=NO
    export SHALLOW_BUNDLE_PLATFORM\=NO
    export SHALLOW_BUNDLE_TRIPLE\=macos
    export SHALLOW_BUNDLE_ios_macabi\=NO
    export SHALLOW_BUNDLE_macos\=NO
    export SHARED_DERIVED_FILE_DIR\=/tmp/rr-macos-capacity-derived/Build/Products/Debug/DerivedSources
    export SHARED_FRAMEWORKS_FOLDER_PATH\=ResourceRunnerUITests.xctest/Contents/SharedFrameworks
    export SHARED_PRECOMPS_DIR\=/tmp/rr-macos-capacity-derived/Build/Intermediates.noindex/PrecompiledHeaders
    export SHARED_SUPPORT_FOLDER_PATH\=ResourceRunnerUITests.xctest/Contents/SharedSupport
    export SKIP_INSTALL\=YES
    export SKIP_MERGEABLE_LIBRARY_BUNDLE_HOOK\=NO
    export SOURCE_ROOT\=/Users/zipkero/XcodeProjects/ResourceRunner
    export SRCROOT\=/Users/zipkero/XcodeProjects/ResourceRunner
    export STRINGSDATA_DIR\=/tmp/rr-macos-capacity-derived/Build/Intermediates.noindex/ResourceRunner.build/Debug/ResourceRunnerUITests.build/Objects-normal/undefined_arch
    export STRINGSDATA_ROOT\=/tmp/rr-macos-capacity-derived/Build/Intermediates.noindex/ResourceRunner.build/Debug/ResourceRunnerUITests.build
    export STRINGS_FILE_INFOPLIST_RENAME\=YES
    export STRINGS_FILE_OUTPUT_ENCODING\=UTF-16
    export STRING_CATALOG_GENERATE_SYMBOLS\=NO
    export STRIP_BITCODE_FROM_COPIED_FILES\=NO
    export STRIP_INSTALLED_PRODUCT\=NO
    export STRIP_PNG_TEXT\=NO
    export STRIP_STYLE\=non-global
    export STRIP_SWIFT_SYMBOLS\=YES
    export SUPPORTED_PLATFORMS\=macosx
    export SUPPORTS_TEXT_BASED_API\=NO
    export SUPPRESS_WARNINGS\=NO
    export SWIFT_ACTIVE_COMPILATION_CONDITIONS\=DEBUG\ 
    export SWIFT_APPROACHABLE_CONCURRENCY\=YES
    export SWIFT_EMIT_CONST_VALUE_PROTOCOLS\=AnyResolverProviding\ AppEntity\ AppEnum\ AppExtension\ AppIntent\ AppIntentsPackage\ AppShortcutProviding\ AppShortcutsProvider\ AppUnionValue\ AppUnionValueCasesProviding\ DynamicOptionsProvider\ EntityQuery\ ExtensionPointDefining\ IntentValueQuery\ Resolver\ TransientEntity\ _AssistantIntentsProvider\ _GenerativeFunctionExtractable\ _IntentValueRepresentable
    export SWIFT_EMIT_LOC_STRINGS\=NO
    export SWIFT_ENABLE_EXPLICIT_MODULES\=YES
    export SWIFT_OPTIMIZATION_LEVEL\=-Onone
    export SWIFT_PLATFORM_TARGET_PREFIX\=macos
    export SWIFT_RESPONSE_FILE_PATH_normal_arm64\=/tmp/rr-macos-capacity-derived/Build/Intermediates.noindex/ResourceRunner.build/Debug/ResourceRunnerUITests.build/Objects-normal/arm64/ResourceRunnerUITests.SwiftFileList
    export SWIFT_UPCOMING_FEATURE_MEMBER_IMPORT_VISIBILITY\=YES
    export SWIFT_VERSION\=5.0
    export SYMROOT\=/tmp/rr-macos-capacity-derived/Build/Products
    export SYSTEM_ADMIN_APPS_DIR\=/Applications/Utilities
    export SYSTEM_APPS_DIR\=/Applications
    export SYSTEM_CORE_SERVICES_DIR\=/System/Library/CoreServices
    export SYSTEM_DEMOS_DIR\=/Applications/Extras
    export SYSTEM_DEVELOPER_APPS_DIR\=/Applications/Xcode.app/Contents/Developer/Applications
    export SYSTEM_DEVELOPER_BIN_DIR\=/Applications/Xcode.app/Contents/Developer/usr/bin
    export SYSTEM_DEVELOPER_DEMOS_DIR\=/Applications/Xcode.app/Contents/Developer/Applications/Utilities/Built\ Examples
    export SYSTEM_DEVELOPER_DIR\=/Applications/Xcode.app/Contents/Developer
    export SYSTEM_DEVELOPER_DOC_DIR\=/Applications/Xcode.app/Contents/Developer/ADC\ Reference\ Library
    export SYSTEM_DEVELOPER_GRAPHICS_TOOLS_DIR\=/Applications/Xcode.app/Contents/Developer/Applications/Graphics\ Tools
    export SYSTEM_DEVELOPER_JAVA_TOOLS_DIR\=/Applications/Xcode.app/Contents/Developer/Applications/Java\ Tools
    export SYSTEM_DEVELOPER_PERFORMANCE_TOOLS_DIR\=/Applications/Xcode.app/Contents/Developer/Applications/Performance\ Tools
    export SYSTEM_DEVELOPER_RELEASENOTES_DIR\=/Applications/Xcode.app/Contents/Developer/ADC\ Reference\ Library/releasenotes
    export SYSTEM_DEVELOPER_TOOLS\=/Applications/Xcode.app/Contents/Developer/Tools
    export SYSTEM_DEVELOPER_TOOLS_DOC_DIR\=/Applications/Xcode.app/Contents/Developer/ADC\ Reference\ Library/documentation/DeveloperTools
    export SYSTEM_DEVELOPER_TOOLS_RELEASENOTES_DIR\=/Applications/Xcode.app/Contents/Developer/ADC\ Reference\ Library/releasenotes/DeveloperTools
    export SYSTEM_DEVELOPER_USR_DIR\=/Applications/Xcode.app/Contents/Developer/usr
    export SYSTEM_DEVELOPER_UTILITIES_DIR\=/Applications/Xcode.app/Contents/Developer/Applications/Utilities
    export SYSTEM_DEXT_INSTALL_PATH\=/System/Library/DriverExtensions
    export SYSTEM_DOCUMENTATION_DIR\=/Library/Documentation
    export SYSTEM_EXTENSIONS_FOLDER_PATH\=ResourceRunnerUITests.xctest/Contents/Library/SystemExtensions
    export SYSTEM_EXTENSIONS_FOLDER_PATH_SHALLOW_BUNDLE_NO\=ResourceRunnerUITests.xctest/Contents/Library/SystemExtensions
    export SYSTEM_EXTENSIONS_FOLDER_PATH_SHALLOW_BUNDLE_YES\=ResourceRunnerUITests.xctest/Contents/SystemExtensions
    export SYSTEM_FRAMEWORK_SEARCH_PATHS\=\ \ /Applications/Xcode.app/Contents/Developer/Platforms/MacOSX.platform/Developer/Library/Frameworks
    export SYSTEM_KEXT_INSTALL_PATH\=/System/Library/Extensions
    export SYSTEM_LIBRARY_DIR\=/System/Library
    export TAPI_DEMANGLE\=YES
    export TAPI_ENABLE_PROJECT_HEADERS\=NO
    export TAPI_LANGUAGE\=objective-c
    export TAPI_LANGUAGE_STANDARD\=compiler-default
    export TAPI_USE_SRCROOT\=YES
    export TAPI_VERIFY_MODE\=Pedantic
    export TARGETNAME\=ResourceRunnerUITests
    export TARGET_BUILD_DIR\=/tmp/rr-macos-capacity-derived/Build/Products/Debug/ResourceRunnerUITests-Runner.app/Contents/PlugIns
    export TARGET_BUILD_SUBPATH\=/ResourceRunnerUITests-Runner.app/Contents/PlugIns
    export TARGET_NAME\=ResourceRunnerUITests
    export TARGET_TEMP_DIR\=/tmp/rr-macos-capacity-derived/Build/Intermediates.noindex/ResourceRunner.build/Debug/ResourceRunnerUITests.build
    export TEMP_DIR\=/tmp/rr-macos-capacity-derived/Build/Intermediates.noindex/ResourceRunner.build/Debug/ResourceRunnerUITests.build
    export TEMP_FILES_DIR\=/tmp/rr-macos-capacity-derived/Build/Intermediates.noindex/ResourceRunner.build/Debug/ResourceRunnerUITests.build
    export TEMP_FILE_DIR\=/tmp/rr-macos-capacity-derived/Build/Intermediates.noindex/ResourceRunner.build/Debug/ResourceRunnerUITests.build
    export TEMP_ROOT\=/tmp/rr-macos-capacity-derived/Build/Intermediates.noindex
    export TEMP_SANDBOX_DIR\=/tmp/rr-macos-capacity-derived/Build/Intermediates.noindex/TemporaryTaskSandboxes
    export TESTING_FRAMEWORK_MODULE_ALIAS_FLAGS\=-module-alias\ Testing\=_Testing_Unavailable
    export TEST_FRAMEWORK_SEARCH_PATHS\=\ /Applications/Xcode.app/Contents/Developer/Platforms/MacOSX.platform/Developer/Library/Frameworks
    export TEST_LIBRARY_SEARCH_PATHS\=\ /Applications/Xcode.app/Contents/Developer/Platforms/MacOSX.platform/Developer/usr/lib
    export TEST_TARGET_NAME\=ResourceRunner
    export TOOLCHAINS\=com.apple.dt.toolchain.XcodeDefault
    export TOOLCHAIN_DIR\=/Applications/Xcode.app/Contents/Developer/Toolchains/XcodeDefault.xctoolchain
    export TREAT_MISSING_BASELINES_AS_TEST_FAILURES\=NO
    export TREAT_MISSING_SCRIPT_PHASE_OUTPUTS_AS_ERRORS\=NO
    export UID\=501
    export UNINSTALLED_PRODUCTS_DIR\=/tmp/rr-macos-capacity-derived/Build/Intermediates.noindex/UninstalledProducts
    export UNLOCALIZED_RESOURCES_FOLDER_PATH\=ResourceRunnerUITests.xctest/Contents/Resources
    export UNLOCALIZED_RESOURCES_FOLDER_PATH_SHALLOW_BUNDLE_NO\=ResourceRunnerUITests.xctest/Contents/Resources
    export UNLOCALIZED_RESOURCES_FOLDER_PATH_SHALLOW_BUNDLE_YES\=ResourceRunnerUITests.xctest/Contents
    export UNSTRIPPED_PRODUCT\=NO
    export USER\=zipkero
    export USER_APPS_DIR\=/Users/zipkero/Applications
    export USER_LIBRARY_DIR\=/Users/zipkero/Library
    export USES_XCTRUNNER\=YES
    export USE_DYNAMIC_NO_PIC\=YES
    export USE_HEADERMAP\=YES
    export USE_HEADER_SYMLINKS\=NO
    export VALIDATE_DEVELOPMENT_ASSET_PATHS\=YES_ERROR
    export VALIDATE_PRODUCT\=NO
    export VALID_ARCHS\=arm64\ arm64e\ i386\ x86_64
    export VERBOSE_PBXCP\=NO
    export VERSIONPLIST_PATH\=ResourceRunnerUITests.xctest/Contents/version.plist
    export VERSION_INFO_BUILDER\=zipkero
    export VERSION_INFO_FILE\=ResourceRunnerUITests_vers.c
    export VERSION_INFO_STRING\=\"@\(\#\)PROGRAM:ResourceRunnerUITests\ \ PROJECT:ResourceRunner-1\"
    export WORKSPACE_DIR\=/Users/zipkero/XcodeProjects/ResourceRunner/ResourceRunner.xcodeproj
    export WRAPPER_EXTENSION\=xctest
    export WRAPPER_NAME\=ResourceRunnerUITests.xctest
    export WRAPPER_SUFFIX\=.xctest
    export WRAP_ASSET_PACKS_IN_SEPARATE_DIRECTORIES\=NO
    export XCODE_APP_SUPPORT_DIR\=/Applications/Xcode.app/Contents/Developer/Library/Xcode
    export XCODE_PRODUCT_BUILD_VERSION\=17F113
    export XCODE_VERSION_ACTUAL\=2660
    export XCODE_VERSION_MAJOR\=2600
    export XCODE_VERSION_MINOR\=2660
    export XCTRUNNER_PRODUCT_NAME\=ResourceRunnerUITests-Runner.app
    export XPCSERVICES_FOLDER_PATH\=ResourceRunnerUITests.xctest/Contents/XPCServices
    export YACC\=yacc
    export _BOOL_\=NO
    export _BOOL_NO\=NO
    export _BOOL_YES\=YES
    export _DEVELOPMENT_TEAM_IS_EMPTY\=YES
    export _DISCOVER_COMMAND_LINE_LINKER_INPUTS\=YES
    export _DISCOVER_COMMAND_LINE_LINKER_INPUTS_INCLUDE_WL\=YES
    export _IS_EMPTY_\=YES
    export _LD_MULTIARCH\=YES
    export _MACOSX_DEPLOYMENT_TARGET_IS_EMPTY\=NO
    export _WRAPPER_CONTENTS_DIR\=/Contents
    export _WRAPPER_CONTENTS_DIR_SHALLOW_BUNDLE_NO\=/Contents
    export _WRAPPER_PARENT_PATH\=/..
    export _WRAPPER_PARENT_PATH_SHALLOW_BUNDLE_NO\=/..
    export _WRAPPER_RESOURCES_DIR\=/Resources
    export _WRAPPER_RESOURCES_DIR_SHALLOW_BUNDLE_NO\=/Resources
    export __DIAGNOSE_DEPRECATED_ARCHS\=YES
    export __IS_NOT_MACOS\=NO
    export __IS_NOT_MACOS_macosx\=NO
    export __ORIGINAL_SDK_DEFINED_LLVM_TARGET_TRIPLE_SYS\=macos
    export arch\=undefined_arch
    export variant\=normal
    /bin/sh -c /tmp/rr-macos-capacity-derived/Build/Intermediates.noindex/ResourceRunner.build/Debug/ResourceRunnerUITests.build/Script-E20000000000000000000001.sh
/tmp/rr-macos-capacity-derived/Build/Products/Debug/ResourceRunnerExpansionFixture/expansion-fixture-a55d6482-e69b-4096-ab25-9f2157616ae2: replacing existing signature

CopySwiftLibs /tmp/rr-macos-capacity-derived/Build/Products/Debug/ResourceRunnerUITests-Runner.app/Contents/PlugIns/ResourceRunnerUITests.xctest (in target 'ResourceRunnerUITests' from project 'ResourceRunner')
    cd /Users/zipkero/XcodeProjects/ResourceRunner
    builtin-swiftStdLibTool --copy --verbose --sign - --scan-executable /tmp/rr-macos-capacity-derived/Build/Products/Debug/ResourceRunnerUITests-Runner.app/Contents/PlugIns/ResourceRunnerUITests.xctest/Contents/MacOS/ResourceRunnerUITests --scan-folder /tmp/rr-macos-capacity-derived/Build/Products/Debug/ResourceRunnerUITests-Runner.app/Contents/PlugIns/ResourceRunnerUITests.xctest/Contents/Frameworks --scan-folder /tmp/rr-macos-capacity-derived/Build/Products/Debug/ResourceRunnerUITests-Runner.app/Contents/PlugIns/ResourceRunnerUITests.xctest/Contents/PlugIns --scan-folder /tmp/rr-macos-capacity-derived/Build/Products/Debug/ResourceRunnerUITests-Runner.app/Contents/PlugIns/ResourceRunnerUITests.xctest/Contents/Library/SystemExtensions --scan-folder /tmp/rr-macos-capacity-derived/Build/Products/Debug/ResourceRunnerUITests-Runner.app/Contents/PlugIns/ResourceRunnerUITests.xctest/Contents/Extensions --platform macosx --toolchain /Applications/Xcode.app/Contents/Developer/Toolchains/XcodeDefault.xctoolchain --destination /tmp/rr-macos-capacity-derived/Build/Products/Debug/ResourceRunnerUITests-Runner.app/Contents/PlugIns/ResourceRunnerUITests.xctest/Contents/Frameworks --strip-bitcode --scan-executable /Applications/Xcode.app/Contents/Developer/Platforms/MacOSX.platform/Developer/usr/lib/libXCTestSwiftSupport.dylib --strip-bitcode-tool /Applications/Xcode.app/Contents/Developer/Toolchains/XcodeDefault.xctoolchain/usr/bin/bitcode_strip --emit-dependency-info /tmp/rr-macos-capacity-derived/Build/Intermediates.noindex/ResourceRunner.build/Debug/ResourceRunnerUITests.build/SwiftStdLibToolInputDependencies.dep --filter-for-swift-os

ExtractAppIntentsMetadata (in target 'ResourceRunnerUITests' from project 'ResourceRunner')
    cd /Users/zipkero/XcodeProjects/ResourceRunner
    /Applications/Xcode.app/Contents/Developer/Toolchains/XcodeDefault.xctoolchain/usr/bin/appintentsmetadataprocessor --toolchain-dir /Applications/Xcode.app/Contents/Developer/Toolchains/XcodeDefault.xctoolchain --module-name ResourceRunnerUITests --sdk-root /Applications/Xcode.app/Contents/Developer/Platforms/MacOSX.platform/Developer/SDKs/MacOSX26.5.sdk --xcode-version 17F113 --platform-family macOS --deployment-target 26.5 --bundle-identifier com.zipkero.ResourceRunnerUITests --output /tmp/rr-macos-capacity-derived/Build/Products/Debug/ResourceRunnerUITests-Runner.app/Contents/PlugIns/ResourceRunnerUITests.xctest/Contents/Resources --target-triple arm64-apple-macos26.5 --binary-file /tmp/rr-macos-capacity-derived/Build/Products/Debug/ResourceRunnerUITests-Runner.app/Contents/PlugIns/ResourceRunnerUITests.xctest/Contents/MacOS/ResourceRunnerUITests --dependency-file /tmp/rr-macos-capacity-derived/Build/Intermediates.noindex/ResourceRunner.build/Debug/ResourceRunnerUITests.build/Objects-normal/arm64/ResourceRunnerUITests_dependency_info.dat --stringsdata-file /tmp/rr-macos-capacity-derived/Build/Intermediates.noindex/ResourceRunner.build/Debug/ResourceRunnerUITests.build/Objects-normal/arm64/ExtractedAppShortcutsMetadata.stringsdata --source-file-list /tmp/rr-macos-capacity-derived/Build/Intermediates.noindex/ResourceRunner.build/Debug/ResourceRunnerUITests.build/Objects-normal/arm64/ResourceRunnerUITests.SwiftFileList --metadata-file-list /tmp/rr-macos-capacity-derived/Build/Intermediates.noindex/ResourceRunner.build/Debug/ResourceRunnerUITests.build/ResourceRunnerUITests.DependencyMetadataFileList --static-metadata-file-list /tmp/rr-macos-capacity-derived/Build/Intermediates.noindex/ResourceRunner.build/Debug/ResourceRunnerUITests.build/ResourceRunnerUITests.DependencyStaticMetadataFileList --swift-const-vals-list /tmp/rr-macos-capacity-derived/Build/Intermediates.noindex/ResourceRunner.build/Debug/ResourceRunnerUITests.build/Objects-normal/arm64/ResourceRunnerUITests.SwiftConstValuesFileList --compile-time-extraction --deployment-aware-processing --validate-assistant-intents --no-app-shortcuts-localization
2026-10-04 15:44:42.223 appintentsmetadataprocessor[35831:52583046] Starting appintentsmetadataprocessor export
2026-10-04 15:44:42.224 appintentsmetadataprocessor[35831:52583046] warning: Metadata extraction skipped. No AppIntents.framework dependency found.

CopyPlistFile /tmp/rr-macos-capacity-derived/Build/Products/Debug/ResourceRunnerUITests-Runner.app/Contents/Info.plist /Applications/Xcode.app/Contents/Developer/Platforms/MacOSX.platform/Developer/Library/Xcode/Agents/XCTRunner.app/Contents/Info.plist (in target 'ResourceRunnerUITests' from project 'ResourceRunner')
    cd /Users/zipkero/XcodeProjects/ResourceRunner
    builtin-copyPlist --validate --convert xml1 --macro-expansion WRAPPEDPRODUCTNAME ResourceRunnerUITests-Runner --macro-expansion WRAPPEDPRODUCTBUNDLEIDENTIFIER com.zipkero.ResourceRunnerUITests.xctrunner --macro-expansion TESTPRODUCTNAME ResourceRunnerUITests --macro-expansion TESTPRODUCTBUNDLEIDENTIFIER com.zipkero.ResourceRunnerUITests --copy-value UIDeviceFamily /tmp/rr-macos-capacity-derived/Build/Products/Debug/ResourceRunnerUITests-Runner.app/Contents/PlugIns/ResourceRunnerUITests.xctest/Contents/Info.plist --outdir /tmp/rr-macos-capacity-derived/Build/Products/Debug/ResourceRunnerUITests-Runner.app/Contents -- /Applications/Xcode.app/Contents/Developer/Platforms/MacOSX.platform/Developer/Library/Xcode/Agents/XCTRunner.app/Contents/Info.plist

Copy /tmp/rr-macos-capacity-derived/Build/Products/Debug/ResourceRunnerUITests-Runner.app/Contents/PkgInfo /Applications/Xcode.app/Contents/Developer/Platforms/MacOSX.platform/Developer/Library/Xcode/Agents/XCTRunner.app/Contents/PkgInfo (in target 'ResourceRunnerUITests' from project 'ResourceRunner')
    cd /Users/zipkero/XcodeProjects/ResourceRunner
    builtin-copy -exclude .DS_Store -exclude CVS -exclude .svn -exclude .git -exclude .hg -resolve-src-symlinks /Applications/Xcode.app/Contents/Developer/Platforms/MacOSX.platform/Developer/Library/Xcode/Agents/XCTRunner.app/Contents/PkgInfo /tmp/rr-macos-capacity-derived/Build/Products/Debug/ResourceRunnerUITests-Runner.app/Contents

Copy /tmp/rr-macos-capacity-derived/Build/Products/Debug/ResourceRunnerUITests-Runner.app/Contents/Frameworks/XCTAutomationSupport.framework /Applications/Xcode.app/Contents/Developer/Platforms/MacOSX.platform/Developer/Library/PrivateFrameworks/XCTAutomationSupport.framework (in target 'ResourceRunnerUITests' from project 'ResourceRunner')
    cd /Users/zipkero/XcodeProjects/ResourceRunner
    builtin-copy -exclude .DS_Store -exclude CVS -exclude .svn -exclude .git -exclude .hg -exclude Headers -exclude PrivateHeaders -exclude Modules -exclude \*.tbd -resolve-src-symlinks /Applications/Xcode.app/Contents/Developer/Platforms/MacOSX.platform/Developer/Library/PrivateFrameworks/XCTAutomationSupport.framework /tmp/rr-macos-capacity-derived/Build/Products/Debug/ResourceRunnerUITests-Runner.app/Contents/Frameworks

Copy /tmp/rr-macos-capacity-derived/Build/Products/Debug/ResourceRunnerUITests-Runner.app/Contents/Frameworks/XCUnit.framework /Applications/Xcode.app/Contents/Developer/Platforms/MacOSX.platform/Developer/Library/PrivateFrameworks/XCUnit.framework (in target 'ResourceRunnerUITests' from project 'ResourceRunner')
    cd /Users/zipkero/XcodeProjects/ResourceRunner
    builtin-copy -exclude .DS_Store -exclude CVS -exclude .svn -exclude .git -exclude .hg -exclude Headers -exclude PrivateHeaders -exclude Modules -exclude \*.tbd -resolve-src-symlinks /Applications/Xcode.app/Contents/Developer/Platforms/MacOSX.platform/Developer/Library/PrivateFrameworks/XCUnit.framework /tmp/rr-macos-capacity-derived/Build/Products/Debug/ResourceRunnerUITests-Runner.app/Contents/Frameworks

Copy /tmp/rr-macos-capacity-derived/Build/Products/Debug/ResourceRunnerUITests-Runner.app/Contents/Frameworks/Testing.framework /Applications/Xcode.app/Contents/Developer/Platforms/MacOSX.platform/Developer/Library/Frameworks/Testing.framework (in target 'ResourceRunnerUITests' from project 'ResourceRunner')
    cd /Users/zipkero/XcodeProjects/ResourceRunner
    builtin-copy -exclude .DS_Store -exclude CVS -exclude .svn -exclude .git -exclude .hg -exclude Headers -exclude PrivateHeaders -exclude Modules -exclude \*.tbd -resolve-src-symlinks /Applications/Xcode.app/Contents/Developer/Platforms/MacOSX.platform/Developer/Library/Frameworks/Testing.framework /tmp/rr-macos-capacity-derived/Build/Products/Debug/ResourceRunnerUITests-Runner.app/Contents/Frameworks

Copy /tmp/rr-macos-capacity-derived/Build/Products/Debug/ResourceRunnerUITests-Runner.app/Contents/Frameworks/XCUIAutomation.framework /Applications/Xcode.app/Contents/Developer/Platforms/MacOSX.platform/Developer/Library/Frameworks/XCUIAutomation.framework (in target 'ResourceRunnerUITests' from project 'ResourceRunner')
    cd /Users/zipkero/XcodeProjects/ResourceRunner
    builtin-copy -exclude .DS_Store -exclude CVS -exclude .svn -exclude .git -exclude .hg -exclude Headers -exclude PrivateHeaders -exclude Modules -exclude \*.tbd -resolve-src-symlinks /Applications/Xcode.app/Contents/Developer/Platforms/MacOSX.platform/Developer/Library/Frameworks/XCUIAutomation.framework /tmp/rr-macos-capacity-derived/Build/Products/Debug/ResourceRunnerUITests-Runner.app/Contents/Frameworks

MkDir /tmp/rr-macos-capacity-derived/Build/Products/Debug/ResourceRunnerUITests-Runner.app (in target 'ResourceRunnerUITests' from project 'ResourceRunner')
    cd /Users/zipkero/XcodeProjects/ResourceRunner
    /bin/mkdir -p /tmp/rr-macos-capacity-derived/Build/Products/Debug/ResourceRunnerUITests-Runner.app

CopyAndPreserveArchs /tmp/rr-macos-capacity-derived/Build/Products/Debug/ResourceRunnerUITests-Runner.app/Contents/MacOS/ResourceRunnerUITests-Runner (in target 'ResourceRunnerUITests' from project 'ResourceRunner')
    cd /Users/zipkero/XcodeProjects/ResourceRunner
    /Applications/Xcode.app/Contents/Developer/Toolchains/XcodeDefault.xctoolchain/usr/bin/lipo /Applications/Xcode.app/Contents/Developer/Platforms/MacOSX.platform/Developer/Library/Xcode/Agents/XCTRunner.app/Contents/MacOS/XCTRunner -output /tmp/rr-macos-capacity-derived/Build/Products/Debug/ResourceRunnerUITests-Runner.app/Contents/MacOS/ResourceRunnerUITests-Runner -extract arm64

Copy /tmp/rr-macos-capacity-derived/Build/Products/Debug/ResourceRunnerUITests-Runner.app/Contents/Frameworks/libXCTestSwiftSupport.dylib /Applications/Xcode.app/Contents/Developer/Platforms/MacOSX.platform/Developer/usr/lib/libXCTestSwiftSupport.dylib (in target 'ResourceRunnerUITests' from project 'ResourceRunner')
    cd /Users/zipkero/XcodeProjects/ResourceRunner
    builtin-copy -exclude .DS_Store -exclude CVS -exclude .svn -exclude .git -exclude .hg -exclude Headers -exclude PrivateHeaders -exclude Modules -exclude \*.tbd -resolve-src-symlinks /Applications/Xcode.app/Contents/Developer/Platforms/MacOSX.platform/Developer/usr/lib/libXCTestSwiftSupport.dylib /tmp/rr-macos-capacity-derived/Build/Products/Debug/ResourceRunnerUITests-Runner.app/Contents/Frameworks

Copy /tmp/rr-macos-capacity-derived/Build/Products/Debug/ResourceRunnerUITests-Runner.app/Contents/Frameworks/XCTestCore.framework /Applications/Xcode.app/Contents/Developer/Platforms/MacOSX.platform/Developer/Library/PrivateFrameworks/XCTestCore.framework (in target 'ResourceRunnerUITests' from project 'ResourceRunner')
    cd /Users/zipkero/XcodeProjects/ResourceRunner
    builtin-copy -exclude .DS_Store -exclude CVS -exclude .svn -exclude .git -exclude .hg -exclude Headers -exclude PrivateHeaders -exclude Modules -exclude \*.tbd -resolve-src-symlinks /Applications/Xcode.app/Contents/Developer/Platforms/MacOSX.platform/Developer/Library/PrivateFrameworks/XCTestCore.framework /tmp/rr-macos-capacity-derived/Build/Products/Debug/ResourceRunnerUITests-Runner.app/Contents/Frameworks

Copy /tmp/rr-macos-capacity-derived/Build/Products/Debug/ResourceRunnerUITests-Runner.app/Contents/Frameworks/XCTest.framework /Applications/Xcode.app/Contents/Developer/Platforms/MacOSX.platform/Developer/Library/Frameworks/XCTest.framework (in target 'ResourceRunnerUITests' from project 'ResourceRunner')
    cd /Users/zipkero/XcodeProjects/ResourceRunner
    builtin-copy -exclude .DS_Store -exclude CVS -exclude .svn -exclude .git -exclude .hg -exclude Headers -exclude PrivateHeaders -exclude Modules -exclude \*.tbd -resolve-src-symlinks /Applications/Xcode.app/Contents/Developer/Platforms/MacOSX.platform/Developer/Library/Frameworks/XCTest.framework /tmp/rr-macos-capacity-derived/Build/Products/Debug/ResourceRunnerUITests-Runner.app/Contents/Frameworks

Copy /tmp/rr-macos-capacity-derived/Build/Products/Debug/ResourceRunnerUITests-Runner.app/Contents/Frameworks/XCTestSupport.framework /Applications/Xcode.app/Contents/Developer/Platforms/MacOSX.platform/Developer/Library/PrivateFrameworks/XCTestSupport.framework (in target 'ResourceRunnerUITests' from project 'ResourceRunner')
    cd /Users/zipkero/XcodeProjects/ResourceRunner
    builtin-copy -exclude .DS_Store -exclude CVS -exclude .svn -exclude .git -exclude .hg -exclude Headers -exclude PrivateHeaders -exclude Modules -exclude \*.tbd -resolve-src-symlinks /Applications/Xcode.app/Contents/Developer/Platforms/MacOSX.platform/Developer/Library/PrivateFrameworks/XCTestSupport.framework /tmp/rr-macos-capacity-derived/Build/Products/Debug/ResourceRunnerUITests-Runner.app/Contents/Frameworks

CodeSign /tmp/rr-macos-capacity-derived/Build/Products/Debug/ResourceRunnerUITests-Runner.app/Contents/PlugIns/ResourceRunnerUITests.xctest (in target 'ResourceRunnerUITests' from project 'ResourceRunner')
    cd /Users/zipkero/XcodeProjects/ResourceRunner
    
    Signing Identity:     "Sign to Run Locally"
    
    /usr/bin/codesign --force --sign - --entitlements /tmp/rr-macos-capacity-derived/Build/Intermediates.noindex/ResourceRunner.build/Debug/ResourceRunnerUITests.build/ResourceRunnerUITests.xctest.xcent --timestamp\=none --generate-entitlement-der /tmp/rr-macos-capacity-derived/Build/Products/Debug/ResourceRunnerUITests-Runner.app/Contents/PlugIns/ResourceRunnerUITests.xctest

CodeSign /tmp/rr-macos-capacity-derived/Build/Products/Debug/ResourceRunnerUITests-Runner.app/Contents/Frameworks/libXCTestSwiftSupport.dylib (in target 'ResourceRunnerUITests' from project 'ResourceRunner')
    cd /Users/zipkero/XcodeProjects/ResourceRunner
    
    Signing Identity:     "Sign to Run Locally"
    
    /usr/bin/codesign --force --sign - --timestamp\=none --preserve-metadata\=identifier,entitlements,flags --generate-entitlement-der /tmp/rr-macos-capacity-derived/Build/Products/Debug/ResourceRunnerUITests-Runner.app/Contents/Frameworks/libXCTestSwiftSupport.dylib
/tmp/rr-macos-capacity-derived/Build/Products/Debug/ResourceRunnerUITests-Runner.app/Contents/Frameworks/libXCTestSwiftSupport.dylib: replacing existing signature

CodeSign /tmp/rr-macos-capacity-derived/Build/Products/Debug/ResourceRunnerUITests-Runner.app/Contents/Frameworks/XCTest.framework (in target 'ResourceRunnerUITests' from project 'ResourceRunner')
    cd /Users/zipkero/XcodeProjects/ResourceRunner
    
    Signing Identity:     "Sign to Run Locally"
    
    /usr/bin/codesign --force --sign - --timestamp\=none --preserve-metadata\=identifier,entitlements,flags --generate-entitlement-der /tmp/rr-macos-capacity-derived/Build/Products/Debug/ResourceRunnerUITests-Runner.app/Contents/Frameworks/XCTest.framework
/tmp/rr-macos-capacity-derived/Build/Products/Debug/ResourceRunnerUITests-Runner.app/Contents/Frameworks/XCTest.framework: replacing existing signature

CodeSign /tmp/rr-macos-capacity-derived/Build/Products/Debug/ResourceRunnerUITests-Runner.app/Contents/Frameworks/XCUnit.framework (in target 'ResourceRunnerUITests' from project 'ResourceRunner')
    cd /Users/zipkero/XcodeProjects/ResourceRunner
    
    Signing Identity:     "Sign to Run Locally"
    
    /usr/bin/codesign --force --sign - --timestamp\=none --preserve-metadata\=identifier,entitlements,flags --generate-entitlement-der /tmp/rr-macos-capacity-derived/Build/Products/Debug/ResourceRunnerUITests-Runner.app/Contents/Frameworks/XCUnit.framework
/tmp/rr-macos-capacity-derived/Build/Products/Debug/ResourceRunnerUITests-Runner.app/Contents/Frameworks/XCUnit.framework: replacing existing signature

CodeSign /tmp/rr-macos-capacity-derived/Build/Products/Debug/ResourceRunnerUITests-Runner.app/Contents/Frameworks/XCTAutomationSupport.framework (in target 'ResourceRunnerUITests' from project 'ResourceRunner')
    cd /Users/zipkero/XcodeProjects/ResourceRunner
    
    Signing Identity:     "Sign to Run Locally"
    
    /usr/bin/codesign --force --sign - --timestamp\=none --preserve-metadata\=identifier,entitlements,flags --generate-entitlement-der /tmp/rr-macos-capacity-derived/Build/Products/Debug/ResourceRunnerUITests-Runner.app/Contents/Frameworks/XCTAutomationSupport.framework
/tmp/rr-macos-capacity-derived/Build/Products/Debug/ResourceRunnerUITests-Runner.app/Contents/Frameworks/XCTAutomationSupport.framework: replacing existing signature

CodeSign /tmp/rr-macos-capacity-derived/Build/Products/Debug/ResourceRunnerUITests-Runner.app/Contents/Frameworks/XCTestSupport.framework (in target 'ResourceRunnerUITests' from project 'ResourceRunner')
    cd /Users/zipkero/XcodeProjects/ResourceRunner
    
    Signing Identity:     "Sign to Run Locally"
    
    /usr/bin/codesign --force --sign - --timestamp\=none --preserve-metadata\=identifier,entitlements,flags --generate-entitlement-der /tmp/rr-macos-capacity-derived/Build/Products/Debug/ResourceRunnerUITests-Runner.app/Contents/Frameworks/XCTestSupport.framework
/tmp/rr-macos-capacity-derived/Build/Products/Debug/ResourceRunnerUITests-Runner.app/Contents/Frameworks/XCTestSupport.framework: replacing existing signature

CodeSign /tmp/rr-macos-capacity-derived/Build/Products/Debug/ResourceRunnerUITests-Runner.app/Contents/Frameworks/XCUIAutomation.framework (in target 'ResourceRunnerUITests' from project 'ResourceRunner')
    cd /Users/zipkero/XcodeProjects/ResourceRunner
    
    Signing Identity:     "Sign to Run Locally"
    
    /usr/bin/codesign --force --sign - --timestamp\=none --preserve-metadata\=identifier,entitlements,flags --generate-entitlement-der /tmp/rr-macos-capacity-derived/Build/Products/Debug/ResourceRunnerUITests-Runner.app/Contents/Frameworks/XCUIAutomation.framework
/tmp/rr-macos-capacity-derived/Build/Products/Debug/ResourceRunnerUITests-Runner.app/Contents/Frameworks/XCUIAutomation.framework: replacing existing signature

CodeSign /tmp/rr-macos-capacity-derived/Build/Products/Debug/ResourceRunnerUITests-Runner.app/Contents/Frameworks/XCTestCore.framework (in target 'ResourceRunnerUITests' from project 'ResourceRunner')
    cd /Users/zipkero/XcodeProjects/ResourceRunner
    
    Signing Identity:     "Sign to Run Locally"
    
    /usr/bin/codesign --force --sign - --timestamp\=none --preserve-metadata\=identifier,entitlements,flags --generate-entitlement-der /tmp/rr-macos-capacity-derived/Build/Products/Debug/ResourceRunnerUITests-Runner.app/Contents/Frameworks/XCTestCore.framework
/tmp/rr-macos-capacity-derived/Build/Products/Debug/ResourceRunnerUITests-Runner.app/Contents/Frameworks/XCTestCore.framework: replacing existing signature

CodeSign /tmp/rr-macos-capacity-derived/Build/Products/Debug/ResourceRunnerUITests-Runner.app/Contents/Frameworks/Testing.framework (in target 'ResourceRunnerUITests' from project 'ResourceRunner')
    cd /Users/zipkero/XcodeProjects/ResourceRunner
    
    Signing Identity:     "Sign to Run Locally"
    
    /usr/bin/codesign --force --sign - --timestamp\=none --preserve-metadata\=identifier,entitlements,flags --generate-entitlement-der /tmp/rr-macos-capacity-derived/Build/Products/Debug/ResourceRunnerUITests-Runner.app/Contents/Frameworks/Testing.framework
/tmp/rr-macos-capacity-derived/Build/Products/Debug/ResourceRunnerUITests-Runner.app/Contents/Frameworks/Testing.framework: replacing existing signature

RegisterExecutionPolicyException /tmp/rr-macos-capacity-derived/Build/Products/Debug/ResourceRunnerUITests-Runner.app/Contents/PlugIns/ResourceRunnerUITests.xctest (in target 'ResourceRunnerUITests' from project 'ResourceRunner')
    cd /Users/zipkero/XcodeProjects/ResourceRunner
    builtin-RegisterExecutionPolicyException /tmp/rr-macos-capacity-derived/Build/Products/Debug/ResourceRunnerUITests-Runner.app/Contents/PlugIns/ResourceRunnerUITests.xctest

Touch /tmp/rr-macos-capacity-derived/Build/Products/Debug/ResourceRunnerUITests-Runner.app/Contents/PlugIns/ResourceRunnerUITests.xctest (in target 'ResourceRunnerUITests' from project 'ResourceRunner')
    cd /Users/zipkero/XcodeProjects/ResourceRunner
    /usr/bin/touch -c /tmp/rr-macos-capacity-derived/Build/Products/Debug/ResourceRunnerUITests-Runner.app/Contents/PlugIns/ResourceRunnerUITests.xctest

CodeSign /tmp/rr-macos-capacity-derived/Build/Products/Debug/ResourceRunnerUITests-Runner.app (in target 'ResourceRunnerUITests' from project 'ResourceRunner')
    cd /Users/zipkero/XcodeProjects/ResourceRunner
    
    Signing Identity:     "Sign to Run Locally"
    
    /usr/bin/codesign --force --sign - --entitlements /tmp/rr-macos-capacity-derived/Build/Intermediates.noindex/ResourceRunner.build/Debug/ResourceRunnerUITests.build/ResourceRunnerUITests.xctest.xcent --timestamp\=none --generate-entitlement-der /tmp/rr-macos-capacity-derived/Build/Products/Debug/ResourceRunnerUITests-Runner.app
/tmp/rr-macos-capacity-derived/Build/Products/Debug/ResourceRunnerUITests-Runner.app: replacing existing signature

note: Run script build phase 'Prepare expansion fixture' will be run during every build because the option to run the script phase "Based on dependency analysis" is unchecked. (in target 'ResourceRunnerUITests' from project 'ResourceRunner')
2026-10-04 15:44:43.281216+0900 ResourceRunner[35855:52583229] [Connection] Unable to get synchronousRemoteObjectProxy, error: Error Domain=NSCocoaErrorDomain Code=4097 "connection to service named com.apple.linkd.autoShortcut" UserInfo={NSDebugDescription=connection to service named com.apple.linkd.autoShortcut}
2026-10-04 15:44:43.281411+0900 ResourceRunner[35855:52583229] [Application] Error registering app with intents framework: Error Domain=NSCocoaErrorDomain Code=4097 "connection to service named com.apple.linkd.autoShortcut" UserInfo={NSDebugDescription=connection to service named com.apple.linkd.autoShortcut}
2026-10-04 15:44:43.283003+0900 ResourceRunner[35855:52583231] [Connection] Unable to get synchronousRemoteObjectProxy, error: Error Domain=NSCocoaErrorDomain Code=4097 "connection to service named com.apple.linkd.autoShortcut" UserInfo={NSDebugDescription=connection to service named com.apple.linkd.autoShortcut}
2026-10-04 15:44:43.283020+0900 ResourceRunner[35855:52583231] [Connection] Unable to re-register with Process Instance Registry, error: Error Domain=NSCocoaErrorDomain Code=4097 "connection to service named com.apple.linkd.autoShortcut" UserInfo={NSDebugDescription=connection to service named com.apple.linkd.autoShortcut}
2026-10-04 15:44:43.284820+0900 ResourceRunner[35855:52583228] [Connection] Unable to get synchronousRemoteObjectProxy, error: Error Domain=NSCocoaErrorDomain Code=4097 "connection to service named com.apple.linkd.autoShortcut" UserInfo={NSDebugDescription=connection to service named com.apple.linkd.autoShortcut}
2026-10-04 15:44:43.284835+0900 ResourceRunner[35855:52583228] [Connection] Unable to re-register with Process Instance Registry, error: Error Domain=NSCocoaErrorDomain Code=4097 "connection to service named com.apple.linkd.autoShortcut" UserInfo={NSDebugDescription=connection to service named com.apple.linkd.autoShortcut}
2026-10-04 15:44:43.286644+0900 ResourceRunner[35855:52583228] [Connection] Will NOT re-try to establish the connection
2026-10-04 15:44:43.286677+0900 ResourceRunner[35855:52583229] [Connection] Unable to get synchronousRemoteObjectProxy, error: Error Domain=NSCocoaErrorDomain Code=4097 "connection to service named com.apple.linkd.autoShortcut" UserInfo={NSDebugDescription=connection to service named com.apple.linkd.autoShortcut}
2026-10-04 15:44:43.286694+0900 ResourceRunner[35855:52583229] [Connection] Unable to re-register with Process Instance Registry, error: Error Domain=NSCocoaErrorDomain Code=4097 "connection to service named com.apple.linkd.autoShortcut" UserInfo={NSDebugDescription=connection to service named com.apple.linkd.autoShortcut}
2026-10-04 15:44:43.428080+0900 ResourceRunner[35855:52583133] [TopologyObserver] registered network=true workspaceTokens=3
2026-10-04 15:44:43.428896+0900 ResourceRunner[35855:52583133] [SystemLifecycle] initial snapshot: SystemLifecycleSnapshot(revision: 0, lowPowerMode: false, screenLockState: ResourceRunner.ScreenLockState.unlocked, displayAsleep: false, sessionActive: true, systemAsleep: false, boundarySequence: 0)
2026-10-04 15:44:43.489148+0900 ResourceRunner[35855:52583231] [AuxiliaryScheduler] apply axis=storageMetadata schedule=running(60.0 seconds) epoch=0
2026-10-04 15:44:43.489192+0900 ResourceRunner[35855:52583231] [AuxiliaryScheduler] start axis=storageMetadata query=1
2026-10-04 15:44:43.489147+0900 ResourceRunner[35855:52583248] [AuxiliaryScheduler] apply axis=networkMetadata schedule=running(60.0 seconds) epoch=0
2026-10-04 15:44:43.489251+0900 ResourceRunner[35855:52583248] [AuxiliaryScheduler] start axis=networkMetadata query=1
2026-10-04 15:44:43.489173+0900 ResourceRunner[35855:52583250] [MonitoringScheduler] apply axis=NetworkActivitySource schedule=running(2.0 seconds) generation=1 collectionEpoch=0 appendedTotal=0
2026-10-04 15:44:43.489738+0900 ResourceRunner[35855:52583250] [MonitoringScheduler] apply axis=DiskActivitySource schedule=running(2.0 seconds) generation=1 collectionEpoch=0 appendedTotal=0
2026-10-04 15:44:43.489755+0900 ResourceRunner[35855:52583246] [MonitoringScheduler] apply axis=SystemMetricsSampleSource schedule=running(2.0 seconds) generation=1 collectionEpoch=0 appendedTotal=0
2026-10-04 15:44:43.489742+0900 ResourceRunner[35855:52583249] [MonitoringScheduler] apply axis=ProcessSurveySampleSource schedule=running(5.0 seconds) generation=1 collectionEpoch=0 appendedTotal=0
2026-10-04 15:44:43.500129+0900 ResourceRunner[35855:52583248] [AuxiliaryScheduler] stored axis=networkMetadata query=1
2026-10-04 15:44:43.501112+0900 ResourceRunner[35855:52583133] [CollectionPipeline] delivered axis=networkMetadata epoch=0 result=available revision=26 records=26
2026-10-04 15:44:43.515002+0900 ResourceRunner[35855:52583231] [client] Not Valid
2026-10-04 15:44:43.515058+0900 ResourceRunner[35855:52583231] [client] CacheDeleteCopyAvailableSpaceForVolume failed for volume /System/Volumes/VM: Error Domain=CacheDeleteErrorDomain Code=10 "(null)" UserInfo={Invalid volume=/System/Volumes/VM}
2026-10-04 15:44:43.515589+0900 ResourceRunner[35855:52583231] [client] Not Valid
2026-10-04 15:44:43.515605+0900 ResourceRunner[35855:52583231] [client] CacheDeleteCopyAvailableSpaceForVolume failed for volume /System/Volumes/Preboot: Error Domain=CacheDeleteErrorDomain Code=10 "(null)" UserInfo={Invalid volume=/System/Volumes/Preboot}
2026-10-04 15:44:43.516074+0900 ResourceRunner[35855:52583231] [client] Not Valid
2026-10-04 15:44:43.516086+0900 ResourceRunner[35855:52583231] [client] CacheDeleteCopyAvailableSpaceForVolume failed for volume /System/Volumes/Update: Error Domain=CacheDeleteErrorDomain Code=10 "(null)" UserInfo={Invalid volume=/System/Volumes/Update}
2026-10-04 15:44:43.516568+0900 ResourceRunner[35855:52583231] [client] Not Valid
2026-10-04 15:44:43.516578+0900 ResourceRunner[35855:52583231] [client] CacheDeleteCopyAvailableSpaceForVolume failed for volume /System/Volumes/xarts: Error Domain=CacheDeleteErrorDomain Code=10 "(null)" UserInfo={Invalid volume=/System/Volumes/xarts}
2026-10-04 15:44:43.517155+0900 ResourceRunner[35855:52583231] [client] Not Valid
2026-10-04 15:44:43.517172+0900 ResourceRunner[35855:52583231] [client] CacheDeleteCopyAvailableSpaceForVolume failed for volume /System/Volumes/iSCPreboot: Error Domain=CacheDeleteErrorDomain Code=10 "(null)" UserInfo={Invalid volume=/System/Volumes/iSCPreboot}
2026-10-04 15:44:43.517669+0900 ResourceRunner[35855:52583231] [client] Not Valid
2026-10-04 15:44:43.517680+0900 ResourceRunner[35855:52583231] [client] CacheDeleteCopyAvailableSpaceForVolume failed for volume /System/Volumes/Hardware: Error Domain=CacheDeleteErrorDomain Code=10 "(null)" UserInfo={Invalid volume=/System/Volumes/Hardware}
2026-10-04 15:44:43.530961+0900 ResourceRunner[35855:52583231] [AuxiliaryScheduler] stored axis=storageMetadata query=1
2026-10-04 15:44:43.531602+0900 ResourceRunner[35855:52583133] [CollectionPipeline] delivered axis=storageMetadata epoch=0 result=available revision=1 devices=1
Test Suite 'Selected tests' started at 2026-10-04 15:44:43.560.
Test Suite 'ResourceRunnerTests.xctest' started at 2026-10-04 15:44:43.560.
Test Suite 'ResourceRunnerTests.xctest' passed at 2026-10-04 15:44:43.560.
	 Executed 0 tests, with 0 failures (0 unexpected) in 0.000 (0.000) seconds
Test Suite 'Selected tests' passed at 2026-10-04 15:44:43.560.
	 Executed 0 tests, with 0 failures (0 unexpected) in 0.000 (0.001) seconds
◇ Test run started.
↳ Testing Library Version: 1902
↳ Target Platform: arm64e-apple-macos14.0
◇ Suite DiskActivityTests started.
◇ Test tenSecondContextUsesActualTwentySecondBoundary() started.
✔ Test tenSecondContextUsesActualTwentySecondBoundary() passed after 0.001 seconds.
◇ Test realReadTimeAndFiveToOneSecondChangeKeepBytesAndOperationsBaseline() started.
✔ Test realReadTimeAndFiveToOneSecondChangeKeepBytesAndOperationsBaseline() passed after 0.001 seconds.
◇ Test multiplePhysicalDriversCountOnceWhileVirtualAndAPFSDoNotAddTraffic() started.
✔ Test multiplePhysicalDriversCountOnceWhileVirtualAndAPFSDoNotAddTraffic() passed after 0.007 seconds.
◇ Test requiredBytesMissingIsPartialAndOperationsUnsupportedDoesNotBlockBytes() started.
✔ Test requiredBytesMissingIsPartialAndOperationsUnsupportedDoesNotBlockBytes() passed after 0.001 seconds.
◇ Test newlyMissingRequiredBytesRemainPartialEvenWhenBaselineSetChanges() started.
✔ Test newlyMissingRequiredBytesRemainPartialEvenWhenBaselineSetChanges() passed after 0.001 seconds.
◇ Test optionalOperationsResetDropsOnlyIOPSForThatInterval() started.
✔ Test optionalOperationsResetDropsOnlyIOPSForThatInterval() passed after 0.001 seconds.
◇ Test zeroDeltaIsMeasuredZeroRatherThanNoDeviceOrMissingSample() started.
✔ Test zeroDeltaIsMeasuredZeroRatherThanNoDeviceOrMissingSample() passed after 0.001 seconds.
◇ Test allContinuityGapsAndFailureRestartHaveNoRate() started.
✔ Test allContinuityGapsAndFailureRestartHaveNoRate() passed after 0.001 seconds.
◇ Test epochIdReplacementRemovalAndShortNotificationsBreakContinuity() started.
✔ Test epochIdReplacementRemovalAndShortNotificationsBreakContinuity() passed after 0.001 seconds.
◇ Test historyHas601ValidPairsAnd600SecondMovingWindowWithShortGap() started.
✔ Test historyHas601ValidPairsAnd600SecondMovingWindowWithShortGap() passed after 0.063 seconds.
◇ Test halfSecondHistoryRetainsBothWindowEndpointsWithBoundedRing() started.
✔ Test halfSecondHistoryRetainsBothWindowEndpointsWithBoundedRing() passed after 0.159 seconds.
◇ Test briefFailureAndRecoveryCreateDistinctStoredRateSegmentsWithoutZeroPoints() started.
✔ Test briefFailureAndRecoveryCreateDistinctStoredRateSegmentsWithoutZeroPoints() passed after 0.001 seconds.
◇ Test sourceAndStoreRejectBoundaryOrTopologyChangedDuringSuspension() started.
✔ Test sourceAndStoreRejectBoundaryOrTopologyChangedDuringSuspension() passed after 0.001 seconds.
◇ Test lateBoundaryRejectsSourceBaselineAndStoreHistory() started.
✔ Test lateBoundaryRejectsSourceBaselineAndStoreHistory() passed after 0.001 seconds.
✔ Suite DiskActivityTests passed after 0.234 seconds.
◇ Suite DiskDashboardViewTests started.
◇ Test miniGraphAccessibilityUsesSelectedRangeForNormalFailureAndStop() started.
✔ Test miniGraphAccessibilityUsesSelectedRangeForNormalFailureAndStop() passed after 0.001 seconds.
◇ Test fixedSlotsAndStatesKeepRateAndCapacityIndependent() started.
⎙ Attached 'disk-card-248-initial-light.png' to fixedSlotsAndStatesKeepRateAndCapacityIndependent().
⎙ Attached 'disk-card-264-initial-light.png' to fixedSlotsAndStatesKeepRateAndCapacityIndependent().
⎙ Attached 'disk-card-248-initial-dark.png' to fixedSlotsAndStatesKeepRateAndCapacityIndependent().
⎙ Attached 'disk-card-264-initial-dark.png' to fixedSlotsAndStatesKeepRateAndCapacityIndependent().
⎙ Attached 'disk-card-248-normal-light.png' to fixedSlotsAndStatesKeepRateAndCapacityIndependent().
⎙ Attached 'disk-card-264-normal-light.png' to fixedSlotsAndStatesKeepRateAndCapacityIndependent().
⎙ Attached 'disk-card-248-normal-dark.png' to fixedSlotsAndStatesKeepRateAndCapacityIndependent().
⎙ Attached 'disk-card-264-normal-dark.png' to fixedSlotsAndStatesKeepRateAndCapacityIndependent().
⎙ Attached 'disk-card-248-native-units-light.png' to fixedSlotsAndStatesKeepRateAndCapacityIndependent().
⎙ Attached 'disk-card-264-native-units-light.png' to fixedSlotsAndStatesKeepRateAndCapacityIndependent().
⎙ Attached 'disk-card-248-native-units-dark.png' to fixedSlotsAndStatesKeepRateAndCapacityIndependent().
⎙ Attached 'disk-card-264-native-units-dark.png' to fixedSlotsAndStatesKeepRateAndCapacityIndependent().
⎙ Attached 'disk-card-248-partial-light.png' to fixedSlotsAndStatesKeepRateAndCapacityIndependent().
⎙ Attached 'disk-card-264-partial-light.png' to fixedSlotsAndStatesKeepRateAndCapacityIndependent().
⎙ Attached 'disk-card-248-partial-dark.png' to fixedSlotsAndStatesKeepRateAndCapacityIndependent().
⎙ Attached 'disk-card-264-partial-dark.png' to fixedSlotsAndStatesKeepRateAndCapacityIndependent().
⎙ Attached 'disk-card-248-activity-failure-light.png' to fixedSlotsAndStatesKeepRateAndCapacityIndependent().
⎙ Attached 'disk-card-264-activity-failure-light.png' to fixedSlotsAndStatesKeepRateAndCapacityIndependent().
⎙ Attached 'disk-card-248-activity-failure-dark.png' to fixedSlotsAndStatesKeepRateAndCapacityIndependent().
⎙ Attached 'disk-card-264-activity-failure-dark.png' to fixedSlotsAndStatesKeepRateAndCapacityIndependent().
⎙ Attached 'disk-card-248-stopped-light.png' to fixedSlotsAndStatesKeepRateAndCapacityIndependent().
⎙ Attached 'disk-card-264-stopped-light.png' to fixedSlotsAndStatesKeepRateAndCapacityIndependent().
⎙ Attached 'disk-card-248-stopped-dark.png' to fixedSlotsAndStatesKeepRateAndCapacityIndependent().
⎙ Attached 'disk-card-264-stopped-dark.png' to fixedSlotsAndStatesKeepRateAndCapacityIndependent().
⎙ Attached 'disk-card-248-capacity-failure-light.png' to fixedSlotsAndStatesKeepRateAndCapacityIndependent().
⎙ Attached 'disk-card-264-capacity-failure-light.png' to fixedSlotsAndStatesKeepRateAndCapacityIndependent().
⎙ Attached 'disk-card-248-capacity-failure-dark.png' to fixedSlotsAndStatesKeepRateAndCapacityIndependent().
⎙ Attached 'disk-card-264-capacity-failure-dark.png' to fixedSlotsAndStatesKeepRateAndCapacityIndependent().
⎙ Attached 'disk-card-248-capacity-partial-light.png' to fixedSlotsAndStatesKeepRateAndCapacityIndependent().
⎙ Attached 'disk-card-264-capacity-partial-light.png' to fixedSlotsAndStatesKeepRateAndCapacityIndependent().
⎙ Attached 'disk-card-248-capacity-partial-dark.png' to fixedSlotsAndStatesKeepRateAndCapacityIndependent().
⎙ Attached 'disk-card-264-capacity-partial-dark.png' to fixedSlotsAndStatesKeepRateAndCapacityIndependent().
⎙ Attached 'disk-card-248-no-device-light.png' to fixedSlotsAndStatesKeepRateAndCapacityIndependent().
⎙ Attached 'disk-card-264-no-device-light.png' to fixedSlotsAndStatesKeepRateAndCapacityIndependent().
⎙ Attached 'disk-card-248-no-device-dark.png' to fixedSlotsAndStatesKeepRateAndCapacityIndependent().
⎙ Attached 'disk-card-264-no-device-dark.png' to fixedSlotsAndStatesKeepRateAndCapacityIndependent().
⎙ Attached 'disk-card-248-long-value-light.png' to fixedSlotsAndStatesKeepRateAndCapacityIndependent().
⎙ Attached 'disk-card-264-long-value-light.png' to fixedSlotsAndStatesKeepRateAndCapacityIndependent().
⎙ Attached 'disk-card-248-long-value-dark.png' to fixedSlotsAndStatesKeepRateAndCapacityIndependent().
⎙ Attached 'disk-card-264-long-value-dark.png' to fixedSlotsAndStatesKeepRateAndCapacityIndependent().
⎙ Attached 'disk-card-248-max-rate-light.png' to fixedSlotsAndStatesKeepRateAndCapacityIndependent().
⎙ Attached 'disk-card-264-max-rate-light.png' to fixedSlotsAndStatesKeepRateAndCapacityIndependent().
⎙ Attached 'disk-card-248-max-rate-dark.png' to fixedSlotsAndStatesKeepRateAndCapacityIndependent().
⎙ Attached 'disk-card-264-max-rate-dark.png' to fixedSlotsAndStatesKeepRateAndCapacityIndependent().
⎙ Attached 'disk-card-248-german-locale-light.png' to fixedSlotsAndStatesKeepRateAndCapacityIndependent().
✔ Test fixedSlotsAndStatesKeepRateAndCapacityIndependent() passed after 0.174 seconds.
◇ Test detailPreservesSharedCapacityDriverCountersOperationsAndRelations() started.
2026-10-04 15:44:43.983295+0900 ResourceRunner[35855:52583133] [SwiftUI] Accessing Environment<Locale>'s value outside of being installed on a View. This will always read the default value and will not update.
2026-10-04 15:44:43.983523+0900 ResourceRunner[35855:52583133] [SwiftUI] Accessing Environment<Locale>'s value outside of being installed on a View. This will always read the default value and will not update.
2026-10-04 15:44:43.983596+0900 ResourceRunner[35855:52583133] [SwiftUI] Accessing Environment<Locale>'s value outside of being installed on a View. This will always read the default value and will not update.
2026-10-04 15:44:43.983769+0900 ResourceRunner[35855:52583133] [SwiftUI] Accessing Environment<Locale>'s value outside of being installed on a View. This will always read the default value and will not update.
2026-10-04 15:44:43.983810+0900 ResourceRunner[35855:52583133] [SwiftUI] Accessing Environment<Locale>'s value outside of being installed on a View. This will always read the default value and will not update.
2026-10-04 15:44:43.983856+0900 ResourceRunner[35855:52583133] [SwiftUI] Accessing Environment<Locale>'s value outside of being installed on a View. This will always read the default value and will not update.
2026-10-04 15:44:43.983929+0900 ResourceRunner[35855:52583133] [SwiftUI] Accessing Environment<Locale>'s value outside of being installed on a View. This will always read the default value and will not update.
2026-10-04 15:44:43.983980+0900 ResourceRunner[35855:52583133] [SwiftUI] Accessing Environment<Locale>'s value outside of being installed on a View. This will always read the default value and will not update.
2026-10-04 15:44:43.984025+0900 ResourceRunner[35855:52583133] [SwiftUI] Accessing Environment<Locale>'s value outside of being installed on a View. This will always read the default value and will not update.
⎙ Attached 'disk-detail-volume-device-long-name.png' to detailPreservesSharedCapacityDriverCountersOperationsAndRelations().
✔ Test detailPreservesSharedCapacityDriverCountersOperationsAndRelations() passed after 0.012 seconds.
◇ Test fullCapacityNumbersFitFirstAuxiliaryRowAcrossUnitsAndLocales() started.
⎙ Attached 'disk-card-248-capacity-en_US-max-same-unit-light.png' to fullCapacityNumbersFitFirstAuxiliaryRowAcrossUnitsAndLocales().
⎙ Attached 'disk-card-264-capacity-en_US-max-same-unit-light.png' to fullCapacityNumbersFitFirstAuxiliaryRowAcrossUnitsAndLocales().
⎙ Attached 'disk-card-248-capacity-en_US-different-tb-gb-light.png' to fullCapacityNumbersFitFirstAuxiliaryRowAcrossUnitsAndLocales().
⎙ Attached 'disk-card-264-capacity-en_US-different-tb-gb-light.png' to fullCapacityNumbersFitFirstAuxiliaryRowAcrossUnitsAndLocales().
⎙ Attached 'disk-card-248-capacity-en_US-unit-boundary-light.png' to fullCapacityNumbersFitFirstAuxiliaryRowAcrossUnitsAndLocales().
⎙ Attached 'disk-card-264-capacity-en_US-unit-boundary-light.png' to fullCapacityNumbersFitFirstAuxiliaryRowAcrossUnitsAndLocales().
⎙ Attached 'disk-card-248-capacity-en_US-zero-light.png' to fullCapacityNumbersFitFirstAuxiliaryRowAcrossUnitsAndLocales().
⎙ Attached 'disk-card-264-capacity-en_US-zero-light.png' to fullCapacityNumbersFitFirstAuxiliaryRowAcrossUnitsAndLocales().
⎙ Attached 'disk-card-248-capacity-en_US-small-positive-light.png' to fullCapacityNumbersFitFirstAuxiliaryRowAcrossUnitsAndLocales().
⎙ Attached 'disk-card-264-capacity-en_US-small-positive-light.png' to fullCapacityNumbersFitFirstAuxiliaryRowAcrossUnitsAndLocales().
⎙ Attached 'disk-card-248-max-rate-en_US-light.png' to fullCapacityNumbersFitFirstAuxiliaryRowAcrossUnitsAndLocales().
⎙ Attached 'disk-card-264-max-rate-en_US-light.png' to fullCapacityNumbersFitFirstAuxiliaryRowAcrossUnitsAndLocales().
⎙ Attached 'disk-card-248-capacity-de_DE-max-same-unit-light.png' to fullCapacityNumbersFitFirstAuxiliaryRowAcrossUnitsAndLocales().
⎙ Attached 'disk-card-264-capacity-de_DE-max-same-unit-light.png' to fullCapacityNumbersFitFirstAuxiliaryRowAcrossUnitsAndLocales().
⎙ Attached 'disk-card-248-capacity-de_DE-different-tb-gb-light.png' to fullCapacityNumbersFitFirstAuxiliaryRowAcrossUnitsAndLocales().
⎙ Attached 'disk-card-264-capacity-de_DE-different-tb-gb-light.png' to fullCapacityNumbersFitFirstAuxiliaryRowAcrossUnitsAndLocales().
⎙ Attached 'disk-card-248-capacity-de_DE-unit-boundary-light.png' to fullCapacityNumbersFitFirstAuxiliaryRowAcrossUnitsAndLocales().
⎙ Attached 'disk-card-264-capacity-de_DE-unit-boundary-light.png' to fullCapacityNumbersFitFirstAuxiliaryRowAcrossUnitsAndLocales().
⎙ Attached 'disk-card-248-capacity-de_DE-zero-light.png' to fullCapacityNumbersFitFirstAuxiliaryRowAcrossUnitsAndLocales().
⎙ Attached 'disk-card-264-capacity-de_DE-zero-light.png' to fullCapacityNumbersFitFirstAuxiliaryRowAcrossUnitsAndLocales().
⎙ Attached 'disk-card-248-capacity-de_DE-small-positive-light.png' to fullCapacityNumbersFitFirstAuxiliaryRowAcrossUnitsAndLocales().
⎙ Attached 'disk-card-264-capacity-de_DE-small-positive-light.png' to fullCapacityNumbersFitFirstAuxiliaryRowAcrossUnitsAndLocales().
⎙ Attached 'disk-card-248-max-rate-de_DE-light.png' to fullCapacityNumbersFitFirstAuxiliaryRowAcrossUnitsAndLocales().
⎙ Attached 'disk-card-264-max-rate-de_DE-light.png' to fullCapacityNumbersFitFirstAuxiliaryRowAcrossUnitsAndLocales().
⎙ Attached 'disk-card-248-capacity-ko_KR-max-same-unit-light.png' to fullCapacityNumbersFitFirstAuxiliaryRowAcrossUnitsAndLocales().
⎙ Attached 'disk-card-264-capacity-ko_KR-max-same-unit-light.png' to fullCapacityNumbersFitFirstAuxiliaryRowAcrossUnitsAndLocales().
⎙ Attached 'disk-card-248-capacity-ko_KR-different-tb-gb-light.png' to fullCapacityNumbersFitFirstAuxiliaryRowAcrossUnitsAndLocales().
⎙ Attached 'disk-card-264-capacity-ko_KR-different-tb-gb-light.png' to fullCapacityNumbersFitFirstAuxiliaryRowAcrossUnitsAndLocales().
⎙ Attached 'disk-card-248-capacity-ko_KR-unit-boundary-light.png' to fullCapacityNumbersFitFirstAuxiliaryRowAcrossUnitsAndLocales().
⎙ Attached 'disk-card-264-capacity-ko_KR-unit-boundary-light.png' to fullCapacityNumbersFitFirstAuxiliaryRowAcrossUnitsAndLocales().
⎙ Attached 'disk-card-248-capacity-ko_KR-zero-light.png' to fullCapacityNumbersFitFirstAuxiliaryRowAcrossUnitsAndLocales().
⎙ Attached 'disk-card-264-capacity-ko_KR-zero-light.png' to fullCapacityNumbersFitFirstAuxiliaryRowAcrossUnitsAndLocales().
⎙ Attached 'disk-card-248-capacity-ko_KR-small-positive-light.png' to fullCapacityNumbersFitFirstAuxiliaryRowAcrossUnitsAndLocales().
⎙ Attached 'disk-card-264-capacity-ko_KR-small-positive-light.png' to fullCapacityNumbersFitFirstAuxiliaryRowAcrossUnitsAndLocales().
⎙ Attached 'disk-card-248-max-rate-ko_KR-light.png' to fullCapacityNumbersFitFirstAuxiliaryRowAcrossUnitsAndLocales().
⎙ Attached 'disk-card-264-max-rate-ko_KR-light.png' to fullCapacityNumbersFitFirstAuxiliaryRowAcrossUnitsAndLocales().
⎙ Attached 'disk-card-248-capacity-gez_ER-max-same-unit-light.png' to fullCapacityNumbersFitFirstAuxiliaryRowAcrossUnitsAndLocales().
⎙ Attached 'disk-card-264-capacity-gez_ER-max-same-unit-light.png' to fullCapacityNumbersFitFirstAuxiliaryRowAcrossUnitsAndLocales().
⎙ Attached 'disk-card-248-capacity-gez_ER-different-tb-gb-light.png' to fullCapacityNumbersFitFirstAuxiliaryRowAcrossUnitsAndLocales().
⎙ Attached 'disk-card-264-capacity-gez_ER-different-tb-gb-light.png' to fullCapacityNumbersFitFirstAuxiliaryRowAcrossUnitsAndLocales().
⎙ Attached 'disk-card-248-capacity-gez_ER-unit-boundary-light.png' to fullCapacityNumbersFitFirstAuxiliaryRowAcrossUnitsAndLocales().
⎙ Attached 'disk-card-264-capacity-gez_ER-unit-boundary-light.png' to fullCapacityNumbersFitFirstAuxiliaryRowAcrossUnitsAndLocales().
⎙ Attached 'disk-card-248-capacity-gez_ER-zero-light.png' to fullCapacityNumbersFitFirstAuxiliaryRowAcrossUnitsAndLocales().
⎙ Attached 'disk-card-264-capacity-gez_ER-zero-light.png' to fullCapacityNumbersFitFirstAuxiliaryRowAcrossUnitsAndLocales().
⎙ Attached 'disk-card-248-capacity-gez_ER-small-positive-light.png' to fullCapacityNumbersFitFirstAuxiliaryRowAcrossUnitsAndLocales().
⎙ Attached 'disk-card-264-capacity-gez_ER-small-positive-light.png' to fullCapacityNumbersFitFirstAuxiliaryRowAcrossUnitsAndLocales().
⎙ Attached 'disk-card-248-max-rate-gez_ER-light.png' to fullCapacityNumbersFitFirstAuxiliaryRowAcrossUnitsAndLocales().
⎙ Attached 'disk-card-264-max-rate-gez_ER-light.png' to fullCapacityNumbersFitFirstAuxiliaryRowAcrossUnitsAndLocales().
⎙ Attached 'disk-card-248-capacity-my_MM-max-same-unit-light.png' to fullCapacityNumbersFitFirstAuxiliaryRowAcrossUnitsAndLocales().
⎙ Attached 'disk-card-264-capacity-my_MM-max-same-unit-light.png' to fullCapacityNumbersFitFirstAuxiliaryRowAcrossUnitsAndLocales().
⎙ Attached 'disk-card-248-capacity-my_MM-different-tb-gb-light.png' to fullCapacityNumbersFitFirstAuxiliaryRowAcrossUnitsAndLocales().
⎙ Attached 'disk-card-264-capacity-my_MM-different-tb-gb-light.png' to fullCapacityNumbersFitFirstAuxiliaryRowAcrossUnitsAndLocales().
⎙ Attached 'disk-card-248-capacity-my_MM-unit-boundary-light.png' to fullCapacityNumbersFitFirstAuxiliaryRowAcrossUnitsAndLocales().
⎙ Attached 'disk-card-264-capacity-my_MM-unit-boundary-light.png' to fullCapacityNumbersFitFirstAuxiliaryRowAcrossUnitsAndLocales().
⎙ Attached 'disk-card-248-capacity-my_MM-zero-light.png' to fullCapacityNumbersFitFirstAuxiliaryRowAcrossUnitsAndLocales().
⎙ Attached 'disk-card-264-capacity-my_MM-zero-light.png' to fullCapacityNumbersFitFirstAuxiliaryRowAcrossUnitsAndLocales().
⎙ Attached 'disk-card-248-capacity-my_MM-small-positive-light.png' to fullCapacityNumbersFitFirstAuxiliaryRowAcrossUnitsAndLocales().
⎙ Attached 'disk-card-264-capacity-my_MM-small-positive-light.png' to fullCapacityNumbersFitFirstAuxiliaryRowAcrossUnitsAndLocales().
⎙ Attached 'disk-card-248-max-rate-my_MM-light.png' to fullCapacityNumbersFitFirstAuxiliaryRowAcrossUnitsAndLocales().
⎙ Attached 'disk-card-264-max-rate-my_MM-light.png' to fullCapacityNumbersFitFirstAuxiliaryRowAcrossUnitsAndLocales().
✔ Test fullCapacityNumbersFitFirstAuxiliaryRowAcrossUnitsAndLocales() passed after 0.222 seconds.
◇ Test conditionalOperationsAndExternalMountStatesStayDistinct() started.
2026-10-04 15:44:44.218675+0900 ResourceRunner[35855:52583133] [SwiftUI] Accessing Environment<Locale>'s value outside of being installed on a View. This will always read the default value and will not update.
2026-10-04 15:44:44.218783+0900 ResourceRunner[35855:52583133] [SwiftUI] Accessing Environment<Locale>'s value outside of being installed on a View. This will always read the default value and will not update.
2026-10-04 15:44:44.218831+0900 ResourceRunner[35855:52583133] [SwiftUI] Accessing Environment<Locale>'s value outside of being installed on a View. This will always read the default value and will not update.
2026-10-04 15:44:44.218906+0900 ResourceRunner[35855:52583133] [SwiftUI] Accessing Environment<Locale>'s value outside of being installed on a View. This will always read the default value and will not update.
⎙ Attached 'disk-detail-external-unmounted-unknown-failure.png' to conditionalOperationsAndExternalMountStatesStayDistinct().
✔ Test conditionalOperationsAndExternalMountStatesStayDistinct() passed after 0.006 seconds.
◇ Test diskSelectionAndExplicitCloseUseCommonStore() started.
✔ Test diskSelectionAndExplicitCloseUseCommonStore() passed after 0.001 seconds.
✔ Suite DiskDashboardViewTests passed after 0.417 seconds.
◇ Suite DiskNativeAdapterTests started.
◇ Test driverRegistryIdentityDeduplicatesAndRejectsConflicts() started.
✔ Test driverRegistryIdentityDeduplicatesAndRejectsConflicts() passed after 0.001 seconds.
◇ Test apfsRelationSupportsManyToManyAndUnconfirmedRelation() started.
✔ Test apfsRelationSupportsManyToManyAndUnconfirmedRelation() passed after 0.001 seconds.
◇ Test duplicateMountsMergeWithoutAddingSharedCapacity() started.
✔ Test duplicateMountsMergeWithoutAddingSharedCapacity() passed after 0.001 seconds.
◇ Test conflictingSharedCapacityIsAnError() started.
✔ Test conflictingSharedCapacityIsAnError() passed after 0.001 seconds.
◇ Test capacityRejectsMissingWrongTypeAndInvalidRelation() started.
✔ Test capacityRejectsMissingWrongTypeAndInvalidRelation() passed after 0.001 seconds.
◇ Test importantCapacityRejectsMissingOrInvalidAvailabilityWithoutFallback() started.
✔ Test importantCapacityRejectsMissingOrInvalidAvailabilityWithoutFallback() passed after 0.001 seconds.
◇ Test requiredBytesAndOptionalOperationsAreDistinct() started.
✔ Test requiredBytesAndOptionalOperationsAreDistinct() passed after 0.001 seconds.
◇ Test externalUsesDeviceInternalBeforeConnectionAndNeverRemovable() started.
✔ Test externalUsesDeviceInternalBeforeConnectionAndNeverRemovable() passed after 0.001 seconds.
✔ Suite DiskNativeAdapterTests passed after 0.002 seconds.
◇ Suite IntegratedDashboardSummaryTests started.
◇ Test allFourReadableCardsFitOneUnscrolledSummaryInLightAndDark() started.
⎙ Attached 'integrated-normal-four-cards-light.png' to allFourReadableCardsFitOneUnscrolledSummaryInLightAndDark().
⎙ Attached 'integrated-normal-four-cards-dark.png' to allFourReadableCardsFitOneUnscrolledSummaryInLightAndDark().
✔ Test allFourReadableCardsFitOneUnscrolledSummaryInLightAndDark() passed after 0.147 seconds.
◇ Test productionDashboardContainerHasNoScrollAndKeepsAllFourPlaceholders() started.
2026-10-04 15:44:44.379680+0900 ResourceRunner[35855:52583133] [SwiftUI] Accessing FocusState's value outside of the body of a View. This will result in a constant Binding of the initial value and will not update.
2026-10-04 15:44:44.379905+0900 ResourceRunner[35855:52583133] [SwiftUI] Accessing FocusState's value outside of the body of a View. This will result in a constant Binding of the initial value and will not update.
2026-10-04 15:44:44.379997+0900 ResourceRunner[35855:52583133] [SwiftUI] Accessing FocusState's value outside of the body of a View. This will result in a constant Binding of the initial value and will not update.
2026-10-04 15:44:44.380079+0900 ResourceRunner[35855:52583133] [SwiftUI] Accessing FocusState's value outside of the body of a View. This will result in a constant Binding of the initial value and will not update.
2026-10-04 15:44:44.392150+0900 ResourceRunner[35855:52583133] [Invalid Configuration] Unable to render flattened version of PlatformViewRepresentableAdaptor<DashboardLowestAnchorCapture>.
2026-10-04 15:44:44.392411+0900 ResourceRunner[35855:52583133] [Invalid Configuration] Unable to render flattened version of PlatformViewRepresentableAdaptor<DashboardLowestAnchorCapture>.
2026-10-04 15:44:44.392579+0900 ResourceRunner[35855:52583133] [Invalid Configuration] Unable to render flattened version of PlatformViewRepresentableAdaptor<DashboardLowestAnchorCapture>.
2026-10-04 15:44:44.392684+0900 ResourceRunner[35855:52583133] [Invalid Configuration] Unable to render flattened version of PlatformViewRepresentableAdaptor<DashboardLowestAnchorCapture>.
⎙ Attached 'integrated-collecting-dashboard-light.png' to productionDashboardContainerHasNoScrollAndKeepsAllFourPlaceholders().
✔ Test productionDashboardContainerHasNoScrollAndKeepsAllFourPlaceholders() passed after 0.021 seconds.
✔ Suite IntegratedDashboardSummaryTests passed after 0.168 seconds.
◇ Suite ResourceActivityPresentationTests started.
◇ Test macOSStorageUnitsDoNotChangeBinaryRatesOrCounters() started.
✔ Test macOSStorageUnitsDoNotChangeBinaryRatesOrCounters() passed after 0.001 seconds.
◇ Test measuredZeroIsDistinctFromNoConnectionBaselineAndFailure() started.
✔ Test measuredZeroIsDistinctFromNoConnectionBaselineAndFailure() passed after 0.001 seconds.
◇ Test supplementalFailureDoesNotFreezeFastRateAndIdentityMustMatch() started.
✔ Test supplementalFailureDoesNotFreezeFastRateAndIdentityMustMatch() passed after 0.001 seconds.
◇ Test partialRateNeverBecomesFullLastKnownOnStop() started.
✔ Test partialRateNeverBecomesFullLastKnownOnStop() passed after 0.001 seconds.
◇ Test diskCapacityAndUnsupportedOperationsRemainSeparateFromByteRate() started.
✔ Test diskCapacityAndUnsupportedOperationsRemainSeparateFromByteRate() passed after 0.001 seconds.
◇ Test formatterKeepsFourUnitsAndSmallRateAndLocale() started.
✔ Test formatterKeepsFourUnitsAndSmallRateAndLocale() passed after 0.001 seconds.
◇ Test auxiliaryCanArriveBeforeFastSampleAndDiskIdentityMismatchHidesDeviceRelation() started.
✔ Test auxiliaryCanArriveBeforeFastSampleAndDiskIdentityMismatchHidesDeviceRelation() passed after 0.001 seconds.
◇ Test activityFailureUsesOnlyPriorFullSuccessAndOptionalLookupFailureIsExplicit() started.
✔ Test activityFailureUsesOnlyPriorFullSuccessAndOptionalLookupFailureIsExplicit() passed after 0.001 seconds.
◇ Test productionConsumersAdvanceFastCardsDuringAuxFailureAndRejectOldEpoch() started.
2026-10-04 15:44:44.401375+0900 ResourceRunner[35855:52583133] [CollectionPipeline] delivered axis=networkActivity epoch=0 status=rate
2026-10-04 15:44:44.401484+0900 ResourceRunner[35855:52583133] [CollectionPipeline] delivered axis=diskActivity epoch=0 status=rate
2026-10-04 15:44:44.410955+0900 ResourceRunner[35855:52583133] [CollectionPipeline] delivered axis=networkMetadata epoch=0 result=failure revision=1 reason=SC failed
2026-10-04 15:44:44.411110+0900 ResourceRunner[35855:52583133] [CollectionPipeline] delivered axis=storageMetadata epoch=0 result=failure revision=1 reason=DA failed
2026-10-04 15:44:44.421603+0900 ResourceRunner[35855:52583133] [CollectionPipeline] delivered axis=networkActivity epoch=0 status=rate
2026-10-04 15:44:44.421670+0900 ResourceRunner[35855:52583133] [CollectionPipeline] delivered axis=diskActivity epoch=0 status=rate
✔ Test productionConsumersAdvanceFastCardsDuringAuxFailureAndRejectOldEpoch() passed after 0.030 seconds.
◇ Test queuedOldTopologyEventsCannotReachProductionDisplayOrReassembleOldActivity() started.
2026-10-04 15:44:44.435176+0900 ResourceRunner[35855:52583133] [CollectionPipeline] delivered axis=networkActivity epoch=0 status=rate
2026-10-04 15:44:44.435251+0900 ResourceRunner[35855:52583133] [CollectionPipeline] delivered axis=diskActivity epoch=0 status=rate
2026-10-04 15:44:44.444825+0900 ResourceRunner[35855:52583133] [CollectionPipeline] delivered axis=networkMetadata epoch=0 result=failure revision=1 reason=new SC failure
2026-10-04 15:44:44.444912+0900 ResourceRunner[35855:52583133] [CollectionPipeline] delivered axis=storageMetadata epoch=0 result=failure revision=1 reason=new DA failure
✔ Test queuedOldTopologyEventsCannotReachProductionDisplayOrReassembleOldActivity() passed after 0.023 seconds.
✔ Suite ResourceActivityPresentationTests passed after 0.058 seconds.
◇ Suite StorageMetadataTests started.
◇ Test manyToManyRelationsSharedCapacityAndUnmountedExternalStayDistinct() started.
✔ Test manyToManyRelationsSharedCapacityAndUnmountedExternalStayDistinct() passed after 0.001 seconds.
◇ Test noExternalAndFailureAreDifferentFromUnmountedOrUnknownRelation() started.
✔ Test noExternalAndFailureAreDifferentFromUnmountedOrUnknownRelation() passed after 0.001 seconds.
◇ Test fastAndSlowReadersRejectBoundaryAndOlderRequestBeforeTrackerMutation() started.
✔ Test fastAndSlowReadersRejectBoundaryAndOlderRequestBeforeTrackerMutation() passed after 0.001 seconds.
◇ Test fastReadRetriesConcurrentTopologyChangeWithoutRestoringOldDevice() started.
✔ Test fastReadRetriesConcurrentTopologyChangeWithoutRestoringOldDevice() passed after 0.001 seconds.
◇ Test slowNativeReadRetriesTopologyRaceAndCannotRestoreOldSet() started.
✔ Test slowNativeReadRetriesTopologyRaceAndCannotRestoreOldSet() passed after 0.001 seconds.
◇ Test mountChangeAdvancesTopologyRevisionAndInvalidatesOldCapacityCache() started.
✔ Test mountChangeAdvancesTopologyRevisionAndInvalidatesOldCapacityCache() passed after 0.001 seconds.
◇ Test slowStorageSuspensionDoesNotBlockFastDiskSamples() started.
✔ Test slowStorageSuspensionDoesNotBlockFastDiskSamples() passed after 0.001 seconds.
◇ Test failureFromOlderTopologyCannotOverwriteStorageLatestAfterSourceOrSinkDelay() started.
✔ Test failureFromOlderTopologyCannotOverwriteStorageLatestAfterSourceOrSinkDelay() passed after 0.001 seconds.
✔ Suite StorageMetadataTests passed after 0.002 seconds.
✔ Test run with 48 tests in 6 suites passed after 0.885 seconds.
2026-10-04 15:44:51.861 xcodebuild[35234:52580867] [MT] IDETestOperationsObserverDebug: 9.558 elapsed -- Testing started completed.
2026-10-04 15:44:51.861 xcodebuild[35234:52580867] [MT] IDETestOperationsObserverDebug: 0.000 sec, +0.000 sec -- start
2026-10-04 15:44:51.861 xcodebuild[35234:52580867] [MT] IDETestOperationsObserverDebug: 9.558 sec, +9.558 sec -- end

Test session results, code coverage, and logs:
	/tmp/rr-macos-capacity-unit.xcresult

** TEST SUCCEEDED **

Testing started
