Command line invocation:
    /Applications/Xcode.app/Contents/Developer/usr/bin/xcodebuild -project ResourceRunner.xcodeproj -scheme ResourceRunner -configuration Debug -parallel-testing-enabled NO -derivedDataPath /tmp/rr-m4-task003-unit -resultBundlePath /tmp/rr-m4-task003-unit-evidence.xcresult "-only-testing:ResourceRunnerTests/CPUSystemMetricsCollectorTests" "-only-testing:ResourceRunnerTests/SystemMetricsSampleSourceTests" "-only-testing:ResourceRunnerTests/NetworkActivityTests" "-only-testing:ResourceRunnerTests/DiskActivityTests" "-only-testing:ResourceRunnerTests/MonitoringSampleStoreTests" "-only-testing:ResourceRunnerTests/HistoryCapacityTests" "-only-testing:ResourceRunnerTests/CircularBufferTests" "-only-testing:ResourceRunnerTests/ProcessHistoryIdentityBoundaryTests" "-only-testing:ResourceRunnerTests/ProcessHistoryCPUUsageTests" "-only-testing:ResourceRunnerTests/ProcessHistoryMemoryBaselineRingTests" "-only-testing:ResourceRunnerTests/ProcessHistoryRecentValueRingTests" test

2026-10-03 21:52:10.559 xcodebuild[6310:50895796] [MT] IDERunDestination: Supported platforms for the buildables in the current scheme is empty.
Writing result bundle at path:
	/tmp/rr-m4-task003-unit-evidence.xcresult

--- xcodebuild: WARNING: Using the first of multiple matching destinations:
{ platform:macOS, arch:arm64, id:00006034-000811520144001C, name:My Mac }
{ platform:macOS, name:Any Mac }
ComputePackagePrebuildTargetDependencyGraph

Prepare packages

CreateBuildRequest

SendProjectDescription

CreateBuildOperation

ComputeTargetDependencyGraph
note: Building targets in dependency order
note: Target dependency graph (3 targets)
    Target 'ResourceRunnerUITests' in project 'ResourceRunner'
        ➜ Explicit dependency on target 'ResourceRunner' in project 'ResourceRunner'
    Target 'ResourceRunnerTests' in project 'ResourceRunner'
        ➜ Explicit dependency on target 'ResourceRunner' in project 'ResourceRunner'
    Target 'ResourceRunner' in project 'ResourceRunner' (no dependencies)

GatherProvisioningInputs

CreateBuildDescription

ExecuteExternalTool /Applications/Xcode.app/Contents/Developer/Toolchains/XcodeDefault.xctoolchain/usr/bin/clang -v -E -dM -isysroot /Applications/Xcode.app/Contents/Developer/Platforms/MacOSX.platform/Developer/SDKs/MacOSX26.5.sdk -x c -c /dev/null

ExecuteExternalTool /Applications/Xcode.app/Contents/Developer/Toolchains/XcodeDefault.xctoolchain/usr/bin/swiftc --version

ExecuteExternalTool /Applications/Xcode.app/Contents/Developer/usr/bin/actool --version --output-format xml1

ExecuteExternalTool /Applications/Xcode.app/Contents/Developer/Toolchains/XcodeDefault.xctoolchain/usr/bin/ld -version_details

Build description signature: 3be238b3cabe473679d856ec140b1437
Build description path: /tmp/rr-m4-task003-unit/Build/Intermediates.noindex/XCBuildData/3be238b3cabe473679d856ec140b1437.xcbuilddata
ClangStatCache /Applications/Xcode.app/Contents/Developer/Toolchains/XcodeDefault.xctoolchain/usr/bin/clang-stat-cache /Applications/Xcode.app/Contents/Developer/Platforms/MacOSX.platform/Developer/SDKs/MacOSX26.5.sdk /tmp/rr-m4-task003-unit/SDKStatCaches.noindex/macosx26.5-25F70-e082c4a02f00227109f4ed75e425c832.sdkstatcache
    cd /Users/zipkero/XcodeProjects/ResourceRunner/ResourceRunner.xcodeproj
    /Applications/Xcode.app/Contents/Developer/Toolchains/XcodeDefault.xctoolchain/usr/bin/clang-stat-cache /Applications/Xcode.app/Contents/Developer/Platforms/MacOSX.platform/Developer/SDKs/MacOSX26.5.sdk -o /tmp/rr-m4-task003-unit/SDKStatCaches.noindex/macosx26.5-25F70-e082c4a02f00227109f4ed75e425c832.sdkstatcache

CopySwiftLibs /tmp/rr-m4-task003-unit/Build/Products/Debug/ResourceRunner.app (in target 'ResourceRunner' from project 'ResourceRunner')
    cd /Users/zipkero/XcodeProjects/ResourceRunner
    builtin-swiftStdLibTool --copy --verbose --sign - --scan-executable /tmp/rr-m4-task003-unit/Build/Products/Debug/ResourceRunner.app/Contents/MacOS/ResourceRunner.debug.dylib --scan-folder /tmp/rr-m4-task003-unit/Build/Products/Debug/ResourceRunner.app/Contents/Frameworks --scan-folder /tmp/rr-m4-task003-unit/Build/Products/Debug/ResourceRunner.app/Contents/PlugIns --scan-folder /tmp/rr-m4-task003-unit/Build/Products/Debug/ResourceRunner.app/Contents/Library/SystemExtensions --scan-folder /tmp/rr-m4-task003-unit/Build/Products/Debug/ResourceRunner.app/Contents/Extensions --platform macosx --toolchain /Applications/Xcode.app/Contents/Developer/Toolchains/XcodeDefault.xctoolchain --destination /tmp/rr-m4-task003-unit/Build/Products/Debug/ResourceRunner.app/Contents/Frameworks --strip-bitcode --strip-bitcode-tool /Applications/Xcode.app/Contents/Developer/Toolchains/XcodeDefault.xctoolchain/usr/bin/bitcode_strip --emit-dependency-info /tmp/rr-m4-task003-unit/Build/Intermediates.noindex/ResourceRunner.build/Debug/ResourceRunner.build/SwiftStdLibToolInputDependencies.dep --filter-for-swift-os

ProcessInfoPlistFile /tmp/rr-m4-task003-unit/Build/Products/Debug/ResourceRunner.app/Contents/Info.plist /tmp/rr-m4-task003-unit/Build/Intermediates.noindex/ResourceRunner.build/Debug/ResourceRunner.build/empty-ResourceRunner.plist (in target 'ResourceRunner' from project 'ResourceRunner')
    cd /Users/zipkero/XcodeProjects/ResourceRunner
    builtin-infoPlistUtility /tmp/rr-m4-task003-unit/Build/Intermediates.noindex/ResourceRunner.build/Debug/ResourceRunner.build/empty-ResourceRunner.plist -producttype com.apple.product-type.application -genpkginfo /tmp/rr-m4-task003-unit/Build/Products/Debug/ResourceRunner.app/Contents/PkgInfo -expandbuildsettings -platform macosx -additionalcontentfile /tmp/rr-m4-task003-unit/Build/Intermediates.noindex/ResourceRunner.build/Debug/ResourceRunner.build/assetcatalog_generated_info.plist -o /tmp/rr-m4-task003-unit/Build/Products/Debug/ResourceRunner.app/Contents/Info.plist

SwiftDriver ResourceRunnerTests normal arm64 com.apple.xcode.tools.swift.compiler (in target 'ResourceRunnerTests' from project 'ResourceRunner')
    cd /Users/zipkero/XcodeProjects/ResourceRunner
    builtin-SwiftDriver -- /Applications/Xcode.app/Contents/Developer/Toolchains/XcodeDefault.xctoolchain/usr/bin/swiftc -module-name ResourceRunnerTests -Onone @/tmp/rr-m4-task003-unit/Build/Intermediates.noindex/ResourceRunner.build/Debug/ResourceRunnerTests.build/Objects-normal/arm64/ResourceRunnerTests.SwiftFileList -DDEBUG -plugin-path /Applications/Xcode.app/Contents/Developer/Toolchains/XcodeDefault.xctoolchain/usr/lib/swift/host/plugins/testing -enable-bare-slash-regex -enable-upcoming-feature DisableOutwardActorInference -enable-upcoming-feature InferSendableFromCaptures -enable-upcoming-feature GlobalActorIsolatedTypesUsability -enable-upcoming-feature MemberImportVisibility -enable-upcoming-feature InferIsolatedConformances -enable-upcoming-feature NonisolatedNonsendingByDefault -enable-experimental-feature DebugDescriptionMacro -sdk /Applications/Xcode.app/Contents/Developer/Platforms/MacOSX.platform/Developer/SDKs/MacOSX26.5.sdk -target arm64-apple-macos26.5 -g -module-cache-path /tmp/rr-m4-task003-unit/ModuleCache.noindex -Xfrontend -serialize-debugging-options -profile-coverage-mapping -profile-generate -enable-testing -index-store-path /tmp/rr-m4-task003-unit/Index.noindex/DataStore -Xcc -D_LIBCPP_HARDENING_MODE\=_LIBCPP_HARDENING_MODE_DEBUG -swift-version 5 -I /tmp/rr-m4-task003-unit/Build/Products/Debug -Isystem /Applications/Xcode.app/Contents/Developer/Platforms/MacOSX.platform/Developer/usr/lib -F /tmp/rr-m4-task003-unit/Build/Products/Debug -F /Applications/Xcode.app/Contents/Developer/Platforms/MacOSX.platform/Developer/Library/Frameworks -c -j14 -enable-batch-mode -incremental -Xcc -ivfsstatcache -Xcc /tmp/rr-m4-task003-unit/SDKStatCaches.noindex/macosx26.5-25F70-e082c4a02f00227109f4ed75e425c832.sdkstatcache -output-file-map /tmp/rr-m4-task003-unit/Build/Intermediates.noindex/ResourceRunner.build/Debug/ResourceRunnerTests.build/Objects-normal/arm64/ResourceRunnerTests-OutputFileMap.json -use-frontend-parseable-output -save-temps -no-color-diagnostics -explicit-module-build -module-cache-path /tmp/rr-m4-task003-unit/Build/Intermediates.noindex/SwiftExplicitPrecompiledModules -clang-scanner-module-cache-path /tmp/rr-m4-task003-unit/ModuleCache.noindex -sdk-module-cache-path /tmp/rr-m4-task003-unit/ModuleCache.noindex -serialize-diagnostics -emit-dependencies -emit-module -emit-module-path /tmp/rr-m4-task003-unit/Build/Intermediates.noindex/ResourceRunner.build/Debug/ResourceRunnerTests.build/Objects-normal/arm64/ResourceRunnerTests.swiftmodule -validate-clang-modules-once -clang-build-session-file /tmp/rr-m4-task003-unit/ModuleCache.noindex/Session.modulevalidation -Xcc -I/tmp/rr-m4-task003-unit/Build/Intermediates.noindex/ResourceRunner.build/Debug/ResourceRunnerTests.build/swift-overrides.hmap -emit-const-values -Xfrontend -const-gather-protocols-file -Xfrontend /tmp/rr-m4-task003-unit/Build/Intermediates.noindex/ResourceRunner.build/Debug/ResourceRunnerTests.build/Objects-normal/arm64/ResourceRunnerTests_const_extract_protocols.json -Xcc -iquote -Xcc /tmp/rr-m4-task003-unit/Build/Intermediates.noindex/ResourceRunner.build/Debug/ResourceRunnerTests.build/ResourceRunnerTests-generated-files.hmap -Xcc -I/tmp/rr-m4-task003-unit/Build/Intermediates.noindex/ResourceRunner.build/Debug/ResourceRunnerTests.build/ResourceRunnerTests-own-target-headers.hmap -Xcc -I/tmp/rr-m4-task003-unit/Build/Intermediates.noindex/ResourceRunner.build/Debug/ResourceRunnerTests.build/ResourceRunnerTests-all-target-headers.hmap -Xcc -iquote -Xcc /tmp/rr-m4-task003-unit/Build/Intermediates.noindex/ResourceRunner.build/Debug/ResourceRunnerTests.build/ResourceRunnerTests-project-headers.hmap -Xcc -I/tmp/rr-m4-task003-unit/Build/Products/Debug/include -Xcc -I/tmp/rr-m4-task003-unit/Build/Intermediates.noindex/ResourceRunner.build/Debug/ResourceRunnerTests.build/DerivedSources-normal/arm64 -Xcc -I/tmp/rr-m4-task003-unit/Build/Intermediates.noindex/ResourceRunner.build/Debug/ResourceRunnerTests.build/DerivedSources/arm64 -Xcc -I/tmp/rr-m4-task003-unit/Build/Intermediates.noindex/ResourceRunner.build/Debug/ResourceRunnerTests.build/DerivedSources -Xcc -DDEBUG\=1 -emit-objc-header -emit-objc-header-path /tmp/rr-m4-task003-unit/Build/Intermediates.noindex/ResourceRunner.build/Debug/ResourceRunnerTests.build/Objects-normal/arm64/ResourceRunnerTests-Swift.h -working-directory /Users/zipkero/XcodeProjects/ResourceRunner -experimental-emit-module-separately -disable-cmo

ProcessInfoPlistFile /tmp/rr-m4-task003-unit/Build/Products/Debug/ResourceRunner.app/Contents/PlugIns/ResourceRunnerTests.xctest/Contents/Info.plist /tmp/rr-m4-task003-unit/Build/Intermediates.noindex/ResourceRunner.build/Debug/ResourceRunnerTests.build/empty-ResourceRunnerTests.plist (in target 'ResourceRunnerTests' from project 'ResourceRunner')
    cd /Users/zipkero/XcodeProjects/ResourceRunner
    builtin-infoPlistUtility /tmp/rr-m4-task003-unit/Build/Intermediates.noindex/ResourceRunner.build/Debug/ResourceRunnerTests.build/empty-ResourceRunnerTests.plist -producttype com.apple.product-type.bundle.unit-test -expandbuildsettings -platform macosx -o /tmp/rr-m4-task003-unit/Build/Products/Debug/ResourceRunner.app/Contents/PlugIns/ResourceRunnerTests.xctest/Contents/Info.plist

SwiftEmitModule normal arm64 Emitting\ module\ for\ ResourceRunnerTests (in target 'ResourceRunnerTests' from project 'ResourceRunner')

EmitSwiftModule normal arm64 (in target 'ResourceRunnerTests' from project 'ResourceRunner')
    cd /Users/zipkero/XcodeProjects/ResourceRunner
    
/Users/zipkero/XcodeProjects/ResourceRunner/ResourceRunnerTests/DashboardCardLayoutTests.swift:233:5: warning: 'nonisolated(unsafe)' is unnecessary for a constant with 'Sendable' type '[NSColor]', consider removing it
    nonisolated(unsafe) static let candidates: [NSColor] = resolvedInBothAppearances(DashboardStyle.CardSurface.fillColor)
    ^~~~~~~~~~~~~~~~~~~~
    
/Users/zipkero/XcodeProjects/ResourceRunner/ResourceRunnerTests/DashboardCardLayoutTests.swift:237:5: warning: 'nonisolated(unsafe)' is unnecessary for a constant with 'Sendable' type '[NSColor]', consider removing it
    nonisolated(unsafe) static let candidates: [NSColor] = resolvedInBothAppearances(DashboardColorPalette.graphPlotSurface)
    ^~~~~~~~~~~~~~~~~~~~
    
/Users/zipkero/XcodeProjects/ResourceRunner/ResourceRunnerTests/SystemLifecycleObserverTests.swift:43:21: warning: class 'OrderTrackingNotificationCenter' must restate inherited '@unchecked Sendable' conformance
private final class OrderTrackingNotificationCenter: NotificationCenter {
                    ^
                                                                       , @unchecked Sendable

SwiftCompile normal arm64 Compiling\ MonitoringSampleStoreTests.swift /Users/zipkero/XcodeProjects/ResourceRunner/ResourceRunnerTests/MonitoringSampleStoreTests.swift (in target 'ResourceRunnerTests' from project 'ResourceRunner')

SwiftCompile normal arm64 /Users/zipkero/XcodeProjects/ResourceRunner/ResourceRunnerTests/MonitoringSampleStoreTests.swift (in target 'ResourceRunnerTests' from project 'ResourceRunner')
    cd /Users/zipkero/XcodeProjects/ResourceRunner
    

SwiftDriverJobDiscovery normal arm64 Compiling MonitoringSampleStoreTests.swift (in target 'ResourceRunnerTests' from project 'ResourceRunner')

SwiftDriverJobDiscovery normal arm64 Emitting module for ResourceRunnerTests (in target 'ResourceRunnerTests' from project 'ResourceRunner')

SwiftDriver\ Compilation\ Requirements ResourceRunnerTests normal arm64 com.apple.xcode.tools.swift.compiler (in target 'ResourceRunnerTests' from project 'ResourceRunner')
    cd /Users/zipkero/XcodeProjects/ResourceRunner
    builtin-Swift-Compilation-Requirements -- /Applications/Xcode.app/Contents/Developer/Toolchains/XcodeDefault.xctoolchain/usr/bin/swiftc -module-name ResourceRunnerTests -Onone @/tmp/rr-m4-task003-unit/Build/Intermediates.noindex/ResourceRunner.build/Debug/ResourceRunnerTests.build/Objects-normal/arm64/ResourceRunnerTests.SwiftFileList -DDEBUG -plugin-path /Applications/Xcode.app/Contents/Developer/Toolchains/XcodeDefault.xctoolchain/usr/lib/swift/host/plugins/testing -enable-bare-slash-regex -enable-upcoming-feature DisableOutwardActorInference -enable-upcoming-feature InferSendableFromCaptures -enable-upcoming-feature GlobalActorIsolatedTypesUsability -enable-upcoming-feature MemberImportVisibility -enable-upcoming-feature InferIsolatedConformances -enable-upcoming-feature NonisolatedNonsendingByDefault -enable-experimental-feature DebugDescriptionMacro -sdk /Applications/Xcode.app/Contents/Developer/Platforms/MacOSX.platform/Developer/SDKs/MacOSX26.5.sdk -target arm64-apple-macos26.5 -g -module-cache-path /tmp/rr-m4-task003-unit/ModuleCache.noindex -Xfrontend -serialize-debugging-options -profile-coverage-mapping -profile-generate -enable-testing -index-store-path /tmp/rr-m4-task003-unit/Index.noindex/DataStore -Xcc -D_LIBCPP_HARDENING_MODE\=_LIBCPP_HARDENING_MODE_DEBUG -swift-version 5 -I /tmp/rr-m4-task003-unit/Build/Products/Debug -Isystem /Applications/Xcode.app/Contents/Developer/Platforms/MacOSX.platform/Developer/usr/lib -F /tmp/rr-m4-task003-unit/Build/Products/Debug -F /Applications/Xcode.app/Contents/Developer/Platforms/MacOSX.platform/Developer/Library/Frameworks -c -j14 -enable-batch-mode -incremental -Xcc -ivfsstatcache -Xcc /tmp/rr-m4-task003-unit/SDKStatCaches.noindex/macosx26.5-25F70-e082c4a02f00227109f4ed75e425c832.sdkstatcache -output-file-map /tmp/rr-m4-task003-unit/Build/Intermediates.noindex/ResourceRunner.build/Debug/ResourceRunnerTests.build/Objects-normal/arm64/ResourceRunnerTests-OutputFileMap.json -use-frontend-parseable-output -save-temps -no-color-diagnostics -explicit-module-build -module-cache-path /tmp/rr-m4-task003-unit/Build/Intermediates.noindex/SwiftExplicitPrecompiledModules -clang-scanner-module-cache-path /tmp/rr-m4-task003-unit/ModuleCache.noindex -sdk-module-cache-path /tmp/rr-m4-task003-unit/ModuleCache.noindex -serialize-diagnostics -emit-dependencies -emit-module -emit-module-path /tmp/rr-m4-task003-unit/Build/Intermediates.noindex/ResourceRunner.build/Debug/ResourceRunnerTests.build/Objects-normal/arm64/ResourceRunnerTests.swiftmodule -validate-clang-modules-once -clang-build-session-file /tmp/rr-m4-task003-unit/ModuleCache.noindex/Session.modulevalidation -Xcc -I/tmp/rr-m4-task003-unit/Build/Intermediates.noindex/ResourceRunner.build/Debug/ResourceRunnerTests.build/swift-overrides.hmap -emit-const-values -Xfrontend -const-gather-protocols-file -Xfrontend /tmp/rr-m4-task003-unit/Build/Intermediates.noindex/ResourceRunner.build/Debug/ResourceRunnerTests.build/Objects-normal/arm64/ResourceRunnerTests_const_extract_protocols.json -Xcc -iquote -Xcc /tmp/rr-m4-task003-unit/Build/Intermediates.noindex/ResourceRunner.build/Debug/ResourceRunnerTests.build/ResourceRunnerTests-generated-files.hmap -Xcc -I/tmp/rr-m4-task003-unit/Build/Intermediates.noindex/ResourceRunner.build/Debug/ResourceRunnerTests.build/ResourceRunnerTests-own-target-headers.hmap -Xcc -I/tmp/rr-m4-task003-unit/Build/Intermediates.noindex/ResourceRunner.build/Debug/ResourceRunnerTests.build/ResourceRunnerTests-all-target-headers.hmap -Xcc -iquote -Xcc /tmp/rr-m4-task003-unit/Build/Intermediates.noindex/ResourceRunner.build/Debug/ResourceRunnerTests.build/ResourceRunnerTests-project-headers.hmap -Xcc -I/tmp/rr-m4-task003-unit/Build/Products/Debug/include -Xcc -I/tmp/rr-m4-task003-unit/Build/Intermediates.noindex/ResourceRunner.build/Debug/ResourceRunnerTests.build/DerivedSources-normal/arm64 -Xcc -I/tmp/rr-m4-task003-unit/Build/Intermediates.noindex/ResourceRunner.build/Debug/ResourceRunnerTests.build/DerivedSources/arm64 -Xcc -I/tmp/rr-m4-task003-unit/Build/Intermediates.noindex/ResourceRunner.build/Debug/ResourceRunnerTests.build/DerivedSources -Xcc -DDEBUG\=1 -emit-objc-header -emit-objc-header-path /tmp/rr-m4-task003-unit/Build/Intermediates.noindex/ResourceRunner.build/Debug/ResourceRunnerTests.build/Objects-normal/arm64/ResourceRunnerTests-Swift.h -working-directory /Users/zipkero/XcodeProjects/ResourceRunner -experimental-emit-module-separately -disable-cmo

SwiftDriver\ Compilation ResourceRunnerTests normal arm64 com.apple.xcode.tools.swift.compiler (in target 'ResourceRunnerTests' from project 'ResourceRunner')
    cd /Users/zipkero/XcodeProjects/ResourceRunner
    builtin-Swift-Compilation -- /Applications/Xcode.app/Contents/Developer/Toolchains/XcodeDefault.xctoolchain/usr/bin/swiftc -module-name ResourceRunnerTests -Onone @/tmp/rr-m4-task003-unit/Build/Intermediates.noindex/ResourceRunner.build/Debug/ResourceRunnerTests.build/Objects-normal/arm64/ResourceRunnerTests.SwiftFileList -DDEBUG -plugin-path /Applications/Xcode.app/Contents/Developer/Toolchains/XcodeDefault.xctoolchain/usr/lib/swift/host/plugins/testing -enable-bare-slash-regex -enable-upcoming-feature DisableOutwardActorInference -enable-upcoming-feature InferSendableFromCaptures -enable-upcoming-feature GlobalActorIsolatedTypesUsability -enable-upcoming-feature MemberImportVisibility -enable-upcoming-feature InferIsolatedConformances -enable-upcoming-feature NonisolatedNonsendingByDefault -enable-experimental-feature DebugDescriptionMacro -sdk /Applications/Xcode.app/Contents/Developer/Platforms/MacOSX.platform/Developer/SDKs/MacOSX26.5.sdk -target arm64-apple-macos26.5 -g -module-cache-path /tmp/rr-m4-task003-unit/ModuleCache.noindex -Xfrontend -serialize-debugging-options -profile-coverage-mapping -profile-generate -enable-testing -index-store-path /tmp/rr-m4-task003-unit/Index.noindex/DataStore -Xcc -D_LIBCPP_HARDENING_MODE\=_LIBCPP_HARDENING_MODE_DEBUG -swift-version 5 -I /tmp/rr-m4-task003-unit/Build/Products/Debug -Isystem /Applications/Xcode.app/Contents/Developer/Platforms/MacOSX.platform/Developer/usr/lib -F /tmp/rr-m4-task003-unit/Build/Products/Debug -F /Applications/Xcode.app/Contents/Developer/Platforms/MacOSX.platform/Developer/Library/Frameworks -c -j14 -enable-batch-mode -incremental -Xcc -ivfsstatcache -Xcc /tmp/rr-m4-task003-unit/SDKStatCaches.noindex/macosx26.5-25F70-e082c4a02f00227109f4ed75e425c832.sdkstatcache -output-file-map /tmp/rr-m4-task003-unit/Build/Intermediates.noindex/ResourceRunner.build/Debug/ResourceRunnerTests.build/Objects-normal/arm64/ResourceRunnerTests-OutputFileMap.json -use-frontend-parseable-output -save-temps -no-color-diagnostics -explicit-module-build -module-cache-path /tmp/rr-m4-task003-unit/Build/Intermediates.noindex/SwiftExplicitPrecompiledModules -clang-scanner-module-cache-path /tmp/rr-m4-task003-unit/ModuleCache.noindex -sdk-module-cache-path /tmp/rr-m4-task003-unit/ModuleCache.noindex -serialize-diagnostics -emit-dependencies -emit-module -emit-module-path /tmp/rr-m4-task003-unit/Build/Intermediates.noindex/ResourceRunner.build/Debug/ResourceRunnerTests.build/Objects-normal/arm64/ResourceRunnerTests.swiftmodule -validate-clang-modules-once -clang-build-session-file /tmp/rr-m4-task003-unit/ModuleCache.noindex/Session.modulevalidation -Xcc -I/tmp/rr-m4-task003-unit/Build/Intermediates.noindex/ResourceRunner.build/Debug/ResourceRunnerTests.build/swift-overrides.hmap -emit-const-values -Xfrontend -const-gather-protocols-file -Xfrontend /tmp/rr-m4-task003-unit/Build/Intermediates.noindex/ResourceRunner.build/Debug/ResourceRunnerTests.build/Objects-normal/arm64/ResourceRunnerTests_const_extract_protocols.json -Xcc -iquote -Xcc /tmp/rr-m4-task003-unit/Build/Intermediates.noindex/ResourceRunner.build/Debug/ResourceRunnerTests.build/ResourceRunnerTests-generated-files.hmap -Xcc -I/tmp/rr-m4-task003-unit/Build/Intermediates.noindex/ResourceRunner.build/Debug/ResourceRunnerTests.build/ResourceRunnerTests-own-target-headers.hmap -Xcc -I/tmp/rr-m4-task003-unit/Build/Intermediates.noindex/ResourceRunner.build/Debug/ResourceRunnerTests.build/ResourceRunnerTests-all-target-headers.hmap -Xcc -iquote -Xcc /tmp/rr-m4-task003-unit/Build/Intermediates.noindex/ResourceRunner.build/Debug/ResourceRunnerTests.build/ResourceRunnerTests-project-headers.hmap -Xcc -I/tmp/rr-m4-task003-unit/Build/Products/Debug/include -Xcc -I/tmp/rr-m4-task003-unit/Build/Intermediates.noindex/ResourceRunner.build/Debug/ResourceRunnerTests.build/DerivedSources-normal/arm64 -Xcc -I/tmp/rr-m4-task003-unit/Build/Intermediates.noindex/ResourceRunner.build/Debug/ResourceRunnerTests.build/DerivedSources/arm64 -Xcc -I/tmp/rr-m4-task003-unit/Build/Intermediates.noindex/ResourceRunner.build/Debug/ResourceRunnerTests.build/DerivedSources -Xcc -DDEBUG\=1 -emit-objc-header -emit-objc-header-path /tmp/rr-m4-task003-unit/Build/Intermediates.noindex/ResourceRunner.build/Debug/ResourceRunnerTests.build/Objects-normal/arm64/ResourceRunnerTests-Swift.h -working-directory /Users/zipkero/XcodeProjects/ResourceRunner -experimental-emit-module-separately -disable-cmo

Copy /tmp/rr-m4-task003-unit/Build/Products/Debug/ResourceRunnerTests.swiftmodule/Project/arm64-apple-macos.swiftsourceinfo /tmp/rr-m4-task003-unit/Build/Intermediates.noindex/ResourceRunner.build/Debug/ResourceRunnerTests.build/Objects-normal/arm64/ResourceRunnerTests.swiftsourceinfo (in target 'ResourceRunnerTests' from project 'ResourceRunner')
    cd /Users/zipkero/XcodeProjects/ResourceRunner
    builtin-copy -exclude .DS_Store -exclude CVS -exclude .svn -exclude .git -exclude .hg -resolve-src-symlinks -rename /tmp/rr-m4-task003-unit/Build/Intermediates.noindex/ResourceRunner.build/Debug/ResourceRunnerTests.build/Objects-normal/arm64/ResourceRunnerTests.swiftsourceinfo /tmp/rr-m4-task003-unit/Build/Products/Debug/ResourceRunnerTests.swiftmodule/Project/arm64-apple-macos.swiftsourceinfo

Copy /tmp/rr-m4-task003-unit/Build/Products/Debug/ResourceRunnerTests.swiftmodule/arm64-apple-macos.swiftmodule /tmp/rr-m4-task003-unit/Build/Intermediates.noindex/ResourceRunner.build/Debug/ResourceRunnerTests.build/Objects-normal/arm64/ResourceRunnerTests.swiftmodule (in target 'ResourceRunnerTests' from project 'ResourceRunner')
    cd /Users/zipkero/XcodeProjects/ResourceRunner
    builtin-copy -exclude .DS_Store -exclude CVS -exclude .svn -exclude .git -exclude .hg -resolve-src-symlinks -rename /tmp/rr-m4-task003-unit/Build/Intermediates.noindex/ResourceRunner.build/Debug/ResourceRunnerTests.build/Objects-normal/arm64/ResourceRunnerTests.swiftmodule /tmp/rr-m4-task003-unit/Build/Products/Debug/ResourceRunnerTests.swiftmodule/arm64-apple-macos.swiftmodule

Copy /tmp/rr-m4-task003-unit/Build/Products/Debug/ResourceRunnerTests.swiftmodule/arm64-apple-macos.abi.json /tmp/rr-m4-task003-unit/Build/Intermediates.noindex/ResourceRunner.build/Debug/ResourceRunnerTests.build/Objects-normal/arm64/ResourceRunnerTests.abi.json (in target 'ResourceRunnerTests' from project 'ResourceRunner')
    cd /Users/zipkero/XcodeProjects/ResourceRunner
    builtin-copy -exclude .DS_Store -exclude CVS -exclude .svn -exclude .git -exclude .hg -resolve-src-symlinks -rename /tmp/rr-m4-task003-unit/Build/Intermediates.noindex/ResourceRunner.build/Debug/ResourceRunnerTests.build/Objects-normal/arm64/ResourceRunnerTests.abi.json /tmp/rr-m4-task003-unit/Build/Products/Debug/ResourceRunnerTests.swiftmodule/arm64-apple-macos.abi.json

Ld /tmp/rr-m4-task003-unit/Build/Products/Debug/ResourceRunner.app/Contents/PlugIns/ResourceRunnerTests.xctest/Contents/MacOS/ResourceRunnerTests normal (in target 'ResourceRunnerTests' from project 'ResourceRunner')
    cd /Users/zipkero/XcodeProjects/ResourceRunner
    /Applications/Xcode.app/Contents/Developer/Toolchains/XcodeDefault.xctoolchain/usr/bin/clang -Xlinker -reproducible -target arm64-apple-macos26.5 -bundle -isysroot /Applications/Xcode.app/Contents/Developer/Platforms/MacOSX.platform/Developer/SDKs/MacOSX26.5.sdk -O0 -L/tmp/rr-m4-task003-unit/Build/Intermediates.noindex/EagerLinkingTBDs/Debug -L/tmp/rr-m4-task003-unit/Build/Products/Debug -L/Applications/Xcode.app/Contents/Developer/Platforms/MacOSX.platform/Developer/usr/lib -F/tmp/rr-m4-task003-unit/Build/Intermediates.noindex/EagerLinkingTBDs/Debug -F/tmp/rr-m4-task003-unit/Build/Products/Debug -iframework /Applications/Xcode.app/Contents/Developer/Platforms/MacOSX.platform/Developer/Library/Frameworks -filelist /tmp/rr-m4-task003-unit/Build/Intermediates.noindex/ResourceRunner.build/Debug/ResourceRunnerTests.build/Objects-normal/arm64/ResourceRunnerTests.LinkFileList -Xlinker -rpath -Xlinker @loader_path/../Frameworks -Xlinker -rpath -Xlinker @executable_path/../Frameworks -bundle_loader /tmp/rr-m4-task003-unit/Build/Products/Debug/ResourceRunner.app/Contents/MacOS/ResourceRunner -Xlinker -object_path_lto -Xlinker /tmp/rr-m4-task003-unit/Build/Intermediates.noindex/ResourceRunner.build/Debug/ResourceRunnerTests.build/Objects-normal/arm64/ResourceRunnerTests_lto.o -rdynamic -Xlinker -no_deduplicate -Xlinker -debug_variant -Xlinker -dependency_info -Xlinker /tmp/rr-m4-task003-unit/Build/Intermediates.noindex/ResourceRunner.build/Debug/ResourceRunnerTests.build/Objects-normal/arm64/ResourceRunnerTests_dependency_info.dat -fobjc-link-runtime -fprofile-instr-generate -L/Applications/Xcode.app/Contents/Developer/Toolchains/XcodeDefault.xctoolchain/usr/lib/swift/macosx -L/usr/lib/swift -Xlinker -add_ast_path -Xlinker /tmp/rr-m4-task003-unit/Build/Intermediates.noindex/ResourceRunner.build/Debug/ResourceRunnerTests.build/Objects-normal/arm64/ResourceRunnerTests.swiftmodule @/tmp/rr-m4-task003-unit/Build/Intermediates.noindex/ResourceRunner.build/Debug/ResourceRunnerTests.build/Objects-normal/arm64/ResourceRunnerTests-linker-args.resp -Xlinker -needed_framework -Xlinker XCTest -framework XCTest -Xlinker -needed-lXCTestSwiftSupport -lXCTestSwiftSupport /tmp/rr-m4-task003-unit/Build/Products/Debug/ResourceRunner.app/Contents/MacOS/ResourceRunner.debug.dylib -Xlinker -no_adhoc_codesign -o /tmp/rr-m4-task003-unit/Build/Products/Debug/ResourceRunner.app/Contents/PlugIns/ResourceRunnerTests.xctest/Contents/MacOS/ResourceRunnerTests

CopySwiftLibs /tmp/rr-m4-task003-unit/Build/Products/Debug/ResourceRunner.app/Contents/PlugIns/ResourceRunnerTests.xctest (in target 'ResourceRunnerTests' from project 'ResourceRunner')
    cd /Users/zipkero/XcodeProjects/ResourceRunner
    builtin-swiftStdLibTool --copy --verbose --sign - --scan-executable /tmp/rr-m4-task003-unit/Build/Products/Debug/ResourceRunner.app/Contents/PlugIns/ResourceRunnerTests.xctest/Contents/MacOS/ResourceRunnerTests --scan-folder /tmp/rr-m4-task003-unit/Build/Products/Debug/ResourceRunner.app/Contents/PlugIns/ResourceRunnerTests.xctest/Contents/Frameworks --scan-folder /tmp/rr-m4-task003-unit/Build/Products/Debug/ResourceRunner.app/Contents/PlugIns/ResourceRunnerTests.xctest/Contents/PlugIns --scan-folder /tmp/rr-m4-task003-unit/Build/Products/Debug/ResourceRunner.app/Contents/PlugIns/ResourceRunnerTests.xctest/Contents/Library/SystemExtensions --scan-folder /tmp/rr-m4-task003-unit/Build/Products/Debug/ResourceRunner.app/Contents/PlugIns/ResourceRunnerTests.xctest/Contents/Extensions --platform macosx --toolchain /Applications/Xcode.app/Contents/Developer/Toolchains/XcodeDefault.xctoolchain --destination /tmp/rr-m4-task003-unit/Build/Products/Debug/ResourceRunner.app/Contents/PlugIns/ResourceRunnerTests.xctest/Contents/Frameworks --strip-bitcode --scan-executable /Applications/Xcode.app/Contents/Developer/Platforms/MacOSX.platform/Developer/usr/lib/libXCTestSwiftSupport.dylib --strip-bitcode-tool /Applications/Xcode.app/Contents/Developer/Toolchains/XcodeDefault.xctoolchain/usr/bin/bitcode_strip --emit-dependency-info /tmp/rr-m4-task003-unit/Build/Intermediates.noindex/ResourceRunner.build/Debug/ResourceRunnerTests.build/SwiftStdLibToolInputDependencies.dep --filter-for-swift-os

ExtractAppIntentsMetadata (in target 'ResourceRunnerTests' from project 'ResourceRunner')
    cd /Users/zipkero/XcodeProjects/ResourceRunner
    /Applications/Xcode.app/Contents/Developer/Toolchains/XcodeDefault.xctoolchain/usr/bin/appintentsmetadataprocessor --toolchain-dir /Applications/Xcode.app/Contents/Developer/Toolchains/XcodeDefault.xctoolchain --module-name ResourceRunnerTests --sdk-root /Applications/Xcode.app/Contents/Developer/Platforms/MacOSX.platform/Developer/SDKs/MacOSX26.5.sdk --xcode-version 17F113 --platform-family macOS --deployment-target 26.5 --bundle-identifier com.zipkero.ResourceRunnerTests --output /tmp/rr-m4-task003-unit/Build/Products/Debug/ResourceRunner.app/Contents/PlugIns/ResourceRunnerTests.xctest/Contents/Resources --target-triple arm64-apple-macos26.5 --binary-file /tmp/rr-m4-task003-unit/Build/Products/Debug/ResourceRunner.app/Contents/PlugIns/ResourceRunnerTests.xctest/Contents/MacOS/ResourceRunnerTests --dependency-file /tmp/rr-m4-task003-unit/Build/Intermediates.noindex/ResourceRunner.build/Debug/ResourceRunnerTests.build/Objects-normal/arm64/ResourceRunnerTests_dependency_info.dat --stringsdata-file /tmp/rr-m4-task003-unit/Build/Intermediates.noindex/ResourceRunner.build/Debug/ResourceRunnerTests.build/Objects-normal/arm64/ExtractedAppShortcutsMetadata.stringsdata --source-file-list /tmp/rr-m4-task003-unit/Build/Intermediates.noindex/ResourceRunner.build/Debug/ResourceRunnerTests.build/Objects-normal/arm64/ResourceRunnerTests.SwiftFileList --metadata-file-list /tmp/rr-m4-task003-unit/Build/Intermediates.noindex/ResourceRunner.build/Debug/ResourceRunnerTests.build/ResourceRunnerTests.DependencyMetadataFileList --static-metadata-file-list /tmp/rr-m4-task003-unit/Build/Intermediates.noindex/ResourceRunner.build/Debug/ResourceRunnerTests.build/ResourceRunnerTests.DependencyStaticMetadataFileList --swift-const-vals-list /tmp/rr-m4-task003-unit/Build/Intermediates.noindex/ResourceRunner.build/Debug/ResourceRunnerTests.build/Objects-normal/arm64/ResourceRunnerTests.SwiftConstValuesFileList --compile-time-extraction --deployment-aware-processing --validate-assistant-intents --no-app-shortcuts-localization
2026-10-03 21:52:13.773 appintentsmetadataprocessor[6365:50896001] Starting appintentsmetadataprocessor export
2026-10-03 21:52:13.774 appintentsmetadataprocessor[6365:50896001] warning: Metadata extraction skipped. No AppIntents.framework dependency found.

CodeSign /tmp/rr-m4-task003-unit/Build/Products/Debug/ResourceRunner.app/Contents/PlugIns/ResourceRunnerTests.xctest (in target 'ResourceRunnerTests' from project 'ResourceRunner')
    cd /Users/zipkero/XcodeProjects/ResourceRunner
    
    Signing Identity:     "Sign to Run Locally"
    
    /usr/bin/codesign --force --sign - --timestamp\=none --generate-entitlement-der /tmp/rr-m4-task003-unit/Build/Products/Debug/ResourceRunner.app/Contents/PlugIns/ResourceRunnerTests.xctest

CodeSign /tmp/rr-m4-task003-unit/Build/Products/Debug/ResourceRunner.app/Contents/MacOS/ResourceRunner.debug.dylib (in target 'ResourceRunner' from project 'ResourceRunner')
    cd /Users/zipkero/XcodeProjects/ResourceRunner
    
    Signing Identity:     "Sign to Run Locally"
    
    /usr/bin/codesign --force --sign - --timestamp\=none --generate-entitlement-der /tmp/rr-m4-task003-unit/Build/Products/Debug/ResourceRunner.app/Contents/MacOS/ResourceRunner.debug.dylib
/tmp/rr-m4-task003-unit/Build/Products/Debug/ResourceRunner.app/Contents/MacOS/ResourceRunner.debug.dylib: replacing existing signature

CodeSign /tmp/rr-m4-task003-unit/Build/Products/Debug/ResourceRunner.app/Contents/MacOS/__preview.dylib (in target 'ResourceRunner' from project 'ResourceRunner')
    cd /Users/zipkero/XcodeProjects/ResourceRunner
    
    Signing Identity:     "Sign to Run Locally"
    
    /usr/bin/codesign --force --sign - --timestamp\=none --generate-entitlement-der /tmp/rr-m4-task003-unit/Build/Products/Debug/ResourceRunner.app/Contents/MacOS/__preview.dylib
/tmp/rr-m4-task003-unit/Build/Products/Debug/ResourceRunner.app/Contents/MacOS/__preview.dylib: replacing existing signature

CodeSign /tmp/rr-m4-task003-unit/Build/Products/Debug/ResourceRunner.app (in target 'ResourceRunner' from project 'ResourceRunner')
    cd /Users/zipkero/XcodeProjects/ResourceRunner
    
    Signing Identity:     "Sign to Run Locally"
    
    /usr/bin/codesign --force --sign - --entitlements /tmp/rr-m4-task003-unit/Build/Intermediates.noindex/ResourceRunner.build/Debug/ResourceRunner.build/ResourceRunner.app.xcent --timestamp\=none --generate-entitlement-der /tmp/rr-m4-task003-unit/Build/Products/Debug/ResourceRunner.app
/tmp/rr-m4-task003-unit/Build/Products/Debug/ResourceRunner.app: replacing existing signature

Validate /tmp/rr-m4-task003-unit/Build/Products/Debug/ResourceRunner.app (in target 'ResourceRunner' from project 'ResourceRunner')
    cd /Users/zipkero/XcodeProjects/ResourceRunner
    builtin-validationUtility /tmp/rr-m4-task003-unit/Build/Products/Debug/ResourceRunner.app -no-validate-extension -infoplist-subpath Contents/Info.plist

RegisterWithLaunchServices /tmp/rr-m4-task003-unit/Build/Products/Debug/ResourceRunner.app (in target 'ResourceRunner' from project 'ResourceRunner')
    cd /Users/zipkero/XcodeProjects/ResourceRunner
    /System/Library/Frameworks/CoreServices.framework/Versions/Current/Frameworks/LaunchServices.framework/Versions/Current/Support/lsregister -f -R -trusted /tmp/rr-m4-task003-unit/Build/Products/Debug/ResourceRunner.app

note: Run script build phase 'Prepare expansion fixture' will be run during every build because the option to run the script phase "Based on dependency analysis" is unchecked. (in target 'ResourceRunnerUITests' from project 'ResourceRunner')
ProcessInfoPlistFile /tmp/rr-m4-task003-unit/Build/Products/Debug/ResourceRunnerUITests-Runner.app/Contents/PlugIns/ResourceRunnerUITests.xctest/Contents/Info.plist /tmp/rr-m4-task003-unit/Build/Intermediates.noindex/ResourceRunner.build/Debug/ResourceRunnerUITests.build/empty-ResourceRunnerUITests.plist (in target 'ResourceRunnerUITests' from project 'ResourceRunner')
    cd /Users/zipkero/XcodeProjects/ResourceRunner
    builtin-infoPlistUtility /tmp/rr-m4-task003-unit/Build/Intermediates.noindex/ResourceRunner.build/Debug/ResourceRunnerUITests.build/empty-ResourceRunnerUITests.plist -producttype com.apple.product-type.bundle.ui-testing -expandbuildsettings -platform macosx -additionalcontentfile /tmp/rr-m4-task003-unit/Build/Intermediates.noindex/ResourceRunner.build/Debug/ResourceRunnerUITests.build/ProductTypeInfoPlistAdditions.plist -o /tmp/rr-m4-task003-unit/Build/Products/Debug/ResourceRunnerUITests-Runner.app/Contents/PlugIns/ResourceRunnerUITests.xctest/Contents/Info.plist

PhaseScriptExecution Prepare\ expansion\ fixture /tmp/rr-m4-task003-unit/Build/Intermediates.noindex/ResourceRunner.build/Debug/ResourceRunnerUITests.build/Script-E20000000000000000000001.sh (in target 'ResourceRunnerUITests' from project 'ResourceRunner')
    cd /Users/zipkero/XcodeProjects/ResourceRunner
    export ACTION\=build
    export AD_HOC_CODE_SIGNING_ALLOWED\=YES
    export ALLOW_BUILD_REQUEST_OVERRIDES\=NO
    export ALLOW_TARGET_PLATFORM_SPECIALIZATION\=NO
    export ALTERNATE_GROUP\=staff
    export ALTERNATE_MODE\=u+w,go-w,a+rX
    export ALTERNATE_OWNER\=zipkero
    export ALTERNATIVE_DISTRIBUTION_WEB\=NO
    export ALWAYS_EMBED_SWIFT_STANDARD_LIBRARIES\=NO
    export ALWAYS_SEARCH_USER_PATHS\=NO
    export ALWAYS_USE_SEPARATE_HEADERMAPS\=NO
    export APPLICATION_EXTENSION_API_ONLY\=NO
    export APPLY_RULES_IN_COPY_FILES\=NO
    export APPLY_RULES_IN_COPY_HEADERS\=NO
    export APP_SHORTCUTS_ENABLE_FLEXIBLE_MATCHING\=YES
    export ARCHS\=arm64
    export ARCHS_BASE\=arm64
    export ARCHS_STANDARD\=arm64\ x86_64
    export ARCHS_STANDARD_32_64_BIT\=arm64\ x86_64\ i386
    export ARCHS_STANDARD_32_BIT\=i386
    export ARCHS_STANDARD_64_BIT\=arm64\ x86_64
    export ARCHS_STANDARD_INCLUDING_64_BIT\=arm64\ x86_64
    export ASSETCATALOG_COMPILER_GENERATE_SWIFT_ASSET_SYMBOL_EXTENSIONS\=YES
    export AUTOMATICALLY_MERGE_DEPENDENCIES\=NO
    export AUTOMATION_APPLE_EVENTS\=NO
    export AVAILABLE_PLATFORMS\=android\ appletvos\ appletvsimulator\ driverkit\ freebsd\ iphoneos\ iphonesimulator\ linux\ macosx\ none\ openbsd\ qnx\ watchos\ watchsimulator\ webassembly\ xros\ xrsimulator
    export BUILD_ACTIVE_RESOURCES_ONLY\=NO
    export BUILD_COMPONENTS\=headers\ build
    export BUILD_DIR\=/tmp/rr-m4-task003-unit/Build/Products
    export BUILD_LIBRARY_FOR_DISTRIBUTION\=NO
    export BUILD_ONLY_KNOWN_LOCALIZATIONS\=NO
    export BUILD_ROOT\=/tmp/rr-m4-task003-unit/Build/Products
    export BUILD_STYLE\=
    export BUILD_VARIANTS\=normal
    export BUILT_PRODUCTS_DIR\=/tmp/rr-m4-task003-unit/Build/Products/Debug
    export BUNDLE_CONTENTS_FOLDER_PATH\=Contents/
    export BUNDLE_CONTENTS_FOLDER_PATH_deep\=Contents/
    export BUNDLE_EXECUTABLE_FOLDER_NAME_deep\=MacOS
    export BUNDLE_EXECUTABLE_FOLDER_PATH\=Contents/MacOS
    export BUNDLE_EXTENSIONS_FOLDER_PATH\=Contents/Extensions
    export BUNDLE_FORMAT\=deep
    export BUNDLE_FRAMEWORKS_FOLDER_PATH\=Contents/Frameworks
    export BUNDLE_PLUGINS_FOLDER_PATH\=Contents/PlugIns
    export BUNDLE_PRIVATE_HEADERS_FOLDER_PATH\=Contents/PrivateHeaders
    export BUNDLE_PUBLIC_HEADERS_FOLDER_PATH\=Contents/Headers
    export CACHE_ROOT\=/var/folders/dk/wdd8br81397gt8_3sby166cc0000gn/C/com.apple.DeveloperTools/26.6-17F113/Xcode
    export CCHROOT\=/var/folders/dk/wdd8br81397gt8_3sby166cc0000gn/C/com.apple.DeveloperTools/26.6-17F113/Xcode
    export CHMOD\=/bin/chmod
    export CHOWN\=chown
    export CLANG_ANALYZER_NONNULL\=YES
    export CLANG_ANALYZER_NUMBER_OBJECT_CONVERSION\=YES_AGGRESSIVE
    export CLANG_CACHE_FINE_GRAINED_OUTPUTS\=YES
    export CLANG_COVERAGE_MAPPING\=YES
    export CLANG_CXX_LANGUAGE_STANDARD\=gnu++20
    export CLANG_ENABLE_EXPLICIT_MODULES\=YES
    export CLANG_ENABLE_MODULES\=YES
    export CLANG_ENABLE_OBJC_ARC\=YES
    export CLANG_ENABLE_OBJC_WEAK\=YES
    export CLANG_MODULES_BUILD_SESSION_FILE\=/tmp/rr-m4-task003-unit/ModuleCache.noindex/Session.modulevalidation
    export CLANG_PROFILE_DATA_DIRECTORY\=/tmp/rr-m4-task003-unit/Build/ProfileData
    export CLANG_WARN_BLOCK_CAPTURE_AUTORELEASING\=YES
    export CLANG_WARN_BOOL_CONVERSION\=YES
    export CLANG_WARN_COMMA\=YES
    export CLANG_WARN_CONSTANT_CONVERSION\=YES
    export CLANG_WARN_DEPRECATED_OBJC_IMPLEMENTATIONS\=YES
    export CLANG_WARN_DIRECT_OBJC_ISA_USAGE\=YES_ERROR
    export CLANG_WARN_DOCUMENTATION_COMMENTS\=YES
    export CLANG_WARN_EMPTY_BODY\=YES
    export CLANG_WARN_ENUM_CONVERSION\=YES
    export CLANG_WARN_INFINITE_RECURSION\=YES
    export CLANG_WARN_INT_CONVERSION\=YES
    export CLANG_WARN_NON_LITERAL_NULL_CONVERSION\=YES
    export CLANG_WARN_OBJC_IMPLICIT_RETAIN_SELF\=YES
    export CLANG_WARN_OBJC_LITERAL_CONVERSION\=YES
    export CLANG_WARN_OBJC_ROOT_CLASS\=YES_ERROR
    export CLANG_WARN_QUOTED_INCLUDE_IN_FRAMEWORK_HEADER\=YES
    export CLANG_WARN_RANGE_LOOP_ANALYSIS\=YES
    export CLANG_WARN_STRICT_PROTOTYPES\=YES
    export CLANG_WARN_SUSPICIOUS_MOVE\=YES
    export CLANG_WARN_UNGUARDED_AVAILABILITY\=YES_AGGRESSIVE
    export CLANG_WARN_UNREACHABLE_CODE\=YES
    export CLANG_WARN__DUPLICATE_METHOD_MATCH\=YES
    export CLASS_FILE_DIR\=/tmp/rr-m4-task003-unit/Build/Intermediates.noindex/ResourceRunner.build/Debug/ResourceRunnerUITests.build/JavaClasses
    export CLEAN_PRECOMPS\=YES
    export CLONE_HEADERS\=NO
    export CODESIGNING_FOLDER_PATH\=/tmp/rr-m4-task003-unit/Build/Products/Debug/ResourceRunnerUITests-Runner.app/Contents/PlugIns/ResourceRunnerUITests.xctest
    export CODE_SIGNING_ALLOWED\=YES
    export CODE_SIGNING_REQUIRED\=YES
    export CODE_SIGN_IDENTITY\=-
    export CODE_SIGN_IDENTITY_NO\=Apple\ Development
    export CODE_SIGN_IDENTITY_YES\=-
    export CODE_SIGN_INJECT_BASE_ENTITLEMENTS\=YES
    export CODE_SIGN_STYLE\=Automatic
    export COLOR_DIAGNOSTICS\=NO
    export COMBINE_HIDPI_IMAGES\=NO
    export COMPILATION_CACHE_CAS_PATH\=/tmp/rr-m4-task003-unit/CompilationCache.noindex
    export COMPILATION_CACHE_KEEP_CAS_DIRECTORY\=YES
    export COMPILER_INDEX_STORE_ENABLE\=Default
    export COMPOSITE_SDK_DIRS\=/tmp/rr-m4-task003-unit/Build/Intermediates.noindex/CompositeSDKs
    export COMPRESS_PNG_FILES\=NO
    export CONFIGURATION\=Debug
    export CONFIGURATION_BUILD_DIR\=/tmp/rr-m4-task003-unit/Build/Products/Debug
    export CONFIGURATION_TEMP_DIR\=/tmp/rr-m4-task003-unit/Build/Intermediates.noindex/ResourceRunner.build/Debug
    export CONTENTS_FOLDER_PATH\=ResourceRunnerUITests.xctest/Contents
    export CONTENTS_FOLDER_PATH_SHALLOW_BUNDLE_NO\=ResourceRunnerUITests.xctest/Contents
    export CONTENTS_FOLDER_PATH_SHALLOW_BUNDLE_YES\=ResourceRunnerUITests.xctest
    export COPYING_PRESERVES_HFS_DATA\=NO
    export COPY_HEADERS_RUN_UNIFDEF\=NO
    export COPY_PHASE_STRIP\=NO
    export CP\=/bin/cp
    export CREATE_INFOPLIST_SECTION_IN_BINARY\=NO
    export CURRENT_ARCH\=undefined_arch
    export CURRENT_PROJECT_VERSION\=1
    export CURRENT_VARIANT\=normal
    export DEAD_CODE_STRIPPING\=NO
    export DEBUGGING_SYMBOLS\=YES
    export DEBUG_INFORMATION_FORMAT\=dwarf
    export DEBUG_INFORMATION_VERSION\=compiler-default
    export DEFAULT_COMPILER\=com.apple.compilers.llvm.clang.1_0
    export DEFAULT_DEXT_INSTALL_PATH\=/System/Library/DriverExtensions
    export DEFAULT_KEXT_INSTALL_PATH\=/System/Library/Extensions
    export DEFINES_MODULE\=NO
    export DEPLOYMENT_LOCATION\=NO
    export DEPLOYMENT_POSTPROCESSING\=NO
    export DEPLOYMENT_TARGET_SETTING_NAME\=MACOSX_DEPLOYMENT_TARGET
    export DEPLOYMENT_TARGET_SUGGESTED_VALUES\=10.13\ 10.14\ 10.15\ 11.0\ 11.1\ 11.2\ 11.3\ 11.4\ 11.5\ 12.0\ 12.2\ 12.3\ 12.4\ 13.0\ 13.1\ 13.2\ 13.3\ 13.4\ 13.5\ 14.0\ 14.1\ 14.2\ 14.3\ 14.4\ 14.5\ 14.6\ 15.0\ 15.1\ 15.2\ 15.3\ 15.4\ 15.5\ 15.6\ 26.0\ 26.1\ 26.2\ 26.3\ 26.4\ 26.5
    export DERIVED_FILES_DIR\=/tmp/rr-m4-task003-unit/Build/Intermediates.noindex/ResourceRunner.build/Debug/ResourceRunnerUITests.build/DerivedSources
    export DERIVED_FILE_DIR\=/tmp/rr-m4-task003-unit/Build/Intermediates.noindex/ResourceRunner.build/Debug/ResourceRunnerUITests.build/DerivedSources
    export DERIVED_SOURCES_DIR\=/tmp/rr-m4-task003-unit/Build/Intermediates.noindex/ResourceRunner.build/Debug/ResourceRunnerUITests.build/DerivedSources
    export DEVELOPER_APPLICATIONS_DIR\=/Applications/Xcode.app/Contents/Developer/Applications
    export DEVELOPER_BIN_DIR\=/Applications/Xcode.app/Contents/Developer/usr/bin
    export DEVELOPER_DIR\=/Applications/Xcode.app/Contents/Developer
    export DEVELOPER_FRAMEWORKS_DIR\=/Applications/Xcode.app/Contents/Developer/Library/Frameworks
    export DEVELOPER_FRAMEWORKS_DIR_QUOTED\=/Applications/Xcode.app/Contents/Developer/Library/Frameworks
    export DEVELOPER_LIBRARY_DIR\=/Applications/Xcode.app/Contents/Developer/Library
    export DEVELOPER_SDK_DIR\=/Applications/Xcode.app/Contents/Developer/Platforms/MacOSX.platform/Developer/SDKs
    export DEVELOPER_TOOLS_DIR\=/Applications/Xcode.app/Contents/Developer/Tools
    export DEVELOPER_USR_DIR\=/Applications/Xcode.app/Contents/Developer/usr
    export DEVELOPMENT_LANGUAGE\=en
    export DIAGNOSE_MISSING_TARGET_DEPENDENCIES\=YES
    export DIFF\=/usr/bin/diff
    export DOCUMENTATION_FOLDER_PATH\=ResourceRunnerUITests.xctest/Contents/Resources/en.lproj/Documentation
    export DONT_GENERATE_INFOPLIST_FILE\=NO
    export DSTROOT\=/tmp/ResourceRunner.dst
    export DT_TOOLCHAIN_DIR\=/Applications/Xcode.app/Contents/Developer/Toolchains/XcodeDefault.xctoolchain
    export DUMP_DEPENDENCIES\=NO
    export DUMP_DEPENDENCIES_OUTPUT_PATH\=/tmp/rr-m4-task003-unit/Build/Intermediates.noindex/ResourceRunner.build/Debug/ResourceRunnerUITests.build/ResourceRunnerUITests-BuildDependencyInfo.json
    export DWARF_DSYM_FILE_NAME\=ResourceRunnerUITests.xctest.dSYM
    export DWARF_DSYM_FILE_SHOULD_ACCOMPANY_PRODUCT\=NO
    export DWARF_DSYM_FOLDER_PATH\=/tmp/rr-m4-task003-unit/Build/Products/Debug/ResourceRunnerUITests-Runner.app/Contents/PlugIns
    export DYNAMIC_LIBRARY_EXTENSION\=dylib
    export EAGER_COMPILATION_ALLOW_SCRIPTS\=NO
    export EAGER_LINKING\=NO
    export EFFECTIVE_SWIFT_VERSION\=5
    export EMBEDDED_CONTENT_CONTAINS_SWIFT\=NO
    export EMBEDDED_PROFILE_NAME\=embedded.provisionprofile
    export EMBED_ASSET_PACKS_IN_PRODUCT_BUNDLE\=NO
    export ENABLE_APP_SANDBOX\=NO
    export ENABLE_CODE_COVERAGE\=YES
    export ENABLE_COHORT_ARCHS\=NO
    export ENABLE_CPLUSPLUS_BOUNDS_SAFE_BUFFERS\=NO
    export ENABLE_C_BOUNDS_SAFETY\=NO
    export ENABLE_DEFAULT_HEADER_SEARCH_PATHS\=YES
    export ENABLE_DEFAULT_SEARCH_PATHS\=YES
    export ENABLE_ENHANCED_SECURITY\=NO
    export ENABLE_HARDENED_RUNTIME\=NO
    export ENABLE_HEADER_DEPENDENCIES\=YES
    export ENABLE_INCOMING_NETWORK_CONNECTIONS\=NO
    export ENABLE_ON_DEMAND_RESOURCES\=NO
    export ENABLE_OUTGOING_NETWORK_CONNECTIONS\=NO
    export ENABLE_POINTER_AUTHENTICATION\=NO
    export ENABLE_PREVIEWS\=NO
    export ENABLE_RESOURCE_ACCESS_AUDIO_INPUT\=NO
    export ENABLE_RESOURCE_ACCESS_BLUETOOTH\=NO
    export ENABLE_RESOURCE_ACCESS_CALENDARS\=NO
    export ENABLE_RESOURCE_ACCESS_CAMERA\=NO
    export ENABLE_RESOURCE_ACCESS_CONTACTS\=NO
    export ENABLE_RESOURCE_ACCESS_LOCATION\=NO
    export ENABLE_RESOURCE_ACCESS_PHOTO_LIBRARY\=NO
    export ENABLE_RESOURCE_ACCESS_PRINTING\=NO
    export ENABLE_RESOURCE_ACCESS_USB\=NO
    export ENABLE_SDK_IMPORTS\=NO
    export ENABLE_SECURITY_COMPILER_WARNINGS\=NO
    export ENABLE_STRICT_OBJC_MSGSEND\=YES
    export ENABLE_TESTABILITY\=YES
    export ENABLE_TESTING_SEARCH_PATHS\=YES
    export ENABLE_USER_SCRIPT_SANDBOXING\=NO
    export ENABLE_XOJIT_PREVIEWS\=YES
    export ENFORCE_VALID_ARCHS\=YES
    export ENTITLEMENTS_DESTINATION\=Signature
    export ENTITLEMENTS_REQUIRED\=YES
    export EXCLUDED_INSTALLSRC_SUBDIRECTORY_PATTERNS\=.DS_Store\ .svn\ .git\ .hg\ CVS
    export EXCLUDED_RECURSIVE_SEARCH_PATH_SUBDIRECTORIES\=\*.nib\ \*.lproj\ \*.framework\ \*.gch\ \*.xcode\*\ \*.xcassets\ \*.icon\ \(\*\)\ .DS_Store\ CVS\ .svn\ .git\ .hg\ \*.pbproj\ \*.pbxproj
    export EXECUTABLES_FOLDER_PATH\=ResourceRunnerUITests.xctest/Contents/Executables
    export EXECUTABLE_FOLDER_PATH\=ResourceRunnerUITests.xctest/Contents/MacOS
    export EXECUTABLE_FOLDER_PATH_SHALLOW_BUNDLE_NO\=ResourceRunnerUITests.xctest/Contents/MacOS
    export EXECUTABLE_FOLDER_PATH_SHALLOW_BUNDLE_YES\=ResourceRunnerUITests.xctest/Contents
    export EXECUTABLE_NAME\=ResourceRunnerUITests
    export EXECUTABLE_PATH\=ResourceRunnerUITests.xctest/Contents/MacOS/ResourceRunnerUITests
    export EXPANDED_CODE_SIGN_IDENTITY\=-
    export EXPANDED_CODE_SIGN_IDENTITY_NAME\=Sign\ to\ Run\ Locally
    export EXTENSIONS_FOLDER_PATH\=ResourceRunnerUITests.xctest/Contents/Extensions
    export FILE_LIST\=/tmp/rr-m4-task003-unit/Build/Intermediates.noindex/ResourceRunner.build/Debug/ResourceRunnerUITests.build/Objects/LinkFileList
    export FIXED_FILES_DIR\=/tmp/rr-m4-task003-unit/Build/Intermediates.noindex/ResourceRunner.build/Debug/ResourceRunnerUITests.build/FixedFiles
    export FRAMEWORKS_FOLDER_PATH\=ResourceRunnerUITests.xctest/Contents/Frameworks
    export FRAMEWORK_FLAG_PREFIX\=-framework
    export FRAMEWORK_SEARCH_PATHS\=/tmp/rr-m4-task003-unit/Build/Products/Debug\ 
    export FRAMEWORK_VERSION\=A
    export FULL_PRODUCT_NAME\=ResourceRunnerUITests.xctest
    export FUSE_BUILD_PHASES\=YES
    export FUSE_BUILD_SCRIPT_PHASES\=NO
    export GCC3_VERSION\=3.3
    export GCC_C_LANGUAGE_STANDARD\=gnu17
    export GCC_DYNAMIC_NO_PIC\=NO
    export GCC_INLINES_ARE_PRIVATE_EXTERN\=YES
    export GCC_NO_COMMON_BLOCKS\=YES
    export GCC_OPTIMIZATION_LEVEL\=0
    export GCC_PFE_FILE_C_DIALECTS\=c\ objective-c\ c++\ objective-c++
    export GCC_PREPROCESSOR_DEFINITIONS\=DEBUG\=1\ 
    export GCC_TREAT_WARNINGS_AS_ERRORS\=NO
    export GCC_VERSION\=com.apple.compilers.llvm.clang.1_0
    export GCC_VERSION_IDENTIFIER\=com_apple_compilers_llvm_clang_1_0
    export GCC_WARN_64_TO_32_BIT_CONVERSION\=YES
    export GCC_WARN_ABOUT_RETURN_TYPE\=YES_ERROR
    export GCC_WARN_UNDECLARED_SELECTOR\=YES
    export GCC_WARN_UNINITIALIZED_AUTOS\=YES_AGGRESSIVE
    export GCC_WARN_UNUSED_FUNCTION\=YES
    export GCC_WARN_UNUSED_VARIABLE\=YES
    export GENERATED_MODULEMAP_DIR\=/tmp/rr-m4-task003-unit/Build/Intermediates.noindex/GeneratedModuleMaps
    export GENERATED_TEST_ENTRY_POINT_PATH\=/tmp/rr-m4-task003-unit/Build/Intermediates.noindex/ResourceRunner.build/Debug/ResourceRunnerUITests.build/DerivedSources/test_entry_point.swift
    export GENERATE_INFOPLIST_FILE\=YES
    export GENERATE_INTERMEDIATE_TEXT_BASED_STUBS\=YES
    export GENERATE_PKGINFO_FILE\=NO
    export GENERATE_PRELINK_OBJECT_FILE\=NO
    export GENERATE_PROFILING_CODE\=NO
    export GENERATE_TEXT_BASED_STUBS\=NO
    export GID\=20
    export GROUP\=staff
    export HEADERMAP_INCLUDES_FLAT_ENTRIES_FOR_TARGET_BEING_BUILT\=YES
    export HEADERMAP_INCLUDES_FRAMEWORK_ENTRIES_FOR_ALL_PRODUCT_TYPES\=YES
    export HEADERMAP_INCLUDES_FRAMEWORK_ENTRIES_FOR_TARGETS_NOT_BEING_BUILT\=YES
    export HEADERMAP_INCLUDES_NONPUBLIC_NONPRIVATE_HEADERS\=YES
    export HEADERMAP_INCLUDES_PROJECT_HEADERS\=YES
    export HEADERMAP_USES_FRAMEWORK_PREFIX_ENTRIES\=YES
    export HEADERMAP_USES_VFS\=NO
    export HEADER_SEARCH_PATHS\=/tmp/rr-m4-task003-unit/Build/Products/Debug/include\ 
    export HOME\=/Users/zipkero
    export HOST_ARCH\=arm64
    export HOST_PLATFORM\=macosx
    export ICONV\=/usr/bin/iconv
    export IMPLICIT_DEPENDENCY_DOMAIN\=default
    export INDEX_STORE_COMPRESS\=NO
    export INDEX_STORE_ONLY_PROJECT_FILES\=NO
    export INFOPLIST_ENABLE_CFBUNDLEICONS_MERGE\=YES
    export INFOPLIST_EXPAND_BUILD_SETTINGS\=YES
    export INFOPLIST_OUTPUT_FORMAT\=same-as-input
    export INFOPLIST_PATH\=ResourceRunnerUITests.xctest/Contents/Info.plist
    export INFOPLIST_PREPROCESS\=NO
    export INFOSTRINGS_PATH\=ResourceRunnerUITests.xctest/Contents/Resources/en.lproj/InfoPlist.strings
    export INLINE_PRIVATE_FRAMEWORKS\=NO
    export INSTALLAPI_IGNORE_SKIP_INSTALL\=YES
    export INSTALLHDRS_COPY_PHASE\=NO
    export INSTALLHDRS_SCRIPT_PHASE\=NO
    export INSTALL_DIR\=/tmp/ResourceRunner.dst
    export INSTALL_GROUP\=staff
    export INSTALL_MODE_FLAG\=u+w,go-w,a+rX
    export INSTALL_OWNER\=zipkero
    export INSTALL_ROOT\=/tmp/ResourceRunner.dst
    export IOS_UNZIPPERED_TWIN_PREFIX_PATH\=/System/iOSSupport
    export IS_MACCATALYST\=NO
    export IS_UNOPTIMIZED_BUILD\=YES
    export JAVAC_DEFAULT_FLAGS\=-J-Xms64m\ -J-XX:NewSize\=4M\ -J-Dfile.encoding\=UTF8
    export JAVA_APP_STUB\=/System/Library/Frameworks/JavaVM.framework/Resources/MacOS/JavaApplicationStub
    export JAVA_ARCHIVE_CLASSES\=YES
    export JAVA_ARCHIVE_TYPE\=JAR
    export JAVA_COMPILER\=/usr/bin/javac
    export JAVA_FOLDER_PATH\=ResourceRunnerUITests.xctest/Contents/Resources/Java
    export JAVA_FRAMEWORK_RESOURCES_DIRS\=Resources
    export JAVA_JAR_FLAGS\=cv
    export JAVA_SOURCE_SUBDIR\=.
    export JAVA_USE_DEPENDENCIES\=YES
    export JAVA_ZIP_FLAGS\=-urg
    export JIKES_DEFAULT_FLAGS\=+E\ +OLDCSO
    export KASAN_CFLAGS_CLASSIC\=-DKASAN\=1\ -DKASAN_CLASSIC\=1\ -fsanitize\=address\ -mllvm\ -asan-globals-live-support\ -mllvm\ -asan-force-dynamic-shadow
    export KASAN_CFLAGS_TBI\=-DKASAN\=1\ -DKASAN_TBI\=1\ -fsanitize\=kernel-hwaddress\ -mllvm\ -hwasan-recover\=0\ -mllvm\ -hwasan-instrument-atomics\=0\ -mllvm\ -hwasan-instrument-stack\=1\ -mllvm\ -hwasan-generate-tags-with-calls\=1\ -mllvm\ -hwasan-instrument-with-calls\=1\ -mllvm\ -hwasan-use-short-granules\=0\ -mllvm\ -hwasan-memory-access-callback-prefix\=__asan_
    export KASAN_DEFAULT_CFLAGS\=-DKASAN\=1\ -DKASAN_CLASSIC\=1\ -fsanitize\=address\ -mllvm\ -asan-globals-live-support\ -mllvm\ -asan-force-dynamic-shadow
    export KEEP_PRIVATE_EXTERNS\=NO
    export LD_DEPENDENCY_INFO_FILE\=/tmp/rr-m4-task003-unit/Build/Intermediates.noindex/ResourceRunner.build/Debug/ResourceRunnerUITests.build/Objects-normal/undefined_arch/ResourceRunnerUITests_dependency_info.dat
    export LD_EXPORT_SYMBOLS\=YES
    export LD_GENERATE_MAP_FILE\=NO
    export LD_MAP_FILE_PATH\=/tmp/rr-m4-task003-unit/Build/Intermediates.noindex/ResourceRunner.build/Debug/ResourceRunnerUITests.build/ResourceRunnerUITests-LinkMap-normal-undefined_arch.txt
    export LD_NO_PIE\=NO
    export LD_QUOTE_LINKER_ARGUMENTS_FOR_COMPILER_DRIVER\=YES
    export LD_RUNPATH_SEARCH_PATHS\=\ @loader_path/../Frameworks
    export LD_RUNPATH_SEARCH_PATHS_SHALLOW_BUNDLE_NO\=@loader_path/../Frameworks
    export LD_RUNPATH_SEARCH_PATHS_SHALLOW_BUNDLE_YES\=@loader_path/Frameworks
    export LD_SHARED_CACHE_ELIGIBLE\=Automatic
    export LD_WARN_DUPLICATE_LIBRARIES\=NO
    export LD_WARN_UNUSED_DYLIBS\=NO
    export LEGACY_DEVELOPER_DIR\=/Applications/Xcode.app/Contents/PlugIns/Xcode3Core.ideplugin/Contents/SharedSupport/Developer
    export LEX\=lex
    export LIBRARY_DEXT_INSTALL_PATH\=/Library/DriverExtensions
    export LIBRARY_FLAG_NOSPACE\=YES
    export LIBRARY_FLAG_PREFIX\=-l
    export LIBRARY_KEXT_INSTALL_PATH\=/Library/Extensions
    export LIBRARY_SEARCH_PATHS\=/tmp/rr-m4-task003-unit/Build/Products/Debug\ \ \ /Applications/Xcode.app/Contents/Developer/Platforms/MacOSX.platform/Developer/usr/lib
    export LINKER_DISPLAYS_MANGLED_NAMES\=NO
    export LINK_FILE_LIST_normal_arm64\=/tmp/rr-m4-task003-unit/Build/Intermediates.noindex/ResourceRunner.build/Debug/ResourceRunnerUITests.build/Objects-normal/arm64/ResourceRunnerUITests.LinkFileList
    export LINK_OBJC_RUNTIME\=YES
    export LINK_WITH_STANDARD_LIBRARIES\=YES
    export LLVM_TARGET_TRIPLE_OS_VERSION\=macos26.5
    export LLVM_TARGET_TRIPLE_OS_VERSION_NO\=macos26.5
    export LLVM_TARGET_TRIPLE_OS_VERSION_YES\=macos26.5
    export LLVM_TARGET_TRIPLE_VENDOR\=apple
    export LM_AUX_CONST_METADATA_LIST_PATH_normal_arm64\=/tmp/rr-m4-task003-unit/Build/Intermediates.noindex/ResourceRunner.build/Debug/ResourceRunnerUITests.build/Objects-normal/arm64/ResourceRunnerUITests.SwiftConstValuesFileList
    export LOCALIZATION_EXPORT_SUPPORTED\=YES
    export LOCALIZATION_PREFERS_STRING_CATALOGS\=YES
    export LOCALIZED_RESOURCES_FOLDER_PATH\=ResourceRunnerUITests.xctest/Contents/Resources/en.lproj
    export LOCALIZED_STRING_CODE_COMMENTS\=NO
    export LOCALIZED_STRING_MACRO_NAMES\=NSLocalizedString\ CFCopyLocalizedString
    export LOCALIZED_STRING_SWIFTUI_SUPPORT\=YES
    export LOCAL_ADMIN_APPS_DIR\=/Applications/Utilities
    export LOCAL_APPS_DIR\=/Applications
    export LOCAL_DEVELOPER_DIR\=/Library/Developer
    export LOCAL_LIBRARY_DIR\=/Library
    export LOCROOT\=/Users/zipkero/XcodeProjects/ResourceRunner
    export LOCSYMROOT\=/Users/zipkero/XcodeProjects/ResourceRunner
    export MACH_O_TYPE\=mh_bundle
    export MACOSX_DEPLOYMENT_TARGET\=26.5
    export MAC_OS_X_PRODUCT_BUILD_VERSION\=25G83
    export MAC_OS_X_VERSION_ACTUAL\=260602
    export MAC_OS_X_VERSION_MAJOR\=260000
    export MAC_OS_X_VERSION_MINOR\=260600
    export MAKE_MERGEABLE\=NO
    export MARKETING_VERSION\=1.0
    export MERGEABLE_LIBRARY\=NO
    export MERGED_BINARY_TYPE\=none
    export MERGE_LINKED_LIBRARIES\=NO
    export METAL_LIBRARY_FILE_BASE\=default
    export METAL_LIBRARY_OUTPUT_DIR\=/tmp/rr-m4-task003-unit/Build/Products/Debug/ResourceRunnerUITests-Runner.app/Contents/PlugIns/ResourceRunnerUITests.xctest/Contents/Resources
    export MODULES_FOLDER_PATH\=ResourceRunnerUITests.xctest/Contents/Modules
    export MODULE_CACHE_DIR\=/tmp/rr-m4-task003-unit/ModuleCache.noindex
    export MTL_ENABLE_DEBUG_INFO\=INCLUDE_SOURCE
    export MTL_FAST_MATH\=YES
    export NATIVE_ARCH\=arm64
    export NATIVE_ARCH_32_BIT\=arm
    export NATIVE_ARCH_64_BIT\=arm64
    export NATIVE_ARCH_ACTUAL\=arm64
    export NO_COMMON\=YES
    export OBJECT_FILE_DIR\=/tmp/rr-m4-task003-unit/Build/Intermediates.noindex/ResourceRunner.build/Debug/ResourceRunnerUITests.build/Objects
    export OBJECT_FILE_DIR_normal\=/tmp/rr-m4-task003-unit/Build/Intermediates.noindex/ResourceRunner.build/Debug/ResourceRunnerUITests.build/Objects-normal
    export OBJROOT\=/tmp/rr-m4-task003-unit/Build/Intermediates.noindex
    export ONLY_ACTIVE_ARCH\=YES
    export OS\=MACOS
    export OSAC\=/usr/bin/osacompile
    export OTHER_SWIFT_FLAGS\=\ -module-alias\ Testing\=_Testing_Unavailable\ -plugin-path\ /Applications/Xcode.app/Contents/Developer/Toolchains/XcodeDefault.xctoolchain/usr/lib/swift/host/plugins/testing
    export PACKAGE_TYPE\=com.apple.package-type.bundle.unit-test
    export PASCAL_STRINGS\=YES
    export PATH\=/Applications/Xcode.app/Contents/SharedFrameworks/SwiftBuild.framework/Versions/A/PlugIns/SWBBuildService.bundle/Contents/PlugIns/SWBUniversalPlatformPlugin.bundle/Contents/Frameworks/SWBUniversalPlatform.framework/Resources:/Applications/Xcode.app/Contents/Developer/Toolchains/XcodeDefault.xctoolchain/usr/bin:/Applications/Xcode.app/Contents/Developer/Toolchains/XcodeDefault.xctoolchain/usr/local/bin:/Applications/Xcode.app/Contents/Developer/Toolchains/XcodeDefault.xctoolchain/usr/libexec:/Applications/Xcode.app/Contents/Developer/Platforms/MacOSX.platform/usr/bin:/Applications/Xcode.app/Contents/Developer/Platforms/MacOSX.platform/usr/local/bin:/Applications/Xcode.app/Contents/Developer/Platforms/MacOSX.platform/Developer/usr/bin:/Applications/Xcode.app/Contents/Developer/Platforms/MacOSX.platform/Developer/usr/local/bin:/Applications/Xcode.app/Contents/Developer/usr/bin:/Applications/Xcode.app/Contents/Developer/usr/local/bin:/Users/zipkero/.codex/packages/standalone/releases/0.160.0-aarch64-apple-darwin/codex-path:/Users/zipkero/.nvm/versions/node/v24.15.0/bin:/Users/zipkero/.local/bin:/usr/local/bin:/System/Cryptexes/App/usr/bin:/usr/bin:/bin:/usr/sbin:/sbin:/var/run/com.apple.security.cryptexd/codex.system/bootstrap/usr/local/bin:/var/run/com.apple.security.cryptexd/codex.system/bootstrap/usr/bin:/var/run/com.apple.security.cryptexd/codex.system/bootstrap/usr/appleinternal/bin:/pkg/env/global/bin:/Library/Apple/usr/bin:/usr/local/share/dotnet:/opt/homebrew/bin:/Users/zipkero/.codex/tmp/arg0/codex-arg0CjU73n:/Applications/Orca.app/Contents/Resources/bin:/Users/zipkero/Library/Application\ Support/JetBrains/Toolbox/scripts:/Users/zipkero/.orbstack/bin:/Users/zipkero/go/bin:/Users/zipkero/.volta/bin:/Users/zipkero/.asdf/shims:/Users/zipkero/.fnm/aliases/default/bin:/Users/zipkero/.local/share/mise/shims:/Users/zipkero/Library/pnpm:/Users/zipkero/.yarn/bin:/Users/zipkero/.bun/bin:/opt/homebrew/sbin:/usr/local/sbin:/nix/var/nix/profiles/default/bin:/Users/zipkero/bin:/Users/zipkero/.nix-profile/bin:/Users/zipkero/.opencode/bin:/Users/zipkero/.vite-plus/bin
    export PATH_PREFIXES_EXCLUDED_FROM_HEADER_DEPENDENCIES\=/usr/include\ /usr/local/include\ /System/Library/Frameworks\ /System/Library/PrivateFrameworks\ /Applications/Xcode.app/Contents/Developer/Headers\ /Applications/Xcode.app/Contents/Developer/SDKs\ /Applications/Xcode.app/Contents/Developer/Platforms
    export PBDEVELOPMENTPLIST_PATH\=ResourceRunnerUITests.xctest/Contents/pbdevelopment.plist
    export PER_ARCH_MODULE_FILE_DIR\=/tmp/rr-m4-task003-unit/Build/Intermediates.noindex/ResourceRunner.build/Debug/ResourceRunnerUITests.build/Objects-normal/undefined_arch
    export PER_ARCH_OBJECT_FILE_DIR\=/tmp/rr-m4-task003-unit/Build/Intermediates.noindex/ResourceRunner.build/Debug/ResourceRunnerUITests.build/Objects-normal/undefined_arch
    export PER_VARIANT_OBJECT_FILE_DIR\=/tmp/rr-m4-task003-unit/Build/Intermediates.noindex/ResourceRunner.build/Debug/ResourceRunnerUITests.build/Objects-normal
    export PKGINFO_FILE_PATH\=/tmp/rr-m4-task003-unit/Build/Intermediates.noindex/ResourceRunner.build/Debug/ResourceRunnerUITests.build/PkgInfo
    export PKGINFO_PATH\=ResourceRunnerUITests.xctest/Contents/PkgInfo
    export PLATFORM_DEVELOPER_APPLICATIONS_DIR\=/Applications/Xcode.app/Contents/Developer/Applications
    export PLATFORM_DEVELOPER_BIN_DIR\=/Applications/Xcode.app/Contents/Developer/usr/bin
    export PLATFORM_DEVELOPER_LIBRARY_DIR\=/Applications/Xcode.app/Contents/Developer/Library
    export PLATFORM_DEVELOPER_SDK_DIR\=/Applications/Xcode.app/Contents/Developer/Platforms/MacOSX.platform/Developer/SDKs
    export PLATFORM_DEVELOPER_TOOLS_DIR\=/Applications/Xcode.app/Contents/Developer/Tools
    export PLATFORM_DEVELOPER_USR_DIR\=/Applications/Xcode.app/Contents/Developer/usr
    export PLATFORM_DIR\=/Applications/Xcode.app/Contents/Developer/Platforms/MacOSX.platform
    export PLATFORM_DISPLAY_NAME\=macOS
    export PLATFORM_FAMILY_NAME\=macOS
    export PLATFORM_NAME\=macosx
    export PLATFORM_PREFERRED_ARCH\=x86_64
    export PLATFORM_PRODUCT_BUILD_VERSION\=25F70
    export PLATFORM_REQUIRES_SWIFT_AUTOLINK_EXTRACT\=NO
    export PLATFORM_REQUIRES_SWIFT_MODULEWRAP\=NO
    export PLATFORM_USES_DSYMS\=YES
    export PLIST_FILE_OUTPUT_FORMAT\=same-as-input
    export PLUGINS_FOLDER_PATH\=ResourceRunnerUITests.xctest/Contents/PlugIns
    export PRECOMPS_INCLUDE_HEADERS_FROM_BUILT_PRODUCTS_DIR\=YES
    export PRECOMP_DESTINATION_DIR\=/tmp/rr-m4-task003-unit/Build/Intermediates.noindex/ResourceRunner.build/Debug/ResourceRunnerUITests.build/PrefixHeaders
    export PRIVATE_HEADERS_FOLDER_PATH\=ResourceRunnerUITests.xctest/Contents/PrivateHeaders
    export PROCESSED_INFOPLIST_PATH\=/tmp/rr-m4-task003-unit/Build/Intermediates.noindex/ResourceRunner.build/Debug/ResourceRunnerUITests.build/Objects-normal/undefined_arch/Processed-Info.plist
    export PRODUCT_BUNDLE_IDENTIFIER\=com.zipkero.ResourceRunnerUITests
    export PRODUCT_BUNDLE_PACKAGE_TYPE\=BNDL
    export PRODUCT_MODULE_NAME\=ResourceRunnerUITests
    export PRODUCT_NAME\=ResourceRunnerUITests
    export PRODUCT_SETTINGS_PATH\=
    export PRODUCT_SPECIFIC_LDFLAGS\=-Xlinker\ -needed_framework\ -Xlinker\ XCTest\ -framework\ XCTest\ -Xlinker\ -needed-lXCTestSwiftSupport\ -lXCTestSwiftSupport
    export PRODUCT_TYPE\=com.apple.product-type.bundle.ui-testing
    export PRODUCT_TYPE_SWIFT_STDLIB_TOOL_FLAGS\=--scan-executable\ \"/Applications/Xcode.app/Contents/Developer/Platforms/MacOSX.platform/Developer/usr/lib/libXCTestSwiftSupport.dylib\"
    export PROFILING_CODE\=NO
    export PROJECT\=ResourceRunner
    export PROJECT_DERIVED_FILE_DIR\=/tmp/rr-m4-task003-unit/Build/Intermediates.noindex/ResourceRunner.build/DerivedSources
    export PROJECT_DIR\=/Users/zipkero/XcodeProjects/ResourceRunner
    export PROJECT_FILE_PATH\=/Users/zipkero/XcodeProjects/ResourceRunner/ResourceRunner.xcodeproj
    export PROJECT_GUID\=8c3503f0990367d409751a2585fa2393
    export PROJECT_NAME\=ResourceRunner
    export PROJECT_TEMP_DIR\=/tmp/rr-m4-task003-unit/Build/Intermediates.noindex/ResourceRunner.build
    export PROJECT_TEMP_ROOT\=/tmp/rr-m4-task003-unit/Build/Intermediates.noindex
    export PROVISIONING_PROFILE_DESTINATION_PATH\=/tmp/rr-m4-task003-unit/Build/Products/Debug/ResourceRunnerUITests-Runner.app/Contents/PlugIns/..
    export PROVISIONING_PROFILE_REQUIRED\=NO
    export PROVISIONING_PROFILE_SUPPORTED\=YES
    export PUBLIC_HEADERS_FOLDER_PATH\=ResourceRunnerUITests.xctest/Contents/Headers
    export RECOMMENDED_MACOSX_DEPLOYMENT_TARGET\=11.0
    export RECURSIVE_SEARCH_PATHS_FOLLOW_SYMLINKS\=YES
    export REMOVE_CVS_FROM_RESOURCES\=YES
    export REMOVE_GIT_FROM_RESOURCES\=YES
    export REMOVE_HEADERS_FROM_EMBEDDED_BUNDLES\=YES
    export REMOVE_HG_FROM_RESOURCES\=YES
    export REMOVE_STATIC_EXECUTABLES_FROM_EMBEDDED_BUNDLES\=YES
    export REMOVE_SVN_FROM_RESOURCES\=YES
    export RESCHEDULE_INDEPENDENT_HEADERS_PHASES\=YES
    export REZ_COLLECTOR_DIR\=/tmp/rr-m4-task003-unit/Build/Intermediates.noindex/ResourceRunner.build/Debug/ResourceRunnerUITests.build/ResourceManagerResources
    export REZ_OBJECTS_DIR\=/tmp/rr-m4-task003-unit/Build/Intermediates.noindex/ResourceRunner.build/Debug/ResourceRunnerUITests.build/ResourceManagerResources/Objects
    export REZ_SEARCH_PATHS\=/tmp/rr-m4-task003-unit/Build/Products/Debug\ 
    export RPATH_ORIGIN\=@loader_path
    export RUNTIME_EXCEPTION_ALLOW_DYLD_ENVIRONMENT_VARIABLES\=NO
    export RUNTIME_EXCEPTION_ALLOW_JIT\=NO
    export RUNTIME_EXCEPTION_ALLOW_UNSIGNED_EXECUTABLE_MEMORY\=NO
    export RUNTIME_EXCEPTION_DEBUGGING_TOOL\=NO
    export RUNTIME_EXCEPTION_DISABLE_EXECUTABLE_PAGE_PROTECTION\=NO
    export RUNTIME_EXCEPTION_DISABLE_LIBRARY_VALIDATION\=NO
    export SCANNING_PCM_KEEP_CACHE_DIRECTORY\=YES
    export SCAN_ALL_SOURCE_FILES_FOR_INCLUDES\=NO
    export SCRIPTS_FOLDER_PATH\=ResourceRunnerUITests.xctest/Contents/Resources/Scripts
    export SCRIPT_INPUT_FILE_0\=/Users/zipkero/XcodeProjects/ResourceRunner/ResourceRunnerUITests/ExpansionProcessFixture.cfixture
    export SCRIPT_INPUT_FILE_COUNT\=1
    export SCRIPT_INPUT_FILE_LIST_COUNT\=0
    export SCRIPT_OUTPUT_FILE_0\=/tmp/rr-m4-task003-unit/Build/Products/Debug/ResourceRunnerExpansionFixture
    export SCRIPT_OUTPUT_FILE_COUNT\=1
    export SCRIPT_OUTPUT_FILE_LIST_COUNT\=0
    export SDKROOT\=/Applications/Xcode.app/Contents/Developer/Platforms/MacOSX.platform/Developer/SDKs/MacOSX26.5.sdk
    export SDK_DIR\=/Applications/Xcode.app/Contents/Developer/Platforms/MacOSX.platform/Developer/SDKs/MacOSX26.5.sdk
    export SDK_DIR_macosx\=/Applications/Xcode.app/Contents/Developer/Platforms/MacOSX.platform/Developer/SDKs/MacOSX26.5.sdk
    export SDK_DIR_macosx26_5\=/Applications/Xcode.app/Contents/Developer/Platforms/MacOSX.platform/Developer/SDKs/MacOSX26.5.sdk
    export SDK_NAME\=macosx26.5
    export SDK_NAMES\=macosx26.5
    export SDK_PRODUCT_BUILD_VERSION\=25F70
    export SDK_STAT_CACHE_DIR\=/tmp/rr-m4-task003-unit
    export SDK_STAT_CACHE_ENABLE\=YES
    export SDK_STAT_CACHE_PATH\=/tmp/rr-m4-task003-unit/SDKStatCaches.noindex/macosx26.5-25F70-e082c4a02f00227109f4ed75e425c832.sdkstatcache
    export SDK_VERSION\=26.5
    export SDK_VERSION_ACTUAL\=260500
    export SDK_VERSION_MAJOR\=260000
    export SDK_VERSION_MINOR\=260500
    export SED\=/usr/bin/sed
    export SEPARATE_STRIP\=NO
    export SEPARATE_SYMBOL_EDIT\=NO
    export SET_DIR_MODE_OWNER_GROUP\=YES
    export SET_FILE_MODE_OWNER_GROUP\=NO
    export SHALLOW_BUNDLE\=NO
    export SHALLOW_BUNDLE_PLATFORM\=NO
    export SHALLOW_BUNDLE_TRIPLE\=macos
    export SHALLOW_BUNDLE_ios_macabi\=NO
    export SHALLOW_BUNDLE_macos\=NO
    export SHARED_DERIVED_FILE_DIR\=/tmp/rr-m4-task003-unit/Build/Products/Debug/DerivedSources
    export SHARED_FRAMEWORKS_FOLDER_PATH\=ResourceRunnerUITests.xctest/Contents/SharedFrameworks
    export SHARED_PRECOMPS_DIR\=/tmp/rr-m4-task003-unit/Build/Intermediates.noindex/PrecompiledHeaders
    export SHARED_SUPPORT_FOLDER_PATH\=ResourceRunnerUITests.xctest/Contents/SharedSupport
    export SKIP_INSTALL\=YES
    export SKIP_MERGEABLE_LIBRARY_BUNDLE_HOOK\=NO
    export SOURCE_ROOT\=/Users/zipkero/XcodeProjects/ResourceRunner
    export SRCROOT\=/Users/zipkero/XcodeProjects/ResourceRunner
    export STRINGSDATA_DIR\=/tmp/rr-m4-task003-unit/Build/Intermediates.noindex/ResourceRunner.build/Debug/ResourceRunnerUITests.build/Objects-normal/undefined_arch
    export STRINGSDATA_ROOT\=/tmp/rr-m4-task003-unit/Build/Intermediates.noindex/ResourceRunner.build/Debug/ResourceRunnerUITests.build
    export STRINGS_FILE_INFOPLIST_RENAME\=YES
    export STRINGS_FILE_OUTPUT_ENCODING\=UTF-16
    export STRING_CATALOG_GENERATE_SYMBOLS\=NO
    export STRIP_BITCODE_FROM_COPIED_FILES\=NO
    export STRIP_INSTALLED_PRODUCT\=NO
    export STRIP_PNG_TEXT\=NO
    export STRIP_STYLE\=non-global
    export STRIP_SWIFT_SYMBOLS\=YES
    export SUPPORTED_PLATFORMS\=macosx
    export SUPPORTS_TEXT_BASED_API\=NO
    export SUPPRESS_WARNINGS\=NO
    export SWIFT_ACTIVE_COMPILATION_CONDITIONS\=DEBUG\ 
    export SWIFT_APPROACHABLE_CONCURRENCY\=YES
    export SWIFT_EMIT_CONST_VALUE_PROTOCOLS\=AnyResolverProviding\ AppEntity\ AppEnum\ AppExtension\ AppIntent\ AppIntentsPackage\ AppShortcutProviding\ AppShortcutsProvider\ AppUnionValue\ AppUnionValueCasesProviding\ DynamicOptionsProvider\ EntityQuery\ ExtensionPointDefining\ IntentValueQuery\ Resolver\ TransientEntity\ _AssistantIntentsProvider\ _GenerativeFunctionExtractable\ _IntentValueRepresentable
    export SWIFT_EMIT_LOC_STRINGS\=NO
    export SWIFT_ENABLE_EXPLICIT_MODULES\=YES
    export SWIFT_OPTIMIZATION_LEVEL\=-Onone
    export SWIFT_PLATFORM_TARGET_PREFIX\=macos
    export SWIFT_RESPONSE_FILE_PATH_normal_arm64\=/tmp/rr-m4-task003-unit/Build/Intermediates.noindex/ResourceRunner.build/Debug/ResourceRunnerUITests.build/Objects-normal/arm64/ResourceRunnerUITests.SwiftFileList
    export SWIFT_UPCOMING_FEATURE_MEMBER_IMPORT_VISIBILITY\=YES
    export SWIFT_VERSION\=5.0
    export SYMROOT\=/tmp/rr-m4-task003-unit/Build/Products
    export SYSTEM_ADMIN_APPS_DIR\=/Applications/Utilities
    export SYSTEM_APPS_DIR\=/Applications
    export SYSTEM_CORE_SERVICES_DIR\=/System/Library/CoreServices
    export SYSTEM_DEMOS_DIR\=/Applications/Extras
    export SYSTEM_DEVELOPER_APPS_DIR\=/Applications/Xcode.app/Contents/Developer/Applications
    export SYSTEM_DEVELOPER_BIN_DIR\=/Applications/Xcode.app/Contents/Developer/usr/bin
    export SYSTEM_DEVELOPER_DEMOS_DIR\=/Applications/Xcode.app/Contents/Developer/Applications/Utilities/Built\ Examples
    export SYSTEM_DEVELOPER_DIR\=/Applications/Xcode.app/Contents/Developer
    export SYSTEM_DEVELOPER_DOC_DIR\=/Applications/Xcode.app/Contents/Developer/ADC\ Reference\ Library
    export SYSTEM_DEVELOPER_GRAPHICS_TOOLS_DIR\=/Applications/Xcode.app/Contents/Developer/Applications/Graphics\ Tools
    export SYSTEM_DEVELOPER_JAVA_TOOLS_DIR\=/Applications/Xcode.app/Contents/Developer/Applications/Java\ Tools
    export SYSTEM_DEVELOPER_PERFORMANCE_TOOLS_DIR\=/Applications/Xcode.app/Contents/Developer/Applications/Performance\ Tools
    export SYSTEM_DEVELOPER_RELEASENOTES_DIR\=/Applications/Xcode.app/Contents/Developer/ADC\ Reference\ Library/releasenotes
    export SYSTEM_DEVELOPER_TOOLS\=/Applications/Xcode.app/Contents/Developer/Tools
    export SYSTEM_DEVELOPER_TOOLS_DOC_DIR\=/Applications/Xcode.app/Contents/Developer/ADC\ Reference\ Library/documentation/DeveloperTools
    export SYSTEM_DEVELOPER_TOOLS_RELEASENOTES_DIR\=/Applications/Xcode.app/Contents/Developer/ADC\ Reference\ Library/releasenotes/DeveloperTools
    export SYSTEM_DEVELOPER_USR_DIR\=/Applications/Xcode.app/Contents/Developer/usr
    export SYSTEM_DEVELOPER_UTILITIES_DIR\=/Applications/Xcode.app/Contents/Developer/Applications/Utilities
    export SYSTEM_DEXT_INSTALL_PATH\=/System/Library/DriverExtensions
    export SYSTEM_DOCUMENTATION_DIR\=/Library/Documentation
    export SYSTEM_EXTENSIONS_FOLDER_PATH\=ResourceRunnerUITests.xctest/Contents/Library/SystemExtensions
    export SYSTEM_EXTENSIONS_FOLDER_PATH_SHALLOW_BUNDLE_NO\=ResourceRunnerUITests.xctest/Contents/Library/SystemExtensions
    export SYSTEM_EXTENSIONS_FOLDER_PATH_SHALLOW_BUNDLE_YES\=ResourceRunnerUITests.xctest/Contents/SystemExtensions
    export SYSTEM_FRAMEWORK_SEARCH_PATHS\=\ \ /Applications/Xcode.app/Contents/Developer/Platforms/MacOSX.platform/Developer/Library/Frameworks
    export SYSTEM_KEXT_INSTALL_PATH\=/System/Library/Extensions
    export SYSTEM_LIBRARY_DIR\=/System/Library
    export TAPI_DEMANGLE\=YES
    export TAPI_ENABLE_PROJECT_HEADERS\=NO
    export TAPI_LANGUAGE\=objective-c
    export TAPI_LANGUAGE_STANDARD\=compiler-default
    export TAPI_USE_SRCROOT\=YES
    export TAPI_VERIFY_MODE\=Pedantic
    export TARGETNAME\=ResourceRunnerUITests
    export TARGET_BUILD_DIR\=/tmp/rr-m4-task003-unit/Build/Products/Debug/ResourceRunnerUITests-Runner.app/Contents/PlugIns
    export TARGET_BUILD_SUBPATH\=/ResourceRunnerUITests-Runner.app/Contents/PlugIns
    export TARGET_NAME\=ResourceRunnerUITests
    export TARGET_TEMP_DIR\=/tmp/rr-m4-task003-unit/Build/Intermediates.noindex/ResourceRunner.build/Debug/ResourceRunnerUITests.build
    export TEMP_DIR\=/tmp/rr-m4-task003-unit/Build/Intermediates.noindex/ResourceRunner.build/Debug/ResourceRunnerUITests.build
    export TEMP_FILES_DIR\=/tmp/rr-m4-task003-unit/Build/Intermediates.noindex/ResourceRunner.build/Debug/ResourceRunnerUITests.build
    export TEMP_FILE_DIR\=/tmp/rr-m4-task003-unit/Build/Intermediates.noindex/ResourceRunner.build/Debug/ResourceRunnerUITests.build
    export TEMP_ROOT\=/tmp/rr-m4-task003-unit/Build/Intermediates.noindex
    export TEMP_SANDBOX_DIR\=/tmp/rr-m4-task003-unit/Build/Intermediates.noindex/TemporaryTaskSandboxes
    export TESTING_FRAMEWORK_MODULE_ALIAS_FLAGS\=-module-alias\ Testing\=_Testing_Unavailable
    export TEST_FRAMEWORK_SEARCH_PATHS\=\ /Applications/Xcode.app/Contents/Developer/Platforms/MacOSX.platform/Developer/Library/Frameworks
    export TEST_LIBRARY_SEARCH_PATHS\=\ /Applications/Xcode.app/Contents/Developer/Platforms/MacOSX.platform/Developer/usr/lib
    export TEST_TARGET_NAME\=ResourceRunner
    export TOOLCHAINS\=com.apple.dt.toolchain.XcodeDefault
    export TOOLCHAIN_DIR\=/Applications/Xcode.app/Contents/Developer/Toolchains/XcodeDefault.xctoolchain
    export TREAT_MISSING_BASELINES_AS_TEST_FAILURES\=NO
    export TREAT_MISSING_SCRIPT_PHASE_OUTPUTS_AS_ERRORS\=NO
    export UID\=501
    export UNINSTALLED_PRODUCTS_DIR\=/tmp/rr-m4-task003-unit/Build/Intermediates.noindex/UninstalledProducts
    export UNLOCALIZED_RESOURCES_FOLDER_PATH\=ResourceRunnerUITests.xctest/Contents/Resources
    export UNLOCALIZED_RESOURCES_FOLDER_PATH_SHALLOW_BUNDLE_NO\=ResourceRunnerUITests.xctest/Contents/Resources
    export UNLOCALIZED_RESOURCES_FOLDER_PATH_SHALLOW_BUNDLE_YES\=ResourceRunnerUITests.xctest/Contents
    export UNSTRIPPED_PRODUCT\=NO
    export USER\=zipkero
    export USER_APPS_DIR\=/Users/zipkero/Applications
    export USER_LIBRARY_DIR\=/Users/zipkero/Library
    export USES_XCTRUNNER\=YES
    export USE_DYNAMIC_NO_PIC\=YES
    export USE_HEADERMAP\=YES
    export USE_HEADER_SYMLINKS\=NO
    export VALIDATE_DEVELOPMENT_ASSET_PATHS\=YES_ERROR
    export VALIDATE_PRODUCT\=NO
    export VALID_ARCHS\=arm64\ arm64e\ i386\ x86_64
    export VERBOSE_PBXCP\=NO
    export VERSIONPLIST_PATH\=ResourceRunnerUITests.xctest/Contents/version.plist
    export VERSION_INFO_BUILDER\=zipkero
    export VERSION_INFO_FILE\=ResourceRunnerUITests_vers.c
    export VERSION_INFO_STRING\=\"@\(\#\)PROGRAM:ResourceRunnerUITests\ \ PROJECT:ResourceRunner-1\"
    export WORKSPACE_DIR\=/Users/zipkero/XcodeProjects/ResourceRunner/ResourceRunner.xcodeproj
    export WRAPPER_EXTENSION\=xctest
    export WRAPPER_NAME\=ResourceRunnerUITests.xctest
    export WRAPPER_SUFFIX\=.xctest
    export WRAP_ASSET_PACKS_IN_SEPARATE_DIRECTORIES\=NO
    export XCODE_APP_SUPPORT_DIR\=/Applications/Xcode.app/Contents/Developer/Library/Xcode
    export XCODE_PRODUCT_BUILD_VERSION\=17F113
    export XCODE_VERSION_ACTUAL\=2660
    export XCODE_VERSION_MAJOR\=2600
    export XCODE_VERSION_MINOR\=2660
    export XCTRUNNER_PRODUCT_NAME\=ResourceRunnerUITests-Runner.app
    export XPCSERVICES_FOLDER_PATH\=ResourceRunnerUITests.xctest/Contents/XPCServices
    export YACC\=yacc
    export _BOOL_\=NO
    export _BOOL_NO\=NO
    export _BOOL_YES\=YES
    export _DEVELOPMENT_TEAM_IS_EMPTY\=YES
    export _DISCOVER_COMMAND_LINE_LINKER_INPUTS\=YES
    export _DISCOVER_COMMAND_LINE_LINKER_INPUTS_INCLUDE_WL\=YES
    export _IS_EMPTY_\=YES
    export _LD_MULTIARCH\=YES
    export _MACOSX_DEPLOYMENT_TARGET_IS_EMPTY\=NO
    export _WRAPPER_CONTENTS_DIR\=/Contents
    export _WRAPPER_CONTENTS_DIR_SHALLOW_BUNDLE_NO\=/Contents
    export _WRAPPER_PARENT_PATH\=/..
    export _WRAPPER_PARENT_PATH_SHALLOW_BUNDLE_NO\=/..
    export _WRAPPER_RESOURCES_DIR\=/Resources
    export _WRAPPER_RESOURCES_DIR_SHALLOW_BUNDLE_NO\=/Resources
    export __DIAGNOSE_DEPRECATED_ARCHS\=YES
    export __IS_NOT_MACOS\=NO
    export __IS_NOT_MACOS_macosx\=NO
    export __ORIGINAL_SDK_DEFINED_LLVM_TARGET_TRIPLE_SYS\=macos
    export arch\=undefined_arch
    export variant\=normal
    /bin/sh -c /tmp/rr-m4-task003-unit/Build/Intermediates.noindex/ResourceRunner.build/Debug/ResourceRunnerUITests.build/Script-E20000000000000000000001.sh
/tmp/rr-m4-task003-unit/Build/Products/Debug/ResourceRunnerExpansionFixture/expansion-fixture-312c30fb-2187-4e28-8a3f-18423a33d465: replacing existing signature

CopySwiftLibs /tmp/rr-m4-task003-unit/Build/Products/Debug/ResourceRunnerUITests-Runner.app/Contents/PlugIns/ResourceRunnerUITests.xctest (in target 'ResourceRunnerUITests' from project 'ResourceRunner')
    cd /Users/zipkero/XcodeProjects/ResourceRunner
    builtin-swiftStdLibTool --copy --verbose --sign - --scan-executable /tmp/rr-m4-task003-unit/Build/Products/Debug/ResourceRunnerUITests-Runner.app/Contents/PlugIns/ResourceRunnerUITests.xctest/Contents/MacOS/ResourceRunnerUITests --scan-folder /tmp/rr-m4-task003-unit/Build/Products/Debug/ResourceRunnerUITests-Runner.app/Contents/PlugIns/ResourceRunnerUITests.xctest/Contents/Frameworks --scan-folder /tmp/rr-m4-task003-unit/Build/Products/Debug/ResourceRunnerUITests-Runner.app/Contents/PlugIns/ResourceRunnerUITests.xctest/Contents/PlugIns --scan-folder /tmp/rr-m4-task003-unit/Build/Products/Debug/ResourceRunnerUITests-Runner.app/Contents/PlugIns/ResourceRunnerUITests.xctest/Contents/Library/SystemExtensions --scan-folder /tmp/rr-m4-task003-unit/Build/Products/Debug/ResourceRunnerUITests-Runner.app/Contents/PlugIns/ResourceRunnerUITests.xctest/Contents/Extensions --platform macosx --toolchain /Applications/Xcode.app/Contents/Developer/Toolchains/XcodeDefault.xctoolchain --destination /tmp/rr-m4-task003-unit/Build/Products/Debug/ResourceRunnerUITests-Runner.app/Contents/PlugIns/ResourceRunnerUITests.xctest/Contents/Frameworks --strip-bitcode --scan-executable /Applications/Xcode.app/Contents/Developer/Platforms/MacOSX.platform/Developer/usr/lib/libXCTestSwiftSupport.dylib --strip-bitcode-tool /Applications/Xcode.app/Contents/Developer/Toolchains/XcodeDefault.xctoolchain/usr/bin/bitcode_strip --emit-dependency-info /tmp/rr-m4-task003-unit/Build/Intermediates.noindex/ResourceRunner.build/Debug/ResourceRunnerUITests.build/SwiftStdLibToolInputDependencies.dep --filter-for-swift-os

2026-10-03 21:52:14.732736+0900 ResourceRunner[6388:50896132] [Connection] Unable to get synchronousRemoteObjectProxy, error: Error Domain=NSCocoaErrorDomain Code=4097 "connection to service named com.apple.linkd.autoShortcut" UserInfo={NSDebugDescription=connection to service named com.apple.linkd.autoShortcut}
2026-10-03 21:52:14.732945+0900 ResourceRunner[6388:50896132] [Application] Error registering app with intents framework: Error Domain=NSCocoaErrorDomain Code=4097 "connection to service named com.apple.linkd.autoShortcut" UserInfo={NSDebugDescription=connection to service named com.apple.linkd.autoShortcut}
2026-10-03 21:52:14.734497+0900 ResourceRunner[6388:50896140] [Connection] Unable to get synchronousRemoteObjectProxy, error: Error Domain=NSCocoaErrorDomain Code=4097 "connection to service named com.apple.linkd.autoShortcut" UserInfo={NSDebugDescription=connection to service named com.apple.linkd.autoShortcut}
2026-10-03 21:52:14.734514+0900 ResourceRunner[6388:50896140] [Connection] Unable to re-register with Process Instance Registry, error: Error Domain=NSCocoaErrorDomain Code=4097 "connection to service named com.apple.linkd.autoShortcut" UserInfo={NSDebugDescription=connection to service named com.apple.linkd.autoShortcut}
2026-10-03 21:52:14.736175+0900 ResourceRunner[6388:50896131] [Connection] Unable to get synchronousRemoteObjectProxy, error: Error Domain=NSCocoaErrorDomain Code=4097 "connection to service named com.apple.linkd.autoShortcut" UserInfo={NSDebugDescription=connection to service named com.apple.linkd.autoShortcut}
2026-10-03 21:52:14.736192+0900 ResourceRunner[6388:50896131] [Connection] Unable to re-register with Process Instance Registry, error: Error Domain=NSCocoaErrorDomain Code=4097 "connection to service named com.apple.linkd.autoShortcut" UserInfo={NSDebugDescription=connection to service named com.apple.linkd.autoShortcut}
2026-10-03 21:52:14.737915+0900 ResourceRunner[6388:50896131] [Connection] Will NOT re-try to establish the connection
2026-10-03 21:52:14.737946+0900 ResourceRunner[6388:50896132] [Connection] Unable to get synchronousRemoteObjectProxy, error: Error Domain=NSCocoaErrorDomain Code=4097 "connection to service named com.apple.linkd.autoShortcut" UserInfo={NSDebugDescription=connection to service named com.apple.linkd.autoShortcut}
2026-10-03 21:52:14.737964+0900 ResourceRunner[6388:50896132] [Connection] Unable to re-register with Process Instance Registry, error: Error Domain=NSCocoaErrorDomain Code=4097 "connection to service named com.apple.linkd.autoShortcut" UserInfo={NSDebugDescription=connection to service named com.apple.linkd.autoShortcut}
2026-10-03 21:52:14.804310+0900 ResourceRunner[6388:50896115] [TopologyObserver] registered network=true workspaceTokens=3
2026-10-03 21:52:14.805156+0900 ResourceRunner[6388:50896115] [SystemLifecycle] initial snapshot: SystemLifecycleSnapshot(revision: 0, lowPowerMode: false, screenLockState: ResourceRunner.ScreenLockState.locked, displayAsleep: false, sessionActive: true, systemAsleep: false, boundarySequence: 0)
2026-10-03 21:52:14.807112+0900 ResourceRunner[6388:50896115] [General] Accessibility: Not vending elements because elementWindow(25) is lower than shield(2001)
2026-10-03 21:52:14.810546+0900 ResourceRunner[6388:50896166] [MonitoringScheduler] apply axis=NetworkActivitySource schedule=paused generation=1 collectionEpoch=0 appendedTotal=0
2026-10-03 21:52:14.810566+0900 ResourceRunner[6388:50896140] [MonitoringScheduler] apply axis=SystemMetricsSampleSource schedule=paused generation=1 collectionEpoch=0 appendedTotal=0
2026-10-03 21:52:14.810575+0900 ResourceRunner[6388:50896131] [MonitoringScheduler] apply axis=DiskActivitySource schedule=paused generation=1 collectionEpoch=0 appendedTotal=0
2026-10-03 21:52:14.810581+0900 ResourceRunner[6388:50896164] [MonitoringScheduler] apply axis=ProcessSurveySampleSource schedule=paused generation=1 collectionEpoch=0 appendedTotal=0
2026-10-03 21:52:14.810602+0900 ResourceRunner[6388:50896163] [AuxiliaryScheduler] apply axis=storageMetadata schedule=paused epoch=0
2026-10-03 21:52:14.810609+0900 ResourceRunner[6388:50896162] [AuxiliaryScheduler] apply axis=networkMetadata schedule=paused epoch=0
2026-10-03 21:52:14.815367+0900 ResourceRunner[6388:50896115] [WarnOnce] It's not legal to call -layoutSubtreeIfNeeded on a view which is already being laid out.  If you are implementing the view's -layout method, you can call -[super layout] instead.  Break on void _NSDetectedLayoutRecursion(void) to debug.  This will be logged only once.  This may break in the future.
Test Suite 'Selected tests' started at 2026-10-03 21:52:14.872.
Test Suite 'ResourceRunnerTests.xctest' started at 2026-10-03 21:52:14.872.
Test Suite 'ResourceRunnerTests.xctest' passed at 2026-10-03 21:52:14.872.
	 Executed 0 tests, with 0 failures (0 unexpected) in 0.000 (0.000) seconds
Test Suite 'Selected tests' passed at 2026-10-03 21:52:14.872.
	 Executed 0 tests, with 0 failures (0 unexpected) in 0.000 (0.001) seconds
◇ Test run started.
↳ Testing Library Version: 1902
↳ Target Platform: arm64e-apple-macos14.0
◇ Suite DiskActivityTests started.
◇ Test tenSecondContextUsesActualTwentySecondBoundary() started.
✔ Test tenSecondContextUsesActualTwentySecondBoundary() passed after 0.001 seconds.
◇ Test realReadTimeAndFiveToOneSecondChangeKeepBytesAndOperationsBaseline() started.
✔ Test realReadTimeAndFiveToOneSecondChangeKeepBytesAndOperationsBaseline() passed after 0.001 seconds.
◇ Test multiplePhysicalDriversCountOnceWhileVirtualAndAPFSDoNotAddTraffic() started.
✔ Test multiplePhysicalDriversCountOnceWhileVirtualAndAPFSDoNotAddTraffic() passed after 0.001 seconds.
◇ Test requiredBytesMissingIsPartialAndOperationsUnsupportedDoesNotBlockBytes() started.
✔ Test requiredBytesMissingIsPartialAndOperationsUnsupportedDoesNotBlockBytes() passed after 0.001 seconds.
◇ Test newlyMissingRequiredBytesRemainPartialEvenWhenBaselineSetChanges() started.
✔ Test newlyMissingRequiredBytesRemainPartialEvenWhenBaselineSetChanges() passed after 0.001 seconds.
◇ Test optionalOperationsResetDropsOnlyIOPSForThatInterval() started.
✔ Test optionalOperationsResetDropsOnlyIOPSForThatInterval() passed after 0.001 seconds.
◇ Test zeroDeltaIsMeasuredZeroRatherThanNoDeviceOrMissingSample() started.
✔ Test zeroDeltaIsMeasuredZeroRatherThanNoDeviceOrMissingSample() passed after 0.001 seconds.
◇ Test allContinuityGapsAndFailureRestartHaveNoRate() started.
✔ Test allContinuityGapsAndFailureRestartHaveNoRate() passed after 0.001 seconds.
◇ Test epochIdReplacementRemovalAndShortNotificationsBreakContinuity() started.
✔ Test epochIdReplacementRemovalAndShortNotificationsBreakContinuity() passed after 0.006 seconds.
◇ Test historyHas601ValidPairsAnd600SecondMovingWindowWithShortGap() started.
✔ Test historyHas601ValidPairsAnd600SecondMovingWindowWithShortGap() passed after 0.047 seconds.
◇ Test halfSecondHistoryRetainsBothWindowEndpointsWithBoundedRing() started.
✔ Test halfSecondHistoryRetainsBothWindowEndpointsWithBoundedRing() passed after 0.157 seconds.
◇ Test briefFailureAndRecoveryCreateDistinctStoredRateSegmentsWithoutZeroPoints() started.
✔ Test briefFailureAndRecoveryCreateDistinctStoredRateSegmentsWithoutZeroPoints() passed after 0.001 seconds.
◇ Test sourceAndStoreRejectBoundaryOrTopologyChangedDuringSuspension() started.
✔ Test sourceAndStoreRejectBoundaryOrTopologyChangedDuringSuspension() passed after 0.001 seconds.
◇ Test lateBoundaryRejectsSourceBaselineAndStoreHistory() started.
✔ Test lateBoundaryRejectsSourceBaselineAndStoreHistory() passed after 0.001 seconds.
✔ Suite DiskActivityTests passed after 0.213 seconds.
◇ Suite HistoryCapacityTests started.
◇ Test computesCapacityForDefaultTenMinuteRange(samplingInterval:expectedCapacity:) started.
◇ Test case passing 2 arguments samplingInterval → 1.0 seconds, expectedCapacity → 600 to computesCapacityForDefaultTenMinuteRange(samplingInterval:expectedCapacity:) started.
​◇ Test case passing 2 arguments samplingInterval → 2.0 seconds, expectedCapacity → 300 to computesCapacityForDefaultTenMinuteRange(samplingInterval:expectedCapacity:) started.
​◇ Test case passing 2 arguments samplingInterval → 5.0 seconds, expectedCapacity → 120 to computesCapacityForDefaultTenMinuteRange(samplingInterval:expectedCapacity:) started.
​✔ Test computesCapacityForDefaultTenMinuteRange(samplingInterval:expectedCapacity:) with 3 test cases passed after 0.001 seconds.
◇ Test roundsUpWhenRangeDoesNotDivideEvenly() started.
✔ Test roundsUpWhenRangeDoesNotDivideEvenly() passed after 0.001 seconds.
◇ Test resultIsAlwaysAtLeastOne(timeRange:samplingInterval:) started.
◇ Test case passing 2 arguments timeRange → 1.0 seconds, samplingInterval → 600.0 seconds to resultIsAlwaysAtLeastOne(timeRange:samplingInterval:) started.
​◇ Test case passing 2 arguments timeRange → 0.0 seconds, samplingInterval → 1.0 seconds to resultIsAlwaysAtLeastOne(timeRange:samplingInterval:) started.
​◇ Test case passing 2 arguments timeRange → -10.0 seconds, samplingInterval → 1.0 seconds to resultIsAlwaysAtLeastOne(timeRange:samplingInterval:) started.
​✔ Test resultIsAlwaysAtLeastOne(timeRange:samplingInterval:) with 3 test cases passed after 0.001 seconds.
✔ Suite HistoryCapacityTests passed after 0.001 seconds.
◇ Suite CircularBufferTests started.
◇ Test emptyBufferReturnsEmptyElements() started.
✔ Test emptyBufferReturnsEmptyElements() passed after 0.001 seconds.
◇ Test firstSampleBecomesTheOnlyCurrentElement() started.
✔ Test firstSampleBecomesTheOnlyCurrentElement() passed after 0.001 seconds.
◇ Test appendJustBelowCapacityKeepsAllElementsInOrder() started.
✔ Test appendJustBelowCapacityKeepsAllElementsInOrder() passed after 0.001 seconds.
◇ Test appendAtCapacityKeepsAllElementsInOrderWithoutEviction() started.
✔ Test appendAtCapacityKeepsAllElementsInOrderWithoutEviction() passed after 0.001 seconds.
◇ Test appendBeyondCapacityReplacesOnlyTheOldestElement() started.
✔ Test appendBeyondCapacityReplacesOnlyTheOldestElement() passed after 0.001 seconds.
◇ Test consecutiveOverflowsPreserveOldestFirstOrderAcrossWrapAround() started.
✔ Test consecutiveOverflowsPreserveOldestFirstOrderAcrossWrapAround() passed after 0.001 seconds.
◇ Test readingAcrossWrapAroundBoundaryStaysOldestFirst() started.
✔ Test readingAcrossWrapAroundBoundaryStaysOldestFirst() passed after 0.001 seconds.
✔ Suite CircularBufferTests passed after 0.001 seconds.
◇ Suite MonitoringSampleStoreTests started.
◇ Test pointsKeepTheirIssuedGapAndCPUFailureBoundary() started.
2026-10-03 21:52:15.100074+0900 ResourceRunner[6388:50896162] [MonitoringSampleStore] first valid history point collectionEpoch=0 history=1
2026-10-03 21:52:15.100089+0900 ResourceRunner[6388:50896162] [MonitoringSampleStore] history=1 capacity=1203
2026-10-03 21:52:15.100094+0900 ResourceRunner[6388:50896162] [MonitoringSampleStore] history=1 capacity=1203
2026-10-03 21:52:15.100099+0900 ResourceRunner[6388:50896132] [MonitoringSampleStore] history=2 capacity=1203
✔ Test pointsKeepTheirIssuedGapAndCPUFailureBoundary() passed after 0.001 seconds.
◇ Test shortStopPreservesDistinctEpochsWithoutAddingABaselinePoint() started.
2026-10-03 21:52:15.100217+0900 ResourceRunner[6388:50896132] [MonitoringSampleStore] first valid history point collectionEpoch=0 history=1
2026-10-03 21:52:15.100224+0900 ResourceRunner[6388:50896162] [MonitoringSampleStore] history=1 capacity=1203
2026-10-03 21:52:15.100225+0900 ResourceRunner[6388:50896132] [MonitoringSampleStore] history=1 capac✔ Test shortStopPreservesDistinctEpochsWithoutAddingABaselinePoint() passed after 0.001 seconds.
ity=1203
2026-10-03 21:52:15.100244+0900 ResourceRunner[6388:50896140] [MonitoringSampleStore] first valid history point collectionEpoch=1 history=2
2026-10-03 21:52:15.100249+0900 ResourceRunner[6388:50896163] [MonitoringSampleStore] history=2 capacity=1203
◇ Test historySurvivesSamplingIntervalChanges() started.
2026-10-03 21:52:15.100538+0900 ResourceRunner[6388:50896132] [MonitoringSampleStore] first valid history point collectionEpoch=0 history=1
2026-10-03 21:52:15.100546+0900 ResourceRunner[6388:50896132] [MonitoringSampleStore] history=2 capacity=1203
2026-10-03 21:52:15.100546+0900 ResourceRunner[6388:50896165] [MonitoringSampleStore] history=1 capacity=1203
2026-10-03 21:52:15.100551+0900 ResourceRunner[6388:50896132] [MonitoringSampleStore] history=3 capacity=1203
2026-10-03 21:52:15.100553+0900 ResourceRunner[6388:50896165] [MonitoringSampleStore] history=4 cap2026-10-03 21:52:15.100560+0900 ResourceRunner[6388:50896132] [MonitoringSampleStore] history=6 capacity=1203
2026-10-03 21:52:15.100561+0900 ResourceRunner[6388:50896161] [MonitoringSampleStore] history=5 capacity=1203
2026-10-03 21:52:15.100568+0900 ResourceRunner[6388:50896140] [MonitoringSampleStore] history=7 capacity=1203
2026-10-03 21:52:15.100829+0900 ResourceRunner[6388:50896132] [MonitoringSampleStore] history=16 capacity=1203
2026-10-03 21:52:15.100830+0900 ResourceRunner[6388:50896140] [MonitoringSampleStore] history=17 capacity=1203
2026-10-03 21:52:15.100830+0900 ResourceRunner[6388:50896161] [MonitoringSampleStore] history=18 capacity=1203
2026-10-03 21:52:15.100835+0900 ResourceRunner[6388:50896132] [MonitoringSampleStore] history=19 capacity=1203
2026-10-03 21:52:15.100835+0900 ResourceRunner[6388:50896140] [MonitoringSampleStore] history=20 capacity=1203
2026-10-03 21:52:15.100838+0900 ResourceRunner[6388:50896132] [MonitoringSampleStore] history=22 capacity=1203
2026-10-03 21:52:15.100576+02026-10-03 21:52:15.100588+0900 ResourceRunner[6388:50896166] [MonitoringSampleStore] history=9 capacity=1203
2026-10-03 21:52:15.100841+0900 ResourceRunner[6388:50896140] [MonitoringSampleStore] history=23 capacity=1203
2026-10-03 21:52:15.100841+0900 ResourceRunner[6388:50896132] [MonitoringSampleStore] history=24 capacity=1203
2026-10-03 21:52:15.100596+0900 ResourceRunner[6388:50896131] [MonitoringSampleStore] history=10 capacity=1203
2026-10-03 21:52:15.101512+0900 ResourceRunner[6388:50896166] [MonitoringSampleStore] history=26 capacity=1203
2026-10-03 21:52:15.101514+0900 ResourceRunner[6388:50896140] [MonitoringSampleStore] history=27 capacity=1203
2026-10-03 21:52:15.101515+0900 ResourceRunner[6388:50896131] [MonitoringSampleStore] history=28 capacity=1203
2026-10-03 21:52:15.101517+0900 ResourceRunner[6388:50896166] [MonitoringSampleStore] history=30 capacity=1203
2026-10-03 21:52:15.101519+0900 ResourceRunner[6388:50896140] [MonitoringSampleStore] history=31 capacity=1203
2026-10-03 21:52:15.1015202026-10-03 21:52:15.101523+0900 ResourceRunner[6388:50896140] [MonitoringSampleStore] history=34 capacity=1203
2026-10-03 21:52:15.101517+0900 ResourceRunner[6388:50896132] [MonitoringSampleStore] history=29 capacity=1203
2026-10-03 21:52:15.100611+0900 ResourceRunner[6388:50896183] [MonitoringSampleStore] history=11 capacity=1203
+0900 ResourceRunner[6388:50896131] [MonitoringSampleStore] history=32 capacity=1203
2026-10-03 21:52:15.100631+0900 ResourceRunner[6388:50896184] [MonitoringSampleStore] history=12 capacity=1203
2026-10-03 21:52:15.100648+0900 ResourceRunner[6388:50896201] [MonitoringSampleStore] history=13 capacity=1203
2026-10-03 21:52:15.127922+0900 ResourceRunner[6388:50896131] [MonitoringSampleStore] history=37 capacity=1203
2026-10-03 21:52:15.127924+0900 ResourceRunner[6388:50896184] [MonitoringSampleStore] history=38 capacity=1203
2026-10-03 21:52:15.100664+0900 ResourceRunner[6388:50896202] [MonitoringSampleStore] history=15 capacity=1203
2026-10-03 21:52:15.100650+0900 ResourceRunner[6388✔ Test historySurvivesSamplingIntervalChanges() passed after 0.018 seconds.
:50896200] [MonitoringSampleStore] history=14 capacity=1203
2026-10-03 21:52:15.127945+0900 ResourceRunner[6388:50896201] [MonitoringSampleStore] history=40 capacity=1203
2026-10-03 21:52:15.127945+0900 ResourceRunner[6388:50896131] [MonitoringSampleStore] history=41 capacity=1203
2026-10-03 21:52:15.127947+0900 ResourceRunner[6388:50896184] [MonitoringSampleStore] history=42 capacity=1203
2026-10-03 21:52:15.127920+0900 ResourceRunner[6388:50896140] [MonitoringSampleStore] history=35 capacity=1203
acity=1203
2026-10-03 21:52:15.128684+0900 ResourceRunner[6388:50896201] [MonitoringSampleStore] history=45 capacity=1203
2026-10-03 21:52:15.128685+0900 ResourceRunner[6388:50896131] [MonitoringSampleStore] history=46 capacity=1203
2026-10-03 21:52:15.128686+0900 ResourceRunner[6388:50896184] [MonitoringSampleStore] history=47 capacity=1203
2026-10-03 21:52:15.128685+0900 ResourceRunner[6388:50896200] [MonitoringSampleStore] history=44 capacity=1203
2026-10-03 21:52:15.127953+0900 ResourceRunner[6388:50896202] [MonitoringSampleStore] history=43 capacity=1203
2026-10-03 21:52:15.100836+0900 ResourceRunner[6388:50896161] [MonitoringSampleStore] history=21 capacity=1203
2026-10-03 21:52:15.127959+0900 ResourceRunner[6388:50896183] [MonitoringSampleStore] history=39 capacity=1203
◇ Test onlyTicksWithBothCPUUsageAndSwapEnterHistory() started.
2026-10-03 21:52:15.128693+0900 ResourceRunner[6388:50896184] [MonitoringSampleStore] history=49 capacity=1203
2026-10-03 21:52:15.128812+0900 ResourceRunner[6388:50896200] [MonitoringSampleStore] history=53 capacity=1203
2026-10-03 21:52:15.128813+0900 ResourceRunner[6388:50896183] [MonitoringSampleStore] history=54 capacity=1203
2026-10-03 21:52:15.128814+0900 ResourceRunner[6388:50896161] [MonitoringSampleStore] history=55 capacity=1203
2026-10-03 21:52:15.128822+0900 ResourceRunner[6388:50896183] [MonitoringSampleStore] history=57 capacity=1203
2026-10-03 21:52:15.128822+0900 ResourceRunner[6388:50896161] [MonitoringSampleStore] history=58 capacity=1203
2026-10-03 21:52:15.128826+0900 ResourceRunner[6388:50896183] [MonitoringSampleStore] history=59 capacity=1203
✔ Test onlyTicksWithBothCPUUsageAndSwapEnterHistory() passed after 0.001 seconds.
2026-10-03 21:52:15.129034+0900 ResourceRunner[6388:50896161] [MonitoringSampleStore] history=62 capacity=1203
2026-10-03 21:52:15.128831+0900 ResourceRunner[6388:50896184] [MonitoringSampleStore] history=60 capacity=1203
2026-10-03 21:52:15.129038+0900 ResourceRunner[6388:50896161] [MonitoringSampleStore] history=63 capacity=1203
2026-10-03 21:52:15.129041+0900 ResourceRunner[6388:50896184] [MonitoringSampleStore] history=64 capacity=1203
2026-10-03 21:52:15.129042+0900 ResourceRunner[6388:50896161] [MonitoringSampleStore] history=65 capacity=1203
2026-10-03 21:52:15.129046+0900 ResourceRunner[6388:50896161] [MonitoringSampleStore] history=66 capacity=1203
2026-10-03 21:52:15.129049+0900 ResourceRunner[6388:5◇ Test historyPointCarriesUserRatioAlongsideOverallUsage() started.
2026-10-03 21:52:15.129053+0900 ResourceRunner[6388:50896184] [MonitoringSampleStore] history=68 capacity=1203
0896161] [MonitoringSampleStore] history=67 capacity=1203
2026-10-03 21:52:15.129193+0900 ResourceRunner[6388:50896161] [MonitoringSampleStore] history=70 capacity=1203
2026-10-03 21:52:15.127919+0900 ResourceRunner[6388:50896132] [MonitoringSampleStore] history=36 capacity=1203
2026-10-03 21:52:15.128693+0900 ResourceRunner[6388:50896131] [MonitoringSampleStore] history=50 capacity=1203
2026-10-03 21:52:15.129203+0900 ResourceRunner[6388:50896184] [MonitoringSampleStore] history=71 capacity=1203
2026-10-03 21:52:15.129225+0900 ResourceRunner[6388:50896132] [MonitoringSampleStore] history=73 capacity=1203
2026-10-03 21:52:15.129228+0900 ResourceRunner[6388:50896131] [MonitoringSampleStore] history=74 capacity=1203
2026-10-03 21:52:15.129229+0900 ResourceRunner[6388:50896132] [MonitoringSampleStore] history=75 capacity=1203
2026-10-03 21:52:15.129230+0900 ResourceRunner[6388:50896184] [MonitoringSampleStore] history=76 capacity=1203
✔ Test historyPointCarriesUserRatioAlongsideOverallUsage() passed after 0.001 seconds.
2026-10-03 21:52:15.128822+0900 ResourceRunner[6388:50896200] [MonitoringSampleStore] history=56 capacity=1203
2026-10-03 21:52:15.129301+0900 ResourceRunner[6388:50896184] [MonitoringSampleStore] history=78 capacity=1203
2026-10-03 21:52:15.129303+0900 ResourceRunner[6388:50896200] [MonitoringSampleStore] history=79 capacity=1203
2026-10-03 21:52:15.129306+0900 ResourceRunner[6388:50896184] [MonitoringSampleStore] history=80 capacity=1203
2026-10-03 21:52:15.129308+0900 ResourceRunner[6388:50896200] [MonitoringSampleStore] history=81 capacity=1203
2026-10-03 21:52:15.129311+0900 ResourceRunner[6388:50896200] [MonitoringSampleStore] history=82 capacity=1203
2026-10-03 21:52:15.129313+0900 ResourceRunner[6388:50896200] [MonitoringSampleStore] history=83 capacity=1203
2026-10-03 21:52:◇ Test latestSnapshotIsReplacedEvenByTicksWithoutHistoryEntry() started.
15.129316+0900 ResourceRunner[6388:50896200] [MonitoringSampleStore] history=84 capacity=1203
2026-10-03 21:52:15.129407+0900 ResourceRunner[6388:50896200] [MonitoringSampleStore] history=87 capacity=1203
2026-10-03 21:52:15.129410+0900 ResourceRunner[6388:50896200] [MonitoringSampleStore] history=88 capacity=1203
2026-10-03 21:52:15.129413+0900 ResourceRunner[6388:50896200] [MonitoringSampleStore] history=89 capacity=1203
2026-10-03 21:52:15.129415+0900 ResourceRunner[6388:50896200] [MonitoringSampleStore] history=90 capacity=1203
2026-10-03 21:52:15.129072+0900 ResourceRunner[6388:50896183] [MonitoringSampleStore] history=69 capacity=1203
2026-10-03 21:52:15.129320+0900 ResourceRunner[6388:50896184] [MonitoringSampleStore] history=85 capacity=1203
2026-10-03 21:52:15.129231+0900 ResourceRunner[6388:50896131] [MonitoringSampleStore] history=77 capacity=1203
2026-10-03 21:52:15.129432+0900 ResourceRunner[6388:50896182026-10-03 21:52:15.129454+0900 ResourceRunner[6388:50896200] [MonitoringSampleStore] history=94 capacity=1203
3] [MonitoringSampleStore] history=91 capacity=1203
2026-10-03 21:52:15.129510+0900 ResourceRunner[6388:50896200] [MonitoringSampleStore] history=95 capacity=1203
✔ Test latestSnapshotIsReplacedEvenByTicksWithoutHistoryEntry() passed after 0.001 seconds.
2026-10-03 21:52:15.129514+0900 ResourceRunner[6388:50896200] [MonitoringSampleStore] history=96 capacity=1203
2026-10-03 21:52:15.129517+0900 ResourceRunner[6388:50896183] [MonitoringSampleStore] history=97 capacity=1203
2026-10-03 21:52:15.129519+0900 ResourceRunner[6388:50896200] [MonitoringSampleStore] history=98 capacity=1203
2026-10-03 21:52:15.129522+0900 ResourceRunner[6388:50896183] [MonitoringSampleStore] history=99 capacity=1203
2026-10-03 21:52:15.129522+0900 ResourceRunner[6388:50896200] [MonitoringSampleStore] history=100 capacity=1203
2026-10-03 21:52:15.129552+0900 ResourceRunner[6388:50896183] [MonitoringSampleSt◇ Test displayValueSelectsOnlyTheTenMinuteWindowFromLatestSampleTime() started.
ore] history=101 capacity=1203
2026-10-03 21:52:15.129614+0900 ResourceRunner[6388:50896183] [MonitoringSampleStore] history=103 capacity=1203
2026-10-03 21:52:15.129617+0900 ResourceRunner[6388:50896183] [MonitoringSampleStore] history=104 capacity=1203
2026-10-03 21:52:15.129620+0900 ResourceRunner[6388:50896183] [MonitoringSampleStore] history=105 capacity=1203
2026-10-03 21:52:15.129552+0900 ResourceRunner[6388:50896200] [MonitoringSampleStore] history=102 capacity=1203
2026-10-03 21:52:15.129331+0900 ResourceRunner[6388:50896132] [MonitoringSampleStore] history=86 capacity=1203
2026-10-03 21:52:15.128728+0900 ResourceRunner[6388:50896140] [MonitoringSampleStore] history=52 capacity=1203
2026-10-03 21:52:15.129622+0900 ResourceRunner[6388:50896183] [MonitoringSampleStore] history=106 capacity=1203
2026-10-03 21:52:15.129636+0900 ResourceRunner[6388:50896132] [MonitoringSampleStore] history=107 capacity=1203
2026-10-03 21:52:15.101360+0900 ResourceRunner[6388:50896164] [MonitoringSampleStore] history=25 capacity=1203
900 ResourceRunner[6388:50896162] [MonitoringSampleStore] history=8 capacity=1203
2026-10-03 21:52:15.128832+0900 ResourceRunner[6388:50896202] [MonitoringSampleStore] history=61 capacity=1203
2026-10-03 21:52:15.129445+0900 ResourceRunner[6388:50896131] [MonitoringSampleStore] history=92 capacity=1203
2026-10-03 21:52:15.128693+0900 ResourceRunner[6388:50896201] [MonitoringSampleStore] history=48 capacity=1203
✔ Test displayValueSelectsOnlyTheTenMinuteWindowFromLatestSampleTime() passed after 0.001 seconds.
2026-10-03 21:52:15.101521+0900 ResourceRunner[6388:50896166] [MonitoringSampleStore] history=33 capacity=1203
2026-10-03 21:52:15.128724+0900 ResourceRunner[6388:50896165] [MonitoringSampleStore] history=51 capacity=1203
2026-10-03 21:52:15.129221+0900 ResourceRunner[6388:50896161] [MonitoringSampleStore] history=72 capacity=1203
2026-10-03 21:52:15.129754+0900 ResourceRunner[6388:50896162] [MonitoringSampleStore] history=111 capacity=1203
2026-10-03 21:52:15.129756+0900 ResourceRunner[6388:50896202] [MonitoringSampleStore] history=112 capacity=1203
2026-10-03 21:52:15.129648+0900 ResourceRunner[6388:50896200] [MonitoringSampleStore] history=110 capacity=1203
◇ Test exceedingCapacityReplacesOnlyTheOldestEntry() started.
2026-10-03 21:52:15.129640+0900 ResourceRunner[6388:50896140] [MonitoringSampleStore] history=108 capacity=1203
2026-10-03 21:52:15.151070+0900 ResourceRunner[6388:50896202] [MonitoringSampleStore] history=120 capacity=1203
2026-10-03 21:52:15.151073+0900 ResourceRunner[6388:50896200] [MonitoringSampleStore] history=121 capacity=1203
2026-10-03 21:52:15.151076+0900 ResourceRunner[6388:50896140] [MonitoringSampleStore] history=122 capacity=1203
2026-10-03 21:52:15.151078+0900 ResourceRunner[6388:50896202] [MonitoringSampleStore] history=123 capacity=1203
2026-10-03 21:52:15.151082+0900 ResourceRunner[6388:50896200] [MonitoringSampleStore] history=124 capacity=1203
2026-10-03 21:52:15.129781+0900 ResourceRunner[6388:50896132] [MonitoringSampleStore] history=119 capacity=1203
2026-10-03 21:52:15.151646+0900 ResourceRunner[6388:50896200] [MonitoringSampleStore] history=128 capacity=1203
2026-10-03 21:52:15.151651+0900 ResourceRunner[6388:50896200] [MonitoringSampleStore] history=129 capacity=1203
2026-10-03 21:52:15.151654+0900 ResourceRunner[6388:50896200] [MonitoringSampleStore] history=131 capacity=1203
2026-10-03 21:52:15.151654+0900 ResourceRunner[6388:50896132] [MonitoringSampleStore] history=130 capacity=1203
2026-10-03 21:52:15.151084+0900 ResourceRunner[6388:50896140] [MonitoringSampleStore] history=125 capacity=1203
2026-10-03 21:52:15.129782+0900 ResourceRunner[6388:50896161] [MonitoringSampleStore] history=118 capacity=1203
2026-10-03 21:52:15.129648+0900 ResourceRunner[6388:50896183] [MonitoringSampleStore] history=109 capacity=1203
2026-10-03 21:52:15.151085+0900 ResourceRunner[6388:50896202] [MonitoringSampleStore] history=126 capacity=1203
2026-10-03 21:52:15.151657+0900 ResourceRunner[6388:50896200] [MonitoringSampleStore] history=132 capacity=1203
2026-10-03 21:52:15.151090+0900 ResourceRunner[6388:50896162] [MonitoringSampleStore] history=127 capacity=1203
2026-10-03 21:52:15.151832+0900 ResourceRunner[6388:50896202] [MonitoringSampleStore] history=137 capacity=1203
2026-10-03 21:52:15.151833+0900 ResourceRunner[6388:50896200] [MonitoringSampleStore] history=138 capacity=1203
2026-10-03 21:52:15.151676+0900 ResourceRunner[6388:50896161] [MonitoringSampleStore] history=134 capacity=1203
2026-10-03 21:52:15.151837+0900 ResourceRunner[6388:50896202] [MonitoringSampleStore] history=139 capacity=1203
2026-10-03 21:52:15.151837+0900 ResourceRunner[6388:50896162] [MonitoringSampleStore] history=140 capacity=1203
2026-10-03 21:52:15.151837+0900 ResourceRunner[6388:50896200] [MonitoringSampleStore] history=141 capacity=1203
2026-10-03 21:52:15.151844+0900 ResourceRunner[6388:50896202] [MonitoringSampleStore] history=142 capacity=1203
2026-10-03 21:52:15.151845+0900 ResourceRunner[6388:50896162] [MonitoringSampleStore] history=143 capacity=1203
2026-10-03 21:52:15.151845+0900 ResourceRunner[6388:50896200] [MonitoringSampleStore] history=144 capacity=1203
2026-10-03 21:52:15.151848+0900 ResourceRunner[6388:50896202] [MonitoringSampleStore] history=145 capacity=1203
2026-10-03 21:52:15.151891+0900 ResourceRunner[6388:50896200] [MonitoringSampleStore] history=148 capacity=1203
2026-10-03 21:52:15.129811+0900 ResourceRunner[6388:50896131] [MonitoringSampleStore] history=116 capacity=1203
2026-10-03 21:52:15.151895+0900 ResourceRunner[6388:50896202] [MonitoringSampleStore] history=149 capacity=1203
2026-10-03 21:52:15.151895+0900 ResourceRunner[6388:50896200] [MonitoringSampleStore] history=150 capacity=1203
2026-10-03 21:52:15.151897+0900 ResourceRunner[6388:50896131] [MonitoringSampleStore] history=151 capacity=1203
2026-10-03 21:52:15.129782+0900 ResourceRunner[6388:50896166] [MonitoringSampleStore] history=117 capacity=1203
2026-10-03 21:52:15.151688+0900 ResourceRunner[6388:50896183] [MonitoringSampleStore] history=136 capacity=1203
2026-10-03 21:52:15.151898+0900 ResourceRunner[6388:50896202] [MonitoringSampleStore] history=152 capacity=1203
2026-10-03 21:52:15.151899+0900 ResourceRunner[6388:50896200] [MonitoringSampleStore] history=153 capacity=1203
2026-10-03 21:52:15.129759+0900 ResourceRunner[6388:50896201] [MonitoringSampleStore] history=113 capacity=1203
2026-10-03 21:52:15.151961+0900 ResourceRunner[6388:50896183] [MonitoringSampleStore] history=156 capacity=1203
2026-10-03 21:52:15.151962+0900 ResourceRunner[6388:50896202] [MonitoringSampleStore] history=157 capacity=1203
2026-10-03 21:52:15.151966+0900 ResourceRunner[6388:50896183] [MonitoringSampleStore] history=158 capacity=1203
2026-10-03 21:52:15.151900+0900 ResourceRunner[6388:50896131] [MonitoringSampleStore] history=154 capacity=1203
2026-10-03 21:52:15.151969+0900 ResourceRunner[6388:50896202] [MonitoringSampleStore] history=159 capacity=1203
2026-10-03 21:52:15.151969+0900 ResourceRunner[6388:50896201] [MonitoringSampleStore] history=160 capacity=1203
2026-10-03 21:52:15.152024+0900 ResourceRunner[6388:50896201] [MonitoringSampleStore] history=165 capacity=1203
2026-10-03 21:52:15.151975+0900 ResourceRunner[6388:50896202] [MonitoringSampleStore] history=162 capacity=1203
2026-10-03 21:52:15.129767+0900 ResourceRunner[6388:50896165] [MonitoringSampleStore] history=114 capacity=1203
2026-10-03 21:52:15.152026+0900 ResourceRunner[6388:50896201] [MonitoringSampleStore] history=166 capacity=1203
2026-10-03 21:52:15.152028+0900 ResourceRunner[6388:50896202] [MonitoringSampleStore] history=167 capacity=1203
2026-10-03 21:52:15.152029+0900 ResourceRunner[6388:50896201] [MonitoringSampleStore] history=169 capacity=1203
2026-10-03 21:52:15.152031+0900 ResourceRunner[6388:50896202] [MonitoringSampleStore] history=170 capacity=1203
2026-10-03 21:52:15.129782+0900 ResourceRunner[6388:50896164] [MonitoringSampleStore] history=115 capacity=1203
2026-10-03 21:52:15.152034+0900 ResourceRunner[6388:50896201] [MonitoringSampleStore] history=171 capacity=1203
2026-10-03 21:52:15.152128+0900 ResourceRunner[6388:50896201] [MonitoringSampleStore] history=174 capacity=1203
2026-10-03 21:52:15.152131+0900 ResourceRunner[6388:50896201] [MonitoringSampleStore] history=175 capacity=1203
2026-10-03 21:52:15.152144+0900 ResourceRunner[6388:50896201] [MonitoringSampleStore] history=176 capacity=1203
2026-10-03 21:52:15.152147+0900 ResourceRunner[6388:50896201] [MonitoringSampleStore] history=177 capacity=1203
2026-10-03 21:52:15.152149+0900 ResourceRunner[6388:50896201] [MonitoringSampleStore] history=178 capacity=1203
2026-10-03 21:52:15.152151+0900 ResourceRunner[6388:50896201] [MonitoringSampleStore] history=179 capacity=1203
2026-10-03 21:52:15.152034+0900 ResourceRunner[6388:50896202] [MonitoringSampleStore] history=172 capacity=1203
2026-10-03 21:52:15.152154+0900 ResourceRunner[6388:50896201] [MonitoringSampleStore] history=180 capacity=1203
2026-10-03 21:52:15.152155+0900 ResourceRunner[6388:50896202] [MonitoringSampleStore] history=181 capacity=1203
2026-10-03 21:52:15.152156+0900 ResourceRunner[6388:50896201] [MonitoringSampleStore] history=182 capacity=1203
2026-10-03 21:52:15.152159+0900 ResourceRunner[6388:50896202] [MonitoringSampleStore] history=183 capacity=1203
2026-10-03 21:52:15.152160+0900 ResourceRunner[6388:50896201] [MonitoringSampleStore] history=184 capacity=1203
2026-10-03 21:52:15.152194+0900 ResourceRunner[6388:50896201] [MonitoringSampleStore] history=186 capacity=1203
2026-10-03 21:52:15.152036+0900 ResourceRunner[6388:50896164] [MonitoringSampleStore] history=173 capacity=1203
2026-10-03 21:52:15.152196+0900 ResourceRunner[6388:50896201] [MonitoringSampleStore] history=187 capacity=1203
2026-10-03 21:52:15.152199+0900 ResourceRunner[6388:50896201] [MonitoringSampleStore] history=188 capacity=1203
2026-10-03 21:52:15.152202+0900 ResourceRunner[6388:50896201] [MonitoringSampleStore] history=189 capacity=1203
2026-10-03 21:52:15.152204+0900 ResourceRunner[6388:50896201] [MonitoringSampleStore] history=191 capacity=1203
2026-10-03 21:52:15.152204+0900 ResourceRunner[6388:50896164] [MonitoringSampleStore] history=190 capacity=1203
2026-10-03 21:52:15.152208+0900 ResourceRunner[6388:50896164] [MonitoringSampleStore] history=193 capacity=1203
2026-10-03 21:52:15.152210+0900 ResourceRunner[6388:50896164] [MonitoringSampleStore] history=194 capacity=1203
2026-10-03 21:52:15.152218+0900 ResourceRunner[6388:50896201] [MonitoringSampleStore] history=192 capacity=1203
2026-10-03 21:52:15.151970+0900 ResourceRunner[6388:50896183] [MonitoringSampleStore] history=161 capacity=1203
2026-10-03 21:52:15.153428+0900 ResourceRunner[6388:50896164] [MonitoringSampleStore] history=195 capacity=1203
2026-10-03 21:52:15.153431+0900 ResourceRunner[6388:50896183] [MonitoringSampleStore] history=197 capacity=1203
2026-10-03 21:52:15.153431+0900 ResourceRunner[6388:50896201] [MonitoringSampleStore] history=196 capacity=1203
2026-10-03 21:52:15.153435+0900 ResourceRunner[6388:50896183] [MonitoringSampleStore] history=199 capacity=1203
2026-10-03 21:52:15.152029+0900 ResourceRunner[6388:50896165] [MonitoringSampleStore] history=168 capacity=1203
2026-10-03 21:52:15.153440+0900 ResourceRunner[6388:50896183] [MonitoringSampleStore] history=201 capacity=1203
2026-10-03 21:52:15.153440+0900 ResourceRunner[6388:50896201] [MonitoringSampleStore] history=200 capacity=1203
2026-10-03 21:52:15.153441+0900 ResourceRunner[6388:50896165] [MonitoringSampleStore] history=202 capacity=1203
2026-10-03 21:52:15.151985+0900 ResourceRunner[6388:50896131] [MonitoringSampleStore] history=164 capacity=1203
2026-10-03 21:52:15.153565+0900 ResourceRunner[6388:50896165] [MonitoringSampleStore] history=205 capacity=1203
2026-10-03 21:52:15.153565+0900 ResourceRunner[6388:50896201] [MonitoringSampleStore] history=204 capacity=1203
2026-10-03 21:52:15.153443+0900 ResourceRunner[6388:50896183] [MonitoringSampleStore] history=203 capacity=1203
2026-10-03 21:52:15.151677+0900 ResourceRunner[6388:50896140] [MonitoringSampleStore] history=135 capacity=1203
2026-10-03 21:52:15.151891+0900 ResourceRunner[6388:50896162] [MonitoringSampleStore] history=147 capacity=1203
2026-10-03 21:52:15.153567+0900 ResourceRunner[6388:50896131] [MonitoringSampleStore] history=206 capacity=1203
2026-10-03 21:52:15.153431+0900 ResourceRunner[6388:50896164] [M2026-10-03 21:52:15.153598+0900 ResourceRunner[6388:50896162] [MonitoringSampleStore] history=210 capacity=1203
2026-10-03 21:52:15.153598+0900 ResourceRunner[6388:50896140] [MonitoringSampleStore] history=212 capacity=1203
2026-10-03 21:52:15.153598+0900 ResourceRunner[6388:50896183] [MonitoringSampleStore] history=211 capacity=1203
onitoringSampleStore] history=198 capacity=1203
2026-10-03 21:52:15.129449+0900 ResourceRunner[6388:50896184] [MonitoringSampleStore] history=93 capacity=1203
2026-10-03 21:52:15.152167+0900 ResourceRunner[6388:50896202] [MonitoringSampleStore] history=185 capacity=1203
2026-10-03 21:52:15.153569+0900 ResourceRunner[6388:50896165] [MonitoringSampleStore] history=207 capacity=1203
2026-10-03 21:52:15.153570+0900 ResourceRunner[6388:50896201] [MonitoringSampleStore] history=208 capacity=1203
2026-10-03 21:52:15.153627+0900 ResourceRunner[6388:50896140] [MonitoringSampleStore] history=214 capacity=1203
2026-10-03 21:52:15.153628+0900 ResourceRunner[6388:50896183] [MonitoringSampleSt2026-10-03 21:52:15.153630+0900 ResourceRunner[6388:50896202] [MonitoringSampleStore] history=217 capacity=1203
ore] history=216 capacity=1203
2026-10-03 21:52:15.151868+0900 ResourceRunner[6388:50896161] [MonitoringSampleStore] history=146 capacity=1203
2026-10-03 21:52:15.151658+0900 ResourceRunner[6388:50896132] [MonitoringSampleStore] history=133 capacity=1203
2026-10-03 21:52:15.151977+0900 ResourceRunner[6388:50896200] [MonitoringSampleStore] history=163 capacity=1203
2026-10-03 21:52:15.153577+0900 ResourceRunner[6388:50896131] [MonitoringSampleStore] history=209 capacity=1203
2026-10-03 21:52:15.153638+0900 ResourceRunner[6388:50896201] [MonitoringSampleStore] history=220 capacity=1203
2026-10-03 21:52:15.153707+0900 ResourceRunner[6388:50896202] [MonitoringSampleStore] history=222 capacity=1203
2026-10-03 21:52:15.153708+0900 ResourceRunner[6388:50896183] [MonitoringSampleStore] history=223 capacity=1203
2026-10-03 21:52:15.153710+0900 ResourceRunner[6388:50896161] [MonitoringSampleStore] history=224 capacity=1203
2026-10-03 21:52:15.153711+0900 ResourceRunner[6388:50896132] [MonitoringSampleStore] history=225 capacity=1203
2026-10-03 21:52:15.151913+0900 ResourceRunner[6388:50896166] [MonitoringSampleStore] history=155 capacity=1203
2026-10-03 21:52:15.153634+0900 ResourceRunner[6388:50896165] [MonitoringSampleStore] history=219 capacity=1203
2026-10-03 21:52:15.153715+0900 ResourceRunner[6388:50896202] [MonitoringSampleStore] history=229 capacity=1203
2026-10-03 21:52:15.153636+0900 ResourceRunner[6388:50896140] [MonitoringSampleStore] history=221 capacity=1203
2026-10-03 21:52:15.153635+0900 ResourceRunner[6388:50896184] [MonitoringSampleStore] history=218 capacity=1203
2026-10-03 21:52:15.153713+0900 ResourceRunner[6388:50896200] [MonitoringSampleStore] history=226 capacity=1203
2026-10-03 21:52:15.153713+0900 ResourceRunner[6388:50896131] [MonitoringSampleStore] history=227 capacity=1203
2026-10-03 21:52:15.153628+0900 ResourceRunner[6388:50896164] [MonitoringSampleStore] history=215 capacity=1203
2026-10-03 21:52:15.153714+0900 ResourceRunner[6388:50896201] [MonitoringSampleStore] history=228 capacity=1203
2026-10-03 21:52:15.153770+0900 ResourceRunner[6388:50896161] [MonitoringSampleStore] history=231 capacity=1203
2026-10-03 21:52:15.153771+0900 ResourceRunner[6388:50896132] [MonitoringSampleStore] history=232 capacity=1203
2026-10-03 21:52:15.153775+0900 ResourceRunner[6388:50896202] [MonitoringSampleStore] history=235 capacity=1203
2026-10-03 21:52:15.153776+0900 ResourceRunner[6388:50896140] [MonitoringSampleStore] history=236 capacity=1203
2026-10-03 21:52:15.153775+0900 ResourceRunner[6388:50896166] [MonitoringSampleStore] history=234 capacity=1203
2026-10-03 21:52:15.153777+0900 ResourceRunner[6388:50896184] [MonitoringSampleStore] history=237 capacity=1203
2026-10-03 21:52:15.153800+0900 ResourceRunner[6388:50896131] [MonitoringSampleStore] history=238 capacity=1203
2026-10-03 21:52:15.153847+0900 ResourceRunner[6388:50896161] [MonitoringSampleStore] history=241 capacity=1203
2026-10-03 21:52:15.153849+0900 ResourceRunner[6388:50896201] [MonitoringSampleStore] history=243 capacity=1203
2026-10-03 21:52:15.153810+0900 ResourceRunner[6388:50896164] [MonitoringSampleStore] history=240 capacity=1203
2026-10-03 21:52:15.153850+0900 ResourceRunner[6388:50896202] [MonitoringSampleStore] history=244 capacity=1203
2026-10-03 21:52:15.153850+0900 ResourceRunner[6388:50896166] [MonitoringSampleStore] history=245 capacity=1203
2026-10-03 21:52:15.153851+0900 ResourceRunner[6388:50896161] [MonitoringSampleStore] history=249 capacity=1203
2026-10-03 21:52:15.153626+0900 ResourceRunner[6388:50896162] [MonitoringSampleStore] history=213 capacity=1203
2026-10-03 21:52:15.153717+0900 ResourceRunner[6388:50896183] [MonitoringSampleStore] history=230 capacity=1203
2026-10-03 21:52:15.153851+0900 ResourceRunner[6388:50896131] [MonitoringSampleStore] history=248 capacity=1203
2026-10-03 21:52:15.153907+0900 ResourceRunner[6388:50896201] [MonitoringSampleStore] history=250 capacity=1203
2026-10-03 21:52:15.153802+0900 ResourceRunner[6388:50896200] [MonitoringSampleStore] history=239 capacity=1203
2026-10-03 21:52:15.153850+0900 ResourceRunner[6388:50896184] [MonitoringSampleStore] history=247 capacity=1203
2026-10-03 21:52:15.153775+0900 ResourceRunner[6388:50896165] [MonitoringSampleStore] history=233 capacity=1203
2026-10-03 21:52:15.153850+0900 ResourceRunner[6388:50896140] [MonitoringSampleStore] history=242 capacity=1203
2026-10-03 21:52:15.153913+0900 ResourceRunner[6388:50896202] [MonitoringSampleStore] history=252 capacity=1203
2026-10-03 21:52:15.153913+0900 ResourceRunner[6388:50896166] [MonitoringSampleStore] history=253 capacity=1203
2026-10-03 21:52:15.153914+0900 ResourceRunner[6388:50896161] [MonitoringSampleStore] history=254 capacity=1203
2026-10-03 21:52:15.153908+0900 ResourceRunner[6388:50896164] [MonitoringSampleStore] history=251 capacity=1203
2026-10-03 21:52:15.153980+0900 ResourceRunner[6388:50896200] [MonitoringSampleStore] history=259 capacity=1203
2026-10-03 21:52:15.153982+0900 ResourceRunner[632026-10-03 21:52:15.153916+0900 ResourceRunner[6388:50896183] [MonitoringSampleStore] history=256 capacity=1203
2026-10-03 21:52:15.153983+0900 ResourceRunner[6388:50896202] [MonitoringSampleStore] history=263 capacity=1203
2026-10-03 21:52:15.153983+0900 ResourceRunner[6388:50896140] [MonitoringSampleStore] history=262 capacity=1203
2026-10-03 21:52:15.153985+0900 ResourceRunner[6388:50896161] [MonitoringSampleStore] history=265 capacity=1203
2026-10-03 21:52:15.153850+0900 ResourceRunner[6388:50896132] [MonitoringSampleStore] history=246 capacity=1203
2026-10-03 21:52:15.153915+0900 ResourceRunner[6388:50896162] [MonitoringSampleStore] history=255 capacity=1203
2026-10-03 21:52:15.153918+0900 ResourceRunner[6388:50896201] [MonitoringSampleStore] history=258 capacity=1203
2026-10-03 21:52:15.153983+0900 ResourceRunner[6388:50896165] [MonitoringSampleStore] history=261 capacity=1203
2026-10-03 21:52:15.153986+0900 ResourceRunner[6388:50896164] [MonitoringSampleStore] history=267 capacity=1203
2026-10-03 21:52:15.153984+0900 ResourceRunner[6388:50896166] [MonitoringSampleStore] history=264 capacity=1203
88:50896184] [MonitoringSampleStore] history=260 capacity=1203
2026-10-03 21:52:15.154047+0900 ResourceRunner[6388:50896183] [MonitoringSampleStore] history=268 capacity=1203
2026-10-03 21:52:15.154048+0900 ResourceRunner[6388:50896140] [MonitoringSampleStore] history=270 capacity=1203
2026-10-03 21:52:15.154048+0900 ResourceRunner[6388:50896202] [MonitoringSampleStore] history=269 capacity=1203
2026-10-03 21:52:15.154048+0900 ResourceRunner[6388:50896161] [MonitoringSampleStore] history=271 capacity=1203
2026-10-03 21:52:15.154049+0900 ResourceRunner[6388:50896132] [MonitoringSampleStore] history=272 capacity=1203
2026-10-03 21:52:15.153917+0900 ResourceRunner[6388:50896131] [MonitoringSampleStore] history=257 capacity=1203
2026-10-03 21:52:15.154079+0900 ResourceRunner[6388:50896201] [MonitoringSampleStore] history=275 capacity=1203
2026-10-03 21:52:15.154108+0900 ResourceRunner[6388:50896184] [MonitoringSampleStore] history=277 capacity=1203
2026-10-03 21:52:15.153986+0900 ResourceRunner[6388:50896200] [MonitoringSampleStore] history=266 capacity=1203
2026-10-03 21:52:15.154111+0900 ResourceRunner[6388:50896183] [MonitoringSampleStore] history=282 capacity=1203
2026-10-03 21:52:15.154057+0900 ResourceRunner[6388:50896165] [MonitoringSampleStore] history=274 capacity=1203
2026-10-03 21:52:15.154077+0900 ResourceRunner[6388:50896162] [MonitoringSampleStore] history=273 capacity=1203
2026-10-03 21:52:15.154112+0900 ResourceRunner[6388:50896132] [MonitoringSampleStore] history=283 capacity=1203
2026-10-03 21:52:15.154111+0900 ResourceRunner[6388:50896202] [MonitoringSampleStore] history=280 capacity=1203
2026-10-03 21:52:15.154115+0900 ResourceRunner[6388:50896201] [MonitoringSampleStore] history=284 capacity=1203
2026-10-03 21:52:15.154108+0900 ResourceRunner[6388:50896166] [MonitoringSampleStore] history=278 capacity=1203
2026-10-03 21:52:15.154111+0900 ResourceRunner[6388:50896161] [MonitoringSampleStore] history=281 capacity=1203
2026-10-03 21:52:15.154167+0900 ResourceRunner[6388:50896184] [MonitoringSampleStore] history=286 capacity=1203
2026-10-03 21:52:15.154082+0900 ResourceRunner[6388:50896164] [MonitoringSampleStore] history=276 capacity=1203
2026-10-03 21:52:15.154169+0900 ResourceRunner[6388:50896200] [MonitoringSampleStore] history=287 capacity=1203
2026-10-03 21:52:15.154171+0900 ResourceRunner[6388:50896162] [MonitoringSampleStore] history=290 capacity=1203
2026-10-03 21:52:15.154134+0900 ResourceRunner[6388:50896131] [MonitoringSampleStore] history=285 capacity=1203
2026-10-03 21:52:15.154171+0900 ResourceRunner[6388:50896165] [MonitoringSampleStore] history=289 capacity=1203
2026-10-03 21:52:15.154198+0900 ResourceRunner[6388:50896201] [MonitoringSampleStore] history=293 capacity=1203
2026-10-03 21:52:15.154110+0900 ResourceRunner[6388:50896140] [MonitoringSampleStore] history=279 capacity=1203
2026-10-03 21:52:15.154228+0900 ResourceRunner[6388:50896161] [MonitoringSampleStore] history=295 capacity=1203
2026-10-03 21:52:15.154203+0900 ResourceRunner[6388:50896166] [MonitoringSampleStore] history=294 capacity=1203
2026-10-03 21:52:15.154172+0900 ResourceRunner[6388:50896132] [MonitoringSampleStore] history=291 capacity=1203
2026-10-03 21:52:15.154172+0900 ResourceRunner[6388:50896202] [MonitoringSampleStore] history=292 capacity=1203
2026-10-03 21:52:15.154171+0900 ResourceRunner[6388:50896183] [MonitoringSampleStore] history=288 capacity=1203
2026-10-03 21:52:15.154235+0900 ResourceRunner[6388:50896161] [MonitoringSampleStore] history=297 capacity=1203
2026-10-03 21:52:15.154283+0900 ResourceRunner[6388:50896166] [MonitoringSampleStore] history=305 capacity=1203
2026-10-03 21:52:15.154257+0900 ResourceRunner[6388:50896140] [MonitoringSampleStore] history=304 capacity=1203
2026-10-03 21:52:15.154228+0900 ResourceRunner[6388:50896184] [MonitoringSampleStore] history=296 capacity=1203
2026-10-03 21:52:15.154283+0900 ResourceRunner[6388:50896132] [MonitoringSampleStore] history=306 capacity=1203
2026-10-03 21:52:2026-10-03 21:52:15.154242+0900 ResourceRunner[6388:50896201] [MonitoringSampleStore] history=300 capacity=1203
15.154242+0900 ResourceRunner[6388:50896164] [MonitoringSampleStore] history=298 capacity=1203
2026-10-03 21:52:15.154247+0900 ResourceRunner[6388:50896162] [MonitoringSampleStore] history=303 capacity=1203
2026-10-03 21:52:15.154242+0900 ResourceRunner[6388:50896200] [MonitoringSampleStore] history=299 capacity=1203
2026-10-03 21:52:15.154289+0900 ResourceRunner[6388:50896202] [MonitoringSampleStore] history=307 capacity=1203
2026-10-03 21:52:15.154247+0900 ResourceRunner[6388:50896131] [MonitoringSampleStore] history=301 capacity=1203
2026-10-03 21:52:15.154291+0900 ResourceRunner[6388:50896140] [MonitoringSampleStore] history=310 capacity=1203
2026-10-03 21:52:15.154293+0900 ResourceRunner[6388:50896184] [MonitoringSampleStore] history=312 capacity=1203
2026-10-03 21:52:15.154366+0900 ResourceRunner[6388:50896201] [MonitoringSampleStore] history=314 capacity=1203
2026-10-03 21:52:15.154369+0900 ResourceRunner[6388:50896162] [MonitoringSampleStore] history=316 capacity=1203
2026-10-03 21:52:15.154293+0900 ResourceRunner[6388:50896132] [MonitoringSampleStore] history=313 capacity=1203
2026-10-03 21:52:15.154369+0900 ResourceRunner[6388:50896164] [MonitoringSampleStore] history=315 capacity=1203
2026-10-03 21:52:15.154372+0900 ResourceRunner[6388:50896202] [MonitoringSampleStore] history=319 capacity=1203
2026-10-03 21:52:15.154374+0900 ResourceRunner[6388:50896184] [MonitoringSampleStore] history=322 capacity=1203
2026-10-03 21:52:15.154372+0900 ResourceRunner[6388:50896140] [MonitoringSampleStore] history=320 capacity=1203
2026-10-03 21:52:15.154289+0900 ResourceRunner[6388:50896183] [MonitoringSampleStore] history=308 capacity=1203
2026-10-03 21:52:15.154372+0900 ResourceRunner[6388:50896131] [MonitoringSampleStore] history=318 capacity=1203
2026-10-03 21:52:15.154418+0900 ResourceRunner[6388:50896132] [MonitoringSampleStore] history=323 capacity=1203
2026-10-03 21:52:15.154373+0900 ResourceRunner[6388:50896201] [MonitoringSampleStore] history=321 capacity=1203
2026-10-03 21:52:15.154422+0900 ResourceRunner[6388:50896202] [MonitoringSampleStore] history=325 capacity=1203
2026-10-03 21:52:15.154422+0900 ResourceRunner[6388:50896164] [MonitoringSampleStore] history=326 capacity=1203
2026-10-03 21:52:15.154424+0900 ResourceRunner[6388:50896140] [MonitoringSampleStore] history=328 capacity=1203
2026-10-03 21:52:15.154291+0900 ResourceRunner[6388:50896166] [MonitoringSampleStore] history=309 capacity=1203
2026-10-03 21:52:15.154247+0900 ResourceRunner[6388:50896165] [MonitoringSampleStore] history=302 capacity=1203
2026-10-03 21:52:15.154292+0900 ResourceRunner[6388:50896161] [MonitoringSampleStore] history=311 capacity=1203
2026-10-03 21:52:15.154418+0900 ResourceRunner[6388:50896162] [MonitoringSampleStore] history=324 capacity=1203
2026-10-03 21:52:15.154484+0900 ResourceRunner[6388:50896201] [MonitoringSampleStore] history=332 capacity=1203
2026-10-03 21:52:15.154486+0900 ResourceRunner[6388:50896202] [Mo2026-10-03 21:52:15.154425+0900 ResourceRunner[6388:50896131] [MonitoringSampleStore] history=330 capacity=1203
2026-10-03 21:52:15.154487+0900 ResourceRunner[6388:50896164] [MonitoringSampleStore] history=334 capacity=1203
2026-10-03 21:52:15.154371+0900 ResourceRunner[6388:50896200] [MonitoringSampleStore] history=317 capacity=1203
2026-10-03 21:52:15.154490+0900 ResourceRunner[6388:50896161] [MonitoringSampleStore] history=338 capacity=1203
2026-10-03 21:52:15.154488+0900 ResourceRunner[6388:50896165] [MonitoringSampleStore] history=337 capacity=1203
2026-10-03 21:52:15.154423+0900 ResourceRunner[6388:50896184] [MonitoringSampleStore] history=327 capacity=1203
2026-10-03 21:52:15.154425+0900 ResourceRunner[6388:50896183] [MonitoringSampleStore] history=329 capacity=1203
2026-10-03 21:52:15.154427+0900 ResourceRunner[6388:50896132] [MonitoringSampleStore] history=331 capacity=1203
2026-10-03 21:52:15.154491+0900 ResourceRunner[6388:50896201] [MonitoringSampleStore] history=340 capacity=1203
2026-10-03 21:52:15.154487+0900 ResourceRunner[6388:50896140] [MonitoringSampleStore] history=335 capacity=1203
2026-10-03 21:52:15.154491+0900 ResourceRunner[6388:50896162] [MonitoringSampleStore] history=339 capacity=1203
nitoringSampleStore] history=333 capacity=1203
2026-10-03 21:52:15.154557+0900 ResourceRunner[6388:50896131] [MonitoringSampleStore] history=341 capacity=1203
2026-10-03 21:52:15.154488+0900 ResourceRunner[6388:50896166] [MonitoringSampleStore] history=336 capacity=1203
2026-10-03 21:52:15.154560+0900 ResourceRunner[6388:50896161] [MonitoringSampleStore] history=343 capacity=1203
2026-10-03 21:52:15.154561+0900 ResourceRunner[6388:50896184] [MonitoringSampleStore] history=346 capacity=1203
2026-10-03 21:52:15.154588+0900 ResourceRunner[6388:50896201] [MonitoringSampleStore] history=349 capacity=1203
2026-10-03 21:52:15.154723+0900 ResourceRunner[6388:50896162] [MonitoringSampleStore] history=350 capacity=1203
2026-10-03 21:52:15.154728+0900 ResourceRunner[6388:50896201] [MonitoringSampleStore] history=353 capacity=1203
2026-10-03 21:52:15.154588+0900 ResourceRunner[6388:50896132] [MonitoringSampleStore] history=348 capacity=1203
2026-10-03 21:52:15.154563+0900 ResourceRunner[6388:50896183] [MonitoringSampleStore] history=347 capacity=1203
2026-10-03 21:52:15.154561+0900 ResourceRunner[6388:50896165] [MonitoringSampleStore] history=345 capacity=1203
2026-10-03 21:52:15.154731+0900 ResourceRunner[6388:50896166] [MonitoringSampleStore] history=354 capacity=1203
2026-10-03 21:52:15.154560+0900 ResourceRunner[6388:50896200] [MonitoringSampleStore] history=344 capacity=1203
2026-10-03 21:52:15.154559+0900 ResourceRunner[6388:50896164] [MonitoringSampleStore] history=342 capacity=1203
2026-10-03 21:52:15.154742+0900 ResourceRunner[6388:50896161] [MonitoringSampleStore] history=358 capacity=1203
2026-10-03 21:52:15.154822+0900 ResourceRunner[6388:50896132] [MonitoringSampleStore] history=360 capacity=1203
2026-10-03 21:52:15.154823+0900 ResourceRunner[6388:50896183] [MonitoringSampleStore] history=361 capacity=1203
2026-10-03 21:52:15.154742+0900 ResourceRunner[6388:50896184] [MonitoringSampleStore] history=357 capacity=1203
2026-10-03 21:52:15.154826+0900 ResourceRunner[6388:50896164] [MonitoringSampleStore] history=365 capacity=1203
2026-10-03 21:52:15.154733+0900 ResourceRunner[6388:50896131] [MonitoringSampleStore] history=355 capacity=1203
2026-10-03 21:52:15.154733+0900 ResourceRunner[6388:50896162] [MonitoringSampleStore] history=356 capacity=1203
2026-10-03 21:52:15.154826+0900 ResourceRunner[6388:50896166] [MonitoringSampleStore] history=364 capacity=1203
2026-10-03 21:52:15.154724+0900 ResourceRunner[6388:50896140] [MonitoringSampleStore] history=351 capacity=1203
2026-10-03 21:52:15.154723+0900 ResourceRunner[6388:50896202] [MonitoringSampleStore] history=352 capacity=1203
2026-10-03 21:52:15.154829+0900 ResourceRunner[6388:50896132] [MonitoringSampleStore] history=367 capacity=1203
2026-10-03 21:52:15.154906+0900 ResourceRunner[6388:50896184] [MonitoringSampleStore] history=369 capacity=1203
2026-10-03 21:52:15.154907+0900 ResourceRunner[6388:50896164] [MonitoringSampleStore] history=370 capacity=1203
2026-10-03 21:52:15.154909+0900 ResourceRunner[6388:50896131] [MonitoringSampleStore] history=371 capacity=1203
2026-10-03 21:52:15.154828+0900 ResourceRunner[6388:50896161] [MonitoringSampleStore] history=366 capacity=1203
2026-10-03 21:52:15.154825+0900 ResourceRunner[6388:50896165] [MonitoringSampleStore] history=362 capacity=1203
2026-10-03 21:52:15.154829+0900 ResourceRunner[6388:50896183] [MonitoringSampleStore] history=368 capacity=1203
2026-10-03 21:52:15.154911+0900 ResourceRunner[6388:50896162] [MonitoringSampleStore] history=373 capacity=1203
2026-10-03 21:52:15.154822+0900 ResourceRunner[6388:50896201] [MonitoringSampleStore] history=359 capacity=1203
2026-10-03 21:52:15.154911+0900 ResourceRunner[6388:50896140] [MonitoringSampleStore] history=374 capacity=1203
2026-10-03 21:52:15.154978+0900 ResourceRunner[6388:50896164] [MonitoringSampleStore] history=378 capacity=1203
2026-10-03 21:52:15.154979+0900 ResourceRunner[6388:50896131] [MonitoringSampleStore] history=379 capacity=1203
2026-10-03 21:52:15.154980+0900 ResourceRunner[6388:50896161] [MonitoringSampleStore] history=380 capacity=1203
2026-10-03 21:52:15.154912+0900 ResourceRunner[6388:50896132] [MonitoringSampleStore] history=376 capacity=1203
2026-10-03 21:52:15.154825+0900 ResourceRunner[6388:50896200] [MonitoringSampleStore] history=363 capacity=1203
2026-10-03 21:52:15.154910+0900 ResourceRunner[6388:50896166] [MonitoringSampleStore] history=372 capacity=1203
2026-10-03 21:52:15.154911+0900 ResourceRunner[6388:50896202] [MonitoringSampleStore] history=375 capacity=1203
2026-10-03 21:52:15.154912+0900 ResourceRunner[6388:50896184] [MonitoringSampleStore] history=377 capacity=1203
2026-10-03 21:52:15.154983+0900 ResourceRunner[6388:50896183] [MonitoringSampleStore] history=382 capacity=1203
2026-10-03 21:52:15.155066+0900 ResourceRunner[6388:50896131] [MonitoringSampleStore] history=387 capacity=1203
2026-10-03 21:52:15.155066+0900 ResourceRunner[6388:50896161] [MonitoringSampleStore] history=388 capacity=1203
2026-10-03 21:52:15.155067+0900 ResourceRunner[6388:50896132] [MonitoringSampleStore] history=389 capacity=1203
2026-10-03 21:52:15.154985+0900 ResourceRunner[6388:50896164] [MonitoringSampleStore] history=385 capacity=1203
2026-10-03 21:52:15.154983+0900 ResourceRunner[6388:50896165] [MonitoringSampleStore] history=381 capacity=1203
2026-10-03 21:52:15.154984+0900 ResourceRunner[6388:50896162] [MonitoringSampleStore] history=383 capacity=1203
2026-10-03 21:52:15.155126+0900 ResourceRunner[6388:50896161] [MonitoringSampleStore] history=396 capacity=1203
2026-10-03 21:52:15.155070+0900 ResourceRunner[6388:50896200] [MonitoringSampleStore] history=390 capacity=1203
2026-10-03 21:52:15.155072+0900 ResourceRunner[6388:50896131] [MonitoringSampleStore] history=394 capacity=1203
2026-10-03 21:52:15.155071+0900 ResourceRunner[6388:50896202] [MonitoringSampleStore] history=392 capacity=1203
2026-10-03 21:52:15.155127+0900 ResourceRunner[6388:50896132] [MonitoringSampleStore] history=397 capacity=1203
2026-10-03 21:52:15.155070+0900 ResourceRunner[6388:50896166] [MonitoringSampleStore] history=391 capacity=1203
2026-10-03 21:52:15.154985+0900 ResourceRunner[6388:50896140] [MonitoringSampleStore] history=386 capacity=1203
2026-10-03 21:52:15.154985+0900 ResourceRunner[6388:50896201] [MonitoringSampleStore] history=384 capacity=1203
2026-10-03 21:52:15.155072+0900 ResourceRunner[6388:50896184] [MonitoringSampleStore] history=393 capacity=1203
2026-10-03 21:52:15.155072+0900 ResourceRunner[6388:50896183] [MonitoringSampleStore] history=395 capacity=1203
2026-10-03 21:52:15.155128+0900 ResourceRunner[6388:50896164] [MonitoringSampleStore] history=398 capacity=1203
2026-10-03 21:52:15.155157+0900 ResourceRunner[6388:50896161] [MonitoringScheduler] apply axis=SilentSystemMetricsSampleSource schedule=running(2.0 seconds) generation=1 collectionEpoch=0 appendedTotal=0
2026-10-03 21:52:15.155206+0900 ResourceRunner[6388:50896132] [MonitoringSampleStore] history=1 capacity=1203
2026-10-03 21:52:15.155210+0900 ResourceRunner[6388:50896201] [MonitoringSampleStore] history=1 capacity=1203
2026-10-03 21:52:15.155166+0900 ResourceRunner[6388:50896200] [MonitoringScheduler] apply axis=SilentSystemMetricsSampleSource schedule=running(5.0 seconds) generation=2 collectionEpoch=0 appendedTotal=0
2026-10-03 21:52:15.155133+0900 ResourceRunner[6388:50896162] [MonitoringSampleStore] history=400 capacity=1203
2026-10-03 21:52:15.155207+0900 ResourceRunner[6388:50896166] [MonitoringSampleStore] history=1 capacity=1203
2026-10-03 21:52:15.155132+0900 ResourceRunner[6388:50896165] [MonitoringSampleStore] history=399 capacity=1203
2026-10-03 21:52:15.155213+0900 ResourceRunner[6388:50896161] [MonitoringSampleStore] history=2 capacity=1203
2026-10-03 21:52:15.155208+0900 ResourceRunner[6388:50896140] [MonitoringSampleStore] history=1 capacity=1203
2026-10-03 21:52:15.155282+0900 ResourceRunner[6388:50896132] [MonitoringSampleStore] first valid history point collectionEpoch=0 history=1
2026-10-03 21:52:15.155283+0900 ResourceRunner[6388:50896201] [MonitoringSampleStore] history=1 capacity=1203
2026-10-03 21:52:15.155225+0900 ResourceRunner[6388:50896164] [MonitoringSampleStore] history=2 capacity=1203
2026-10-03 21:52:15.155149+0900 ResourceRunner[6388:50896202] [MonitoringSampleStore] first valid history point collectionEpoch=0 history=1
2026-10-03 21:52:15.155285+0900 ResourceRunner[6388:50896200] [MonitoringSampleStore] history=1 capacity=1203
2026-10-03 21:52:15.155215+0900 ResourceRunner[6388:50896183] [MonitoringSampleStore] first valid history point collectionEpoch=0 history=1
2026-10-03 21:52:15.155144+0900 ResourceRunner[6388:50896131] [MonitoringScheduler] apply axis=SilentSystemMetricsSampleSource schedule=paused generation=3 collectionEpoch=1 appendedTotal=0
2026-10-03 21:52:15.155215+0900 ResourceRunner[6388:50896184] [MonitoringSampleStore] history=1 capacity=1203
2026-10-03 21:52:15.155288+0900 ResourceRunner[6388:50896162] [MonitoringSampleStore] first valid history point collectionEpoch=0 history=1
2026-10-03 21:52:15.155360+0900 ResourceRunner[6388:50896201] [MonitoringSampleStore] history=1 capacity=1203
2026-10-03 21:52:15.155290+0900 ResourceRunner[6388:50896165] [MonitoringSampleStore] history=3 capacity=1203
2026-10-03 21:52:15.155361+0900 ResourceRunner[6388:50896164] [MonitoringSampleStore] history=2 capacity=1203
2026-10-03 21:52:15.155363+0900 ResourceRunner[6388:50896202] [MonitoringSampleStore] history=3 capacity=1203
2026-10-03 21:52:15.155287+0900 ResourceRunner[6388:50896166] [MonitoringSampleStore] history=1 capacity=1203
2026-10-03 21:52:15.155289+0900 ResourceRunner[6388:50896161] [MonitoringSampleStore] history=2 capacity=1203
2026-10-03 21:52:15.155370+0900 ResourceRunner[6388:50896131] [MonitoringSampleStore] history=6 capacity=1203
2026-10-03 21:52:15.155438+0900 ResourceRunner[6388:50896162] [MonitoringSampleStore] history=8 capacity=1203
2026-10-03 21:52:15.155438+0900 ResourceRunner[6388:50896201] [MonitoringSampleStore] history=9 capacity=1203
2026-10-03 21:52:15.155441+0900 ResourceRunner[6388:50896165] [MonitoringSampleStore] history=10 capacity=1203
2026-10-03 21:52:15.155370+0900 ResourceRunner[6388:50896184] [MonitoringSampleStore] history=7 capacity=1203
2026-10-03 21:52:15.155385+0900 ResourceRunner[6388:50896200] [MonitoringSampleStore] history=5 capacity=1203
2026-10-03 21:52:15.155289+0900 ResourceRunner[6388:50896132] [MonitoringSampleStore] history=4 capacity=1203
2026-10-03 21:52:15.155444+0900 ResourceRunner[6388:50896166] [MonitoringSampleStore] history=13 capacity=1203
2026-10-03 21:52:15.155367+0900 ResourceRunner[6388:50896183] [MonitoringSampleStore] history=4 capacity=1203
2026-10-03 21:52:15.155290+0900 ResourceRunner[6388:50896140] [MonitoringSampleStore] first valid history point collectionEpoch=0 history=1
2026-10-03 21:52:15.155443+0900 ResourceRunner[6388:50896161] [MonitoringSampleStore] history=14 capacity=1203
2026-10-03 21:52:15.155513+0900 ResourceRunner[6388:50896165] [MonitoringSampleStore] history=18 capacity=1203
2026-10-03 21:52:15.155515+0900 ResourceRunner[6388:50896200] [MonitoringSampleStore] history=20 capacity=1203
2026-10-03 21:52:15.155445+0900 ResourceRunner[6388:50896162] [MonitoringSampleStore] history=16 capacity=1203
2026-10-03 21:52:15.155444+0900 ResourceRunner[6388:50896202] [MonitoringSampleStore] history=11 capacity=1203
2026-10-03 21:52:15.155445+0900 ResourceRunner[6388:50896131] [MonitoringSampleStore] history=17 capacity=1203
2026-10-03 21:52:15.155518+0900 ResourceRunner[6388:50896132] [MonitoringSampleStore] history=22 capacity=1203
2026-10-03 21:52:15.155518+0900 ResourceRunner[6388:50896166] [MonitoringSampleStore] history=21 capacity=1203
2026-10-03 21:52:15.155518+0900 ResourceRunner[6388:50896183] [MonitoringSampleStore] history=23 capacity=1203
2026-10-03 21:52:15.155444+0900 ResourceRunner[6388:50896164] [MonitoringSampleStore] history=12 capacity=1203
2026-10-03 21:52:15.155445+0900 ResourceRunner[6388:50896201] [MonitoringSampleStore] history=15 capacity=1203
2026-10-03 21:52:15.155520+0900 ResourceRunner[6388:50896161] [MonitoringSampleStore] history=26 capacity=1203
2026-10-03 21:52:15.155586+0900 ResourceRunner[6388:50896202] [MonitoringSampleStore] history=29 capacity=1203
2026-10-03 21:52:15.155584+0900 ResourceRunner[6388:50896200] [MonitoringSampleStore] history=27 capacity=1203
2026-10-03 21:52:15.155585+0900 ResourceRunner[6388:50896162] [MonitoringSampleStore] history=28 capacity=1203
2026-10-03 21:52:15.155515+0900 ResourceRunner[6388:50896184] [MonitoringSampleStore] history=19 capacity=1203
2026-10-03 21:52:15.155520+0900 ResourceRunner[6388:50896165] [MonitoringSampleStore] history=25 capacity=1203
2026-10-03 21:52:15.155592+0900 ResourceRunner[6388:50896164] [MonitoringSampleStore] history=33 capacity=1203
2026-10-03 21:52:15.155588+0900 ResourceRunner[6388:50896131] [MonitoringSampleStore] history=30 capacity=1203
2026-10-03 21:52:15.155673+0900 ResourceRunner[6388:50896161] [MonitoringSampleStore] history=36 capacity=1203
2026-10-03 21:52:15.155676+0900 ResourceRunner[6388:50896202] [MonitoringSampleStore] history=37 capacity=1203
2026-10-03 21:52:15.155680+0900 ResourceRunner[6388:50896161] [MonitoringSampleStore] history=43 capacity=1203
2026-10-03 21:52:15.155613+0900 ResourceRunner[6388:50896201] [MonitoringSampleStore] history=35 capacity=1203
2026-10-03 21:52:15.155676+0900 ResourceRunner[6388:50896200] [MonitoringSampleStore] history=38 capacity=1203
2026-10-03 21:52:15.155612+0900 ResourceRunner[6388:50896183] [MonitoringSampleStore] history=34 capacity=1203
2026-10-03 21:52:15.155681+0900 ResourceRunner[6388:50896131] [MonitoringSampleStore] history=44 capacity=1203
2026-10-03 21:52:15.155589+0900 ResourceRunner[6388:50896166] [MonitoringSampleStore] history=32 capacity=1203
2026-10-03 21:52:15.155519+0900 ResourceRunner[6388:50896140] [MonitoringSampleStore] history=24 capacity=1203
2026-10-03 21:52:15.155588+0900 ResourceRunner[6388:50896132] [MonitoringSampleStore] history=31 capacity=1203
2026-10-03 21:52:15.155681+0900 ResourceRunner[6388:50896165] [MonitoringSampleStore] history=42 capacity=1203
2026-10-03 21:52:15.155680+0900 ResourceRunner[6388:50896184] [MonitoringSampleStore] history=40 capacity=1203
2026-10-03 21:52:15.155681+0900 ResourceRunner[6388:50896164] [MonitoringSampleStore] history=41 capacity=1203
2026-10-03 21:52:15.155749+0900 ResourceRunner[6388:50896161] [MonitoringSampleStore] history=45 capacity=1203
2026-10-03 21:52:15.155751+0900 ResourceRunner[6388:50896202] [MonitoringSampleStore] history=46 capacity=1203
2026-10-03 21:52:15.155677+0900 ResourceRunner[6388:50896162] [MonitoringSampleStore] history=39 capacity=1203
2026-10-03 21:52:15.155752+0900 ResourceRunner[6388:50896166] [MonitoringSampleStore] history=48 capacity=1203
2026-10-03 21:52:15.155754+0900 ResourceRunner[6388:50896131] [MonitoringSampleStore] history=51 capacity=1203
2026-10-03 21:52:15.155826+0900 ResourceRunner[6388:50896165] [MonitoringSampleStore] history=54 capacity=1203
2026-10-03 21:52:15.155827+0900 ResourceRunner[6388:50896184] [MonitoringSampleStore] history=55 capacity=1203
2026-10-03 21:52:15.155829+0900 ResourceRunner[6388:50896164] [MonitoringSampleStore] history=56 capacity=1203
2026-10-03 21:52:15.155830+0900 ResourceRunner[6388:50896161] [MonitoringSampleStore] history=57 capacity=1203
2026-10-03 21:52:15.155833+0900 ResourceRunner[6388:50896202] [MonitoringSampleStore] history=58 capacity=1203
2026-10-03 21:52:15.155752+0900 ResourceRunner[6388:50896183] [MonitoringSampleStore] history=47 capacity=1203
2026-10-03 21:52:15.155833+0900 ResourceRunner[6388:50896166] [MonitoringSampleStore] history=60 capacity=1203
2026-10-03 21:52:15.155777+0900 ResourceRunner[6388:50896200] [MonitoringSampleStore] history=50 capacity=1203
2026-10-03 21:52:15.155761+0900 ResourceRunner[6388:50896201] [MonitoringSampleStore] history=53 capacity=1203
2026-10-03 21:52:15.155753+0900 ResourceRunner[6388:50896140] [MonitoringSampleStore] history=49 capacity=1203
2026-10-03 21:52:15.155833+0900 ResourceRunner[6388:50896162] [MonitoringSampleStore] history=59 capacity=1203
2026-10-03 21:52:15.155898+0900 ResourceRunner[6388:50896164] [MonitoringSampleStore] history=64 capacity=1203
2026-10-03 21:52:15.155898+0900 ResourceRunner[6388:50896161] [MonitoringSampleStore] history=65 capacity=1203
2026-10-03 21:52:15.155781+0900 ResourceRunner[6388:50896132] [MonitoringSampleStore] history=52 capacity=1203
2026-10-03 21:52:15.155834+0900 ResourceRunner[6388:50896131] [MonitoringSampleStore] history=61 capacity=1203
2026-10-03 21:52:15.155900+0900 ResourceRunner[6388:50896202] [MonitoringSampleStore] history=66 capacity=1203
2026-10-03 21:52:15.155835+0900 ResourceRunner[6388:50896184] [MonitoringSampleStore] history=63 capacity=1203
2026-10-03 21:52:15.155908+0900 ResourceRunner[6388:50896140] [MonitoringSampleStore] history=70 capacity=1203
2026-10-03 21:52:15.155903+0900 ResourceRunner[6388:50896166] [MonitoringSampleStore] history=68 capacity=1203
2026-10-03 21:52:15.155990+0900 ResourceRunner[6388:50896132] [MonitoringSampleStore] history=75 capacity=1203
2026-10-03 21:52:15.155987+0900 ResourceRunner[6388:50896164] [MonitoringSampleStore] history=73 capacity=1203
2026-10-03 21:52:15.155924+0900 ResourceRunner[6388:50896201] [MonitoringSampleStore] history=71 capacity=1203
2026-10-03 21:52:15.155988+0900 ResourceRunner[6388:50896161] [MonitoringSampleStore] history=74 capacity=1203
2026-10-03 21:52:15.155909+0900 ResourceRunner[6388:50896162] [MonitoringSampleStore] history=72 capacity=1203
2026-10-03 21:52:15.155903+0900 ResourceRunner[6388:50896200] [MonitoringSampleStore] history=69 capacity=1203
2026-10-03 21:52:15.155834+0900 ResourceRunner[6388:50896165] [MonitoringSampleStore] history=62 capacity=1203
2026-10-03 21:52:15.155994+0900 ResourceRunner[6388:50896202] [MonitoringSampleStore] history=78 capacity=1203
2026-10-03 21:52:15.156066+0900 ResourceRunner[6388:50896164] [MonitoringSampleStore] history=82 capacity=1203
2026-10-03 21:52:15.155994+0900 ResourceRunner[6388:50896131] [MonitoringSampleStore] history=76 capacity=1203
2026-10-03 21:52:15.156068+0900 ResourceRunner[6388:50896201] [MonitoringSampleStore] history=83 capacity=1203
2026-10-03 21:52:15.155996+0900 ResourceRunner[6388:50896132] [MonitoringSampleStore] history=81 capacity=1203
2026-10-03 21:52:15.156068+0900 ResourceRunner[6388:50896161] [MonitoringSampleStore] history=84 capacity=1203
2026-10-03 21:52:15.155994+0900 ResourceRunner[6388:50896184] [MonitoringSampleStore] history=79 capacity=1203
2026-10-03 21:52:15.156071+0900 ResourceRunner[6388:50896200] [MonitoringSampleStore] history=85 capacity=1203
2026-10-03 21:52:15.155996+0900 ResourceRunner[6388:50896166] [MonitoringSampleStore] history=80 capacity=1203
2026-10-03 21:52:15.155903+0900 ResourceRunner[6388:50896183] [MonitoringSampleStore] history=67 capacity=1203
2026-10-03 21:52:15.156074+0900 ResourceRunner[6388:50896131] [MonitoringSampleStore] history=90 capacity=1203
2026-10-03 21:52:15.156145+0900 ResourceRunner[6388:50896201] [MonitoringSampleStore] history=91 capacity=1203
2026-10-03 21:52:15.156146+0900 ResourceRunner[6388:50896132] [MonitoringSampleStore] history=92 capacity=1203
2026-10-03 21:52:15.156147+0900 ResourceRunner[6388:50896161] [MonitoringSampleStore] history=93 capacity=1203
2026-10-03 21:52:15.156072+0900 ResourceRunner[6388:50896165] [MonitoringSampleStore] history=87 capacity=1203
2026-10-03 21:52:15.156073+0900 ResourceRunner[6388:50896202] [MonitoringSampleStore] history=88 capacity=1203
2026-10-03 21:52:15.156073+0900 ResourceRunner[6388:50896164] [MonitoringSampleStore] history=89 capacity=1203
2026-10-03 21:52:15.156072+0900 ResourceRunner[6388:50896162] [MonitoringSampleStore] history=86 capacity=1203
2026-10-03 21:52:15.156150+0900 ResourceRunner[6388:50896184] [MonitoringSampleStore] history=95 capacity=1203
2026-10-03 21:52:15.156219+0900 ResourceRunner[6388:50896132] [MonitoringSampleStore] history=100 capacity=1203
2026-10-03 21:52:15.155993+0900 ResourceRunner[6388:50896140] [MonitoringSampleStore] history=77 capacity=1203
2026-10-03 21:52:15.156225+0900 ResourceRunner[6388:50896161] [MonitoringSampleStore] history=103 capacity=1203
2026-10-03 21:52:15.156225+0900 ResourceRunner[6388:50896165] [MonitoringSampleStore] history=104 capacity=1203
2026-10-03 21:52:15.156151+0900 ResourceRunner[6388:50896200] [MonitoringSampleStore] history=94 capacity=1203
2026-10-03 21:52:15.156226+0900 ResourceRunner[6388:50896184] [MonitoringSampleStore] history=105 capacity=1203
2026-10-03 21:52:15.156225+0900 ResourceRunner[6388:50896162] [MonitoringSampleStore] history=101 capacity=1203
2026-10-03 21:52:15.156153+0900 ResourceRunner[6388:50896131] [MonitoringSampleStore] history=98 capacity=1203
2026-10-03 21:52:15.156152+0900 ResourceRunner[6388:50896201] [MonitoringSampleStore] history=99 capacity=1203
2026-10-03 21:52:15.156151+0900 ResourceRunner[6388:50896166] [MonitoringSampleStore] history=96 capacity=1203
2026-10-03 21:52:15.156228+0900 ResourceRunner[6388:50896140] [MonitoringSampleStore] history=108 capacity=1203
2026-10-03 21:52:15.156301+0900 ResourceRunner[6388:50896165] [MonitoringSampleStore] history=110 capacity=1203
2026-10-03 21:52:15.156302+0900 ResourceRunner[6388:50896200] [MonitoringSampleStore] history=111 capacity=1203
2026-10-03 21:52:15.156304+0900 ResourceRunner[6388:50896184] [MonitoringSampleStore] history=112 capacity=1203
2026-10-03 21:52:15.156229+0900 ResourceRunner[6388:50896161] [MonitoringSampleStore] history=109 capacity=1203
2026-10-03 21:52:15.156226+0900 ResourceRunner[6388:50896132] [MonitoringSampleStore] history=107 capacity=1203
2026-10-03 21:52:15.156306+0900 ResourceRunner[6388:50896162] [MonitoringSampleStore] history=113 capacity=1203
2026-10-03 21:52:15.156306+0900 ResourceRunner[6388:50896131] [MonitoringSampleStore] history=114 capacity=1203
2026-10-03 21:52:15.156307+0900 ResourceRunner[6388:50896201] [MonitoringSampleStore] history=115 capacity=1203
2026-10-03 21:52:15.156376+0900 ResourceRunner[6388:50896200] [MonitoringSampleStore] history=119 capacity=1203
2026-10-03 21:52:15.156152+0900 ResourceRunner[6388:50896183] [MonitoringSampleStore] history=97 capacity=1203
2026-10-03 21:52:15.156377+0900 ResourceRunner[6388:50896184] [MonitoringSampleStore] history=120 capacity=1203
2026-10-03 21:52:15.156378+0900 ResourceRunner[6388:50896161] [MonitoringSampleStore] history=121 capacity=1203
2026-10-03 21:52:15.156308+0900 ResourceRunner[6388:50896165] [MonitoringSampleStore] history=117 capacity=1203
2026-10-03 21:52:15.156226+0900 ResourceRunner[6388:50896202] [MonitoringSampleStore] history=102 capacity=1203
2026-10-03 21:52:15.156227+0900 ResourceRunner[6388:50896164] [MonitoringSampleStore] history=106 capacity=1203
2026-10-03 21:52:15.156308+0900 ResourceRunner[6388:50896140] [MonitoringSampleStore] history=118 capacity=1203
2026-10-03 21:52:15.156307+0900 ResourceRunner[6388:50896166] [MonitoringSampleStore] history=116 capacity=1203
2026-10-03 21:52:15.156382+0900 ResourceRunner[6388:50896132] [MonitoringSampleStore] history=123 capacity=1203
2026-10-03 21:52:15.156455+0900 ResourceRunner[6388:50896184] [MonitoringSampleStore] history=128 capacity=1203
2026-10-03 21:52:15.156456+0900 ResourceRunner[6388:50896161] [MonitoringSampleStore] history=129 capacity=1203
2026-10-03 21:52:15.156457+0900 ResourceRunner[6388:50896165] [MonitoringSampleStore] history=130 capacity=1203
2026-10-03 21:52:15.156382+0900 ResourceRunner[6388:50896201] [MonitoringSampleStore] history=125 capacity=1203
2026-10-03 21:52:15.156382+0900 ResourceRunner[6388:50896131] [MonitoringSampleStore] history=124 capacity=1203
2026-10-03 21:52:15.156381+0900 ResourceRunner[6388:50896162] [MonitoringSampleStore] history=122 capacity=1203
2026-10-03 21:52:15.156384+0900 ResourceRunner[6388:50896200] [MonitoringSampleStore] history=126 capacity=1203
2026-10-03 21:52:15.156384+0900 ResourceRunner[6388:50896183] [MonitoringSampleStore] history=127 capacity=1203
2026-10-03 21:52:15.156462+0900 ResourceRunner[6388:50896132] [MonitoringSampleStore] history=136 capacity=1203
2026-10-03 21:52:15.156532+0900 ResourceRunner[6388:50896161] [MonitoringSampleStore] history=137 capacity=1203
2026-10-03 21:52:15.156533+0900 ResourceRunner[6388:50896165] [MonitoringSampleStore] history=138 capacity=1203
2026-10-03 21:52:15.156461+0900 ResourceRunner[6388:50896140] [MonitoringSampleStore] history=133 capacity=1203
2026-10-03 21:52:15.156536+0900 ResourceRunner[6388:50896131] [MonitoringSampleStore] history=140 capacity=1203
2026-10-03 21:52:15.156460+0900 ResourceRunner[6388:50896202] [MonitoringSampleStore] history=132 capacity=1203
2026-10-03 21:52:15.156537+0900 ResourceRunner[6388:50896200] [MonitoringSampleStore] history=142 capacity=1203
2026-10-03 21:52:15.156538+0900 ResourceRunner[6388:50896183] [MonitoringSampleStore] history=143 capacity=1203
2026-10-03 21:52:15.156462+0900 ResourceRunner[6388:50896184] [MonitoringSampleStore] history=135 capacity=1203
2026-10-03 21:52:15.156544+0900 ResourceRunner[6388:50896132] [MonitoringSampleStore] history=145 capacity=1203
2026-10-03 21:52:15.156664+0900 ResourceRunner[6388:50896165] [MonitoringSampleStore] history=146 capacity=1203
2026-10-03 21:52:15.156666+0900 ResourceRunner[6388:50896131] [MonitoringSampleStore] history=148 capacity=1203
2026-10-03 21:52:15.156669+0900 ResourceRunner[6388:50896202] [MonitoringSampleStore] history=150 capacity=1203
2026-10-03 21:52:15.156539+0900 ResourceRunner[6388:50896161] [MonitoringSampleStore] history=144 capacity=1203
2026-10-03 21:52:15.156667+0900 ResourceRunner[6388:50896200] [MonitoringSampleStore] history=149 capacity=1203
2026-10-03 21:52:15.156462+0900 ResourceRunner[6388:50896166] [MonitoringSampleStore] history=134 capacity=1203
2026-10-03 21:52:15.156671+0900 ResourceRunner[6388:50896165] [MonitoringSampleStore] history=154 capacity=1203
2026-10-03 21:52:15.156537+0900 ResourceRunner[6388:50896162] [MonitoringSampleStore] history=141 capacity=1203
2026-10-03 21:52:15.156671+0900 ResourceRunner[6388:50896184] [MonitoringSampleStore] history=152 capacity=1203
2026-10-03 21:52:15.156535+0900 ResourceRunner[6388:50896201] [MonitoringSampleStore] history=139 capacity=1203
2026-10-03 21:52:15.156742+0900 ResourceRunner[6388:50896131] [MonitoringSampleStore] history=155 capacity=1203
2026-10-03 21:52:15.156742+0900 ResourceRunner[6388:50896202] [MonitoringSampleStore] history=156 capacity=1203
2026-10-03 21:52:15.156666+0900 ResourceRunner[6388:50896140] [MonitoringSampleStore] history=147 capacity=1203
2026-10-03 21:52:15.156750+0900 ResourceRunner[6388:50896200] [MonitoringSampleStore] history=159 capacity=1203
2026-10-03 21:52:15.156460+0900 ResourceRunner[6388:50896164] [MonitoringSampleStore] history=131 capacity=1203
2026-10-03 21:52:15.156670+0900 ResourceRunner[6388:50896132] [MonitoringSampleStore] history=153 capacity=1203
2026-10-03 21:52:15.156747+0900 ResourceRunner[6388:50896162] [MonitoringSampleStore] history=157 capacity=1203
2026-10-03 21:52:15.156754+0900 ResourceRunner[6388:50896131] [MonitoringSampleStore] history=161 capacity=1203
2026-10-03 21:52:15.156763+0900 ResourceRunner[6388:50896165] [MonitoringSampleStore] history=163 capacity=1203
2026-10-03 21:52:15.156806+0900 ResourceRunner[6388:50896202] [MonitoringSampleStore] history=165 capacity=1203
2026-10-03 21:52:15.156807+0900 ResourceRunner[6388:50896140] [MonitoringSampleStore] history=166 capacity=1203
2026-10-03 21:52:15.156763+0900 ResourceRunner[6388:50896166] [MonitoringSampleStore] history=162 capacity=1203
2026-10-03 21:52:15.156748+0900 ResourceRunner[6388:50896161] [MonitoringSampleStore] history=158 capacity=1203
2026-10-03 21:52:15.156668+0900 ResourceRunner[6388:50896183] [MonitoringSampleStore] history=151 capacity=1203
2026-10-03 21:52:15.156782+0900 ResourceRunner[6388:50896184] [MonitoringSampleStore] history=164 capacity=1203
2026-10-03 21:52:15.156754+0900 ResourceRunner[6388:50896201] [MonitoringSampleStore] history=160 capacity=1203
2026-10-03 21:52:15.156810+0900 ResourceRunner[6388:50896200] [MonitoringSampleStore] history=168 capacity=1203
2026-10-03 21:52:15.156814+0900 ResourceRunner[6388:50896165] [MonitoringSampleStore] history=173 capacity=1203
2026-10-03 21:52:15.156872+0900 ResourceRunner[6388:50896140] [MonitoringSampleStore] history=174 capacity=1203
2026-10-03 21:52:15.156874+0900 Resou2026-10-03 21:52:15.156811+0900 ResourceRunner[6388:50896132] [MonitoringSampleStore] history=170 capacity=1203
2026-10-03 21:52:15.156810+0900 ResourceRunner[6388:50896164] [MonitoringSampleStore] history=167 capacity=1203
2026-10-03 21:52:15.156875+0900 ResourceRunner[6388:50896161] [MonitoringSampleStore] history=176 capacity=1203
2026-10-03 21:52:15.156878+0900 ResourceRunner[6388:50896201] [MonitoringSampleStore] history=179 capacity=1203
2026-10-03 21:52:15.156812+0900 ResourceRunner[6388:50896131] [MonitoringSampleStore] history=171 capacity=1203
2026-10-03 21:52:15.156811+0900 ResourceRunner[6388:50896162] [MonitoringSampleStore] history=169 capacity=1203
2026-10-03 21:52:15.156878+0900 ResourceRunner[6388:50896184] [MonitoringSampleStore] history=178 capacity=1203
2026-10-03 21:52:15.156879+0900 ResourceRunner[6388:50896140] [MonitoringSampleStore] history=182 capacity=1203
2026-10-03 21:52:15.156813+0900 ResourceRunner[6388:50896202] [MonitoringSampleStore] history=172 capacity=1203
2026-10-03 21:52:15.156876+0900 ResourceRunner[6388:50896183] [MonitoringSampleStore] history=177 capacity=1203
2026-10-03 21:52:15.156879+0900 ResourceRunner[6388:50896165] [MonitoringSampleStore] history=181 capacity=1203
2026-10-03 21:52:15.156941+0900 ResourceRunner[6388:50896164] [MonitoringSampleStore] history=184 capacity=1203
2026-10-03 21:52:15.156940+0900 ResourceRunner[6388:50896132] [MonitoringSampleStore] history=183 capacity=1203
2026-10-03 21:52:15.156942+0900 ResourceRunner[6388:50896131] [MonitoringSampleStore] history=187 capacity=1203
2026-10-03 21:52:15.156942+0900 ResourceRunner[6388:50896162] [MonitoringSampleStore] history=188 capacity=1203
2026-10-03 21:52:15.156946+0900 ResourceRunner[6388:50896140] [MonitoringSampleStore] history=189 capacity=1203
2026-10-03 21:52:15.156941+0900 ResourceRunner[6388:50896161] [MonitoringSampleStore] history=185 capacity=1203
2026-10-03 21:52:15.157000+0900 ResourceRunner[6388:50896165] [MonitoringSampleStore] history=192 capacity=1203
2026-10-03 21:52:15.157001+0900 ResourceRunner[6388:50896183] [MonitoringSampleStore] history=193 capacity=1203
2026-10-03 21:52:15.157004+0900 ResourceRunner[6388:50896164] [MonitoringSampleStore] history=194 capacity=1203
2026-10-03 21:52:15.157005+0900 ResourceRunner[6388:50896132] [MonitoringSampleStore] history=195 capacity=1203
2026-10-03 21:52:15.156971+0900 ResourceRunner[6388:50896202] [MonitoringSampleStore] history=191 capacity=1203
2026-10-03 21:52:15.157006+0900 ResourceRunner[6388:50896131] [MonitoringSampleStore] history=196 capacity=1203
2026-10-03 21:52:15.157008+0900 ResourceRunner[6388:50896162] [MonitoringSampleStore] history=197 capacity=1203
2026-10-03 21:52:15.156879+0900 ResourceRunner[6388:50896200] [MonitoringSampleStore] history=180 capacity=1203
2026-10-03 21:52:15.156941+0900 ResourceRunner[6388:50896201] [MonitoringSampleStore] history=186 capacity=1203
2026-10-03 21:52:15.157066+0900 ResourceRunner[6388:50896183] [MonitoringSampleStore] history=201 capacity=1203
2026-10-03 21:52:15.156951+0900 ResourceRunner[6388:50896184] [MonitoringSampleStore] history=190 capacity=1203
2026-10-03 21:52:15.157009+0900 ResourceRunner[6388:50896161] [MonitoringSampleStore] history=198 capacity=1203
2026-10-03 21:52:15.157009+0900 ResourceRunner[6388:50896140] [MonitoringSampleStore] history=199 capacity=1203
rceRunner[6388:50896166] [MonitoringSampleStore] history=175 capacity=1203
2026-10-03 21:52:15.157069+0900 ResourceRunner[6388:50896164] [MonitoringSampleStore] history=202 capacity=1203
2026-10-03 21:52:15.157070+0900 ResourceRunner[6388:50896132] [MonitoringSampleStore] history=203 capacity=1203
2026-10-03 21:52:15.157090+0900 ResourceRunner[6388:50896183] [MonitoringSampleStore] history=204 capacity=1203
2026-10-03 21:52:15.157011+0900 ResourceRunner[6388:50896165] [MonitoringSampleStore] history=200 capacity=1203
2026-10-03 21:52:15.157135+0900 ResourceRunner[6388:50896132] [MonitoringSampleStore] history=205 capacity=1203
2026-10-03 21:52:15.157192+0900 ResourceRunner[6388:50896132] [MonitoringSampleStore] history=206 capacity=1203
2026-10-03 21:52:15.157240+0900 ResourceRunner[6388:50896132] [MonitoringSampleStore] history=207 capacity=1203
2026-10-03 21:52:15.157302+0900 ResourceRunner[6388:50896132] [MonitoringSampleStore] history=208 capacity=1203
2026-10-03 21:52:15.157362+0900 ResourceRunner[6388:50896132] [MonitoringSampleStore] history=209 capacity=1203
2026-10-03 21:52:15.157420+0900 ResourceRunner[6388:50896132] [MonitoringSampleStore] history=210 capacity=1203
2026-10-03 21:52:15.157481+0900 ResourceRunner[6388:50896132] [MonitoringSampleStore] history=211 capacity=1203
2026-10-03 21:52:15.157536+0900 ResourceRunner[6388:50896132] [MonitoringSampleStore] history=212 capacity=1203
2026-10-03 21:52:15.157592+0900 ResourceRunner[6388:50896132] [MonitoringSampleStore] history=213 capacity=1203
2026-10-03 21:52:15.157646+0900 ResourceRunner[6388:50896132] [MonitoringSampleStore] history=214 capacity=1203
2026-10-03 21:52:15.157704+0900 ResourceRunner[6388:50896132] [MonitoringSampleStore] history=215 capacity=1203
2026-10-03 21:52:15.157757+0900 ResourceRunner[6388:50896132] [MonitoringSampleStore] history=216 capacity=1203
2026-10-03 21:52:15.157810+0900 ResourceRunner[6388:50896132] [MonitoringSampleStore] history=217 capacity=1203
2026-10-03 21:52:15.157865+0900 ResourceRunner[6388:50896132] [MonitoringSampleStore] history=218 capacity=1203
2026-10-03 21:52:15.157924+0900 ResourceRunner[6388:50896132] [MonitoringSampleStore] history=219 capacity=1203
2026-10-03 21:52:15.157988+0900 ResourceRunner[6388:50896132] [MonitoringSampleStore] history=220 capacity=1203
2026-10-03 21:52:15.158042+0900 ResourceRunner[6388:50896132] [MonitoringSampleStore] history=221 capacity=1203
2026-10-03 21:52:15.158104+0900 ResourceRunner[6388:50896132] [MonitoringSampleStore] history=222 capacity=1203
2026-10-03 21:52:15.158168+0900 ResourceRunner[6388:50896132] [MonitoringSampleStore] history=223 capacity=1203
2026-10-03 21:52:15.158221+0900 ResourceRunner[6388:50896132] [MonitoringSampleStore] history=224 capacity=1203
2026-10-03 21:52:15.158293+0900 ResourceRunner[6388:50896132] [MonitoringSampleStore] history=225 capacity=1203
2026-10-03 21:52:15.158351+0900 ResourceRunner[6388:50896132] [MonitoringSampleStore] history=226 capacity=1203
2026-10-03 21:52:15.158420+0900 ResourceRunner[6388:50896132] [MonitoringSampleStore] history=227 capacity=1203
2026-10-03 21:52:15.158477+0900 ResourceRunner[6388:50896132] [MonitoringSampleStore] history=228 capacity=1203
2026-10-03 21:52:15.158531+0900 ResourceRunner[6388:50896132] [MonitoringSampleStore] history=229 capacity=1203
2026-10-03 21:52:15.158596+0900 ResourceRunner[6388:50896132] [MonitoringSampleStore] history=230 capacity=1203
2026-10-03 21:52:15.158652+0900 ResourceRunner[6388:50896132] [MonitoringSampleStore] history=231 capacity=1203
2026-10-03 21:52:15.158707+0900 ResourceRunner[6388:50896132] [MonitoringSampleStore] history=232 capacity=1203
2026-10-03 21:52:15.158774+0900 ResourceRunner[6388:50896132] [MonitoringSampleStore] history=233 capacity=1203
2026-10-03 21:52:15.158831+0900 ResourceRunner[6388:50896132] [MonitoringSampleStore] history=234 capacity=1203
2026-10-03 21:52:15.158886+0900 ResourceRunner[6388:50896132] [MonitoringSampleStore] history=235 capacity=1203
2026-10-03 21:52:15.158954+0900 ResourceRunner[6388:50896132] [MonitoringSampleStore] history=236 capacity=1203
2026-10-03 21:52:15.159012+0900 ResourceRunner[6388:50896132] [MonitoringSampleStore] history=237 capacity=1203
2026-10-03 21:52:15.159068+0900 ResourceRunner[6388:50896132] [MonitoringSampleStore] history=238 capacity=1203
2026-10-03 21:52:15.159139+0900 ResourceRunner[6388:50896132] [MonitoringSampleStore] history=239 capacity=1203
2026-10-03 21:52:15.159200+0900 ResourceRunner[6388:50896132] [MonitoringSampleStore] history=240 capacity=1203
2026-10-03 21:52:15.159268+0900 ResourceRunner[6388:50896132] [MonitoringSampleStore] history=241 capacity=1203
2026-10-03 21:52:15.159328+0900 ResourceRunner[6388:50896132] [MonitoringSampleStore] history=242 capacity=1203
2026-10-03 21:52:15.159384+0900 ResourceRunner[6388:50896132] [MonitoringSampleStore] history=243 capacity=1203
2026-10-03 21:52:15.159452+0900 ResourceRunner[6388:50896132] [MonitoringSampleStore] history=244 capacity=1203
2026-10-03 21:52:15.159517+0900 ResourceRunner[6388:50896132] [MonitoringSampleStore] history=245 capacity=1203
2026-10-03 21:52:15.159578+0900 ResourceRunner[6388:50896132] [MonitoringSampleStore] history=246 capacity=1203
2026-10-03 21:52:15.159636+0900 ResourceRunner[6388:50896132] [MonitoringSampleStore] history=247 capacity=1203
2026-10-03 21:52:15.159712+0900 ResourceRunner[6388:50896132] [MonitoringSampleStore] history=248 capacity=1203
2026-10-03 21:52:15.159786+0900 ResourceRunner[6388:50896132] [MonitoringSampleStore] history=249 capacity=1203
2026-10-03 21:52:15.159849+0900 ResourceRunner[6388:50896132] [MonitoringSampleStore] history=250 capacity=1203
2026-10-03 21:52:15.159919+0900 ResourceRunner[6388:50896132] [MonitoringSampleStore] history=251 capacity=1203
2026-10-03 21:52:15.159988+0900 ResourceRunner[6388:50896132] [MonitoringSampleStore] history=252 capacity=1203
2026-10-03 21:52:15.160048+0900 ResourceRunner[6388:50896132] [MonitoringSampleStore] history=253 capacity=1203
2026-10-03 21:52:15.160108+0900 ResourceRunner[6388:50896132] [MonitoringSampleStore] history=254 capacity=1203
2026-10-03 21:52:15.160177+0900 ResourceRunner[6388:50896132] [MonitoringSampleStore] history=255 capacity=1203
2026-10-03 21:52:15.160239+0900 ResourceRunner[6388:50896132] [MonitoringSampleStore] history=256 capacity=1203
2026-10-03 21:52:15.160312+0900 ResourceRunner[6388:50896132] [MonitoringSampleStore] history=257 capacity=1203
2026-10-03 21:52:15.160379+0900 ResourceRunner[6388:50896132] [MonitoringSampleStore] history=258 capacity=1203
2026-10-03 21:52:15.160450+0900 ResourceRunner[6388:50896132] [MonitoringSampleStore] history=259 capacity=1203
2026-10-03 21:52:15.160521+0900 ResourceRunner[6388:50896132] [MonitoringSampleStore] history=260 capacity=1203
2026-10-03 21:52:15.160588+0900 ResourceRunner[6388:50896132] [MonitoringSampleStore] history=261 capacity=1203
2026-10-03 21:52:15.160656+0900 ResourceRunner[6388:50896132] [MonitoringSampleStore] history=262 capacity=1203
2026-10-03 21:52:15.160724+0900 ResourceRunner[6388:50896132] [MonitoringSampleStore] history=263 capacity=1203
2026-10-03 21:52:15.160795+0900 ResourceRunner[6388:50896132] [MonitoringSampleStore] history=264 capacity=1203
2026-10-03 21:52:15.160864+0900 ResourceRunner[6388:50896132] [MonitoringSampleStore] history=265 capacity=1203
2026-10-03 21:52:15.160933+0900 ResourceRunner[6388:50896132] [MonitoringSampleStore] history=266 capacity=1203
2026-10-03 21:52:15.161005+0900 ResourceRunner[6388:50896132] [MonitoringSampleStore] history=267 capacity=1203
2026-10-03 21:52:15.161073+0900 ResourceRunner[6388:50896132] [MonitoringSampleStore] history=268 capacity=1203
2026-10-03 21:52:15.161149+0900 ResourceRunner[6388:50896132] [MonitoringSampleStore] history=269 capacity=1203
2026-10-03 21:52:15.161218+0900 ResourceRunner[6388:50896132] [MonitoringSampleStore] history=270 capacity=1203
2026-10-03 21:52:15.161292+0900 ResourceRunner[6388:50896132] [MonitoringSampleStore] history=271 capacity=1203
2026-10-03 21:52:15.161365+0900 ResourceRunner[6388:50896132] [MonitoringSampleStore] history=272 capacity=1203
2026-10-03 21:52:15.161434+0900 ResourceRunner[6388:50896132] [MonitoringSampleStore] history=273 capacity=1203
2026-10-03 21:52:15.161504+0900 ResourceRunner[6388:50896132] [MonitoringSampleStore] history=274 capacity=1203
2026-10-03 21:52:15.161579+0900 ResourceRunner[6388:50896132] [MonitoringSampleStore] history=275 capacity=1203
2026-10-03 21:52:15.161652+0900 ResourceRunner[6388:50896132] [MonitoringSampleStore] history=276 capacity=1203
2026-10-03 21:52:15.161723+0900 ResourceRunner[6388:50896132] [MonitoringSampleStore] history=277 capacity=1203
2026-10-03 21:52:15.161794+0900 ResourceRunner[6388:50896132] [MonitoringSampleStore] history=278 capacity=1203
2026-10-03 21:52:15.161865+0900 ResourceRunner[6388:50896132] [MonitoringSampleStore] history=279 capacity=1203
2026-10-03 21:52:15.161940+0900 ResourceRunner[6388:50896132] [MonitoringSampleStore] history=280 capacity=1203
2026-10-03 21:52:15.162014+0900 ResourceRunner[6388:50896132] [MonitoringSampleStore] history=281 capacity=1203
2026-10-03 21:52:15.162086+0900 ResourceRunner[6388:50896132] [MonitoringSampleStore] history=282 capacity=1203
2026-10-03 21:52:15.162158+0900 ResourceRunner[6388:50896132] [MonitoringSampleStore] history=283 capacity=1203
2026-10-03 21:52:15.162230+0900 ResourceRunner[6388:50896132] [MonitoringSampleStore] history=284 capacity=1203
2026-10-03 21:52:15.162306+0900 ResourceRunner[6388:50896132] [MonitoringSampleStore] history=285 capacity=1203
2026-10-03 21:52:15.162379+0900 ResourceRunner[6388:50896132] [MonitoringSampleStore] history=286 capacity=1203
2026-10-03 21:52:15.162453+0900 ResourceRunner[6388:50896132] [MonitoringSampleStore] history=287 capacity=1203
2026-10-03 21:52:15.162529+0900 ResourceRunner[6388:50896132] [MonitoringSampleStore] history=288 capacity=1203
2026-10-03 21:52:15.162605+0900 ResourceRunner[6388:50896132] [MonitoringSampleStore] history=289 capacity=1203
2026-10-03 21:52:15.162681+0900 ResourceRunner[6388:50896132] [MonitoringSampleStore] history=290 capacity=1203
2026-10-03 21:52:15.162755+0900 ResourceRunner[6388:50896132] [MonitoringSampleStore] history=291 capacity=1203
2026-10-03 21:52:15.162828+0900 ResourceRunner[6388:50896132] [MonitoringSampleStore] history=292 capacity=1203
2026-10-03 21:52:15.162902+0900 ResourceRunner[6388:50896132] [MonitoringSampleStore] history=293 capacity=1203
2026-10-03 21:52:15.162982+0900 ResourceRunner[6388:50896132] [MonitoringSampleStore] history=294 capacity=1203
2026-10-03 21:52:15.163058+0900 ResourceRunner[6388:50896132] [MonitoringSampleStore] history=295 capacity=1203
2026-10-03 21:52:15.163132+0900 ResourceRunner[6388:50896132] [MonitoringSampleStore] history=296 capacity=1203
2026-10-03 21:52:15.163209+0900 ResourceRunner[6388:50896132] [MonitoringSampleStore] history=297 capacity=1203
2026-10-03 21:52:15.163283+0900 ResourceRunner[6388:50896132] [MonitoringSampleStore] history=298 capacity=1203
2026-10-03 21:52:15.163360+0900 ResourceRunner[6388:50896132] [MonitoringSampleStore] history=299 capacity=1203
2026-10-03 21:52:15.163435+0900 ResourceRunner[6388:50896132] [MonitoringSampleStore] history=300 capacity=1203
2026-10-03 21:52:15.163510+0900 ResourceRunner[6388:50896132] [MonitoringSampleStore] history=301 capacity=1203
2026-10-03 21:52:15.163586+0900 ResourceRunner[6388:50896132] [MonitoringSampleStore] history=302 capacity=1203
2026-10-03 21:52:15.163661+0900 ResourceRunner[6388:50896132] [MonitoringSampleStore] history=303 capacity=1203
2026-10-03 21:52:15.163745+0900 ResourceRunner[6388:50896132] [MonitoringSampleStore] history=304 capacity=1203
2026-10-03 21:52:15.163827+0900 ResourceRunner[6388:50896132] [MonitoringSampleStore] history=305 capacity=1203
2026-10-03 21:52:15.163906+0900 ResourceRunner[6388:50896132] [MonitoringSampleStore] history=306 capacity=1203
2026-10-03 21:52:15.163982+0900 ResourceRunner[6388:50896132] [MonitoringSampleStore] history=307 capacity=1203
2026-10-03 21:52:15.164058+0900 ResourceRunner[6388:50896132] [MonitoringSampleStore] history=308 capacity=1203
2026-10-03 21:52:15.164135+0900 ResourceRunner[6388:50896132] [MonitoringSampleStore] history=309 capacity=1203
2026-10-03 21:52:15.164215+0900 ResourceRunner[6388:50896132] [MonitoringSampleStore] history=310 capacity=1203
2026-10-03 21:52:15.164294+0900 ResourceRunner[6388:50896132] [MonitoringSampleStore] history=311 capacity=1203
2026-10-03 21:52:15.164371+0900 ResourceRunner[6388:50896132] [MonitoringSampleStore] history=312 capacity=1203
2026-10-03 21:52:15.164451+0900 ResourceRunner[6388:50896132] [MonitoringSampleStore] history=313 capacity=1203
2026-10-03 21:52:15.164529+0900 ResourceRunner[6388:50896132] [MonitoringSampleStore] history=314 capacity=1203
2026-10-03 21:52:15.164606+0900 ResourceRunner[6388:50896132] [MonitoringSampleStore] history=315 capacity=1203
2026-10-03 21:52:15.164689+0900 ResourceRunner[6388:50896132] [MonitoringSampleStore] history=316 capacity=1203
2026-10-03 21:52:15.164767+0900 ResourceRunner[6388:50896132] [MonitoringSampleStore] history=317 capacity=1203
2026-10-03 21:52:15.164850+0900 ResourceRunner[6388:50896132] [MonitoringSampleStore] history=318 capacity=1203
2026-10-03 21:52:15.164941+0900 ResourceRunner[6388:50896132] [MonitoringSampleStore] history=319 capacity=1203
2026-10-03 21:52:15.165025+0900 ResourceRunner[6388:50896132] [MonitoringSampleStore] history=320 capacity=1203
2026-10-03 21:52:15.165110+0900 ResourceRunner[6388:50896132] [MonitoringSampleStore] history=321 capacity=1203
2026-10-03 21:52:15.165201+0900 ResourceRunner[6388:50896132] [MonitoringSampleStore] history=322 capacity=1203
2026-10-03 21:52:15.165283+0900 ResourceRunner[6388:50896132] [MonitoringSampleStore] history=323 capacity=1203
2026-10-03 21:52:15.165370+0900 ResourceRunner[6388:50896132] [MonitoringSampleStore] history=324 capacity=1203
2026-10-03 21:52:15.165455+0900 ResourceRunner[6388:50896132] [MonitoringSampleStore] history=325 capacity=1203
2026-10-03 21:52:15.165540+0900 ResourceRunner[6388:50896132] [MonitoringSampleStore] history=326 capacity=1203
2026-10-03 21:52:15.165626+0900 ResourceRunner[6388:50896132] [MonitoringSampleStore] history=327 capacity=1203
2026-10-03 21:52:15.165711+0900 ResourceRunner[6388:50896132] [MonitoringSampleStore] history=328 capacity=1203
2026-10-03 21:52:15.165800+0900 ResourceRunner[6388:50896132] [MonitoringSampleStore] history=329 capacity=1203
2026-10-03 21:52:15.165884+0900 ResourceRunner[6388:50896132] [MonitoringSampleStore] history=330 capacity=1203
2026-10-03 21:52:15.165969+0900 ResourceRunner[6388:50896132] [MonitoringSampleStore] history=331 capacity=1203
2026-10-03 21:52:15.166055+0900 ResourceRunner[6388:50896132] [MonitoringSampleStore] history=332 capacity=1203
2026-10-03 21:52:15.166142+0900 ResourceRunner[6388:50896132] [MonitoringSampleStore] history=333 capacity=1203
2026-10-03 21:52:15.166227+0900 ResourceRunner[6388:50896132] [MonitoringSampleStore] history=334 capacity=1203
2026-10-03 21:52:15.166314+0900 ResourceRunner[6388:50896132] [MonitoringSampleStore] history=335 capacity=1203
2026-10-03 21:52:15.166400+0900 ResourceRunner[6388:50896132] [MonitoringSampleStore] history=336 capacity=1203
2026-10-03 21:52:15.166487+0900 ResourceRunner[6388:50896132] [MonitoringSampleStore] history=337 capacity=1203
2026-10-03 21:52:15.166574+0900 ResourceRunner[6388:50896132] [MonitoringSampleStore] history=338 capacity=1203
2026-10-03 21:52:15.166661+0900 ResourceRunner[6388:50896132] [MonitoringSampleStore] history=339 capacity=1203
2026-10-03 21:52:15.166749+0900 ResourceRunner[6388:50896132] [MonitoringSampleStore] history=340 capacity=1203
2026-10-03 21:52:15.166836+0900 ResourceRunner[6388:50896132] [MonitoringSampleStore] history=341 capacity=1203
2026-10-03 21:52:15.166924+0900 ResourceRunner[6388:50896132] [MonitoringSampleStore] history=342 capacity=1203
2026-10-03 21:52:15.167012+0900 ResourceRunner[6388:50896132] [MonitoringSampleStore] history=343 capacity=1203
2026-10-03 21:52:15.167100+0900 ResourceRunner[6388:50896132] [MonitoringSampleStore] history=344 capacity=1203
2026-10-03 21:52:15.167192+0900 ResourceRunner[6388:50896132] [MonitoringSampleStore] history=345 capacity=1203
2026-10-03 21:52:15.167280+0900 ResourceRunner[6388:50896132] [MonitoringSampleStore] history=346 capacity=1203
2026-10-03 21:52:15.167369+0900 ResourceRunner[6388:50896132] [MonitoringSampleStore] history=347 capacity=1203
2026-10-03 21:52:15.167459+0900 ResourceRunner[6388:50896132] [MonitoringSampleStore] history=348 capacity=1203
2026-10-03 21:52:15.167548+0900 ResourceRunner[6388:50896132] [MonitoringSampleStore] history=349 capacity=1203
2026-10-03 21:52:15.167638+0900 ResourceRunner[6388:50896132] [MonitoringSampleStore] history=350 capacity=1203
2026-10-03 21:52:15.167727+0900 ResourceRunner[6388:50896132] [MonitoringSampleStore] history=351 capacity=1203
2026-10-03 21:52:15.167816+0900 ResourceRunner[6388:50896132] [MonitoringSampleStore] history=352 capacity=1203
2026-10-03 21:52:15.167906+0900 ResourceRunner[6388:50896132] [MonitoringSampleStore] history=353 capacity=1203
2026-10-03 21:52:15.167996+0900 ResourceRunner[6388:50896132] [MonitoringSampleStore] history=354 capacity=1203
2026-10-03 21:52:15.168086+0900 ResourceRunner[6388:50896132] [MonitoringSampleStore] history=355 capacity=1203
2026-10-03 21:52:15.168176+0900 ResourceRunner[6388:50896132] [MonitoringSampleStore] history=356 capacity=1203
2026-10-03 21:52:15.168266+0900 ResourceRunner[6388:50896132] [MonitoringSampleStore] history=357 capacity=1203
2026-10-03 21:52:15.168357+0900 ResourceRunner[6388:50896132] [MonitoringSampleStore] history=358 capacity=1203
2026-10-03 21:52:15.168447+0900 ResourceRunner[6388:50896132] [MonitoringSampleStore] history=359 capacity=1203
2026-10-03 21:52:15.168538+0900 ResourceRunner[6388:50896132] [MonitoringSampleStore] history=360 capacity=1203
2026-10-03 21:52:15.168629+0900 ResourceRunner[6388:50896132] [MonitoringSampleStore] history=361 capacity=1203
2026-10-03 21:52:15.168719+0900 ResourceRunner[6388:50896132] [MonitoringSampleStore] history=362 capacity=1203
2026-10-03 21:52:15.168810+0900 ResourceRunner[6388:50896132] [MonitoringSampleStore] history=363 capacity=1203
2026-10-03 21:52:15.168901+0900 ResourceRunner[6388:50896132] [MonitoringSampleStore] history=364 capacity=1203
2026-10-03 21:52:15.168992+0900 ResourceRunner[6388:50896132] [MonitoringSampleStore] history=365 capacity=1203
2026-10-03 21:52:15.169083+0900 ResourceRunner[6388:50896132] [MonitoringSampleStore] history=366 capacity=1203
2026-10-03 21:52:15.169175+0900 ResourceRunner[6388:50896132] [MonitoringSampleStore] history=367 capacity=1203
2026-10-03 21:52:15.169266+0900 ResourceRunner[6388:50896132] [MonitoringSampleStore] history=368 capacity=1203
2026-10-03 21:52:15.169361+0900 ResourceRunner[6388:50896132] [MonitoringSampleStore] history=369 capacity=1203
2026-10-03 21:52:15.169452+0900 ResourceRunner[6388:50896132] [MonitoringSampleStore] history=370 capacity=1203
2026-10-03 21:52:15.169553+0900 ResourceRunner[6388:50896132] [MonitoringSampleStore] history=371 capacity=1203
2026-10-03 21:52:15.169651+0900 ResourceRunner[6388:50896132] [MonitoringSampleStore] history=372 capacity=1203
2026-10-03 21:52:15.169750+0900 ResourceRunner[6388:50896132] [MonitoringSampleStore] history=373 capacity=1203
2026-10-03 21:52:15.169849+0900 ResourceRunner[6388:50896132] [MonitoringSampleStore] history=374 capacity=1203
2026-10-03 21:52:15.169948+0900 ResourceRunner[6388:50896132] [MonitoringSampleStore] history=375 capacity=1203
2026-10-03 21:52:15.170047+0900 ResourceRunner[6388:50896132] [MonitoringSampleStore] history=376 capacity=1203
2026-10-03 21:52:15.170147+0900 ResourceRunner[6388:50896132] [MonitoringSampleStore] history=377 capacity=1203
2026-10-03 21:52:15.170247+0900 ResourceRunner[6388:50896132] [MonitoringSampleStore] history=378 capacity=1203
2026-10-03 21:52:15.170351+0900 ResourceRunner[6388:50896132] [MonitoringSampleStore] history=379 capacity=1203
2026-10-03 21:52:15.170451+0900 ResourceRunner[6388:50896132] [MonitoringSampleStore] history=380 capacity=1203
2026-10-03 21:52:15.170552+0900 ResourceRunner[6388:50896132] [MonitoringSampleStore] history=381 capacity=1203
2026-10-03 21:52:15.170657+0900 ResourceRunner[6388:50896132] [MonitoringSampleStore] history=382 capacity=1203
2026-10-03 21:52:15.170757+0900 ResourceRunner[6388:50896132] [MonitoringSampleStore] history=383 capacity=1203
2026-10-03 21:52:15.170858+0900 ResourceRunner[6388:50896132] [MonitoringSampleStore] history=384 capacity=1203
2026-10-03 21:52:15.170959+0900 ResourceRunner[6388:50896132] [MonitoringSampleStore] history=385 capacity=1203
2026-10-03 21:52:15.171061+0900 ResourceRunner[6388:50896132] [MonitoringSampleStore] history=386 capacity=1203
2026-10-03 21:52:15.171164+0900 ResourceRunner[6388:50896132] [MonitoringSampleStore] history=387 capacity=1203
2026-10-03 21:52:15.171274+0900 ResourceRunner[6388:50896132] [MonitoringSampleStore] history=388 capacity=1203
2026-10-03 21:52:15.171382+0900 ResourceRunner[6388:50896132] [MonitoringSampleStore] history=389 capacity=1203
2026-10-03 21:52:15.171486+0900 ResourceRunner[6388:50896132] [MonitoringSampleStore] history=390 capacity=1203
2026-10-03 21:52:15.171589+0900 ResourceRunner[6388:50896132] [MonitoringSampleStore] history=391 capacity=1203
2026-10-03 21:52:15.171692+0900 ResourceRunner[6388:50896132] [MonitoringSampleStore] history=392 capacity=1203
2026-10-03 21:52:15.171795+0900 ResourceRunner[6388:50896132] [MonitoringSampleStore] history=393 capacity=1203
2026-10-03 21:52:15.171897+0900 ResourceRunner[6388:50896132] [MonitoringSampleStore] history=394 capacity=1203
2026-10-03 21:52:15.172001+0900 ResourceRunner[6388:50896132] [MonitoringSampleStore] history=395 capacity=1203
2026-10-03 21:52:15.172104+0900 ResourceRunner[6388:50896132] [MonitoringSampleStore] history=396 capacity=1203
2026-10-03 21:52:15.172208+0900 ResourceRunner[6388:50896132] [MonitoringSampleStore] history=397 capacity=1203
2026-10-03 21:52:15.172316+0900 ResourceRunner[6388:50896132] [MonitoringSampleStore] history=398 capacity=1203
2026-10-03 21:52:15.172424+0900 ResourceRunner[6388:50896132] [MonitoringSampleStore] history=399 capacity=1203
2026-10-03 21:52:15.172532+0900 ResourceRunner[6388:50896132] [MonitoringSampleStore] history=400 capacity=1203
2026-10-03 21:52:15.172637+0900 ResourceRunner[6388:50896132] [MonitoringSampleStore] history=401 capacity=1203
2026-10-03 21:52:15.172741+0900 ResourceRunner[6388:50896132] [MonitoringSampleStore] history=402 capacity=1203
2026-10-03 21:52:15.172850+0900 ResourceRunner[6388:50896132] [MonitoringSampleStore] history=403 capacity=1203
2026-10-03 21:52:15.172961+0900 ResourceRunner[6388:50896132] [MonitoringSampleStore] history=404 capacity=1203
2026-10-03 21:52:15.173075+0900 ResourceRunner[6388:50896132] [MonitoringSampleStore] history=405 capacity=1203
2026-10-03 21:52:15.173186+0900 ResourceRunner[6388:50896132] [MonitoringSampleStore] history=406 capacity=1203
2026-10-03 21:52:15.173300+0900 ResourceRunner[6388:50896132] [MonitoringSampleStore] history=407 capacity=1203
2026-10-03 21:52:15.173409+0900 ResourceRunner[6388:50896132] [MonitoringSampleStore] history=408 capacity=1203
2026-10-03 21:52:15.173523+0900 ResourceRunner[6388:50896132] [MonitoringSampleStore] history=409 capacity=1203
2026-10-03 21:52:15.173631+0900 ResourceRunner[6388:50896132] [MonitoringSampleStore] history=410 capacity=1203
2026-10-03 21:52:15.173738+0900 ResourceRunner[6388:50896132] [MonitoringSampleStore] history=411 capacity=1203
2026-10-03 21:52:15.173848+0900 ResourceRunner[6388:50896132] [MonitoringSampleStore] history=412 capacity=1203
2026-10-03 21:52:15.173956+0900 ResourceRunner[6388:50896132] [MonitoringSampleStore] history=413 capacity=1203
2026-10-03 21:52:15.174064+0900 ResourceRunner[6388:50896132] [MonitoringSampleStore] history=414 capacity=1203
2026-10-03 21:52:15.174177+0900 ResourceRunner[6388:50896132] [MonitoringSampleStore] history=415 capacity=1203
2026-10-03 21:52:15.174288+0900 ResourceRunner[6388:50896132] [MonitoringSampleStore] history=416 capacity=1203
2026-10-03 21:52:15.174394+0900 ResourceRunner[6388:50896132] [MonitoringSampleStore] history=417 capacity=1203
2026-10-03 21:52:15.174502+0900 ResourceRunner[6388:50896132] [MonitoringSampleStore] history=418 capacity=1203
2026-10-03 21:52:15.174609+0900 ResourceRunner[6388:50896132] [MonitoringSampleStore] history=419 capacity=1203
2026-10-03 21:52:15.174716+0900 ResourceRunner[6388:50896132] [MonitoringSampleStore] history=420 capacity=1203
2026-10-03 21:52:15.174824+0900 ResourceRunner[6388:50896132] [MonitoringSampleStore] history=421 capacity=1203
2026-10-03 21:52:15.174932+0900 ResourceRunner[6388:50896132] [MonitoringSampleStore] history=422 capacity=1203
2026-10-03 21:52:15.175044+0900 ResourceRunner[6388:50896132] [MonitoringSampleStore] history=423 capacity=1203
2026-10-03 21:52:15.175156+0900 ResourceRunner[6388:50896132] [MonitoringSampleStore] history=424 capacity=1203
2026-10-03 21:52:15.175270+0900 ResourceRunner[6388:50896132] [MonitoringSampleStore] history=425 capacity=1203
2026-10-03 21:52:15.175383+0900 ResourceRunner[6388:50896132] [MonitoringSampleStore] history=426 capacity=1203
2026-10-03 21:52:15.175491+0900 ResourceRunner[6388:50896132] [MonitoringSampleStore] history=427 capacity=1203
2026-10-03 21:52:15.175600+0900 ResourceRunner[6388:50896132] [MonitoringSampleStore] history=428 capacity=1203
2026-10-03 21:52:15.175710+0900 ResourceRunner[6388:50896132] [MonitoringSampleStore] history=429 capacity=1203
2026-10-03 21:52:15.175820+0900 ResourceRunner[6388:50896132] [MonitoringSampleStore] history=430 capacity=1203
2026-10-03 21:52:15.175933+0900 ResourceRunner[6388:50896132] [MonitoringSampleStore] history=431 capacity=1203
2026-10-03 21:52:15.176048+0900 ResourceRunner[6388:50896132] [MonitoringSampleStore] history=432 capacity=1203
2026-10-03 21:52:15.176167+0900 ResourceRunner[6388:50896166] [MonitoringSampleStore] history=433 capacity=1203
2026-10-03 21:52:15.176281+0900 ResourceRunner[6388:50896166] [MonitoringSampleStore] history=434 capacity=1203
2026-10-03 21:52:15.176397+0900 ResourceRunner[6388:50896166] [MonitoringSampleStore] history=435 capacity=1203
2026-10-03 21:52:15.176511+0900 ResourceRunner[6388:50896166] [MonitoringSampleStore] history=436 capacity=1203
2026-10-03 21:52:15.176621+0900 ResourceRunner[6388:50896166] [MonitoringSampleStore] history=437 capacity=1203
2026-10-03 21:52:15.176732+0900 ResourceRunner[6388:50896166] [MonitoringSampleStore] history=438 capacity=1203
2026-10-03 21:52:15.176844+0900 ResourceRunner[6388:50896166] [MonitoringSampleStore] history=439 capacity=1203
2026-10-03 21:52:15.176955+0900 ResourceRunner[6388:50896166] [MonitoringSampleStore] history=440 capacity=1203
2026-10-03 21:52:15.177066+0900 ResourceRunner[6388:50896166] [MonitoringSampleStore] history=441 capacity=1203
2026-10-03 21:52:15.177178+0900 ResourceRunner[6388:50896166] [MonitoringSampleStore] history=442 capacity=1203
2026-10-03 21:52:15.177285+0900 ResourceRunner[6388:50896166] [MonitoringSampleStore] history=443 capacity=1203
2026-10-03 21:52:15.177397+0900 ResourceRunner[6388:50896166] [MonitoringSampleStore] history=444 capacity=1203
2026-10-03 21:52:15.177509+0900 ResourceRunner[6388:50896166] [MonitoringSampleStore] history=445 capacity=1203
2026-10-03 21:52:15.177621+0900 ResourceRunner[6388:50896166] [MonitoringSampleStore] history=446 capacity=1203
2026-10-03 21:52:15.177738+0900 ResourceRunner[6388:50896166] [MonitoringSampleStore] history=447 capacity=1203
2026-10-03 21:52:15.177851+0900 ResourceRunner[6388:50896166] [MonitoringSampleStore] history=448 capacity=1203
2026-10-03 21:52:15.177964+0900 ResourceRunner[6388:50896166] [MonitoringSampleStore] history=449 capacity=1203
2026-10-03 21:52:15.178079+0900 ResourceRunner[6388:50896166] [MonitoringSampleStore] history=450 capacity=1203
2026-10-03 21:52:15.178193+0900 ResourceRunner[6388:50896166] [MonitoringSampleStore] history=451 capacity=1203
2026-10-03 21:52:15.178306+0900 ResourceRunner[6388:50896166] [MonitoringSampleStore] history=452 capacity=1203
2026-10-03 21:52:15.178420+0900 ResourceRunner[6388:50896166] [MonitoringSampleStore] history=453 capacity=1203
2026-10-03 21:52:15.178534+0900 ResourceRunner[6388:50896166] [MonitoringSampleStore] history=454 capacity=1203
2026-10-03 21:52:15.178649+0900 ResourceRunner[6388:50896166] [MonitoringSampleStore] history=455 capacity=1203
2026-10-03 21:52:15.178763+0900 ResourceRunner[6388:50896166] [MonitoringSampleStore] history=456 capacity=1203
2026-10-03 21:52:15.178887+0900 ResourceRunner[6388:50896166] [MonitoringSampleStore] history=457 capacity=1203
2026-10-03 21:52:15.179005+0900 ResourceRunner[6388:50896166] [MonitoringSampleStore] history=458 capacity=1203
2026-10-03 21:52:15.179121+0900 ResourceRunner[6388:50896166] [MonitoringSampleStore] history=459 capacity=1203
2026-10-03 21:52:15.179237+0900 ResourceRunner[6388:50896166] [MonitoringSampleStore] history=460 capacity=1203
2026-10-03 21:52:15.179352+0900 ResourceRunner[6388:50896166] [MonitoringSampleStore] history=461 capacity=1203
2026-10-03 21:52:15.179468+0900 ResourceRunner[6388:50896166] [MonitoringSampleStore] history=462 capacity=1203
2026-10-03 21:52:15.179586+0900 ResourceRunner[6388:50896166] [MonitoringSampleStore] history=463 capacity=1203
2026-10-03 21:52:15.179701+0900 ResourceRunner[6388:50896166] [MonitoringSampleStore] history=464 capacity=1203
2026-10-03 21:52:15.179817+0900 ResourceRunner[6388:50896166] [MonitoringSampleStore] history=465 capacity=1203
2026-10-03 21:52:15.179934+0900 ResourceRunner[6388:50896166] [MonitoringSampleStore] history=466 capacity=1203
2026-10-03 21:52:15.180050+0900 ResourceRunner[6388:50896166] [MonitoringSampleStore] history=467 capacity=1203
2026-10-03 21:52:15.180167+0900 ResourceRunner[6388:50896166] [MonitoringSampleStore] history=468 capacity=1203
2026-10-03 21:52:15.180284+0900 ResourceRunner[6388:50896166] [MonitoringSampleStore] history=469 capacity=1203
2026-10-03 21:52:15.180401+0900 ResourceRunner[6388:50896166] [MonitoringSampleStore] history=470 capacity=1203
2026-10-03 21:52:15.180518+0900 ResourceRunner[6388:50896166] [MonitoringSampleStore] history=471 capacity=1203
2026-10-03 21:52:15.180636+0900 ResourceRunner[6388:50896166] [MonitoringSampleStore] history=472 capacity=1203
2026-10-03 21:52:15.180754+0900 ResourceRunner[6388:50896166] [MonitoringSampleStore] history=473 capacity=1203
2026-10-03 21:52:15.180872+0900 ResourceRunner[6388:50896166] [MonitoringSampleStore] history=474 capacity=1203
2026-10-03 21:52:15.180991+0900 ResourceRunner[6388:50896166] [MonitoringSampleStore] history=475 capacity=1203
2026-10-03 21:52:15.181110+0900 ResourceRunner[6388:50896166] [MonitoringSampleStore] history=476 capacity=1203
2026-10-03 21:52:15.181228+0900 ResourceRunner[6388:50896166] [MonitoringSampleStore] history=477 capacity=1203
2026-10-03 21:52:15.181347+0900 ResourceRunner[6388:50896166] [MonitoringSampleStore] history=478 capacity=1203
2026-10-03 21:52:15.181467+0900 ResourceRunner[6388:50896166] [MonitoringSampleStore] history=479 capacity=1203
2026-10-03 21:52:15.181585+0900 ResourceRunner[6388:50896166] [MonitoringSampleStore] history=480 capacity=1203
2026-10-03 21:52:15.181702+0900 ResourceRunner[6388:50896166] [MonitoringSampleStore] history=481 capacity=1203
2026-10-03 21:52:15.181821+0900 ResourceRunner[6388:50896166] [MonitoringSampleStore] history=482 capacity=1203
2026-10-03 21:52:15.181941+0900 ResourceRunner[6388:50896166] [MonitoringSampleStore] history=483 capacity=1203
2026-10-03 21:52:15.182062+0900 ResourceRunner[6388:50896166] [MonitoringSampleStore] history=484 capacity=1203
2026-10-03 21:52:15.182182+0900 ResourceRunner[6388:50896166] [MonitoringSampleStore] history=485 capacity=1203
2026-10-03 21:52:15.182303+0900 ResourceRunner[6388:50896166] [MonitoringSampleStore] history=486 capacity=1203
2026-10-03 21:52:15.182427+0900 ResourceRunner[6388:50896166] [MonitoringSampleStore] history=487 capacity=1203
2026-10-03 21:52:15.182551+0900 ResourceRunner[6388:50896166] [MonitoringSampleStore] history=488 capacity=1203
2026-10-03 21:52:15.182672+0900 ResourceRunner[6388:50896166] [MonitoringSampleStore] history=489 capacity=1203
2026-10-03 21:52:15.182793+0900 ResourceRunner[6388:50896166] [MonitoringSampleStore] history=490 capacity=1203
2026-10-03 21:52:15.182918+0900 ResourceRunner[6388:50896166] [MonitoringSampleStore] history=491 capacity=1203
2026-10-03 21:52:15.183044+0900 ResourceRunner[6388:50896166] [MonitoringSampleStore] history=492 capacity=1203
2026-10-03 21:52:15.183166+0900 ResourceRunner[6388:50896166] [MonitoringSampleStore] history=493 capacity=1203
2026-10-03 21:52:15.183292+0900 ResourceRunner[6388:50896166] [MonitoringSampleStore] history=494 capacity=1203
2026-10-03 21:52:15.183417+0900 ResourceRunner[6388:50896166] [MonitoringSampleStore] history=495 capacity=1203
2026-10-03 21:52:15.183539+0900 ResourceRunner[6388:50896166] [MonitoringSampleStore] history=496 capacity=1203
2026-10-03 21:52:15.183665+0900 ResourceRunner[6388:50896166] [MonitoringSampleStore] history=497 capacity=1203
2026-10-03 21:52:15.183788+0900 ResourceRunner[6388:50896166] [MonitoringSampleStore] history=498 capacity=1203
2026-10-03 21:52:15.183912+0900 ResourceRunner[6388:50896166] [MonitoringSampleStore] history=499 capacity=1203
2026-10-03 21:52:15.184034+0900 ResourceRunner[6388:50896166] [MonitoringSampleStore] history=500 capacity=1203
2026-10-03 21:52:15.184158+0900 ResourceRunner[6388:50896166] [MonitoringSampleStore] history=501 capacity=1203
2026-10-03 21:52:15.184281+0900 ResourceRunner[6388:50896166] [MonitoringSampleStore] history=502 capacity=1203
2026-10-03 21:52:15.184407+0900 ResourceRunner[6388:50896166] [MonitoringSampleStore] history=503 capacity=1203
2026-10-03 21:52:15.184532+0900 ResourceRunner[6388:50896166] [MonitoringSampleStore] history=504 capacity=1203
2026-10-03 21:52:15.184656+0900 ResourceRunner[6388:50896166] [MonitoringSampleStore] history=505 capacity=1203
2026-10-03 21:52:15.184780+0900 ResourceRunner[6388:50896166] [MonitoringSampleStore] history=506 capacity=1203
2026-10-03 21:52:15.184904+0900 ResourceRunner[6388:50896166] [MonitoringSampleStore] history=507 capacity=1203
2026-10-03 21:52:15.185029+0900 ResourceRunner[6388:50896166] [MonitoringSampleStore] history=508 capacity=1203
2026-10-03 21:52:15.185153+0900 ResourceRunner[6388:50896166] [MonitoringSampleStore] history=509 capacity=1203
2026-10-03 21:52:15.185278+0900 ResourceRunner[6388:50896166] [MonitoringSampleStore] history=510 capacity=1203
2026-10-03 21:52:15.185403+0900 ResourceRunner[6388:50896166] [MonitoringSampleStore] history=511 capacity=1203
2026-10-03 21:52:15.185528+0900 ResourceRunner[6388:50896166] [MonitoringSampleStore] history=512 capacity=1203
2026-10-03 21:52:15.185655+0900 ResourceRunner[6388:50896166] [MonitoringSampleStore] history=513 capacity=1203
2026-10-03 21:52:15.185780+0900 ResourceRunner[6388:50896166] [MonitoringSampleStore] history=514 capacity=1203
2026-10-03 21:52:15.185905+0900 ResourceRunner[6388:50896166] [MonitoringSampleStore] history=515 capacity=1203
2026-10-03 21:52:15.186031+0900 ResourceRunner[6388:50896166] [MonitoringSampleStore] history=516 capacity=1203
2026-10-03 21:52:15.186157+0900 ResourceRunner[6388:50896166] [MonitoringSampleStore] history=517 capacity=1203
2026-10-03 21:52:15.186283+0900 ResourceRunner[6388:50896166] [MonitoringSampleStore] history=518 capacity=1203
2026-10-03 21:52:15.186410+0900 ResourceRunner[6388:50896166] [MonitoringSampleStore] history=519 capacity=1203
2026-10-03 21:52:15.186537+0900 ResourceRunner[6388:50896166] [MonitoringSampleStore] history=520 capacity=1203
2026-10-03 21:52:15.186664+0900 ResourceRunner[6388:50896166] [MonitoringSampleStore] history=521 capacity=1203
2026-10-03 21:52:15.186792+0900 ResourceRunner[6388:50896166] [MonitoringSampleStore] history=522 capacity=1203
2026-10-03 21:52:15.186920+0900 ResourceRunner[6388:50896166] [MonitoringSampleStore] history=523 capacity=1203
2026-10-03 21:52:15.187047+0900 ResourceRunner[6388:50896166] [MonitoringSampleStore] history=524 capacity=1203
2026-10-03 21:52:15.187174+0900 ResourceRunner[6388:50896166] [MonitoringSampleStore] history=525 capacity=1203
2026-10-03 21:52:15.187302+0900 ResourceRunner[6388:50896166] [MonitoringSampleStore] history=526 capacity=1203
2026-10-03 21:52:15.187430+0900 ResourceRunner[6388:50896166] [MonitoringSampleStore] history=527 capacity=1203
2026-10-03 21:52:15.187558+0900 ResourceRunner[6388:50896166] [MonitoringSampleStore] history=528 capacity=1203
2026-10-03 21:52:15.187686+0900 ResourceRunner[6388:50896166] [MonitoringSampleStore] history=529 capacity=1203
2026-10-03 21:52:15.187815+0900 ResourceRunner[6388:50896166] [MonitoringSampleStore] history=530 capacity=1203
2026-10-03 21:52:15.187949+0900 ResourceRunner[6388:50896166] [MonitoringSampleStore] history=531 capacity=1203
2026-10-03 21:52:15.188076+0900 ResourceRunner[6388:50896166] [MonitoringSampleStore] history=532 capacity=1203
2026-10-03 21:52:15.188206+0900 ResourceRunner[6388:50896166] [MonitoringSampleStore] history=533 capacity=1203
2026-10-03 21:52:15.188336+0900 ResourceRunner[6388:50896166] [MonitoringSampleStore] history=534 capacity=1203
2026-10-03 21:52:15.188465+0900 ResourceRunner[6388:50896166] [MonitoringSampleStore] history=535 capacity=1203
2026-10-03 21:52:15.188595+0900 ResourceRunner[6388:50896166] [MonitoringSampleStore] history=536 capacity=1203
2026-10-03 21:52:15.188722+0900 ResourceRunner[6388:50896166] [MonitoringSampleStore] history=537 capacity=1203
2026-10-03 21:52:15.188852+0900 ResourceRunner[6388:50896166] [MonitoringSampleStore] history=538 capacity=1203
2026-10-03 21:52:15.188982+0900 ResourceRunner[6388:50896166] [MonitoringSampleStore] history=539 capacity=1203
2026-10-03 21:52:15.189113+0900 ResourceRunner[6388:50896166] [MonitoringSampleStore] history=540 capacity=1203
2026-10-03 21:52:15.189243+0900 ResourceRunner[6388:50896166] [MonitoringSampleStore] history=541 capacity=1203
2026-10-03 21:52:15.189374+0900 ResourceRunner[6388:50896166] [MonitoringSampleStore] history=542 capacity=1203
2026-10-03 21:52:15.189506+0900 ResourceRunner[6388:50896166] [MonitoringSampleStore] history=543 capacity=1203
2026-10-03 21:52:15.189637+0900 ResourceRunner[6388:50896166] [MonitoringSampleStore] history=544 capacity=1203
2026-10-03 21:52:15.189769+0900 ResourceRunner[6388:50896166] [MonitoringSampleStore] history=545 capacity=1203
2026-10-03 21:52:15.189900+0900 ResourceRunner[6388:50896166] [MonitoringSampleStore] history=546 capacity=1203
2026-10-03 21:52:15.190032+0900 ResourceRunner[6388:50896166] [MonitoringSampleStore] history=547 capacity=1203
2026-10-03 21:52:15.190164+0900 ResourceRunner[6388:50896166] [MonitoringSampleStore] history=548 capacity=1203
2026-10-03 21:52:15.190296+0900 ResourceRunner[6388:50896166] [MonitoringSampleStore] history=549 capacity=1203
2026-10-03 21:52:15.190428+0900 ResourceRunner[6388:50896166] [MonitoringSampleStore] history=550 capacity=1203
2026-10-03 21:52:15.190560+0900 ResourceRunner[6388:50896166] [MonitoringSampleStore] history=551 capacity=1203
2026-10-03 21:52:15.190693+0900 ResourceRunner[6388:50896166] [MonitoringSampleStore] history=552 capacity=1203
2026-10-03 21:52:15.190826+0900 ResourceRunner[6388:50896166] [MonitoringSampleStore] history=553 capacity=1203
2026-10-03 21:52:15.190959+0900 ResourceRunner[6388:50896166] [MonitoringSampleStore] history=554 capacity=1203
2026-10-03 21:52:15.191094+0900 ResourceRunner[6388:50896166] [MonitoringSampleStore] history=555 capacity=1203
2026-10-03 21:52:15.191227+0900 ResourceRunner[6388:50896166] [MonitoringSampleStore] history=556 capacity=1203
2026-10-03 21:52:15.191360+0900 ResourceRunner[6388:50896166] [MonitoringSampleStore] history=557 capacity=1203
2026-10-03 21:52:15.191505+0900 ResourceRunner[6388:50896166] [MonitoringSampleStore] history=558 capacity=1203
2026-10-03 21:52:15.191642+0900 ResourceRunner[6388:50896166] [MonitoringSampleStore] history=559 capacity=1203
2026-10-03 21:52:15.191778+0900 ResourceRunner[6388:50896166] [MonitoringSampleStore] history=560 capacity=1203
2026-10-03 21:52:15.191915+0900 ResourceRunner[6388:50896166] [MonitoringSampleStore] history=561 capacity=1203
2026-10-03 21:52:15.192046+0900 ResourceRunner[6388:50896166] [MonitoringSampleStore] history=562 capacity=1203
2026-10-03 21:52:15.192178+0900 ResourceRunner[6388:50896166] [MonitoringSampleStore] history=563 capacity=1203
2026-10-03 21:52:15.192311+0900 ResourceRunner[6388:50896166] [MonitoringSampleStore] history=564 capacity=1203
2026-10-03 21:52:15.192443+0900 ResourceRunner[6388:50896166] [MonitoringSampleStore] history=565 capacity=1203
2026-10-03 21:52:15.192577+0900 ResourceRunner[6388:50896166] [MonitoringSampleStore] history=566 capacity=1203
2026-10-03 21:52:15.192711+0900 ResourceRunner[6388:50896166] [MonitoringSampleStore] history=567 capacity=1203
2026-10-03 21:52:15.192843+0900 ResourceRunner[6388:50896166] [MonitoringSampleStore] history=568 capacity=1203
2026-10-03 21:52:15.192976+0900 ResourceRunner[6388:50896166] [MonitoringSampleStore] history=569 capacity=1203
2026-10-03 21:52:15.193110+0900 ResourceRunner[6388:50896166] [MonitoringSampleStore] history=570 capacity=1203
2026-10-03 21:52:15.193243+0900 ResourceRunner[6388:50896166] [MonitoringSampleStore] history=571 capacity=1203
2026-10-03 21:52:15.193386+0900 ResourceRunner[6388:50896166] [MonitoringSampleStore] history=572 capacity=1203
2026-10-03 21:52:15.193520+0900 ResourceRunner[6388:50896166] [MonitoringSampleStore] history=573 capacity=1203
2026-10-03 21:52:15.193663+0900 ResourceRunner[6388:50896166] [MonitoringSampleStore] history=574 capacity=1203
2026-10-03 21:52:15.193799+0900 ResourceRunner[6388:50896166] [MonitoringSampleStore] history=575 capacity=1203
2026-10-03 21:52:15.193933+0900 ResourceRunner[6388:50896166] [MonitoringSampleStore] history=576 capacity=1203
2026-10-03 21:52:15.194077+0900 ResourceRunner[6388:50896166] [MonitoringSampleStore] history=577 capacity=1203
2026-10-03 21:52:15.194212+0900 ResourceRunner[6388:50896166] [MonitoringSampleStore] history=578 capacity=1203
2026-10-03 21:52:15.194347+0900 ResourceRunner[6388:50896166] [MonitoringSampleStore] history=579 capacity=1203
2026-10-03 21:52:15.194484+0900 ResourceRunner[6388:50896166] [MonitoringSampleStore] history=580 capacity=1203
2026-10-03 21:52:15.194621+0900 ResourceRunner[6388:50896166] [MonitoringSampleStore] history=581 capacity=1203
2026-10-03 21:52:15.194757+0900 ResourceRunner[6388:50896166] [MonitoringSampleStore] history=582 capacity=1203
2026-10-03 21:52:15.194894+0900 ResourceRunner[6388:50896166] [MonitoringSampleStore] history=583 capacity=1203
2026-10-03 21:52:15.195030+0900 ResourceRunner[6388:50896166] [MonitoringSampleStore] history=584 capacity=1203
2026-10-03 21:52:15.195167+0900 ResourceRunner[6388:50896166] [MonitoringSampleStore] history=585 capacity=1203
2026-10-03 21:52:15.195303+0900 ResourceRunner[6388:50896166] [MonitoringSampleStore] history=586 capacity=1203
2026-10-03 21:52:15.195440+0900 ResourceRunner[6388:50896166] [MonitoringSampleStore] history=587 capacity=1203
2026-10-03 21:52:15.195578+0900 ResourceRunner[6388:50896166] [MonitoringSampleStore] history=588 capacity=1203
2026-10-03 21:52:15.195716+0900 ResourceRunner[6388:50896166] [MonitoringSampleStore] history=589 capacity=1203
2026-10-03 21:52:15.195853+0900 ResourceRunner[6388:50896166] [MonitoringSampleStore] history=590 capacity=1203
2026-10-03 21:52:15.195991+0900 ResourceRunner[6388:50896166] [MonitoringSampleStore] history=591 capacity=1203
2026-10-03 21:52:15.196130+0900 ResourceRunner[6388:50896166] [MonitoringSampleStore] history=592 capacity=1203
2026-10-03 21:52:15.196270+0900 ResourceRunner[6388:50896166] [MonitoringSampleStore] history=593 capacity=1203
2026-10-03 21:52:15.196408+0900 ResourceRunner[6388:50896166] [MonitoringSampleStore] history=594 capacity=1203
2026-10-03 21:52:15.196547+0900 ResourceRunner[6388:50896166] [MonitoringSampleStore] history=595 capacity=1203
2026-10-03 21:52:15.196686+0900 ResourceRunner[6388:50896166] [MonitoringSampleStore] history=596 capacity=1203
2026-10-03 21:52:15.196825+0900 ResourceRunner[6388:50896166] [MonitoringSampleStore] history=597 capacity=1203
2026-10-03 21:52:15.196964+0900 ResourceRunner[6388:50896166] [MonitoringSampleStore] history=598 capacity=1203
2026-10-03 21:52:15.197103+0900 ResourceRunner[6388:50896166] [MonitoringSampleStore] history=599 capacity=1203
2026-10-03 21:52:15.197251+0900 ResourceRunner[6388:50896166] [MonitoringSampleStore] history=600 capacity=1203
2026-10-03 21:52:15.197394+0900 ResourceRunner[6388:50896166] [MonitoringSampleStore] history=601 capacity=1203
2026-10-03 21:52:15.197542+0900 ResourceRunner[6388:50896166] [MonitoringSampleStore] history=602 capacity=1203
2026-10-03 21:52:15.197683+0900 ResourceRunner[6388:50896166] [MonitoringSampleStore] history=603 capacity=1203
2026-10-03 21:52:15.197823+0900 ResourceRunner[6388:50896166] [MonitoringSampleStore] history=604 capacity=1203
2026-10-03 21:52:15.197964+0900 ResourceRunner[6388:50896166] [MonitoringSampleStore] history=605 capacity=1203
2026-10-03 21:52:15.198105+0900 ResourceRunner[6388:50896166] [MonitoringSampleStore] history=606 capacity=1203
2026-10-03 21:52:15.198246+0900 ResourceRunner[6388:50896166] [MonitoringSampleStore] history=607 capacity=1203
2026-10-03 21:52:15.198387+0900 ResourceRunner[6388:50896166] [MonitoringSampleStore] history=608 capacity=1203
2026-10-03 21:52:15.198537+0900 ResourceRunner[6388:50896166] [MonitoringSampleStore] history=609 capacity=1203
2026-10-03 21:52:15.198679+0900 ResourceRunner[6388:50896166] [MonitoringSampleStore] history=610 capacity=1203
2026-10-03 21:52:15.198821+0900 ResourceRunner[6388:50896166] [MonitoringSampleStore] history=611 capacity=1203
2026-10-03 21:52:15.198963+0900 ResourceRunner[6388:50896166] [MonitoringSampleStore] history=612 capacity=1203
2026-10-03 21:52:15.199105+0900 ResourceRunner[6388:50896166] [MonitoringSampleStore] history=613 capacity=1203
2026-10-03 21:52:15.199247+0900 ResourceRunner[6388:50896166] [MonitoringSampleStore] history=614 capacity=1203
2026-10-03 21:52:15.199391+0900 ResourceRunner[6388:50896166] [MonitoringSampleStore] history=615 capacity=1203
2026-10-03 21:52:15.199534+0900 ResourceRunner[6388:50896166] [MonitoringSampleStore] history=616 capacity=1203
2026-10-03 21:52:15.199678+0900 ResourceRunner[6388:50896166] [MonitoringSampleStore] history=617 capacity=1203
2026-10-03 21:52:15.199821+0900 ResourceRunner[6388:50896166] [MonitoringSampleStore] history=618 capacity=1203
2026-10-03 21:52:15.199974+0900 ResourceRunner[6388:50896166] [MonitoringSampleStore] history=619 capacity=1203
2026-10-03 21:52:15.200117+0900 ResourceRunner[6388:50896166] [MonitoringSampleStore] history=620 capacity=1203
2026-10-03 21:52:15.200261+0900 ResourceRunner[6388:50896166] [MonitoringSampleStore] history=621 capacity=1203
2026-10-03 21:52:15.200406+0900 ResourceRunner[6388:50896166] [MonitoringSampleStore] history=622 capacity=1203
2026-10-03 21:52:15.200550+0900 ResourceRunner[6388:50896166] [MonitoringSampleStore] history=623 capacity=1203
2026-10-03 21:52:15.200696+0900 ResourceRunner[6388:50896166] [MonitoringSampleStore] history=624 capacity=1203
2026-10-03 21:52:15.200840+0900 ResourceRunner[6388:50896166] [MonitoringSampleStore] history=625 capacity=1203
2026-10-03 21:52:15.200984+0900 ResourceRunner[6388:50896166] [MonitoringSampleStore] history=626 capacity=1203
2026-10-03 21:52:15.201132+0900 ResourceRunner[6388:50896166] [MonitoringSampleStore] history=627 capacity=1203
2026-10-03 21:52:15.201279+0900 ResourceRunner[6388:50896166] [MonitoringSampleStore] history=628 capacity=1203
2026-10-03 21:52:15.201427+0900 ResourceRunner[6388:50896166] [MonitoringSampleStore] history=629 capacity=1203
2026-10-03 21:52:15.201574+0900 ResourceRunner[6388:50896166] [MonitoringSampleStore] history=630 capacity=1203
2026-10-03 21:52:15.201723+0900 ResourceRunner[6388:50896166] [MonitoringSampleStore] history=631 capacity=1203
2026-10-03 21:52:15.201870+0900 ResourceRunner[6388:50896166] [MonitoringSampleStore] history=632 capacity=1203
2026-10-03 21:52:15.202021+0900 ResourceRunner[6388:50896166] [MonitoringSampleStore] history=633 capacity=1203
2026-10-03 21:52:15.202169+0900 ResourceRunner[6388:50896166] [MonitoringSampleStore] history=634 capacity=1203
2026-10-03 21:52:15.202317+0900 ResourceRunner[6388:50896166] [MonitoringSampleStore] history=635 capacity=1203
2026-10-03 21:52:15.202466+0900 ResourceRunner[6388:50896166] [MonitoringSampleStore] history=636 capacity=1203
2026-10-03 21:52:15.202616+0900 ResourceRunner[6388:50896166] [MonitoringSampleStore] history=637 capacity=1203
2026-10-03 21:52:15.202765+0900 ResourceRunner[6388:50896166] [MonitoringSampleStore] history=638 capacity=1203
2026-10-03 21:52:15.202914+0900 ResourceRunner[6388:50896166] [MonitoringSampleStore] history=639 capacity=1203
2026-10-03 21:52:15.203063+0900 ResourceRunner[6388:50896166] [MonitoringSampleStore] history=640 capacity=1203
2026-10-03 21:52:15.203217+0900 ResourceRunner[6388:50896166] [MonitoringSampleStore] history=641 capacity=1203
2026-10-03 21:52:15.203368+0900 ResourceRunner[6388:50896166] [MonitoringSampleStore] history=642 capacity=1203
2026-10-03 21:52:15.203531+0900 ResourceRunner[6388:50896166] [MonitoringSampleStore] history=643 capacity=1203
2026-10-03 21:52:15.203685+0900 ResourceRunner[6388:50896166] [MonitoringSampleStore] history=644 capacity=1203
2026-10-03 21:52:15.203838+0900 ResourceRunner[6388:50896166] [MonitoringSampleStore] history=645 capacity=1203
2026-10-03 21:52:15.204001+0900 ResourceRunner[6388:50896166] [MonitoringSampleStore] history=646 capacity=1203
2026-10-03 21:52:15.204149+0900 ResourceRunner[6388:50896166] [MonitoringSampleStore] history=647 capacity=1203
2026-10-03 21:52:15.204299+0900 ResourceRunner[6388:50896166] [MonitoringSampleStore] history=648 capacity=1203
2026-10-03 21:52:15.204460+0900 ResourceRunner[6388:50896166] [MonitoringSampleStore] history=649 capacity=1203
2026-10-03 21:52:15.204618+0900 ResourceRunner[6388:50896166] [MonitoringSampleStore] history=650 capacity=1203
2026-10-03 21:52:15.204769+0900 ResourceRunner[6388:50896166] [MonitoringSampleStore] history=651 capacity=1203
2026-10-03 21:52:15.204928+0900 ResourceRunner[6388:50896166] [MonitoringSampleStore] history=652 capacity=1203
2026-10-03 21:52:15.205087+0900 ResourceRunner[6388:50896166] [MonitoringSampleStore] history=653 capacity=1203
2026-10-03 21:52:15.205248+0900 ResourceRunner[6388:50896166] [MonitoringSampleStore] history=654 capacity=1203
2026-10-03 21:52:15.205403+0900 ResourceRunner[6388:50896166] [MonitoringSampleStore] history=655 capacity=1203
2026-10-03 21:52:15.205563+0900 ResourceRunner[6388:50896166] [MonitoringSampleStore] history=656 capacity=1203
2026-10-03 21:52:15.205723+0900 ResourceRunner[6388:50896166] [MonitoringSampleStore] history=657 capacity=1203
2026-10-03 21:52:15.205883+0900 ResourceRunner[6388:50896166] [MonitoringSampleStore] history=658 capacity=1203
2026-10-03 21:52:15.206045+0900 ResourceRunner[6388:50896166] [MonitoringSampleStore] history=659 capacity=1203
2026-10-03 21:52:15.206196+0900 ResourceRunner[6388:50896166] [MonitoringSampleStore] history=660 capacity=1203
2026-10-03 21:52:15.206359+0900 ResourceRunner[6388:50896166] [MonitoringSampleStore] history=661 capacity=1203
2026-10-03 21:52:15.206511+0900 ResourceRunner[6388:50896166] [MonitoringSampleStore] history=662 capacity=1203
2026-10-03 21:52:15.206665+0900 ResourceRunner[6388:50896166] [MonitoringSampleStore] history=663 capacity=1203
2026-10-03 21:52:15.206828+0900 ResourceRunner[6388:50896166] [MonitoringSampleStore] history=664 capacity=1203
2026-10-03 21:52:15.206989+0900 ResourceRunner[6388:50896166] [MonitoringSampleStore] history=665 capacity=1203
2026-10-03 21:52:15.207143+0900 ResourceRunner[6388:50896166] [MonitoringSampleStore] history=666 capacity=1203
2026-10-03 21:52:15.207307+0900 ResourceRunner[6388:50896166] [MonitoringSampleStore] history=667 capacity=1203
2026-10-03 21:52:15.207460+0900 ResourceRunner[6388:50896166] [MonitoringSampleStore] history=668 capacity=1203
2026-10-03 21:52:15.207615+0900 ResourceRunner[6388:50896166] [MonitoringSampleStore] history=669 capacity=1203
2026-10-03 21:52:15.207780+0900 ResourceRunner[6388:50896166] [MonitoringSampleStore] history=670 capacity=1203
2026-10-03 21:52:15.207943+0900 ResourceRunner[6388:50896166] [MonitoringSampleStore] history=671 capacity=1203
2026-10-03 21:52:15.208098+0900 ResourceRunner[6388:50896166] [MonitoringSampleStore] history=672 capacity=1203
2026-10-03 21:52:15.208252+0900 ResourceRunner[6388:50896166] [MonitoringSampleStore] history=673 capacity=1203
2026-10-03 21:52:15.208421+0900 ResourceRunner[6388:50896166] [MonitoringSampleStore] history=674 capacity=1203
2026-10-03 21:52:15.208586+0900 ResourceRunner[6388:50896166] [MonitoringSampleStore] history=675 capacity=1203
2026-10-03 21:52:15.208757+0900 ResourceRunner[6388:50896166] [MonitoringSampleStore] history=676 capacity=1203
2026-10-03 21:52:15.208926+0900 ResourceRunner[6388:50896166] [MonitoringSampleStore] history=677 capacity=1203
2026-10-03 21:52:15.209095+0900 ResourceRunner[6388:50896166] [MonitoringSampleStore] history=678 capacity=1203
2026-10-03 21:52:15.209247+0900 ResourceRunner[6388:50896166] [MonitoringSampleStore] history=679 capacity=1203
2026-10-03 21:52:15.209401+0900 ResourceRunner[6388:50896166] [MonitoringSampleStore] history=680 capacity=1203
2026-10-03 21:52:15.209563+0900 ResourceRunner[6388:50896166] [MonitoringSampleStore] history=681 capacity=1203
2026-10-03 21:52:15.209717+0900 ResourceRunner[6388:50896166] [MonitoringSampleStore] history=682 capacity=1203
2026-10-03 21:52:15.209880+0900 ResourceRunner[6388:50896166] [MonitoringSampleStore] history=683 capacity=1203
2026-10-03 21:52:15.210043+0900 ResourceRunner[6388:50896166] [MonitoringSampleStore] history=684 capacity=1203
2026-10-03 21:52:15.210199+0900 ResourceRunner[6388:50896166] [MonitoringSampleStore] history=685 capacity=1203
2026-10-03 21:52:15.210363+0900 ResourceRunner[6388:50896166] [MonitoringSampleStore] history=686 capacity=1203
2026-10-03 21:52:15.210517+0900 ResourceRunner[6388:50896166] [MonitoringSampleStore] history=687 capacity=1203
2026-10-03 21:52:15.210681+0900 ResourceRunner[6388:50896166] [MonitoringSampleStore] history=688 capacity=1203
2026-10-03 21:52:15.210845+0900 ResourceRunner[6388:50896166] [MonitoringSampleStore] history=689 capacity=1203
2026-10-03 21:52:15.211002+0900 ResourceRunner[6388:50896166] [MonitoringSampleStore] history=690 capacity=1203
2026-10-03 21:52:15.211167+0900 ResourceRunner[6388:50896166] [MonitoringSampleStore] history=691 capacity=1203
2026-10-03 21:52:15.211336+0900 ResourceRunner[6388:50896166] [MonitoringSampleStore] history=692 capacity=1203
2026-10-03 21:52:15.211502+0900 ResourceRunner[6388:50896166] [MonitoringSampleStore] history=693 capacity=1203
2026-10-03 21:52:15.211668+0900 ResourceRunner[6388:50896166] [MonitoringSampleStore] history=694 capacity=1203
2026-10-03 21:52:15.211825+0900 ResourceRunner[6388:50896166] [MonitoringSampleStore] history=695 capacity=1203
2026-10-03 21:52:15.211989+0900 ResourceRunner[6388:50896166] [MonitoringSampleStore] history=696 capacity=1203
2026-10-03 21:52:15.212154+0900 ResourceRunner[6388:50896166] [MonitoringSampleStore] history=697 capacity=1203
2026-10-03 21:52:15.212313+0900 ResourceRunner[6388:50896166] [MonitoringSampleStore] history=698 capacity=1203
2026-10-03 21:52:15.212482+0900 ResourceRunner[6388:50896166] [MonitoringSampleStore] history=699 capacity=1203
2026-10-03 21:52:15.212649+0900 ResourceRunner[6388:50896166] [MonitoringSampleStore] history=700 capacity=1203
2026-10-03 21:52:15.212817+0900 ResourceRunner[6388:50896166] [MonitoringSampleStore] history=701 capacity=1203
2026-10-03 21:52:15.212984+0900 ResourceRunner[6388:50896166] [MonitoringSampleStore] history=702 capacity=1203
2026-10-03 21:52:15.213146+0900 ResourceRunner[6388:50896166] [MonitoringSampleStore] history=703 capacity=1203
2026-10-03 21:52:15.213309+0900 ResourceRunner[6388:50896166] [MonitoringSampleStore] history=704 capacity=1203
2026-10-03 21:52:15.213481+0900 ResourceRunner[6388:50896166] [MonitoringSampleStore] history=705 capacity=1203
2026-10-03 21:52:15.213653+0900 ResourceRunner[6388:50896166] [MonitoringSampleStore] history=706 capacity=1203
2026-10-03 21:52:15.213824+0900 ResourceRunner[6388:50896166] [MonitoringSampleStore] history=707 capacity=1203
2026-10-03 21:52:15.213996+0900 ResourceRunner[6388:50896166] [MonitoringSampleStore] history=708 capacity=1203
2026-10-03 21:52:15.214159+0900 ResourceRunner[6388:50896166] [MonitoringSampleStore] history=709 capacity=1203
2026-10-03 21:52:15.214324+0900 ResourceRunner[6388:50896166] [MonitoringSampleStore] history=710 capacity=1203
2026-10-03 21:52:15.214498+0900 ResourceRunner[6388:50896166] [MonitoringSampleStore] history=711 capacity=1203
2026-10-03 21:52:15.214670+0900 ResourceRunner[6388:50896166] [MonitoringSampleStore] history=712 capacity=1203
2026-10-03 21:52:15.214834+0900 ResourceRunner[6388:50896166] [MonitoringSampleStore] history=713 capacity=1203
2026-10-03 21:52:15.215007+0900 ResourceRunner[6388:50896166] [MonitoringSampleStore] history=714 capacity=1203
2026-10-03 21:52:15.215171+0900 ResourceRunner[6388:50896166] [MonitoringSampleStore] history=715 capacity=1203
2026-10-03 21:52:15.215337+0900 ResourceRunner[6388:50896166] [MonitoringSampleStore] history=716 capacity=1203
2026-10-03 21:52:15.215501+0900 ResourceRunner[6388:50896166] [MonitoringSampleStore] history=717 capacity=1203
2026-10-03 21:52:15.215668+0900 ResourceRunner[6388:50896166] [MonitoringSampleStore] history=718 capacity=1203
2026-10-03 21:52:15.215844+0900 ResourceRunner[6388:50896166] [MonitoringSampleStore] history=719 capacity=1203
2026-10-03 21:52:15.216017+0900 ResourceRunner[6388:50896166] [MonitoringSampleStore] history=720 capacity=1203
2026-10-03 21:52:15.216192+0900 ResourceRunner[6388:50896166] [MonitoringSampleStore] history=721 capacity=1203
2026-10-03 21:52:15.216366+0900 ResourceRunner[6388:50896166] [MonitoringSampleStore] history=722 capacity=1203
2026-10-03 21:52:15.216542+0900 ResourceRunner[6388:50896166] [MonitoringSampleStore] history=723 capacity=1203
2026-10-03 21:52:15.216708+0900 ResourceRunner[6388:50896166] [MonitoringSampleStore] history=724 capacity=1203
2026-10-03 21:52:15.216874+0900 ResourceRunner[6388:50896166] [MonitoringSampleStore] history=725 capacity=1203
2026-10-03 21:52:15.217041+0900 ResourceRunner[6388:50896166] [MonitoringSampleStore] history=726 capacity=1203
2026-10-03 21:52:15.217208+0900 ResourceRunner[6388:50896166] [MonitoringSampleStore] history=727 capacity=1203
2026-10-03 21:52:15.217385+0900 ResourceRunner[6388:50896166] [MonitoringSampleStore] history=728 capacity=1203
2026-10-03 21:52:15.217561+0900 ResourceRunner[6388:50896166] [MonitoringSampleStore] history=729 capacity=1203
2026-10-03 21:52:15.217739+0900 ResourceRunner[6388:50896166] [MonitoringSampleStore] history=730 capacity=1203
2026-10-03 21:52:15.217908+0900 ResourceRunner[6388:50896166] [MonitoringSampleStore] history=731 capacity=1203
2026-10-03 21:52:15.218086+0900 ResourceRunner[6388:50896166] [MonitoringSampleStore] history=732 capacity=1203
2026-10-03 21:52:15.218263+0900 ResourceRunner[6388:50896166] [MonitoringSampleStore] history=733 capacity=1203
2026-10-03 21:52:15.218437+0900 ResourceRunner[6388:50896166] [MonitoringSampleStore] history=734 capacity=1203
2026-10-03 21:52:15.218606+0900 ResourceRunner[6388:50896166] [MonitoringSampleStore] history=735 capacity=1203
2026-10-03 21:52:15.218793+0900 ResourceRunner[6388:50896166] [MonitoringSampleStore] history=736 capacity=1203
2026-10-03 21:52:15.218969+0900 ResourceRunner[6388:50896166] [MonitoringSampleStore] history=737 capacity=1203
2026-10-03 21:52:15.219139+0900 ResourceRunner[6388:50896166] [MonitoringSampleStore] history=738 capacity=1203
2026-10-03 21:52:15.219309+0900 ResourceRunner[6388:50896166] [MonitoringSampleStore] history=739 capacity=1203
2026-10-03 21:52:15.219487+0900 ResourceRunner[6388:50896166] [MonitoringSampleStore] history=740 capacity=1203
2026-10-03 21:52:15.219657+0900 ResourceRunner[6388:50896166] [MonitoringSampleStore] history=741 capacity=1203
2026-10-03 21:52:15.219828+0900 ResourceRunner[6388:50896166] [MonitoringSampleStore] history=742 capacity=1203
2026-10-03 21:52:15.219999+0900 ResourceRunner[6388:50896166] [MonitoringSampleStore] history=743 capacity=1203
2026-10-03 21:52:15.220178+0900 ResourceRunner[6388:50896166] [MonitoringSampleStore] history=744 capacity=1203
2026-10-03 21:52:15.220359+0900 ResourceRunner[6388:50896166] [MonitoringSampleStore] history=745 capacity=1203
2026-10-03 21:52:15.220541+0900 ResourceRunner[6388:50896166] [MonitoringSampleStore] history=746 capacity=1203
2026-10-03 21:52:15.220716+0900 ResourceRunner[6388:50896166] [MonitoringSampleStore] history=747 capacity=1203
2026-10-03 21:52:15.220889+0900 ResourceRunner[6388:50896166] [MonitoringSampleStore] history=748 capacity=1203
2026-10-03 21:52:15.221064+0900 ResourceRunner[6388:50896166] [MonitoringSampleStore] history=749 capacity=1203
2026-10-03 21:52:15.221234+0900 ResourceRunner[6388:50896166] [MonitoringSampleStore] history=750 capacity=1203
2026-10-03 21:52:15.221409+0900 ResourceRunner[6388:50896166] [MonitoringSampleStore] history=751 capacity=1203
2026-10-03 21:52:15.221585+0900 ResourceRunner[6388:50896166] [MonitoringSampleStore] history=752 capacity=1203
2026-10-03 21:52:15.221761+0900 ResourceRunner[6388:50896166] [MonitoringSampleStore] history=753 capacity=1203
2026-10-03 21:52:15.221937+0900 ResourceRunner[6388:50896166] [MonitoringSampleStore] history=754 capacity=1203
2026-10-03 21:52:15.222113+0900 ResourceRunner[6388:50896166] [MonitoringSampleStore] history=755 capacity=1203
2026-10-03 21:52:15.222290+0900 ResourceRunner[6388:50896166] [MonitoringSampleStore] history=756 capacity=1203
2026-10-03 21:52:15.222467+0900 ResourceRunner[6388:50896166] [MonitoringSampleStore] history=757 capacity=1203
2026-10-03 21:52:15.222651+0900 ResourceRunner[6388:50896166] [MonitoringSampleStore] history=758 capacity=1203
2026-10-03 21:52:15.222827+0900 ResourceRunner[6388:50896166] [MonitoringSampleStore] history=759 capacity=1203
2026-10-03 21:52:15.223001+0900 ResourceRunner[6388:50896166] [MonitoringSampleStore] history=760 capacity=1203
2026-10-03 21:52:15.223181+0900 ResourceRunner[6388:50896166] [MonitoringSampleStore] history=761 capacity=1203
2026-10-03 21:52:15.223358+0900 ResourceRunner[6388:50896166] [MonitoringSampleStore] history=762 capacity=1203
2026-10-03 21:52:15.223535+0900 ResourceRunner[6388:50896166] [MonitoringSampleStore] history=763 capacity=1203
2026-10-03 21:52:15.223705+0900 ResourceRunner[6388:50896166] [MonitoringSampleStore] history=764 capacity=1203
2026-10-03 21:52:15.223883+0900 ResourceRunner[6388:50896166] [MonitoringSampleStore] history=765 capacity=1203
2026-10-03 21:52:15.224064+0900 ResourceRunner[6388:50896166] [MonitoringSampleStore] history=766 capacity=1203
2026-10-03 21:52:15.224244+0900 ResourceRunner[6388:50896166] [MonitoringSampleStore] history=767 capacity=1203
2026-10-03 21:52:15.224425+0900 ResourceRunner[6388:50896166] [MonitoringSampleStore] history=768 capacity=1203
2026-10-03 21:52:15.224609+0900 ResourceRunner[6388:50896166] [MonitoringSampleStore] history=769 capacity=1203
2026-10-03 21:52:15.224787+0900 ResourceRunner[6388:50896166] [MonitoringSampleStore] history=770 capacity=1203
2026-10-03 21:52:15.224962+0900 ResourceRunner[6388:50896166] [MonitoringSampleStore] history=771 capacity=1203
2026-10-03 21:52:15.225147+0900 ResourceRunner[6388:50896166] [MonitoringSampleStore] history=772 capacity=1203
2026-10-03 21:52:15.225332+0900 ResourceRunner[6388:50896166] [MonitoringSampleStore] history=773 capacity=1203
2026-10-03 21:52:15.225509+0900 ResourceRunner[6388:50896166] [MonitoringSampleStore] history=774 capacity=1203
2026-10-03 21:52:15.225695+0900 ResourceRunner[6388:50896166] [MonitoringSampleStore] history=775 capacity=1203
2026-10-03 21:52:15.225872+0900 ResourceRunner[6388:50896166] [MonitoringSampleStore] history=776 capacity=1203
2026-10-03 21:52:15.226058+0900 ResourceRunner[6388:50896166] [MonitoringSampleStore] history=777 capacity=1203
2026-10-03 21:52:15.226244+0900 ResourceRunner[6388:50896166] [MonitoringSampleStore] history=778 capacity=1203
2026-10-03 21:52:15.226430+0900 ResourceRunner[6388:50896166] [MonitoringSampleStore] history=779 capacity=1203
2026-10-03 21:52:15.226617+0900 ResourceRunner[6388:50896166] [MonitoringSampleStore] history=780 capacity=1203
2026-10-03 21:52:15.226803+0900 ResourceRunner[6388:50896166] [MonitoringSampleStore] history=781 capacity=1203
2026-10-03 21:52:15.226990+0900 ResourceRunner[6388:50896166] [MonitoringSampleStore] history=782 capacity=1203
2026-10-03 21:52:15.227177+0900 ResourceRunner[6388:50896166] [MonitoringSampleStore] history=783 capacity=1203
2026-10-03 21:52:15.227365+0900 ResourceRunner[6388:50896166] [MonitoringSampleStore] history=784 capacity=1203
2026-10-03 21:52:15.227545+0900 ResourceRunner[6388:50896166] [MonitoringSampleStore] history=785 capacity=1203
2026-10-03 21:52:15.227723+0900 ResourceRunner[6388:50896166] [MonitoringSampleStore] history=786 capacity=1203
2026-10-03 21:52:15.227911+0900 ResourceRunner[6388:50896166] [MonitoringSampleStore] history=787 capacity=1203
2026-10-03 21:52:15.228090+0900 ResourceRunner[6388:50896166] [MonitoringSampleStore] history=788 capacity=1203
2026-10-03 21:52:15.228279+0900 ResourceRunner[6388:50896166] [MonitoringSampleStore] history=789 capacity=1203
2026-10-03 21:52:15.228458+0900 ResourceRunner[6388:50896166] [MonitoringSampleStore] history=790 capacity=1203
2026-10-03 21:52:15.228640+0900 ResourceRunner[6388:50896166] [MonitoringSampleStore] history=791 capacity=1203
2026-10-03 21:52:15.228820+0900 ResourceRunner[6388:50896166] [MonitoringSampleStore] history=792 capacity=1203
2026-10-03 21:52:15.229000+0900 ResourceRunner[6388:50896166] [MonitoringSampleStore] history=793 capacity=1203
2026-10-03 21:52:15.229180+0900 ResourceRunner[6388:50896166] [MonitoringSampleStore] history=794 capacity=1203
2026-10-03 21:52:15.229363+0900 ResourceRunner[6388:50896166] [MonitoringSampleStore] history=795 capacity=1203
2026-10-03 21:52:15.229554+0900 ResourceRunner[6388:50896166] [MonitoringSampleStore] history=796 capacity=1203
2026-10-03 21:52:15.229743+0900 ResourceRunner[6388:50896166] [MonitoringSampleStore] history=797 capacity=1203
2026-10-03 21:52:15.229925+0900 ResourceRunner[6388:50896166] [MonitoringSampleStore] history=798 capacity=1203
2026-10-03 21:52:15.230115+0900 ResourceRunner[6388:50896166] [MonitoringSampleStore] history=799 capacity=1203
2026-10-03 21:52:15.230297+0900 ResourceRunner[6388:50896166] [MonitoringSampleStore] history=800 capacity=1203
2026-10-03 21:52:15.230479+0900 ResourceRunner[6388:50896166] [MonitoringSampleStore] history=801 capacity=1203
2026-10-03 21:52:15.230672+0900 ResourceRunner[6388:50896166] [MonitoringSampleStore] history=802 capacity=1203
2026-10-03 21:52:15.230862+0900 ResourceRunner[6388:50896166] [MonitoringSampleStore] history=803 capacity=1203
2026-10-03 21:52:15.231045+0900 ResourceRunner[6388:50896166] [MonitoringSampleStore] history=804 capacity=1203
2026-10-03 21:52:15.231239+0900 ResourceRunner[6388:50896166] [MonitoringSampleStore] history=805 capacity=1203
2026-10-03 21:52:15.231431+0900 ResourceRunner[6388:50896166] [MonitoringSampleStore] history=806 capacity=1203
2026-10-03 21:52:15.231624+0900 ResourceRunner[6388:50896166] [MonitoringSampleStore] history=807 capacity=1203
2026-10-03 21:52:15.231817+0900 ResourceRunner[6388:50896166] [MonitoringSampleStore] history=808 capacity=1203
2026-10-03 21:52:15.232001+0900 ResourceRunner[6388:50896166] [MonitoringSampleStore] history=809 capacity=1203
2026-10-03 21:52:15.232185+0900 ResourceRunner[6388:50896166] [MonitoringSampleStore] history=810 capacity=1203
2026-10-03 21:52:15.232377+0900 ResourceRunner[6388:50896166] [MonitoringSampleStore] history=811 capacity=1203
2026-10-03 21:52:15.232571+0900 ResourceRunner[6388:50896166] [MonitoringSampleStore] history=812 capacity=1203
2026-10-03 21:52:15.232756+0900 ResourceRunner[6388:50896166] [MonitoringSampleStore] history=813 capacity=1203
2026-10-03 21:52:15.232942+0900 ResourceRunner[6388:50896166] [MonitoringSampleStore] history=814 capacity=1203
2026-10-03 21:52:15.233127+0900 ResourceRunner[6388:50896166] [MonitoringSampleStore] history=815 capacity=1203
2026-10-03 21:52:15.233323+0900 ResourceRunner[6388:50896166] [MonitoringSampleStore] history=816 capacity=1203
2026-10-03 21:52:15.233518+0900 ResourceRunner[6388:50896166] [MonitoringSampleStore] history=817 capacity=1203
2026-10-03 21:52:15.233712+0900 ResourceRunner[6388:50896166] [MonitoringSampleStore] history=818 capacity=1203
2026-10-03 21:52:15.233898+0900 ResourceRunner[6388:50896166] [MonitoringSampleStore] history=819 capacity=1203
2026-10-03 21:52:15.234085+0900 ResourceRunner[6388:50896166] [MonitoringSampleStore] history=820 capacity=1203
2026-10-03 21:52:15.234281+0900 ResourceRunner[6388:50896166] [MonitoringSampleStore] history=821 capacity=1203
2026-10-03 21:52:15.234474+0900 ResourceRunner[6388:50896166] [MonitoringSampleStore] history=822 capacity=1203
2026-10-03 21:52:15.234655+0900 ResourceRunner[6388:50896166] [MonitoringSampleStore] history=823 capacity=1203
2026-10-03 21:52:15.234837+0900 ResourceRunner[6388:50896166] [MonitoringSampleStore] history=824 capacity=1203
2026-10-03 21:52:15.235027+0900 ResourceRunner[6388:50896166] [MonitoringSampleStore] history=825 capacity=1203
2026-10-03 21:52:15.235217+0900 ResourceRunner[6388:50896166] [MonitoringSampleStore] history=826 capacity=1203
2026-10-03 21:52:15.235407+0900 ResourceRunner[6388:50896166] [MonitoringSampleStore] history=827 capacity=1203
2026-10-03 21:52:15.235597+0900 ResourceRunner[6388:50896166] [MonitoringSampleStore] history=828 capacity=1203
2026-10-03 21:52:15.235789+0900 ResourceRunner[6388:50896166] [MonitoringSampleStore] history=829 capacity=1203
2026-10-03 21:52:15.235980+0900 ResourceRunner[6388:50896166] [MonitoringSampleStore] history=830 capacity=1203
2026-10-03 21:52:15.236172+0900 ResourceRunner[6388:50896166] [MonitoringSampleStore] history=831 capacity=1203
2026-10-03 21:52:15.236363+0900 ResourceRunner[6388:50896166] [MonitoringSampleStore] history=832 capacity=1203
2026-10-03 21:52:15.236553+0900 ResourceRunner[6388:50896166] [MonitoringSampleStore] history=833 capacity=1203
2026-10-03 21:52:15.236745+0900 ResourceRunner[6388:50896166] [MonitoringSampleStore] history=834 capacity=1203
2026-10-03 21:52:15.236937+0900 ResourceRunner[6388:50896166] [MonitoringSampleStore] history=835 capacity=1203
2026-10-03 21:52:15.237129+0900 ResourceRunner[6388:50896166] [MonitoringSampleStore] history=836 capacity=1203
2026-10-03 21:52:15.237322+0900 ResourceRunner[6388:50896166] [MonitoringSampleStore] history=837 capacity=1203
2026-10-03 21:52:15.237515+0900 ResourceRunner[6388:50896166] [MonitoringSampleStore] history=838 capacity=1203
2026-10-03 21:52:15.237709+0900 ResourceRunner[6388:50896166] [MonitoringSampleStore] history=839 capacity=1203
2026-10-03 21:52:15.237907+0900 ResourceRunner[6388:50896166] [MonitoringSampleStore] history=840 capacity=1203
2026-10-03 21:52:15.238110+0900 ResourceRunner[6388:50896166] [MonitoringSampleStore] history=841 capacity=1203
2026-10-03 21:52:15.238306+0900 ResourceRunner[6388:50896166] [MonitoringSampleStore] history=842 capacity=1203
2026-10-03 21:52:15.238504+0900 ResourceRunner[6388:50896166] [MonitoringSampleStore] history=843 capacity=1203
2026-10-03 21:52:15.238704+0900 ResourceRunner[6388:50896166] [MonitoringSampleStore] history=844 capacity=1203
2026-10-03 21:52:15.238898+0900 ResourceRunner[6388:50896166] [MonitoringSampleStore] history=845 capacity=1203
2026-10-03 21:52:15.239098+0900 ResourceRunner[6388:50896166] [MonitoringSampleStore] history=846 capacity=1203
2026-10-03 21:52:15.239291+0900 ResourceRunner[6388:50896166] [MonitoringSampleStore] history=847 capacity=1203
2026-10-03 21:52:15.239484+0900 ResourceRunner[6388:50896166] [MonitoringSampleStore] history=848 capacity=1203
2026-10-03 21:52:15.239686+0900 ResourceRunner[6388:50896166] [MonitoringSampleStore] history=849 capacity=1203
2026-10-03 21:52:15.239888+0900 ResourceRunner[6388:50896166] [MonitoringSampleStore] history=850 capacity=1203
2026-10-03 21:52:15.240081+0900 ResourceRunner[6388:50896166] [MonitoringSampleStore] history=851 capacity=1203
2026-10-03 21:52:15.240285+0900 ResourceRunner[6388:50896166] [MonitoringSampleStore] history=852 capacity=1203
2026-10-03 21:52:15.240488+0900 ResourceRunner[6388:50896166] [MonitoringSampleStore] history=853 capacity=1203
2026-10-03 21:52:15.240691+0900 ResourceRunner[6388:50896166] [MonitoringSampleStore] history=854 capacity=1203
2026-10-03 21:52:15.240894+0900 ResourceRunner[6388:50896166] [MonitoringSampleStore] history=855 capacity=1203
2026-10-03 21:52:15.241099+0900 ResourceRunner[6388:50896166] [MonitoringSampleStore] history=856 capacity=1203
2026-10-03 21:52:15.241304+0900 ResourceRunner[6388:50896166] [MonitoringSampleStore] history=857 capacity=1203
2026-10-03 21:52:15.241508+0900 ResourceRunner[6388:50896166] [MonitoringSampleStore] history=858 capacity=1203
2026-10-03 21:52:15.241702+0900 ResourceRunner[6388:50896166] [MonitoringSampleStore] history=859 capacity=1203
2026-10-03 21:52:15.241897+0900 ResourceRunner[6388:50896166] [MonitoringSampleStore] history=860 capacity=1203
2026-10-03 21:52:15.242092+0900 ResourceRunner[6388:50896166] [MonitoringSampleStore] history=861 capacity=1203
2026-10-03 21:52:15.242296+0900 ResourceRunner[6388:50896166] [MonitoringSampleStore] history=862 capacity=1203
2026-10-03 21:52:15.242492+0900 ResourceRunner[6388:50896166] [MonitoringSampleStore] history=863 capacity=1203
2026-10-03 21:52:15.242688+0900 ResourceRunner[6388:50896166] [MonitoringSampleStore] history=864 capacity=1203
2026-10-03 21:52:15.242884+0900 ResourceRunner[6388:50896166] [MonitoringSampleStore] history=865 capacity=1203
2026-10-03 21:52:15.243081+0900 ResourceRunner[6388:50896166] [MonitoringSampleStore] history=866 capacity=1203
2026-10-03 21:52:15.243277+0900 ResourceRunner[6388:50896166] [MonitoringSampleStore] history=867 capacity=1203
2026-10-03 21:52:15.243481+0900 ResourceRunner[6388:50896166] [MonitoringSampleStore] history=868 capacity=1203
2026-10-03 21:52:15.243703+0900 ResourceRunner[6388:50896166] [MonitoringSampleStore] history=869 capacity=1203
2026-10-03 21:52:15.243909+0900 ResourceRunner[6388:50896166] [MonitoringSampleStore] history=870 capacity=1203
2026-10-03 21:52:15.244115+0900 ResourceRunner[6388:50896166] [MonitoringSampleStore] history=871 capacity=1203
2026-10-03 21:52:15.244322+0900 ResourceRunner[6388:50896166] [MonitoringSampleStore] history=872 capacity=1203
2026-10-03 21:52:15.244530+0900 ResourceRunner[6388:50896166] [MonitoringSampleStore] history=873 capacity=1203
2026-10-03 21:52:15.244736+0900 ResourceRunner[6388:50896166] [MonitoringSampleStore] history=874 capacity=1203
2026-10-03 21:52:15.244934+0900 ResourceRunner[6388:50896166] [MonitoringSampleStore] history=875 capacity=1203
2026-10-03 21:52:15.245133+0900 ResourceRunner[6388:50896166] [MonitoringSampleStore] history=876 capacity=1203
2026-10-03 21:52:15.245339+0900 ResourceRunner[6388:50896166] [MonitoringSampleStore] history=877 capacity=1203
2026-10-03 21:52:15.245539+0900 ResourceRunner[6388:50896166] [MonitoringSampleStore] history=878 capacity=1203
2026-10-03 21:52:15.245746+0900 ResourceRunner[6388:50896166] [MonitoringSampleStore] history=879 capacity=1203
2026-10-03 21:52:15.245956+0900 ResourceRunner[6388:50896166] [MonitoringSampleStore] history=880 capacity=1203
2026-10-03 21:52:15.246164+0900 ResourceRunner[6388:50896166] [MonitoringSampleStore] history=881 capacity=1203
2026-10-03 21:52:15.246363+0900 ResourceRunner[6388:50896166] [MonitoringSampleStore] history=882 capacity=1203
2026-10-03 21:52:15.246578+0900 ResourceRunner[6388:50896166] [MonitoringSampleStore] history=883 capacity=1203
2026-10-03 21:52:15.246783+0900 ResourceRunner[6388:50896166] [MonitoringSampleStore] history=884 capacity=1203
2026-10-03 21:52:15.246984+0900 ResourceRunner[6388:50896166] [MonitoringSampleStore] history=885 capacity=1203
2026-10-03 21:52:15.247193+0900 ResourceRunner[6388:50896166] [MonitoringSampleStore] history=886 capacity=1203
2026-10-03 21:52:15.247403+0900 ResourceRunner[6388:50896166] [MonitoringSampleStore] history=887 capacity=1203
2026-10-03 21:52:15.247611+0900 ResourceRunner[6388:50896166] [MonitoringSampleStore] history=888 capacity=1203
2026-10-03 21:52:15.247822+0900 ResourceRunner[6388:50896166] [MonitoringSampleStore] history=889 capacity=1203
2026-10-03 21:52:15.248029+0900 ResourceRunner[6388:50896166] [MonitoringSampleStore] history=890 capacity=1203
2026-10-03 21:52:15.248231+0900 ResourceRunner[6388:50896166] [MonitoringSampleStore] history=891 capacity=1203
2026-10-03 21:52:15.248427+0900 ResourceRunner[6388:50896166] [MonitoringSampleStore] history=892 capacity=1203
2026-10-03 21:52:15.248621+0900 ResourceRunner[6388:50896166] [MonitoringSampleStore] history=893 capacity=1203
2026-10-03 21:52:15.248825+0900 ResourceRunner[6388:50896166] [MonitoringSampleStore] history=894 capacity=1203
2026-10-03 21:52:15.249019+0900 ResourceRunner[6388:50896166] [MonitoringSampleStore] history=895 capacity=1203
2026-10-03 21:52:15.249215+0900 ResourceRunner[6388:50896166] [MonitoringSampleStore] history=896 capacity=1203
2026-10-03 21:52:15.249410+0900 ResourceRunner[6388:50896166] [MonitoringSampleStore] history=897 capacity=1203
2026-10-03 21:52:15.249619+0900 ResourceRunner[6388:50896166] [MonitoringSampleStore] history=898 capacity=1203
2026-10-03 21:52:15.249828+0900 ResourceRunner[6388:50896166] [MonitoringSampleStore] history=899 capacity=1203
2026-10-03 21:52:15.250036+0900 ResourceRunner[6388:50896166] [MonitoringSampleStore] history=900 capacity=1203
2026-10-03 21:52:15.250239+0900 ResourceRunner[6388:50896166] [MonitoringSampleStore] history=901 capacity=1203
2026-10-03 21:52:15.250454+0900 ResourceRunner[6388:50896166] [MonitoringSampleStore] history=902 capacity=1203
2026-10-03 21:52:15.250666+0900 ResourceRunner[6388:50896166] [MonitoringSampleStore] history=903 capacity=1203
2026-10-03 21:52:15.250880+0900 ResourceRunner[6388:50896166] [MonitoringSampleStore] history=904 capacity=1203
2026-10-03 21:52:15.251085+0900 ResourceRunner[6388:50896166] [MonitoringSampleStore] history=905 capacity=1203
2026-10-03 21:52:15.251291+0900 ResourceRunner[6388:50896166] [MonitoringSampleStore] history=906 capacity=1203
2026-10-03 21:52:15.251495+0900 ResourceRunner[6388:50896166] [MonitoringSampleStore] history=907 capacity=1203
2026-10-03 21:52:15.251700+0900 ResourceRunner[6388:50896166] [MonitoringSampleStore] history=908 capacity=1203
2026-10-03 21:52:15.251906+0900 ResourceRunner[6388:50896166] [MonitoringSampleStore] history=909 capacity=1203
2026-10-03 21:52:15.252112+0900 ResourceRunner[6388:50896166] [MonitoringSampleStore] history=910 capacity=1203
2026-10-03 21:52:15.252326+0900 ResourceRunner[6388:50896166] [MonitoringSampleStore] history=911 capacity=1203
2026-10-03 21:52:15.252541+0900 ResourceRunner[6388:50896166] [MonitoringSampleStore] history=912 capacity=1203
2026-10-03 21:52:15.252758+0900 ResourceRunner[6388:50896166] [MonitoringSampleStore] history=913 capacity=1203
2026-10-03 21:52:15.252964+0900 ResourceRunner[6388:50896166] [MonitoringSampleStore] history=914 capacity=1203
2026-10-03 21:52:15.253170+0900 ResourceRunner[6388:50896166] [MonitoringSampleStore] history=915 capacity=1203
2026-10-03 21:52:15.253377+0900 ResourceRunner[6388:50896166] [MonitoringSampleStore] history=916 capacity=1203
2026-10-03 21:52:15.253592+0900 ResourceRunner[6388:50896166] [MonitoringSampleStore] history=917 capacity=1203
2026-10-03 21:52:15.253809+0900 ResourceRunner[6388:50896166] [MonitoringSampleStore] history=918 capacity=1203
2026-10-03 21:52:15.254024+0900 ResourceRunner[6388:50896166] [MonitoringSampleStore] history=919 capacity=1203
2026-10-03 21:52:15.254241+0900 ResourceRunner[6388:50896166] [MonitoringSampleStore] history=920 capacity=1203
2026-10-03 21:52:15.254448+0900 ResourceRunner[6388:50896166] [MonitoringSampleStore] history=921 capacity=1203
2026-10-03 21:52:15.254665+0900 ResourceRunner[6388:50896166] [MonitoringSampleStore] history=922 capacity=1203
2026-10-03 21:52:15.254876+0900 ResourceRunner[6388:50896166] [MonitoringSampleStore] history=923 capacity=1203
2026-10-03 21:52:15.255093+0900 ResourceRunner[6388:50896166] [MonitoringSampleStore] history=924 capacity=1203
2026-10-03 21:52:15.255309+0900 ResourceRunner[6388:50896166] [MonitoringSampleStore] history=925 capacity=1203
2026-10-03 21:52:15.255518+0900 ResourceRunner[6388:50896166] [MonitoringSampleStore] history=926 capacity=1203
2026-10-03 21:52:15.255727+0900 ResourceRunner[6388:50896166] [MonitoringSampleStore] history=927 capacity=1203
2026-10-03 21:52:15.255945+0900 ResourceRunner[6388:50896166] [MonitoringSampleStore] history=928 capacity=1203
2026-10-03 21:52:15.256165+0900 ResourceRunner[6388:50896166] [MonitoringSampleStore] history=929 capacity=1203
2026-10-03 21:52:15.256382+0900 ResourceRunner[6388:50896166] [MonitoringSampleStore] history=930 capacity=1203
2026-10-03 21:52:15.256600+0900 ResourceRunner[6388:50896166] [MonitoringSampleStore] history=931 capacity=1203
2026-10-03 21:52:15.256820+0900 ResourceRunner[6388:50896166] [MonitoringSampleStore] history=932 capacity=1203
2026-10-03 21:52:15.257035+0900 ResourceRunner[6388:50896166] [MonitoringSampleStore] history=933 capacity=1203
2026-10-03 21:52:15.257248+0900 ResourceRunner[6388:50896166] [MonitoringSampleStore] history=934 capacity=1203
2026-10-03 21:52:15.257459+0900 ResourceRunner[6388:50896166] [MonitoringSampleStore] history=935 capacity=1203
2026-10-03 21:52:15.257671+0900 ResourceRunner[6388:50896166] [MonitoringSampleStore] history=936 capacity=1203
2026-10-03 21:52:15.257883+0900 ResourceRunner[6388:50896166] [MonitoringSampleStore] history=937 capacity=1203
2026-10-03 21:52:15.258095+0900 ResourceRunner[6388:50896166] [MonitoringSampleStore] history=938 capacity=1203
2026-10-03 21:52:15.258307+0900 ResourceRunner[6388:50896166] [MonitoringSampleStore] history=939 capacity=1203
2026-10-03 21:52:15.258525+0900 ResourceRunner[6388:50896166] [MonitoringSampleStore] history=940 capacity=1203
2026-10-03 21:52:15.258736+0900 ResourceRunner[6388:50896166] [MonitoringSampleStore] history=941 capacity=1203
2026-10-03 21:52:15.258940+0900 ResourceRunner[6388:50896166] [MonitoringSampleStore] history=942 capacity=1203
2026-10-03 21:52:15.259158+0900 ResourceRunner[6388:50896166] [MonitoringSampleStore] history=943 capacity=1203
2026-10-03 21:52:15.259377+0900 ResourceRunner[6388:50896166] [MonitoringSampleStore] history=944 capacity=1203
2026-10-03 21:52:15.259595+0900 ResourceRunner[6388:50896166] [MonitoringSampleStore] history=945 capacity=1203
2026-10-03 21:52:15.259816+0900 ResourceRunner[6388:50896166] [MonitoringSampleStore] history=946 capacity=1203
2026-10-03 21:52:15.260037+0900 ResourceRunner[6388:50896166] [MonitoringSampleStore] history=947 capacity=1203
2026-10-03 21:52:15.260259+0900 ResourceRunner[6388:50896166] [MonitoringSampleStore] history=948 capacity=1203
2026-10-03 21:52:15.260473+0900 ResourceRunner[6388:50896166] [MonitoringSampleStore] history=949 capacity=1203
2026-10-03 21:52:15.260695+0900 ResourceRunner[6388:50896166] [MonitoringSampleStore] history=950 capacity=1203
2026-10-03 21:52:15.260919+0900 ResourceRunner[6388:50896166] [MonitoringSampleStore] history=951 capacity=1203
2026-10-03 21:52:15.261142+0900 ResourceRunner[6388:50896166] [MonitoringSampleStore] history=952 capacity=1203
2026-10-03 21:52:15.261355+0900 ResourceRunner[6388:50896166] [MonitoringSampleStore] history=953 capacity=1203
2026-10-03 21:52:15.261571+0900 ResourceRunner[6388:50896166] [MonitoringSampleStore] history=954 capacity=1203
2026-10-03 21:52:15.261793+0900 ResourceRunner[6388:50896166] [MonitoringSampleStore] history=955 capacity=1203
2026-10-03 21:52:15.262007+0900 ResourceRunner[6388:50896166] [MonitoringSampleStore] history=956 capacity=1203
2026-10-03 21:52:15.262221+0900 ResourceRunner[6388:50896166] [MonitoringSampleStore] history=957 capacity=1203
2026-10-03 21:52:15.262435+0900 ResourceRunner[6388:50896166] [MonitoringSampleStore] history=958 capacity=1203
2026-10-03 21:52:15.262649+0900 ResourceRunner[6388:50896166] [MonitoringSampleStore] history=959 capacity=1203
2026-10-03 21:52:15.262873+0900 ResourceRunner[6388:50896166] [MonitoringSampleStore] history=960 capacity=1203
2026-10-03 21:52:15.263096+0900 ResourceRunner[6388:50896166] [MonitoringSampleStore] history=961 capacity=1203
2026-10-03 21:52:15.263332+0900 ResourceRunner[6388:50896166] [MonitoringSampleStore] history=962 capacity=1203
2026-10-03 21:52:15.263547+0900 ResourceRunner[6388:50896166] [MonitoringSampleStore] history=963 capacity=1203
2026-10-03 21:52:15.263763+0900 ResourceRunner[6388:50896166] [MonitoringSampleStore] history=964 capacity=1203
2026-10-03 21:52:15.263978+0900 ResourceRunner[6388:50896166] [MonitoringSampleStore] history=965 capacity=1203
2026-10-03 21:52:15.264203+0900 ResourceRunner[6388:50896166] [MonitoringSampleStore] history=966 capacity=1203
2026-10-03 21:52:15.264429+0900 ResourceRunner[6388:50896166] [MonitoringSampleStore] history=967 capacity=1203
2026-10-03 21:52:15.264663+0900 ResourceRunner[6388:50896166] [MonitoringSampleStore] history=968 capacity=1203
2026-10-03 21:52:15.264892+0900 ResourceRunner[6388:50896166] [MonitoringSampleStore] history=969 capacity=1203
2026-10-03 21:52:15.265118+0900 ResourceRunner[6388:50896166] [MonitoringSampleStore] history=970 capacity=1203
2026-10-03 21:52:15.265343+0900 ResourceRunner[6388:50896166] [MonitoringSampleStore] history=971 capacity=1203
2026-10-03 21:52:15.265560+0900 ResourceRunner[6388:50896166] [MonitoringSampleStore] history=972 capacity=1203
2026-10-03 21:52:15.265778+0900 ResourceRunner[6388:50896166] [MonitoringSampleStore] history=973 capacity=1203
2026-10-03 21:52:15.266005+0900 ResourceRunner[6388:50896166] [MonitoringSampleStore] history=974 capacity=1203
2026-10-03 21:52:15.266225+0900 ResourceRunner[6388:50896166] [MonitoringSampleStore] history=975 capacity=1203
2026-10-03 21:52:15.266450+0900 ResourceRunner[6388:50896166] [MonitoringSampleStore] history=976 capacity=1203
2026-10-03 21:52:15.266678+0900 ResourceRunner[6388:50896166] [MonitoringSampleStore] history=977 capacity=1203
2026-10-03 21:52:15.266896+0900 ResourceRunner[6388:50896166] [MonitoringSampleStore] history=978 capacity=1203
2026-10-03 21:52:15.267124+0900 ResourceRunner[6388:50896166] [MonitoringSampleStore] history=979 capacity=1203
2026-10-03 21:52:15.267343+0900 ResourceRunner[6388:50896166] [MonitoringSampleStore] history=980 capacity=1203
2026-10-03 21:52:15.267572+0900 ResourceRunner[6388:50896166] [MonitoringSampleStore] history=981 capacity=1203
2026-10-03 21:52:15.267799+0900 ResourceRunner[6388:50896166] [MonitoringSampleStore] history=982 capacity=1203
2026-10-03 21:52:15.268019+0900 ResourceRunner[6388:50896166] [MonitoringSampleStore] history=983 capacity=1203
2026-10-03 21:52:15.268247+0900 ResourceRunner[6388:50896166] [MonitoringSampleStore] history=984 capacity=1203
2026-10-03 21:52:15.268477+0900 ResourceRunner[6388:50896166] [MonitoringSampleStore] history=985 capacity=1203
2026-10-03 21:52:15.268696+0900 ResourceRunner[6388:50896166] [MonitoringSampleStore] history=986 capacity=1203
2026-10-03 21:52:15.268926+0900 ResourceRunner[6388:50896166] [MonitoringSampleStore] history=987 capacity=1203
2026-10-03 21:52:15.269155+0900 ResourceRunner[6388:50896166] [MonitoringSampleStore] history=988 capacity=1203
2026-10-03 21:52:15.269384+0900 ResourceRunner[6388:50896166] [MonitoringSampleStore] history=989 capacity=1203
2026-10-03 21:52:15.269613+0900 ResourceRunner[6388:50896166] [MonitoringSampleStore] history=990 capacity=1203
2026-10-03 21:52:15.269835+0900 ResourceRunner[6388:50896166] [MonitoringSampleStore] history=991 capacity=1203
2026-10-03 21:52:15.270057+0900 ResourceRunner[6388:50896166] [MonitoringSampleStore] history=992 capacity=1203
2026-10-03 21:52:15.270287+0900 ResourceRunner[6388:50896166] [MonitoringSampleStore] history=993 capacity=1203
2026-10-03 21:52:15.270513+0900 ResourceRunner[6388:50896166] [MonitoringSampleStore] history=994 capacity=1203
2026-10-03 21:52:15.270735+0900 ResourceRunner[6388:50896166] [MonitoringSampleStore] history=995 capacity=1203
2026-10-03 21:52:15.270951+0900 ResourceRunner[6388:50896166] [MonitoringSampleStore] history=996 capacity=1203
2026-10-03 21:52:15.271174+0900 ResourceRunner[6388:50896166] [MonitoringSampleStore] history=997 capacity=1203
2026-10-03 21:52:15.271397+0900 ResourceRunner[6388:50896166] [MonitoringSampleStore] history=998 capacity=1203
2026-10-03 21:52:15.271620+0900 ResourceRunner[6388:50896166] [MonitoringSampleStore] history=999 capacity=1203
2026-10-03 21:52:15.271843+0900 ResourceRunner[6388:50896166] [MonitoringSampleStore] history=1000 capacity=1203
2026-10-03 21:52:15.272082+0900 ResourceRunner[6388:50896166] [MonitoringSampleStore] history=1001 capacity=1203
2026-10-03 21:52:15.272316+0900 ResourceRunner[6388:50896166] [MonitoringSampleStore] history=1002 capacity=1203
2026-10-03 21:52:15.272544+0900 ResourceRunner[6388:50896166] [MonitoringSampleStore] history=1003 capacity=1203
2026-10-03 21:52:15.272770+0900 ResourceRunner[6388:50896166] [MonitoringSampleStore] history=1004 capacity=1203
2026-10-03 21:52:15.273002+0900 ResourceRunner[6388:50896166] [MonitoringSampleStore] history=1005 capacity=1203
2026-10-03 21:52:15.273234+0900 ResourceRunner[6388:50896166] [MonitoringSampleStore] history=1006 capacity=1203
2026-10-03 21:52:15.273467+0900 ResourceRunner[6388:50896166] [MonitoringSampleStore] history=1007 capacity=1203
2026-10-03 21:52:15.273692+0900 ResourceRunner[6388:50896166] [MonitoringSampleStore] history=1008 capacity=1203
2026-10-03 21:52:15.273925+0900 ResourceRunner[6388:50896166] [MonitoringSampleStore] history=1009 capacity=1203
2026-10-03 21:52:15.274150+0900 ResourceRunner[6388:50896166] [MonitoringSampleStore] history=1010 capacity=1203
2026-10-03 21:52:15.274384+0900 ResourceRunner[6388:50896166] [MonitoringSampleStore] history=1011 capacity=1203
2026-10-03 21:52:15.274609+0900 ResourceRunner[6388:50896166] [MonitoringSampleStore] history=1012 capacity=1203
2026-10-03 21:52:15.274835+0900 ResourceRunner[6388:50896166] [MonitoringSampleStore] history=1013 capacity=1203
2026-10-03 21:52:15.275070+0900 ResourceRunner[6388:50896166] [MonitoringSampleStore] history=1014 capacity=1203
2026-10-03 21:52:15.275296+0900 ResourceRunner[6388:50896166] [MonitoringSampleStore] history=1015 capacity=1203
2026-10-03 21:52:15.275530+0900 ResourceRunner[6388:50896166] [MonitoringSampleStore] history=1016 capacity=1203
2026-10-03 21:52:15.275768+0900 ResourceRunner[6388:50896166] [MonitoringSampleStore] history=1017 capacity=1203
2026-10-03 21:52:15.276002+0900 ResourceRunner[6388:50896166] [MonitoringSampleStore] history=1018 capacity=1203
2026-10-03 21:52:15.276229+0900 ResourceRunner[6388:50896166] [MonitoringSampleStore] history=1019 capacity=1203
2026-10-03 21:52:15.276467+0900 ResourceRunner[6388:50896166] [MonitoringSampleStore] history=1020 capacity=1203
2026-10-03 21:52:15.276704+0900 ResourceRunner[6388:50896166] [MonitoringSampleStore] history=1021 capacity=1203
2026-10-03 21:52:15.276939+0900 ResourceRunner[6388:50896166] [MonitoringSampleStore] history=1022 capacity=1203
2026-10-03 21:52:15.277167+0900 ResourceRunner[6388:50896166] [MonitoringSampleStore] history=1023 capacity=1203
2026-10-03 21:52:15.277394+0900 ResourceRunner[6388:50896166] [MonitoringSampleStore] history=1024 capacity=1203
2026-10-03 21:52:15.277622+0900 ResourceRunner[6388:50896166] [MonitoringSampleStore] history=1025 capacity=1203
2026-10-03 21:52:15.277859+0900 ResourceRunner[6388:50896166] [MonitoringSampleStore] history=1026 capacity=1203
2026-10-03 21:52:15.278088+0900 ResourceRunner[6388:50896166] [MonitoringSampleStore] history=1027 capacity=1203
2026-10-03 21:52:15.278341+0900 ResourceRunner[6388:50896132] [MonitoringSampleStore] history=1028 capacity=1203
2026-10-03 21:52:15.278588+0900 ResourceRunner[6388:50896132] [MonitoringSampleStore] history=1029 capacity=1203
2026-10-03 21:52:15.278818+0900 ResourceRunner[6388:50896132] [MonitoringSampleStore] history=1030 capacity=1203
2026-10-03 21:52:15.279056+0900 ResourceRunner[6388:50896132] [MonitoringSampleStore] history=1031 capacity=1203
2026-10-03 21:52:15.279294+0900 ResourceRunner[6388:50896132] [MonitoringSampleStore] history=1032 capacity=1203
2026-10-03 21:52:15.279534+0900 ResourceRunner[6388:50896132] [MonitoringSampleStore] history=1033 capacity=1203
2026-10-03 21:52:15.279771+0900 ResourceRunner[6388:50896132] [MonitoringSampleStore] history=1034 capacity=1203
2026-10-03 21:52:15.280010+0900 ResourceRunner[6388:50896132] [MonitoringSampleStore] history=1035 capacity=1203
2026-10-03 21:52:15.280242+0900 ResourceRunner[6388:50896132] [MonitoringSampleStore] history=1036 capacity=1203
2026-10-03 21:52:15.280482+0900 ResourceRunner[6388:50896132] [MonitoringSampleStore] history=1037 capacity=1203
2026-10-03 21:52:15.280721+0900 ResourceRunner[6388:50896132] [MonitoringSampleStore] history=1038 capacity=1203
2026-10-03 21:52:15.280952+0900 ResourceRunner[6388:50896132] [MonitoringSampleStore] history=1039 capacity=1203
2026-10-03 21:52:15.281203+0900 ResourceRunner[6388:50896132] [MonitoringSampleStore] history=1040 capacity=1203
2026-10-03 21:52:15.281445+0900 ResourceRunner[6388:50896132] [MonitoringSampleStore] history=1041 capacity=1203
2026-10-03 21:52:15.281685+0900 ResourceRunner[6388:50896132] [MonitoringSampleStore] history=1042 capacity=1203
2026-10-03 21:52:15.281917+0900 ResourceRunner[6388:50896132] [MonitoringSampleStore] history=1043 capacity=1203
2026-10-03 21:52:15.282159+0900 ResourceRunner[6388:50896132] [MonitoringSampleStore] history=1044 capacity=1203
2026-10-03 21:52:15.282391+0900 ResourceRunner[6388:50896132] [MonitoringSampleStore] history=1045 capacity=1203
2026-10-03 21:52:15.282623+0900 ResourceRunner[6388:50896132] [MonitoringSampleStore] history=1046 capacity=1203
2026-10-03 21:52:15.282864+0900 ResourceRunner[6388:50896132] [MonitoringSampleStore] history=1047 capacity=1203
2026-10-03 21:52:15.283097+0900 ResourceRunner[6388:50896132] [MonitoringSampleStore] history=1048 capacity=1203
2026-10-03 21:52:15.283339+0900 ResourceRunner[6388:50896132] [MonitoringSampleStore] history=1049 capacity=1203
2026-10-03 21:52:15.283573+0900 ResourceRunner[6388:50896132] [MonitoringSampleStore] history=1050 capacity=1203
2026-10-03 21:52:15.283814+0900 ResourceRunner[6388:50896132] [MonitoringSampleStore] history=1051 capacity=1203
2026-10-03 21:52:15.284050+0900 ResourceRunner[6388:50896132] [MonitoringSampleStore] history=1052 capacity=1203
2026-10-03 21:52:15.284293+0900 ResourceRunner[6388:50896132] [MonitoringSampleStore] history=1053 capacity=1203
2026-10-03 21:52:15.284526+0900 ResourceRunner[6388:50896132] [MonitoringSampleStore] history=1054 capacity=1203
2026-10-03 21:52:15.284770+0900 ResourceRunner[6388:50896132] [MonitoringSampleStore] history=1055 capacity=1203
2026-10-03 21:52:15.285015+0900 ResourceRunner[6388:50896132] [MonitoringSampleStore] history=1056 capacity=1203
2026-10-03 21:52:15.285258+0900 ResourceRunner[6388:50896132] [MonitoringSampleStore] history=1057 capacity=1203
2026-10-03 21:52:15.285501+0900 ResourceRunner[6388:50896132] [MonitoringSampleStore] history=1058 capacity=1203
2026-10-03 21:52:15.285737+0900 ResourceRunner[6388:50896132] [MonitoringSampleStore] history=1059 capacity=1203
2026-10-03 21:52:15.285982+0900 ResourceRunner[6388:50896132] [MonitoringSampleStore] history=1060 capacity=1203
2026-10-03 21:52:15.286218+0900 ResourceRunner[6388:50896132] [MonitoringSampleStore] history=1061 capacity=1203
2026-10-03 21:52:15.286463+0900 ResourceRunner[6388:50896132] [MonitoringSampleStore] history=1062 capacity=1203
2026-10-03 21:52:15.286698+0900 ResourceRunner[6388:50896132] [MonitoringSampleStore] history=1063 capacity=1203
2026-10-03 21:52:15.286942+0900 ResourceRunner[6388:50896132] [MonitoringSampleStore] history=1064 capacity=1203
2026-10-03 21:52:15.287181+0900 ResourceRunner[6388:50896132] [MonitoringSampleStore] history=1065 capacity=1203
2026-10-03 21:52:15.287418+0900 ResourceRunner[6388:50896132] [MonitoringSampleStore] history=1066 capacity=1203
2026-10-03 21:52:15.287654+0900 ResourceRunner[6388:50896132] [MonitoringSampleStore] history=1067 capacity=1203
2026-10-03 21:52:15.287900+0900 ResourceRunner[6388:50896132] [MonitoringSampleStore] history=1068 capacity=1203
2026-10-03 21:52:15.288145+0900 ResourceRunner[6388:50896132] [MonitoringSampleStore] history=1069 capacity=1203
2026-10-03 21:52:15.288383+0900 ResourceRunner[6388:50896132] [MonitoringSampleStore] history=1070 capacity=1203
2026-10-03 21:52:15.288621+0900 ResourceRunner[6388:50896132] [MonitoringSampleStore] history=1071 capacity=1203
2026-10-03 21:52:15.288858+0900 ResourceRunner[6388:50896132] [MonitoringSampleStore] history=1072 capacity=1203
2026-10-03 21:52:15.289105+0900 ResourceRunner[6388:50896132] [MonitoringSampleStore] history=1073 capacity=1203
2026-10-03 21:52:15.289353+0900 ResourceRunner[6388:50896132] [MonitoringSampleStore] history=1074 capacity=1203
2026-10-03 21:52:15.289601+0900 ResourceRunner[6388:50896132] [MonitoringSampleStore] history=1075 capacity=1203
2026-10-03 21:52:15.289848+0900 ResourceRunner[6388:50896132] [MonitoringSampleStore] history=1076 capacity=1203
2026-10-03 21:52:15.290086+0900 ResourceRunner[6388:50896132] [MonitoringSampleStore] history=1077 capacity=1203
2026-10-03 21:52:15.290334+0900 ResourceRunner[6388:50896132] [MonitoringSampleStore] history=1078 capacity=1203
2026-10-03 21:52:15.290573+0900 ResourceRunner[6388:50896132] [MonitoringSampleStore] history=1079 capacity=1203
2026-10-03 21:52:15.290822+0900 ResourceRunner[6388:50896132] [MonitoringSampleStore] history=1080 capacity=1203
2026-10-03 21:52:15.291062+0900 ResourceRunner[6388:50896132] [MonitoringSampleStore] history=1081 capacity=1203
2026-10-03 21:52:15.291305+0900 ResourceRunner[6388:50896132] [MonitoringSampleStore] history=1082 capacity=1203
2026-10-03 21:52:15.291554+0900 ResourceRunner[6388:50896132] [MonitoringSampleStore] history=1083 capacity=1203
2026-10-03 21:52:15.291794+0900 ResourceRunner[6388:50896132] [MonitoringSampleStore] history=1084 capacity=1203
2026-10-03 21:52:15.292044+0900 ResourceRunner[6388:50896132] [MonitoringSampleStore] history=1085 capacity=1203
2026-10-03 21:52:15.292290+0900 ResourceRunner[6388:50896132] [MonitoringSampleStore] history=1086 capacity=1203
2026-10-03 21:52:15.292542+0900 ResourceRunner[6388:50896132] [MonitoringSampleStore] history=1087 capacity=1203
2026-10-03 21:52:15.292787+0900 ResourceRunner[6388:50896132] [MonitoringSampleStore] history=1088 capacity=1203
2026-10-03 21:52:15.293044+0900 ResourceRunner[6388:50896132] [MonitoringSampleStore] history=1089 capacity=1203
2026-10-03 21:52:15.293284+0900 ResourceRunner[6388:50896132] [MonitoringSampleStore] history=1090 capacity=1203
2026-10-03 21:52:15.293533+0900 ResourceRunner[6388:50896132] [MonitoringSampleStore] history=1091 capacity=1203
2026-10-03 21:52:15.293774+0900 ResourceRunner[6388:50896132] [MonitoringSampleStore] history=1092 capacity=1203
2026-10-03 21:52:15.294016+0900 ResourceRunner[6388:50896132] [MonitoringSampleStore] history=1093 capacity=1203
2026-10-03 21:52:15.294270+0900 ResourceRunner[6388:50896132] [MonitoringSampleStore] history=1094 capacity=1203
2026-10-03 21:52:15.294529+0900 ResourceRunner[6388:50896132] [MonitoringSampleStore] history=1095 capacity=1203
2026-10-03 21:52:15.294776+0900 ResourceRunner[6388:50896132] [MonitoringSampleStore] history=1096 capacity=1203
2026-10-03 21:52:15.295027+0900 ResourceRunner[6388:50896132] [MonitoringSampleStore] history=1097 capacity=1203
2026-10-03 21:52:15.295278+0900 ResourceRunner[6388:50896132] [MonitoringSampleStore] history=1098 capacity=1203
2026-10-03 21:52:15.295520+0900 ResourceRunner[6388:50896132] [MonitoringSampleStore] history=1099 capacity=1203
2026-10-03 21:52:15.295766+0900 ResourceRunner[6388:50896132] [MonitoringSampleStore] history=1100 capacity=1203
2026-10-03 21:52:15.296018+0900 ResourceRunner[6388:50896132] [MonitoringSampleStore] history=1101 capacity=1203
2026-10-03 21:52:15.296280+0900 ResourceRunner[6388:50896132] [MonitoringSampleStore] history=1102 capacity=1203
2026-10-03 21:52:15.296534+0900 ResourceRunner[6388:50896132] [MonitoringSampleStore] history=1103 capacity=1203
2026-10-03 21:52:15.296796+0900 ResourceRunner[6388:50896132] [MonitoringSampleStore] history=1104 capacity=1203
2026-10-03 21:52:15.297048+0900 ResourceRunner[6388:50896132] [MonitoringSampleStore] history=1105 capacity=1203
2026-10-03 21:52:15.297318+0900 ResourceRunner[6388:50896132] [MonitoringSampleStore] history=1106 capacity=1203
2026-10-03 21:52:15.297575+0900 ResourceRunner[6388:50896132] [MonitoringSampleStore] history=1107 capacity=1203
2026-10-03 21:52:15.297834+0900 ResourceRunner[6388:50896132] [MonitoringSampleStore] history=1108 capacity=1203
2026-10-03 21:52:15.298101+0900 ResourceRunner[6388:50896132] [MonitoringSampleStore] history=1109 capacity=1203
2026-10-03 21:52:15.298364+0900 ResourceRunner[6388:50896132] [MonitoringSampleStore] history=1110 capacity=1203
2026-10-03 21:52:15.298619+0900 ResourceRunner[6388:50896132] [MonitoringSampleStore] history=1111 capacity=1203
2026-10-03 21:52:15.298879+0900 ResourceRunner[6388:50896132] [MonitoringSampleStore] history=1112 capacity=1203
2026-10-03 21:52:15.299143+0900 ResourceRunner[6388:50896132] [MonitoringSampleStore] history=1113 capacity=1203
2026-10-03 21:52:15.299401+0900 ResourceRunner[6388:50896132] [MonitoringSampleStore] history=1114 capacity=1203
2026-10-03 21:52:15.299661+0900 ResourceRunner[6388:50896132] [MonitoringSampleStore] history=1115 capacity=1203
2026-10-03 21:52:15.299926+0900 ResourceRunner[6388:50896132] [MonitoringSampleStore] history=1116 capacity=1203
2026-10-03 21:52:15.300191+0900 ResourceRunner[6388:50896132] [MonitoringSampleStore] history=1117 capacity=1203
2026-10-03 21:52:15.300455+0900 ResourceRunner[6388:50896132] [MonitoringSampleStore] history=1118 capacity=1203
2026-10-03 21:52:15.300709+0900 ResourceRunner[6388:50896132] [MonitoringSampleStore] history=1119 capacity=1203
2026-10-03 21:52:15.300960+0900 ResourceRunner[6388:50896132] [MonitoringSampleStore] history=1120 capacity=1203
2026-10-03 21:52:15.301204+0900 ResourceRunner[6388:50896132] [MonitoringSampleStore] history=1121 capacity=1203
2026-10-03 21:52:15.301457+0900 ResourceRunner[6388:50896132] [MonitoringSampleStore] history=1122 capacity=1203
2026-10-03 21:52:15.301706+0900 ResourceRunner[6388:50896132] [MonitoringSampleStore] history=1123 capacity=1203
2026-10-03 21:52:15.301965+0900 ResourceRunner[6388:50896132] [MonitoringSampleStore] history=1124 capacity=1203
2026-10-03 21:52:15.302216+0900 ResourceRunner[6388:50896132] [MonitoringSampleStore] history=1125 capacity=1203
2026-10-03 21:52:15.302463+0900 ResourceRunner[6388:50896132] [MonitoringSampleStore] history=1126 capacity=1203
2026-10-03 21:52:15.302723+0900 ResourceRunner[6388:50896132] [MonitoringSampleStore] history=1127 capacity=1203
2026-10-03 21:52:15.302986+0900 ResourceRunner[6388:50896132] [MonitoringSampleStore] history=1128 capacity=1203
2026-10-03 21:52:15.303244+0900 ResourceRunner[6388:50896132] [MonitoringSampleStore] history=1129 capacity=1203
2026-10-03 21:52:15.303508+0900 ResourceRunner[6388:50896132] [MonitoringSampleStore] history=1130 capacity=1203
2026-10-03 21:52:15.303764+0900 ResourceRunner[6388:50896132] [MonitoringSampleStore] history=1131 capacity=1203
2026-10-03 21:52:15.304021+0900 ResourceRunner[6388:50896132] [MonitoringSampleStore] history=1132 capacity=1203
2026-10-03 21:52:15.304292+0900 ResourceRunner[6388:50896132] [MonitoringSampleStore] history=1133 capacity=1203
2026-10-03 21:52:15.304550+0900 ResourceRunner[6388:50896132] [MonitoringSampleStore] history=1134 capacity=1203
2026-10-03 21:52:15.304817+0900 ResourceRunner[6388:50896132] [MonitoringSampleStore] history=1135 capacity=1203
2026-10-03 21:52:15.305075+0900 ResourceRunner[6388:50896132] [MonitoringSampleStore] history=1136 capacity=1203
2026-10-03 21:52:15.305332+0900 ResourceRunner[6388:50896132] [MonitoringSampleStore] history=1137 capacity=1203
2026-10-03 21:52:15.305596+0900 ResourceRunner[6388:50896132] [MonitoringSampleStore] history=1138 capacity=1203
2026-10-03 21:52:15.305861+0900 ResourceRunner[6388:50896132] [MonitoringSampleStore] history=1139 capacity=1203
2026-10-03 21:52:15.306122+0900 ResourceRunner[6388:50896132] [MonitoringSampleStore] history=1140 capacity=1203
2026-10-03 21:52:15.306384+0900 ResourceRunner[6388:50896132] [MonitoringSampleStore] history=1141 capacity=1203
2026-10-03 21:52:15.306651+0900 ResourceRunner[6388:50896132] [MonitoringSampleStore] history=1142 capacity=1203
2026-10-03 21:52:15.306921+0900 ResourceRunner[6388:50896132] [MonitoringSampleStore] history=1143 capacity=1203
2026-10-03 21:52:15.307172+0900 ResourceRunner[6388:50896132] [MonitoringSampleStore] history=1144 capacity=1203
2026-10-03 21:52:15.307430+0900 ResourceRunner[6388:50896132] [MonitoringSampleStore] history=1145 capacity=1203
2026-10-03 21:52:15.307698+0900 ResourceRunner[6388:50896132] [MonitoringSampleStore] history=1146 capacity=1203
2026-10-03 21:52:15.307958+0900 ResourceRunner[6388:50896132] [MonitoringSampleStore] history=1147 capacity=1203
2026-10-03 21:52:15.308215+0900 ResourceRunner[6388:50896132] [MonitoringSampleStore] history=1148 capacity=1203
2026-10-03 21:52:15.308473+0900 ResourceRunner[6388:50896132] [MonitoringSampleStore] history=1149 capacity=1203
2026-10-03 21:52:15.308748+0900 ResourceRunner[6388:50896132] [MonitoringSampleStore] history=1150 capacity=1203
2026-10-03 21:52:15.309016+0900 ResourceRunner[6388:50896132] [MonitoringSampleStore] history=1151 capacity=1203
2026-10-03 21:52:15.309276+0900 ResourceRunner[6388:50896132] [MonitoringSampleStore] history=1152 capacity=1203
2026-10-03 21:52:15.309533+0900 ResourceRunner[6388:50896132] [MonitoringSampleStore] history=1153 capacity=1203
2026-10-03 21:52:15.309804+0900 ResourceRunner[6388:50896132] [MonitoringSampleStore] history=1154 capacity=1203
2026-10-03 21:52:15.310073+0900 ResourceRunner[6388:50896132] [MonitoringSampleStore] history=1155 capacity=1203
2026-10-03 21:52:15.310342+0900 ResourceRunner[6388:50896132] [MonitoringSampleStore] history=1156 capacity=1203
2026-10-03 21:52:15.310612+0900 ResourceRunner[6388:50896132] [MonitoringSampleStore] history=1157 capacity=1203
2026-10-03 21:52:15.310869+0900 ResourceRunner[6388:50896132] [MonitoringSampleStore] history=1158 capacity=1203
2026-10-03 21:52:15.311144+0900 ResourceRunner[6388:50896132] [MonitoringSampleStore] history=1159 capacity=1203
2026-10-03 21:52:15.311407+0900 ResourceRunner[6388:50896132] [MonitoringSampleStore] history=1160 capacity=1203
2026-10-03 21:52:15.311678+0900 ResourceRunner[6388:50896132] [MonitoringSampleStore] history=1161 capacity=1203
2026-10-03 21:52:15.311953+0900 ResourceRunner[6388:50896132] [MonitoringSampleStore] history=1162 capacity=1203
2026-10-03 21:52:15.312206+0900 ResourceRunner[6388:50896132] [MonitoringSampleStore] history=1163 capacity=1203
2026-10-03 21:52:15.312474+0900 ResourceRunner[6388:50896132] [MonitoringSampleStore] history=1164 capacity=1203
2026-10-03 21:52:15.312734+0900 ResourceRunner[6388:50896132] [MonitoringSampleStore] history=1165 capacity=1203
2026-10-03 21:52:15.313005+0900 ResourceRunner[6388:50896132] [MonitoringSampleStore] history=1166 capacity=1203
2026-10-03 21:52:15.313277+0900 ResourceRunner[6388:50896132] [MonitoringSampleStore] history=1167 capacity=1203
2026-10-03 21:52:15.313566+0900 ResourceRunner[6388:50896132] [MonitoringSampleStore] history=1168 capacity=1203
2026-10-03 21:52:15.313848+0900 ResourceRunner[6388:50896132] [MonitoringSampleStore] history=1169 capacity=1203
2026-10-03 21:52:15.314111+0900 ResourceRunner[6388:50896132] [MonitoringSampleStore] history=1170 capacity=1203
2026-10-03 21:52:15.314369+0900 ResourceRunner[6388:50896132] [MonitoringSampleStore] history=1171 capacity=1203
2026-10-03 21:52:15.314638+0900 ResourceRunner[6388:50896132] [MonitoringSampleStore] history=1172 capacity=1203
2026-10-03 21:52:15.314896+0900 ResourceRunner[6388:50896132] [MonitoringSampleStore] history=1173 capacity=1203
2026-10-03 21:52:15.315178+0900 ResourceRunner[6388:50896132] [MonitoringSampleStore] history=1174 capacity=1203
2026-10-03 21:52:15.315442+0900 ResourceRunner[6388:50896132] [MonitoringSampleStore] history=1175 capacity=1203
2026-10-03 21:52:15.315709+0900 ResourceRunner[6388:50896132] [MonitoringSampleStore] history=1176 capacity=1203
2026-10-03 21:52:15.315973+0900 ResourceRunner[6388:50896132] [MonitoringSampleStore] history=1177 capacity=1203
2026-10-03 21:52:15.316243+0900 ResourceRunner[6388:50896132] [MonitoringSampleStore] history=1178 capacity=1203
2026-10-03 21:52:15.316508+0900 ResourceRunner[6388:50896132] [MonitoringSampleStore] history=1179 capacity=1203
2026-10-03 21:52:15.316766+0900 ResourceRunner[6388:50896132] [MonitoringSampleStore] history=1180 capacity=1203
2026-10-03 21:52:15.317036+0900 ResourceRunner[6388:50896132] [MonitoringSampleStore] history=1181 capacity=1203
2026-10-03 21:52:15.317302+0900 ResourceRunner[6388:50896132] [MonitoringSampleStore] history=1182 capacity=1203
2026-10-03 21:52:15.317572+0900 ResourceRunner[6388:50896132] [MonitoringSampleStore] history=1183 capacity=1203
2026-10-03 21:52:15.317837+0900 ResourceRunner[6388:50896132] [MonitoringSampleStore] history=1184 capacity=1203
2026-10-03 21:52:15.318095+0900 ResourceRunner[6388:50896132] [MonitoringSampleStore] history=1185 capacity=1203
2026-10-03 21:52:15.318361+0900 ResourceRunner[6388:50896132] [MonitoringSampleStore] history=1186 capacity=1203
2026-10-03 21:52:15.318636+0900 ResourceRunner[6388:50896132] [MonitoringSampleStore] history=1187 capacity=1203
2026-10-03 21:52:15.318909+0900 ResourceRunner[6388:50896132] [MonitoringSampleStore] history=1188 capacity=1203
2026-10-03 21:52:15.319180+0900 ResourceRunner[6388:50896132] [MonitoringSampleStore] history=1189 capacity=1203
2026-10-03 21:52:15.319448+0900 ResourceRunner[6388:50896132] [MonitoringSampleStore] history=1190 capacity=1203
2026-10-03 21:52:15.319711+0900 ResourceRunner[6388:50896132] [MonitoringSampleStore] history=1191 capacity=1203
2026-10-03 21:52:15.319980+0900 ResourceRunner[6388:50896132] [MonitoringSampleStore] history=1192 capacity=1203
2026-10-03 21:52:15.320252+0900 ResourceRunner[6388:50896132] [MonitoringSampleStore] history=1193 capacity=1203
2026-10-03 21:52:15.320511+0900 ResourceRunner[6388:50896132] [MonitoringSampleStore] history=1194 capacity=1203
2026-10-03 21:52:15.320791+0900 ResourceRunner[6388:50896132] [MonitoringSampleStore] history=1195 capacity=1203
2026-10-03 21:52:15.321061+0900 ResourceRunner[6388:50896132] [MonitoringSampleStore] history=1196 capacity=1203
2026-10-03 21:52:15.321360+0900 ResourceRunner[6388:50896132] [MonitoringSampleStore] history=1197 capacity=1203
2026-10-03 21:52:15.321620+0900 ResourceRunner[6388:50896132] [MonitoringSampleStore] history=1198 capacity=1203
2026-10-03 21:52:15.321879+0900 ResourceRunner[6388:50896132] [MonitoringSampleStore] history=1199 capacity=1203
2026-10-03 21:52:15.322138+0900 ResourceRunner[6388:50896132] [MonitoringSampleStore] history=1200 capacity=1203
2026-10-03 21:52:15.322393+0900 ResourceRunner[6388:50896132] [MonitoringSampleStore] history=1201 capacity=1203
2026-10-03 21:52:15.322663+0900 ResourceRunner[6388:50896132] [MonitoringSampleStore] history=1202 capacity=1203
2026-10-03 21:52:15.322934+0900 ResourceRunner[6388:50896132] [MonitoringSampleStore] history=1203 capacity=1203
2026-10-03 21:52:15.323208+0900 ResourceRunner[6388:50896132] [MonitoringSampleStore] history=1203 capacity=1203
✔ Test exceedingCapacityReplacesOnlyTheOldestEntry() passed after 0.193 seconds.
◇ Test ringCoversTheWholeTenMinuteWindowAtTheShortestInterval() started.
2026-10-03 21:52:15.323621+0900 ResourceRunner[6388:50896166] [MonitoringSampleStore] first valid history point collectionEpoch=0 history=1
2026-10-03 21:52:15.323628+0900 ResourceRunner[6388:50896166] [MonitoringSampleStore] history=2 capacity=1203
2026-10-03 21:52:15.323631+0900 ResourceRunner[6388:50896165] [MonitoringSampleStore] history=1 capacity=1203
2026-10-03 21:52:15.323633+0900 ResourceRunner[6388:50896166] [MonitoringSampleStore] history=3 capacity=1203
2026-10-03 21:52:15.323637+0900 ResourceRunner[6388:50896165] [MonitoringSampleStore] history=4 capacity=1203
2026-10-03 21:52:15.323640+0900 ResourceRunner[6388:50896166] [MonitoringSampleStore] history=5 capacity=1203
2026-10-03 21:52:15.323643+0900 ResourceRunner[6388:50896166] [MonitoringSampleStore] history=6 capacity=1203
2026-10-03 21:52:15.323654+0900 ResourceRunner[6388:50896166] [MonitoringSampleStore] history=7 capacity=1203
2026-10-03 21:52:15.323664+0900 ResourceRunner[6388:50896165] [MonitoringSampleStore] history=8 capacity=1203
20262026-10-03 21:52:15.323736+0900 ResourceRunner[6388:50896166] [MonitoringSampleStore] history=13 capacity=1203
2026-10-03 21:52:15.323870+0900 ResourceRunner[6388:50896162] [MonitoringSampleStore] history=20 capacity=1203
2026-10-03 21:52:15.323876+0900 ResourceRunner[6388:50896162] [MonitoringSampleStore] history=22 capacity=1203
2026-10-03 21:52:15.323876+0900 ResourceRunner[6388:50896166] [MonitoringSampleStore] history=23 capacity=1203
-10-03 21:52:15.323667+0900 ResourceRunner[6388:50896165] [MonitoringSampleStore] history=9 capacity=1203
2026-10-03 21:52:15.323880+0900 ResourceRunner[6388:50896162] [MonitoringSampleStore] history=24 capacity=1203
2026-10-03 21:52:15.323881+0900 ResourceRunner[6388:50896166] [MonitoringSampleStore] history=25 capacity=1203
2026-10-03 21:52:15.323885+0900 ResourceRunner[6388:50896162] [MonitoringSampleStore] history=26 capacity=1203
2026-10-03 21:52:15.323784+0900 ResourceRunner[6388:50896205] [MonitoringSampleStore] history=15 capacity=1203
2026-10-03 21:52:15.323886+0900 ResourceRunner[6388:50896165] [MonitoringSampleStore] history=27 capacity=1203
2026-10-03 21:52:15.323846+0900 ResourceRunner[6388:50896202] [MonitoringSampleStore] history=17 capacity=1203
2026-10-03 21:52:15.323830+0900 ResourceRunner[6388:50896161] [MonitoringSampleStore] history=16 capacity=1203
2026-10-03 21:52:15.324691+0900 ResourceRunner[6388:50896165] [MonitoringSampleStore] history=31 capacity=1203
2026-10-03 21:52:15.324692+0900 ResourceRunner[6388:50896202] [MonitoringSampleStore] history=32 capacity=1203
2026-10-03 21:52:15.324695+0900 ResourceRunner[6388:50896161] [MonitoringSampleStore] history=33 capacity=1203
2026-10-03 21:52:15.324697+0900 ResourceRunner[6388:50896165] [MonitoringSampleStore] history=34 capacity=1203
2026-10-03 21:52:15.324698+0900 ResourceRunner[6388:50896202] [MonitoringSampleStore] history=35 capacity=1203
2026-10-03 21:52:15.324699+0900 ResourceRunner[6388:50896161] [MonitoringSampleStore] history=36 capacity=1203
2026-10-03 21:52:15.324701+0900 ResourceRunner[6388:5082026-10-03 21:52:15.323701+0900 ResourceRunner[6388:50896183] [MonitoringSampleStore] history=11 capacity=1203
2026-10-03 21:52:15.323851+0900 ResourceRunner[6388:50896201] [MonitoringSampleStore] history=19 capacity=1203
2026-10-03 21:52:15.323909+0900 ResourceRunner[6388:50896166] [MonitoringSampleStore] history=30 capacity=1203
2026-10-03 21:52:15.324794+0900 ResourceRunner[6388:50896183] [MonitoringSampleStore] history=40 capacity=1203
2026-10-03 21:52:15.324799+0900 ResourceRunner[6388:50896183] [MonitoringSampleStore] history=43 capacity=1203
2026-10-03 21:52:15.324799+0900 ResourceRunner[6388:50896166] [MonitoringSampleStore] history=42 capacity=1203
2026-10-03 21:52:15.323891+0900 ResourceRunner[6388:50896162] [MonitoringSampleStore] history=28 capacity=1203
2026-10-03 21:52:15.324803+0900 ResourceRunner[6388:50896183] [MonitoringSampleStore] history=44 capacity=1203
2026-10-03 21:52:15.324805+0900 ResourceRunner[6388:50896166] [MonitoringSampleStore] history=45 capacity=1203
2026-10-03 21:52:15.324806+0900 ResourceRunner[6388:50896162] [MonitoringSampleStore] history=46 capacity=1203
2026-10-03 21:52:15.323719+0900 ResourceRunner[6388:50896140] [MonitoringSampleStore] history=12 capacity=1203
2026-10-03 21:52:15.324807+0900 ResourceRunner[6388:50896183] [MonitoringSampleStore] history=47 capacity=1203
2026-10-03 21:52:15.323848+0900 ResourceRunner[6388:50896200] [MonitoringSampleStore] history=18 capacity=1203
2026-10-03 21:52:15.324809+0900 ResourceRunner[6388:50896166] [MonitoringSampleStore] history=48 capacity=1203
2026-10-03 21:52:15.324874+0900 ResourceRunner[6388:50896162] [MonitoringSampleStore] history=49 capacity=1203
2026-10-03 21:52:15.324878+0900 ResourceRunner[6388:50896183] [MonitoringSampleStore] history=50 capacity=1203
2026-10-03 21:52:15.323723+0900 ResourceRunner[6388:50896164] [MonitoringSampleStore] history=10 capacity=1203
2026-10-03 21:52:15.324882+0900 ResourceRunner[6388:50896162] [MonitoringSampleStore] history=51 capacity=1203
2026-10-03 21:52:15.324883+0900 ResourceRunner[6388:50896166] [MonitoringSampleStore] history=52 capacity=1203
96165] [MonitoringSampleStore] history=37 capacity=1203
2026-10-03 21:52:15.323739+0900 ResourceRunner[6388:50896184] [MonitoringSampleStore] history=14 capacity=1203
2026-10-03 21:52:15.323891+0900 ResourceRunner[6388:50896205] [MonitoringSampleStore] history=29 capacity=1203
2026-10-03 21:52:15.324936+0900 ResourceRunner[6388:50896166] [MonitoringSampleStore] history=58 capacity=1203
2026-10-03 21:52:15.324938+0900 ResourceRunner[6388:50896165] [MonitoringSampleStore] history=59 capacity=1203
2026-10-03 21:52:15.324940+0900 ResourceRunner[6388:50896184] [MonitoringSampleStore] history=60 capacity=1203
2026-10-03 21:52:15.323864+0900 ResourceRunner[6388:50896131] [MonitoringSampleStore] history=21 capacity=1203
2026-10-03 21:52:15.324944+0900 ResourceRunner[6388:50896166] [MonitoringSampleStore] history=61 capacity=1203
2026-10-03 21:52:15.324945+0900 ResourceRunner[6388:50896165] [MonitoringSampleStore] history=62 capacity=1203
2026-10-03 21:52:15.324946+0900 ResourceRunner[6388:50896184] [MonitoringSampleStore] history=63 capacity=1203
2026-10-03 21:52:15.324951+0900 ResourceRunner[6388:50896166] [MonitoringSampleStore] history=66 capacity=1203
2026-10-03 21:52:15.324702+0900 ResourceRunner[6388:50896202] [MonitoringSampleStore] history=38 capacity=1203
2026-10-03 21:52:15.324995+0900 ResourceRunner[6388:50896184] [MonitoringSampleStore] history=68 capacity=1203
2026-10-03 21:52:15.324997+0900 ResourceRunner[6388:50896166] [MonitoringSampleStore] history=69 capacity=1203
2026-10-03 21:52:15.324703+0900 ResourceRunner[6388:50896161] [MonitoringSampleStore] history=39 capacity=1203
2026-10-03 21:52:15.324998+0900 ResourceRunner[6388:50896202] [MonitoringSampleStore] history=70 capacity=1203
2026-10-03 21:52:15.324999+0900 ResourceRunner[6388:50896184] [MonitoringSampleStore] history=71 capacity=1203
2026-10-03 21:52:15.324883+0900 ResourceRunner[6388:50896183] [MonitoringSampleStore] history=54 capacity=1203
2026-10-03 21:52:15.324951+0900 ResourceRunner[6388:50896165] [MonitoringSampleStore] history=65 capacity=1203
2026-10-03 21:52:15.325002+0900 ResourceRunner[6388:50896166] [MonitoringSampleStore] history=72 capacity=1203
2026-10-03 21:52:15.324889+0900 ResourceRunner[6388:50896162] [MonitoringSampleStore] history=56 capacity=1203
2026-10-03 21:52:15.325071+0900 ResourceRunner[6388:50896165] [MonitoringSampleStore] history=77 capacity=1203
2026-10-03 21:52:15.325073+0900 ResourceRunner[6388:50896166] [MonitoringSampleStore] history=78 capacity=1203
2026-10-03 21:52:15.325076+0900 ResourceRunner[6388:50896165] [MonitoringSampleStore] history=80 capacity=1203
2026-10-03 21:52:15.324798+0900 ResourceRunner[6388:50896201] [MonitoringSampleStore] history=41 capacity=1203
2026-10-03 21:52:15.325077+0900 ResourceRunner[6388:50896166] [MonitoringSampleStore] history=81 capacity=1203
2026-10-03 21:52:15.325081+0900 ResourceRunner[6388:50896165] [MonitoringSampleStore] history=82 capacity=1203
2026-10-03 21:52:15.325082+0900 ResourceRunner[6388:50896166] [MonitoringSampleStore] history=83 capacity=1203
2026-10-03 21:52:15.325082+0900 ResourceRunner[6388:50896201] [MonitoringSampleStore] history=84 capacity=1203
2026-10-03 21:52:15.324893+0900 ResourceRunner[6388:50896164] [MonitoringSampleStore] history=57 capacity=1203
2026-10-03 21:52:15.325135+0900 ResourceRunner[6388:50896166] [MonitoringSampleStore] history=86 capacity=1203
2026-10-03 21:52:15.325084+0900 ResourceRunner[6388:50896165] [MonitoringSampleStore] history=85 capacity=1203
2026-10-03 21:52:15.324887+0900 ResourceRunner[6388:50896140] [MonitoringSampleStore] history=53 capacity=1203
2026-10-03 21:52:15.325136+0900 ResourceRunner[6388:50896201] [MonitoringSampleStore] history=87 capacity=1203
2026-10-03 21:52:15.325136+0900 ResourceRunner[6388:50896164] [MonitoringSampleStore] history=88 capacity=1203
2026-10-03 21:52:15.325139+0900 ResourceRunner[6388:50896166] [MonitoringSampleStore] history=89 capacity=1203
2026-10-03 21:52:15.325145+0900 ResourceRunner[6388:50896164] [MonitoringSampleStore] history=90 capacity=1203
2026-10-03 21:52:15.324952+0900 ResourceRunner[6388:50896205] [MonitoringSampleStore] history=64 capacity=1203
2026-10-03 21:52:15.325145+0900 ResourceRunner[6388:50896201] [MonitoringSampleStore] history=91 capacity=1203
2026-10-03 21:52:15.325202+0900 ResourceRunner[6388:50896164] [MonitoringSampleStore] history=95 capacity=1203
2026-10-03 21:52:15.325203+0900 ResourceRunner[6388:50896205] [MonitoringSampleStore] history=96 capacity=1203
2026-10-03 21:52:15.325204+0900 ResourceRunner[6388:50896201] [MonitoringSampleStore] history=97 capacity=1203
2026-10-03 21:52:15.325206+0900 ResourceRunner[6388:50896164] [MonitoringSampleStore] history=98 capacity=1203
2026-10-03 21:52:15.325208+0900 ResourceRunner[6388:50896205] [MonitoringSampleStore] history=99 capacity=1203
2026-10-03 21:52:15.325014+0900 ResourceRunner[6388:50896183] [MonitoringSampleStore] history=75 capacity=1203
2026-10-03 21:52:15.325016+0900 ResourceRunner[6388:50896161] [MonitoringSampleStore] history=76 capacity=1203
2026-10-03 21:52:15.325075+0900 ResourceRunner[6388:50896162] [MonitoringSampleStore] history=79 capacity=1203
2026-10-03 21:52:15.325166+0900 ResourceRunner[6388:50896165] [MonitoringSampleStore] history=94 capacity=1203
2026-10-03 21:52:15.325007+0900 ResourceRunner[6388:50896184] [MonitoringSampleStore] history=73 capacity=1203
2026-10-03 21:52:15.325273+0900 ResourceRunner[6388:50896162] [MonitoringSampleStore] history=101 capacity=1203
2026-10-03 21:52:15.325146+0900 ResourceRunner[6388:50896166] [MonitoringSampleStore] history=92 capacity=1203
2026-10-03 21:52:15.324955+0900 ResourceRunner[6388:50896131] [MonitoringSampleStore] history=67 capacity=1203
2026-10-03 21:52:15.325246+0900 ResourceRunner[6388:50896161] [MonitoringSampleStore] history=100 capacity=1203
2026-10-03 21:52:15.324888+0900 ResourceRunner[6388:50896200] [MonitoringSampleStore] history=55 capacity=1203
2026-10-03 21:52:15.325010+0900 ResourceRunner[6388:50896202] [MonitoringSampleStore] history=74 capacity=1203
2026-10-03 21:52:15.325151+0900 ResourceRunner[6388:50896140] [MonitoringSampleStore] history=93 capacity=1203
2026-10-03 21:52:15.325316+0900 ResourceRunner[6388:50896202] [MonitoringSampleStore] history=102 capacity=1203
2026-10-03 21:52:15.325353+0900 ResourceRunner[6388:50896202] [MonitoringSampleStore] history=103 capacity=1203
2026-10-03 21:52:15.325427+0900 ResourceRunner[6388:50896140] [MonitoringSampleStore] history=105 capacity=1203
2026-10-03 21:52:15.325466+0900 ResourceRunner[6388:50896140] [MonitoringSampleStore] history=106 capacity=1203
2026-10-03 21:52:15.325442+0900 ResourceRunner[6388:50896202] [MonitoringSampleStore] history=104 capacity=1203
2026-10-03 21:52:15.325506+0900 ResourceRunner[6388:50896202] [MonitoringSampleStore] history=107 capacity=1203
2026-10-03 21:52:15.325536+0900 ResourceRunner[6388:50896202] [MonitoringSampleStore] history=108 capacity=1203
2026-10-03 21:52:15.325567+0900 ResourceRunner[6388:50896202] [MonitoringSampleStore] history=109 capacity=1203
2026-10-03 21:52:15.325600+0900 ResourceRunner[6388:50896202] [MonitoringSampleStore] history=110 capacity=1203
2026-10-03 21:52:15.325643+0900 ResourceRunner[6388:50896202] [MonitoringSampleStore] history=111 capacity=1203
2026-10-03 21:52:15.325681+0900 ResourceRunner[6388:50896202] [MonitoringSampleStore] history=112 capacity=1203
2026-10-03 21:52:15.325717+0900 ResourceRunner[6388:50896202] [MonitoringSampleStore] history=113 capacity=1203
2026-10-03 21:52:15.325756+0900 ResourceRunner[6388:50896202] [MonitoringSampleStore] history=114 capacity=1203
2026-10-03 21:52:15.325800+0900 ResourceRunner[6388:50896202] [MonitoringSampleStore] history=115 capacity=1203
2026-10-03 21:52:15.325839+0900 ResourceRunner[6388:50896202] [MonitoringSampleStore] history=116 capacity=1203
2026-10-03 21:52:15.325878+0900 ResourceRunner[6388:50896202] [MonitoringSampleStore] history=117 capacity=1203
2026-10-03 21:52:15.325913+0900 ResourceRunner[6388:50896202] [MonitoringSampleStore] history=118 capacity=1203
2026-10-03 21:52:15.325951+0900 ResourceRunner[6388:50896202] [MonitoringSampleStore] history=119 capacity=1203
2026-10-03 21:52:15.325985+0900 ResourceRunner[6388:50896202] [MonitoringSampleStore] history=120 capacity=1203
2026-10-03 21:52:15.326019+0900 ResourceRunner[6388:50896202] [MonitoringSampleStore] history=121 capacity=1203
2026-10-03 21:52:15.326053+0900 ResourceRunner[6388:50896202] [MonitoringSampleStore] history=122 capacity=1203
2026-10-03 21:52:15.326089+0900 ResourceRunner[6388:50896202] [MonitoringSampleStore] history=123 capacity=1203
2026-10-03 21:52:15.326123+0900 ResourceRunner[6388:50896202] [MonitoringSampleStore] history=124 capacity=1203
2026-10-03 21:52:15.326157+0900 ResourceRunner[6388:50896202] [MonitoringSampleStore] history=125 capacity=1203
2026-10-03 21:52:15.326192+0900 ResourceRunner[6388:50896202] [MonitoringSampleStore] history=126 capacity=1203
2026-10-03 21:52:15.326229+0900 ResourceRunner[6388:50896202] [MonitoringSampleStore] history=127 capacity=1203
2026-10-03 21:52:15.326263+0900 ResourceRunner[6388:50896202] [MonitoringSampleStore] history=128 capacity=1203
2026-10-03 21:52:15.326299+0900 ResourceRunner[6388:50896202] [MonitoringSampleStore] history=129 capacity=1203
2026-10-03 21:52:15.326336+0900 ResourceRunner[6388:50896202] [MonitoringSampleStore] history=130 capacity=1203
2026-10-03 21:52:15.326372+0900 ResourceRunner[6388:50896202] [MonitoringSampleStore] history=131 capacity=1203
2026-10-03 21:52:15.326408+0900 ResourceRunner[6388:50896202] [MonitoringSampleStore] history=132 capacity=1203
2026-10-03 21:52:15.326444+0900 ResourceRunner[6388:50896202] [MonitoringSampleStore] history=133 capacity=1203
2026-10-03 21:52:15.326481+0900 ResourceRunner[6388:50896202] [MonitoringSampleStore] history=134 capacity=1203
2026-10-03 21:52:15.326519+0900 ResourceRunner[6388:50896202] [MonitoringSampleStore] history=135 capacity=1203
2026-10-03 21:52:15.326556+0900 ResourceRunner[6388:50896202] [MonitoringSampleStore] history=136 capacity=1203
2026-10-03 21:52:15.326595+0900 ResourceRunner[6388:50896202] [MonitoringSampleStore] history=137 capacity=1203
2026-10-03 21:52:15.326632+0900 ResourceRunner[6388:50896202] [MonitoringSampleStore] history=138 capacity=1203
2026-10-03 21:52:15.326670+0900 ResourceRunner[6388:50896202] [MonitoringSampleStore] history=139 capacity=1203
2026-10-03 21:52:15.326709+0900 ResourceRunner[6388:50896202] [MonitoringSampleStore] history=140 capacity=1203
2026-10-03 21:52:15.326748+0900 ResourceRunner[6388:50896202] [MonitoringSampleStore] history=141 capacity=1203
2026-10-03 21:52:15.326792+0900 ResourceRunner[6388:50896202] [MonitoringSampleStore] history=142 capacity=1203
2026-10-03 21:52:15.326832+0900 ResourceRunner[6388:50896202] [MonitoringSampleStore] history=143 capacity=1203
2026-10-03 21:52:15.326872+0900 ResourceRunner[6388:50896202] [MonitoringSampleStore] history=144 capacity=1203
2026-10-03 21:52:15.326912+0900 ResourceRunner[6388:50896202] [MonitoringSampleStore] history=145 capacity=1203
2026-10-03 21:52:15.326952+0900 ResourceRunner[6388:50896202] [MonitoringSampleStore] history=146 capacity=1203
2026-10-03 21:52:15.326993+0900 ResourceRunner[6388:50896202] [MonitoringSampleStore] history=147 capacity=1203
2026-10-03 21:52:15.327034+0900 ResourceRunner[6388:50896202] [MonitoringSampleStore] history=148 capacity=1203
2026-10-03 21:52:15.327074+0900 ResourceRunner[6388:50896202] [MonitoringSampleStore] history=149 capacity=1203
2026-10-03 21:52:15.327115+0900 ResourceRunner[6388:50896202] [MonitoringSampleStore] history=150 capacity=1203
2026-10-03 21:52:15.327156+0900 ResourceRunner[6388:50896202] [MonitoringSampleStore] history=151 capacity=1203
2026-10-03 21:52:15.327201+0900 ResourceRunner[6388:50896202] [MonitoringSampleStore] history=152 capacity=1203
2026-10-03 21:52:15.327243+0900 ResourceRunner[6388:50896202] [MonitoringSampleStore] history=153 capacity=1203
2026-10-03 21:52:15.327285+0900 ResourceRunner[6388:50896202] [MonitoringSampleStore] history=154 capacity=1203
2026-10-03 21:52:15.327327+0900 ResourceRunner[6388:50896202] [MonitoringSampleStore] history=155 capacity=1203
2026-10-03 21:52:15.327370+0900 ResourceRunner[6388:50896202] [MonitoringSampleStore] history=156 capacity=1203
2026-10-03 21:52:15.327413+0900 ResourceRunner[6388:50896202] [MonitoringSampleStore] history=157 capacity=1203
2026-10-03 21:52:15.327456+0900 ResourceRunner[6388:50896202] [MonitoringSampleStore] history=158 capacity=1203
2026-10-03 21:52:15.327499+0900 ResourceRunner[6388:50896202] [MonitoringSampleStore] history=159 capacity=1203
2026-10-03 21:52:15.327543+0900 ResourceRunner[6388:50896202] [MonitoringSampleStore] history=160 capacity=1203
2026-10-03 21:52:15.327587+0900 ResourceRunner[6388:50896202] [MonitoringSampleStore] history=161 capacity=1203
2026-10-03 21:52:15.327631+0900 ResourceRunner[6388:50896202] [MonitoringSampleStore] history=162 capacity=1203
2026-10-03 21:52:15.327676+0900 ResourceRunner[6388:50896202] [MonitoringSampleStore] history=163 capacity=1203
2026-10-03 21:52:15.327720+0900 ResourceRunner[6388:50896202] [MonitoringSampleStore] history=164 capacity=1203
2026-10-03 21:52:15.327765+0900 ResourceRunner[6388:50896202] [MonitoringSampleStore] history=165 capacity=1203
2026-10-03 21:52:15.327810+0900 ResourceRunner[6388:50896202] [MonitoringSampleStore] history=166 capacity=1203
2026-10-03 21:52:15.327855+0900 ResourceRunner[6388:50896202] [MonitoringSampleStore] history=167 capacity=1203
2026-10-03 21:52:15.327901+0900 ResourceRunner[6388:50896202] [MonitoringSampleStore] history=168 capacity=1203
2026-10-03 21:52:15.327946+0900 ResourceRunner[6388:50896202] [MonitoringSampleStore] history=169 capacity=1203
2026-10-03 21:52:15.327992+0900 ResourceRunner[6388:50896202] [MonitoringSampleStore] history=170 capacity=1203
2026-10-03 21:52:15.328039+0900 ResourceRunner[6388:50896202] [MonitoringSampleStore] history=171 capacity=1203
2026-10-03 21:52:15.328084+0900 ResourceRunner[6388:50896202] [MonitoringSampleStore] history=172 capacity=1203
2026-10-03 21:52:15.328130+0900 ResourceRunner[6388:50896202] [MonitoringSampleStore] history=173 capacity=1203
2026-10-03 21:52:15.328176+0900 ResourceRunner[6388:50896202] [MonitoringSampleStore] history=174 capacity=1203
2026-10-03 21:52:15.328226+0900 ResourceRunner[6388:50896202] [MonitoringSampleStore] history=175 capacity=1203
2026-10-03 21:52:15.328272+0900 ResourceRunner[6388:50896202] [MonitoringSampleStore] history=176 capacity=1203
2026-10-03 21:52:15.328318+0900 ResourceRunner[6388:50896202] [MonitoringSampleStore] history=177 capacity=1203
2026-10-03 21:52:15.328366+0900 ResourceRunner[6388:50896202] [MonitoringSampleStore] history=178 capacity=1203
2026-10-03 21:52:15.328412+0900 ResourceRunner[6388:50896202] [MonitoringSampleStore] history=179 capacity=1203
2026-10-03 21:52:15.328468+0900 ResourceRunner[6388:50896202] [MonitoringSampleStore] history=180 capacity=1203
2026-10-03 21:52:15.328512+0900 ResourceRunner[6388:50896202] [MonitoringSampleStore] history=181 capacity=1203
2026-10-03 21:52:15.328556+0900 ResourceRunner[6388:50896202] [MonitoringSampleStore] history=182 capacity=1203
2026-10-03 21:52:15.328600+0900 ResourceRunner[6388:50896202] [MonitoringSampleStore] history=183 capacity=1203
2026-10-03 21:52:15.328649+0900 ResourceRunner[6388:50896202] [MonitoringSampleStore] history=184 capacity=1203
2026-10-03 21:52:15.328694+0900 ResourceRunner[6388:50896202] [MonitoringSampleStore] history=185 capacity=1203
2026-10-03 21:52:15.328740+0900 ResourceRunner[6388:50896202] [MonitoringSampleStore] history=186 capacity=1203
2026-10-03 21:52:15.328785+0900 ResourceRunner[6388:50896202] [MonitoringSampleStore] history=187 capacity=1203
2026-10-03 21:52:15.328831+0900 ResourceRunner[6388:50896202] [MonitoringSampleStore] history=188 capacity=1203
2026-10-03 21:52:15.328878+0900 ResourceRunner[6388:50896202] [MonitoringSampleStore] history=189 capacity=1203
2026-10-03 21:52:15.328924+0900 ResourceRunner[6388:50896202] [MonitoringSampleStore] history=190 capacity=1203
2026-10-03 21:52:15.328971+0900 ResourceRunner[6388:50896202] [MonitoringSampleStore] history=191 capacity=1203
2026-10-03 21:52:15.329017+0900 ResourceRunner[6388:50896202] [MonitoringSampleStore] history=192 capacity=1203
2026-10-03 21:52:15.329064+0900 ResourceRunner[6388:50896202] [MonitoringSampleStore] history=193 capacity=1203
2026-10-03 21:52:15.329111+0900 ResourceRunner[6388:50896202] [MonitoringSampleStore] history=194 capacity=1203
2026-10-03 21:52:15.329158+0900 ResourceRunner[6388:50896202] [MonitoringSampleStore] history=195 capacity=1203
2026-10-03 21:52:15.329205+0900 ResourceRunner[6388:50896202] [MonitoringSampleStore] history=196 capacity=1203
2026-10-03 21:52:15.329252+0900 ResourceRunner[6388:50896202] [MonitoringSampleStore] history=197 capacity=1203
2026-10-03 21:52:15.329300+0900 ResourceRunner[6388:50896202] [MonitoringSampleStore] history=198 capacity=1203
2026-10-03 21:52:15.329348+0900 ResourceRunner[6388:50896202] [MonitoringSampleStore] history=199 capacity=1203
2026-10-03 21:52:15.329396+0900 ResourceRunner[6388:50896202] [MonitoringSampleStore] history=200 capacity=1203
2026-10-03 21:52:15.329444+0900 ResourceRunner[6388:50896202] [MonitoringSampleStore] history=201 capacity=1203
2026-10-03 21:52:15.329493+0900 ResourceRunner[6388:50896202] [MonitoringSampleStore] history=202 capacity=1203
2026-10-03 21:52:15.329541+0900 ResourceRunner[6388:50896202] [MonitoringSampleStore] history=203 capacity=1203
2026-10-03 21:52:15.329590+0900 ResourceRunner[6388:50896202] [MonitoringSampleStore] history=204 capacity=1203
2026-10-03 21:52:15.329640+0900 ResourceRunner[6388:50896202] [MonitoringSampleStore] history=205 capacity=1203
2026-10-03 21:52:15.329689+0900 ResourceRunner[6388:50896202] [MonitoringSampleStore] history=206 capacity=1203
2026-10-03 21:52:15.329739+0900 ResourceRunner[6388:50896202] [MonitoringSampleStore] history=207 capacity=1203
2026-10-03 21:52:15.329788+0900 ResourceRunner[6388:50896202] [MonitoringSampleStore] history=208 capacity=1203
2026-10-03 21:52:15.329838+0900 ResourceRunner[6388:50896202] [MonitoringSampleStore] history=209 capacity=1203
2026-10-03 21:52:15.329888+0900 ResourceRunner[6388:50896202] [MonitoringSampleStore] history=210 capacity=1203
2026-10-03 21:52:15.329939+0900 ResourceRunner[6388:50896202] [MonitoringSampleStore] history=211 capacity=1203
2026-10-03 21:52:15.329989+0900 ResourceRunner[6388:50896202] [MonitoringSampleStore] history=212 capacity=1203
2026-10-03 21:52:15.330040+0900 ResourceRunner[6388:50896202] [MonitoringSampleStore] history=213 capacity=1203
2026-10-03 21:52:15.330091+0900 ResourceRunner[6388:50896202] [MonitoringSampleStore] history=214 capacity=1203
2026-10-03 21:52:15.330142+0900 ResourceRunner[6388:50896202] [MonitoringSampleStore] history=215 capacity=1203
2026-10-03 21:52:15.330194+0900 ResourceRunner[6388:50896202] [MonitoringSampleStore] history=216 capacity=1203
2026-10-03 21:52:15.330245+0900 ResourceRunner[6388:50896202] [MonitoringSampleStore] history=217 capacity=1203
2026-10-03 21:52:15.330297+0900 ResourceRunner[6388:50896202] [MonitoringSampleStore] history=218 capacity=1203
2026-10-03 21:52:15.330350+0900 ResourceRunner[6388:50896202] [MonitoringSampleStore] history=219 capacity=1203
2026-10-03 21:52:15.330402+0900 ResourceRunner[6388:50896202] [MonitoringSampleStore] history=220 capacity=1203
2026-10-03 21:52:15.330454+0900 ResourceRunner[6388:50896202] [MonitoringSampleStore] history=221 capacity=1203
2026-10-03 21:52:15.330507+0900 ResourceRunner[6388:50896202] [MonitoringSampleStore] history=222 capacity=1203
2026-10-03 21:52:15.330562+0900 ResourceRunner[6388:50896202] [MonitoringSampleStore] history=223 capacity=1203
2026-10-03 21:52:15.330615+0900 ResourceRunner[6388:50896202] [MonitoringSampleStore] history=224 capacity=1203
2026-10-03 21:52:15.330669+0900 ResourceRunner[6388:50896202] [MonitoringSampleStore] history=225 capacity=1203
2026-10-03 21:52:15.330723+0900 ResourceRunner[6388:50896202] [MonitoringSampleStore] history=226 capacity=1203
2026-10-03 21:52:15.330777+0900 ResourceRunner[6388:50896202] [MonitoringSampleStore] history=227 capacity=1203
2026-10-03 21:52:15.330831+0900 ResourceRunner[6388:50896202] [MonitoringSampleStore] history=228 capacity=1203
2026-10-03 21:52:15.330885+0900 ResourceRunner[6388:50896202] [MonitoringSampleStore] history=229 capacity=1203
2026-10-03 21:52:15.330940+0900 ResourceRunner[6388:50896202] [MonitoringSampleStore] history=230 capacity=1203
2026-10-03 21:52:15.330995+0900 ResourceRunner[6388:50896202] [MonitoringSampleStore] history=231 capacity=1203
2026-10-03 21:52:15.331050+0900 ResourceRunner[6388:50896202] [MonitoringSampleStore] history=232 capacity=1203
2026-10-03 21:52:15.331105+0900 ResourceRunner[6388:50896202] [MonitoringSampleStore] history=233 capacity=1203
2026-10-03 21:52:15.331160+0900 ResourceRunner[6388:50896202] [MonitoringSampleStore] history=234 capacity=1203
2026-10-03 21:52:15.331216+0900 ResourceRunner[6388:50896202] [MonitoringSampleStore] history=235 capacity=1203
2026-10-03 21:52:15.331272+0900 ResourceRunner[6388:50896202] [MonitoringSampleStore] history=236 capacity=1203
2026-10-03 21:52:15.331328+0900 ResourceRunner[6388:50896202] [MonitoringSampleStore] history=237 capacity=1203
2026-10-03 21:52:15.331384+0900 ResourceRunner[6388:50896202] [MonitoringSampleStore] history=238 capacity=1203
2026-10-03 21:52:15.331441+0900 ResourceRunner[6388:50896202] [MonitoringSampleStore] history=239 capacity=1203
2026-10-03 21:52:15.331497+0900 ResourceRunner[6388:50896202] [MonitoringSampleStore] history=240 capacity=1203
2026-10-03 21:52:15.331554+0900 ResourceRunner[6388:50896202] [MonitoringSampleStore] history=241 capacity=1203
2026-10-03 21:52:15.331612+0900 ResourceRunner[6388:50896202] [MonitoringSampleStore] history=242 capacity=1203
2026-10-03 21:52:15.331669+0900 ResourceRunner[6388:50896202] [MonitoringSampleStore] history=243 capacity=1203
2026-10-03 21:52:15.331727+0900 ResourceRunner[6388:50896202] [MonitoringSampleStore] history=244 capacity=1203
2026-10-03 21:52:15.331785+0900 ResourceRunner[6388:50896202] [MonitoringSampleStore] history=245 capacity=1203
2026-10-03 21:52:15.331843+0900 ResourceRunner[6388:50896202] [MonitoringSampleStore] history=246 capacity=1203
2026-10-03 21:52:15.331901+0900 ResourceRunner[6388:50896202] [MonitoringSampleStore] history=247 capacity=1203
2026-10-03 21:52:15.331960+0900 ResourceRunner[6388:50896202] [MonitoringSampleStore] history=248 capacity=1203
2026-10-03 21:52:15.332018+0900 ResourceRunner[6388:50896202] [MonitoringSampleStore] history=249 capacity=1203
2026-10-03 21:52:15.332077+0900 ResourceRunner[6388:50896202] [MonitoringSampleStore] history=250 capacity=1203
2026-10-03 21:52:15.332136+0900 ResourceRunner[6388:50896202] [MonitoringSampleStore] history=251 capacity=1203
2026-10-03 21:52:15.332195+0900 ResourceRunner[6388:50896202] [MonitoringSampleStore] history=252 capacity=1203
2026-10-03 21:52:15.332255+0900 ResourceRunner[6388:50896202] [MonitoringSampleStore] history=253 capacity=1203
2026-10-03 21:52:15.332314+0900 ResourceRunner[6388:50896202] [MonitoringSampleStore] history=254 capacity=1203
2026-10-03 21:52:15.332374+0900 ResourceRunner[6388:50896202] [MonitoringSampleStore] history=255 capacity=1203
2026-10-03 21:52:15.332435+0900 ResourceRunner[6388:50896202] [MonitoringSampleStore] history=256 capacity=1203
2026-10-03 21:52:15.332496+0900 ResourceRunner[6388:50896202] [MonitoringSampleStore] history=257 capacity=1203
2026-10-03 21:52:15.332557+0900 ResourceRunner[6388:50896202] [MonitoringSampleStore] history=258 capacity=1203
2026-10-03 21:52:15.332618+0900 ResourceRunner[6388:50896202] [MonitoringSampleStore] history=259 capacity=1203
2026-10-03 21:52:15.332679+0900 ResourceRunner[6388:50896202] [MonitoringSampleStore] history=260 capacity=1203
2026-10-03 21:52:15.332741+0900 ResourceRunner[6388:50896202] [MonitoringSampleStore] history=261 capacity=1203
2026-10-03 21:52:15.332802+0900 ResourceRunner[6388:50896202] [MonitoringSampleStore] history=262 capacity=1203
2026-10-03 21:52:15.332864+0900 ResourceRunner[6388:50896202] [MonitoringSampleStore] history=263 capacity=1203
2026-10-03 21:52:15.332926+0900 ResourceRunner[6388:50896202] [MonitoringSampleStore] history=264 capacity=1203
2026-10-03 21:52:15.332988+0900 ResourceRunner[6388:50896202] [MonitoringSampleStore] history=265 capacity=1203
2026-10-03 21:52:15.333051+0900 ResourceRunner[6388:50896202] [MonitoringSampleStore] history=266 capacity=1203
2026-10-03 21:52:15.333113+0900 ResourceRunner[6388:50896202] [MonitoringSampleStore] history=267 capacity=1203
2026-10-03 21:52:15.333176+0900 ResourceRunner[6388:50896202] [MonitoringSampleStore] history=268 capacity=1203
2026-10-03 21:52:15.333239+0900 ResourceRunner[6388:50896202] [MonitoringSampleStore] history=269 capacity=1203
2026-10-03 21:52:15.333303+0900 ResourceRunner[6388:50896202] [MonitoringSampleStore] history=270 capacity=1203
2026-10-03 21:52:15.333366+0900 ResourceRunner[6388:50896202] [MonitoringSampleStore] history=271 capacity=1203
2026-10-03 21:52:15.333430+0900 ResourceRunner[6388:50896202] [MonitoringSampleStore] history=272 capacity=1203
2026-10-03 21:52:15.333497+0900 ResourceRunner[6388:50896202] [MonitoringSampleStore] history=273 capacity=1203
2026-10-03 21:52:15.333562+0900 ResourceRunner[6388:50896202] [MonitoringSampleStore] history=274 capacity=1203
2026-10-03 21:52:15.333626+0900 ResourceRunner[6388:50896202] [MonitoringSampleStore] history=275 capacity=1203
2026-10-03 21:52:15.333691+0900 ResourceRunner[6388:50896202] [MonitoringSampleStore] history=276 capacity=1203
2026-10-03 21:52:15.333756+0900 ResourceRunner[6388:50896202] [MonitoringSampleStore] history=277 capacity=1203
2026-10-03 21:52:15.333821+0900 ResourceRunner[6388:50896202] [MonitoringSampleStore] history=278 capacity=1203
2026-10-03 21:52:15.333886+0900 ResourceRunner[6388:50896202] [MonitoringSampleStore] history=279 capacity=1203
2026-10-03 21:52:15.333951+0900 ResourceRunner[6388:50896202] [MonitoringSampleStore] history=280 capacity=1203
2026-10-03 21:52:15.334017+0900 ResourceRunner[6388:50896202] [MonitoringSampleStore] history=281 capacity=1203
2026-10-03 21:52:15.334083+0900 ResourceRunner[6388:50896202] [MonitoringSampleStore] history=282 capacity=1203
2026-10-03 21:52:15.334149+0900 ResourceRunner[6388:50896202] [MonitoringSampleStore] history=283 capacity=1203
2026-10-03 21:52:15.334216+0900 ResourceRunner[6388:50896202] [MonitoringSampleStore] history=284 capacity=1203
2026-10-03 21:52:15.334283+0900 ResourceRunner[6388:50896202] [MonitoringSampleStore] history=285 capacity=1203
2026-10-03 21:52:15.334352+0900 ResourceRunner[6388:50896202] [MonitoringSampleStore] history=286 capacity=1203
2026-10-03 21:52:15.334420+0900 ResourceRunner[6388:50896202] [MonitoringSampleStore] history=287 capacity=1203
2026-10-03 21:52:15.334487+0900 ResourceRunner[6388:50896202] [MonitoringSampleStore] history=288 capacity=1203
2026-10-03 21:52:15.334556+0900 ResourceRunner[6388:50896202] [MonitoringSampleStore] history=289 capacity=1203
2026-10-03 21:52:15.334624+0900 ResourceRunner[6388:50896202] [MonitoringSampleStore] history=290 capacity=1203
2026-10-03 21:52:15.334692+0900 ResourceRunner[6388:50896202] [MonitoringSampleStore] history=291 capacity=1203
2026-10-03 21:52:15.334761+0900 ResourceRunner[6388:50896202] [MonitoringSampleStore] history=292 capacity=1203
2026-10-03 21:52:15.334830+0900 ResourceRunner[6388:50896202] [MonitoringSampleStore] history=293 capacity=1203
2026-10-03 21:52:15.334899+0900 ResourceRunner[6388:50896202] [MonitoringSampleStore] history=294 capacity=1203
2026-10-03 21:52:15.334969+0900 ResourceRunner[6388:50896202] [MonitoringSampleStore] history=295 capacity=1203
2026-10-03 21:52:15.335039+0900 ResourceRunner[6388:50896202] [MonitoringSampleStore] history=296 capacity=1203
2026-10-03 21:52:15.335109+0900 ResourceRunner[6388:50896202] [MonitoringSampleStore] history=297 capacity=1203
2026-10-03 21:52:15.335179+0900 ResourceRunner[6388:50896202] [MonitoringSampleStore] history=298 capacity=1203
2026-10-03 21:52:15.335250+0900 ResourceRunner[6388:50896202] [MonitoringSampleStore] history=299 capacity=1203
2026-10-03 21:52:15.335326+0900 ResourceRunner[6388:50896202] [MonitoringSampleStore] history=300 capacity=1203
2026-10-03 21:52:15.335412+0900 ResourceRunner[6388:50896202] [MonitoringSampleStore] history=301 capacity=1203
2026-10-03 21:52:15.335497+0900 ResourceRunner[6388:50896202] [MonitoringSampleStore] history=302 capacity=1203
2026-10-03 21:52:15.335584+0900 ResourceRunner[6388:50896202] [MonitoringSampleStore] history=303 capacity=1203
2026-10-03 21:52:15.335670+0900 ResourceRunner[6388:50896202] [MonitoringSampleStore] history=304 capacity=1203
2026-10-03 21:52:15.335757+0900 ResourceRunner[6388:50896202] [MonitoringSampleStore] history=305 capacity=1203
2026-10-03 21:52:15.335844+0900 ResourceRunner[6388:50896202] [MonitoringSampleStore] history=306 capacity=1203
2026-10-03 21:52:15.335931+0900 ResourceRunner[6388:50896202] [MonitoringSampleStore] history=307 capacity=1203
2026-10-03 21:52:15.336018+0900 ResourceRunner[6388:50896202] [MonitoringSampleStore] history=308 capacity=1203
2026-10-03 21:52:15.336106+0900 ResourceRunner[6388:50896202] [MonitoringSampleStore] history=309 capacity=1203
2026-10-03 21:52:15.336195+0900 ResourceRunner[6388:50896202] [MonitoringSampleStore] history=310 capacity=1203
2026-10-03 21:52:15.336285+0900 ResourceRunner[6388:50896202] [MonitoringSampleStore] history=311 capacity=1203
2026-10-03 21:52:15.336374+0900 ResourceRunner[6388:50896202] [MonitoringSampleStore] history=312 capacity=1203
2026-10-03 21:52:15.336463+0900 ResourceRunner[6388:50896202] [MonitoringSampleStore] history=313 capacity=1203
2026-10-03 21:52:15.336551+0900 ResourceRunner[6388:50896202] [MonitoringSampleStore] history=314 capacity=1203
2026-10-03 21:52:15.336640+0900 ResourceRunner[6388:50896202] [MonitoringSampleStore] history=315 capacity=1203
2026-10-03 21:52:15.336729+0900 ResourceRunner[6388:50896202] [MonitoringSampleStore] history=316 capacity=1203
2026-10-03 21:52:15.336818+0900 ResourceRunner[6388:50896202] [MonitoringSampleStore] history=317 capacity=1203
2026-10-03 21:52:15.336907+0900 ResourceRunner[6388:50896202] [MonitoringSampleStore] history=318 capacity=1203
2026-10-03 21:52:15.336997+0900 ResourceRunner[6388:50896202] [MonitoringSampleStore] history=319 capacity=1203
2026-10-03 21:52:15.337086+0900 ResourceRunner[6388:50896202] [MonitoringSampleStore] history=320 capacity=1203
2026-10-03 21:52:15.337177+0900 ResourceRunner[6388:50896202] [MonitoringSampleStore] history=321 capacity=1203
2026-10-03 21:52:15.337267+0900 ResourceRunner[6388:50896202] [MonitoringSampleStore] history=322 capacity=1203
2026-10-03 21:52:15.337358+0900 ResourceRunner[6388:50896202] [MonitoringSampleStore] history=323 capacity=1203
2026-10-03 21:52:15.337448+0900 ResourceRunner[6388:50896202] [MonitoringSampleStore] history=324 capacity=1203
2026-10-03 21:52:15.337539+0900 ResourceRunner[6388:50896202] [MonitoringSampleStore] history=325 capacity=1203
2026-10-03 21:52:15.337629+0900 ResourceRunner[6388:50896202] [MonitoringSampleStore] history=326 capacity=1203
2026-10-03 21:52:15.337722+0900 ResourceRunner[6388:50896202] [MonitoringSampleStore] history=327 capacity=1203
2026-10-03 21:52:15.337815+0900 ResourceRunner[6388:50896202] [MonitoringSampleStore] history=328 capacity=1203
2026-10-03 21:52:15.337907+0900 ResourceRunner[6388:50896202] [MonitoringSampleStore] history=329 capacity=1203
2026-10-03 21:52:15.338000+0900 ResourceRunner[6388:50896202] [MonitoringSampleStore] history=330 capacity=1203
2026-10-03 21:52:15.338093+0900 ResourceRunner[6388:50896202] [MonitoringSampleStore] history=331 capacity=1203
2026-10-03 21:52:15.338185+0900 ResourceRunner[6388:50896202] [MonitoringSampleStore] history=332 capacity=1203
2026-10-03 21:52:15.338277+0900 ResourceRunner[6388:50896202] [MonitoringSampleStore] history=333 capacity=1203
2026-10-03 21:52:15.338370+0900 ResourceRunner[6388:50896202] [MonitoringSampleStore] history=334 capacity=1203
2026-10-03 21:52:15.338462+0900 ResourceRunner[6388:50896202] [MonitoringSampleStore] history=335 capacity=1203
2026-10-03 21:52:15.338555+0900 ResourceRunner[6388:50896202] [MonitoringSampleStore] history=336 capacity=1203
2026-10-03 21:52:15.338648+0900 ResourceRunner[6388:50896202] [MonitoringSampleStore] history=337 capacity=1203
2026-10-03 21:52:15.338741+0900 ResourceRunner[6388:50896202] [MonitoringSampleStore] history=338 capacity=1203
2026-10-03 21:52:15.338834+0900 ResourceRunner[6388:50896202] [MonitoringSampleStore] history=339 capacity=1203
2026-10-03 21:52:15.338928+0900 ResourceRunner[6388:50896202] [MonitoringSampleStore] history=340 capacity=1203
2026-10-03 21:52:15.339022+0900 ResourceRunner[6388:50896202] [MonitoringSampleStore] history=341 capacity=1203
2026-10-03 21:52:15.339118+0900 ResourceRunner[6388:50896202] [MonitoringSampleStore] history=342 capacity=1203
2026-10-03 21:52:15.339215+0900 ResourceRunner[6388:50896202] [MonitoringSampleStore] history=343 capacity=1203
2026-10-03 21:52:15.339311+0900 ResourceRunner[6388:50896202] [MonitoringSampleStore] history=344 capacity=1203
2026-10-03 21:52:15.339406+0900 ResourceRunner[6388:50896202] [MonitoringSampleStore] history=345 capacity=1203
2026-10-03 21:52:15.339501+0900 ResourceRunner[6388:50896202] [MonitoringSampleStore] history=346 capacity=1203
2026-10-03 21:52:15.339596+0900 ResourceRunner[6388:50896202] [MonitoringSampleStore] history=347 capacity=1203
2026-10-03 21:52:15.339691+0900 ResourceRunner[6388:50896202] [MonitoringSampleStore] history=348 capacity=1203
2026-10-03 21:52:15.339786+0900 ResourceRunner[6388:50896202] [MonitoringSampleStore] history=349 capacity=1203
2026-10-03 21:52:15.339882+0900 ResourceRunner[6388:50896202] [MonitoringSampleStore] history=350 capacity=1203
2026-10-03 21:52:15.339979+0900 ResourceRunner[6388:50896202] [MonitoringSampleStore] history=351 capacity=1203
2026-10-03 21:52:15.340078+0900 ResourceRunner[6388:50896202] [MonitoringSampleStore] history=352 capacity=1203
2026-10-03 21:52:15.340174+0900 ResourceRunner[6388:50896202] [MonitoringSampleStore] history=353 capacity=1203
2026-10-03 21:52:15.340271+0900 ResourceRunner[6388:50896202] [MonitoringSampleStore] history=354 capacity=1203
2026-10-03 21:52:15.340367+0900 ResourceRunner[6388:50896202] [MonitoringSampleStore] history=355 capacity=1203
2026-10-03 21:52:15.340463+0900 ResourceRunner[6388:50896202] [MonitoringSampleStore] history=356 capacity=1203
2026-10-03 21:52:15.340560+0900 ResourceRunner[6388:50896202] [MonitoringSampleStore] history=357 capacity=1203
2026-10-03 21:52:15.340657+0900 ResourceRunner[6388:50896202] [MonitoringSampleStore] history=358 capacity=1203
2026-10-03 21:52:15.340754+0900 ResourceRunner[6388:50896202] [MonitoringSampleStore] history=359 capacity=1203
2026-10-03 21:52:15.340852+0900 ResourceRunner[6388:50896202] [MonitoringSampleStore] history=360 capacity=1203
2026-10-03 21:52:15.340950+0900 ResourceRunner[6388:50896202] [MonitoringSampleStore] history=361 capacity=1203
2026-10-03 21:52:15.341047+0900 ResourceRunner[6388:50896202] [MonitoringSampleStore] history=362 capacity=1203
2026-10-03 21:52:15.341146+0900 ResourceRunner[6388:50896202] [MonitoringSampleStore] history=363 capacity=1203
2026-10-03 21:52:15.341248+0900 ResourceRunner[6388:50896202] [MonitoringSampleStore] history=364 capacity=1203
2026-10-03 21:52:15.341350+0900 ResourceRunner[6388:50896202] [MonitoringSampleStore] history=365 capacity=1203
2026-10-03 21:52:15.341448+0900 ResourceRunner[6388:50896202] [MonitoringSampleStore] history=366 capacity=1203
2026-10-03 21:52:15.341551+0900 ResourceRunner[6388:50896202] [MonitoringSampleStore] history=367 capacity=1203
2026-10-03 21:52:15.341654+0900 ResourceRunner[6388:50896202] [MonitoringSampleStore] history=368 capacity=1203
2026-10-03 21:52:15.341757+0900 ResourceRunner[6388:50896202] [MonitoringSampleStore] history=369 capacity=1203
2026-10-03 21:52:15.341857+0900 ResourceRunner[6388:50896202] [MonitoringSampleStore] history=370 capacity=1203
2026-10-03 21:52:15.341957+0900 ResourceRunner[6388:50896202] [MonitoringSampleStore] history=371 capacity=1203
2026-10-03 21:52:15.342062+0900 ResourceRunner[6388:50896202] [MonitoringSampleStore] history=372 capacity=1203
2026-10-03 21:52:15.342163+0900 ResourceRunner[6388:50896202] [MonitoringSampleStore] history=373 capacity=1203
2026-10-03 21:52:15.342262+0900 ResourceRunner[6388:50896202] [MonitoringSampleStore] history=374 capacity=1203
2026-10-03 21:52:15.342363+0900 ResourceRunner[6388:50896202] [MonitoringSampleStore] history=375 capacity=1203
2026-10-03 21:52:15.342463+0900 ResourceRunner[6388:50896202] [MonitoringSampleStore] history=376 capacity=1203
2026-10-03 21:52:15.342564+0900 ResourceRunner[6388:50896202] [MonitoringSampleStore] history=377 capacity=1203
2026-10-03 21:52:15.342665+0900 ResourceRunner[6388:50896202] [MonitoringSampleStore] history=378 capacity=1203
2026-10-03 21:52:15.342766+0900 ResourceRunner[6388:50896202] [MonitoringSampleStore] history=379 capacity=1203
2026-10-03 21:52:15.342868+0900 ResourceRunner[6388:50896202] [MonitoringSampleStore] history=380 capacity=1203
2026-10-03 21:52:15.342969+0900 ResourceRunner[6388:50896202] [MonitoringSampleStore] history=381 capacity=1203
2026-10-03 21:52:15.343071+0900 ResourceRunner[6388:50896202] [MonitoringSampleStore] history=382 capacity=1203
2026-10-03 21:52:15.343174+0900 ResourceRunner[6388:50896202] [MonitoringSampleStore] history=383 capacity=1203
2026-10-03 21:52:15.343276+0900 ResourceRunner[6388:50896202] [MonitoringSampleStore] history=384 capacity=1203
2026-10-03 21:52:15.343378+0900 ResourceRunner[6388:50896202] [MonitoringSampleStore] history=385 capacity=1203
2026-10-03 21:52:15.343481+0900 ResourceRunner[6388:50896202] [MonitoringSampleStore] history=386 capacity=1203
2026-10-03 21:52:15.343590+0900 ResourceRunner[6388:50896202] [MonitoringSampleStore] history=387 capacity=1203
2026-10-03 21:52:15.343693+0900 ResourceRunner[6388:50896202] [MonitoringSampleStore] history=388 capacity=1203
2026-10-03 21:52:15.343795+0900 ResourceRunner[6388:50896202] [MonitoringSampleStore] history=389 capacity=1203
2026-10-03 21:52:15.343897+0900 ResourceRunner[6388:50896202] [MonitoringSampleStore] history=390 capacity=1203
2026-10-03 21:52:15.344000+0900 ResourceRunner[6388:50896202] [MonitoringSampleStore] history=391 capacity=1203
2026-10-03 21:52:15.344103+0900 ResourceRunner[6388:50896202] [MonitoringSampleStore] history=392 capacity=1203
2026-10-03 21:52:15.344206+0900 ResourceRunner[6388:50896202] [MonitoringSampleStore] history=393 capacity=1203
2026-10-03 21:52:15.344310+0900 ResourceRunner[6388:50896202] [MonitoringSampleStore] history=394 capacity=1203
2026-10-03 21:52:15.344413+0900 ResourceRunner[6388:50896202] [MonitoringSampleStore] history=395 capacity=1203
2026-10-03 21:52:15.344516+0900 ResourceRunner[6388:50896202] [MonitoringSampleStore] history=396 capacity=1203
2026-10-03 21:52:15.344620+0900 ResourceRunner[6388:50896202] [MonitoringSampleStore] history=397 capacity=1203
2026-10-03 21:52:15.344729+0900 ResourceRunner[6388:50896202] [MonitoringSampleStore] history=398 capacity=1203
2026-10-03 21:52:15.344834+0900 ResourceRunner[6388:50896202] [MonitoringSampleStore] history=399 capacity=1203
2026-10-03 21:52:15.344940+0900 ResourceRunner[6388:50896202] [MonitoringSampleStore] history=400 capacity=1203
2026-10-03 21:52:15.345046+0900 ResourceRunner[6388:50896202] [MonitoringSampleStore] history=401 capacity=1203
2026-10-03 21:52:15.345151+0900 ResourceRunner[6388:50896202] [MonitoringSampleStore] history=402 capacity=1203
2026-10-03 21:52:15.345257+0900 ResourceRunner[6388:50896202] [MonitoringSampleStore] history=403 capacity=1203
2026-10-03 21:52:15.345363+0900 ResourceRunner[6388:50896202] [MonitoringSampleStore] history=404 capacity=1203
2026-10-03 21:52:15.345469+0900 ResourceRunner[6388:50896202] [MonitoringSampleStore] history=405 capacity=1203
2026-10-03 21:52:15.345575+0900 ResourceRunner[6388:50896202] [MonitoringSampleStore] history=406 capacity=1203
2026-10-03 21:52:15.345682+0900 ResourceRunner[6388:50896202] [MonitoringSampleStore] history=407 capacity=1203
2026-10-03 21:52:15.345792+0900 ResourceRunner[6388:50896202] [MonitoringSampleStore] history=408 capacity=1203
2026-10-03 21:52:15.345899+0900 ResourceRunner[6388:50896202] [MonitoringSampleStore] history=409 capacity=1203
2026-10-03 21:52:15.346007+0900 ResourceRunner[6388:50896202] [MonitoringSampleStore] history=410 capacity=1203
2026-10-03 21:52:15.346114+0900 ResourceRunner[6388:50896202] [MonitoringSampleStore] history=411 capacity=1203
2026-10-03 21:52:15.346225+0900 ResourceRunner[6388:50896202] [MonitoringSampleStore] history=412 capacity=1203
2026-10-03 21:52:15.346333+0900 ResourceRunner[6388:50896202] [MonitoringSampleStore] history=413 capacity=1203
2026-10-03 21:52:15.346441+0900 ResourceRunner[6388:50896202] [MonitoringSampleStore] history=414 capacity=1203
2026-10-03 21:52:15.346549+0900 ResourceRunner[6388:50896202] [MonitoringSampleStore] history=415 capacity=1203
2026-10-03 21:52:15.346657+0900 ResourceRunner[6388:50896202] [MonitoringSampleStore] history=416 capacity=1203
2026-10-03 21:52:15.346766+0900 ResourceRunner[6388:50896202] [MonitoringSampleStore] history=417 capacity=1203
2026-10-03 21:52:15.346875+0900 ResourceRunner[6388:50896202] [MonitoringSampleStore] history=418 capacity=1203
2026-10-03 21:52:15.346984+0900 ResourceRunner[6388:50896202] [MonitoringSampleStore] history=419 capacity=1203
2026-10-03 21:52:15.347093+0900 ResourceRunner[6388:50896202] [MonitoringSampleStore] history=420 capacity=1203
2026-10-03 21:52:15.347202+0900 ResourceRunner[6388:50896202] [MonitoringSampleStore] history=421 capacity=1203
2026-10-03 21:52:15.347312+0900 ResourceRunner[6388:50896202] [MonitoringSampleStore] history=422 capacity=1203
2026-10-03 21:52:15.347421+0900 ResourceRunner[6388:50896202] [MonitoringSampleStore] history=423 capacity=1203
2026-10-03 21:52:15.347531+0900 ResourceRunner[6388:50896202] [MonitoringSampleStore] history=424 capacity=1203
2026-10-03 21:52:15.347641+0900 ResourceRunner[6388:50896202] [MonitoringSampleStore] history=425 capacity=1203
2026-10-03 21:52:15.347752+0900 ResourceRunner[6388:50896202] [MonitoringSampleStore] history=426 capacity=1203
2026-10-03 21:52:15.347868+0900 ResourceRunner[6388:50896202] [MonitoringSampleStore] history=427 capacity=1203
2026-10-03 21:52:15.347979+0900 ResourceRunner[6388:50896202] [MonitoringSampleStore] history=428 capacity=1203
2026-10-03 21:52:15.348090+0900 ResourceRunner[6388:50896202] [MonitoringSampleStore] history=429 capacity=1203
2026-10-03 21:52:15.348208+0900 ResourceRunner[6388:50896202] [MonitoringSampleStore] history=430 capacity=1203
2026-10-03 21:52:15.348331+0900 ResourceRunner[6388:50896202] [MonitoringSampleStore] history=431 capacity=1203
2026-10-03 21:52:15.348448+0900 ResourceRunner[6388:50896202] [MonitoringSampleStore] history=432 capacity=1203
2026-10-03 21:52:15.348558+0900 ResourceRunner[6388:50896202] [MonitoringSampleStore] history=433 capacity=1203
2026-10-03 21:52:15.348674+0900 ResourceRunner[6388:50896202] [MonitoringSampleStore] history=434 capacity=1203
2026-10-03 21:52:15.348786+0900 ResourceRunner[6388:50896202] [MonitoringSampleStore] history=435 capacity=1203
2026-10-03 21:52:15.348899+0900 ResourceRunner[6388:50896202] [MonitoringSampleStore] history=436 capacity=1203
2026-10-03 21:52:15.349011+0900 ResourceRunner[6388:50896202] [MonitoringSampleStore] history=437 capacity=1203
2026-10-03 21:52:15.349130+0900 ResourceRunner[6388:50896202] [MonitoringSampleStore] history=438 capacity=1203
2026-10-03 21:52:15.349242+0900 ResourceRunner[6388:50896202] [MonitoringSampleStore] history=439 capacity=1203
2026-10-03 21:52:15.349359+0900 ResourceRunner[6388:50896202] [MonitoringSampleStore] history=440 capacity=1203
2026-10-03 21:52:15.349474+0900 ResourceRunner[6388:50896202] [MonitoringSampleStore] history=441 capacity=1203
2026-10-03 21:52:15.349587+0900 ResourceRunner[6388:50896202] [MonitoringSampleStore] history=442 capacity=1203
2026-10-03 21:52:15.349702+0900 ResourceRunner[6388:50896202] [MonitoringSampleStore] history=443 capacity=1203
2026-10-03 21:52:15.349814+0900 ResourceRunner[6388:50896202] [MonitoringSampleStore] history=444 capacity=1203
2026-10-03 21:52:15.349929+0900 ResourceRunner[6388:50896202] [MonitoringSampleStore] history=445 capacity=1203
2026-10-03 21:52:15.350044+0900 ResourceRunner[6388:50896202] [MonitoringSampleStore] history=446 capacity=1203
2026-10-03 21:52:15.350155+0900 ResourceRunner[6388:50896202] [MonitoringSampleStore] history=447 capacity=1203
2026-10-03 21:52:15.350269+0900 ResourceRunner[6388:50896202] [MonitoringSampleStore] history=448 capacity=1203
2026-10-03 21:52:15.350389+0900 ResourceRunner[6388:50896202] [MonitoringSampleStore] history=449 capacity=1203
2026-10-03 21:52:15.350505+0900 ResourceRunner[6388:50896202] [MonitoringSampleStore] history=450 capacity=1203
2026-10-03 21:52:15.350625+0900 ResourceRunner[6388:50896202] [MonitoringSampleStore] history=451 capacity=1203
2026-10-03 21:52:15.350745+0900 ResourceRunner[6388:50896202] [MonitoringSampleStore] history=452 capacity=1203
2026-10-03 21:52:15.350861+0900 ResourceRunner[6388:50896202] [MonitoringSampleStore] history=453 capacity=1203
2026-10-03 21:52:15.350980+0900 ResourceRunner[6388:50896202] [MonitoringSampleStore] history=454 capacity=1203
2026-10-03 21:52:15.351100+0900 ResourceRunner[6388:50896202] [MonitoringSampleStore] history=455 capacity=1203
2026-10-03 21:52:15.351217+0900 ResourceRunner[6388:50896202] [MonitoringSampleStore] history=456 capacity=1203
2026-10-03 21:52:15.351335+0900 ResourceRunner[6388:50896202] [MonitoringSampleStore] history=457 capacity=1203
2026-10-03 21:52:15.351451+0900 ResourceRunner[6388:50896202] [MonitoringSampleStore] history=458 capacity=1203
2026-10-03 21:52:15.351568+0900 ResourceRunner[6388:50896202] [MonitoringSampleStore] history=459 capacity=1203
2026-10-03 21:52:15.351686+0900 ResourceRunner[6388:50896202] [MonitoringSampleStore] history=460 capacity=1203
2026-10-03 21:52:15.351803+0900 ResourceRunner[6388:50896202] [MonitoringSampleStore] history=461 capacity=1203
2026-10-03 21:52:15.351920+0900 ResourceRunner[6388:50896202] [MonitoringSampleStore] history=462 capacity=1203
2026-10-03 21:52:15.352038+0900 ResourceRunner[6388:50896202] [MonitoringSampleStore] history=463 capacity=1203
2026-10-03 21:52:15.352156+0900 ResourceRunner[6388:50896202] [MonitoringSampleStore] history=464 capacity=1203
2026-10-03 21:52:15.352275+0900 ResourceRunner[6388:50896202] [MonitoringSampleStore] history=465 capacity=1203
2026-10-03 21:52:15.352395+0900 ResourceRunner[6388:50896202] [MonitoringSampleStore] history=466 capacity=1203
2026-10-03 21:52:15.352517+0900 ResourceRunner[6388:50896202] [MonitoringSampleStore] history=467 capacity=1203
2026-10-03 21:52:15.352636+0900 ResourceRunner[6388:50896202] [MonitoringSampleStore] history=468 capacity=1203
2026-10-03 21:52:15.352755+0900 ResourceRunner[6388:50896202] [MonitoringSampleStore] history=469 capacity=1203
2026-10-03 21:52:15.352874+0900 ResourceRunner[6388:50896202] [MonitoringSampleStore] history=470 capacity=1203
2026-10-03 21:52:15.352994+0900 ResourceRunner[6388:50896202] [MonitoringSampleStore] history=471 capacity=1203
2026-10-03 21:52:15.353113+0900 ResourceRunner[6388:50896202] [MonitoringSampleStore] history=472 capacity=1203
2026-10-03 21:52:15.353233+0900 ResourceRunner[6388:50896202] [MonitoringSampleStore] history=473 capacity=1203
2026-10-03 21:52:15.353353+0900 ResourceRunner[6388:50896202] [MonitoringSampleStore] history=474 capacity=1203
2026-10-03 21:52:15.353474+0900 ResourceRunner[6388:50896202] [MonitoringSampleStore] history=475 capacity=1203
2026-10-03 21:52:15.353598+0900 ResourceRunner[6388:50896202] [MonitoringSampleStore] history=476 capacity=1203
2026-10-03 21:52:15.353719+0900 ResourceRunner[6388:50896202] [MonitoringSampleStore] history=477 capacity=1203
2026-10-03 21:52:15.353843+0900 ResourceRunner[6388:50896202] [MonitoringSampleStore] history=478 capacity=1203
2026-10-03 21:52:15.353963+0900 ResourceRunner[6388:50896202] [MonitoringSampleStore] history=479 capacity=1203
2026-10-03 21:52:15.354085+0900 ResourceRunner[6388:50896202] [MonitoringSampleStore] history=480 capacity=1203
2026-10-03 21:52:15.354207+0900 ResourceRunner[6388:50896202] [MonitoringSampleStore] history=481 capacity=1203
2026-10-03 21:52:15.354328+0900 ResourceRunner[6388:50896202] [MonitoringSampleStore] history=482 capacity=1203
2026-10-03 21:52:15.354451+0900 ResourceRunner[6388:50896202] [MonitoringSampleStore] history=483 capacity=1203
2026-10-03 21:52:15.354572+0900 ResourceRunner[6388:50896202] [MonitoringSampleStore] history=484 capacity=1203
2026-10-03 21:52:15.354694+0900 ResourceRunner[6388:50896202] [MonitoringSampleStore] history=485 capacity=1203
2026-10-03 21:52:15.354816+0900 ResourceRunner[6388:50896202] [MonitoringSampleStore] history=486 capacity=1203
2026-10-03 21:52:15.354939+0900 ResourceRunner[6388:50896202] [MonitoringSampleStore] history=487 capacity=1203
2026-10-03 21:52:15.355061+0900 ResourceRunner[6388:50896202] [MonitoringSampleStore] history=488 capacity=1203
2026-10-03 21:52:15.355184+0900 ResourceRunner[6388:50896202] [MonitoringSampleStore] history=489 capacity=1203
2026-10-03 21:52:15.355307+0900 ResourceRunner[6388:50896202] [MonitoringSampleStore] history=490 capacity=1203
2026-10-03 21:52:15.355430+0900 ResourceRunner[6388:50896202] [MonitoringSampleStore] history=491 capacity=1203
2026-10-03 21:52:15.355554+0900 ResourceRunner[6388:50896202] [MonitoringSampleStore] history=492 capacity=1203
2026-10-03 21:52:15.355677+0900 ResourceRunner[6388:50896202] [MonitoringSampleStore] history=493 capacity=1203
2026-10-03 21:52:15.355801+0900 ResourceRunner[6388:50896202] [MonitoringSampleStore] history=494 capacity=1203
2026-10-03 21:52:15.355927+0900 ResourceRunner[6388:50896202] [MonitoringSampleStore] history=495 capacity=1203
2026-10-03 21:52:15.356050+0900 ResourceRunner[6388:50896202] [MonitoringSampleStore] history=496 capacity=1203
2026-10-03 21:52:15.356170+0900 ResourceRunner[6388:50896202] [MonitoringSampleStore] history=497 capacity=1203
2026-10-03 21:52:15.356294+0900 ResourceRunner[6388:50896202] [MonitoringSampleStore] history=498 capacity=1203
2026-10-03 21:52:15.356419+0900 ResourceRunner[6388:50896202] [MonitoringSampleStore] history=499 capacity=1203
2026-10-03 21:52:15.356544+0900 ResourceRunner[6388:50896202] [MonitoringSampleStore] history=500 capacity=1203
2026-10-03 21:52:15.356669+0900 ResourceRunner[6388:50896202] [MonitoringSampleStore] history=501 capacity=1203
2026-10-03 21:52:15.356807+0900 ResourceRunner[6388:50896202] [MonitoringSampleStore] history=502 capacity=1203
2026-10-03 21:52:15.356939+0900 ResourceRunner[6388:50896202] [MonitoringSampleStore] history=503 capacity=1203
2026-10-03 21:52:15.357064+0900 ResourceRunner[6388:50896202] [MonitoringSampleStore] history=504 capacity=1203
2026-10-03 21:52:15.357190+0900 ResourceRunner[6388:50896202] [MonitoringSampleStore] history=505 capacity=1203
2026-10-03 21:52:15.357316+0900 ResourceRunner[6388:50896202] [MonitoringSampleStore] history=506 capacity=1203
2026-10-03 21:52:15.357442+0900 ResourceRunner[6388:50896202] [MonitoringSampleStore] history=507 capacity=1203
2026-10-03 21:52:15.357569+0900 ResourceRunner[6388:50896202] [MonitoringSampleStore] history=508 capacity=1203
2026-10-03 21:52:15.357697+0900 ResourceRunner[6388:50896202] [MonitoringSampleStore] history=509 capacity=1203
2026-10-03 21:52:15.357829+0900 ResourceRunner[6388:50896202] [MonitoringSampleStore] history=510 capacity=1203
2026-10-03 21:52:15.357960+0900 ResourceRunner[6388:50896202] [MonitoringSampleStore] history=511 capacity=1203
2026-10-03 21:52:15.358087+0900 ResourceRunner[6388:50896202] [MonitoringSampleStore] history=512 capacity=1203
2026-10-03 21:52:15.358228+0900 ResourceRunner[6388:50896202] [MonitoringSampleStore] history=513 capacity=1203
2026-10-03 21:52:15.358368+0900 ResourceRunner[6388:50896202] [MonitoringSampleStore] history=514 capacity=1203
2026-10-03 21:52:15.358497+0900 ResourceRunner[6388:50896202] [MonitoringSampleStore] history=515 capacity=1203
2026-10-03 21:52:15.358624+0900 ResourceRunner[6388:50896202] [MonitoringSampleStore] history=516 capacity=1203
2026-10-03 21:52:15.358754+0900 ResourceRunner[6388:50896202] [MonitoringSampleStore] history=517 capacity=1203
2026-10-03 21:52:15.358884+0900 ResourceRunner[6388:50896202] [MonitoringSampleStore] history=518 capacity=1203
2026-10-03 21:52:15.359012+0900 ResourceRunner[6388:50896202] [MonitoringSampleStore] history=519 capacity=1203
2026-10-03 21:52:15.359141+0900 ResourceRunner[6388:50896202] [MonitoringSampleStore] history=520 capacity=1203
2026-10-03 21:52:15.359270+0900 ResourceRunner[6388:50896202] [MonitoringSampleStore] history=521 capacity=1203
2026-10-03 21:52:15.359400+0900 ResourceRunner[6388:50896202] [MonitoringSampleStore] history=522 capacity=1203
2026-10-03 21:52:15.359530+0900 ResourceRunner[6388:50896202] [MonitoringSampleStore] history=523 capacity=1203
2026-10-03 21:52:15.359659+0900 ResourceRunner[6388:50896202] [MonitoringSampleStore] history=524 capacity=1203
2026-10-03 21:52:15.359789+0900 ResourceRunner[6388:50896202] [MonitoringSampleStore] history=525 capacity=1203
2026-10-03 21:52:15.359919+0900 ResourceRunner[6388:50896202] [MonitoringSampleStore] history=526 capacity=1203
2026-10-03 21:52:15.360050+0900 ResourceRunner[6388:50896202] [MonitoringSampleStore] history=527 capacity=1203
2026-10-03 21:52:15.360179+0900 ResourceRunner[6388:50896202] [MonitoringSampleStore] history=528 capacity=1203
2026-10-03 21:52:15.360313+0900 ResourceRunner[6388:50896202] [MonitoringSampleStore] history=529 capacity=1203
2026-10-03 21:52:15.360443+0900 ResourceRunner[6388:50896202] [MonitoringSampleStore] history=530 capacity=1203
2026-10-03 21:52:15.360573+0900 ResourceRunner[6388:50896202] [MonitoringSampleStore] history=531 capacity=1203
2026-10-03 21:52:15.360705+0900 ResourceRunner[6388:50896202] [MonitoringSampleStore] history=532 capacity=1203
2026-10-03 21:52:15.360836+0900 ResourceRunner[6388:50896202] [MonitoringSampleStore] history=533 capacity=1203
2026-10-03 21:52:15.360968+0900 ResourceRunner[6388:50896202] [MonitoringSampleStore] history=534 capacity=1203
2026-10-03 21:52:15.361100+0900 ResourceRunner[6388:50896202] [MonitoringSampleStore] history=535 capacity=1203
2026-10-03 21:52:15.361232+0900 ResourceRunner[6388:50896202] [MonitoringSampleStore] history=536 capacity=1203
2026-10-03 21:52:15.361365+0900 ResourceRunner[6388:50896202] [MonitoringSampleStore] history=537 capacity=1203
2026-10-03 21:52:15.361497+0900 ResourceRunner[6388:50896202] [MonitoringSampleStore] history=538 capacity=1203
2026-10-03 21:52:15.361630+0900 ResourceRunner[6388:50896202] [MonitoringSampleStore] history=539 capacity=1203
2026-10-03 21:52:15.361762+0900 ResourceRunner[6388:50896202] [MonitoringSampleStore] history=540 capacity=1203
2026-10-03 21:52:15.361895+0900 ResourceRunner[6388:50896202] [MonitoringSampleStore] history=541 capacity=1203
2026-10-03 21:52:15.362028+0900 ResourceRunner[6388:50896202] [MonitoringSampleStore] history=542 capacity=1203
2026-10-03 21:52:15.362162+0900 ResourceRunner[6388:50896202] [MonitoringSampleStore] history=543 capacity=1203
2026-10-03 21:52:15.362295+0900 ResourceRunner[6388:50896202] [MonitoringSampleStore] history=544 capacity=1203
2026-10-03 21:52:15.362429+0900 ResourceRunner[6388:50896202] [MonitoringSampleStore] history=545 capacity=1203
2026-10-03 21:52:15.362565+0900 ResourceRunner[6388:50896202] [MonitoringSampleStore] history=546 capacity=1203
2026-10-03 21:52:15.362698+0900 ResourceRunner[6388:50896202] [MonitoringSampleStore] history=547 capacity=1203
2026-10-03 21:52:15.362832+0900 ResourceRunner[6388:50896202] [MonitoringSampleStore] history=548 capacity=1203
2026-10-03 21:52:15.362966+0900 ResourceRunner[6388:50896202] [MonitoringSampleStore] history=549 capacity=1203
2026-10-03 21:52:15.363101+0900 ResourceRunner[6388:50896202] [MonitoringSampleStore] history=550 capacity=1203
2026-10-03 21:52:15.363236+0900 ResourceRunner[6388:50896202] [MonitoringSampleStore] history=551 capacity=1203
2026-10-03 21:52:15.363371+0900 ResourceRunner[6388:50896202] [MonitoringSampleStore] history=552 capacity=1203
2026-10-03 21:52:15.363508+0900 ResourceRunner[6388:50896202] [MonitoringSampleStore] history=553 capacity=1203
2026-10-03 21:52:15.363643+0900 ResourceRunner[6388:50896202] [MonitoringSampleStore] history=554 capacity=1203
2026-10-03 21:52:15.363779+0900 ResourceRunner[6388:50896202] [MonitoringSampleStore] history=555 capacity=1203
2026-10-03 21:52:15.363915+0900 ResourceRunner[6388:50896202] [MonitoringSampleStore] history=556 capacity=1203
2026-10-03 21:52:15.364051+0900 ResourceRunner[6388:50896202] [MonitoringSampleStore] history=557 capacity=1203
2026-10-03 21:52:15.364188+0900 ResourceRunner[6388:50896202] [MonitoringSampleStore] history=558 capacity=1203
2026-10-03 21:52:15.364324+0900 ResourceRunner[6388:50896202] [MonitoringSampleStore] history=559 capacity=1203
2026-10-03 21:52:15.364461+0900 ResourceRunner[6388:50896202] [MonitoringSampleStore] history=560 capacity=1203
2026-10-03 21:52:15.364597+0900 ResourceRunner[6388:50896202] [MonitoringSampleStore] history=561 capacity=1203
2026-10-03 21:52:15.364735+0900 ResourceRunner[6388:50896202] [MonitoringSampleStore] history=562 capacity=1203
2026-10-03 21:52:15.364876+0900 ResourceRunner[6388:50896202] [MonitoringSampleStore] history=563 capacity=1203
2026-10-03 21:52:15.365018+0900 ResourceRunner[6388:50896202] [MonitoringSampleStore] history=564 capacity=1203
2026-10-03 21:52:15.365160+0900 ResourceRunner[6388:50896202] [MonitoringSampleStore] history=565 capacity=1203
2026-10-03 21:52:15.365293+0900 ResourceRunner[6388:50896202] [MonitoringSampleStore] history=566 capacity=1203
2026-10-03 21:52:15.365435+0900 ResourceRunner[6388:50896202] [MonitoringSampleStore] history=567 capacity=1203
2026-10-03 21:52:15.365575+0900 ResourceRunner[6388:50896202] [MonitoringSampleStore] history=568 capacity=1203
2026-10-03 21:52:15.365717+0900 ResourceRunner[6388:50896202] [MonitoringSampleStore] history=569 capacity=1203
2026-10-03 21:52:15.365859+0900 ResourceRunner[6388:50896202] [MonitoringSampleStore] history=570 capacity=1203
2026-10-03 21:52:15.366000+0900 ResourceRunner[6388:50896202] [MonitoringSampleStore] history=571 capacity=1203
2026-10-03 21:52:15.366137+0900 ResourceRunner[6388:50896202] [MonitoringSampleStore] history=572 capacity=1203
2026-10-03 21:52:15.366274+0900 ResourceRunner[6388:50896202] [MonitoringSampleStore] history=573 capacity=1203
2026-10-03 21:52:15.366423+0900 ResourceRunner[6388:50896202] [MonitoringSampleStore] history=574 capacity=1203
2026-10-03 21:52:15.366564+0900 ResourceRunner[6388:50896202] [MonitoringSampleStore] history=575 capacity=1203
2026-10-03 21:52:15.366702+0900 ResourceRunner[6388:50896202] [MonitoringSampleStore] history=576 capacity=1203
2026-10-03 21:52:15.366840+0900 ResourceRunner[6388:50896202] [MonitoringSampleStore] history=577 capacity=1203
2026-10-03 21:52:15.366978+0900 ResourceRunner[6388:50896202] [MonitoringSampleStore] history=578 capacity=1203
2026-10-03 21:52:15.367124+0900 ResourceRunner[6388:50896202] [MonitoringSampleStore] history=579 capacity=1203
2026-10-03 21:52:15.367272+0900 ResourceRunner[6388:50896202] [MonitoringSampleStore] history=580 capacity=1203
2026-10-03 21:52:15.367421+0900 ResourceRunner[6388:50896202] [MonitoringSampleStore] history=581 capacity=1203
2026-10-03 21:52:15.367568+0900 ResourceRunner[6388:50896202] [MonitoringSampleStore] history=582 capacity=1203
2026-10-03 21:52:15.367707+0900 ResourceRunner[6388:50896202] [MonitoringSampleStore] history=583 capacity=1203
2026-10-03 21:52:15.367846+0900 ResourceRunner[6388:50896202] [MonitoringSampleStore] history=584 capacity=1203
2026-10-03 21:52:15.367986+0900 ResourceRunner[6388:50896202] [MonitoringSampleStore] history=585 capacity=1203
2026-10-03 21:52:15.368126+0900 ResourceRunner[6388:50896202] [MonitoringSampleStore] history=586 capacity=1203
2026-10-03 21:52:15.368265+0900 ResourceRunner[6388:50896202] [MonitoringSampleStore] history=587 capacity=1203
2026-10-03 21:52:15.368406+0900 ResourceRunner[6388:50896202] [MonitoringSampleStore] history=588 capacity=1203
2026-10-03 21:52:15.368555+0900 ResourceRunner[6388:50896202] [MonitoringSampleStore] history=589 capacity=1203
2026-10-03 21:52:15.368696+0900 ResourceRunner[6388:50896202] [MonitoringSampleStore] history=590 capacity=1203
2026-10-03 21:52:15.368837+0900 ResourceRunner[6388:50896202] [MonitoringSampleStore] history=591 capacity=1203
2026-10-03 21:52:15.368978+0900 ResourceRunner[6388:50896202] [MonitoringSampleStore] history=592 capacity=1203
2026-10-03 21:52:15.369119+0900 ResourceRunner[6388:50896202] [MonitoringSampleStore] history=593 capacity=1203
2026-10-03 21:52:15.369269+0900 ResourceRunner[6388:50896202] [MonitoringSampleStore] history=594 capacity=1203
2026-10-03 21:52:15.369420+0900 ResourceRunner[6388:50896202] [MonitoringSampleStore] history=595 capacity=1203
2026-10-03 21:52:15.369562+0900 ResourceRunner[6388:50896202] [MonitoringSampleStore] history=596 capacity=1203
2026-10-03 21:52:15.369704+0900 ResourceRunner[6388:50896202] [MonitoringSampleStore] history=597 capacity=1203
2026-10-03 21:52:15.369847+0900 ResourceRunner[6388:50896202] [MonitoringSampleStore] history=598 capacity=1203
2026-10-03 21:52:15.369998+0900 ResourceRunner[6388:50896202] [MonitoringSampleStore] history=599 capacity=1203
2026-10-03 21:52:15.370140+0900 ResourceRunner[6388:50896202] [MonitoringSampleStore] history=600 capacity=1203
2026-10-03 21:52:15.370285+0900 ResourceRunner[6388:50896202] [MonitoringSampleStore] history=601 capacity=1203
2026-10-03 21:52:15.370428+0900 ResourceRunner[6388:50896202] [MonitoringSampleStore] history=602 capacity=1203
2026-10-03 21:52:15.370571+0900 ResourceRunner[6388:50896202] [MonitoringSampleStore] history=603 capacity=1203
2026-10-03 21:52:15.370715+0900 ResourceRunner[6388:50896202] [MonitoringSampleStore] history=604 capacity=1203
2026-10-03 21:52:15.370867+0900 ResourceRunner[6388:50896202] [MonitoringSampleStore] history=605 capacity=1203
2026-10-03 21:52:15.371011+0900 ResourceRunner[6388:50896202] [MonitoringSampleStore] history=606 capacity=1203
2026-10-03 21:52:15.371156+0900 ResourceRunner[6388:50896202] [MonitoringSampleStore] history=607 capacity=1203
2026-10-03 21:52:15.371300+0900 ResourceRunner[6388:50896202] [MonitoringSampleStore] history=608 capacity=1203
2026-10-03 21:52:15.371444+0900 ResourceRunner[6388:50896202] [MonitoringSampleStore] history=609 capacity=1203
2026-10-03 21:52:15.371589+0900 ResourceRunner[6388:50896202] [MonitoringSampleStore] history=610 capacity=1203
2026-10-03 21:52:15.371735+0900 ResourceRunner[6388:50896202] [MonitoringSampleStore] history=611 capacity=1203
2026-10-03 21:52:15.371880+0900 ResourceRunner[6388:50896202] [MonitoringSampleStore] history=612 capacity=1203
2026-10-03 21:52:15.372025+0900 ResourceRunner[6388:50896202] [MonitoringSampleStore] history=613 capacity=1203
2026-10-03 21:52:15.372171+0900 ResourceRunner[6388:50896202] [MonitoringSampleStore] history=614 capacity=1203
2026-10-03 21:52:15.372317+0900 ResourceRunner[6388:50896202] [MonitoringSampleStore] history=615 capacity=1203
2026-10-03 21:52:15.372471+0900 ResourceRunner[6388:50896202] [MonitoringSampleStore] history=616 capacity=1203
2026-10-03 21:52:15.372617+0900 ResourceRunner[6388:50896202] [MonitoringSampleStore] history=617 capacity=1203
2026-10-03 21:52:15.372774+0900 ResourceRunner[6388:50896202] [MonitoringSampleStore] history=618 capacity=1203
2026-10-03 21:52:15.372920+0900 ResourceRunner[6388:50896202] [MonitoringSampleStore] history=619 capacity=1203
2026-10-03 21:52:15.373067+0900 ResourceRunner[6388:50896202] [MonitoringSampleStore] history=620 capacity=1203
2026-10-03 21:52:15.373224+0900 ResourceRunner[6388:50896202] [MonitoringSampleStore] history=621 capacity=1203
2026-10-03 21:52:15.373383+0900 ResourceRunner[6388:50896202] [MonitoringSampleStore] history=622 capacity=1203
2026-10-03 21:52:15.373531+0900 ResourceRunner[6388:50896202] [MonitoringSampleStore] history=623 capacity=1203
2026-10-03 21:52:15.373679+0900 ResourceRunner[6388:50896202] [MonitoringSampleStore] history=624 capacity=1203
2026-10-03 21:52:15.373827+0900 ResourceRunner[6388:50896202] [MonitoringSampleStore] history=625 capacity=1203
2026-10-03 21:52:15.373975+0900 ResourceRunner[6388:50896202] [MonitoringSampleStore] history=626 capacity=1203
2026-10-03 21:52:15.374131+0900 ResourceRunner[6388:50896202] [MonitoringSampleStore] history=627 capacity=1203
2026-10-03 21:52:15.374280+0900 ResourceRunner[6388:50896202] [MonitoringSampleStore] history=628 capacity=1203
2026-10-03 21:52:15.374428+0900 ResourceRunner[6388:50896202] [MonitoringSampleStore] history=629 capacity=1203
2026-10-03 21:52:15.374586+0900 ResourceRunner[6388:50896202] [MonitoringSampleStore] history=630 capacity=1203
2026-10-03 21:52:15.374735+0900 ResourceRunner[6388:50896202] [MonitoringSampleStore] history=631 capacity=1203
2026-10-03 21:52:15.374892+0900 ResourceRunner[6388:50896202] [MonitoringSampleStore] history=632 capacity=1203
2026-10-03 21:52:15.375044+0900 ResourceRunner[6388:50896202] [MonitoringSampleStore] history=633 capacity=1203
2026-10-03 21:52:15.375193+0900 ResourceRunner[6388:50896202] [MonitoringSampleStore] history=634 capacity=1203
2026-10-03 21:52:15.375343+0900 ResourceRunner[6388:50896202] [MonitoringSampleStore] history=635 capacity=1203
2026-10-03 21:52:15.375503+0900 ResourceRunner[6388:50896202] [MonitoringSampleStore] history=636 capacity=1203
2026-10-03 21:52:15.375657+0900 ResourceRunner[6388:50896202] [MonitoringSampleStore] history=637 capacity=1203
2026-10-03 21:52:15.375808+0900 ResourceRunner[6388:50896202] [MonitoringSampleStore] history=638 capacity=1203
2026-10-03 21:52:15.375960+0900 ResourceRunner[6388:50896202] [MonitoringSampleStore] history=639 capacity=1203
2026-10-03 21:52:15.376112+0900 ResourceRunner[6388:50896202] [MonitoringSampleStore] history=640 capacity=1203
2026-10-03 21:52:15.376265+0900 ResourceRunner[6388:50896202] [MonitoringSampleStore] history=641 capacity=1203
2026-10-03 21:52:15.376417+0900 ResourceRunner[6388:50896202] [MonitoringSampleStore] history=642 capacity=1203
2026-10-03 21:52:15.376571+0900 ResourceRunner[6388:50896202] [MonitoringSampleStore] history=643 capacity=1203
2026-10-03 21:52:15.376724+0900 ResourceRunner[6388:50896202] [MonitoringSampleStore] history=644 capacity=1203
2026-10-03 21:52:15.376878+0900 ResourceRunner[6388:50896202] [MonitoringSampleStore] history=645 capacity=1203
2026-10-03 21:52:15.377031+0900 ResourceRunner[6388:50896202] [MonitoringSampleStore] history=646 capacity=1203
2026-10-03 21:52:15.377185+0900 ResourceRunner[6388:50896202] [MonitoringSampleStore] history=647 capacity=1203
2026-10-03 21:52:15.377339+0900 ResourceRunner[6388:50896202] [MonitoringSampleStore] history=648 capacity=1203
2026-10-03 21:52:15.377493+0900 ResourceRunner[6388:50896202] [MonitoringSampleStore] history=649 capacity=1203
2026-10-03 21:52:15.377648+0900 ResourceRunner[6388:50896202] [MonitoringSampleStore] history=650 capacity=1203
2026-10-03 21:52:15.377802+0900 ResourceRunner[6388:50896202] [MonitoringSampleStore] history=651 capacity=1203
2026-10-03 21:52:15.377956+0900 ResourceRunner[6388:50896202] [MonitoringSampleStore] history=652 capacity=1203
2026-10-03 21:52:15.378111+0900 ResourceRunner[6388:50896202] [MonitoringSampleStore] history=653 capacity=1203
2026-10-03 21:52:15.378266+0900 ResourceRunner[6388:50896202] [MonitoringSampleStore] history=654 capacity=1203
2026-10-03 21:52:15.378421+0900 ResourceRunner[6388:50896202] [MonitoringSampleStore] history=655 capacity=1203
2026-10-03 21:52:15.378577+0900 ResourceRunner[6388:50896202] [MonitoringSampleStore] history=656 capacity=1203
2026-10-03 21:52:15.378732+0900 ResourceRunner[6388:50896202] [MonitoringSampleStore] history=657 capacity=1203
2026-10-03 21:52:15.378888+0900 ResourceRunner[6388:50896202] [MonitoringSampleStore] history=658 capacity=1203
2026-10-03 21:52:15.379045+0900 ResourceRunner[6388:50896202] [MonitoringSampleStore] history=659 capacity=1203
2026-10-03 21:52:15.379200+0900 ResourceRunner[6388:50896202] [MonitoringSampleStore] history=660 capacity=1203
2026-10-03 21:52:15.379357+0900 ResourceRunner[6388:50896202] [MonitoringSampleStore] history=661 capacity=1203
2026-10-03 21:52:15.379516+0900 ResourceRunner[6388:50896202] [MonitoringSampleStore] history=662 capacity=1203
2026-10-03 21:52:15.379675+0900 ResourceRunner[6388:50896202] [MonitoringSampleStore] history=663 capacity=1203
2026-10-03 21:52:15.379831+0900 ResourceRunner[6388:50896202] [MonitoringSampleStore] history=664 capacity=1203
2026-10-03 21:52:15.379988+0900 ResourceRunner[6388:50896202] [MonitoringSampleStore] history=665 capacity=1203
2026-10-03 21:52:15.380150+0900 ResourceRunner[6388:50896202] [MonitoringSampleStore] history=666 capacity=1203
2026-10-03 21:52:15.380326+0900 ResourceRunner[6388:50896140] [MonitoringSampleStore] history=667 capacity=1203
2026-10-03 21:52:15.380490+0900 ResourceRunner[6388:50896140] [MonitoringSampleStore] history=668 capacity=1203
2026-10-03 21:52:15.380647+0900 ResourceRunner[6388:50896140] [MonitoringSampleStore] history=669 capacity=1203
2026-10-03 21:52:15.380804+0900 ResourceRunner[6388:50896140] [MonitoringSampleStore] history=670 capacity=1203
2026-10-03 21:52:15.380962+0900 ResourceRunner[6388:50896140] [MonitoringSampleStore] history=671 capacity=1203
2026-10-03 21:52:15.381120+0900 ResourceRunner[6388:50896140] [MonitoringSampleStore] history=672 capacity=1203
2026-10-03 21:52:15.381277+0900 ResourceRunner[6388:50896140] [MonitoringSampleStore] history=673 capacity=1203
2026-10-03 21:52:15.381445+0900 ResourceRunner[6388:50896140] [MonitoringSampleStore] history=674 capacity=1203
2026-10-03 21:52:15.381614+0900 ResourceRunner[6388:50896140] [MonitoringSampleStore] history=675 capacity=1203
2026-10-03 21:52:15.381786+0900 ResourceRunner[6388:50896140] [MonitoringSampleStore] history=676 capacity=1203
2026-10-03 21:52:15.381958+0900 ResourceRunner[6388:50896140] [MonitoringSampleStore] history=677 capacity=1203
2026-10-03 21:52:15.382131+0900 ResourceRunner[6388:50896140] [MonitoringSampleStore] history=678 capacity=1203
2026-10-03 21:52:15.382298+0900 ResourceRunner[6388:50896140] [MonitoringSampleStore] history=679 capacity=1203
2026-10-03 21:52:15.382458+0900 ResourceRunner[6388:50896140] [MonitoringSampleStore] history=680 capacity=1203
2026-10-03 21:52:15.382627+0900 ResourceRunner[6388:50896140] [MonitoringSampleStore] history=681 capacity=1203
2026-10-03 21:52:15.382786+0900 ResourceRunner[6388:50896140] [MonitoringSampleStore] history=682 capacity=1203
2026-10-03 21:52:15.382958+0900 ResourceRunner[6388:50896140] [MonitoringSampleStore] history=683 capacity=1203
2026-10-03 21:52:15.383118+0900 ResourceRunner[6388:50896140] [MonitoringSampleStore] history=684 capacity=1203
2026-10-03 21:52:15.383288+0900 ResourceRunner[6388:50896140] [MonitoringSampleStore] history=685 capacity=1203
2026-10-03 21:52:15.383450+0900 ResourceRunner[6388:50896140] [MonitoringSampleStore] history=686 capacity=1203
2026-10-03 21:52:15.383614+0900 ResourceRunner[6388:50896140] [MonitoringSampleStore] history=687 capacity=1203
2026-10-03 21:52:15.383777+0900 ResourceRunner[6388:50896140] [MonitoringSampleStore] history=688 capacity=1203
2026-10-03 21:52:15.383949+0900 ResourceRunner[6388:50896140] [MonitoringSampleStore] history=689 capacity=1203
2026-10-03 21:52:15.384110+0900 ResourceRunner[6388:50896140] [MonitoringSampleStore] history=690 capacity=1203
2026-10-03 21:52:15.384282+0900 ResourceRunner[6388:50896140] [MonitoringSampleStore] history=691 capacity=1203
2026-10-03 21:52:15.384453+0900 ResourceRunner[6388:50896140] [MonitoringSampleStore] history=692 capacity=1203
2026-10-03 21:52:15.384622+0900 ResourceRunner[6388:50896140] [MonitoringSampleStore] history=693 capacity=1203
2026-10-03 21:52:15.384795+0900 ResourceRunner[6388:50896140] [MonitoringSampleStore] history=694 capacity=1203
2026-10-03 21:52:15.384970+0900 ResourceRunner[6388:50896140] [MonitoringSampleStore] history=695 capacity=1203
2026-10-03 21:52:15.385147+0900 ResourceRunner[6388:50896140] [MonitoringSampleStore] history=696 capacity=1203
2026-10-03 21:52:15.385317+0900 ResourceRunner[6388:50896140] [MonitoringSampleStore] history=697 capacity=1203
2026-10-03 21:52:15.385495+0900 ResourceRunner[6388:50896140] [MonitoringSampleStore] history=698 capacity=1203
2026-10-03 21:52:15.385659+0900 ResourceRunner[6388:50896140] [MonitoringSampleStore] history=699 capacity=1203
2026-10-03 21:52:15.385822+0900 ResourceRunner[6388:50896140] [MonitoringSampleStore] history=700 capacity=1203
2026-10-03 21:52:15.385986+0900 ResourceRunner[6388:50896140] [MonitoringSampleStore] history=701 capacity=1203
2026-10-03 21:52:15.386155+0900 ResourceRunner[6388:50896140] [MonitoringSampleStore] history=702 capacity=1203
2026-10-03 21:52:15.386328+0900 ResourceRunner[6388:50896140] [MonitoringSampleStore] history=703 capacity=1203
2026-10-03 21:52:15.386497+0900 ResourceRunner[6388:50896140] [MonitoringSampleStore] history=704 capacity=1203
2026-10-03 21:52:15.386678+0900 ResourceRunner[6388:50896140] [MonitoringSampleStore] history=705 capacity=1203
2026-10-03 21:52:15.386861+0900 ResourceRunner[6388:50896140] [MonitoringSampleStore] history=706 capacity=1203
2026-10-03 21:52:15.387038+0900 ResourceRunner[6388:50896140] [MonitoringSampleStore] history=707 capacity=1203
2026-10-03 21:52:15.387217+0900 ResourceRunner[6388:50896140] [MonitoringSampleStore] history=708 capacity=1203
2026-10-03 21:52:15.387394+0900 ResourceRunner[6388:50896140] [MonitoringSampleStore] history=709 capacity=1203
2026-10-03 21:52:15.387567+0900 ResourceRunner[6388:50896140] [MonitoringSampleStore] history=710 capacity=1203
2026-10-03 21:52:15.387744+0900 ResourceRunner[6388:50896140] [MonitoringSampleStore] history=711 capacity=1203
2026-10-03 21:52:15.387922+0900 ResourceRunner[6388:50896140] [MonitoringSampleStore] history=712 capacity=1203
2026-10-03 21:52:15.388098+0900 ResourceRunner[6388:50896140] [MonitoringSampleStore] history=713 capacity=1203
2026-10-03 21:52:15.388260+0900 ResourceRunner[6388:50896140] [MonitoringSampleStore] history=714 capacity=1203
2026-10-03 21:52:15.388430+0900 ResourceRunner[6388:50896140] [MonitoringSampleStore] history=715 capacity=1203
2026-10-03 21:52:15.388600+0900 ResourceRunner[6388:50896140] [MonitoringSampleStore] history=716 capacity=1203
2026-10-03 21:52:15.388767+0900 ResourceRunner[6388:50896140] [MonitoringSampleStore] history=717 capacity=1203
2026-10-03 21:52:15.388934+0900 ResourceRunner[6388:50896140] [MonitoringSampleStore] history=718 capacity=1203
2026-10-03 21:52:15.389105+0900 ResourceRunner[6388:50896140] [MonitoringSampleStore] history=719 capacity=1203
2026-10-03 21:52:15.389272+0900 ResourceRunner[6388:50896140] [MonitoringSampleStore] history=720 capacity=1203
2026-10-03 21:52:15.389444+0900 ResourceRunner[6388:50896140] [MonitoringSampleStore] history=721 capacity=1203
2026-10-03 21:52:15.389614+0900 ResourceRunner[6388:50896140] [MonitoringSampleStore] history=722 capacity=1203
2026-10-03 21:52:15.389787+0900 ResourceRunner[6388:50896140] [MonitoringSampleStore] history=723 capacity=1203
2026-10-03 21:52:15.389960+0900 ResourceRunner[6388:50896140] [MonitoringSampleStore] history=724 capacity=1203
2026-10-03 21:52:15.390136+0900 ResourceRunner[6388:50896140] [MonitoringSampleStore] history=725 capacity=1203
2026-10-03 21:52:15.390309+0900 ResourceRunner[6388:50896140] [MonitoringSampleStore] history=726 capacity=1203
2026-10-03 21:52:15.390486+0900 ResourceRunner[6388:50896140] [MonitoringSampleStore] history=727 capacity=1203
2026-10-03 21:52:15.390661+0900 ResourceRunner[6388:50896140] [MonitoringSampleStore] history=728 capacity=1203
2026-10-03 21:52:15.390828+0900 ResourceRunner[6388:50896140] [MonitoringSampleStore] history=729 capacity=1203
2026-10-03 21:52:15.390996+0900 ResourceRunner[6388:50896140] [MonitoringSampleStore] history=730 capacity=1203
2026-10-03 21:52:15.391164+0900 ResourceRunner[6388:50896140] [MonitoringSampleStore] history=731 capacity=1203
2026-10-03 21:52:15.391340+0900 ResourceRunner[6388:50896140] [MonitoringSampleStore] history=732 capacity=1203
2026-10-03 21:52:15.391508+0900 ResourceRunner[6388:50896140] [MonitoringSampleStore] history=733 capacity=1203
2026-10-03 21:52:15.391686+0900 ResourceRunner[6388:50896140] [MonitoringSampleStore] history=734 capacity=1203
2026-10-03 21:52:15.391863+0900 ResourceRunner[6388:50896140] [MonitoringSampleStore] history=735 capacity=1203
2026-10-03 21:52:15.392045+0900 ResourceRunner[6388:50896140] [MonitoringSampleStore] history=736 capacity=1203
2026-10-03 21:52:15.392214+0900 ResourceRunner[6388:50896140] [MonitoringSampleStore] history=737 capacity=1203
2026-10-03 21:52:15.392391+0900 ResourceRunner[6388:50896140] [MonitoringSampleStore] history=738 capacity=1203
2026-10-03 21:52:15.392561+0900 ResourceRunner[6388:50896140] [MonitoringSampleStore] history=739 capacity=1203
2026-10-03 21:52:15.392741+0900 ResourceRunner[6388:50896140] [MonitoringSampleStore] history=740 capacity=1203
2026-10-03 21:52:15.392910+0900 ResourceRunner[6388:50896140] [MonitoringSampleStore] history=741 capacity=1203
2026-10-03 21:52:15.393081+0900 ResourceRunner[6388:50896140] [MonitoringSampleStore] history=742 capacity=1203
2026-10-03 21:52:15.393250+0900 ResourceRunner[6388:50896140] [MonitoringSampleStore] history=743 capacity=1203
2026-10-03 21:52:15.393420+0900 ResourceRunner[6388:50896140] [MonitoringSampleStore] history=744 capacity=1203
2026-10-03 21:52:15.393601+0900 ResourceRunner[6388:50896140] [MonitoringSampleStore] history=745 capacity=1203
2026-10-03 21:52:15.393772+0900 ResourceRunner[6388:50896140] [MonitoringSampleStore] history=746 capacity=1203
2026-10-03 21:52:15.393943+0900 ResourceRunner[6388:50896140] [MonitoringSampleStore] history=747 capacity=1203
2026-10-03 21:52:15.394114+0900 ResourceRunner[6388:50896140] [MonitoringSampleStore] history=748 capacity=1203
2026-10-03 21:52:15.394285+0900 ResourceRunner[6388:50896140] [MonitoringSampleStore] history=749 capacity=1203
2026-10-03 21:52:15.394456+0900 ResourceRunner[6388:50896140] [MonitoringSampleStore] history=750 capacity=1203
2026-10-03 21:52:15.394628+0900 ResourceRunner[6388:50896140] [MonitoringSampleStore] history=751 capacity=1203
2026-10-03 21:52:15.394810+0900 ResourceRunner[6388:50896140] [MonitoringSampleStore] history=752 capacity=1203
2026-10-03 21:52:15.394990+0900 ResourceRunner[6388:50896140] [MonitoringSampleStore] history=753 capacity=1203
2026-10-03 21:52:15.395171+0900 ResourceRunner[6388:50896140] [MonitoringSampleStore] history=754 capacity=1203
2026-10-03 21:52:15.395343+0900 ResourceRunner[6388:50896140] [MonitoringSampleStore] history=755 capacity=1203
2026-10-03 21:52:15.395525+0900 ResourceRunner[6388:50896140] [MonitoringSampleStore] history=756 capacity=1203
2026-10-03 21:52:15.395706+0900 ResourceRunner[6388:50896140] [MonitoringSampleStore] history=757 capacity=1203
2026-10-03 21:52:15.395888+0900 ResourceRunner[6388:50896140] [MonitoringSampleStore] history=758 capacity=1203
2026-10-03 21:52:15.396070+0900 ResourceRunner[6388:50896140] [MonitoringSampleStore] history=759 capacity=1203
2026-10-03 21:52:15.396252+0900 ResourceRunner[6388:50896140] [MonitoringSampleStore] history=760 capacity=1203
2026-10-03 21:52:15.396437+0900 ResourceRunner[6388:50896140] [MonitoringSampleStore] history=761 capacity=1203
2026-10-03 21:52:15.396619+0900 ResourceRunner[6388:50896140] [MonitoringSampleStore] history=762 capacity=1203
2026-10-03 21:52:15.396793+0900 ResourceRunner[6388:50896140] [MonitoringSampleStore] history=763 capacity=1203
2026-10-03 21:52:15.396967+0900 ResourceRunner[6388:50896140] [MonitoringSampleStore] history=764 capacity=1203
2026-10-03 21:52:15.397142+0900 ResourceRunner[6388:50896140] [MonitoringSampleStore] history=765 capacity=1203
2026-10-03 21:52:15.397328+0900 ResourceRunner[6388:50896140] [MonitoringSampleStore] history=766 capacity=1203
2026-10-03 21:52:15.397502+0900 ResourceRunner[6388:50896140] [MonitoringSampleStore] history=767 capacity=1203
2026-10-03 21:52:15.397679+0900 ResourceRunner[6388:50896140] [MonitoringSampleStore] history=768 capacity=1203
2026-10-03 21:52:15.397863+0900 ResourceRunner[6388:50896140] [MonitoringSampleStore] history=769 capacity=1203
2026-10-03 21:52:15.398038+0900 ResourceRunner[6388:50896140] [MonitoringSampleStore] history=770 capacity=1203
2026-10-03 21:52:15.398214+0900 ResourceRunner[6388:50896140] [MonitoringSampleStore] history=771 capacity=1203
2026-10-03 21:52:15.398390+0900 ResourceRunner[6388:50896140] [MonitoringSampleStore] history=772 capacity=1203
2026-10-03 21:52:15.398575+0900 ResourceRunner[6388:50896140] [MonitoringSampleStore] history=773 capacity=1203
2026-10-03 21:52:15.398752+0900 ResourceRunner[6388:50896140] [MonitoringSampleStore] history=774 capacity=1203
2026-10-03 21:52:15.398929+0900 ResourceRunner[6388:50896140] [MonitoringSampleStore] history=775 capacity=1203
2026-10-03 21:52:15.399106+0900 ResourceRunner[6388:50896140] [MonitoringSampleStore] history=776 capacity=1203
2026-10-03 21:52:15.399283+0900 ResourceRunner[6388:50896140] [MonitoringSampleStore] history=777 capacity=1203
2026-10-03 21:52:15.399460+0900 ResourceRunner[6388:50896140] [MonitoringSampleStore] history=778 capacity=1203
2026-10-03 21:52:15.399638+0900 ResourceRunner[6388:50896140] [MonitoringSampleStore] history=779 capacity=1203
2026-10-03 21:52:15.399816+0900 ResourceRunner[6388:50896140] [MonitoringSampleStore] history=780 capacity=1203
2026-10-03 21:52:15.399994+0900 ResourceRunner[6388:50896140] [MonitoringSampleStore] history=781 capacity=1203
2026-10-03 21:52:15.400173+0900 ResourceRunner[6388:50896140] [MonitoringSampleStore] history=782 capacity=1203
2026-10-03 21:52:15.400352+0900 ResourceRunner[6388:50896140] [MonitoringSampleStore] history=783 capacity=1203
2026-10-03 21:52:15.400530+0900 ResourceRunner[6388:50896140] [MonitoringSampleStore] history=784 capacity=1203
2026-10-03 21:52:15.400709+0900 ResourceRunner[6388:50896140] [MonitoringSampleStore] history=785 capacity=1203
2026-10-03 21:52:15.400888+0900 ResourceRunner[6388:50896140] [MonitoringSampleStore] history=786 capacity=1203
2026-10-03 21:52:15.401067+0900 ResourceRunner[6388:50896140] [MonitoringSampleStore] history=787 capacity=1203
2026-10-03 21:52:15.401246+0900 ResourceRunner[6388:50896140] [MonitoringSampleStore] history=788 capacity=1203
2026-10-03 21:52:15.401426+0900 ResourceRunner[6388:50896140] [MonitoringSampleStore] history=789 capacity=1203
2026-10-03 21:52:15.401607+0900 ResourceRunner[6388:50896140] [MonitoringSampleStore] history=790 capacity=1203
2026-10-03 21:52:15.401787+0900 ResourceRunner[6388:50896140] [MonitoringSampleStore] history=791 capacity=1203
2026-10-03 21:52:15.401968+0900 ResourceRunner[6388:50896140] [MonitoringSampleStore] history=792 capacity=1203
2026-10-03 21:52:15.402158+0900 ResourceRunner[6388:50896140] [MonitoringSampleStore] history=793 capacity=1203
2026-10-03 21:52:15.402345+0900 ResourceRunner[6388:50896140] [MonitoringSampleStore] history=794 capacity=1203
2026-10-03 21:52:15.402531+0900 ResourceRunner[6388:50896140] [MonitoringSampleStore] history=795 capacity=1203
2026-10-03 21:52:15.402724+0900 ResourceRunner[6388:50896140] [MonitoringSampleStore] history=796 capacity=1203
2026-10-03 21:52:15.402913+0900 ResourceRunner[6388:50896140] [MonitoringSampleStore] history=797 capacity=1203
2026-10-03 21:52:15.403102+0900 ResourceRunner[6388:50896140] [MonitoringSampleStore] history=798 capacity=1203
2026-10-03 21:52:15.403283+0900 ResourceRunner[6388:50896140] [MonitoringSampleStore] history=799 capacity=1203
2026-10-03 21:52:15.403473+0900 ResourceRunner[6388:50896140] [MonitoringSampleStore] history=800 capacity=1203
2026-10-03 21:52:15.403655+0900 ResourceRunner[6388:50896140] [MonitoringSampleStore] history=801 capacity=1203
2026-10-03 21:52:15.403838+0900 ResourceRunner[6388:50896140] [MonitoringSampleStore] history=802 capacity=1203
2026-10-03 21:52:15.404019+0900 ResourceRunner[6388:50896140] [MonitoringSampleStore] history=803 capacity=1203
2026-10-03 21:52:15.404202+0900 ResourceRunner[6388:50896140] [MonitoringSampleStore] history=804 capacity=1203
2026-10-03 21:52:15.404393+0900 ResourceRunner[6388:50896140] [MonitoringSampleStore] history=805 capacity=1203
2026-10-03 21:52:15.404584+0900 ResourceRunner[6388:50896140] [MonitoringSampleStore] history=806 capacity=1203
2026-10-03 21:52:15.404766+0900 ResourceRunner[6388:50896140] [MonitoringSampleStore] history=807 capacity=1203
2026-10-03 21:52:15.404950+0900 ResourceRunner[6388:50896140] [MonitoringSampleStore] history=808 capacity=1203
2026-10-03 21:52:15.405133+0900 ResourceRunner[6388:50896140] [MonitoringSampleStore] history=809 capacity=1203
2026-10-03 21:52:15.405316+0900 ResourceRunner[6388:50896140] [MonitoringSampleStore] history=810 capacity=1203
2026-10-03 21:52:15.405508+0900 ResourceRunner[6388:50896140] [MonitoringSampleStore] history=811 capacity=1203
2026-10-03 21:52:15.405692+0900 ResourceRunner[6388:50896140] [MonitoringSampleStore] history=812 capacity=1203
2026-10-03 21:52:15.405882+0900 ResourceRunner[6388:50896140] [MonitoringSampleStore] history=813 capacity=1203
2026-10-03 21:52:15.406080+0900 ResourceRunner[6388:50896140] [MonitoringSampleStore] history=814 capacity=1203
2026-10-03 21:52:15.406275+0900 ResourceRunner[6388:50896140] [MonitoringSampleStore] history=815 capacity=1203
2026-10-03 21:52:15.406469+0900 ResourceRunner[6388:50896140] [MonitoringSampleStore] history=816 capacity=1203
2026-10-03 21:52:15.406666+0900 ResourceRunner[6388:50896140] [MonitoringSampleStore] history=817 capacity=1203
2026-10-03 21:52:15.406858+0900 ResourceRunner[6388:50896140] [MonitoringSampleStore] history=818 capacity=1203
2026-10-03 21:52:15.407053+0900 ResourceRunner[6388:50896140] [MonitoringSampleStore] history=819 capacity=1203
2026-10-03 21:52:15.407245+0900 ResourceRunner[6388:50896140] [MonitoringSampleStore] history=820 capacity=1203
2026-10-03 21:52:15.407447+0900 ResourceRunner[6388:50896140] [MonitoringSampleStore] history=821 capacity=1203
2026-10-03 21:52:15.407652+0900 ResourceRunner[6388:50896140] [MonitoringSampleStore] history=822 capacity=1203
2026-10-03 21:52:15.407854+0900 ResourceRunner[6388:50896140] [MonitoringSampleStore] history=823 capacity=1203
2026-10-03 21:52:15.408056+0900 ResourceRunner[6388:50896140] [MonitoringSampleStore] history=824 capacity=1203
2026-10-03 21:52:15.408238+0900 ResourceRunner[6388:50896140] [MonitoringSampleStore] history=825 capacity=1203
2026-10-03 21:52:15.408428+0900 ResourceRunner[6388:50896140] [MonitoringSampleStore] history=826 capacity=1203
2026-10-03 21:52:15.408625+0900 ResourceRunner[6388:50896140] [MonitoringSampleStore] history=827 capacity=1203
2026-10-03 21:52:15.408819+0900 ResourceRunner[6388:50896140] [MonitoringSampleStore] history=828 capacity=1203
2026-10-03 21:52:15.409018+0900 ResourceRunner[6388:50896140] [MonitoringSampleStore] history=829 capacity=1203
2026-10-03 21:52:15.409215+0900 ResourceRunner[6388:50896140] [MonitoringSampleStore] history=830 capacity=1203
2026-10-03 21:52:15.409403+0900 ResourceRunner[6388:50896140] [MonitoringSampleStore] history=831 capacity=1203
2026-10-03 21:52:15.409600+0900 ResourceRunner[6388:50896140] [MonitoringSampleStore] history=832 capacity=1203
2026-10-03 21:52:15.409786+0900 ResourceRunner[6388:50896140] [MonitoringSampleStore] history=833 capacity=1203
2026-10-03 21:52:15.409972+0900 ResourceRunner[6388:50896140] [MonitoringSampleStore] history=834 capacity=1203
2026-10-03 21:52:15.410164+0900 ResourceRunner[6388:50896140] [MonitoringSampleStore] history=835 capacity=1203
2026-10-03 21:52:15.410356+0900 ResourceRunner[6388:50896140] [MonitoringSampleStore] history=836 capacity=1203
2026-10-03 21:52:15.410549+0900 ResourceRunner[6388:50896140] [MonitoringSampleStore] history=837 capacity=1203
2026-10-03 21:52:15.410744+0900 ResourceRunner[6388:50896140] [MonitoringSampleStore] history=838 capacity=1203
2026-10-03 21:52:15.410931+0900 ResourceRunner[6388:50896140] [MonitoringSampleStore] history=839 capacity=1203
2026-10-03 21:52:15.411119+0900 ResourceRunner[6388:50896140] [MonitoringSampleStore] history=840 capacity=1203
2026-10-03 21:52:15.411306+0900 ResourceRunner[6388:50896140] [MonitoringSampleStore] history=841 capacity=1203
2026-10-03 21:52:15.411496+0900 ResourceRunner[6388:50896140] [MonitoringSampleStore] history=842 capacity=1203
2026-10-03 21:52:15.411692+0900 ResourceRunner[6388:50896140] [MonitoringSampleStore] history=843 capacity=1203
2026-10-03 21:52:15.411889+0900 ResourceRunner[6388:50896140] [MonitoringSampleStore] history=844 capacity=1203
2026-10-03 21:52:15.412078+0900 ResourceRunner[6388:50896140] [MonitoringSampleStore] history=845 capacity=1203
2026-10-03 21:52:15.412278+0900 ResourceRunner[6388:50896140] [MonitoringSampleStore] history=846 capacity=1203
2026-10-03 21:52:15.412467+0900 ResourceRunner[6388:50896140] [MonitoringSampleStore] history=847 capacity=1203
2026-10-03 21:52:15.412656+0900 ResourceRunner[6388:50896140] [MonitoringSampleStore] history=848 capacity=1203
2026-10-03 21:52:15.412846+0900 ResourceRunner[6388:50896140] [MonitoringSampleStore] history=849 capacity=1203
2026-10-03 21:52:15.413036+0900 ResourceRunner[6388:50896140] [MonitoringSampleStore] history=850 capacity=1203
2026-10-03 21:52:15.413226+0900 ResourceRunner[6388:50896140] [MonitoringSampleStore] history=851 capacity=1203
2026-10-03 21:52:15.413416+0900 ResourceRunner[6388:50896140] [MonitoringSampleStore] history=852 capacity=1203
2026-10-03 21:52:15.413609+0900 ResourceRunner[6388:50896140] [MonitoringSampleStore] history=853 capacity=1203
2026-10-03 21:52:15.413799+0900 ResourceRunner[6388:50896140] [MonitoringSampleStore] history=854 capacity=1203
2026-10-03 21:52:15.413989+0900 ResourceRunner[6388:50896140] [MonitoringSampleStore] history=855 capacity=1203
2026-10-03 21:52:15.414180+0900 ResourceRunner[6388:50896140] [MonitoringSampleStore] history=856 capacity=1203
2026-10-03 21:52:15.414380+0900 ResourceRunner[6388:50896140] [MonitoringSampleStore] history=857 capacity=1203
2026-10-03 21:52:15.414571+0900 ResourceRunner[6388:50896140] [MonitoringSampleStore] history=858 capacity=1203
2026-10-03 21:52:15.414762+0900 ResourceRunner[6388:50896140] [MonitoringSampleStore] history=859 capacity=1203
2026-10-03 21:52:15.414954+0900 ResourceRunner[6388:50896140] [MonitoringSampleStore] history=860 capacity=1203
2026-10-03 21:52:15.415147+0900 ResourceRunner[6388:50896140] [MonitoringSampleStore] history=861 capacity=1203
2026-10-03 21:52:15.415339+0900 ResourceRunner[6388:50896140] [MonitoringSampleStore] history=862 capacity=1203
2026-10-03 21:52:15.415531+0900 ResourceRunner[6388:50896140] [MonitoringSampleStore] history=863 capacity=1203
2026-10-03 21:52:15.415724+0900 ResourceRunner[6388:50896140] [MonitoringSampleStore] history=864 capacity=1203
2026-10-03 21:52:15.415919+0900 ResourceRunner[6388:50896140] [MonitoringSampleStore] history=865 capacity=1203
2026-10-03 21:52:15.416111+0900 ResourceRunner[6388:50896140] [MonitoringSampleStore] history=866 capacity=1203
2026-10-03 21:52:15.416304+0900 ResourceRunner[6388:50896140] [MonitoringSampleStore] history=867 capacity=1203
2026-10-03 21:52:15.416498+0900 ResourceRunner[6388:50896140] [MonitoringSampleStore] history=868 capacity=1203
2026-10-03 21:52:15.416700+0900 ResourceRunner[6388:50896140] [MonitoringSampleStore] history=869 capacity=1203
2026-10-03 21:52:15.416904+0900 ResourceRunner[6388:50896140] [MonitoringSampleStore] history=870 capacity=1203
2026-10-03 21:52:15.417116+0900 ResourceRunner[6388:50896140] [MonitoringSampleStore] history=871 capacity=1203
2026-10-03 21:52:15.417323+0900 ResourceRunner[6388:50896140] [MonitoringSampleStore] history=872 capacity=1203
2026-10-03 21:52:15.417517+0900 ResourceRunner[6388:50896140] [MonitoringSampleStore] history=873 capacity=1203
2026-10-03 21:52:15.417712+0900 ResourceRunner[6388:50896140] [MonitoringSampleStore] history=874 capacity=1203
2026-10-03 21:52:15.417907+0900 ResourceRunner[6388:50896140] [MonitoringSampleStore] history=875 capacity=1203
2026-10-03 21:52:15.418104+0900 ResourceRunner[6388:50896140] [MonitoringSampleStore] history=876 capacity=1203
2026-10-03 21:52:15.418309+0900 ResourceRunner[6388:50896140] [MonitoringSampleStore] history=877 capacity=1203
2026-10-03 21:52:15.418503+0900 ResourceRunner[6388:50896140] [MonitoringSampleStore] history=878 capacity=1203
2026-10-03 21:52:15.418698+0900 ResourceRunner[6388:50896140] [MonitoringSampleStore] history=879 capacity=1203
2026-10-03 21:52:15.418894+0900 ResourceRunner[6388:50896140] [MonitoringSampleStore] history=880 capacity=1203
2026-10-03 21:52:15.419098+0900 ResourceRunner[6388:50896140] [MonitoringSampleStore] history=881 capacity=1203
2026-10-03 21:52:15.419295+0900 ResourceRunner[6388:50896140] [MonitoringSampleStore] history=882 capacity=1203
2026-10-03 21:52:15.419491+0900 ResourceRunner[6388:50896140] [MonitoringSampleStore] history=883 capacity=1203
2026-10-03 21:52:15.419688+0900 ResourceRunner[6388:50896140] [MonitoringSampleStore] history=884 capacity=1203
2026-10-03 21:52:15.419887+0900 ResourceRunner[6388:50896140] [MonitoringSampleStore] history=885 capacity=1203
2026-10-03 21:52:15.420084+0900 ResourceRunner[6388:50896140] [MonitoringSampleStore] history=886 capacity=1203
2026-10-03 21:52:15.420291+0900 ResourceRunner[6388:50896140] [MonitoringSampleStore] history=887 capacity=1203
2026-10-03 21:52:15.420489+0900 ResourceRunner[6388:50896140] [MonitoringSampleStore] history=888 capacity=1203
2026-10-03 21:52:15.420697+0900 ResourceRunner[6388:50896140] [MonitoringSampleStore] history=889 capacity=1203
2026-10-03 21:52:15.420893+0900 ResourceRunner[6388:50896140] [MonitoringSampleStore] history=890 capacity=1203
2026-10-03 21:52:15.421091+0900 ResourceRunner[6388:50896140] [MonitoringSampleStore] history=891 capacity=1203
2026-10-03 21:52:15.421289+0900 ResourceRunner[6388:50896140] [MonitoringSampleStore] history=892 capacity=1203
2026-10-03 21:52:15.421488+0900 ResourceRunner[6388:50896140] [MonitoringSampleStore] history=893 capacity=1203
2026-10-03 21:52:15.421686+0900 ResourceRunner[6388:50896140] [MonitoringSampleStore] history=894 capacity=1203
2026-10-03 21:52:15.421894+0900 ResourceRunner[6388:50896140] [MonitoringSampleStore] history=895 capacity=1203
2026-10-03 21:52:15.422093+0900 ResourceRunner[6388:50896140] [MonitoringSampleStore] history=896 capacity=1203
2026-10-03 21:52:15.422292+0900 ResourceRunner[6388:50896140] [MonitoringSampleStore] history=897 capacity=1203
2026-10-03 21:52:15.422493+0900 ResourceRunner[6388:50896140] [MonitoringSampleStore] history=898 capacity=1203
2026-10-03 21:52:15.422693+0900 ResourceRunner[6388:50896140] [MonitoringSampleStore] history=899 capacity=1203
2026-10-03 21:52:15.422892+0900 ResourceRunner[6388:50896140] [MonitoringSampleStore] history=900 capacity=1203
2026-10-03 21:52:15.423093+0900 ResourceRunner[6388:50896140] [MonitoringSampleStore] history=901 capacity=1203
2026-10-03 21:52:15.423295+0900 ResourceRunner[6388:50896140] [MonitoringSampleStore] history=902 capacity=1203
2026-10-03 21:52:15.423496+0900 ResourceRunner[6388:50896140] [MonitoringSampleStore] history=903 capacity=1203
2026-10-03 21:52:15.423699+0900 ResourceRunner[6388:50896140] [MonitoringSampleStore] history=904 capacity=1203
2026-10-03 21:52:15.423910+0900 ResourceRunner[6388:50896140] [MonitoringSampleStore] history=905 capacity=1203
2026-10-03 21:52:15.424123+0900 ResourceRunner[6388:50896140] [MonitoringSampleStore] history=906 capacity=1203
2026-10-03 21:52:15.424329+0900 ResourceRunner[6388:50896140] [MonitoringSampleStore] history=907 capacity=1203
2026-10-03 21:52:15.424540+0900 ResourceRunner[6388:50896140] [MonitoringSampleStore] history=908 capacity=1203
2026-10-03 21:52:15.424751+0900 ResourceRunner[6388:50896140] [MonitoringSampleStore] history=909 capacity=1203
2026-10-03 21:52:15.424957+0900 ResourceRunner[6388:50896140] [MonitoringSampleStore] history=910 capacity=1203
2026-10-03 21:52:15.425167+0900 ResourceRunner[6388:50896140] [MonitoringSampleStore] history=911 capacity=1203
2026-10-03 21:52:15.425387+0900 ResourceRunner[6388:50896140] [MonitoringSampleStore] history=912 capacity=1203
2026-10-03 21:52:15.425591+0900 ResourceRunner[6388:50896140] [MonitoringSampleStore] history=913 capacity=1203
2026-10-03 21:52:15.425794+0900 ResourceRunner[6388:50896140] [MonitoringSampleStore] history=914 capacity=1203
2026-10-03 21:52:15.426006+0900 ResourceRunner[6388:50896140] [MonitoringSampleStore] history=915 capacity=1203
2026-10-03 21:52:15.426224+0900 ResourceRunner[6388:50896140] [MonitoringSampleStore] history=916 capacity=1203
2026-10-03 21:52:15.426433+0900 ResourceRunner[6388:50896140] [MonitoringSampleStore] history=917 capacity=1203
2026-10-03 21:52:15.426647+0900 ResourceRunner[6388:50896140] [MonitoringSampleStore] history=918 capacity=1203
2026-10-03 21:52:15.426879+0900 ResourceRunner[6388:50896140] [MonitoringSampleStore] history=919 capacity=1203
2026-10-03 21:52:15.427102+0900 ResourceRunner[6388:50896140] [MonitoringSampleStore] history=920 capacity=1203
2026-10-03 21:52:15.427320+0900 ResourceRunner[6388:50896140] [MonitoringSampleStore] history=921 capacity=1203
2026-10-03 21:52:15.427542+0900 ResourceRunner[6388:50896140] [MonitoringSampleStore] history=922 capacity=1203
2026-10-03 21:52:15.427756+0900 ResourceRunner[6388:50896140] [MonitoringSampleStore] history=923 capacity=1203
2026-10-03 21:52:15.427975+0900 ResourceRunner[6388:50896140] [MonitoringSampleStore] history=924 capacity=1203
2026-10-03 21:52:15.428202+0900 ResourceRunner[6388:50896140] [MonitoringSampleStore] history=925 capacity=1203
2026-10-03 21:52:15.428428+0900 ResourceRunner[6388:50896140] [MonitoringSampleStore] history=926 capacity=1203
2026-10-03 21:52:15.428652+0900 ResourceRunner[6388:50896140] [MonitoringSampleStore] history=927 capacity=1203
2026-10-03 21:52:15.428867+0900 ResourceRunner[6388:50896140] [MonitoringSampleStore] history=928 capacity=1203
2026-10-03 21:52:15.429082+0900 ResourceRunner[6388:50896140] [MonitoringSampleStore] history=929 capacity=1203
2026-10-03 21:52:15.429306+0900 ResourceRunner[6388:50896140] [MonitoringSampleStore] history=930 capacity=1203
2026-10-03 21:52:15.429522+0900 ResourceRunner[6388:50896140] [MonitoringSampleStore] history=931 capacity=1203
2026-10-03 21:52:15.429739+0900 ResourceRunner[6388:50896140] [MonitoringSampleStore] history=932 capacity=1203
2026-10-03 21:52:15.429972+0900 ResourceRunner[6388:50896140] [MonitoringSampleStore] history=933 capacity=1203
2026-10-03 21:52:15.430195+0900 ResourceRunner[6388:50896140] [MonitoringSampleStore] history=934 capacity=1203
2026-10-03 21:52:15.430424+0900 ResourceRunner[6388:50896140] [MonitoringSampleStore] history=935 capacity=1203
2026-10-03 21:52:15.430648+0900 ResourceRunner[6388:50896140] [MonitoringSampleStore] history=936 capacity=1203
2026-10-03 21:52:15.430883+0900 ResourceRunner[6388:50896140] [MonitoringSampleStore] history=937 capacity=1203
2026-10-03 21:52:15.431103+0900 ResourceRunner[6388:50896140] [MonitoringSampleStore] history=938 capacity=1203
2026-10-03 21:52:15.431326+0900 ResourceRunner[6388:50896140] [MonitoringSampleStore] history=939 capacity=1203
2026-10-03 21:52:15.431555+0900 ResourceRunner[6388:50896140] [MonitoringSampleStore] history=940 capacity=1203
2026-10-03 21:52:15.431781+0900 ResourceRunner[6388:50896140] [MonitoringSampleStore] history=941 capacity=1203
2026-10-03 21:52:15.431988+0900 ResourceRunner[6388:50896140] [MonitoringSampleStore] history=942 capacity=1203
2026-10-03 21:52:15.432206+0900 ResourceRunner[6388:50896140] [MonitoringSampleStore] history=943 capacity=1203
2026-10-03 21:52:15.432428+0900 ResourceRunner[6388:50896140] [MonitoringSampleStore] history=944 capacity=1203
2026-10-03 21:52:15.432653+0900 ResourceRunner[6388:50896140] [MonitoringSampleStore] history=945 capacity=1203
2026-10-03 21:52:15.432862+0900 ResourceRunner[6388:50896140] [MonitoringSampleStore] history=946 capacity=1203
2026-10-03 21:52:15.433092+0900 ResourceRunner[6388:50896140] [MonitoringSampleStore] history=947 capacity=1203
2026-10-03 21:52:15.433308+0900 ResourceRunner[6388:50896140] [MonitoringSampleStore] history=948 capacity=1203
2026-10-03 21:52:15.433524+0900 ResourceRunner[6388:50896140] [MonitoringSampleStore] history=949 capacity=1203
2026-10-03 21:52:15.433754+0900 ResourceRunner[6388:50896140] [MonitoringSampleStore] history=950 capacity=1203
2026-10-03 21:52:15.433971+0900 ResourceRunner[6388:50896140] [MonitoringSampleStore] history=951 capacity=1203
2026-10-03 21:52:15.434187+0900 ResourceRunner[6388:50896140] [MonitoringSampleStore] history=952 capacity=1203
2026-10-03 21:52:15.434408+0900 ResourceRunner[6388:50896140] [MonitoringSampleStore] history=953 capacity=1203
2026-10-03 21:52:15.434630+0900 ResourceRunner[6388:50896140] [MonitoringSampleStore] history=954 capacity=1203
2026-10-03 21:52:15.434859+0900 ResourceRunner[6388:50896140] [MonitoringSampleStore] history=955 capacity=1203
2026-10-03 21:52:15.435084+0900 ResourceRunner[6388:50896140] [MonitoringSampleStore] history=956 capacity=1203
2026-10-03 21:52:15.435305+0900 ResourceRunner[6388:50896140] [MonitoringSampleStore] history=957 capacity=1203
2026-10-03 21:52:15.435526+0900 ResourceRunner[6388:50896140] [MonitoringSampleStore] history=958 capacity=1203
2026-10-03 21:52:15.435736+0900 ResourceRunner[6388:50896140] [MonitoringSampleStore] history=959 capacity=1203
2026-10-03 21:52:15.435955+0900 ResourceRunner[6388:50896140] [MonitoringSampleStore] history=960 capacity=1203
2026-10-03 21:52:15.436181+0900 ResourceRunner[6388:50896140] [MonitoringSampleStore] history=961 capacity=1203
2026-10-03 21:52:15.436401+0900 ResourceRunner[6388:50896140] [MonitoringSampleStore] history=962 capacity=1203
2026-10-03 21:52:15.436625+0900 ResourceRunner[6388:50896140] [MonitoringSampleStore] history=963 capacity=1203
2026-10-03 21:52:15.436850+0900 ResourceRunner[6388:50896140] [MonitoringSampleStore] history=964 capacity=1203
2026-10-03 21:52:15.437061+0900 ResourceRunner[6388:50896140] [MonitoringSampleStore] history=965 capacity=1203
2026-10-03 21:52:15.437282+0900 ResourceRunner[6388:50896140] [MonitoringSampleStore] history=966 capacity=1203
2026-10-03 21:52:15.437503+0900 ResourceRunner[6388:50896140] [MonitoringSampleStore] history=967 capacity=1203
2026-10-03 21:52:15.437715+0900 ResourceRunner[6388:50896140] [MonitoringSampleStore] history=968 capacity=1203
2026-10-03 21:52:15.437928+0900 ResourceRunner[6388:50896140] [MonitoringSampleStore] history=969 capacity=1203
2026-10-03 21:52:15.438149+0900 ResourceRunner[6388:50896140] [MonitoringSampleStore] history=970 capacity=1203
2026-10-03 21:52:15.438363+0900 ResourceRunner[6388:50896140] [MonitoringSampleStore] history=971 capacity=1203
2026-10-03 21:52:15.438585+0900 ResourceRunner[6388:50896140] [MonitoringSampleStore] history=972 capacity=1203
2026-10-03 21:52:15.438799+0900 ResourceRunner[6388:50896140] [MonitoringSampleStore] history=973 capacity=1203
2026-10-03 21:52:15.439020+0900 ResourceRunner[6388:50896140] [MonitoringSampleStore] history=974 capacity=1203
2026-10-03 21:52:15.439239+0900 ResourceRunner[6388:50896140] [MonitoringSampleStore] history=975 capacity=1203
2026-10-03 21:52:15.439453+0900 ResourceRunner[6388:50896140] [MonitoringSampleStore] history=976 capacity=1203
2026-10-03 21:52:15.439687+0900 ResourceRunner[6388:50896140] [MonitoringSampleStore] history=977 capacity=1203
2026-10-03 21:52:15.439909+0900 ResourceRunner[6388:50896140] [MonitoringSampleStore] history=978 capacity=1203
2026-10-03 21:52:15.440136+0900 ResourceRunner[6388:50896140] [MonitoringSampleStore] history=979 capacity=1203
2026-10-03 21:52:15.440360+0900 ResourceRunner[6388:50896140] [MonitoringSampleStore] history=980 capacity=1203
2026-10-03 21:52:15.440574+0900 ResourceRunner[6388:50896140] [MonitoringSampleStore] history=981 capacity=1203
2026-10-03 21:52:15.440807+0900 ResourceRunner[6388:50896140] [MonitoringSampleStore] history=982 capacity=1203
2026-10-03 21:52:15.441032+0900 ResourceRunner[6388:50896140] [MonitoringSampleStore] history=983 capacity=1203
2026-10-03 21:52:15.441265+0900 ResourceRunner[6388:50896140] [MonitoringSampleStore] history=984 capacity=1203
2026-10-03 21:52:15.441489+0900 ResourceRunner[6388:50896140] [MonitoringSampleStore] history=985 capacity=1203
2026-10-03 21:52:15.441711+0900 ResourceRunner[6388:50896140] [MonitoringSampleStore] history=986 capacity=1203
2026-10-03 21:52:15.441927+0900 ResourceRunner[6388:50896140] [MonitoringSampleStore] history=987 capacity=1203
2026-10-03 21:52:15.442153+0900 ResourceRunner[6388:50896140] [MonitoringSampleStore] history=988 capacity=1203
2026-10-03 21:52:15.442380+0900 ResourceRunner[6388:50896140] [MonitoringSampleStore] history=989 capacity=1203
2026-10-03 21:52:15.442598+0900 ResourceRunner[6388:50896140] [MonitoringSampleStore] history=990 capacity=1203
2026-10-03 21:52:15.442824+0900 ResourceRunner[6388:50896140] [MonitoringSampleStore] history=991 capacity=1203
2026-10-03 21:52:15.443042+0900 ResourceRunner[6388:50896140] [MonitoringSampleStore] history=992 capacity=1203
2026-10-03 21:52:15.443268+0900 ResourceRunner[6388:50896140] [MonitoringSampleStore] history=993 capacity=1203
2026-10-03 21:52:15.443487+0900 ResourceRunner[6388:50896140] [MonitoringSampleStore] history=994 capacity=1203
2026-10-03 21:52:15.443717+0900 ResourceRunner[6388:50896140] [MonitoringSampleStore] history=995 capacity=1203
2026-10-03 21:52:15.443945+0900 ResourceRunner[6388:50896140] [MonitoringSampleStore] history=996 capacity=1203
2026-10-03 21:52:15.444176+0900 ResourceRunner[6388:50896140] [MonitoringSampleStore] history=997 capacity=1203
2026-10-03 21:52:15.444404+0900 ResourceRunner[6388:50896140] [MonitoringSampleStore] history=998 capacity=1203
2026-10-03 21:52:15.444625+0900 ResourceRunner[6388:50896140] [MonitoringSampleStore] history=999 capacity=1203
2026-10-03 21:52:15.444852+0900 ResourceRunner[6388:50896140] [MonitoringSampleStore] history=1000 capacity=1203
2026-10-03 21:52:15.445073+0900 ResourceRunner[6388:50896140] [MonitoringSampleStore] history=1001 capacity=1203
2026-10-03 21:52:15.445293+0900 ResourceRunner[6388:50896140] [MonitoringSampleStore] history=1002 capacity=1203
2026-10-03 21:52:15.445513+0900 ResourceRunner[6388:50896140] [MonitoringSampleStore] history=1003 capacity=1203
2026-10-03 21:52:15.445733+0900 ResourceRunner[6388:50896140] [MonitoringSampleStore] history=1004 capacity=1203
2026-10-03 21:52:15.445953+0900 ResourceRunner[6388:50896140] [MonitoringSampleStore] history=1005 capacity=1203
2026-10-03 21:52:15.446174+0900 ResourceRunner[6388:50896140] [MonitoringSampleStore] history=1006 capacity=1203
2026-10-03 21:52:15.446403+0900 ResourceRunner[6388:50896140] [MonitoringSampleStore] history=1007 capacity=1203
2026-10-03 21:52:15.446624+0900 ResourceRunner[6388:50896140] [MonitoringSampleStore] history=1008 capacity=1203
2026-10-03 21:52:15.446844+0900 ResourceRunner[6388:50896140] [MonitoringSampleStore] history=1009 capacity=1203
2026-10-03 21:52:15.447065+0900 ResourceRunner[6388:50896140] [MonitoringSampleStore] history=1010 capacity=1203
2026-10-03 21:52:15.447287+0900 ResourceRunner[6388:50896140] [MonitoringSampleStore] history=1011 capacity=1203
2026-10-03 21:52:15.447516+0900 ResourceRunner[6388:50896140] [MonitoringSampleStore] history=1012 capacity=1203
2026-10-03 21:52:15.447738+0900 ResourceRunner[6388:50896140] [MonitoringSampleStore] history=1013 capacity=1203
2026-10-03 21:52:15.447962+0900 ResourceRunner[6388:50896140] [MonitoringSampleStore] history=1014 capacity=1203
2026-10-03 21:52:15.448184+0900 ResourceRunner[6388:50896140] [MonitoringSampleStore] history=1015 capacity=1203
2026-10-03 21:52:15.448409+0900 ResourceRunner[6388:50896140] [MonitoringSampleStore] history=1016 capacity=1203
2026-10-03 21:52:15.448640+0900 ResourceRunner[6388:50896140] [MonitoringSampleStore] history=1017 capacity=1203
2026-10-03 21:52:15.448862+0900 ResourceRunner[6388:50896140] [MonitoringSampleStore] history=1018 capacity=1203
2026-10-03 21:52:15.449086+0900 ResourceRunner[6388:50896140] [MonitoringSampleStore] history=1019 capacity=1203
2026-10-03 21:52:15.449318+0900 ResourceRunner[6388:50896140] [MonitoringSampleStore] history=1020 capacity=1203
2026-10-03 21:52:15.449541+0900 ResourceRunner[6388:50896140] [MonitoringSampleStore] history=1021 capacity=1203
2026-10-03 21:52:15.449765+0900 ResourceRunner[6388:50896140] [MonitoringSampleStore] history=1022 capacity=1203
2026-10-03 21:52:15.449988+0900 ResourceRunner[6388:50896140] [MonitoringSampleStore] history=1023 capacity=1203
2026-10-03 21:52:15.450213+0900 ResourceRunner[6388:50896140] [MonitoringSampleStore] history=1024 capacity=1203
2026-10-03 21:52:15.450447+0900 ResourceRunner[6388:50896140] [MonitoringSampleStore] history=1025 capacity=1203
2026-10-03 21:52:15.450680+0900 ResourceRunner[6388:50896140] [MonitoringSampleStore] history=1026 capacity=1203
2026-10-03 21:52:15.450904+0900 ResourceRunner[6388:50896140] [MonitoringSampleStore] history=1027 capacity=1203
2026-10-03 21:52:15.451130+0900 ResourceRunner[6388:50896140] [MonitoringSampleStore] history=1028 capacity=1203
2026-10-03 21:52:15.451355+0900 ResourceRunner[6388:50896140] [MonitoringSampleStore] history=1029 capacity=1203
2026-10-03 21:52:15.451591+0900 ResourceRunner[6388:50896140] [MonitoringSampleStore] history=1030 capacity=1203
2026-10-03 21:52:15.451824+0900 ResourceRunner[6388:50896140] [MonitoringSampleStore] history=1031 capacity=1203
2026-10-03 21:52:15.452066+0900 ResourceRunner[6388:50896140] [MonitoringSampleStore] history=1032 capacity=1203
2026-10-03 21:52:15.452292+0900 ResourceRunner[6388:50896140] [MonitoringSampleStore] history=1033 capacity=1203
2026-10-03 21:52:15.452526+0900 ResourceRunner[6388:50896140] [MonitoringSampleStore] history=1034 capacity=1203
2026-10-03 21:52:15.452753+0900 ResourceRunner[6388:50896140] [MonitoringSampleStore] history=1035 capacity=1203
2026-10-03 21:52:15.452979+0900 ResourceRunner[6388:50896140] [MonitoringSampleStore] history=1036 capacity=1203
2026-10-03 21:52:15.453207+0900 ResourceRunner[6388:50896140] [MonitoringSampleStore] history=1037 capacity=1203
2026-10-03 21:52:15.453433+0900 ResourceRunner[6388:50896140] [MonitoringSampleStore] history=1038 capacity=1203
2026-10-03 21:52:15.453662+0900 ResourceRunner[6388:50896140] [MonitoringSampleStore] history=1039 capacity=1203
2026-10-03 21:52:15.453890+0900 ResourceRunner[6388:50896140] [MonitoringSampleStore] history=1040 capacity=1203
2026-10-03 21:52:15.454118+0900 ResourceRunner[6388:50896140] [MonitoringSampleStore] history=1041 capacity=1203
2026-10-03 21:52:15.454346+0900 ResourceRunner[6388:50896140] [MonitoringSampleStore] history=1042 capacity=1203
2026-10-03 21:52:15.454582+0900 ResourceRunner[6388:50896140] [MonitoringSampleStore] history=1043 capacity=1203
2026-10-03 21:52:15.454811+0900 ResourceRunner[6388:50896140] [MonitoringSampleStore] history=1044 capacity=1203
2026-10-03 21:52:15.455041+0900 ResourceRunner[6388:50896140] [MonitoringSampleStore] history=1045 capacity=1203
2026-10-03 21:52:15.455282+0900 ResourceRunner[6388:50896140] [MonitoringSampleStore] history=1046 capacity=1203
2026-10-03 21:52:15.455511+0900 ResourceRunner[6388:50896140] [MonitoringSampleStore] history=1047 capacity=1203
2026-10-03 21:52:15.455748+0900 ResourceRunner[6388:50896140] [MonitoringSampleStore] history=1048 capacity=1203
2026-10-03 21:52:15.455977+0900 ResourceRunner[6388:50896140] [MonitoringSampleStore] history=1049 capacity=1203
2026-10-03 21:52:15.456206+0900 ResourceRunner[6388:50896140] [MonitoringSampleStore] history=1050 capacity=1203
2026-10-03 21:52:15.456436+0900 ResourceRunner[6388:50896140] [MonitoringSampleStore] history=1051 capacity=1203
2026-10-03 21:52:15.456666+0900 ResourceRunner[6388:50896140] [MonitoringSampleStore] history=1052 capacity=1203
2026-10-03 21:52:15.456904+0900 ResourceRunner[6388:50896140] [MonitoringSampleStore] history=1053 capacity=1203
2026-10-03 21:52:15.457142+0900 ResourceRunner[6388:50896140] [MonitoringSampleStore] history=1054 capacity=1203
2026-10-03 21:52:15.457372+0900 ResourceRunner[6388:50896140] [MonitoringSampleStore] history=1055 capacity=1203
2026-10-03 21:52:15.457603+0900 ResourceRunner[6388:50896140] [MonitoringSampleStore] history=1056 capacity=1203
2026-10-03 21:52:15.457844+0900 ResourceRunner[6388:50896140] [MonitoringSampleStore] history=1057 capacity=1203
2026-10-03 21:52:15.458075+0900 ResourceRunner[6388:50896140] [MonitoringSampleStore] history=1058 capacity=1203
2026-10-03 21:52:15.458306+0900 ResourceRunner[6388:50896140] [MonitoringSampleStore] history=1059 capacity=1203
2026-10-03 21:52:15.458546+0900 ResourceRunner[6388:50896140] [MonitoringSampleStore] history=1060 capacity=1203
2026-10-03 21:52:15.458779+0900 ResourceRunner[6388:50896140] [MonitoringSampleStore] history=1061 capacity=1203
2026-10-03 21:52:15.459020+0900 ResourceRunner[6388:50896140] [MonitoringSampleStore] history=1062 capacity=1203
2026-10-03 21:52:15.459252+0900 ResourceRunner[6388:50896140] [MonitoringSampleStore] history=1063 capacity=1203
2026-10-03 21:52:15.459493+0900 ResourceRunner[6388:50896140] [MonitoringSampleStore] history=1064 capacity=1203
2026-10-03 21:52:15.459733+0900 ResourceRunner[6388:50896140] [MonitoringSampleStore] history=1065 capacity=1203
2026-10-03 21:52:15.459966+0900 ResourceRunner[6388:50896140] [MonitoringSampleStore] history=1066 capacity=1203
2026-10-03 21:52:15.460208+0900 ResourceRunner[6388:50896140] [MonitoringSampleStore] history=1067 capacity=1203
2026-10-03 21:52:15.460440+0900 ResourceRunner[6388:50896140] [MonitoringSampleStore] history=1068 capacity=1203
2026-10-03 21:52:15.460682+0900 ResourceRunner[6388:50896140] [MonitoringSampleStore] history=1069 capacity=1203
2026-10-03 21:52:15.460917+0900 ResourceRunner[6388:50896140] [MonitoringSampleStore] history=1070 capacity=1203
2026-10-03 21:52:15.461159+0900 ResourceRunner[6388:50896140] [MonitoringSampleStore] history=1071 capacity=1203
2026-10-03 21:52:15.461394+0900 ResourceRunner[6388:50896140] [MonitoringSampleStore] history=1072 capacity=1203
2026-10-03 21:52:15.461628+0900 ResourceRunner[6388:50896140] [MonitoringSampleStore] history=1073 capacity=1203
2026-10-03 21:52:15.461862+0900 ResourceRunner[6388:50896140] [MonitoringSampleStore] history=1074 capacity=1203
2026-10-03 21:52:15.462105+0900 ResourceRunner[6388:50896140] [MonitoringSampleStore] history=1075 capacity=1203
2026-10-03 21:52:15.462341+0900 ResourceRunner[6388:50896140] [MonitoringSampleStore] history=1076 capacity=1203
2026-10-03 21:52:15.462583+0900 ResourceRunner[6388:50896140] [MonitoringSampleStore] history=1077 capacity=1203
2026-10-03 21:52:15.462818+0900 ResourceRunner[6388:50896140] [MonitoringSampleStore] history=1078 capacity=1203
2026-10-03 21:52:15.463064+0900 ResourceRunner[6388:50896140] [MonitoringSampleStore] history=1079 capacity=1203
2026-10-03 21:52:15.463300+0900 ResourceRunner[6388:50896140] [MonitoringSampleStore] history=1080 capacity=1203
2026-10-03 21:52:15.463547+0900 ResourceRunner[6388:50896140] [MonitoringSampleStore] history=1081 capacity=1203
2026-10-03 21:52:15.463782+0900 ResourceRunner[6388:50896140] [MonitoringSampleStore] history=1082 capacity=1203
2026-10-03 21:52:15.464027+0900 ResourceRunner[6388:50896140] [MonitoringSampleStore] history=1083 capacity=1203
2026-10-03 21:52:15.464264+0900 ResourceRunner[6388:50896140] [MonitoringSampleStore] history=1084 capacity=1203
2026-10-03 21:52:15.464502+0900 ResourceRunner[6388:50896140] [MonitoringSampleStore] history=1085 capacity=1203
2026-10-03 21:52:15.464741+0900 ResourceRunner[6388:50896140] [MonitoringSampleStore] history=1086 capacity=1203
2026-10-03 21:52:15.464979+0900 ResourceRunner[6388:50896140] [MonitoringSampleStore] history=1087 capacity=1203
2026-10-03 21:52:15.465215+0900 ResourceRunner[6388:50896140] [MonitoringSampleStore] history=1088 capacity=1203
2026-10-03 21:52:15.465463+0900 ResourceRunner[6388:50896140] [MonitoringSampleStore] history=1089 capacity=1203
2026-10-03 21:52:15.465701+0900 ResourceRunner[6388:50896140] [MonitoringSampleStore] history=1090 capacity=1203
2026-10-03 21:52:15.465939+0900 ResourceRunner[6388:50896140] [MonitoringSampleStore] history=1091 capacity=1203
2026-10-03 21:52:15.466186+0900 ResourceRunner[6388:50896140] [MonitoringSampleStore] history=1092 capacity=1203
2026-10-03 21:52:15.466432+0900 ResourceRunner[6388:50896140] [MonitoringSampleStore] history=1093 capacity=1203
2026-10-03 21:52:15.466672+0900 ResourceRunner[6388:50896140] [MonitoringSampleStore] history=1094 capacity=1203
2026-10-03 21:52:15.466910+0900 ResourceRunner[6388:50896140] [MonitoringSampleStore] history=1095 capacity=1203
2026-10-03 21:52:15.467149+0900 ResourceRunner[6388:50896140] [MonitoringSampleStore] history=1096 capacity=1203
2026-10-03 21:52:15.467388+0900 ResourceRunner[6388:50896140] [MonitoringSampleStore] history=1097 capacity=1203
2026-10-03 21:52:15.467627+0900 ResourceRunner[6388:50896140] [MonitoringSampleStore] history=1098 capacity=1203
2026-10-03 21:52:15.467866+0900 ResourceRunner[6388:50896140] [MonitoringSampleStore] history=1099 capacity=1203
2026-10-03 21:52:15.468114+0900 ResourceRunner[6388:50896140] [MonitoringSampleStore] history=1100 capacity=1203
2026-10-03 21:52:15.468362+0900 ResourceRunner[6388:50896140] [MonitoringSampleStore] history=1101 capacity=1203
2026-10-03 21:52:15.468601+0900 ResourceRunner[6388:50896140] [MonitoringSampleStore] history=1102 capacity=1203
2026-10-03 21:52:15.468849+0900 ResourceRunner[6388:50896140] [MonitoringSampleStore] history=1103 capacity=1203
2026-10-03 21:52:15.469089+0900 ResourceRunner[6388:50896140] [MonitoringSampleStore] history=1104 capacity=1203
2026-10-03 21:52:15.469330+0900 ResourceRunner[6388:50896140] [MonitoringSampleStore] history=1105 capacity=1203
2026-10-03 21:52:15.469579+0900 ResourceRunner[6388:50896140] [MonitoringSampleStore] history=1106 capacity=1203
2026-10-03 21:52:15.469820+0900 ResourceRunner[6388:50896140] [MonitoringSampleStore] history=1107 capacity=1203
2026-10-03 21:52:15.470061+0900 ResourceRunner[6388:50896140] [MonitoringSampleStore] history=1108 capacity=1203
2026-10-03 21:52:15.470302+0900 ResourceRunner[6388:50896140] [MonitoringSampleStore] history=1109 capacity=1203
2026-10-03 21:52:15.470552+0900 ResourceRunner[6388:50896140] [MonitoringSampleStore] history=1110 capacity=1203
2026-10-03 21:52:15.470794+0900 ResourceRunner[6388:50896140] [MonitoringSampleStore] history=1111 capacity=1203
2026-10-03 21:52:15.471045+0900 ResourceRunner[6388:50896140] [MonitoringSampleStore] history=1112 capacity=1203
2026-10-03 21:52:15.471287+0900 ResourceRunner[6388:50896140] [MonitoringSampleStore] history=1113 capacity=1203
2026-10-03 21:52:15.471539+0900 ResourceRunner[6388:50896140] [MonitoringSampleStore] history=1114 capacity=1203
2026-10-03 21:52:15.471789+0900 ResourceRunner[6388:50896140] [MonitoringSampleStore] history=1115 capacity=1203
2026-10-03 21:52:15.472032+0900 ResourceRunner[6388:50896140] [MonitoringSampleStore] history=1116 capacity=1203
2026-10-03 21:52:15.472276+0900 ResourceRunner[6388:50896140] [MonitoringSampleStore] history=1117 capacity=1203
2026-10-03 21:52:15.472519+0900 ResourceRunner[6388:50896140] [MonitoringSampleStore] history=1118 capacity=1203
2026-10-03 21:52:15.472770+0900 ResourceRunner[6388:50896140] [MonitoringSampleStore] history=1119 capacity=1203
2026-10-03 21:52:15.473014+0900 ResourceRunner[6388:50896140] [MonitoringSampleStore] history=1120 capacity=1203
2026-10-03 21:52:15.473258+0900 ResourceRunner[6388:50896140] [MonitoringSampleStore] history=1121 capacity=1203
2026-10-03 21:52:15.473503+0900 ResourceRunner[6388:50896140] [MonitoringSampleStore] history=1122 capacity=1203
2026-10-03 21:52:15.473756+0900 ResourceRunner[6388:50896140] [MonitoringSampleStore] history=1123 capacity=1203
2026-10-03 21:52:15.474000+0900 ResourceRunner[6388:50896140] [MonitoringSampleStore] history=1124 capacity=1203
2026-10-03 21:52:15.474244+0900 ResourceRunner[6388:50896140] [MonitoringSampleStore] history=1125 capacity=1203
2026-10-03 21:52:15.474499+0900 ResourceRunner[6388:50896140] [MonitoringSampleStore] history=1126 capacity=1203
2026-10-03 21:52:15.474744+0900 ResourceRunner[6388:50896140] [MonitoringSampleStore] history=1127 capacity=1203
2026-10-03 21:52:15.474997+0900 ResourceRunner[6388:50896140] [MonitoringSampleStore] history=1128 capacity=1203
2026-10-03 21:52:15.475243+0900 ResourceRunner[6388:50896140] [MonitoringSampleStore] history=1129 capacity=1203
2026-10-03 21:52:15.475488+0900 ResourceRunner[6388:50896140] [MonitoringSampleStore] history=1130 capacity=1203
2026-10-03 21:52:15.475734+0900 ResourceRunner[6388:50896140] [MonitoringSampleStore] history=1131 capacity=1203
2026-10-03 21:52:15.475988+0900 ResourceRunner[6388:50896140] [MonitoringSampleStore] history=1132 capacity=1203
2026-10-03 21:52:15.476252+0900 ResourceRunner[6388:50896140] [MonitoringSampleStore] history=1133 capacity=1203
2026-10-03 21:52:15.476507+0900 ResourceRunner[6388:50896140] [MonitoringSampleStore] history=1134 capacity=1203
2026-10-03 21:52:15.476753+0900 ResourceRunner[6388:50896140] [MonitoringSampleStore] history=1135 capacity=1203
2026-10-03 21:52:15.477000+0900 ResourceRunner[6388:50896140] [MonitoringSampleStore] history=1136 capacity=1203
2026-10-03 21:52:15.477255+0900 ResourceRunner[6388:50896140] [MonitoringSampleStore] history=1137 capacity=1203
2026-10-03 21:52:15.477502+0900 ResourceRunner[6388:50896140] [MonitoringSampleStore] history=1138 capacity=1203
2026-10-03 21:52:15.477749+0900 ResourceRunner[6388:50896140] [MonitoringSampleStore] history=1139 capacity=1203
2026-10-03 21:52:15.477997+0900 ResourceRunner[6388:50896140] [MonitoringSampleStore] history=1140 capacity=1203
2026-10-03 21:52:15.478245+0900 ResourceRunner[6388:50896140] [MonitoringSampleStore] history=1141 capacity=1203
2026-10-03 21:52:15.478502+0900 ResourceRunner[6388:50896140] [MonitoringSampleStore] history=1142 capacity=1203
2026-10-03 21:52:15.478758+0900 ResourceRunner[6388:50896140] [MonitoringSampleStore] history=1143 capacity=1203
2026-10-03 21:52:15.479007+0900 ResourceRunner[6388:50896140] [MonitoringSampleStore] history=1144 capacity=1203
2026-10-03 21:52:15.479265+0900 ResourceRunner[6388:50896140] [MonitoringSampleStore] history=1145 capacity=1203
2026-10-03 21:52:15.479522+0900 ResourceRunner[6388:50896140] [MonitoringSampleStore] history=1146 capacity=1203
2026-10-03 21:52:15.479771+0900 ResourceRunner[6388:50896140] [MonitoringSampleStore] history=1147 capacity=1203
2026-10-03 21:52:15.480020+0900 ResourceRunner[6388:50896140] [MonitoringSampleStore] history=1148 capacity=1203
2026-10-03 21:52:15.480270+0900 ResourceRunner[6388:50896140] [MonitoringSampleStore] history=1149 capacity=1203
2026-10-03 21:52:15.480520+0900 ResourceRunner[6388:50896140] [MonitoringSampleStore] history=1150 capacity=1203
2026-10-03 21:52:15.480788+0900 ResourceRunner[6388:50896202] [MonitoringSampleStore] history=1151 capacity=1203
2026-10-03 21:52:15.481037+0900 ResourceRunner[6388:50896202] [MonitoringSampleStore] history=1152 capacity=1203
2026-10-03 21:52:15.481287+0900 ResourceRunner[6388:50896202] [MonitoringSampleStore] history=1153 capacity=1203
2026-10-03 21:52:15.481548+0900 ResourceRunner[6388:50896202] [MonitoringSampleStore] history=1154 capacity=1203
2026-10-03 21:52:15.481798+0900 ResourceRunner[6388:50896202] [MonitoringSampleStore] history=1155 capacity=1203
2026-10-03 21:52:15.482049+0900 ResourceRunner[6388:50896202] [MonitoringSampleStore] history=1156 capacity=1203
2026-10-03 21:52:15.482312+0900 ResourceRunner[6388:50896202] [MonitoringSampleStore] history=1157 capacity=1203
2026-10-03 21:52:15.482572+0900 ResourceRunner[6388:50896202] [MonitoringSampleStore] history=1158 capacity=1203
2026-10-03 21:52:15.482834+0900 ResourceRunner[6388:50896202] [MonitoringSampleStore] history=1159 capacity=1203
2026-10-03 21:52:15.483095+0900 ResourceRunner[6388:50896202] [MonitoringSampleStore] history=1160 capacity=1203
2026-10-03 21:52:15.483347+0900 ResourceRunner[6388:50896202] [MonitoringSampleStore] history=1161 capacity=1203
2026-10-03 21:52:15.483602+0900 ResourceRunner[6388:50896202] [MonitoringSampleStore] history=1162 capacity=1203
2026-10-03 21:52:15.483863+0900 ResourceRunner[6388:50896202] [MonitoringSampleStore] history=1163 capacity=1203
2026-10-03 21:52:15.484125+0900 ResourceRunner[6388:50896202] [MonitoringSampleStore] history=1164 capacity=1203
2026-10-03 21:52:15.484377+0900 ResourceRunner[6388:50896202] [MonitoringSampleStore] history=1165 capacity=1203
2026-10-03 21:52:15.484630+0900 ResourceRunner[6388:50896202] [MonitoringSampleStore] history=1166 capacity=1203
2026-10-03 21:52:15.484892+0900 ResourceRunner[6388:50896202] [MonitoringSampleStore] history=1167 capacity=1203
2026-10-03 21:52:15.485145+0900 ResourceRunner[6388:50896202] [MonitoringSampleStore] history=1168 capacity=1203
2026-10-03 21:52:15.485399+0900 ResourceRunner[6388:50896202] [MonitoringSampleStore] history=1169 capacity=1203
2026-10-03 21:52:15.485663+0900 ResourceRunner[6388:50896202] [MonitoringSampleStore] history=1170 capacity=1203
2026-10-03 21:52:15.485916+0900 ResourceRunner[6388:50896202] [MonitoringSampleStore] history=1171 capacity=1203
2026-10-03 21:52:15.486170+0900 ResourceRunner[6388:50896202] [MonitoringSampleStore] history=1172 capacity=1203
2026-10-03 21:52:15.486425+0900 ResourceRunner[6388:50896202] [MonitoringSampleStore] history=1173 capacity=1203
2026-10-03 21:52:15.486680+0900 ResourceRunner[6388:50896202] [MonitoringSampleStore] history=1174 capacity=1203
2026-10-03 21:52:15.486954+0900 ResourceRunner[6388:50896202] [MonitoringSampleStore] history=1175 capacity=1203
2026-10-03 21:52:15.487228+0900 ResourceRunner[6388:50896202] [MonitoringSampleStore] history=1176 capacity=1203
2026-10-03 21:52:15.487484+0900 ResourceRunner[6388:50896202] [MonitoringSampleStore] history=1177 capacity=1203
2026-10-03 21:52:15.487740+0900 ResourceRunner[6388:50896202] [MonitoringSampleStore] history=1178 capacity=1203
2026-10-03 21:52:15.488004+0900 ResourceRunner[6388:50896202] [MonitoringSampleStore] history=1179 capacity=1203
2026-10-03 21:52:15.488260+0900 ResourceRunner[6388:50896202] [MonitoringSampleStore] history=1180 capacity=1203
2026-10-03 21:52:15.488517+0900 ResourceRunner[6388:50896202] [MonitoringSampleStore] history=1181 capacity=1203
2026-10-03 21:52:15.488784+0900 ResourceRunner[6388:50896202] [MonitoringSampleStore] history=1182 capacity=1203
2026-10-03 21:52:15.489049+0900 ResourceRunner[6388:50896202] [MonitoringSampleStore] history=1183 capacity=1203
2026-10-03 21:52:15.489305+0900 ResourceRunner[6388:50896202] [MonitoringSampleStore] history=1184 capacity=1203
2026-10-03 21:52:15.489562+0900 ResourceRunner[6388:50896202] [MonitoringSampleStore] history=1185 capacity=1203
2026-10-03 21:52:15.489836+0900 ResourceRunner[6388:50896202] [MonitoringSampleStore] history=1186 capacity=1203
2026-10-03 21:52:15.490103+0900 ResourceRunner[6388:50896202] [MonitoringSampleStore] history=1187 capacity=1203
2026-10-03 21:52:15.490371+0900 ResourceRunner[6388:50896202] [MonitoringSampleStore] history=1188 capacity=1203
2026-10-03 21:52:15.490636+0900 ResourceRunner[6388:50896202] [MonitoringSampleStore] history=1189 capacity=1203
2026-10-03 21:52:15.490902+0900 ResourceRunner[6388:50896202] [MonitoringSampleStore] history=1190 capacity=1203
2026-10-03 21:52:15.491161+0900 ResourceRunner[6388:50896202] [MonitoringSampleStore] history=1191 capacity=1203
2026-10-03 21:52:15.491420+0900 ResourceRunner[6388:50896202] [MonitoringSampleStore] history=1192 capacity=1203
2026-10-03 21:52:15.491679+0900 ResourceRunner[6388:50896202] [MonitoringSampleStore] history=1193 capacity=1203
2026-10-03 21:52:15.491947+0900 ResourceRunner[6388:50896202] [MonitoringSampleStore] history=1194 capacity=1203
2026-10-03 21:52:15.492214+0900 ResourceRunner[6388:50896202] [MonitoringSampleStore] history=1195 capacity=1203
2026-10-03 21:52:15.492474+0900 ResourceRunner[6388:50896202] [MonitoringSampleStore] history=1196 capacity=1203
2026-10-03 21:52:15.492733+0900 ResourceRunner[6388:50896202] [MonitoringSampleStore] history=1197 capacity=1203
2026-10-03 21:52:15.492992+0900 ResourceRunner[6388:50896202] [MonitoringSampleStore] history=1198 capacity=1203
2026-10-03 21:52:15.493261+0900 ResourceRunner[6388:50896202] [MonitoringSampleStore] history=1199 capacity=1203
2026-10-03 21:52:15.493530+0900 ResourceRunner[6388:50896202] [MonitoringSampleStore] history=1200 capacity=1203
2026-10-03 21:52:15.493799+0900 ResourceRunner[6388:50896202] [MonitoringSampleStore] history=1201 capacity=1203
✔ Test ringCoversTheWholeTenMinuteWindowAtTheShortestInterval() passed after 0.170 seconds.
◇ Test halfSecondOverflowKeepsFixedCapacityAndActualWindow() started.
2026-10-03 21:52:15.494239+0900 ResourceRunner[6388:50896202] [MonitoringSampleStore] first valid history point collectionEpoch=0 history=1
2026-10-03 21:52:15.494246+0900 ResourceRunner[6388:50896202] [MonitoringSampleStore] history=2 capacity=1203
2026-10-03 21:52:15.494248+0900 ResourceRunner[6388:50896200] [MonitoringSampleStore] history=1 capacity=1203
2026-10-03 21:52:15.494250+0900 ResourceRunner[6388:50896202] [MonitoringSampleStore] history=3 capacity=1203
2026-10-03 21:52:15.494260+0900 ResourceRunner[6388:50896161] [MonitoringSampleStore] history=5 capacity=1203
2026-10-03 21:52:15.494302+0900 ResourceRunner[6388:50896183] [MonitoringSampleStore] history=7 capacity=1203
2026-10-03 21:52:15.494310+0900 ResourceRunner[6388:50896200] [MonitoringSampleStore] history=4 capacity=1203
2026-10-03 21:52:15.494320+0900 ResourceRunner[6388:50896183] [MonitoringSampleStore] history=9 capacity=1203
2026-10-03 21:52:15.494321+0900 ResourceRunner[6388:50896200] [MonitoringSampleStore] history=10 capacity=1203
2022026-10-03 21:52:15.494330+0900 ResourceRunner[6388:50896202] [MonitoringSampleStore] history=6 capacity=1203
6-10-03 21:52:15.494325+0900 ResourceRunner[6388:50896183] [MonitoringSampleStore] history=11 capacity=1203
2026-10-03 21:52:15.494379+0900 ResourceRunner[6388:50896183] [MonitoringSampleStore] history=15 capacity=1203
2026-10-03 21:52:15.494379+0900 ResourceRunner[6388:50896202] [MonitoringSampleStore] history=16 capacity=1203
2026-10-03 21:52:15.494384+0900 ResourceRunner[6388:50896183] [MonitoringSampleStore] history=17 capacity=1203
2026-10-03 21:52:15.494388+0900 ResourceRunner[6388:50896183] [MonitoringSampleStore] history=18 capacity=1203
2026-10-03 21:52:15.494326+0900 ResourceRunner[6388:50896200] [MonitoringSampleStore] history=12 capacity=1203
2026-10-03 21:52:15.494392+0900 ResourceRunner[6388:50896183] [MonitoringSampleStore] history=19 capacity=1203
2026-10-03 21:52:15.494387+0900 ResourceRunner[6388:50896166] [MonitoringSampleStore] history=14 capacity=1203
2026-10-03 21:52:15.494396+0900 ResourceRunner[6388:50896200] [MonitoringSampleStore] history=20 capacity=1203
2026-10-03 21:52:15.494409+0900 ResourceRunner[6388:50896132] [MonitoringSampleStore] history=23 capacity=1203
2026-10-03 21:52:15.494426+0900 ResourceRunner[6388:50896202] [MonitoringSampleStore] history=25 capacity=1203
2026-10-03 21:52:15.495351+0900 ResourceRunner[6388:50896200] [MonitoringSampleStore] history=31 capacity=1203
2026-10-03 21:52:15.495354+0900 ResourceRunner[6388:50896202] [MonitoringSampleStore] history=32 capacity=1203
2026-10-03 21:52:15.495355+0900 ResourceRunner[6388:50896132] [MonitoringSampleStore] history=33 capacity=1203
2026-10-03 21:52:15.494431+0900 ResourceRunner[6388:50896184] [MonitoringSampleStore] history=24 capacity=1203
2026-10-03 21:52:15.495359+0900 ResourceRunner[6388:50896202] [MonitoringSampleStore] history=35 capacity=1203
2026-10-03 21:52:15.495361+0900 ResourceRunner[6388:50896132] [MonitoringSampleStore] history=36 capacity=1203
2026-10-03 21:52:15.495363+0900 ResourceRunner[6388:50896202] [MonitoringSampleStore] history=38 capacity=1203
2026-10-03 21:52:15.494486+0900 ResourceRunner[6388:50896201] [MonitoringSampleStore] history=29 capacity=1203
2026-10-03 21:52:15.494491+0900 ResourceRunner[6388:50896205] [MonitoringSampleStore] history=30 capacity=1203
2026-10-03 21:52:15.495460+0900 ResourceRunner[6388:50896202] [MonitoringSampleStore] history=40 capacity=1203
2026-10-03 21:52:15.495462+0900 ResourceRunner[6388:50896201] [MonitoringSampleStore] history=41 capacity=1203
2026-10-03 21:52:15.495463+0900 ResourceRunner[6388:50896205] [MonitoringSampleStore] history=42 capacity=1203
2026-10-03 21:52:15.495464+0900 ResourceRunner[6388:50896202] [MonitoringSampleStore] history=43 capacity=1203
2026-10-03 21:52:15.495467+0900 ResourceRunner[6388:50896201] [MonitoringSampleStore] history=44 capacity=1203
2026-10-03 21:52:15.495468+0900 ResourceRunner[6388:50896205] [MonitoringSampleStore] history=45 capacity=1203
2026-10-03 21:52:15.495468+0900 ResourceRunner[6388:50896202] [MonitoringSample2026-10-03 21:52:15.495470+0900 ResourceRunner[6388:50896201] [MonitoringSampleStore] history=47 capacity=1203
2026-10-03 21:52:15.495355+0900 ResourceRunner[6388:50896200] [MonitoringSampleStore] history=34 capacity=1203
2026-10-03 21:52:15.495473+0900 ResourceRunner[6388:50896205] [MonitoringSampleStore] history=48 capacity=1203
2026-10-03 21:52:15.494335+0900 ResourceRunner[6388:50896161] [MonitoringSampleStore] history=8 capacity=1203
2026-10-03 21:52:15.495362+0900 ResourceRunner[6388:50896184] [MonitoringSampleStore] history=37 capacity=1203
2026-10-03 21:52:15.494396+0900 ResourceRunner[6388:50896183] [MonitoringSampleStore] history=21 capacity=1203
2026-10-03 21:52:15.495553+0900 ResourceRunner[6388:50896201] [MonitoringSampleStore] history=49 capacity=1203
2026-10-03 21:52:15.494334+0900 ResourceRunner[6388:50896131] [MonitoringSampleStore] history=13 capacity=1203
2026-10-03 21:52:15.495562+0900 ResourceRunner[6388:50896201] [MonitoringSampleStore] history=52 capacity=1203
2026-10-03 21:52:15.495562+0900 ResourceRunner[6388:50896183] [MonitoringSampleStore] history=51 capacity=1203
2026-10-03 21:52:15.494445+0900 ResourceRunner[6388:50896162] [MonitoringSampleStore] history=27 capacity=1203
2026-10-03 21:52:15.494465+0900 ResourceRunner[6388:50896165] [MonitoringSampleStore] history=26 capacity=1203
2026-10-03 21:52:15.495869+0900 ResourceRunner[6388:50896165] [MonitoringSampleStore] history=60 capacity=1203
2026-10-03 21:52:15.495868+0900 ResourceRunner[6388:50896162] [MonitoringSampleStore] history=59 capacity=1203
2026-10-03 21:52:15.494474+0900 ResourceRunner[6388:50896164] [MonitoringSampleStore] history=28 capacity=1203
2026-10-03 21:52:15.495873+0900 ResourceRunner[6388:50896165] [MonitoringSampleStore] history=61 capacity=1203
2026-10-03 21:52:15.495874+0900 ResourceRunner[6388:50896162] [MonitoringSampleStore] history=62 capacity=1203
2026-10-03 21:52:15.495875+0900 ResourceRunner[6388:50896164] [MonitoringSampleStore] history=63 capacity=1203
2026-10-03 21:52:15.495877+0900 ResourceRunner[6388:50896165] [MonitoringSampleStore] history=64 capacity=1203
2026-10-03 21:52:15.495573+0900 ResourceRunner[6388:50896184] [MonitoringSampleStore] history=55 capacity=1203
2026-10-03 21:52:15.495878+0900 ResourceRunner[6388:50896162] [MonitoringSampleStore] history=65 capacity=1203
2026-10-03 21:52:15.495958+0900 ResourceRunner[6388:50896165] [MonitoringSampleStore] history=67 capacity=1203
2026-10-03 21:52:15.495960+0900 ResourceRunner[6388:50896162] [MonitoringSampleStore] history=68 capacity=1203
2026-10-03 21:52:15.495960+0900 ResourceRunner[6388:50896184] [MonitoringSampleStore] history=69 capacity=1203
2026-10-03 21:52:15.495962+0900 ResourceRunner[6388:50896165] [MonitoringSampleStore] history=70 capacity=1203
2026-10-03 21:52:15.495965+0900 ResourceRunner[6388:50896162] [MonitoringSampleStore] history=71 capacity=1203
2026-10-03 21:52:15.495965+0900 ResourceRunner[6388:50896184] [MonitoringSampleStore] history=72 capacity=1203
2026-10-03 21:52:15.495966+0900 ResourceRunner[6388:50896165] [MonitoringSampleStore] history=73 capacity=1203
2026-10-03 21:52:15.495570+0900 ResourceRunner[6388:50896205] [MonitoringSampleStore] history=53 capacity=1203
2026-10-03 21:52:15.495557+0900 ResourceRunner[6388:50896161] [MonitoringSampleStore] history=50 capacity=1203
2026-10-03 21:52:15.496035+0900 ResourceRunner[6388:50896165] [MonitoringSampleStore] history=76 capacity=1203
2026-10-03 21:52:15.496036+0900 ResourceRunner[6388:50896205] [MonitoringSampleStore] history=77 capacity=1203
2026-10-03 21:52:15.496037+0900 ResourceRunner[6388:50896161] [MonitoringSampleStore] history=78 capacity=1203
2026-10-03 21:52:15.496042+0900 ResourceRunner[6388:50896165] [MonitoringSampleStore] history=79 capacity=1203
2026-10-03 21:52:15.496042+0900 ResourceRunner[6388:50896205] [MonitoringSampleStore] history=80 capacity=1203
2026-10-03 21:52:15.496043+0900 ResourceRunner[6388:50896161] [MonitoringSampleStore] history=81 capacity=1203
2026-10-03 21:52:15.496046+0900 ResourceRunner[6388:50896165] [MonitoringSampleStore] history=82 capacity=1203
2026-10-03 21:52:15.496047+0900 ResourceRunner[6388:50896205] [MonitoringSampleStore] history=83 capacity=1203
2026-10-03 21:52:15.495970+0900 ResourceRunner[6388:50896184] [MonitoringSampleStore] history=75 capacity=1203
2026-10-03 21:52:15.496120+0900 ResourceRunner[6388:50896165] [MonitoringSampleStore] history=85 capacity=1203
2026-10-03 21:52:15.496120+0900 ResourceRunner[6388:50896205] [MonitoringSampleStore] history=86 capacity=1203
2026-10-03 21:52:15.496124+0900 ResourceRunner[6388:50896184] [MonitoringSampleStore] history=87 capacity=1203
2026-10-03 21:52:15.496124+0900 ResourceRunner[6388:50896165] [MonitoringSampleStore] history=88 capacity=1203
2026-10-03 21:52:15.496125+0900 ResourceRunner[6388:50896205] [MonitoringSampleStore] history=89 capacity=1203
2026-10-03 21:52:15.496129+0900 ResourceRunner[6388:50896184] [MonitoringSampleStore] history=90 capacity=1203
2026-10-03 21:52:15.496129+0900 ResourceRunner[6388:50896165] [MonitoringSampleStore] history=91 capacity=1203
2026-10-03 21:52:15.496129+0900 ResourceRunner[6388:50896205] [MonitoringSampleStore] history=92 capacity=1203
2026-10-03 21:52:15.495574+0900 ResourceRunner[6388:50896200] [MonitoringSampleStore] history=54 capacity=1203
2026-10-03 21:52:15.496133+0900 ResourceRunner[6388:50896165] [MonitoringSampleStore] history=94 capacity=1203
2026-10-03 21:52:15.496133+0900 ResourceRunner[6388:50896184] [MonitoringSampleStore] history=93 capacity=1203
2026-10-03 21:52:15.495969+0900 ResourceRunner[6388:50896162] [MonitoringSampleStore] history=74 capacity=1203
2026-10-03 21:52:15.496047+0900 ResourceRunner[6388:50896161] [MonitoringSampleStore] history=84 capacity=1203
2026-10-03 21:52:15.495868+0900 ResourceRunner[6388:50896183] [MonitoringSampleStore] history=58 capacity=1203
2026-10-03 21:52:15.495575+0900 ResourceRunner[6388:50896201] [MonitoringSampleStore] history=56 capacity=1203
Store] history=46 capacity=1203
2026-10-03 21:52:15.495580+0900 ResourceRunner[6388:50896131] [MonitoringSampleStore] history=57 capacity=1203
2026-10-03 21:52:15.494407+0900 ResourceRunner[6388:50896166] [MonitoringSampleStore] history=22 capacity=1203
2026-10-03 21:52:15.496194+0900 ResourceRunner[6388:50896200] [MonitoringSampleStore] history=96 capacity=1203
2026-10-03 21:52:15.495879+0900 ResourceRunner[6388:50896164] [MonitoringSampleStore] history=66 capacity=1203
2026-10-03 21:52:15.495365+0900 ResourceRunner[6388:50896132] [MonitoringSampleStore] history=39 capacity=1203
2026-10-03 21:52:15.496193+0900 ResourceRunner[6388:50896205] [MonitoringSampleStore] history=95 capacity=1203
2026-10-03 21:52:15.496205+0900 ResourceRunner[6388:50896162] [MonitoringSampleStore] history=97 capacity=1203
2026-10-03 21:52:15.496206+0900 ResourceRunner[6388:50896183] [MonitoringSampleStore] history=99 capacity=1203
2026-10-03 21:52:15.496205+0900 ResourceRunner[6388:50896161] [MonitoringSampleStore] history=98 capacity=1203
2026-10-03 21:52:15.496221+0900 ResourceRunner[6388:50896184] [MonitoringSampleStore] history=100 capacity=1203
2026-10-03 21:52:15.496221+0900 ResourceRunner[6388:50896131] [MonitoringSampleStore] history=104 capacity=1203
2026-10-03 21:52:15.496221+0900 ResourceRunner[6388:50896201] [MonitoringSampleStore] history=101 capacity=1203
2026-10-03 21:52:15.496221+0900 ResourceRunner[6388:50896165] [MonitoringSampleStore] history=102 capacity=1203
2026-10-03 21:52:15.496221+0900 ResourceRunner[6388:50896202] [MonitoringSampleStore] history=103 capacity=1203
2026-10-03 21:52:15.496291+0900 ResourceRunner[6388:50896183] [MonitoringSampleStore] history=105 capacity=1203
2026-10-03 21:52:15.496291+0900 ResourceRunner[6388:50896184] [MonitoringSampleStore] history=107 capacity=1203
2026-10-03 21:52:15.496291+0900 ResourceRunner[6388:50896162] [MonitoringSampleStore] history=106 capacity=1203
2026-10-03 21:52:15.496307+0900 ResourceRunner[6388:50896132] [MonitoringSampleStore] history=112 capacity=1203
2026-10-03 21:52:15.496370+0900 ResourceRunner[6388:50896131] [MonitoringSampleStore] history=114 capacity=1203
2026-10-03 21:52:15.496372+0900 ResourceRunner[6388:50896201] [MonitoringSampleStore] history=115 capacity=1203
2026-10-03 21:52:15.496316+0900 ResourceRunner[6388:50896166] [MonitoringSampleStore] history=113 capacity=1203
2026-10-03 21:52:15.496304+0900 ResourceRunner[6388:50896205] [MonitoringSampleStore] history=110 capacity=1203
2026-10-03 21:52:15.496294+0900 ResourceRunner[6388:50896161] [MonitoringSampleStore] history=108 capacity=1203
2026-10-03 21:52:15.496304+0900 ResourceRunner[6388:50896200] [MonitoringSampleStore] history=109 capacity=1203
2026-10-03 21:52:15.496305+0900 ResourceRunner[6388:50896164] [MonitoringSampleStore] history=111 capacity=1203
2026-10-03 21:52:15.496377+0900 ResourceRunner[6388:50896184] [MonitoringSampleStore] history=119 capacity=1203
2026-10-03 21:52:15.496375+0900 ResourceRunner[6388:50896165] [MonitoringSampleStore] history=116 capacity=1203
2026-10-03 21:52:15.496437+0900 ResourceRunner[6388:50896201] [MonitoringSampleStore] history=121 capacity=1203
2026-10-03 21:52:15.496375+0900 ResourceRunner[6388:50896202] [MonitoringSampleStore] history=117 capacity=1203
2026-10-03 21:52:15.496376+0900 ResourceRunner[6388:50896183] [MonitoringSampleStore] history=118 capacity=1203
2026-10-03 21:52:15.496405+0900 ResourceRunner[6388:50896131] [MonitoringSampleStore] history=120 capacity=1203
2026-10-03 21:52:15.496485+0900 ResourceRunner[6388:50896162] [MonitoringSampleStore] history=122 capacity=1203
2026-10-03 21:52:15.496524+0900 ResourceRunner[6388:50896162] [MonitoringSampleStore] history=123 capacity=1203
2026-10-03 21:52:15.496563+0900 ResourceRunner[6388:50896162] [MonitoringSampleStore] history=124 capacity=1203
2026-10-03 21:52:15.496605+0900 ResourceRunner[6388:50896162] [MonitoringSampleStore] history=125 capacity=1203
2026-10-03 21:52:15.496642+0900 ResourceRunner[6388:50896162] [MonitoringSampleStore] history=126 capacity=1203
2026-10-03 21:52:15.496687+0900 ResourceRunner[6388:50896162] [MonitoringSampleStore] history=127 capacity=1203
2026-10-03 21:52:15.496728+0900 ResourceRunner[6388:50896162] [MonitoringSampleStore] history=128 capacity=1203
2026-10-03 21:52:15.496765+0900 ResourceRunner[6388:50896162] [MonitoringSampleStore] history=129 capacity=1203
2026-10-03 21:52:15.496801+0900 ResourceRunner[6388:50896162] [MonitoringSampleStore] history=130 capacity=1203
2026-10-03 21:52:15.496843+0900 ResourceRunner[6388:50896162] [MonitoringSampleStore] history=131 capacity=1203
2026-10-03 21:52:15.496881+0900 ResourceRunner[6388:50896162] [MonitoringSampleStore] history=132 capacity=1203
2026-10-03 21:52:15.496921+0900 ResourceRunner[6388:50896162] [MonitoringSampleStore] history=133 capacity=1203
2026-10-03 21:52:15.496971+0900 ResourceRunner[6388:50896162] [MonitoringSampleStore] history=134 capacity=1203
2026-10-03 21:52:15.497011+0900 ResourceRunner[6388:50896162] [MonitoringSampleStore] history=135 capacity=1203
2026-10-03 21:52:15.497050+0900 ResourceRunner[6388:50896162] [MonitoringSampleStore] history=136 capacity=1203
2026-10-03 21:52:15.497095+0900 ResourceRunner[6388:50896162] [MonitoringSampleStore] history=137 capacity=1203
2026-10-03 21:52:15.497136+0900 ResourceRunner[6388:50896162] [MonitoringSampleStore] history=138 capacity=1203
2026-10-03 21:52:15.497181+0900 ResourceRunner[6388:50896162] [MonitoringSampleStore] history=139 capacity=1203
2026-10-03 21:52:15.497222+0900 ResourceRunner[6388:50896162] [MonitoringSampleStore] history=140 capacity=1203
2026-10-03 21:52:15.497267+0900 ResourceRunner[6388:50896162] [MonitoringSampleStore] history=141 capacity=1203
2026-10-03 21:52:15.497311+0900 ResourceRunner[6388:50896162] [MonitoringSampleStore] history=142 capacity=1203
2026-10-03 21:52:15.497352+0900 ResourceRunner[6388:50896162] [MonitoringSampleStore] history=143 capacity=1203
2026-10-03 21:52:15.497395+0900 ResourceRunner[6388:50896162] [MonitoringSampleStore] history=144 capacity=1203
2026-10-03 21:52:15.497443+0900 ResourceRunner[6388:50896162] [MonitoringSampleStore] history=145 capacity=1203
2026-10-03 21:52:15.497486+0900 ResourceRunner[6388:50896162] [MonitoringSampleStore] history=146 capacity=1203
2026-10-03 21:52:15.497532+0900 ResourceRunner[6388:50896162] [MonitoringSampleStore] history=147 capacity=1203
2026-10-03 21:52:15.497577+0900 ResourceRunner[6388:50896162] [MonitoringSampleStore] history=148 capacity=1203
2026-10-03 21:52:15.497625+0900 ResourceRunner[6388:50896162] [MonitoringSampleStore] history=149 capacity=1203
2026-10-03 21:52:15.497671+0900 ResourceRunner[6388:50896162] [MonitoringSampleStore] history=150 capacity=1203
2026-10-03 21:52:15.497721+0900 ResourceRunner[6388:50896162] [MonitoringSampleStore] history=151 capacity=1203
2026-10-03 21:52:15.497766+0900 ResourceRunner[6388:50896162] [MonitoringSampleStore] history=152 capacity=1203
2026-10-03 21:52:15.497812+0900 ResourceRunner[6388:50896162] [MonitoringSampleStore] history=153 capacity=1203
2026-10-03 21:52:15.497858+0900 ResourceRunner[6388:50896162] [MonitoringSampleStore] history=154 capacity=1203
2026-10-03 21:52:15.497909+0900 ResourceRunner[6388:50896162] [MonitoringSampleStore] history=155 capacity=1203
2026-10-03 21:52:15.497954+0900 ResourceRunner[6388:50896162] [MonitoringSampleStore] history=156 capacity=1203
2026-10-03 21:52:15.498007+0900 ResourceRunner[6388:50896162] [MonitoringSampleStore] history=157 capacity=1203
2026-10-03 21:52:15.498052+0900 ResourceRunner[6388:50896162] [MonitoringSampleStore] history=158 capacity=1203
2026-10-03 21:52:15.498105+0900 ResourceRunner[6388:50896162] [MonitoringSampleStore] history=159 capacity=1203
2026-10-03 21:52:15.498150+0900 ResourceRunner[6388:50896162] [MonitoringSampleStore] history=160 capacity=1203
2026-10-03 21:52:15.498203+0900 ResourceRunner[6388:50896162] [MonitoringSampleStore] history=161 capacity=1203
2026-10-03 21:52:15.498249+0900 ResourceRunner[6388:50896162] [MonitoringSampleStore] history=162 capacity=1203
2026-10-03 21:52:15.498302+0900 ResourceRunner[6388:50896162] [MonitoringSampleStore] history=163 capacity=1203
2026-10-03 21:52:15.498348+0900 ResourceRunner[6388:50896162] [MonitoringSampleStore] history=164 capacity=1203
2026-10-03 21:52:15.498401+0900 ResourceRunner[6388:50896162] [MonitoringSampleStore] history=165 capacity=1203
2026-10-03 21:52:15.498453+0900 ResourceRunner[6388:50896162] [MonitoringSampleStore] history=166 capacity=1203
2026-10-03 21:52:15.498503+0900 ResourceRunner[6388:50896162] [MonitoringSampleStore] history=167 capacity=1203
2026-10-03 21:52:15.498555+0900 ResourceRunner[6388:50896162] [MonitoringSampleStore] history=168 capacity=1203
2026-10-03 21:52:15.498605+0900 ResourceRunner[6388:50896162] [MonitoringSampleStore] history=169 capacity=1203
2026-10-03 21:52:15.498654+0900 ResourceRunner[6388:50896162] [MonitoringSampleStore] history=170 capacity=1203
2026-10-03 21:52:15.498709+0900 ResourceRunner[6388:50896162] [MonitoringSampleStore] history=171 capacity=1203
2026-10-03 21:52:15.498759+0900 ResourceRunner[6388:50896162] [MonitoringSampleStore] history=172 capacity=1203
2026-10-03 21:52:15.498812+0900 ResourceRunner[6388:50896162] [MonitoringSampleStore] history=173 capacity=1203
2026-10-03 21:52:15.498865+0900 ResourceRunner[6388:50896162] [MonitoringSampleStore] history=174 capacity=1203
2026-10-03 21:52:15.498919+0900 ResourceRunner[6388:50896162] [MonitoringSampleStore] history=175 capacity=1203
2026-10-03 21:52:15.498971+0900 ResourceRunner[6388:50896162] [MonitoringSampleStore] history=176 capacity=1203
2026-10-03 21:52:15.499024+0900 ResourceRunner[6388:50896162] [MonitoringSampleStore] history=177 capacity=1203
2026-10-03 21:52:15.499073+0900 ResourceRunner[6388:50896162] [MonitoringSampleStore] history=178 capacity=1203
2026-10-03 21:52:15.499118+0900 ResourceRunner[6388:50896162] [MonitoringSampleStore] history=179 capacity=1203
2026-10-03 21:52:15.499169+0900 ResourceRunner[6388:50896162] [MonitoringSampleStore] history=180 capacity=1203
2026-10-03 21:52:15.499213+0900 ResourceRunner[6388:50896162] [MonitoringSampleStore] history=181 capacity=1203
2026-10-03 21:52:15.499257+0900 ResourceRunner[6388:50896162] [MonitoringSampleStore] history=182 capacity=1203
2026-10-03 21:52:15.499301+0900 ResourceRunner[6388:50896162] [MonitoringSampleStore] history=183 capacity=1203
2026-10-03 21:52:15.499347+0900 ResourceRunner[6388:50896162] [MonitoringSampleStore] history=184 capacity=1203
2026-10-03 21:52:15.499391+0900 ResourceRunner[6388:50896162] [MonitoringSampleStore] history=185 capacity=1203
2026-10-03 21:52:15.499435+0900 ResourceRunner[6388:50896162] [MonitoringSampleStore] history=186 capacity=1203
2026-10-03 21:52:15.499480+0900 ResourceRunner[6388:50896162] [MonitoringSampleStore] history=187 capacity=1203
2026-10-03 21:52:15.499525+0900 ResourceRunner[6388:50896162] [MonitoringSampleStore] history=188 capacity=1203
2026-10-03 21:52:15.499570+0900 ResourceRunner[6388:50896162] [MonitoringSampleStore] history=189 capacity=1203
2026-10-03 21:52:15.499616+0900 ResourceRunner[6388:50896162] [MonitoringSampleStore] history=190 capacity=1203
2026-10-03 21:52:15.499661+0900 ResourceRunner[6388:50896162] [MonitoringSampleStore] history=191 capacity=1203
2026-10-03 21:52:15.499707+0900 ResourceRunner[6388:50896162] [MonitoringSampleStore] history=192 capacity=1203
2026-10-03 21:52:15.499753+0900 ResourceRunner[6388:50896162] [MonitoringSampleStore] history=193 capacity=1203
2026-10-03 21:52:15.499799+0900 ResourceRunner[6388:50896162] [MonitoringSampleStore] history=194 capacity=1203
2026-10-03 21:52:15.499846+0900 ResourceRunner[6388:50896162] [MonitoringSampleStore] history=195 capacity=1203
2026-10-03 21:52:15.499892+0900 ResourceRunner[6388:50896162] [MonitoringSampleStore] history=196 capacity=1203
2026-10-03 21:52:15.499939+0900 ResourceRunner[6388:50896162] [MonitoringSampleStore] history=197 capacity=1203
2026-10-03 21:52:15.499986+0900 ResourceRunner[6388:50896162] [MonitoringSampleStore] history=198 capacity=1203
2026-10-03 21:52:15.500034+0900 ResourceRunner[6388:50896162] [MonitoringSampleStore] history=199 capacity=1203
2026-10-03 21:52:15.500081+0900 ResourceRunner[6388:50896162] [MonitoringSampleStore] history=200 capacity=1203
2026-10-03 21:52:15.500129+0900 ResourceRunner[6388:50896162] [MonitoringSampleStore] history=201 capacity=1203
2026-10-03 21:52:15.500177+0900 ResourceRunner[6388:50896162] [MonitoringSampleStore] history=202 capacity=1203
2026-10-03 21:52:15.500225+0900 ResourceRunner[6388:50896162] [MonitoringSampleStore] history=203 capacity=1203
2026-10-03 21:52:15.500273+0900 ResourceRunner[6388:50896162] [MonitoringSampleStore] history=204 capacity=1203
2026-10-03 21:52:15.500322+0900 ResourceRunner[6388:50896162] [MonitoringSampleStore] history=205 capacity=1203
2026-10-03 21:52:15.500371+0900 ResourceRunner[6388:50896162] [MonitoringSampleStore] history=206 capacity=1203
2026-10-03 21:52:15.500420+0900 ResourceRunner[6388:50896162] [MonitoringSampleStore] history=207 capacity=1203
2026-10-03 21:52:15.500470+0900 ResourceRunner[6388:50896162] [MonitoringSampleStore] history=208 capacity=1203
2026-10-03 21:52:15.500520+0900 ResourceRunner[6388:50896162] [MonitoringSampleStore] history=209 capacity=1203
2026-10-03 21:52:15.500568+0900 ResourceRunner[6388:50896162] [MonitoringSampleStore] history=210 capacity=1203
2026-10-03 21:52:15.500619+0900 ResourceRunner[6388:50896162] [MonitoringSampleStore] history=211 capacity=1203
2026-10-03 21:52:15.500669+0900 ResourceRunner[6388:50896162] [MonitoringSampleStore] history=212 capacity=1203
2026-10-03 21:52:15.500719+0900 ResourceRunner[6388:50896162] [MonitoringSampleStore] history=213 capacity=1203
2026-10-03 21:52:15.500769+0900 ResourceRunner[6388:50896162] [MonitoringSampleStore] history=214 capacity=1203
2026-10-03 21:52:15.500820+0900 ResourceRunner[6388:50896162] [MonitoringSampleStore] history=215 capacity=1203
2026-10-03 21:52:15.500871+0900 ResourceRunner[6388:50896162] [MonitoringSampleStore] history=216 capacity=1203
2026-10-03 21:52:15.500923+0900 ResourceRunner[6388:50896162] [MonitoringSampleStore] history=217 capacity=1203
2026-10-03 21:52:15.500974+0900 ResourceRunner[6388:50896162] [MonitoringSampleStore] history=218 capacity=1203
2026-10-03 21:52:15.501025+0900 ResourceRunner[6388:50896162] [MonitoringSampleStore] history=219 capacity=1203
2026-10-03 21:52:15.501080+0900 ResourceRunner[6388:50896162] [MonitoringSampleStore] history=220 capacity=1203
2026-10-03 21:52:15.501136+0900 ResourceRunner[6388:50896162] [MonitoringSampleStore] history=221 capacity=1203
2026-10-03 21:52:15.501188+0900 ResourceRunner[6388:50896162] [MonitoringSampleStore] history=222 capacity=1203
2026-10-03 21:52:15.501241+0900 ResourceRunner[6388:50896162] [MonitoringSampleStore] history=223 capacity=1203
2026-10-03 21:52:15.501293+0900 ResourceRunner[6388:50896162] [MonitoringSampleStore] history=224 capacity=1203
2026-10-03 21:52:15.501346+0900 ResourceRunner[6388:50896162] [MonitoringSampleStore] history=225 capacity=1203
2026-10-03 21:52:15.501399+0900 ResourceRunner[6388:50896162] [MonitoringSampleStore] history=226 capacity=1203
2026-10-03 21:52:15.501453+0900 ResourceRunner[6388:50896162] [MonitoringSampleStore] history=227 capacity=1203
2026-10-03 21:52:15.501510+0900 ResourceRunner[6388:50896162] [MonitoringSampleStore] history=228 capacity=1203
2026-10-03 21:52:15.501564+0900 ResourceRunner[6388:50896162] [MonitoringSampleStore] history=229 capacity=1203
2026-10-03 21:52:15.501618+0900 ResourceRunner[6388:50896162] [MonitoringSampleStore] history=230 capacity=1203
2026-10-03 21:52:15.501672+0900 ResourceRunner[6388:50896162] [MonitoringSampleStore] history=231 capacity=1203
2026-10-03 21:52:15.501726+0900 ResourceRunner[6388:50896162] [MonitoringSampleStore] history=232 capacity=1203
2026-10-03 21:52:15.501785+0900 ResourceRunner[6388:50896162] [MonitoringSampleStore] history=233 capacity=1203
2026-10-03 21:52:15.501839+0900 ResourceRunner[6388:50896162] [MonitoringSampleStore] history=234 capacity=1203
2026-10-03 21:52:15.501894+0900 ResourceRunner[6388:50896162] [MonitoringSampleStore] history=235 capacity=1203
2026-10-03 21:52:15.501950+0900 ResourceRunner[6388:50896162] [MonitoringSampleStore] history=236 capacity=1203
2026-10-03 21:52:15.502009+0900 ResourceRunner[6388:50896162] [MonitoringSampleStore] history=237 capacity=1203
2026-10-03 21:52:15.502067+0900 ResourceRunner[6388:50896162] [MonitoringSampleStore] history=238 capacity=1203
2026-10-03 21:52:15.502126+0900 ResourceRunner[6388:50896162] [MonitoringSampleStore] history=239 capacity=1203
2026-10-03 21:52:15.502182+0900 ResourceRunner[6388:50896162] [MonitoringSampleStore] history=240 capacity=1203
2026-10-03 21:52:15.502239+0900 ResourceRunner[6388:50896162] [MonitoringSampleStore] history=241 capacity=1203
2026-10-03 21:52:15.502295+0900 ResourceRunner[6388:50896162] [MonitoringSampleStore] history=242 capacity=1203
2026-10-03 21:52:15.502352+0900 ResourceRunner[6388:50896162] [MonitoringSampleStore] history=243 capacity=1203
2026-10-03 21:52:15.502412+0900 ResourceRunner[6388:50896162] [MonitoringSampleStore] history=244 capacity=1203
2026-10-03 21:52:15.502469+0900 ResourceRunner[6388:50896162] [MonitoringSampleStore] history=245 capacity=1203
2026-10-03 21:52:15.502527+0900 ResourceRunner[6388:50896162] [MonitoringSampleStore] history=246 capacity=1203
2026-10-03 21:52:15.502588+0900 ResourceRunner[6388:50896162] [MonitoringSampleStore] history=247 capacity=1203
2026-10-03 21:52:15.502646+0900 ResourceRunner[6388:50896162] [MonitoringSampleStore] history=248 capacity=1203
2026-10-03 21:52:15.502704+0900 ResourceRunner[6388:50896162] [MonitoringSampleStore] history=249 capacity=1203
2026-10-03 21:52:15.502762+0900 ResourceRunner[6388:50896162] [MonitoringSampleStore] history=250 capacity=1203
2026-10-03 21:52:15.502824+0900 ResourceRunner[6388:50896162] [MonitoringSampleStore] history=251 capacity=1203
2026-10-03 21:52:15.502883+0900 ResourceRunner[6388:50896162] [MonitoringSampleStore] history=252 capacity=1203
2026-10-03 21:52:15.502942+0900 ResourceRunner[6388:50896162] [MonitoringSampleStore] history=253 capacity=1203
2026-10-03 21:52:15.503001+0900 ResourceRunner[6388:50896162] [MonitoringSampleStore] history=254 capacity=1203
2026-10-03 21:52:15.503060+0900 ResourceRunner[6388:50896162] [MonitoringSampleStore] history=255 capacity=1203
2026-10-03 21:52:15.503120+0900 ResourceRunner[6388:50896162] [MonitoringSampleStore] history=256 capacity=1203
2026-10-03 21:52:15.503180+0900 ResourceRunner[6388:50896162] [MonitoringSampleStore] history=257 capacity=1203
2026-10-03 21:52:15.503240+0900 ResourceRunner[6388:50896162] [MonitoringSampleStore] history=258 capacity=1203
2026-10-03 21:52:15.503300+0900 ResourceRunner[6388:50896162] [MonitoringSampleStore] history=259 capacity=1203
2026-10-03 21:52:15.503361+0900 ResourceRunner[6388:50896162] [MonitoringSampleStore] history=260 capacity=1203
2026-10-03 21:52:15.503423+0900 ResourceRunner[6388:50896162] [MonitoringSampleStore] history=261 capacity=1203
2026-10-03 21:52:15.503482+0900 ResourceRunner[6388:50896162] [MonitoringSampleStore] history=262 capacity=1203
2026-10-03 21:52:15.503543+0900 ResourceRunner[6388:50896162] [MonitoringSampleStore] history=263 capacity=1203
2026-10-03 21:52:15.503605+0900 ResourceRunner[6388:50896162] [MonitoringSampleStore] history=264 capacity=1203
2026-10-03 21:52:15.503668+0900 ResourceRunner[6388:50896162] [MonitoringSampleStore] history=265 capacity=1203
2026-10-03 21:52:15.503730+0900 ResourceRunner[6388:50896162] [MonitoringSampleStore] history=266 capacity=1203
2026-10-03 21:52:15.503793+0900 ResourceRunner[6388:50896162] [MonitoringSampleStore] history=267 capacity=1203
2026-10-03 21:52:15.503855+0900 ResourceRunner[6388:50896162] [MonitoringSampleStore] history=268 capacity=1203
2026-10-03 21:52:15.503918+0900 ResourceRunner[6388:50896162] [MonitoringSampleStore] history=269 capacity=1203
2026-10-03 21:52:15.503979+0900 ResourceRunner[6388:50896162] [MonitoringSampleStore] history=270 capacity=1203
2026-10-03 21:52:15.504042+0900 ResourceRunner[6388:50896162] [MonitoringSampleStore] history=271 capacity=1203
2026-10-03 21:52:15.504105+0900 ResourceRunner[6388:50896162] [MonitoringSampleStore] history=272 capacity=1203
2026-10-03 21:52:15.504171+0900 ResourceRunner[6388:50896162] [MonitoringSampleStore] history=273 capacity=1203
2026-10-03 21:52:15.504234+0900 ResourceRunner[6388:50896162] [MonitoringSampleStore] history=274 capacity=1203
2026-10-03 21:52:15.504298+0900 ResourceRunner[6388:50896162] [MonitoringSampleStore] history=275 capacity=1203
2026-10-03 21:52:15.504361+0900 ResourceRunner[6388:50896162] [MonitoringSampleStore] history=276 capacity=1203
2026-10-03 21:52:15.504425+0900 ResourceRunner[6388:50896162] [MonitoringSampleStore] history=277 capacity=1203
2026-10-03 21:52:15.504489+0900 ResourceRunner[6388:50896162] [MonitoringSampleStore] history=278 capacity=1203
2026-10-03 21:52:15.504554+0900 ResourceRunner[6388:50896162] [MonitoringSampleStore] history=279 capacity=1203
2026-10-03 21:52:15.504618+0900 ResourceRunner[6388:50896162] [MonitoringSampleStore] history=280 capacity=1203
2026-10-03 21:52:15.504683+0900 ResourceRunner[6388:50896162] [MonitoringSampleStore] history=281 capacity=1203
2026-10-03 21:52:15.504748+0900 ResourceRunner[6388:50896162] [MonitoringSampleStore] history=282 capacity=1203
2026-10-03 21:52:15.504814+0900 ResourceRunner[6388:50896162] [MonitoringSampleStore] history=283 capacity=1203
2026-10-03 21:52:15.504879+0900 ResourceRunner[6388:50896162] [MonitoringSampleStore] history=284 capacity=1203
2026-10-03 21:52:15.504946+0900 ResourceRunner[6388:50896162] [MonitoringSampleStore] history=285 capacity=1203
2026-10-03 21:52:15.505012+0900 ResourceRunner[6388:50896162] [MonitoringSampleStore] history=286 capacity=1203
2026-10-03 21:52:15.505079+0900 ResourceRunner[6388:50896162] [MonitoringSampleStore] history=287 capacity=1203
2026-10-03 21:52:15.505146+0900 ResourceRunner[6388:50896162] [MonitoringSampleStore] history=288 capacity=1203
2026-10-03 21:52:15.505214+0900 ResourceRunner[6388:50896162] [MonitoringSampleStore] history=289 capacity=1203
2026-10-03 21:52:15.505282+0900 ResourceRunner[6388:50896162] [MonitoringSampleStore] history=290 capacity=1203
2026-10-03 21:52:15.505350+0900 ResourceRunner[6388:50896162] [MonitoringSampleStore] history=291 capacity=1203
2026-10-03 21:52:15.505417+0900 ResourceRunner[6388:50896162] [MonitoringSampleStore] history=292 capacity=1203
2026-10-03 21:52:15.505485+0900 ResourceRunner[6388:50896162] [MonitoringSampleStore] history=293 capacity=1203
2026-10-03 21:52:15.505553+0900 ResourceRunner[6388:50896162] [MonitoringSampleStore] history=294 capacity=1203
2026-10-03 21:52:15.505622+0900 ResourceRunner[6388:50896162] [MonitoringSampleStore] history=295 capacity=1203
2026-10-03 21:52:15.505690+0900 ResourceRunner[6388:50896162] [MonitoringSampleStore] history=296 capacity=1203
2026-10-03 21:52:15.505759+0900 ResourceRunner[6388:50896162] [MonitoringSampleStore] history=297 capacity=1203
2026-10-03 21:52:15.505828+0900 ResourceRunner[6388:50896162] [MonitoringSampleStore] history=298 capacity=1203
2026-10-03 21:52:15.505897+0900 ResourceRunner[6388:50896162] [MonitoringSampleStore] history=299 capacity=1203
2026-10-03 21:52:15.505967+0900 ResourceRunner[6388:50896162] [MonitoringSampleStore] history=300 capacity=1203
2026-10-03 21:52:15.506036+0900 ResourceRunner[6388:50896162] [MonitoringSampleStore] history=301 capacity=1203
2026-10-03 21:52:15.506106+0900 ResourceRunner[6388:50896162] [MonitoringSampleStore] history=302 capacity=1203
2026-10-03 21:52:15.506176+0900 ResourceRunner[6388:50896162] [MonitoringSampleStore] history=303 capacity=1203
2026-10-03 21:52:15.506247+0900 ResourceRunner[6388:50896162] [MonitoringSampleStore] history=304 capacity=1203
2026-10-03 21:52:15.506317+0900 ResourceRunner[6388:50896162] [MonitoringSampleStore] history=305 capacity=1203
2026-10-03 21:52:15.506388+0900 ResourceRunner[6388:50896162] [MonitoringSampleStore] history=306 capacity=1203
2026-10-03 21:52:15.506459+0900 ResourceRunner[6388:50896162] [MonitoringSampleStore] history=307 capacity=1203
2026-10-03 21:52:15.506530+0900 ResourceRunner[6388:50896162] [MonitoringSampleStore] history=308 capacity=1203
2026-10-03 21:52:15.506602+0900 ResourceRunner[6388:50896162] [MonitoringSampleStore] history=309 capacity=1203
2026-10-03 21:52:15.506673+0900 ResourceRunner[6388:50896162] [MonitoringSampleStore] history=310 capacity=1203
2026-10-03 21:52:15.506745+0900 ResourceRunner[6388:50896162] [MonitoringSampleStore] history=311 capacity=1203
2026-10-03 21:52:15.506817+0900 ResourceRunner[6388:50896162] [MonitoringSampleStore] history=312 capacity=1203
2026-10-03 21:52:15.506889+0900 ResourceRunner[6388:50896162] [MonitoringSampleStore] history=313 capacity=1203
2026-10-03 21:52:15.506961+0900 ResourceRunner[6388:50896162] [MonitoringSampleStore] history=314 capacity=1203
2026-10-03 21:52:15.507034+0900 ResourceRunner[6388:50896162] [MonitoringSampleStore] history=315 capacity=1203
2026-10-03 21:52:15.507107+0900 ResourceRunner[6388:50896162] [MonitoringSampleStore] history=316 capacity=1203
2026-10-03 21:52:15.507181+0900 ResourceRunner[6388:50896162] [MonitoringSampleStore] history=317 capacity=1203
2026-10-03 21:52:15.507253+0900 ResourceRunner[6388:50896162] [MonitoringSampleStore] history=318 capacity=1203
2026-10-03 21:52:15.507327+0900 ResourceRunner[6388:50896162] [MonitoringSampleStore] history=319 capacity=1203
2026-10-03 21:52:15.507400+0900 ResourceRunner[6388:50896162] [MonitoringSampleStore] history=320 capacity=1203
2026-10-03 21:52:15.507474+0900 ResourceRunner[6388:50896162] [MonitoringSampleStore] history=321 capacity=1203
2026-10-03 21:52:15.507549+0900 ResourceRunner[6388:50896162] [MonitoringSampleStore] history=322 capacity=1203
2026-10-03 21:52:15.507623+0900 ResourceRunner[6388:50896162] [MonitoringSampleStore] history=323 capacity=1203
2026-10-03 21:52:15.507699+0900 ResourceRunner[6388:50896162] [MonitoringSampleStore] history=324 capacity=1203
2026-10-03 21:52:15.507774+0900 ResourceRunner[6388:50896162] [MonitoringSampleStore] history=325 capacity=1203
2026-10-03 21:52:15.507850+0900 ResourceRunner[6388:50896162] [MonitoringSampleStore] history=326 capacity=1203
2026-10-03 21:52:15.507926+0900 ResourceRunner[6388:50896162] [MonitoringSampleStore] history=327 capacity=1203
2026-10-03 21:52:15.508002+0900 ResourceRunner[6388:50896162] [MonitoringSampleStore] history=328 capacity=1203
2026-10-03 21:52:15.508078+0900 ResourceRunner[6388:50896162] [MonitoringSampleStore] history=329 capacity=1203
2026-10-03 21:52:15.508154+0900 ResourceRunner[6388:50896162] [MonitoringSampleStore] history=330 capacity=1203
2026-10-03 21:52:15.508232+0900 ResourceRunner[6388:50896162] [MonitoringSampleStore] history=331 capacity=1203
2026-10-03 21:52:15.508309+0900 ResourceRunner[6388:50896162] [MonitoringSampleStore] history=332 capacity=1203
2026-10-03 21:52:15.508392+0900 ResourceRunner[6388:50896162] [MonitoringSampleStore] history=333 capacity=1203
2026-10-03 21:52:15.508486+0900 ResourceRunner[6388:50896162] [MonitoringSampleStore] history=334 capacity=1203
2026-10-03 21:52:15.508578+0900 ResourceRunner[6388:50896162] [MonitoringSampleStore] history=335 capacity=1203
2026-10-03 21:52:15.508671+0900 ResourceRunner[6388:50896162] [MonitoringSampleStore] history=336 capacity=1203
2026-10-03 21:52:15.508765+0900 ResourceRunner[6388:50896162] [MonitoringSampleStore] history=337 capacity=1203
2026-10-03 21:52:15.508859+0900 ResourceRunner[6388:50896162] [MonitoringSampleStore] history=338 capacity=1203
2026-10-03 21:52:15.508953+0900 ResourceRunner[6388:50896162] [MonitoringSampleStore] history=339 capacity=1203
2026-10-03 21:52:15.509048+0900 ResourceRunner[6388:50896162] [MonitoringSampleStore] history=340 capacity=1203
2026-10-03 21:52:15.509142+0900 ResourceRunner[6388:50896162] [MonitoringSampleStore] history=341 capacity=1203
2026-10-03 21:52:15.509237+0900 ResourceRunner[6388:50896162] [MonitoringSampleStore] history=342 capacity=1203
2026-10-03 21:52:15.509333+0900 ResourceRunner[6388:50896162] [MonitoringSampleStore] history=343 capacity=1203
2026-10-03 21:52:15.509427+0900 ResourceRunner[6388:50896162] [MonitoringSampleStore] history=344 capacity=1203
2026-10-03 21:52:15.509523+0900 ResourceRunner[6388:50896162] [MonitoringSampleStore] history=345 capacity=1203
2026-10-03 21:52:15.509616+0900 ResourceRunner[6388:50896162] [MonitoringSampleStore] history=346 capacity=1203
2026-10-03 21:52:15.509711+0900 ResourceRunner[6388:50896162] [MonitoringSampleStore] history=347 capacity=1203
2026-10-03 21:52:15.509806+0900 ResourceRunner[6388:50896162] [MonitoringSampleStore] history=348 capacity=1203
2026-10-03 21:52:15.509900+0900 ResourceRunner[6388:50896162] [MonitoringSampleStore] history=349 capacity=1203
2026-10-03 21:52:15.509993+0900 ResourceRunner[6388:50896162] [MonitoringSampleStore] history=350 capacity=1203
2026-10-03 21:52:15.510089+0900 ResourceRunner[6388:50896162] [MonitoringSampleStore] history=351 capacity=1203
2026-10-03 21:52:15.510182+0900 ResourceRunner[6388:50896162] [MonitoringSampleStore] history=352 capacity=1203
2026-10-03 21:52:15.510277+0900 ResourceRunner[6388:50896162] [MonitoringSampleStore] history=353 capacity=1203
2026-10-03 21:52:15.510371+0900 ResourceRunner[6388:50896162] [MonitoringSampleStore] history=354 capacity=1203
2026-10-03 21:52:15.510466+0900 ResourceRunner[6388:50896162] [MonitoringSampleStore] history=355 capacity=1203
2026-10-03 21:52:15.510564+0900 ResourceRunner[6388:50896162] [MonitoringSampleStore] history=356 capacity=1203
2026-10-03 21:52:15.510658+0900 ResourceRunner[6388:50896162] [MonitoringSampleStore] history=357 capacity=1203
2026-10-03 21:52:15.510753+0900 ResourceRunner[6388:50896162] [MonitoringSampleStore] history=358 capacity=1203
2026-10-03 21:52:15.510848+0900 ResourceRunner[6388:50896162] [MonitoringSampleStore] history=359 capacity=1203
2026-10-03 21:52:15.510944+0900 ResourceRunner[6388:50896162] [MonitoringSampleStore] history=360 capacity=1203
2026-10-03 21:52:15.511040+0900 ResourceRunner[6388:50896162] [MonitoringSampleStore] history=361 capacity=1203
2026-10-03 21:52:15.511136+0900 ResourceRunner[6388:50896162] [MonitoringSampleStore] history=362 capacity=1203
2026-10-03 21:52:15.511232+0900 ResourceRunner[6388:50896162] [MonitoringSampleStore] history=363 capacity=1203
2026-10-03 21:52:15.511328+0900 ResourceRunner[6388:50896162] [MonitoringSampleStore] history=364 capacity=1203
2026-10-03 21:52:15.511425+0900 ResourceRunner[6388:50896162] [MonitoringSampleStore] history=365 capacity=1203
2026-10-03 21:52:15.511522+0900 ResourceRunner[6388:50896162] [MonitoringSampleStore] history=366 capacity=1203
2026-10-03 21:52:15.511622+0900 ResourceRunner[6388:50896162] [MonitoringSampleStore] history=367 capacity=1203
2026-10-03 21:52:15.511719+0900 ResourceRunner[6388:50896162] [MonitoringSampleStore] history=368 capacity=1203
2026-10-03 21:52:15.511817+0900 ResourceRunner[6388:50896162] [MonitoringSampleStore] history=369 capacity=1203
2026-10-03 21:52:15.511916+0900 ResourceRunner[6388:50896162] [MonitoringSampleStore] history=370 capacity=1203
2026-10-03 21:52:15.512013+0900 ResourceRunner[6388:50896162] [MonitoringSampleStore] history=371 capacity=1203
2026-10-03 21:52:15.512111+0900 ResourceRunner[6388:50896162] [MonitoringSampleStore] history=372 capacity=1203
2026-10-03 21:52:15.512214+0900 ResourceRunner[6388:50896162] [MonitoringSampleStore] history=373 capacity=1203
2026-10-03 21:52:15.512312+0900 ResourceRunner[6388:50896162] [MonitoringSampleStore] history=374 capacity=1203
2026-10-03 21:52:15.512411+0900 ResourceRunner[6388:50896162] [MonitoringSampleStore] history=375 capacity=1203
2026-10-03 21:52:15.512510+0900 ResourceRunner[6388:50896162] [MonitoringSampleStore] history=376 capacity=1203
2026-10-03 21:52:15.512609+0900 ResourceRunner[6388:50896162] [MonitoringSampleStore] history=377 capacity=1203
2026-10-03 21:52:15.512708+0900 ResourceRunner[6388:50896162] [MonitoringSampleStore] history=378 capacity=1203
2026-10-03 21:52:15.512809+0900 ResourceRunner[6388:50896162] [MonitoringSampleStore] history=379 capacity=1203
2026-10-03 21:52:15.512908+0900 ResourceRunner[6388:50896162] [MonitoringSampleStore] history=380 capacity=1203
2026-10-03 21:52:15.513008+0900 ResourceRunner[6388:50896162] [MonitoringSampleStore] history=381 capacity=1203
2026-10-03 21:52:15.513107+0900 ResourceRunner[6388:50896162] [MonitoringSampleStore] history=382 capacity=1203
2026-10-03 21:52:15.513208+0900 ResourceRunner[6388:50896162] [MonitoringSampleStore] history=383 capacity=1203
2026-10-03 21:52:15.513308+0900 ResourceRunner[6388:50896162] [MonitoringSampleStore] history=384 capacity=1203
2026-10-03 21:52:15.513413+0900 ResourceRunner[6388:50896162] [MonitoringSampleStore] history=385 capacity=1203
2026-10-03 21:52:15.513517+0900 ResourceRunner[6388:50896162] [MonitoringSampleStore] history=386 capacity=1203
2026-10-03 21:52:15.513624+0900 ResourceRunner[6388:50896162] [MonitoringSampleStore] history=387 capacity=1203
2026-10-03 21:52:15.513717+0900 ResourceRunner[6388:50896162] [MonitoringSampleStore] history=388 capacity=1203
2026-10-03 21:52:15.513819+0900 ResourceRunner[6388:50896162] [MonitoringSampleStore] history=389 capacity=1203
2026-10-03 21:52:15.513921+0900 ResourceRunner[6388:50896162] [MonitoringSampleStore] history=390 capacity=1203
2026-10-03 21:52:15.514022+0900 ResourceRunner[6388:50896162] [MonitoringSampleStore] history=391 capacity=1203
2026-10-03 21:52:15.514124+0900 ResourceRunner[6388:50896162] [MonitoringSampleStore] history=392 capacity=1203
2026-10-03 21:52:15.514231+0900 ResourceRunner[6388:50896162] [MonitoringSampleStore] history=393 capacity=1203
2026-10-03 21:52:15.514338+0900 ResourceRunner[6388:50896162] [MonitoringSampleStore] history=394 capacity=1203
2026-10-03 21:52:15.514440+0900 ResourceRunner[6388:50896162] [MonitoringSampleStore] history=395 capacity=1203
2026-10-03 21:52:15.514544+0900 ResourceRunner[6388:50896162] [MonitoringSampleStore] history=396 capacity=1203
2026-10-03 21:52:15.514642+0900 ResourceRunner[6388:50896162] [MonitoringSampleStore] history=397 capacity=1203
2026-10-03 21:52:15.514746+0900 ResourceRunner[6388:50896162] [MonitoringSampleStore] history=398 capacity=1203
2026-10-03 21:52:15.514861+0900 ResourceRunner[6388:50896162] [MonitoringSampleStore] history=399 capacity=1203
2026-10-03 21:52:15.514972+0900 ResourceRunner[6388:50896162] [MonitoringSampleStore] history=400 capacity=1203
2026-10-03 21:52:15.515078+0900 ResourceRunner[6388:50896162] [MonitoringSampleStore] history=401 capacity=1203
2026-10-03 21:52:15.515185+0900 ResourceRunner[6388:50896162] [MonitoringSampleStore] history=402 capacity=1203
2026-10-03 21:52:15.515292+0900 ResourceRunner[6388:50896162] [MonitoringSampleStore] history=403 capacity=1203
2026-10-03 21:52:15.515396+0900 ResourceRunner[6388:50896162] [MonitoringSampleStore] history=404 capacity=1203
2026-10-03 21:52:15.515501+0900 ResourceRunner[6388:50896162] [MonitoringSampleStore] history=405 capacity=1203
2026-10-03 21:52:15.515609+0900 ResourceRunner[6388:50896162] [MonitoringSampleStore] history=406 capacity=1203
2026-10-03 21:52:15.515713+0900 ResourceRunner[6388:50896162] [MonitoringSampleStore] history=407 capacity=1203
2026-10-03 21:52:15.515817+0900 ResourceRunner[6388:50896162] [MonitoringSampleStore] history=408 capacity=1203
2026-10-03 21:52:15.515922+0900 ResourceRunner[6388:50896162] [MonitoringSampleStore] history=409 capacity=1203
2026-10-03 21:52:15.516027+0900 ResourceRunner[6388:50896162] [MonitoringSampleStore] history=410 capacity=1203
2026-10-03 21:52:15.516132+0900 ResourceRunner[6388:50896162] [MonitoringSampleStore] history=411 capacity=1203
2026-10-03 21:52:15.516237+0900 ResourceRunner[6388:50896162] [MonitoringSampleStore] history=412 capacity=1203
2026-10-03 21:52:15.516342+0900 ResourceRunner[6388:50896162] [MonitoringSampleStore] history=413 capacity=1203
2026-10-03 21:52:15.516448+0900 ResourceRunner[6388:50896162] [MonitoringSampleStore] history=414 capacity=1203
2026-10-03 21:52:15.516553+0900 ResourceRunner[6388:50896162] [MonitoringSampleStore] history=415 capacity=1203
2026-10-03 21:52:15.516661+0900 ResourceRunner[6388:50896162] [MonitoringSampleStore] history=416 capacity=1203
2026-10-03 21:52:15.516771+0900 ResourceRunner[6388:50896162] [MonitoringSampleStore] history=417 capacity=1203
2026-10-03 21:52:15.516878+0900 ResourceRunner[6388:50896162] [MonitoringSampleStore] history=418 capacity=1203
2026-10-03 21:52:15.516984+0900 ResourceRunner[6388:50896162] [MonitoringSampleStore] history=419 capacity=1203
2026-10-03 21:52:15.517090+0900 ResourceRunner[6388:50896162] [MonitoringSampleStore] history=420 capacity=1203
2026-10-03 21:52:15.517198+0900 ResourceRunner[6388:50896162] [MonitoringSampleStore] history=421 capacity=1203
2026-10-03 21:52:15.517305+0900 ResourceRunner[6388:50896162] [MonitoringSampleStore] history=422 capacity=1203
2026-10-03 21:52:15.517412+0900 ResourceRunner[6388:50896162] [MonitoringSampleStore] history=423 capacity=1203
2026-10-03 21:52:15.517520+0900 ResourceRunner[6388:50896162] [MonitoringSampleStore] history=424 capacity=1203
2026-10-03 21:52:15.517627+0900 ResourceRunner[6388:50896162] [MonitoringSampleStore] history=425 capacity=1203
2026-10-03 21:52:15.517736+0900 ResourceRunner[6388:50896162] [MonitoringSampleStore] history=426 capacity=1203
2026-10-03 21:52:15.517844+0900 ResourceRunner[6388:50896162] [MonitoringSampleStore] history=427 capacity=1203
2026-10-03 21:52:15.517952+0900 ResourceRunner[6388:50896162] [MonitoringSampleStore] history=428 capacity=1203
2026-10-03 21:52:15.518065+0900 ResourceRunner[6388:50896162] [MonitoringSampleStore] history=429 capacity=1203
2026-10-03 21:52:15.518173+0900 ResourceRunner[6388:50896162] [MonitoringSampleStore] history=430 capacity=1203
2026-10-03 21:52:15.518282+0900 ResourceRunner[6388:50896162] [MonitoringSampleStore] history=431 capacity=1203
2026-10-03 21:52:15.518390+0900 ResourceRunner[6388:50896162] [MonitoringSampleStore] history=432 capacity=1203
2026-10-03 21:52:15.518501+0900 ResourceRunner[6388:50896162] [MonitoringSampleStore] history=433 capacity=1203
2026-10-03 21:52:15.518618+0900 ResourceRunner[6388:50896162] [MonitoringSampleStore] history=434 capacity=1203
2026-10-03 21:52:15.518733+0900 ResourceRunner[6388:50896162] [MonitoringSampleStore] history=435 capacity=1203
2026-10-03 21:52:15.518844+0900 ResourceRunner[6388:50896162] [MonitoringSampleStore] history=436 capacity=1203
2026-10-03 21:52:15.518953+0900 ResourceRunner[6388:50896162] [MonitoringSampleStore] history=437 capacity=1203
2026-10-03 21:52:15.519063+0900 ResourceRunner[6388:50896162] [MonitoringSampleStore] history=438 capacity=1203
2026-10-03 21:52:15.519174+0900 ResourceRunner[6388:50896162] [MonitoringSampleStore] history=439 capacity=1203
2026-10-03 21:52:15.519292+0900 ResourceRunner[6388:50896162] [MonitoringSampleStore] history=440 capacity=1203
2026-10-03 21:52:15.519411+0900 ResourceRunner[6388:50896162] [MonitoringSampleStore] history=441 capacity=1203
2026-10-03 21:52:15.519528+0900 ResourceRunner[6388:50896162] [MonitoringSampleStore] history=442 capacity=1203
2026-10-03 21:52:15.519639+0900 ResourceRunner[6388:50896162] [MonitoringSampleStore] history=443 capacity=1203
2026-10-03 21:52:15.519750+0900 ResourceRunner[6388:50896162] [MonitoringSampleStore] history=444 capacity=1203
2026-10-03 21:52:15.519861+0900 ResourceRunner[6388:50896162] [MonitoringSampleStore] history=445 capacity=1203
2026-10-03 21:52:15.519973+0900 ResourceRunner[6388:50896162] [MonitoringSampleStore] history=446 capacity=1203
2026-10-03 21:52:15.520085+0900 ResourceRunner[6388:50896162] [MonitoringSampleStore] history=447 capacity=1203
2026-10-03 21:52:15.520197+0900 ResourceRunner[6388:50896162] [MonitoringSampleStore] history=448 capacity=1203
2026-10-03 21:52:15.520309+0900 ResourceRunner[6388:50896162] [MonitoringSampleStore] history=449 capacity=1203
2026-10-03 21:52:15.520423+0900 ResourceRunner[6388:50896162] [MonitoringSampleStore] history=450 capacity=1203
2026-10-03 21:52:15.520535+0900 ResourceRunner[6388:50896162] [MonitoringSampleStore] history=451 capacity=1203
2026-10-03 21:52:15.520648+0900 ResourceRunner[6388:50896162] [MonitoringSampleStore] history=452 capacity=1203
2026-10-03 21:52:15.520760+0900 ResourceRunner[6388:50896162] [MonitoringSampleStore] history=453 capacity=1203
2026-10-03 21:52:15.520873+0900 ResourceRunner[6388:50896162] [MonitoringSampleStore] history=454 capacity=1203
2026-10-03 21:52:15.520987+0900 ResourceRunner[6388:50896162] [MonitoringSampleStore] history=455 capacity=1203
2026-10-03 21:52:15.521102+0900 ResourceRunner[6388:50896162] [MonitoringSampleStore] history=456 capacity=1203
2026-10-03 21:52:15.521214+0900 ResourceRunner[6388:50896162] [MonitoringSampleStore] history=457 capacity=1203
2026-10-03 21:52:15.521328+0900 ResourceRunner[6388:50896162] [MonitoringSampleStore] history=458 capacity=1203
2026-10-03 21:52:15.521442+0900 ResourceRunner[6388:50896162] [MonitoringSampleStore] history=459 capacity=1203
2026-10-03 21:52:15.521556+0900 ResourceRunner[6388:50896162] [MonitoringSampleStore] history=460 capacity=1203
2026-10-03 21:52:15.521671+0900 ResourceRunner[6388:50896162] [MonitoringSampleStore] history=461 capacity=1203
2026-10-03 21:52:15.521787+0900 ResourceRunner[6388:50896162] [MonitoringSampleStore] history=462 capacity=1203
2026-10-03 21:52:15.521906+0900 ResourceRunner[6388:50896162] [MonitoringSampleStore] history=463 capacity=1203
2026-10-03 21:52:15.522028+0900 ResourceRunner[6388:50896162] [MonitoringSampleStore] history=464 capacity=1203
2026-10-03 21:52:15.522153+0900 ResourceRunner[6388:50896162] [MonitoringSampleStore] history=465 capacity=1203
2026-10-03 21:52:15.522277+0900 ResourceRunner[6388:50896162] [MonitoringSampleStore] history=466 capacity=1203
2026-10-03 21:52:15.522395+0900 ResourceRunner[6388:50896162] [MonitoringSampleStore] history=467 capacity=1203
2026-10-03 21:52:15.522511+0900 ResourceRunner[6388:50896162] [MonitoringSampleStore] history=468 capacity=1203
2026-10-03 21:52:15.522643+0900 ResourceRunner[6388:50896162] [MonitoringSampleStore] history=469 capacity=1203
2026-10-03 21:52:15.522763+0900 ResourceRunner[6388:50896162] [MonitoringSampleStore] history=470 capacity=1203
2026-10-03 21:52:15.522884+0900 ResourceRunner[6388:50896162] [MonitoringSampleStore] history=471 capacity=1203
2026-10-03 21:52:15.523007+0900 ResourceRunner[6388:50896162] [MonitoringSampleStore] history=472 capacity=1203
2026-10-03 21:52:15.523137+0900 ResourceRunner[6388:50896162] [MonitoringSampleStore] history=473 capacity=1203
2026-10-03 21:52:15.523256+0900 ResourceRunner[6388:50896162] [MonitoringSampleStore] history=474 capacity=1203
2026-10-03 21:52:15.523369+0900 ResourceRunner[6388:50896162] [MonitoringSampleStore] history=475 capacity=1203
2026-10-03 21:52:15.523500+0900 ResourceRunner[6388:50896162] [MonitoringSampleStore] history=476 capacity=1203
2026-10-03 21:52:15.523616+0900 ResourceRunner[6388:50896162] [MonitoringSampleStore] history=477 capacity=1203
2026-10-03 21:52:15.523749+0900 ResourceRunner[6388:50896162] [MonitoringSampleStore] history=478 capacity=1203
2026-10-03 21:52:15.523870+0900 ResourceRunner[6388:50896162] [MonitoringSampleStore] history=479 capacity=1203
2026-10-03 21:52:15.523991+0900 ResourceRunner[6388:50896162] [MonitoringSampleStore] history=480 capacity=1203
2026-10-03 21:52:15.524121+0900 ResourceRunner[6388:50896162] [MonitoringSampleStore] history=481 capacity=1203
2026-10-03 21:52:15.524255+0900 ResourceRunner[6388:50896162] [MonitoringSampleStore] history=482 capacity=1203
2026-10-03 21:52:15.524370+0900 ResourceRunner[6388:50896162] [MonitoringSampleStore] history=483 capacity=1203
2026-10-03 21:52:15.524493+0900 ResourceRunner[6388:50896162] [MonitoringSampleStore] history=484 capacity=1203
2026-10-03 21:52:15.524620+0900 ResourceRunner[6388:50896162] [MonitoringSampleStore] history=485 capacity=1203
2026-10-03 21:52:15.524743+0900 ResourceRunner[6388:50896162] [MonitoringSampleStore] history=486 capacity=1203
2026-10-03 21:52:15.524863+0900 ResourceRunner[6388:50896162] [MonitoringSampleStore] history=487 capacity=1203
2026-10-03 21:52:15.524997+0900 ResourceRunner[6388:50896162] [MonitoringSampleStore] history=488 capacity=1203
2026-10-03 21:52:15.525117+0900 ResourceRunner[6388:50896162] [MonitoringSampleStore] history=489 capacity=1203
2026-10-03 21:52:15.525247+0900 ResourceRunner[6388:50896162] [MonitoringSampleStore] history=490 capacity=1203
2026-10-03 21:52:15.525370+0900 ResourceRunner[6388:50896162] [MonitoringSampleStore] history=491 capacity=1203
2026-10-03 21:52:15.525493+0900 ResourceRunner[6388:50896162] [MonitoringSampleStore] history=492 capacity=1203
2026-10-03 21:52:15.525618+0900 ResourceRunner[6388:50896162] [MonitoringSampleStore] history=493 capacity=1203
2026-10-03 21:52:15.525742+0900 ResourceRunner[6388:50896162] [MonitoringSampleStore] history=494 capacity=1203
2026-10-03 21:52:15.525872+0900 ResourceRunner[6388:50896162] [MonitoringSampleStore] history=495 capacity=1203
2026-10-03 21:52:15.525998+0900 ResourceRunner[6388:50896162] [MonitoringSampleStore] history=496 capacity=1203
2026-10-03 21:52:15.526126+0900 ResourceRunner[6388:50896162] [MonitoringSampleStore] history=497 capacity=1203
2026-10-03 21:52:15.526257+0900 ResourceRunner[6388:50896162] [MonitoringSampleStore] history=498 capacity=1203
2026-10-03 21:52:15.526387+0900 ResourceRunner[6388:50896162] [MonitoringSampleStore] history=499 capacity=1203
2026-10-03 21:52:15.526520+0900 ResourceRunner[6388:50896162] [MonitoringSampleStore] history=500 capacity=1203
2026-10-03 21:52:15.526652+0900 ResourceRunner[6388:50896162] [MonitoringSampleStore] history=501 capacity=1203
2026-10-03 21:52:15.526769+0900 ResourceRunner[6388:50896162] [MonitoringSampleStore] history=502 capacity=1203
2026-10-03 21:52:15.526889+0900 ResourceRunner[6388:50896162] [MonitoringSampleStore] history=503 capacity=1203
2026-10-03 21:52:15.527024+0900 ResourceRunner[6388:50896162] [MonitoringSampleStore] history=504 capacity=1203
2026-10-03 21:52:15.527157+0900 ResourceRunner[6388:50896162] [MonitoringSampleStore] history=505 capacity=1203
2026-10-03 21:52:15.527290+0900 ResourceRunner[6388:50896162] [MonitoringSampleStore] history=506 capacity=1203
2026-10-03 21:52:15.527423+0900 ResourceRunner[6388:50896162] [MonitoringSampleStore] history=507 capacity=1203
2026-10-03 21:52:15.527545+0900 ResourceRunner[6388:50896162] [MonitoringSampleStore] history=508 capacity=1203
2026-10-03 21:52:15.527674+0900 ResourceRunner[6388:50896162] [MonitoringSampleStore] history=509 capacity=1203
2026-10-03 21:52:15.527815+0900 ResourceRunner[6388:50896162] [MonitoringSampleStore] history=510 capacity=1203
2026-10-03 21:52:15.527946+0900 ResourceRunner[6388:50896162] [MonitoringSampleStore] history=511 capacity=1203
2026-10-03 21:52:15.528085+0900 ResourceRunner[6388:50896162] [MonitoringSampleStore] history=512 capacity=1203
2026-10-03 21:52:15.528222+0900 ResourceRunner[6388:50896162] [MonitoringSampleStore] history=513 capacity=1203
2026-10-03 21:52:15.528346+0900 ResourceRunner[6388:50896162] [MonitoringSampleStore] history=514 capacity=1203
2026-10-03 21:52:15.528469+0900 ResourceRunner[6388:50896162] [MonitoringSampleStore] history=515 capacity=1203
2026-10-03 21:52:15.528592+0900 ResourceRunner[6388:50896162] [MonitoringSampleStore] history=516 capacity=1203
2026-10-03 21:52:15.528723+0900 ResourceRunner[6388:50896162] [MonitoringSampleStore] history=517 capacity=1203
2026-10-03 21:52:15.528854+0900 ResourceRunner[6388:50896162] [MonitoringSampleStore] history=518 capacity=1203
2026-10-03 21:52:15.528981+0900 ResourceRunner[6388:50896162] [MonitoringSampleStore] history=519 capacity=1203
2026-10-03 21:52:15.529114+0900 ResourceRunner[6388:50896162] [MonitoringSampleStore] history=520 capacity=1203
2026-10-03 21:52:15.529251+0900 ResourceRunner[6388:50896162] [MonitoringSampleStore] history=521 capacity=1203
2026-10-03 21:52:15.529382+0900 ResourceRunner[6388:50896162] [MonitoringSampleStore] history=522 capacity=1203
2026-10-03 21:52:15.529506+0900 ResourceRunner[6388:50896162] [MonitoringSampleStore] history=523 capacity=1203
2026-10-03 21:52:15.529632+0900 ResourceRunner[6388:50896162] [MonitoringSampleStore] history=524 capacity=1203
2026-10-03 21:52:15.529767+0900 ResourceRunner[6388:50896162] [MonitoringSampleStore] history=525 capacity=1203
2026-10-03 21:52:15.529904+0900 ResourceRunner[6388:50896162] [MonitoringSampleStore] history=526 capacity=1203
2026-10-03 21:52:15.530034+0900 ResourceRunner[6388:50896162] [MonitoringSampleStore] history=527 capacity=1203
2026-10-03 21:52:15.530182+0900 ResourceRunner[6388:50896162] [MonitoringSampleStore] history=528 capacity=1203
2026-10-03 21:52:15.530318+0900 ResourceRunner[6388:50896162] [MonitoringSampleStore] history=529 capacity=1203
2026-10-03 21:52:15.530455+0900 ResourceRunner[6388:50896162] [MonitoringSampleStore] history=530 capacity=1203
2026-10-03 21:52:15.530587+0900 ResourceRunner[6388:50896162] [MonitoringSampleStore] history=531 capacity=1203
2026-10-03 21:52:15.530719+0900 ResourceRunner[6388:50896162] [MonitoringSampleStore] history=532 capacity=1203
2026-10-03 21:52:15.530849+0900 ResourceRunner[6388:50896162] [MonitoringSampleStore] history=533 capacity=1203
2026-10-03 21:52:15.530979+0900 ResourceRunner[6388:50896162] [MonitoringSampleStore] history=534 capacity=1203
2026-10-03 21:52:15.531107+0900 ResourceRunner[6388:50896162] [MonitoringSampleStore] history=535 capacity=1203
2026-10-03 21:52:15.531247+0900 ResourceRunner[6388:50896162] [MonitoringSampleStore] history=536 capacity=1203
2026-10-03 21:52:15.531380+0900 ResourceRunner[6388:50896162] [MonitoringSampleStore] history=537 capacity=1203
2026-10-03 21:52:15.531516+0900 ResourceRunner[6388:50896162] [MonitoringSampleStore] history=538 capacity=1203
2026-10-03 21:52:15.531652+0900 ResourceRunner[6388:50896162] [MonitoringSampleStore] history=539 capacity=1203
2026-10-03 21:52:15.531796+0900 ResourceRunner[6388:50896162] [MonitoringSampleStore] history=540 capacity=1203
2026-10-03 21:52:15.531938+0900 ResourceRunner[6388:50896162] [MonitoringSampleStore] history=541 capacity=1203
2026-10-03 21:52:15.532071+0900 ResourceRunner[6388:50896162] [MonitoringSampleStore] history=542 capacity=1203
2026-10-03 21:52:15.532208+0900 ResourceRunner[6388:50896162] [MonitoringSampleStore] history=543 capacity=1203
2026-10-03 21:52:15.532342+0900 ResourceRunner[6388:50896162] [MonitoringSampleStore] history=544 capacity=1203
2026-10-03 21:52:15.532474+0900 ResourceRunner[6388:50896162] [MonitoringSampleStore] history=545 capacity=1203
2026-10-03 21:52:15.532611+0900 ResourceRunner[6388:50896162] [MonitoringSampleStore] history=546 capacity=1203
2026-10-03 21:52:15.532741+0900 ResourceRunner[6388:50896162] [MonitoringSampleStore] history=547 capacity=1203
2026-10-03 21:52:15.532877+0900 ResourceRunner[6388:50896162] [MonitoringSampleStore] history=548 capacity=1203
2026-10-03 21:52:15.533006+0900 ResourceRunner[6388:50896162] [MonitoringSampleStore] history=549 capacity=1203
2026-10-03 21:52:15.533146+0900 ResourceRunner[6388:50896162] [MonitoringSampleStore] history=550 capacity=1203
2026-10-03 21:52:15.533292+0900 ResourceRunner[6388:50896162] [MonitoringSampleStore] history=551 capacity=1203
2026-10-03 21:52:15.533429+0900 ResourceRunner[6388:50896162] [MonitoringSampleStore] history=552 capacity=1203
2026-10-03 21:52:15.533569+0900 ResourceRunner[6388:50896162] [MonitoringSampleStore] history=553 capacity=1203
2026-10-03 21:52:15.533706+0900 ResourceRunner[6388:50896162] [MonitoringSampleStore] history=554 capacity=1203
2026-10-03 21:52:15.533840+0900 ResourceRunner[6388:50896162] [MonitoringSampleStore] history=555 capacity=1203
2026-10-03 21:52:15.533971+0900 ResourceRunner[6388:50896162] [MonitoringSampleStore] history=556 capacity=1203
2026-10-03 21:52:15.534103+0900 ResourceRunner[6388:50896162] [MonitoringSampleStore] history=557 capacity=1203
2026-10-03 21:52:15.534244+0900 ResourceRunner[6388:50896162] [MonitoringSampleStore] history=558 capacity=1203
2026-10-03 21:52:15.534379+0900 ResourceRunner[6388:50896162] [MonitoringSampleStore] history=559 capacity=1203
2026-10-03 21:52:15.534521+0900 ResourceRunner[6388:50896162] [MonitoringSampleStore] history=560 capacity=1203
2026-10-03 21:52:15.534653+0900 ResourceRunner[6388:50896162] [MonitoringSampleStore] history=561 capacity=1203
2026-10-03 21:52:15.534794+0900 ResourceRunner[6388:50896162] [MonitoringSampleStore] history=562 capacity=1203
2026-10-03 21:52:15.534937+0900 ResourceRunner[6388:50896162] [MonitoringSampleStore] history=563 capacity=1203
2026-10-03 21:52:15.535080+0900 ResourceRunner[6388:50896162] [MonitoringSampleStore] history=564 capacity=1203
2026-10-03 21:52:15.535222+0900 ResourceRunner[6388:50896162] [MonitoringSampleStore] history=565 capacity=1203
2026-10-03 21:52:15.535363+0900 ResourceRunner[6388:50896162] [MonitoringSampleStore] history=566 capacity=1203
2026-10-03 21:52:15.535502+0900 ResourceRunner[6388:50896162] [MonitoringSampleStore] history=567 capacity=1203
2026-10-03 21:52:15.535648+0900 ResourceRunner[6388:50896162] [MonitoringSampleStore] history=568 capacity=1203
2026-10-03 21:52:15.535779+0900 ResourceRunner[6388:50896162] [MonitoringSampleStore] history=569 capacity=1203
2026-10-03 21:52:15.535925+0900 ResourceRunner[6388:50896162] [MonitoringSampleStore] history=570 capacity=1203
2026-10-03 21:52:15.536064+0900 ResourceRunner[6388:50896162] [MonitoringSampleStore] history=571 capacity=1203
2026-10-03 21:52:15.536201+0900 ResourceRunner[6388:50896162] [MonitoringSampleStore] history=572 capacity=1203
2026-10-03 21:52:15.536344+0900 ResourceRunner[6388:50896162] [MonitoringSampleStore] history=573 capacity=1203
2026-10-03 21:52:15.536486+0900 ResourceRunner[6388:50896162] [MonitoringSampleStore] history=574 capacity=1203
2026-10-03 21:52:15.536625+0900 ResourceRunner[6388:50896162] [MonitoringSampleStore] history=575 capacity=1203
2026-10-03 21:52:15.536761+0900 ResourceRunner[6388:50896162] [MonitoringSampleStore] history=576 capacity=1203
2026-10-03 21:52:15.536898+0900 ResourceRunner[6388:50896162] [MonitoringSampleStore] history=577 capacity=1203
2026-10-03 21:52:15.537042+0900 ResourceRunner[6388:50896162] [MonitoringSampleStore] history=578 capacity=1203
2026-10-03 21:52:15.537187+0900 ResourceRunner[6388:50896162] [MonitoringSampleStore] history=579 capacity=1203
2026-10-03 21:52:15.537337+0900 ResourceRunner[6388:50896162] [MonitoringSampleStore] history=580 capacity=1203
2026-10-03 21:52:15.537475+0900 ResourceRunner[6388:50896162] [MonitoringSampleStore] history=581 capacity=1203
2026-10-03 21:52:15.537616+0900 ResourceRunner[6388:50896162] [MonitoringSampleStore] history=582 capacity=1203
2026-10-03 21:52:15.537760+0900 ResourceRunner[6388:50896162] [MonitoringSampleStore] history=583 capacity=1203
2026-10-03 21:52:15.537903+0900 ResourceRunner[6388:50896162] [MonitoringSampleStore] history=584 capacity=1203
2026-10-03 21:52:15.538054+0900 ResourceRunner[6388:50896162] [MonitoringSampleStore] history=585 capacity=1203
2026-10-03 21:52:15.538195+0900 ResourceRunner[6388:50896162] [MonitoringSampleStore] history=586 capacity=1203
2026-10-03 21:52:15.538349+0900 ResourceRunner[6388:50896162] [MonitoringSampleStore] history=587 capacity=1203
2026-10-03 21:52:15.538488+0900 ResourceRunner[6388:50896162] [MonitoringSampleStore] history=588 capacity=1203
2026-10-03 21:52:15.538625+0900 ResourceRunner[6388:50896162] [MonitoringSampleStore] history=589 capacity=1203
2026-10-03 21:52:15.538770+0900 ResourceRunner[6388:50896162] [MonitoringSampleStore] history=590 capacity=1203
2026-10-03 21:52:15.538908+0900 ResourceRunner[6388:50896162] [MonitoringSampleStore] history=591 capacity=1203
2026-10-03 21:52:15.539057+0900 ResourceRunner[6388:50896162] [MonitoringSampleStore] history=592 capacity=1203
2026-10-03 21:52:15.539206+0900 ResourceRunner[6388:50896162] [MonitoringSampleStore] history=593 capacity=1203
2026-10-03 21:52:15.539353+0900 ResourceRunner[6388:50896162] [MonitoringSampleStore] history=594 capacity=1203
2026-10-03 21:52:15.539495+0900 ResourceRunner[6388:50896162] [MonitoringSampleStore] history=595 capacity=1203
2026-10-03 21:52:15.539649+0900 ResourceRunner[6388:50896162] [MonitoringSampleStore] history=596 capacity=1203
2026-10-03 21:52:15.539796+0900 ResourceRunner[6388:50896162] [MonitoringSampleStore] history=597 capacity=1203
2026-10-03 21:52:15.539936+0900 ResourceRunner[6388:50896162] [MonitoringSampleStore] history=598 capacity=1203
2026-10-03 21:52:15.540082+0900 ResourceRunner[6388:50896162] [MonitoringSampleStore] history=599 capacity=1203
2026-10-03 21:52:15.540228+0900 ResourceRunner[6388:50896162] [MonitoringSampleStore] history=600 capacity=1203
2026-10-03 21:52:15.540366+0900 ResourceRunner[6388:50896162] [MonitoringSampleStore] history=601 capacity=1203
2026-10-03 21:52:15.540516+0900 ResourceRunner[6388:50896162] [MonitoringSampleStore] history=602 capacity=1203
2026-10-03 21:52:15.540663+0900 ResourceRunner[6388:50896162] [MonitoringSampleStore] history=603 capacity=1203
2026-10-03 21:52:15.540812+0900 ResourceRunner[6388:50896162] [MonitoringSampleStore] history=604 capacity=1203
2026-10-03 21:52:15.540971+0900 ResourceRunner[6388:50896162] [MonitoringSampleStore] history=605 capacity=1203
2026-10-03 21:52:15.541126+0900 ResourceRunner[6388:50896162] [MonitoringSampleStore] history=606 capacity=1203
2026-10-03 21:52:15.541273+0900 ResourceRunner[6388:50896162] [MonitoringSampleStore] history=607 capacity=1203
2026-10-03 21:52:15.541425+0900 ResourceRunner[6388:50896162] [MonitoringSampleStore] history=608 capacity=1203
2026-10-03 21:52:15.541576+0900 ResourceRunner[6388:50896162] [MonitoringSampleStore] history=609 capacity=1203
2026-10-03 21:52:15.541724+0900 ResourceRunner[6388:50896162] [MonitoringSampleStore] history=610 capacity=1203
2026-10-03 21:52:15.541863+0900 ResourceRunner[6388:50896162] [MonitoringSampleStore] history=611 capacity=1203
2026-10-03 21:52:15.542014+0900 ResourceRunner[6388:50896162] [MonitoringSampleStore] history=612 capacity=1203
2026-10-03 21:52:15.542165+0900 ResourceRunner[6388:50896162] [MonitoringSampleStore] history=613 capacity=1203
2026-10-03 21:52:15.542313+0900 ResourceRunner[6388:50896162] [MonitoringSampleStore] history=614 capacity=1203
2026-10-03 21:52:15.542462+0900 ResourceRunner[6388:50896162] [MonitoringSampleStore] history=615 capacity=1203
2026-10-03 21:52:15.542619+0900 ResourceRunner[6388:50896162] [MonitoringSampleStore] history=616 capacity=1203
2026-10-03 21:52:15.542765+0900 ResourceRunner[6388:50896162] [MonitoringSampleStore] history=617 capacity=1203
2026-10-03 21:52:15.542915+0900 ResourceRunner[6388:50896162] [MonitoringSampleStore] history=618 capacity=1203
2026-10-03 21:52:15.543057+0900 ResourceRunner[6388:50896162] [MonitoringSampleStore] history=619 capacity=1203
2026-10-03 21:52:15.543200+0900 ResourceRunner[6388:50896162] [MonitoringSampleStore] history=620 capacity=1203
2026-10-03 21:52:15.543354+0900 ResourceRunner[6388:50896162] [MonitoringSampleStore] history=621 capacity=1203
2026-10-03 21:52:15.543509+0900 ResourceRunner[6388:50896162] [MonitoringSampleStore] history=622 capacity=1203
2026-10-03 21:52:15.543675+0900 ResourceRunner[6388:50896162] [MonitoringSampleStore] history=623 capacity=1203
2026-10-03 21:52:15.543817+0900 ResourceRunner[6388:50896162] [MonitoringSampleStore] history=624 capacity=1203
2026-10-03 21:52:15.543968+0900 ResourceRunner[6388:50896162] [MonitoringSampleStore] history=625 capacity=1203
2026-10-03 21:52:15.544134+0900 ResourceRunner[6388:50896162] [MonitoringSampleStore] history=626 capacity=1203
2026-10-03 21:52:15.544288+0900 ResourceRunner[6388:50896162] [MonitoringSampleStore] history=627 capacity=1203
2026-10-03 21:52:15.544432+0900 ResourceRunner[6388:50896162] [MonitoringSampleStore] history=628 capacity=1203
2026-10-03 21:52:15.544575+0900 ResourceRunner[6388:50896162] [MonitoringSampleStore] history=629 capacity=1203
2026-10-03 21:52:15.544727+0900 ResourceRunner[6388:50896162] [MonitoringSampleStore] history=630 capacity=1203
2026-10-03 21:52:15.544887+0900 ResourceRunner[6388:50896162] [MonitoringSampleStore] history=631 capacity=1203
2026-10-03 21:52:15.545040+0900 ResourceRunner[6388:50896162] [MonitoringSampleStore] history=632 capacity=1203
2026-10-03 21:52:15.545193+0900 ResourceRunner[6388:50896162] [MonitoringSampleStore] history=633 capacity=1203
2026-10-03 21:52:15.545349+0900 ResourceRunner[6388:50896162] [MonitoringSampleStore] history=634 capacity=1203
2026-10-03 21:52:15.545507+0900 ResourceRunner[6388:50896162] [MonitoringSampleStore] history=635 capacity=1203
2026-10-03 21:52:15.545659+0900 ResourceRunner[6388:50896162] [MonitoringSampleStore] history=636 capacity=1203
2026-10-03 21:52:15.545804+0900 ResourceRunner[6388:50896162] [MonitoringSampleStore] history=637 capacity=1203
2026-10-03 21:52:15.545949+0900 ResourceRunner[6388:50896162] [MonitoringSampleStore] history=638 capacity=1203
2026-10-03 21:52:15.546094+0900 ResourceRunner[6388:50896162] [MonitoringSampleStore] history=639 capacity=1203
2026-10-03 21:52:15.546250+0900 ResourceRunner[6388:50896162] [MonitoringSampleStore] history=640 capacity=1203
2026-10-03 21:52:15.546396+0900 ResourceRunner[6388:50896162] [MonitoringSampleStore] history=641 capacity=1203
2026-10-03 21:52:15.546540+0900 ResourceRunner[6388:50896162] [MonitoringSampleStore] history=642 capacity=1203
2026-10-03 21:52:15.546688+0900 ResourceRunner[6388:50896162] [MonitoringSampleStore] history=643 capacity=1203
2026-10-03 21:52:15.546836+0900 ResourceRunner[6388:50896162] [MonitoringSampleStore] history=644 capacity=1203
2026-10-03 21:52:15.546984+0900 ResourceRunner[6388:50896162] [MonitoringSampleStore] history=645 capacity=1203
2026-10-03 21:52:15.547132+0900 ResourceRunner[6388:50896162] [MonitoringSampleStore] history=646 capacity=1203
2026-10-03 21:52:15.547280+0900 ResourceRunner[6388:50896162] [MonitoringSampleStore] history=647 capacity=1203
2026-10-03 21:52:15.547429+0900 ResourceRunner[6388:50896162] [MonitoringSampleStore] history=648 capacity=1203
2026-10-03 21:52:15.547578+0900 ResourceRunner[6388:50896162] [MonitoringSampleStore] history=649 capacity=1203
2026-10-03 21:52:15.547727+0900 ResourceRunner[6388:50896162] [MonitoringSampleStore] history=650 capacity=1203
2026-10-03 21:52:15.547876+0900 ResourceRunner[6388:50896162] [MonitoringSampleStore] history=651 capacity=1203
2026-10-03 21:52:15.548026+0900 ResourceRunner[6388:50896162] [MonitoringSampleStore] history=652 capacity=1203
2026-10-03 21:52:15.548177+0900 ResourceRunner[6388:50896162] [MonitoringSampleStore] history=653 capacity=1203
2026-10-03 21:52:15.548326+0900 ResourceRunner[6388:50896162] [MonitoringSampleStore] history=654 capacity=1203
2026-10-03 21:52:15.548476+0900 ResourceRunner[6388:50896162] [MonitoringSampleStore] history=655 capacity=1203
2026-10-03 21:52:15.548628+0900 ResourceRunner[6388:50896162] [MonitoringSampleStore] history=656 capacity=1203
2026-10-03 21:52:15.548779+0900 ResourceRunner[6388:50896162] [MonitoringSampleStore] history=657 capacity=1203
2026-10-03 21:52:15.548930+0900 ResourceRunner[6388:50896162] [MonitoringSampleStore] history=658 capacity=1203
2026-10-03 21:52:15.549084+0900 ResourceRunner[6388:50896162] [MonitoringSampleStore] history=659 capacity=1203
2026-10-03 21:52:15.549230+0900 ResourceRunner[6388:50896162] [MonitoringSampleStore] history=660 capacity=1203
2026-10-03 21:52:15.549381+0900 ResourceRunner[6388:50896162] [MonitoringSampleStore] history=661 capacity=1203
2026-10-03 21:52:15.549544+0900 ResourceRunner[6388:50896162] [MonitoringSampleStore] history=662 capacity=1203
2026-10-03 21:52:15.549699+0900 ResourceRunner[6388:50896162] [MonitoringSampleStore] history=663 capacity=1203
2026-10-03 21:52:15.549854+0900 ResourceRunner[6388:50896162] [MonitoringSampleStore] history=664 capacity=1203
2026-10-03 21:52:15.550010+0900 ResourceRunner[6388:50896162] [MonitoringSampleStore] history=665 capacity=1203
2026-10-03 21:52:15.550161+0900 ResourceRunner[6388:50896162] [MonitoringSampleStore] history=666 capacity=1203
2026-10-03 21:52:15.550312+0900 ResourceRunner[6388:50896162] [MonitoringSampleStore] history=667 capacity=1203
2026-10-03 21:52:15.550463+0900 ResourceRunner[6388:50896162] [MonitoringSampleStore] history=668 capacity=1203
2026-10-03 21:52:15.550614+0900 ResourceRunner[6388:50896162] [MonitoringSampleStore] history=669 capacity=1203
2026-10-03 21:52:15.550765+0900 ResourceRunner[6388:50896162] [MonitoringSampleStore] history=670 capacity=1203
2026-10-03 21:52:15.550917+0900 ResourceRunner[6388:50896162] [MonitoringSampleStore] history=671 capacity=1203
2026-10-03 21:52:15.551070+0900 ResourceRunner[6388:50896162] [MonitoringSampleStore] history=672 capacity=1203
2026-10-03 21:52:15.551231+0900 ResourceRunner[6388:50896162] [MonitoringSampleStore] history=673 capacity=1203
2026-10-03 21:52:15.551384+0900 ResourceRunner[6388:50896162] [MonitoringSampleStore] history=674 capacity=1203
2026-10-03 21:52:15.551546+0900 ResourceRunner[6388:50896162] [MonitoringSampleStore] history=675 capacity=1203
2026-10-03 21:52:15.551699+0900 ResourceRunner[6388:50896162] [MonitoringSampleStore] history=676 capacity=1203
2026-10-03 21:52:15.551860+0900 ResourceRunner[6388:50896162] [MonitoringSampleStore] history=677 capacity=1203
2026-10-03 21:52:15.552014+0900 ResourceRunner[6388:50896162] [MonitoringSampleStore] history=678 capacity=1203
2026-10-03 21:52:15.552176+0900 ResourceRunner[6388:50896162] [MonitoringSampleStore] history=679 capacity=1203
2026-10-03 21:52:15.552338+0900 ResourceRunner[6388:50896162] [MonitoringSampleStore] history=680 capacity=1203
2026-10-03 21:52:15.552493+0900 ResourceRunner[6388:50896162] [MonitoringSampleStore] history=681 capacity=1203
2026-10-03 21:52:15.552655+0900 ResourceRunner[6388:50896162] [MonitoringSampleStore] history=682 capacity=1203
2026-10-03 21:52:15.552810+0900 ResourceRunner[6388:50896162] [MonitoringSampleStore] history=683 capacity=1203
2026-10-03 21:52:15.552966+0900 ResourceRunner[6388:50896162] [MonitoringSampleStore] history=684 capacity=1203
2026-10-03 21:52:15.553122+0900 ResourceRunner[6388:50896162] [MonitoringSampleStore] history=685 capacity=1203
2026-10-03 21:52:15.553278+0900 ResourceRunner[6388:50896162] [MonitoringSampleStore] history=686 capacity=1203
2026-10-03 21:52:15.553434+0900 ResourceRunner[6388:50896162] [MonitoringSampleStore] history=687 capacity=1203
2026-10-03 21:52:15.553590+0900 ResourceRunner[6388:50896162] [MonitoringSampleStore] history=688 capacity=1203
2026-10-03 21:52:15.553749+0900 ResourceRunner[6388:50896162] [MonitoringSampleStore] history=689 capacity=1203
2026-10-03 21:52:15.553904+0900 ResourceRunner[6388:50896162] [MonitoringSampleStore] history=690 capacity=1203
2026-10-03 21:52:15.554061+0900 ResourceRunner[6388:50896162] [MonitoringSampleStore] history=691 capacity=1203
2026-10-03 21:52:15.554220+0900 ResourceRunner[6388:50896162] [MonitoringSampleStore] history=692 capacity=1203
2026-10-03 21:52:15.554377+0900 ResourceRunner[6388:50896162] [MonitoringSampleStore] history=693 capacity=1203
2026-10-03 21:52:15.554534+0900 ResourceRunner[6388:50896162] [MonitoringSampleStore] history=694 capacity=1203
2026-10-03 21:52:15.554692+0900 ResourceRunner[6388:50896162] [MonitoringSampleStore] history=695 capacity=1203
2026-10-03 21:52:15.554850+0900 ResourceRunner[6388:50896162] [MonitoringSampleStore] history=696 capacity=1203
2026-10-03 21:52:15.555008+0900 ResourceRunner[6388:50896162] [MonitoringSampleStore] history=697 capacity=1203
2026-10-03 21:52:15.555166+0900 ResourceRunner[6388:50896162] [MonitoringSampleStore] history=698 capacity=1203
2026-10-03 21:52:15.555325+0900 ResourceRunner[6388:50896162] [MonitoringSampleStore] history=699 capacity=1203
2026-10-03 21:52:15.555483+0900 ResourceRunner[6388:50896162] [MonitoringSampleStore] history=700 capacity=1203
2026-10-03 21:52:15.555642+0900 ResourceRunner[6388:50896162] [MonitoringSampleStore] history=701 capacity=1203
2026-10-03 21:52:15.555802+0900 ResourceRunner[6388:50896162] [MonitoringSampleStore] history=702 capacity=1203
2026-10-03 21:52:15.555961+0900 ResourceRunner[6388:50896162] [MonitoringSampleStore] history=703 capacity=1203
2026-10-03 21:52:15.556120+0900 ResourceRunner[6388:50896162] [MonitoringSampleStore] history=704 capacity=1203
2026-10-03 21:52:15.556280+0900 ResourceRunner[6388:50896162] [MonitoringSampleStore] history=705 capacity=1203
2026-10-03 21:52:15.556440+0900 ResourceRunner[6388:50896162] [MonitoringSampleStore] history=706 capacity=1203
2026-10-03 21:52:15.556600+0900 ResourceRunner[6388:50896162] [MonitoringSampleStore] history=707 capacity=1203
2026-10-03 21:52:15.556774+0900 ResourceRunner[6388:50896162] [MonitoringSampleStore] history=708 capacity=1203
2026-10-03 21:52:15.556936+0900 ResourceRunner[6388:50896162] [MonitoringSampleStore] history=709 capacity=1203
2026-10-03 21:52:15.557096+0900 ResourceRunner[6388:50896162] [MonitoringSampleStore] history=710 capacity=1203
2026-10-03 21:52:15.557257+0900 ResourceRunner[6388:50896162] [MonitoringSampleStore] history=711 capacity=1203
2026-10-03 21:52:15.557437+0900 ResourceRunner[6388:50896162] [MonitoringSampleStore] history=712 capacity=1203
2026-10-03 21:52:15.557607+0900 ResourceRunner[6388:50896162] [MonitoringSampleStore] history=713 capacity=1203
2026-10-03 21:52:15.557770+0900 ResourceRunner[6388:50896162] [MonitoringSampleStore] history=714 capacity=1203
2026-10-03 21:52:15.557933+0900 ResourceRunner[6388:50896162] [MonitoringSampleStore] history=715 capacity=1203
2026-10-03 21:52:15.558096+0900 ResourceRunner[6388:50896162] [MonitoringSampleStore] history=716 capacity=1203
2026-10-03 21:52:15.558266+0900 ResourceRunner[6388:50896162] [MonitoringSampleStore] history=717 capacity=1203
2026-10-03 21:52:15.558431+0900 ResourceRunner[6388:50896162] [MonitoringSampleStore] history=718 capacity=1203
2026-10-03 21:52:15.558593+0900 ResourceRunner[6388:50896162] [MonitoringSampleStore] history=719 capacity=1203
2026-10-03 21:52:15.558755+0900 ResourceRunner[6388:50896162] [MonitoringSampleStore] history=720 capacity=1203
2026-10-03 21:52:15.558918+0900 ResourceRunner[6388:50896162] [MonitoringSampleStore] history=721 capacity=1203
2026-10-03 21:52:15.559097+0900 ResourceRunner[6388:50896162] [MonitoringSampleStore] history=722 capacity=1203
2026-10-03 21:52:15.559268+0900 ResourceRunner[6388:50896162] [MonitoringSampleStore] history=723 capacity=1203
2026-10-03 21:52:15.559432+0900 ResourceRunner[6388:50896162] [MonitoringSampleStore] history=724 capacity=1203
2026-10-03 21:52:15.559597+0900 ResourceRunner[6388:50896162] [MonitoringSampleStore] history=725 capacity=1203
2026-10-03 21:52:15.559760+0900 ResourceRunner[6388:50896162] [MonitoringSampleStore] history=726 capacity=1203
2026-10-03 21:52:15.559928+0900 ResourceRunner[6388:50896162] [MonitoringSampleStore] history=727 capacity=1203
2026-10-03 21:52:15.560098+0900 ResourceRunner[6388:50896162] [MonitoringSampleStore] history=728 capacity=1203
2026-10-03 21:52:15.560263+0900 ResourceRunner[6388:50896162] [MonitoringSampleStore] history=729 capacity=1203
2026-10-03 21:52:15.560427+0900 ResourceRunner[6388:50896162] [MonitoringSampleStore] history=730 capacity=1203
2026-10-03 21:52:15.560592+0900 ResourceRunner[6388:50896162] [MonitoringSampleStore] history=731 capacity=1203
2026-10-03 21:52:15.560758+0900 ResourceRunner[6388:50896162] [MonitoringSampleStore] history=732 capacity=1203
2026-10-03 21:52:15.560923+0900 ResourceRunner[6388:50896162] [MonitoringSampleStore] history=733 capacity=1203
2026-10-03 21:52:15.561088+0900 ResourceRunner[6388:50896162] [MonitoringSampleStore] history=734 capacity=1203
2026-10-03 21:52:15.561254+0900 ResourceRunner[6388:50896162] [MonitoringSampleStore] history=735 capacity=1203
2026-10-03 21:52:15.561420+0900 ResourceRunner[6388:50896162] [MonitoringSampleStore] history=736 capacity=1203
2026-10-03 21:52:15.561585+0900 ResourceRunner[6388:50896162] [MonitoringSampleStore] history=737 capacity=1203
2026-10-03 21:52:15.561752+0900 ResourceRunner[6388:50896162] [MonitoringSampleStore] history=738 capacity=1203
2026-10-03 21:52:15.561919+0900 ResourceRunner[6388:50896162] [MonitoringSampleStore] history=739 capacity=1203
2026-10-03 21:52:15.562094+0900 ResourceRunner[6388:50896162] [MonitoringSampleStore] history=740 capacity=1203
2026-10-03 21:52:15.562261+0900 ResourceRunner[6388:50896162] [MonitoringSampleStore] history=741 capacity=1203
2026-10-03 21:52:15.562436+0900 ResourceRunner[6388:50896162] [MonitoringSampleStore] history=742 capacity=1203
2026-10-03 21:52:15.562604+0900 ResourceRunner[6388:50896162] [MonitoringSampleStore] history=743 capacity=1203
2026-10-03 21:52:15.562771+0900 ResourceRunner[6388:50896162] [MonitoringSampleStore] history=744 capacity=1203
2026-10-03 21:52:15.562939+0900 ResourceRunner[6388:50896162] [MonitoringSampleStore] history=745 capacity=1203
2026-10-03 21:52:15.563109+0900 ResourceRunner[6388:50896162] [MonitoringSampleStore] history=746 capacity=1203
2026-10-03 21:52:15.563276+0900 ResourceRunner[6388:50896162] [MonitoringSampleStore] history=747 capacity=1203
2026-10-03 21:52:15.563444+0900 ResourceRunner[6388:50896162] [MonitoringSampleStore] history=748 capacity=1203
2026-10-03 21:52:15.563613+0900 ResourceRunner[6388:50896162] [MonitoringSampleStore] history=749 capacity=1203
2026-10-03 21:52:15.563782+0900 ResourceRunner[6388:50896162] [MonitoringSampleStore] history=750 capacity=1203
2026-10-03 21:52:15.563951+0900 ResourceRunner[6388:50896162] [MonitoringSampleStore] history=751 capacity=1203
2026-10-03 21:52:15.564121+0900 ResourceRunner[6388:50896162] [MonitoringSampleStore] history=752 capacity=1203
2026-10-03 21:52:15.564291+0900 ResourceRunner[6388:50896162] [MonitoringSampleStore] history=753 capacity=1203
2026-10-03 21:52:15.564461+0900 ResourceRunner[6388:50896162] [MonitoringSampleStore] history=754 capacity=1203
2026-10-03 21:52:15.564642+0900 ResourceRunner[6388:50896162] [MonitoringSampleStore] history=755 capacity=1203
2026-10-03 21:52:15.564821+0900 ResourceRunner[6388:50896162] [MonitoringSampleStore] history=756 capacity=1203
2026-10-03 21:52:15.564990+0900 ResourceRunner[6388:50896162] [MonitoringSampleStore] history=757 capacity=1203
2026-10-03 21:52:15.565161+0900 ResourceRunner[6388:50896162] [MonitoringSampleStore] history=758 capacity=1203
2026-10-03 21:52:15.565333+0900 ResourceRunner[6388:50896162] [MonitoringSampleStore] history=759 capacity=1203
2026-10-03 21:52:15.565502+0900 ResourceRunner[6388:50896162] [MonitoringSampleStore] history=760 capacity=1203
2026-10-03 21:52:15.565673+0900 ResourceRunner[6388:50896162] [MonitoringSampleStore] history=761 capacity=1203
2026-10-03 21:52:15.565844+0900 ResourceRunner[6388:50896162] [MonitoringSampleStore] history=762 capacity=1203
2026-10-03 21:52:15.566016+0900 ResourceRunner[6388:50896162] [MonitoringSampleStore] history=763 capacity=1203
2026-10-03 21:52:15.566189+0900 ResourceRunner[6388:50896162] [MonitoringSampleStore] history=764 capacity=1203
2026-10-03 21:52:15.566370+0900 ResourceRunner[6388:50896162] [MonitoringSampleStore] history=765 capacity=1203
2026-10-03 21:52:15.566542+0900 ResourceRunner[6388:50896162] [MonitoringSampleStore] history=766 capacity=1203
2026-10-03 21:52:15.566714+0900 ResourceRunner[6388:50896162] [MonitoringSampleStore] history=767 capacity=1203
2026-10-03 21:52:15.566888+0900 ResourceRunner[6388:50896162] [MonitoringSampleStore] history=768 capacity=1203
2026-10-03 21:52:15.567065+0900 ResourceRunner[6388:50896162] [MonitoringSampleStore] history=769 capacity=1203
2026-10-03 21:52:15.567237+0900 ResourceRunner[6388:50896162] [MonitoringSampleStore] history=770 capacity=1203
2026-10-03 21:52:15.567410+0900 ResourceRunner[6388:50896162] [MonitoringSampleStore] history=771 capacity=1203
2026-10-03 21:52:15.567593+0900 ResourceRunner[6388:50896162] [MonitoringSampleStore] history=772 capacity=1203
2026-10-03 21:52:15.567766+0900 ResourceRunner[6388:50896162] [MonitoringSampleStore] history=773 capacity=1203
2026-10-03 21:52:15.567939+0900 ResourceRunner[6388:50896162] [MonitoringSampleStore] history=774 capacity=1203
2026-10-03 21:52:15.568114+0900 ResourceRunner[6388:50896162] [MonitoringSampleStore] history=775 capacity=1203
2026-10-03 21:52:15.568287+0900 ResourceRunner[6388:50896162] [MonitoringSampleStore] history=776 capacity=1203
2026-10-03 21:52:15.568461+0900 ResourceRunner[6388:50896162] [MonitoringSampleStore] history=777 capacity=1203
2026-10-03 21:52:15.568636+0900 ResourceRunner[6388:50896162] [MonitoringSampleStore] history=778 capacity=1203
2026-10-03 21:52:15.568810+0900 ResourceRunner[6388:50896162] [MonitoringSampleStore] history=779 capacity=1203
2026-10-03 21:52:15.568984+0900 ResourceRunner[6388:50896162] [MonitoringSampleStore] history=780 capacity=1203
2026-10-03 21:52:15.569159+0900 ResourceRunner[6388:50896162] [MonitoringSampleStore] history=781 capacity=1203
2026-10-03 21:52:15.569343+0900 ResourceRunner[6388:50896162] [MonitoringSampleStore] history=782 capacity=1203
2026-10-03 21:52:15.569518+0900 ResourceRunner[6388:50896162] [MonitoringSampleStore] history=783 capacity=1203
2026-10-03 21:52:15.569695+0900 ResourceRunner[6388:50896162] [MonitoringSampleStore] history=784 capacity=1203
2026-10-03 21:52:15.569871+0900 ResourceRunner[6388:50896162] [MonitoringSampleStore] history=785 capacity=1203
2026-10-03 21:52:15.570055+0900 ResourceRunner[6388:50896162] [MonitoringSampleStore] history=786 capacity=1203
2026-10-03 21:52:15.570231+0900 ResourceRunner[6388:50896162] [MonitoringSampleStore] history=787 capacity=1203
2026-10-03 21:52:15.570407+0900 ResourceRunner[6388:50896162] [MonitoringSampleStore] history=788 capacity=1203
2026-10-03 21:52:15.570584+0900 ResourceRunner[6388:50896162] [MonitoringSampleStore] history=789 capacity=1203
2026-10-03 21:52:15.570760+0900 ResourceRunner[6388:50896162] [MonitoringSampleStore] history=790 capacity=1203
2026-10-03 21:52:15.570939+0900 ResourceRunner[6388:50896162] [MonitoringSampleStore] history=791 capacity=1203
2026-10-03 21:52:15.571115+0900 ResourceRunner[6388:50896162] [MonitoringSampleStore] history=792 capacity=1203
2026-10-03 21:52:15.571292+0900 ResourceRunner[6388:50896162] [MonitoringSampleStore] history=793 capacity=1203
2026-10-03 21:52:15.571469+0900 ResourceRunner[6388:50896162] [MonitoringSampleStore] history=794 capacity=1203
2026-10-03 21:52:15.571647+0900 ResourceRunner[6388:50896162] [MonitoringSampleStore] history=795 capacity=1203
2026-10-03 21:52:15.571825+0900 ResourceRunner[6388:50896162] [MonitoringSampleStore] history=796 capacity=1203
2026-10-03 21:52:15.572005+0900 ResourceRunner[6388:50896162] [MonitoringSampleStore] history=797 capacity=1203
2026-10-03 21:52:15.572182+0900 ResourceRunner[6388:50896162] [MonitoringSampleStore] history=798 capacity=1203
2026-10-03 21:52:15.572361+0900 ResourceRunner[6388:50896162] [MonitoringSampleStore] history=799 capacity=1203
2026-10-03 21:52:15.572540+0900 ResourceRunner[6388:50896162] [MonitoringSampleStore] history=800 capacity=1203
2026-10-03 21:52:15.572731+0900 ResourceRunner[6388:50896162] [MonitoringSampleStore] history=801 capacity=1203
2026-10-03 21:52:15.572915+0900 ResourceRunner[6388:50896162] [MonitoringSampleStore] history=802 capacity=1203
2026-10-03 21:52:15.573096+0900 ResourceRunner[6388:50896162] [MonitoringSampleStore] history=803 capacity=1203
2026-10-03 21:52:15.573285+0900 ResourceRunner[6388:50896162] [MonitoringSampleStore] history=804 capacity=1203
2026-10-03 21:52:15.573473+0900 ResourceRunner[6388:50896162] [MonitoringSampleStore] history=805 capacity=1203
2026-10-03 21:52:15.573653+0900 ResourceRunner[6388:50896162] [MonitoringSampleStore] history=806 capacity=1203
2026-10-03 21:52:15.573834+0900 ResourceRunner[6388:50896162] [MonitoringSampleStore] history=807 capacity=1203
2026-10-03 21:52:15.574014+0900 ResourceRunner[6388:50896162] [MonitoringSampleStore] history=808 capacity=1203
2026-10-03 21:52:15.574197+0900 ResourceRunner[6388:50896162] [MonitoringSampleStore] history=809 capacity=1203
2026-10-03 21:52:15.574386+0900 ResourceRunner[6388:50896162] [MonitoringSampleStore] history=810 capacity=1203
2026-10-03 21:52:15.574567+0900 ResourceRunner[6388:50896162] [MonitoringSampleStore] history=811 capacity=1203
2026-10-03 21:52:15.574758+0900 ResourceRunner[6388:50896162] [MonitoringSampleStore] history=812 capacity=1203
2026-10-03 21:52:15.574940+0900 ResourceRunner[6388:50896162] [MonitoringSampleStore] history=813 capacity=1203
2026-10-03 21:52:15.575121+0900 ResourceRunner[6388:50896162] [MonitoringSampleStore] history=814 capacity=1203
2026-10-03 21:52:15.575303+0900 ResourceRunner[6388:50896162] [MonitoringSampleStore] history=815 capacity=1203
2026-10-03 21:52:15.575485+0900 ResourceRunner[6388:50896162] [MonitoringSampleStore] history=816 capacity=1203
2026-10-03 21:52:15.575668+0900 ResourceRunner[6388:50896162] [MonitoringSampleStore] history=817 capacity=1203
2026-10-03 21:52:15.575850+0900 ResourceRunner[6388:50896162] [MonitoringSampleStore] history=818 capacity=1203
2026-10-03 21:52:15.576032+0900 ResourceRunner[6388:50896162] [MonitoringSampleStore] history=819 capacity=1203
2026-10-03 21:52:15.576215+0900 ResourceRunner[6388:50896162] [MonitoringSampleStore] history=820 capacity=1203
2026-10-03 21:52:15.576409+0900 ResourceRunner[6388:50896162] [MonitoringSampleStore] history=821 capacity=1203
2026-10-03 21:52:15.576594+0900 ResourceRunner[6388:50896162] [MonitoringSampleStore] history=822 capacity=1203
2026-10-03 21:52:15.576787+0900 ResourceRunner[6388:50896162] [MonitoringSampleStore] history=823 capacity=1203
2026-10-03 21:52:15.576970+0900 ResourceRunner[6388:50896162] [MonitoringSampleStore] history=824 capacity=1203
2026-10-03 21:52:15.577154+0900 ResourceRunner[6388:50896162] [MonitoringSampleStore] history=825 capacity=1203
2026-10-03 21:52:15.577338+0900 ResourceRunner[6388:50896162] [MonitoringSampleStore] history=826 capacity=1203
2026-10-03 21:52:15.577523+0900 ResourceRunner[6388:50896162] [MonitoringSampleStore] history=827 capacity=1203
2026-10-03 21:52:15.577707+0900 ResourceRunner[6388:50896162] [MonitoringSampleStore] history=828 capacity=1203
2026-10-03 21:52:15.577891+0900 ResourceRunner[6388:50896162] [MonitoringSampleStore] history=829 capacity=1203
2026-10-03 21:52:15.578076+0900 ResourceRunner[6388:50896162] [MonitoringSampleStore] history=830 capacity=1203
2026-10-03 21:52:15.578262+0900 ResourceRunner[6388:50896162] [MonitoringSampleStore] history=831 capacity=1203
2026-10-03 21:52:15.578448+0900 ResourceRunner[6388:50896162] [MonitoringSampleStore] history=832 capacity=1203
2026-10-03 21:52:15.578634+0900 ResourceRunner[6388:50896162] [MonitoringSampleStore] history=833 capacity=1203
2026-10-03 21:52:15.578819+0900 ResourceRunner[6388:50896162] [MonitoringSampleStore] history=834 capacity=1203
2026-10-03 21:52:15.579005+0900 ResourceRunner[6388:50896162] [MonitoringSampleStore] history=835 capacity=1203
2026-10-03 21:52:15.579192+0900 ResourceRunner[6388:50896162] [MonitoringSampleStore] history=836 capacity=1203
2026-10-03 21:52:15.579378+0900 ResourceRunner[6388:50896162] [MonitoringSampleStore] history=837 capacity=1203
2026-10-03 21:52:15.579565+0900 ResourceRunner[6388:50896162] [MonitoringSampleStore] history=838 capacity=1203
2026-10-03 21:52:15.579752+0900 ResourceRunner[6388:50896162] [MonitoringSampleStore] history=839 capacity=1203
2026-10-03 21:52:15.579938+0900 ResourceRunner[6388:50896162] [MonitoringSampleStore] history=840 capacity=1203
2026-10-03 21:52:15.580125+0900 ResourceRunner[6388:50896162] [MonitoringSampleStore] history=841 capacity=1203
2026-10-03 21:52:15.580322+0900 ResourceRunner[6388:50896162] [MonitoringSampleStore] history=842 capacity=1203
2026-10-03 21:52:15.580510+0900 ResourceRunner[6388:50896162] [MonitoringSampleStore] history=843 capacity=1203
2026-10-03 21:52:15.580697+0900 ResourceRunner[6388:50896162] [MonitoringSampleStore] history=844 capacity=1203
2026-10-03 21:52:15.580885+0900 ResourceRunner[6388:50896162] [MonitoringSampleStore] history=845 capacity=1203
2026-10-03 21:52:15.581073+0900 ResourceRunner[6388:50896162] [MonitoringSampleStore] history=846 capacity=1203
2026-10-03 21:52:15.581262+0900 ResourceRunner[6388:50896162] [MonitoringSampleStore] history=847 capacity=1203
2026-10-03 21:52:15.581460+0900 ResourceRunner[6388:50896162] [MonitoringSampleStore] history=848 capacity=1203
2026-10-03 21:52:15.581648+0900 ResourceRunner[6388:50896162] [MonitoringSampleStore] history=849 capacity=1203
2026-10-03 21:52:15.581837+0900 ResourceRunner[6388:50896162] [MonitoringSampleStore] history=850 capacity=1203
2026-10-03 21:52:15.582026+0900 ResourceRunner[6388:50896162] [MonitoringSampleStore] history=851 capacity=1203
2026-10-03 21:52:15.582215+0900 ResourceRunner[6388:50896162] [MonitoringSampleStore] history=852 capacity=1203
2026-10-03 21:52:15.582405+0900 ResourceRunner[6388:50896162] [MonitoringSampleStore] history=853 capacity=1203
2026-10-03 21:52:15.582595+0900 ResourceRunner[6388:50896162] [MonitoringSampleStore] history=854 capacity=1203
2026-10-03 21:52:15.582798+0900 ResourceRunner[6388:50896131] [MonitoringSampleStore] history=855 capacity=1203
2026-10-03 21:52:15.582997+0900 ResourceRunner[6388:50896131] [MonitoringSampleStore] history=856 capacity=1203
2026-10-03 21:52:15.583197+0900 ResourceRunner[6388:50896131] [MonitoringSampleStore] history=857 capacity=1203
2026-10-03 21:52:15.583387+0900 ResourceRunner[6388:50896131] [MonitoringSampleStore] history=858 capacity=1203
2026-10-03 21:52:15.583578+0900 ResourceRunner[6388:50896131] [MonitoringSampleStore] history=859 capacity=1203
2026-10-03 21:52:15.583769+0900 ResourceRunner[6388:50896131] [MonitoringSampleStore] history=860 capacity=1203
2026-10-03 21:52:15.583960+0900 ResourceRunner[6388:50896131] [MonitoringSampleStore] history=861 capacity=1203
2026-10-03 21:52:15.584151+0900 ResourceRunner[6388:50896131] [MonitoringSampleStore] history=862 capacity=1203
2026-10-03 21:52:15.584343+0900 ResourceRunner[6388:50896131] [MonitoringSampleStore] history=863 capacity=1203
2026-10-03 21:52:15.584535+0900 ResourceRunner[6388:50896131] [MonitoringSampleStore] history=864 capacity=1203
2026-10-03 21:52:15.584736+0900 ResourceRunner[6388:50896131] [MonitoringSampleStore] history=865 capacity=1203
2026-10-03 21:52:15.584928+0900 ResourceRunner[6388:50896131] [MonitoringSampleStore] history=866 capacity=1203
2026-10-03 21:52:15.585120+0900 ResourceRunner[6388:50896131] [MonitoringSampleStore] history=867 capacity=1203
2026-10-03 21:52:15.585313+0900 ResourceRunner[6388:50896131] [MonitoringSampleStore] history=868 capacity=1203
2026-10-03 21:52:15.585506+0900 ResourceRunner[6388:50896131] [MonitoringSampleStore] history=869 capacity=1203
2026-10-03 21:52:15.585700+0900 ResourceRunner[6388:50896131] [MonitoringSampleStore] history=870 capacity=1203
2026-10-03 21:52:15.585893+0900 ResourceRunner[6388:50896131] [MonitoringSampleStore] history=871 capacity=1203
2026-10-03 21:52:15.586090+0900 ResourceRunner[6388:50896131] [MonitoringSampleStore] history=872 capacity=1203
2026-10-03 21:52:15.586291+0900 ResourceRunner[6388:50896131] [MonitoringSampleStore] history=873 capacity=1203
2026-10-03 21:52:15.586484+0900 ResourceRunner[6388:50896131] [MonitoringSampleStore] history=874 capacity=1203
2026-10-03 21:52:15.586678+0900 ResourceRunner[6388:50896131] [MonitoringSampleStore] history=875 capacity=1203
2026-10-03 21:52:15.586872+0900 ResourceRunner[6388:50896131] [MonitoringSampleStore] history=876 capacity=1203
2026-10-03 21:52:15.587077+0900 ResourceRunner[6388:50896131] [MonitoringSampleStore] history=877 capacity=1203
2026-10-03 21:52:15.587272+0900 ResourceRunner[6388:50896131] [MonitoringSampleStore] history=878 capacity=1203
2026-10-03 21:52:15.587468+0900 ResourceRunner[6388:50896131] [MonitoringSampleStore] history=879 capacity=1203
2026-10-03 21:52:15.587663+0900 ResourceRunner[6388:50896131] [MonitoringSampleStore] history=880 capacity=1203
2026-10-03 21:52:15.587858+0900 ResourceRunner[6388:50896131] [MonitoringSampleStore] history=881 capacity=1203
2026-10-03 21:52:15.588053+0900 ResourceRunner[6388:50896131] [MonitoringSampleStore] history=882 capacity=1203
2026-10-03 21:52:15.588249+0900 ResourceRunner[6388:50896131] [MonitoringSampleStore] history=883 capacity=1203
2026-10-03 21:52:15.588446+0900 ResourceRunner[6388:50896131] [MonitoringSampleStore] history=884 capacity=1203
2026-10-03 21:52:15.588641+0900 ResourceRunner[6388:50896131] [MonitoringSampleStore] history=885 capacity=1203
2026-10-03 21:52:15.588837+0900 ResourceRunner[6388:50896131] [MonitoringSampleStore] history=886 capacity=1203
2026-10-03 21:52:15.589042+0900 ResourceRunner[6388:50896131] [MonitoringSampleStore] history=887 capacity=1203
2026-10-03 21:52:15.589240+0900 ResourceRunner[6388:50896131] [MonitoringSampleStore] history=888 capacity=1203
2026-10-03 21:52:15.589444+0900 ResourceRunner[6388:50896131] [MonitoringSampleStore] history=889 capacity=1203
2026-10-03 21:52:15.589641+0900 ResourceRunner[6388:50896131] [MonitoringSampleStore] history=890 capacity=1203
2026-10-03 21:52:15.589839+0900 ResourceRunner[6388:50896131] [MonitoringSampleStore] history=891 capacity=1203
2026-10-03 21:52:15.590036+0900 ResourceRunner[6388:50896131] [MonitoringSampleStore] history=892 capacity=1203
2026-10-03 21:52:15.590234+0900 ResourceRunner[6388:50896131] [MonitoringSampleStore] history=893 capacity=1203
2026-10-03 21:52:15.590431+0900 ResourceRunner[6388:50896131] [MonitoringSampleStore] history=894 capacity=1203
2026-10-03 21:52:15.590629+0900 ResourceRunner[6388:50896131] [MonitoringSampleStore] history=895 capacity=1203
2026-10-03 21:52:15.590829+0900 ResourceRunner[6388:50896131] [MonitoringSampleStore] history=896 capacity=1203
2026-10-03 21:52:15.591026+0900 ResourceRunner[6388:50896131] [MonitoringSampleStore] history=897 capacity=1203
2026-10-03 21:52:15.591224+0900 ResourceRunner[6388:50896131] [MonitoringSampleStore] history=898 capacity=1203
2026-10-03 21:52:15.591423+0900 ResourceRunner[6388:50896131] [MonitoringSampleStore] history=899 capacity=1203
2026-10-03 21:52:15.591624+0900 ResourceRunner[6388:50896131] [MonitoringSampleStore] history=900 capacity=1203
2026-10-03 21:52:15.591831+0900 ResourceRunner[6388:50896131] [MonitoringSampleStore] history=901 capacity=1203
2026-10-03 21:52:15.592031+0900 ResourceRunner[6388:50896131] [MonitoringSampleStore] history=902 capacity=1203
2026-10-03 21:52:15.592231+0900 ResourceRunner[6388:50896131] [MonitoringSampleStore] history=903 capacity=1203
2026-10-03 21:52:15.592431+0900 ResourceRunner[6388:50896131] [MonitoringSampleStore] history=904 capacity=1203
2026-10-03 21:52:15.592637+0900 ResourceRunner[6388:50896131] [MonitoringSampleStore] history=905 capacity=1203
2026-10-03 21:52:15.592843+0900 ResourceRunner[6388:50896131] [MonitoringSampleStore] history=906 capacity=1203
2026-10-03 21:52:15.593049+0900 ResourceRunner[6388:50896131] [MonitoringSampleStore] history=907 capacity=1203
2026-10-03 21:52:15.593250+0900 ResourceRunner[6388:50896131] [MonitoringSampleStore] history=908 capacity=1203
2026-10-03 21:52:15.593450+0900 ResourceRunner[6388:50896131] [MonitoringSampleStore] history=909 capacity=1203
2026-10-03 21:52:15.593652+0900 ResourceRunner[6388:50896131] [MonitoringSampleStore] history=910 capacity=1203
2026-10-03 21:52:15.593852+0900 ResourceRunner[6388:50896131] [MonitoringSampleStore] history=911 capacity=1203
2026-10-03 21:52:15.594054+0900 ResourceRunner[6388:50896131] [MonitoringSampleStore] history=912 capacity=1203
2026-10-03 21:52:15.594256+0900 ResourceRunner[6388:50896131] [MonitoringSampleStore] history=913 capacity=1203
2026-10-03 21:52:15.594458+0900 ResourceRunner[6388:50896131] [MonitoringSampleStore] history=914 capacity=1203
2026-10-03 21:52:15.594660+0900 ResourceRunner[6388:50896131] [MonitoringSampleStore] history=915 capacity=1203
2026-10-03 21:52:15.594862+0900 ResourceRunner[6388:50896131] [MonitoringSampleStore] history=916 capacity=1203
2026-10-03 21:52:15.595064+0900 ResourceRunner[6388:50896131] [MonitoringSampleStore] history=917 capacity=1203
2026-10-03 21:52:15.595276+0900 ResourceRunner[6388:50896131] [MonitoringSampleStore] history=918 capacity=1203
2026-10-03 21:52:15.595481+0900 ResourceRunner[6388:50896131] [MonitoringSampleStore] history=919 capacity=1203
2026-10-03 21:52:15.595699+0900 ResourceRunner[6388:50896131] [MonitoringSampleStore] history=920 capacity=1203
2026-10-03 21:52:15.595910+0900 ResourceRunner[6388:50896131] [MonitoringSampleStore] history=921 capacity=1203
2026-10-03 21:52:15.596123+0900 ResourceRunner[6388:50896131] [MonitoringSampleStore] history=922 capacity=1203
2026-10-03 21:52:15.596335+0900 ResourceRunner[6388:50896131] [MonitoringSampleStore] history=923 capacity=1203
2026-10-03 21:52:15.596539+0900 ResourceRunner[6388:50896131] [MonitoringSampleStore] history=924 capacity=1203
2026-10-03 21:52:15.596744+0900 ResourceRunner[6388:50896131] [MonitoringSampleStore] history=925 capacity=1203
2026-10-03 21:52:15.596947+0900 ResourceRunner[6388:50896131] [MonitoringSampleStore] history=926 capacity=1203
2026-10-03 21:52:15.597151+0900 ResourceRunner[6388:50896131] [MonitoringSampleStore] history=927 capacity=1203
2026-10-03 21:52:15.597356+0900 ResourceRunner[6388:50896131] [MonitoringSampleStore] history=928 capacity=1203
2026-10-03 21:52:15.597561+0900 ResourceRunner[6388:50896131] [MonitoringSampleStore] history=929 capacity=1203
2026-10-03 21:52:15.597774+0900 ResourceRunner[6388:50896131] [MonitoringSampleStore] history=930 capacity=1203
2026-10-03 21:52:15.597991+0900 ResourceRunner[6388:50896131] [MonitoringSampleStore] history=931 capacity=1203
2026-10-03 21:52:15.598207+0900 ResourceRunner[6388:50896131] [MonitoringSampleStore] history=932 capacity=1203
2026-10-03 21:52:15.598427+0900 ResourceRunner[6388:50896131] [MonitoringSampleStore] history=933 capacity=1203
2026-10-03 21:52:15.598632+0900 ResourceRunner[6388:50896131] [MonitoringSampleStore] history=934 capacity=1203
2026-10-03 21:52:15.598838+0900 ResourceRunner[6388:50896131] [MonitoringSampleStore] history=935 capacity=1203
2026-10-03 21:52:15.599045+0900 ResourceRunner[6388:50896131] [MonitoringSampleStore] history=936 capacity=1203
2026-10-03 21:52:15.599260+0900 ResourceRunner[6388:50896131] [MonitoringSampleStore] history=937 capacity=1203
2026-10-03 21:52:15.599477+0900 ResourceRunner[6388:50896131] [MonitoringSampleStore] history=938 capacity=1203
2026-10-03 21:52:15.599694+0900 ResourceRunner[6388:50896131] [MonitoringSampleStore] history=939 capacity=1203
2026-10-03 21:52:15.599909+0900 ResourceRunner[6388:50896131] [MonitoringSampleStore] history=940 capacity=1203
2026-10-03 21:52:15.600126+0900 ResourceRunner[6388:50896131] [MonitoringSampleStore] history=941 capacity=1203
2026-10-03 21:52:15.600345+0900 ResourceRunner[6388:50896131] [MonitoringSampleStore] history=942 capacity=1203
2026-10-03 21:52:15.600561+0900 ResourceRunner[6388:50896131] [MonitoringSampleStore] history=943 capacity=1203
2026-10-03 21:52:15.600778+0900 ResourceRunner[6388:50896131] [MonitoringSampleStore] history=944 capacity=1203
2026-10-03 21:52:15.600986+0900 ResourceRunner[6388:50896131] [MonitoringSampleStore] history=945 capacity=1203
2026-10-03 21:52:15.601196+0900 ResourceRunner[6388:50896131] [MonitoringSampleStore] history=946 capacity=1203
2026-10-03 21:52:15.601414+0900 ResourceRunner[6388:50896131] [MonitoringSampleStore] history=947 capacity=1203
2026-10-03 21:52:15.601633+0900 ResourceRunner[6388:50896131] [MonitoringSampleStore] history=948 capacity=1203
2026-10-03 21:52:15.601850+0900 ResourceRunner[6388:50896131] [MonitoringSampleStore] history=949 capacity=1203
2026-10-03 21:52:15.602068+0900 ResourceRunner[6388:50896131] [MonitoringSampleStore] history=950 capacity=1203
2026-10-03 21:52:15.602278+0900 ResourceRunner[6388:50896131] [MonitoringSampleStore] history=951 capacity=1203
2026-10-03 21:52:15.602498+0900 ResourceRunner[6388:50896131] [MonitoringSampleStore] history=952 capacity=1203
2026-10-03 21:52:15.602708+0900 ResourceRunner[6388:50896131] [MonitoringSampleStore] history=953 capacity=1203
2026-10-03 21:52:15.602918+0900 ResourceRunner[6388:50896131] [MonitoringSampleStore] history=954 capacity=1203
2026-10-03 21:52:15.603135+0900 ResourceRunner[6388:50896131] [MonitoringSampleStore] history=955 capacity=1203
2026-10-03 21:52:15.603346+0900 ResourceRunner[6388:50896131] [MonitoringSampleStore] history=956 capacity=1203
2026-10-03 21:52:15.603556+0900 ResourceRunner[6388:50896131] [MonitoringSampleStore] history=957 capacity=1203
2026-10-03 21:52:15.603779+0900 ResourceRunner[6388:50896131] [MonitoringSampleStore] history=958 capacity=1203
2026-10-03 21:52:15.603989+0900 ResourceRunner[6388:50896131] [MonitoringSampleStore] history=959 capacity=1203
2026-10-03 21:52:15.604202+0900 ResourceRunner[6388:50896131] [MonitoringSampleStore] history=960 capacity=1203
2026-10-03 21:52:15.604423+0900 ResourceRunner[6388:50896131] [MonitoringSampleStore] history=961 capacity=1203
2026-10-03 21:52:15.604646+0900 ResourceRunner[6388:50896131] [MonitoringSampleStore] history=962 capacity=1203
2026-10-03 21:52:15.604856+0900 ResourceRunner[6388:50896131] [MonitoringSampleStore] history=963 capacity=1203
2026-10-03 21:52:15.605069+0900 ResourceRunner[6388:50896131] [MonitoringSampleStore] history=964 capacity=1203
2026-10-03 21:52:15.605281+0900 ResourceRunner[6388:50896131] [MonitoringSampleStore] history=965 capacity=1203
2026-10-03 21:52:15.605494+0900 ResourceRunner[6388:50896131] [MonitoringSampleStore] history=966 capacity=1203
2026-10-03 21:52:15.605717+0900 ResourceRunner[6388:50896131] [MonitoringSampleStore] history=967 capacity=1203
2026-10-03 21:52:15.605938+0900 ResourceRunner[6388:50896131] [MonitoringSampleStore] history=968 capacity=1203
2026-10-03 21:52:15.606151+0900 ResourceRunner[6388:50896131] [MonitoringSampleStore] history=969 capacity=1203
2026-10-03 21:52:15.606375+0900 ResourceRunner[6388:50896131] [MonitoringSampleStore] history=970 capacity=1203
2026-10-03 21:52:15.606597+0900 ResourceRunner[6388:50896131] [MonitoringSampleStore] history=971 capacity=1203
2026-10-03 21:52:15.606812+0900 ResourceRunner[6388:50896131] [MonitoringSampleStore] history=972 capacity=1203
2026-10-03 21:52:15.607034+0900 ResourceRunner[6388:50896131] [MonitoringSampleStore] history=973 capacity=1203
2026-10-03 21:52:15.607257+0900 ResourceRunner[6388:50896131] [MonitoringSampleStore] history=974 capacity=1203
2026-10-03 21:52:15.607471+0900 ResourceRunner[6388:50896131] [MonitoringSampleStore] history=975 capacity=1203
2026-10-03 21:52:15.607685+0900 ResourceRunner[6388:50896131] [MonitoringSampleStore] history=976 capacity=1203
2026-10-03 21:52:15.607909+0900 ResourceRunner[6388:50896131] [MonitoringSampleStore] history=977 capacity=1203
2026-10-03 21:52:15.608125+0900 ResourceRunner[6388:50896131] [MonitoringSampleStore] history=978 capacity=1203
2026-10-03 21:52:15.608350+0900 ResourceRunner[6388:50896131] [MonitoringSampleStore] history=979 capacity=1203
2026-10-03 21:52:15.608565+0900 ResourceRunner[6388:50896131] [MonitoringSampleStore] history=980 capacity=1203
2026-10-03 21:52:15.608781+0900 ResourceRunner[6388:50896131] [MonitoringSampleStore] history=981 capacity=1203
2026-10-03 21:52:15.609010+0900 ResourceRunner[6388:50896131] [MonitoringSampleStore] history=982 capacity=1203
2026-10-03 21:52:15.609227+0900 ResourceRunner[6388:50896131] [MonitoringSampleStore] history=983 capacity=1203
2026-10-03 21:52:15.609442+0900 ResourceRunner[6388:50896131] [MonitoringSampleStore] history=984 capacity=1203
2026-10-03 21:52:15.609658+0900 ResourceRunner[6388:50896131] [MonitoringSampleStore] history=985 capacity=1203
2026-10-03 21:52:15.609875+0900 ResourceRunner[6388:50896131] [MonitoringSampleStore] history=986 capacity=1203
2026-10-03 21:52:15.610101+0900 ResourceRunner[6388:50896131] [MonitoringSampleStore] history=987 capacity=1203
2026-10-03 21:52:15.610327+0900 ResourceRunner[6388:50896131] [MonitoringSampleStore] history=988 capacity=1203
2026-10-03 21:52:15.610546+0900 ResourceRunner[6388:50896131] [MonitoringSampleStore] history=989 capacity=1203
2026-10-03 21:52:15.610762+0900 ResourceRunner[6388:50896131] [MonitoringSampleStore] history=990 capacity=1203
2026-10-03 21:52:15.610980+0900 ResourceRunner[6388:50896131] [MonitoringSampleStore] history=991 capacity=1203
2026-10-03 21:52:15.611198+0900 ResourceRunner[6388:50896131] [MonitoringSampleStore] history=992 capacity=1203
2026-10-03 21:52:15.611426+0900 ResourceRunner[6388:50896131] [MonitoringSampleStore] history=993 capacity=1203
2026-10-03 21:52:15.611653+0900 ResourceRunner[6388:50896131] [MonitoringSampleStore] history=994 capacity=1203
2026-10-03 21:52:15.611871+0900 ResourceRunner[6388:50896131] [MonitoringSampleStore] history=995 capacity=1203
2026-10-03 21:52:15.612090+0900 ResourceRunner[6388:50896131] [MonitoringSampleStore] history=996 capacity=1203
2026-10-03 21:52:15.612320+0900 ResourceRunner[6388:50896131] [MonitoringSampleStore] history=997 capacity=1203
2026-10-03 21:52:15.612552+0900 ResourceRunner[6388:50896131] [MonitoringSampleStore] history=998 capacity=1203
2026-10-03 21:52:15.612781+0900 ResourceRunner[6388:50896131] [MonitoringSampleStore] history=999 capacity=1203
2026-10-03 21:52:15.613008+0900 ResourceRunner[6388:50896131] [MonitoringSampleStore] history=1000 capacity=1203
2026-10-03 21:52:15.613227+0900 ResourceRunner[6388:50896131] [MonitoringSampleStore] history=1001 capacity=1203
2026-10-03 21:52:15.613446+0900 ResourceRunner[6388:50896131] [MonitoringSampleStore] history=1002 capacity=1203
2026-10-03 21:52:15.613665+0900 ResourceRunner[6388:50896131] [MonitoringSampleStore] history=1003 capacity=1203
2026-10-03 21:52:15.613885+0900 ResourceRunner[6388:50896131] [MonitoringSampleStore] history=1004 capacity=1203
2026-10-03 21:52:15.614108+0900 ResourceRunner[6388:50896131] [MonitoringSampleStore] history=1005 capacity=1203
2026-10-03 21:52:15.614337+0900 ResourceRunner[6388:50896131] [MonitoringSampleStore] history=1006 capacity=1203
2026-10-03 21:52:15.614557+0900 ResourceRunner[6388:50896131] [MonitoringSampleStore] history=1007 capacity=1203
2026-10-03 21:52:15.614777+0900 ResourceRunner[6388:50896131] [MonitoringSampleStore] history=1008 capacity=1203
2026-10-03 21:52:15.615002+0900 ResourceRunner[6388:50896131] [MonitoringSampleStore] history=1009 capacity=1203
2026-10-03 21:52:15.615245+0900 ResourceRunner[6388:50896131] [MonitoringSampleStore] history=1010 capacity=1203
2026-10-03 21:52:15.615483+0900 ResourceRunner[6388:50896131] [MonitoringSampleStore] history=1011 capacity=1203
2026-10-03 21:52:15.615709+0900 ResourceRunner[6388:50896131] [MonitoringSampleStore] history=1012 capacity=1203
2026-10-03 21:52:15.615952+0900 ResourceRunner[6388:50896131] [MonitoringSampleStore] history=1013 capacity=1203
2026-10-03 21:52:15.616188+0900 ResourceRunner[6388:50896131] [MonitoringSampleStore] history=1014 capacity=1203
2026-10-03 21:52:15.616418+0900 ResourceRunner[6388:50896131] [MonitoringSampleStore] history=1015 capacity=1203
2026-10-03 21:52:15.616648+0900 ResourceRunner[6388:50896131] [MonitoringSampleStore] history=1016 capacity=1203
2026-10-03 21:52:15.616870+0900 ResourceRunner[6388:50896131] [MonitoringSampleStore] history=1017 capacity=1203
2026-10-03 21:52:15.617094+0900 ResourceRunner[6388:50896131] [MonitoringSampleStore] history=1018 capacity=1203
2026-10-03 21:52:15.617323+0900 ResourceRunner[6388:50896131] [MonitoringSampleStore] history=1019 capacity=1203
2026-10-03 21:52:15.617565+0900 ResourceRunner[6388:50896131] [MonitoringSampleStore] history=1020 capacity=1203
2026-10-03 21:52:15.617806+0900 ResourceRunner[6388:50896131] [MonitoringSampleStore] history=1021 capacity=1203
2026-10-03 21:52:15.618039+0900 ResourceRunner[6388:50896131] [MonitoringSampleStore] history=1022 capacity=1203
2026-10-03 21:52:15.618271+0900 ResourceRunner[6388:50896131] [MonitoringSampleStore] history=1023 capacity=1203
2026-10-03 21:52:15.618512+0900 ResourceRunner[6388:50896131] [MonitoringSampleStore] history=1024 capacity=1203
2026-10-03 21:52:15.618755+0900 ResourceRunner[6388:50896131] [MonitoringSampleStore] history=1025 capacity=1203
2026-10-03 21:52:15.618999+0900 ResourceRunner[6388:50896131] [MonitoringSampleStore] history=1026 capacity=1203
2026-10-03 21:52:15.619241+0900 ResourceRunner[6388:50896131] [MonitoringSampleStore] history=1027 capacity=1203
2026-10-03 21:52:15.619487+0900 ResourceRunner[6388:50896131] [MonitoringSampleStore] history=1028 capacity=1203
2026-10-03 21:52:15.619722+0900 ResourceRunner[6388:50896131] [MonitoringSampleStore] history=1029 capacity=1203
2026-10-03 21:52:15.619967+0900 ResourceRunner[6388:50896131] [MonitoringSampleStore] history=1030 capacity=1203
2026-10-03 21:52:15.620202+0900 ResourceRunner[6388:50896131] [MonitoringSampleStore] history=1031 capacity=1203
2026-10-03 21:52:15.620447+0900 ResourceRunner[6388:50896131] [MonitoringSampleStore] history=1032 capacity=1203
2026-10-03 21:52:15.620691+0900 ResourceRunner[6388:50896131] [MonitoringSampleStore] history=1033 capacity=1203
2026-10-03 21:52:15.620934+0900 ResourceRunner[6388:50896131] [MonitoringSampleStore] history=1034 capacity=1203
2026-10-03 21:52:15.621178+0900 ResourceRunner[6388:50896131] [MonitoringSampleStore] history=1035 capacity=1203
2026-10-03 21:52:15.621413+0900 ResourceRunner[6388:50896131] [MonitoringSampleStore] history=1036 capacity=1203
2026-10-03 21:52:15.621649+0900 ResourceRunner[6388:50896131] [MonitoringSampleStore] history=1037 capacity=1203
2026-10-03 21:52:15.621894+0900 ResourceRunner[6388:50896131] [MonitoringSampleStore] history=1038 capacity=1203
2026-10-03 21:52:15.622144+0900 ResourceRunner[6388:50896131] [MonitoringSampleStore] history=1039 capacity=1203
2026-10-03 21:52:15.622388+0900 ResourceRunner[6388:50896131] [MonitoringSampleStore] history=1040 capacity=1203
2026-10-03 21:52:15.622637+0900 ResourceRunner[6388:50896131] [MonitoringSampleStore] history=1041 capacity=1203
2026-10-03 21:52:15.622882+0900 ResourceRunner[6388:50896131] [MonitoringSampleStore] history=1042 capacity=1203
2026-10-03 21:52:15.623125+0900 ResourceRunner[6388:50896131] [MonitoringSampleStore] history=1043 capacity=1203
2026-10-03 21:52:15.623364+0900 ResourceRunner[6388:50896131] [MonitoringSampleStore] history=1044 capacity=1203
2026-10-03 21:52:15.623607+0900 ResourceRunner[6388:50896131] [MonitoringSampleStore] history=1045 capacity=1203
2026-10-03 21:52:15.623853+0900 ResourceRunner[6388:50896131] [MonitoringSampleStore] history=1046 capacity=1203
2026-10-03 21:52:15.624091+0900 ResourceRunner[6388:50896131] [MonitoringSampleStore] history=1047 capacity=1203
2026-10-03 21:52:15.624343+0900 ResourceRunner[6388:50896131] [MonitoringSampleStore] history=1048 capacity=1203
2026-10-03 21:52:15.624584+0900 ResourceRunner[6388:50896131] [MonitoringSampleStore] history=1049 capacity=1203
2026-10-03 21:52:15.624825+0900 ResourceRunner[6388:50896131] [MonitoringSampleStore] history=1050 capacity=1203
2026-10-03 21:52:15.625076+0900 ResourceRunner[6388:50896131] [MonitoringSampleStore] history=1051 capacity=1203
2026-10-03 21:52:15.625317+0900 ResourceRunner[6388:50896131] [MonitoringSampleStore] history=1052 capacity=1203
2026-10-03 21:52:15.625555+0900 ResourceRunner[6388:50896131] [MonitoringSampleStore] history=1053 capacity=1203
2026-10-03 21:52:15.625804+0900 ResourceRunner[6388:50896131] [MonitoringSampleStore] history=1054 capacity=1203
2026-10-03 21:52:15.626051+0900 ResourceRunner[6388:50896131] [MonitoringSampleStore] history=1055 capacity=1203
2026-10-03 21:52:15.626299+0900 ResourceRunner[6388:50896131] [MonitoringSampleStore] history=1056 capacity=1203
2026-10-03 21:52:15.626549+0900 ResourceRunner[6388:50896131] [MonitoringSampleStore] history=1057 capacity=1203
2026-10-03 21:52:15.626806+0900 ResourceRunner[6388:50896131] [MonitoringSampleStore] history=1058 capacity=1203
2026-10-03 21:52:15.627049+0900 ResourceRunner[6388:50896131] [MonitoringSampleStore] history=1059 capacity=1203
2026-10-03 21:52:15.627295+0900 ResourceRunner[6388:50896131] [MonitoringSampleStore] history=1060 capacity=1203
2026-10-03 21:52:15.627536+0900 ResourceRunner[6388:50896131] [MonitoringSampleStore] history=1061 capacity=1203
2026-10-03 21:52:15.627786+0900 ResourceRunner[6388:50896131] [MonitoringSampleStore] history=1062 capacity=1203
2026-10-03 21:52:15.628039+0900 ResourceRunner[6388:50896131] [MonitoringSampleStore] history=1063 capacity=1203
2026-10-03 21:52:15.628294+0900 ResourceRunner[6388:50896131] [MonitoringSampleStore] history=1064 capacity=1203
2026-10-03 21:52:15.628533+0900 ResourceRunner[6388:50896131] [MonitoringSampleStore] history=1065 capacity=1203
2026-10-03 21:52:15.628764+0900 ResourceRunner[6388:50896131] [MonitoringSampleStore] history=1066 capacity=1203
2026-10-03 21:52:15.629006+0900 ResourceRunner[6388:50896131] [MonitoringSampleStore] history=1067 capacity=1203
2026-10-03 21:52:15.629251+0900 ResourceRunner[6388:50896131] [MonitoringSampleStore] history=1068 capacity=1203
2026-10-03 21:52:15.629495+0900 ResourceRunner[6388:50896131] [MonitoringSampleStore] history=1069 capacity=1203
2026-10-03 21:52:15.629745+0900 ResourceRunner[6388:50896131] [MonitoringSampleStore] history=1070 capacity=1203
2026-10-03 21:52:15.629975+0900 ResourceRunner[6388:50896131] [MonitoringSampleStore] history=1071 capacity=1203
2026-10-03 21:52:15.630214+0900 ResourceRunner[6388:50896131] [MonitoringSampleStore] history=1072 capacity=1203
2026-10-03 21:52:15.630463+0900 ResourceRunner[6388:50896131] [MonitoringSampleStore] history=1073 capacity=1203
2026-10-03 21:52:15.630710+0900 ResourceRunner[6388:50896131] [MonitoringSampleStore] history=1074 capacity=1203
2026-10-03 21:52:15.630964+0900 ResourceRunner[6388:50896131] [MonitoringSampleStore] history=1075 capacity=1203
2026-10-03 21:52:15.631205+0900 ResourceRunner[6388:50896131] [MonitoringSampleStore] history=1076 capacity=1203
2026-10-03 21:52:15.631444+0900 ResourceRunner[6388:50896131] [MonitoringSampleStore] history=1077 capacity=1203
2026-10-03 21:52:15.631688+0900 ResourceRunner[6388:50896131] [MonitoringSampleStore] history=1078 capacity=1203
2026-10-03 21:52:15.631941+0900 ResourceRunner[6388:50896131] [MonitoringSampleStore] history=1079 capacity=1203
2026-10-03 21:52:15.632192+0900 ResourceRunner[6388:50896131] [MonitoringSampleStore] history=1080 capacity=1203
2026-10-03 21:52:15.632433+0900 ResourceRunner[6388:50896131] [MonitoringSampleStore] history=1081 capacity=1203
2026-10-03 21:52:15.632681+0900 ResourceRunner[6388:50896131] [MonitoringSampleStore] history=1082 capacity=1203
2026-10-03 21:52:15.632925+0900 ResourceRunner[6388:50896131] [MonitoringSampleStore] history=1083 capacity=1203
2026-10-03 21:52:15.633178+0900 ResourceRunner[6388:50896131] [MonitoringSampleStore] history=1084 capacity=1203
2026-10-03 21:52:15.633432+0900 ResourceRunner[6388:50896131] [MonitoringSampleStore] history=1085 capacity=1203
2026-10-03 21:52:15.633683+0900 ResourceRunner[6388:50896131] [MonitoringSampleStore] history=1086 capacity=1203
2026-10-03 21:52:15.633930+0900 ResourceRunner[6388:50896131] [MonitoringSampleStore] history=1087 capacity=1203
2026-10-03 21:52:15.634191+0900 ResourceRunner[6388:50896131] [MonitoringSampleStore] history=1088 capacity=1203
2026-10-03 21:52:15.634433+0900 ResourceRunner[6388:50896131] [MonitoringSampleStore] history=1089 capacity=1203
2026-10-03 21:52:15.634685+0900 ResourceRunner[6388:50896131] [MonitoringSampleStore] history=1090 capacity=1203
2026-10-03 21:52:15.634935+0900 ResourceRunner[6388:50896131] [MonitoringSampleStore] history=1091 capacity=1203
2026-10-03 21:52:15.635181+0900 ResourceRunner[6388:50896131] [MonitoringSampleStore] history=1092 capacity=1203
2026-10-03 21:52:15.635436+0900 ResourceRunner[6388:50896131] [MonitoringSampleStore] history=1093 capacity=1203
2026-10-03 21:52:15.635688+0900 ResourceRunner[6388:50896131] [MonitoringSampleStore] history=1094 capacity=1203
2026-10-03 21:52:15.635936+0900 ResourceRunner[6388:50896131] [MonitoringSampleStore] history=1095 capacity=1203
2026-10-03 21:52:15.636189+0900 ResourceRunner[6388:50896131] [MonitoringSampleStore] history=1096 capacity=1203
2026-10-03 21:52:15.636444+0900 ResourceRunner[6388:50896131] [MonitoringSampleStore] history=1097 capacity=1203
2026-10-03 21:52:15.636687+0900 ResourceRunner[6388:50896131] [MonitoringSampleStore] history=1098 capacity=1203
2026-10-03 21:52:15.636935+0900 ResourceRunner[6388:50896131] [MonitoringSampleStore] history=1099 capacity=1203
2026-10-03 21:52:15.637193+0900 ResourceRunner[6388:50896131] [MonitoringSampleStore] history=1100 capacity=1203
2026-10-03 21:52:15.637432+0900 ResourceRunner[6388:50896131] [MonitoringSampleStore] history=1101 capacity=1203
2026-10-03 21:52:15.637672+0900 ResourceRunner[6388:50896131] [MonitoringSampleStore] history=1102 capacity=1203
2026-10-03 21:52:15.637911+0900 ResourceRunner[6388:50896131] [MonitoringSampleStore] history=1103 capacity=1203
2026-10-03 21:52:15.638150+0900 ResourceRunner[6388:50896131] [MonitoringSampleStore] history=1104 capacity=1203
2026-10-03 21:52:15.638392+0900 ResourceRunner[6388:50896131] [MonitoringSampleStore] history=1105 capacity=1203
2026-10-03 21:52:15.638645+0900 ResourceRunner[6388:50896131] [MonitoringSampleStore] history=1106 capacity=1203
2026-10-03 21:52:15.638899+0900 ResourceRunner[6388:50896131] [MonitoringSampleStore] history=1107 capacity=1203
2026-10-03 21:52:15.639152+0900 ResourceRunner[6388:50896131] [MonitoringSampleStore] history=1108 capacity=1203
2026-10-03 21:52:15.639401+0900 ResourceRunner[6388:50896131] [MonitoringSampleStore] history=1109 capacity=1203
2026-10-03 21:52:15.639659+0900 ResourceRunner[6388:50896131] [MonitoringSampleStore] history=1110 capacity=1203
2026-10-03 21:52:15.639909+0900 ResourceRunner[6388:50896131] [MonitoringSampleStore] history=1111 capacity=1203
2026-10-03 21:52:15.640159+0900 ResourceRunner[6388:50896131] [MonitoringSampleStore] history=1112 capacity=1203
2026-10-03 21:52:15.640413+0900 ResourceRunner[6388:50896131] [MonitoringSampleStore] history=1113 capacity=1203
2026-10-03 21:52:15.640673+0900 ResourceRunner[6388:50896131] [MonitoringSampleStore] history=1114 capacity=1203
2026-10-03 21:52:15.640932+0900 ResourceRunner[6388:50896131] [MonitoringSampleStore] history=1115 capacity=1203
2026-10-03 21:52:15.641192+0900 ResourceRunner[6388:50896131] [MonitoringSampleStore] history=1116 capacity=1203
2026-10-03 21:52:15.641451+0900 ResourceRunner[6388:50896131] [MonitoringSampleStore] history=1117 capacity=1203
2026-10-03 21:52:15.641712+0900 ResourceRunner[6388:50896131] [MonitoringSampleStore] history=1118 capacity=1203
2026-10-03 21:52:15.641961+0900 ResourceRunner[6388:50896131] [MonitoringSampleStore] history=1119 capacity=1203
2026-10-03 21:52:15.642226+0900 ResourceRunner[6388:50896131] [MonitoringSampleStore] history=1120 capacity=1203
2026-10-03 21:52:15.642478+0900 ResourceRunner[6388:50896131] [MonitoringSampleStore] history=1121 capacity=1203
2026-10-03 21:52:15.642738+0900 ResourceRunner[6388:50896131] [MonitoringSampleStore] history=1122 capacity=1203
2026-10-03 21:52:15.643000+0900 ResourceRunner[6388:50896131] [MonitoringSampleStore] history=1123 capacity=1203
2026-10-03 21:52:15.643261+0900 ResourceRunner[6388:50896131] [MonitoringSampleStore] history=1124 capacity=1203
2026-10-03 21:52:15.643510+0900 ResourceRunner[6388:50896131] [MonitoringSampleStore] history=1125 capacity=1203
2026-10-03 21:52:15.643754+0900 ResourceRunner[6388:50896131] [MonitoringSampleStore] history=1126 capacity=1203
2026-10-03 21:52:15.644001+0900 ResourceRunner[6388:50896131] [MonitoringSampleStore] history=1127 capacity=1203
2026-10-03 21:52:15.644270+0900 ResourceRunner[6388:50896131] [MonitoringSampleStore] history=1128 capacity=1203
2026-10-03 21:52:15.644530+0900 ResourceRunner[6388:50896131] [MonitoringSampleStore] history=1129 capacity=1203
2026-10-03 21:52:15.644791+0900 ResourceRunner[6388:50896131] [MonitoringSampleStore] history=1130 capacity=1203
2026-10-03 21:52:15.645044+0900 ResourceRunner[6388:50896131] [MonitoringSampleStore] history=1131 capacity=1203
2026-10-03 21:52:15.645306+0900 ResourceRunner[6388:50896131] [MonitoringSampleStore] history=1132 capacity=1203
2026-10-03 21:52:15.645559+0900 ResourceRunner[6388:50896131] [MonitoringSampleStore] history=1133 capacity=1203
2026-10-03 21:52:15.645827+0900 ResourceRunner[6388:50896131] [MonitoringSampleStore] history=1134 capacity=1203
2026-10-03 21:52:15.646104+0900 ResourceRunner[6388:50896131] [MonitoringSampleStore] history=1135 capacity=1203
2026-10-03 21:52:15.646357+0900 ResourceRunner[6388:50896131] [MonitoringSampleStore] history=1136 capacity=1203
2026-10-03 21:52:15.646622+0900 ResourceRunner[6388:50896131] [MonitoringSampleStore] history=1137 capacity=1203
2026-10-03 21:52:15.646882+0900 ResourceRunner[6388:50896131] [MonitoringSampleStore] history=1138 capacity=1203
2026-10-03 21:52:15.647142+0900 ResourceRunner[6388:50896131] [MonitoringSampleStore] history=1139 capacity=1203
2026-10-03 21:52:15.647387+0900 ResourceRunner[6388:50896131] [MonitoringSampleStore] history=1140 capacity=1203
2026-10-03 21:52:15.647648+0900 ResourceRunner[6388:50896131] [MonitoringSampleStore] history=1141 capacity=1203
2026-10-03 21:52:15.647909+0900 ResourceRunner[6388:50896131] [MonitoringSampleStore] history=1142 capacity=1203
2026-10-03 21:52:15.648157+0900 ResourceRunner[6388:50896131] [MonitoringSampleStore] history=1143 capacity=1203
2026-10-03 21:52:15.648425+0900 ResourceRunner[6388:50896131] [MonitoringSampleStore] history=1144 capacity=1203
2026-10-03 21:52:15.648690+0900 ResourceRunner[6388:50896131] [MonitoringSampleStore] history=1145 capacity=1203
2026-10-03 21:52:15.648952+0900 ResourceRunner[6388:50896131] [MonitoringSampleStore] history=1146 capacity=1203
2026-10-03 21:52:15.649208+0900 ResourceRunner[6388:50896131] [MonitoringSampleStore] history=1147 capacity=1203
2026-10-03 21:52:15.649472+0900 ResourceRunner[6388:50896131] [MonitoringSampleStore] history=1148 capacity=1203
2026-10-03 21:52:15.649735+0900 ResourceRunner[6388:50896131] [MonitoringSampleStore] history=1149 capacity=1203
2026-10-03 21:52:15.649997+0900 ResourceRunner[6388:50896131] [MonitoringSampleStore] history=1150 capacity=1203
2026-10-03 21:52:15.650263+0900 ResourceRunner[6388:50896131] [MonitoringSampleStore] history=1151 capacity=1203
2026-10-03 21:52:15.650524+0900 ResourceRunner[6388:50896131] [MonitoringSampleStore] history=1152 capacity=1203
2026-10-03 21:52:15.650787+0900 ResourceRunner[6388:50896131] [MonitoringSampleStore] history=1153 capacity=1203
2026-10-03 21:52:15.651036+0900 ResourceRunner[6388:50896131] [MonitoringSampleStore] history=1154 capacity=1203
2026-10-03 21:52:15.651302+0900 ResourceRunner[6388:50896131] [MonitoringSampleStore] history=1155 capacity=1203
2026-10-03 21:52:15.651558+0900 ResourceRunner[6388:50896131] [MonitoringSampleStore] history=1156 capacity=1203
2026-10-03 21:52:15.651831+0900 ResourceRunner[6388:50896131] [MonitoringSampleStore] history=1157 capacity=1203
2026-10-03 21:52:15.652093+0900 ResourceRunner[6388:50896131] [MonitoringSampleStore] history=1158 capacity=1203
2026-10-03 21:52:15.652356+0900 ResourceRunner[6388:50896131] [MonitoringSampleStore] history=1159 capacity=1203
2026-10-03 21:52:15.652624+0900 ResourceRunner[6388:50896131] [MonitoringSampleStore] history=1160 capacity=1203
2026-10-03 21:52:15.652888+0900 ResourceRunner[6388:50896131] [MonitoringSampleStore] history=1161 capacity=1203
2026-10-03 21:52:15.653147+0900 ResourceRunner[6388:50896131] [MonitoringSampleStore] history=1162 capacity=1203
2026-10-03 21:52:15.653404+0900 ResourceRunner[6388:50896131] [MonitoringSampleStore] history=1163 capacity=1203
2026-10-03 21:52:15.653668+0900 ResourceRunner[6388:50896131] [MonitoringSampleStore] history=1164 capacity=1203
2026-10-03 21:52:15.653932+0900 ResourceRunner[6388:50896131] [MonitoringSampleStore] history=1165 capacity=1203
2026-10-03 21:52:15.654202+0900 ResourceRunner[6388:50896131] [MonitoringSampleStore] history=1166 capacity=1203
2026-10-03 21:52:15.654472+0900 ResourceRunner[6388:50896131] [MonitoringSampleStore] history=1167 capacity=1203
2026-10-03 21:52:15.654727+0900 ResourceRunner[6388:50896131] [MonitoringSampleStore] history=1168 capacity=1203
2026-10-03 21:52:15.654996+0900 ResourceRunner[6388:50896131] [MonitoringSampleStore] history=1169 capacity=1203
2026-10-03 21:52:15.655263+0900 ResourceRunner[6388:50896131] [MonitoringSampleStore] history=1170 capacity=1203
2026-10-03 21:52:15.655529+0900 ResourceRunner[6388:50896131] [MonitoringSampleStore] history=1171 capacity=1203
2026-10-03 21:52:15.655805+0900 ResourceRunner[6388:50896131] [MonitoringSampleStore] history=1172 capacity=1203
2026-10-03 21:52:15.656057+0900 ResourceRunner[6388:50896131] [MonitoringSampleStore] history=1173 capacity=1203
2026-10-03 21:52:15.656317+0900 ResourceRunner[6388:50896131] [MonitoringSampleStore] history=1174 capacity=1203
2026-10-03 21:52:15.656587+0900 ResourceRunner[6388:50896131] [MonitoringSampleStore] history=1175 capacity=1203
2026-10-03 21:52:15.656849+0900 ResourceRunner[6388:50896131] [MonitoringSampleStore] history=1176 capacity=1203
2026-10-03 21:52:15.657102+0900 ResourceRunner[6388:50896131] [MonitoringSampleStore] history=1177 capacity=1203
2026-10-03 21:52:15.657371+0900 ResourceRunner[6388:50896131] [MonitoringSampleStore] history=1178 capacity=1203
2026-10-03 21:52:15.657642+0900 ResourceRunner[6388:50896131] [MonitoringSampleStore] history=1179 capacity=1203
2026-10-03 21:52:15.657910+0900 ResourceRunner[6388:50896131] [MonitoringSampleStore] history=1180 capacity=1203
2026-10-03 21:52:15.658170+0900 ResourceRunner[6388:50896131] [MonitoringSampleStore] history=1181 capacity=1203
2026-10-03 21:52:15.658441+0900 ResourceRunner[6388:50896131] [MonitoringSampleStore] history=1182 capacity=1203
2026-10-03 21:52:15.658713+0900 ResourceRunner[6388:50896131] [MonitoringSampleStore] history=1183 capacity=1203
2026-10-03 21:52:15.658968+0900 ResourceRunner[6388:50896131] [MonitoringSampleStore] history=1184 capacity=1203
2026-10-03 21:52:15.659242+0900 ResourceRunner[6388:50896131] [MonitoringSampleStore] history=1185 capacity=1203
2026-10-03 21:52:15.659511+0900 ResourceRunner[6388:50896131] [MonitoringSampleStore] history=1186 capacity=1203
2026-10-03 21:52:15.659775+0900 ResourceRunner[6388:50896131] [MonitoringSampleStore] history=1187 capacity=1203
2026-10-03 21:52:15.660031+0900 ResourceRunner[6388:50896131] [MonitoringSampleStore] history=1188 capacity=1203
2026-10-03 21:52:15.660303+0900 ResourceRunner[6388:50896131] [MonitoringSampleStore] history=1189 capacity=1203
2026-10-03 21:52:15.660573+0900 ResourceRunner[6388:50896131] [MonitoringSampleStore] history=1190 capacity=1203
2026-10-03 21:52:15.660838+0900 ResourceRunner[6388:50896131] [MonitoringSampleStore] history=1191 capacity=1203
2026-10-03 21:52:15.661103+0900 ResourceRunner[6388:50896131] [MonitoringSampleStore] history=1192 capacity=1203
2026-10-03 21:52:15.661374+0900 ResourceRunner[6388:50896131] [MonitoringSampleStore] history=1193 capacity=1203
2026-10-03 21:52:15.661642+0900 ResourceRunner[6388:50896131] [MonitoringSampleStore] history=1194 capacity=1203
2026-10-03 21:52:15.661915+0900 ResourceRunner[6388:50896131] [MonitoringSampleStore] history=1195 capacity=1203
2026-10-03 21:52:15.662182+0900 ResourceRunner[6388:50896131] [MonitoringSampleStore] history=1196 capacity=1203
2026-10-03 21:52:15.662441+0900 ResourceRunner[6388:50896131] [MonitoringSampleStore] history=1197 capacity=1203
2026-10-03 21:52:15.662716+0900 ResourceRunner[6388:50896131] [MonitoringSampleStore] history=1198 capacity=1203
2026-10-03 21:52:15.662982+0900 ResourceRunner[6388:50896131] [MonitoringSampleStore] history=1199 capacity=1203
2026-10-03 21:52:15.663252+0900 ResourceRunner[6388:50896131] [MonitoringSampleStore] history=1200 capacity=1203
2026-10-03 21:52:15.663517+0900 ResourceRunner[6388:50896131] [MonitoringSampleStore] history=1201 capacity=1203
2026-10-03 21:52:15.663801+0900 ResourceRunner[6388:50896131] [MonitoringSampleStore] history=1202 capacity=1203
2026-10-03 21:52:15.664080+0900 ResourceRunner[6388:50896131] [MonitoringSampleStore] history=1203 capacity=1203
2026-10-03 21:52:15.664353+0900 ResourceRunner[6388:50896131] [MonitoringSampleStore] history=1203 capacity=1203
2026-10-03 21:52:15.664626+0900 ResourceRunner[6388:50896131] [MonitoringSampleStore] history=1203 capacity=1203
✔ Test halfSecondOverflowKeepsFixedCapacityAndActualWindow() passed after 0.170 seconds.
◇ Test displayValueIsEmptyAfterAnHourLongStop() started.
2026-10-03 21:52:15.665041+0900 ResourceRunner[6388:50896162] [MonitoringSampleStore] first valid history point collectionEpoch=0 history=1
2026-10-03 21:52:15.665047+0900 ResourceRunner[6388:50896162] [MonitoringSampleStore] history=1 capacity=1203
2026-10-03 21:52:15.665050+0900 ResourceRunner[6388:50896162] [MonitoringSampleStore] history=3 capacity=1203
2026-10-03 21:52:15.665053+0900 ResourceRunner[6388:50896162] [MonitoringSampleStore] history=4 capacity=1203
2026-10-03 21:52:15.665055+0900 ResourceRunner[6388:50896183] [MonitoringSampleStore] history=2 capacity=1203
2026-10-03 21:52:15.665056+0900 ResourceRunner[6388:50896162] [MonitoringSampleStore] history=5 capacity=1203
2026-10-03 21:52:15.665060+0900 ResourceRunner[6388:50896183] [MonitoringSampleStore] history=6 capacity=1203
2026-10-03 21:52:15.665063+0900 ResourceRunner[6388:50896183] [MonitoringSampleStore] history=7 capacity=1203
2026-10-03 21:52:15.665071+0900 ResourceRunner[6388:50896183] [MonitoringSampleStore] history=8 capacity=1203
2026✔ Test displayValueIsEmptyAfterAnHourLongStop() passed after 0.001 seconds.
-10-03 21:52:15.665073+0900 ResourceRunner[6388:50896183] [MonitoringSampleStore] history=9 capacity=1203
2026-10-03 21:52:15.665131+0900 ResourceRunner[6388:50896162] [MonitoringSampleStore] history=10 capacity=1203
2026-10-03 21:52:15.665134+0900 ResourceRunner[6388:50896202] [MonitoringSampleStore] history=10 capacity=1203
◇ Test emptyStoreHasNoLatestSnapshotAndNoHistory() started.
✔ Test emptyStoreHasNoLatestSnapshotAndNoHistory() passed after 0.001 seconds.
◇ Test displayValueStreamKeepsOnlyTheNewestCombination() started.
2026-10-03 21:52:15.665456+0900 ResourceRunner[6388:50896165] [MonitoringSampleStore] history=1 capacity=1203
2026-10-03 21:52:15.665460+0900 ResourceRunner[6388:50896165] [MonitoringSampleStore] history=2 capacity=1203
✔ Test displayValueStreamKeepsOnlyTheNewestCombination() passed after 0.001 seconds.
2026-10-03 21:52:15.665463+0900 ResourceRunner[6388:50896165] [MonitoringSampleStore] history=3 capacity=1203
2026-10-03 21:52:15.665455+0900 ResourceRunner[6388:50896183] [MonitoringSampleStore] first valid history point collectionEpoch=0 history=1
✔ Suite MonitoringSampleStoreTests passed after 0.578 seconds.
◇ Suite NetworkActivityTests started.
◇ Test tenSecondContextUsesActualTwentySecondBoundary() started.
✔ Test tenSecondContextUsesActualTwentySecondBoundary() passed after 0.001 seconds.
◇ Test actualReadTimeAndNormalFiveToOneSecondChangeKeepTheBaseline() started.
✔ Test actualReadTimeAndNormalFiveToOneSecondChangeKeepTheBaseline() passed after 0.001 seconds.
◇ Test negativeElapsedAndUnsignedExtremesNeverCreateInvalidRates() started.
✔ Test negativeElapsedAndUnsignedExtremesNeverCreateInvalidRates() passed after 0.001 seconds.
◇ Test realZeroIsAValidRateAndVPNIsDetailedButNotSummed() started.
✔ Test realZeroIsAValidRateAndVPNIsDetailedButNotSummed() passed after 0.001 seconds.
◇ Test twoPhysicalTargetsAreSummedOnceAndRemovalClearsCurrentList() started.
✔ Test twoPhysicalTargetsAreSummedOnceAndRemovalClearsCurrentList() passed after 0.001 seconds.
◇ Test everyInvalidIntervalAndFailureRestartsAtARealBaseline() started.
✔ Test everyInvalidIntervalAndFailureRestartsAtARealBaseline() passed after 0.022 seconds.
◇ Test newEpochAndPartialIdentityDoNotPublishACompleteSum() started.
✔ Test newEpochAndPartialIdentityDoNotPublishACompleteSum() passed after 0.001 seconds.
◇ Test linkDisconnectAndReconnectDoNotAverageAcrossTheGap() started.
✔ Test linkDisconnectAndReconnectDoNotAverageAcrossTheGap() passed after 0.001 seconds.
◇ Test topologyLifetimeAndRevisionSurviveRemovalReuseAndMergedNotifications() started.
✔ Test topologyLifetimeAndRevisionSurviveRemovalReuseAndMergedNotifications() passed after 0.001 seconds.
◇ Test metadataCacheRequiresExactLifetimeAndRevision() started.
✔ Test metadataCacheRequiresExactLifetimeAndRevision() passed after 0.001 seconds.
◇ Test reusedNameAndIndexCannotInheritRateOrMetadata() started.
✔ Test reusedNameAndIndexCannotInheritRateOrMetadata() passed after 0.001 seconds.
◇ Test staleSourceAndStoreResultsCannotChangeBaselineLatestOrHistory() started.
✔ Test staleSourceAndStoreResultsCannotChangeBaselineLatestOrHistory() passed after 0.003 seconds.
◇ Test topologyChangeDuringMetadataAwaitRejectsOldActivitySnapshot() started.
✔ Test topologyChangeDuringMetadataAwaitRejectsOldActivitySnapshot() passed after 0.001 seconds.
◇ Test historyKeeps601ValidPairsAndFiltersTheMoving600SecondWindow() started.
✔ Test historyKeeps601ValidPairsAndFiltersTheMoving600SecondWindow() passed after 0.041 seconds.
◇ Test halfSecondHistoryRetainsBothWindowEndpointsWithBoundedRing() started.
✔ Test halfSecondHistoryRetainsBothWindowEndpointsWithBoundedRing() passed after 0.156 seconds.
✔ Suite NetworkActivityTests passed after 0.225 seconds.
◇ Suite ProcessHistoryIdentityBoundaryTests started.
◇ Test firstSurveyOfIdentityProducesNoRateAndSingleMemoryBaseline() started.
✔ Test firstSurveyOfIdentityProducesNoRateAndSingleMemoryBaseline() passed after 0.001 seconds.
◇ Test pidReuseWithDifferentStartTimeDoesNotInheritPreviousCPUBaseline() started.
✔ Test pidReuseWithDifferentStartTimeDoesNotInheritPreviousCPUBaseline() passed after 0.001 seconds.
◇ Test executablePathChangeRestartsHistoryWhileUnchangedPathKeepsIt() started.
✔ Test executablePathChangeRestartsHistoryWhileUnchangedPathKeepsIt() passed after 0.001 seconds.
◇ Test terminatedProcessIsRemovedAfterNextSurveyWithoutAffectingSurvivingIdentity() started.
✔ Test terminatedProcessIsRemovedAfterNextSurveyWithoutAffectingSurvivingIdentity() passed after 0.001 seconds.
◇ Test processMissingFromASurveyIsRemovedAndRestartsFreshOnReappearance() started.
✔ Test processMissingFromASurveyIsRemovedAndRestartsFreshOnReappearance() passed after 0.001 seconds.
◇ Test failedSurveyKeepsHistoryIntactAndOnlyRecordsTheFailure() started.
✔ Test failedSurveyKeepsHistoryIntactAndOnlyRecordsTheFailure() passed after 0.001 seconds.
✔ Suite ProcessHistoryIdentityBoundaryTests passed after 0.001 seconds.
◇ Suite ProcessHistoryCPUUsageTests started.
◇ Test twoFullyUsedCoresProduce200Percent() started.
✔ Test twoFullyUsedCoresProduce200Percent() passed after 0.001 seconds.
◇ Test gapExceedingMaximumTickGapProducesNoRateButUpdatesBaseline() started.
✔ Test gapExceedingMaximumTickGapProducesNoRateButUpdatesBaseline() passed after 0.001 seconds.
✔ Suite ProcessHistoryCPUUsageTests passed after 0.001 seconds.
◇ Suite ProcessHistoryMemoryBaselineRingTests started.
◇ Test tightSurveysWithinMinimumIntervalDoNotAddBaseline() started.
✔ Test tightSurveysWithinMinimumIntervalDoNotAddBaseline() passed after 0.001 seconds.
◇ Test ringCapacityIsIndependentOfSurveyPeriod() started.
✔ Test ringCapacityIsIndependentOfSurveyPeriod() passed after 0.005 seconds.
✔ Suite ProcessHistoryMemoryBaselineRingTests passed after 0.006 seconds.
◇ Suite ProcessHistoryRecentValueRingTests started.
◇ Test recentValuesRetainsOnlyTheLastThreeSamplesInOrder() started.
✔ Test recentValuesRetainsOnlyTheLastThreeSamplesInOrder() passed after 0.001 seconds.
✔ Suite ProcessHistoryRecentValueRingTests passed after 0.001 seconds.
◇ Suite CPUSystemMetricsCollectorTests started.
◇ Test firstTickProducesNoUsage() started.
✔ Test firstTickProducesNoUsage() passed after 0.001 seconds.
◇ Test secondTickProducesUsageFromTickDelta() started.
✔ Test secondTickProducesUsageFromTickDelta() passed after 0.001 seconds.
◇ Test overallUsageComesFromSummedTicksNotCoreAverage() started.
✔ Test overallUsageComesFromSummedTicksNotCoreAverage() passed after 0.001 seconds.
◇ Test niceTicksCountAsUserTime() started.
✔ Test niceTicksCountAsUserTime() passed after 0.001 seconds.
◇ Test ratiosStayInRangeAndSumToOneHundred(secondTick:) started.
◇ Test case passing 1 argument secondTick → [ResourceRunner.CPUCoreTicks(user: 25, system: 25, idle: 50, nice: 0)] to ratiosStayInRangeAndSumToOneHundred(secondTick:) started.
​◇ Test case passing 1 argument secondTick → [ResourceRunner.CPUCoreTicks(user: 100, system: 0, idle: 0, nice: 0)] to ratiosStayInRangeAndSumToOneHundred(secondTick:) started.
​◇ Test case passing 1 argument secondTick → [ResourceRunner.CPUCoreTicks(user: 0, system: 0, idle: 100, nice: 0)] to ratiosStayInRangeAndSumToOneHundred(secondTick:) started.
​◇ Test case passing 1 argument secondTick → [ResourceRunner.CPUCoreTicks(user: 33, system: 33, idle: 34, nice: 0)] to ratiosStayInRangeAndSumToOneHundred(secondTick:) started.
​◇ Test case passing 1 argument secondTick → [ResourceRunner.CPUCoreTicks(user: 1, system: 2, idle: 3, nice: 0), ResourceRunner.CPUCoreTicks(user: 4, system: 5, idle: 6, nice: 0)] to ratiosStayInRangeAndSumToOneHundred(secondTick:) started.
​✔ Test ratiosStayInRangeAndSumToOneHundred(secondTick:) with 5 test cases passed after 0.001 seconds.
◇ Test gapBeyondMaximumRefreshesBaselineWithoutProducingUsage() started.
✔ Test gapBeyondMaximumRefreshesBaselineWithoutProducingUsage() passed after 0.001 seconds.
◇ Test gapExactlyAtMaximumStillProducesUsage() started.
✔ Test gapExactlyAtMaximumStillProducesUsage() passed after 0.001 seconds.
◇ Test tenSecondPlanAllowsTwentySecondsButBreaksBeyondIt() started.
✔ Test tenSecondPlanAllowsTwentySecondsButBreaksBeyondIt() passed after 0.001 seconds.
◇ Test fiveSecondToOneSecondIntervalChangeKeepsProducingUsage() started.
✔ Test fiveSecondToOneSecondIntervalChangeKeepsProducingUsage() passed after 0.001 seconds.
◇ Test explicitResetSkipsShortGapAndNextTickUsesNewBaseline() started.
✔ Test explicitResetSkipsShortGapAndNextTickUsesNewBaseline() passed after 0.001 seconds.
◇ Test coreCountChangeRefreshesBaselineWithoutProducingUsage() started.
✔ Test coreCountChangeRefreshesBaselineWithoutProducingUsage() passed after 0.001 seconds.
◇ Test rewoundCounterRefreshesBaselineWithoutProducingUsage() started.
✔ Test rewoundCounterRefreshesBaselineWithoutProducingUsage() passed after 0.001 seconds.
◇ Test zeroTotalTickDeltaProducesNoUsage() started.
✔ Test zeroTotalTickDeltaProducesNoUsage() passed after 0.001 seconds.
◇ Test tickReadFailureIsThrownAsCPUCollectorFailure() started.
✔ Test tickReadFailureIsThrownAsCPUCollectorFailure() passed after 0.001 seconds.
◇ Test emptyCoreListIsTreatedAsFailure() started.
✔ Test emptyCoreListIsTreatedAsFailure() passed after 0.001 seconds.
✔ Suite CPUSystemMetricsCollectorTests passed after 0.014 seconds.
◇ Suite SystemMetricsSampleSourceTests started.
◇ Test cpuFailureKeepsMemoryValueInTheSameSample() started.
✔ Test cpuFailureKeepsMemoryValueInTheSameSample() passed after 0.001 seconds.
◇ Test memoryFailureKeepsCPUValueInTheSameSample() started.
✔ Test memoryFailureKeepsCPUValueInTheSameSample() passed after 0.001 seconds.
◇ Test bothFailuresAreCarriedAsFailuresWithoutThrowing() started.
✔ Test bothFailuresAreCarriedAsFailuresWithoutThrowing() passed after 0.001 seconds.
◇ Test baselineOnlyCPUTickIsNotAFailure() started.
2026-10-03 21:52:15.928556+0900 ResourceRunner[6388:50896165] [SystemMetricsSampleSource] baseline-only tick: no cpu usage produced collectionEpoch=0 epochReset=false elapsed=none maximumTickGap=10.0 seconds
✔ Test baselineOnlyCPUTickIsNotAFailure() passed after 0.001 seconds.
◇ Test oneTickReadsTheTimestampOnceAndSharesIt() started.
✔ Test oneTickReadsTheTimestampOnceAndSharesIt() passed after 0.001 seconds.
◇ Test newerEpochResetsOnlyCPUBaselineAndOldEpochDoesNotCollect() started.
2026-10-03 21:52:15.949542+0900 ResourceRunner[6388:50896202] [SystemMetricsSampleSource] baseline-only tick: no cpu usage produced collectionEpoch=0 epochReset=false elapsed=none maximumTickGap=10.0 seconds
2026-10-03 21:52:15.949554+0900 ResourceRunner[6388:50896202] [SystemMetricsSampleSource] baseline-only tick: no cpu usage produced collectionEpoch=1 epochReset=true elapsed=0.0 seconds maximumTickGap=10.0 seconds
✔ Test newerEpochResetsOnlyCPUBaselineAndOldEpochDoesNotCollect() passed after 0.001 seconds.
◇ Test sameEpochProducesUsageAcrossFiveToOneSecondIntervalChange() started.
2026-10-03 21:52:15.949988+0900 ResourceRunner[6388:50896202] [SystemMetricsSampleSource] baseline-only tick: no cpu usage produced collectionEpoch=0 epochReset=false elapsed=none maximumTickGap=10.0 seconds
✔ Test sameEpochProducesUsageAcrossFiveToOneSecondIntervalChange() passed after 0.001 seconds.
◇ Test issuedTenSecondContextAllowsTwentySecondCPUDelta() started.
2026-10-03 21:52:15.950109+0900 ResourceRunner[6388:50896202] [SystemMetricsSampleSource] baseline-only tick: no cpu usage produced collectionEpoch=0 epochReset=false elapsed=none maximumTickGap=20.0 seconds
✔ Test issuedTenSecondContextAllowsTwentySecondCPUDelta() passed after 0.001 seconds.
✔ Suite SystemMetricsSampleSourceTests passed after 0.022 seconds.
✔ Test run with 86 tests in 11 suites passed after 1.065 seconds.
2026-10-03 21:52:16.264 xcodebuild[6310:50895796] [MT] IDETestOperationsObserverDebug: 2.307 elapsed -- Testing started completed.
2026-10-03 21:52:16.264 xcodebuild[6310:50895796] [MT] IDETestOperationsObserverDebug: 0.000 sec, +0.000 sec -- start
2026-10-03 21:52:16.264 xcodebuild[6310:50895796] [MT] IDETestOperationsObserverDebug: 2.307 sec, +2.307 sec -- end

Test session results, code coverage, and logs:
	/tmp/rr-m4-task003-unit-evidence.xcresult

** TEST SUCCEEDED **

Testing started
