record	wallUTC	uptimeSeconds	phase	readAt	epoch	generation	request	boundary	topologyRevision	rateSegment	statusOrKind	identity	rxBytes	txBytes	rxBps	txBps	completeOrPartial	extra
sample	2026-10-03T03:48:45.635Z	965050.8951984168	unmarked	Instant(_value: 3040453.0402596663 seconds)	0	1	1	0	26	1	baselineOnly(ResourceRunner.NetworkBaselineReason.first)	knownPhysical			-1.0	-1.0	false	representativeRX=-1.0;representativeTX=-1.0
interface	2026-10-03T03:48:45.635Z	965050.8951984168	unmarked	Instant(_value: 3040453.0402596663 seconds)	0	1	1	0	26	1	tunnel	gif0#2#nil#1	0	0	-1.0	-1.0	nil	route tunnel link type=55
interface	2026-10-03T03:48:45.635Z	965050.8951984168	unmarked	Instant(_value: 3040453.0402596663 seconds)	0	1	1	0	26	1	tunnel	stf0#3#nil#2	0	0	-1.0	-1.0	nil	route tunnel link type=57
interface	2026-10-03T03:48:45.635Z	965050.8951984168	unmarked	Instant(_value: 3040453.0402596663 seconds)	0	1	1	0	26	1	virtual	anpi1#4#4294970237#3	0	0	-1.0	-1.0	Optional(false)	private auxiliary network interface AppleUSBDeviceNCMPrivateEthernetInterface/AppleUSBDeviceNCMData/IOUSBDeviceInterface/AppleT8122USBXDCI/AppleARMIODevice/AppleH15IO/IOPlatformDevice/AppleARMPE/IOPlatformExpertDevice/IORegistryEntry
interface	2026-10-03T03:48:45.635Z	965050.8951984168	unmarked	Instant(_value: 3040453.0402596663 seconds)	0	1	1	0	26	1	virtual	anpi2#5#4294970293#4	0	0	-1.0	-1.0	Optional(false)	private auxiliary network interface AppleUSBDeviceNCMPrivateEthernetInterface/AppleUSBDeviceNCMData/IOUSBDeviceInterface/AppleT8122USBXDCI/AppleARMIODevice/AppleH15IO/IOPlatformDevice/AppleARMPE/IOPlatformExpertDevice/IORegistryEntry
interface	2026-10-03T03:48:45.635Z	965050.8951984168	unmarked	Instant(_value: 3040453.0402596663 seconds)	0	1	1	0	26	1	virtual	anpi0#6#4294970305#5	0	0	-1.0	-1.0	Optional(false)	private auxiliary network interface AppleUSBDeviceNCMPrivateEthernetInterface/AppleUSBDeviceNCMData/IOUSBDeviceInterface/AppleT8122USBXDCI/AppleARMIODevice/AppleH15IO/IOPlatformDevice/AppleARMPE/IOPlatformExpertDevice/IORegistryEntry
interface	2026-10-03T03:48:45.635Z	965050.8951984168	unmarked	Instant(_value: 3040453.0402596663 seconds)	0	1	1	0	26	1	physicalEthernet	en4#7#4294970257#6	0	0	-1.0	-1.0	Optional(false)	SC Ethernet; hardware provider IOEthernetInterface/AppleUSBDeviceNCMData/IOUSBDeviceInterface/AppleT8122USBXDCI/AppleARMIODevice/AppleH15IO/IOPlatformDevice/AppleARMPE/IOPlatformExpertDevice/IORegistryEntry
interface	2026-10-03T03:48:45.635Z	965050.8951984168	unmarked	Instant(_value: 3040453.0402596663 seconds)	0	1	1	0	26	1	physicalEthernet	en5#8#4294970175#7	0	0	-1.0	-1.0	Optional(false)	SC Ethernet; hardware provider IOEthernetInterface/AppleUSBDeviceNCMData/IOUSBDeviceInterface/AppleT8122USBXDCI/AppleARMIODevice/AppleH15IO/IOPlatformDevice/AppleARMPE/IOPlatformExpertDevice/IORegistryEntry
interface	2026-10-03T03:48:45.635Z	965050.8951984168	unmarked	Instant(_value: 3040453.0402596663 seconds)	0	1	1	0	26	1	physicalEthernet	en6#9#4294970236#8	0	0	-1.0	-1.0	Optional(false)	SC Ethernet; hardware provider IOEthernetInterface/AppleUSBDeviceNCMData/IOUSBDeviceInterface/AppleT8122USBXDCI/AppleARMIODevice/AppleH15IO/IOPlatformDevice/AppleARMPE/IOPlatformExpertDevice/IORegistryEntry
interface	2026-10-03T03:48:45.635Z	965050.8951984168	unmarked	Instant(_value: 3040453.0402596663 seconds)	0	1	1	0	26	1	physicalEthernet	en1#10#4294970312#9	0	0	-1.0	-1.0	Optional(false)	SC Ethernet; hardware provider IOEthernetInterface/AppleThunderboltIPPort/AppleThunderboltIPService/IOThunderboltLocalNode/IOThunderboltControllerType5/AppleThunderboltNHIType5/AppleThunderboltHALType5/AppleARMIODevice/AppleH15IO/IOPlatformDevice/AppleARMPE/IOPlatformExpertDevice/IORegistryEntry
interface	2026-10-03T03:48:45.635Z	965050.8951984168	unmarked	Instant(_value: 3040453.0402596663 seconds)	0	1	1	0	26	1	physicalEthernet	en2#11#4294970264#10	0	0	-1.0	-1.0	Optional(false)	SC Ethernet; hardware provider IOEthernetInterface/AppleThunderboltIPPort/AppleThunderboltIPService/IOThunderboltLocalNode/IOThunderboltControllerType5/AppleThunderboltNHIType5/AppleThunderboltHALType5/AppleARMIODevice/AppleH15IO/IOPlatformDevice/AppleARMPE/IOPlatformExpertDevice/IORegistryEntry
interface	2026-10-03T03:48:45.635Z	965050.8951984168	unmarked	Instant(_value: 3040453.0402596663 seconds)	0	1	1	0	26	1	physicalEthernet	en3#12#4294970379#11	0	0	-1.0	-1.0	Optional(false)	SC Ethernet; hardware provider IOEthernetInterface/AppleThunderboltIPPort/AppleThunderboltIPService/IOThunderboltLocalNode/IOThunderboltControllerType5/AppleThunderboltNHIType5/AppleThunderboltHALType5/AppleARMIODevice/AppleH15IO/IOPlatformDevice/AppleARMPE/IOPlatformExpertDevice/IORegistryEntry
interface	2026-10-03T03:48:45.635Z	965050.8951984168	unmarked	Instant(_value: 3040453.0402596663 seconds)	0	1	1	0	26	1	logical	bridge0#15#nil#12	0	0	-1.0	-1.0	Optional(false)	route link type=209
interface	2026-10-03T03:48:45.635Z	965050.8951984168	unmarked	Instant(_value: 3040453.0402596663 seconds)	0	1	1	0	26	1	unknown	ap1#13#nil#13	0	0	-1.0	-1.0	nil	IORegistry provider unavailable; SC type=
interface	2026-10-03T03:48:45.635Z	965050.8951984168	unmarked	Instant(_value: 3040453.0402596663 seconds)	0	1	1	0	26	1	physicalWiFi	en0#14#4294971925#14	3114033152	1999100928	-1.0	-1.0	Optional(true)	SC Wi-Fi; hardware provider IOSkywalkLegacyEthernetInterface/IO80211Controller/IOUserNetworkWLAN/IOUserService/IOUserService/IOPCIDevice/ApplePCIEHostBridge/IOPCIDevice/AppleT6031PCIe/AppleARMIODevice/AppleH15IO/IOPlatformDevice/AppleARMPE/IOPlatformExpertDevice/IORegistryEntry
interface	2026-10-03T03:48:45.635Z	965050.8951984168	unmarked	Instant(_value: 3040453.0402596663 seconds)	0	1	1	0	26	1	virtual	awdl0#16#nil#15	8599552	8556544	-1.0	-1.0	Optional(true)	SIOCGIFFUNCTIONALTYPE=4
interface	2026-10-03T03:48:45.635Z	965050.8951984168	unmarked	Instant(_value: 3040453.0402596663 seconds)	0	1	1	0	26	1	unknown	llw0#17#nil#16	0	0	-1.0	-1.0	nil	IORegistry provider unavailable; SC type=
interface	2026-10-03T03:48:45.635Z	965050.8951984168	unmarked	Instant(_value: 3040453.0402596663 seconds)	0	1	1	0	26	1	tunnel	utun0#18#nil#17	0	0	-1.0	-1.0	nil	tunnel name; VPN service unconfirmed
interface	2026-10-03T03:48:45.635Z	965050.8951984168	unmarked	Instant(_value: 3040453.0402596663 seconds)	0	1	1	0	26	1	tunnel	utun1#19#nil#18	0	8192	-1.0	-1.0	nil	tunnel name; VPN service unconfirmed
interface	2026-10-03T03:48:45.635Z	965050.8951984168	unmarked	Instant(_value: 3040453.0402596663 seconds)	0	1	1	0	26	1	tunnel	utun2#20#nil#19	0	8192	-1.0	-1.0	nil	tunnel name; VPN service unconfirmed
interface	2026-10-03T03:48:45.635Z	965050.8951984168	unmarked	Instant(_value: 3040453.0402596663 seconds)	0	1	1	0	26	1	tunnel	utun3#21#nil#20	0	8192	-1.0	-1.0	nil	tunnel name; VPN service unconfirmed
interface	2026-10-03T03:48:45.635Z	965050.8951984168	unmarked	Instant(_value: 3040453.0402596663 seconds)	0	1	1	0	26	1	tunnel	utun4#24#nil#21	9216	4096	-1.0	-1.0	nil	tunnel name; VPN service unconfirmed
interface	2026-10-03T03:48:45.635Z	965050.8951984168	unmarked	Instant(_value: 3040453.0402596663 seconds)	0	1	1	0	26	1	tunnel	utun5#25#nil#22	166912	143360	-1.0	-1.0	nil	tunnel name; VPN service unconfirmed
interface	2026-10-03T03:48:45.635Z	965050.8951984168	unmarked	Instant(_value: 3040453.0402596663 seconds)	0	1	1	0	26	1	tunnel	utun6#26#nil#23	0	8192	-1.0	-1.0	nil	tunnel name; VPN service unconfirmed
interface	2026-10-03T03:48:45.635Z	965050.8951984168	unmarked	Instant(_value: 3040453.0402596663 seconds)	0	1	1	0	26	1	tunnel	utun7#27#nil#24	0	8192	-1.0	-1.0	nil	tunnel name; VPN service unconfirmed
interface	2026-10-03T03:48:45.635Z	965050.8951984168	unmarked	Instant(_value: 3040453.0402596663 seconds)	0	1	1	0	26	1	virtual	vmenet0#22#4295372070#25	5120	1833984	-1.0	-1.0	Optional(true)	virtual provider IOUserEthernetInterface/IOUserEthernetController/IOUserEthernetResourceUserClient/IOUserEthernetResource/IOResources/IOPlatformExpertDevice/IORegistryEntry
interface	2026-10-03T03:48:45.635Z	965050.8951984168	unmarked	Instant(_value: 3040453.0402596663 seconds)	0	1	1	0	26	1	logical	bridge100#23#nil#26	0	3668992	-1.0	-1.0	Optional(true)	route link type=209
delivery	2026-10-03T03:48:45.635Z	965050.8951984168	unmarked	Instant(_value: 3040453.0402596663 seconds)	0	1	1	0	26	1	delivered	networkActivity						sameReadAt=true
card	2026-10-03T03:48:45.635Z	965050.8951984168	unmarked	Optional(Swift.ContinuousClock.Instant(_value: 3040453.0402596663 seconds))					26		baseline("first")	NetworkCard			-1.0	-1.0	false	Network 카드, 기준점 갱신 중, 현재 속도 없음, 측정된 속도 없음, 일부 수집 실패: 대상 identity 또는 물리 정보 일부 미확인
sample	2026-10-03T03:48:46.649Z	965051.9083614583	download-idle	Instant(_value: 3040454.857339291 seconds)	0	2	2	0	26	2	partial("물리 대상의 식별·연결·속도 일부를 확인하지 못했습니다")	knownPhysical			342069.7648293756	1127.0832449073332	false	representativeRX=-1.0;representativeTX=-1.0
interface	2026-10-03T03:48:46.649Z	965051.9083614583	download-idle	Instant(_value: 3040454.857339291 seconds)	0	2	2	0	26	2	tunnel	gif0#2#nil#1	0	0	0.0	0.0	nil	route tunnel link type=55
interface	2026-10-03T03:48:46.649Z	965051.9083614583	download-idle	Instant(_value: 3040454.857339291 seconds)	0	2	2	0	26	2	tunnel	stf0#3#nil#2	0	0	0.0	0.0	nil	route tunnel link type=57
interface	2026-10-03T03:48:46.649Z	965051.9083614583	download-idle	Instant(_value: 3040454.857339291 seconds)	0	2	2	0	26	2	virtual	anpi1#4#4294970237#3	0	0	0.0	0.0	Optional(false)	private auxiliary network interface AppleUSBDeviceNCMPrivateEthernetInterface/AppleUSBDeviceNCMData/IOUSBDeviceInterface/AppleT8122USBXDCI/AppleARMIODevice/AppleH15IO/IOPlatformDevice/AppleARMPE/IOPlatformExpertDevice/IORegistryEntry
interface	2026-10-03T03:48:46.649Z	965051.9083614583	download-idle	Instant(_value: 3040454.857339291 seconds)	0	2	2	0	26	2	virtual	anpi2#5#4294970293#4	0	0	0.0	0.0	Optional(false)	private auxiliary network interface AppleUSBDeviceNCMPrivateEthernetInterface/AppleUSBDeviceNCMData/IOUSBDeviceInterface/AppleT8122USBXDCI/AppleARMIODevice/AppleH15IO/IOPlatformDevice/AppleARMPE/IOPlatformExpertDevice/IORegistryEntry
interface	2026-10-03T03:48:46.649Z	965051.9083614583	download-idle	Instant(_value: 3040454.857339291 seconds)	0	2	2	0	26	2	virtual	anpi0#6#4294970305#5	0	0	0.0	0.0	Optional(false)	private auxiliary network interface AppleUSBDeviceNCMPrivateEthernetInterface/AppleUSBDeviceNCMData/IOUSBDeviceInterface/AppleT8122USBXDCI/AppleARMIODevice/AppleH15IO/IOPlatformDevice/AppleARMPE/IOPlatformExpertDevice/IORegistryEntry
interface	2026-10-03T03:48:46.649Z	965051.9083614583	download-idle	Instant(_value: 3040454.857339291 seconds)	0	2	2	0	26	2	physicalEthernet	en4#7#4294970257#6	0	0	0.0	0.0	Optional(false)	SC Ethernet; hardware provider IOEthernetInterface/AppleUSBDeviceNCMData/IOUSBDeviceInterface/AppleT8122USBXDCI/AppleARMIODevice/AppleH15IO/IOPlatformDevice/AppleARMPE/IOPlatformExpertDevice/IORegistryEntry
interface	2026-10-03T03:48:46.649Z	965051.9083614583	download-idle	Instant(_value: 3040454.857339291 seconds)	0	2	2	0	26	2	physicalEthernet	en5#8#4294970175#7	0	0	0.0	0.0	Optional(false)	SC Ethernet; hardware provider IOEthernetInterface/AppleUSBDeviceNCMData/IOUSBDeviceInterface/AppleT8122USBXDCI/AppleARMIODevice/AppleH15IO/IOPlatformDevice/AppleARMPE/IOPlatformExpertDevice/IORegistryEntry
interface	2026-10-03T03:48:46.649Z	965051.9083614583	download-idle	Instant(_value: 3040454.857339291 seconds)	0	2	2	0	26	2	physicalEthernet	en6#9#4294970236#8	0	0	0.0	0.0	Optional(false)	SC Ethernet; hardware provider IOEthernetInterface/AppleUSBDeviceNCMData/IOUSBDeviceInterface/AppleT8122USBXDCI/AppleARMIODevice/AppleH15IO/IOPlatformDevice/AppleARMPE/IOPlatformExpertDevice/IORegistryEntry
interface	2026-10-03T03:48:46.649Z	965051.9083614583	download-idle	Instant(_value: 3040454.857339291 seconds)	0	2	2	0	26	2	physicalEthernet	en1#10#4294970312#9	0	0	0.0	0.0	Optional(false)	SC Ethernet; hardware provider IOEthernetInterface/AppleThunderboltIPPort/AppleThunderboltIPService/IOThunderboltLocalNode/IOThunderboltControllerType5/AppleThunderboltNHIType5/AppleThunderboltHALType5/AppleARMIODevice/AppleH15IO/IOPlatformDevice/AppleARMPE/IOPlatformExpertDevice/IORegistryEntry
interface	2026-10-03T03:48:46.649Z	965051.9083614583	download-idle	Instant(_value: 3040454.857339291 seconds)	0	2	2	0	26	2	physicalEthernet	en2#11#4294970264#10	0	0	0.0	0.0	Optional(false)	SC Ethernet; hardware provider IOEthernetInterface/AppleThunderboltIPPort/AppleThunderboltIPService/IOThunderboltLocalNode/IOThunderboltControllerType5/AppleThunderboltNHIType5/AppleThunderboltHALType5/AppleARMIODevice/AppleH15IO/IOPlatformDevice/AppleARMPE/IOPlatformExpertDevice/IORegistryEntry
interface	2026-10-03T03:48:46.649Z	965051.9083614583	download-idle	Instant(_value: 3040454.857339291 seconds)	0	2	2	0	26	2	physicalEthernet	en3#12#4294970379#11	0	0	0.0	0.0	Optional(false)	SC Ethernet; hardware provider IOEthernetInterface/AppleThunderboltIPPort/AppleThunderboltIPService/IOThunderboltLocalNode/IOThunderboltControllerType5/AppleThunderboltNHIType5/AppleThunderboltHALType5/AppleARMIODevice/AppleH15IO/IOPlatformDevice/AppleARMPE/IOPlatformExpertDevice/IORegistryEntry
interface	2026-10-03T03:48:46.649Z	965051.9083614583	download-idle	Instant(_value: 3040454.857339291 seconds)	0	2	2	0	26	2	logical	bridge0#15#nil#12	0	0	0.0	0.0	Optional(false)	route link type=209
interface	2026-10-03T03:48:46.649Z	965051.9083614583	download-idle	Instant(_value: 3040454.857339291 seconds)	0	2	2	0	26	2	unknown	ap1#13#nil#13	0	0	0.0	0.0	nil	IORegistry provider unavailable; SC type=
interface	2026-10-03T03:48:46.649Z	965051.9083614583	download-idle	Instant(_value: 3040454.857339291 seconds)	0	2	2	0	26	2	physicalWiFi	en0#14#4294971925#14	3114654720	1999102976	342069.7648293756	1127.0832449073332	Optional(true)	SC Wi-Fi; hardware provider IOSkywalkLegacyEthernetInterface/IO80211Controller/IOUserNetworkWLAN/IOUserService/IOUserService/IOPCIDevice/ApplePCIEHostBridge/IOPCIDevice/AppleT6031PCIe/AppleARMIODevice/AppleH15IO/IOPlatformDevice/AppleARMPE/IOPlatformExpertDevice/IORegistryEntry
interface	2026-10-03T03:48:46.649Z	965051.9083614583	download-idle	Instant(_value: 3040454.857339291 seconds)	0	2	2	0	26	2	virtual	awdl0#16#nil#15	8599552	8556544	0.0	0.0	Optional(true)	SIOCGIFFUNCTIONALTYPE=4
interface	2026-10-03T03:48:46.649Z	965051.9083614583	download-idle	Instant(_value: 3040454.857339291 seconds)	0	2	2	0	26	2	unknown	llw0#17#nil#16	0	0	0.0	0.0	nil	IORegistry provider unavailable; SC type=
interface	2026-10-03T03:48:46.649Z	965051.9083614583	download-idle	Instant(_value: 3040454.857339291 seconds)	0	2	2	0	26	2	tunnel	utun0#18#nil#17	0	0	0.0	0.0	nil	tunnel name; VPN service unconfirmed
interface	2026-10-03T03:48:46.649Z	965051.9083614583	download-idle	Instant(_value: 3040454.857339291 seconds)	0	2	2	0	26	2	tunnel	utun1#19#nil#18	0	8192	0.0	0.0	nil	tunnel name; VPN service unconfirmed
interface	2026-10-03T03:48:46.649Z	965051.9083614583	download-idle	Instant(_value: 3040454.857339291 seconds)	0	2	2	0	26	2	tunnel	utun2#20#nil#19	0	8192	0.0	0.0	nil	tunnel name; VPN service unconfirmed
interface	2026-10-03T03:48:46.649Z	965051.9083614583	download-idle	Instant(_value: 3040454.857339291 seconds)	0	2	2	0	26	2	tunnel	utun3#21#nil#20	0	8192	0.0	0.0	nil	tunnel name; VPN service unconfirmed
interface	2026-10-03T03:48:46.649Z	965051.9083614583	download-idle	Instant(_value: 3040454.857339291 seconds)	0	2	2	0	26	2	tunnel	utun4#24#nil#21	9216	4096	0.0	0.0	nil	tunnel name; VPN service unconfirmed
interface	2026-10-03T03:48:46.649Z	965051.9083614583	download-idle	Instant(_value: 3040454.857339291 seconds)	0	2	2	0	26	2	tunnel	utun5#25#nil#22	166912	143360	0.0	0.0	nil	tunnel name; VPN service unconfirmed
interface	2026-10-03T03:48:46.649Z	965051.9083614583	download-idle	Instant(_value: 3040454.857339291 seconds)	0	2	2	0	26	2	tunnel	utun6#26#nil#23	0	8192	0.0	0.0	nil	tunnel name; VPN service unconfirmed
interface	2026-10-03T03:48:46.649Z	965051.9083614583	download-idle	Instant(_value: 3040454.857339291 seconds)	0	2	2	0	26	2	tunnel	utun7#27#nil#24	0	8192	0.0	0.0	nil	tunnel name; VPN service unconfirmed
interface	2026-10-03T03:48:46.649Z	965051.9083614583	download-idle	Instant(_value: 3040454.857339291 seconds)	0	2	2	0	26	2	virtual	vmenet0#22#4295372070#25	5120	1833984	0.0	0.0	Optional(true)	virtual provider IOUserEthernetInterface/IOUserEthernetController/IOUserEthernetResourceUserClient/IOUserEthernetResource/IOResources/IOPlatformExpertDevice/IORegistryEntry
interface	2026-10-03T03:48:46.649Z	965051.9083614583	download-idle	Instant(_value: 3040454.857339291 seconds)	0	2	2	0	26	2	logical	bridge100#23#nil#26	0	3668992	0.0	0.0	Optional(true)	route link type=209
delivery	2026-10-03T03:48:46.649Z	965051.9083614583	download-idle	Instant(_value: 3040454.857339291 seconds)	0	2	2	0	26	2	delivered	networkActivity						sameReadAt=true
card	2026-10-03T03:48:46.649Z	965051.9083614583	download-idle	Optional(Swift.ContinuousClock.Instant(_value: 3040454.857339291 seconds))					26		partial("물리 대상의 식별·연결·속도 일부를 확인하지 못했습니다")	NetworkCard			342069.7648293756	1127.0832449073332	true	Network 카드, 일부 수집 실패: 물리 대상의 식별·연결·속도 일부를 확인하지 못했습니다, 확인된 일부 합계 다운로드 334.1 KB/s, 업로드 1.1 KB/s, 일부 수집 실패: 대상 identity 또는 물리 정보 일부 미확인
sample	2026-10-03T03:48:47.691Z	965052.950215875	download-idle	Instant(_value: 3040455.822975541 seconds)	0	2	3	0	26	3	partial("물리 대상의 식별·연결·속도 일부를 확인하지 못했습니다")	knownPhysical			356308.08184759016	3181.322159353483	false	representativeRX=-1.0;representativeTX=-1.0
interface	2026-10-03T03:48:47.691Z	965052.950215875	download-idle	Instant(_value: 3040455.822975541 seconds)	0	2	3	0	26	3	tunnel	gif0#2#nil#1	0	0	0.0	0.0	nil	route tunnel link type=55
interface	2026-10-03T03:48:47.691Z	965052.950215875	download-idle	Instant(_value: 3040455.822975541 seconds)	0	2	3	0	26	3	tunnel	stf0#3#nil#2	0	0	0.0	0.0	nil	route tunnel link type=57
interface	2026-10-03T03:48:47.691Z	965052.950215875	download-idle	Instant(_value: 3040455.822975541 seconds)	0	2	3	0	26	3	virtual	anpi1#4#4294970237#3	0	0	0.0	0.0	Optional(false)	private auxiliary network interface AppleUSBDeviceNCMPrivateEthernetInterface/AppleUSBDeviceNCMData/IOUSBDeviceInterface/AppleT8122USBXDCI/AppleARMIODevice/AppleH15IO/IOPlatformDevice/AppleARMPE/IOPlatformExpertDevice/IORegistryEntry
interface	2026-10-03T03:48:47.691Z	965052.950215875	download-idle	Instant(_value: 3040455.822975541 seconds)	0	2	3	0	26	3	virtual	anpi2#5#4294970293#4	0	0	0.0	0.0	Optional(false)	private auxiliary network interface AppleUSBDeviceNCMPrivateEthernetInterface/AppleUSBDeviceNCMData/IOUSBDeviceInterface/AppleT8122USBXDCI/AppleARMIODevice/AppleH15IO/IOPlatformDevice/AppleARMPE/IOPlatformExpertDevice/IORegistryEntry
interface	2026-10-03T03:48:47.691Z	965052.950215875	download-idle	Instant(_value: 3040455.822975541 seconds)	0	2	3	0	26	3	virtual	anpi0#6#4294970305#5	0	0	0.0	0.0	Optional(false)	private auxiliary network interface AppleUSBDeviceNCMPrivateEthernetInterface/AppleUSBDeviceNCMData/IOUSBDeviceInterface/AppleT8122USBXDCI/AppleARMIODevice/AppleH15IO/IOPlatformDevice/AppleARMPE/IOPlatformExpertDevice/IORegistryEntry
interface	2026-10-03T03:48:47.691Z	965052.950215875	download-idle	Instant(_value: 3040455.822975541 seconds)	0	2	3	0	26	3	physicalEthernet	en4#7#4294970257#6	0	0	0.0	0.0	Optional(false)	SC Ethernet; hardware provider IOEthernetInterface/AppleUSBDeviceNCMData/IOUSBDeviceInterface/AppleT8122USBXDCI/AppleARMIODevice/AppleH15IO/IOPlatformDevice/AppleARMPE/IOPlatformExpertDevice/IORegistryEntry
interface	2026-10-03T03:48:47.691Z	965052.950215875	download-idle	Instant(_value: 3040455.822975541 seconds)	0	2	3	0	26	3	physicalEthernet	en5#8#4294970175#7	0	0	0.0	0.0	Optional(false)	SC Ethernet; hardware provider IOEthernetInterface/AppleUSBDeviceNCMData/IOUSBDeviceInterface/AppleT8122USBXDCI/AppleARMIODevice/AppleH15IO/IOPlatformDevice/AppleARMPE/IOPlatformExpertDevice/IORegistryEntry
interface	2026-10-03T03:48:47.691Z	965052.950215875	download-idle	Instant(_value: 3040455.822975541 seconds)	0	2	3	0	26	3	physicalEthernet	en6#9#4294970236#8	0	0	0.0	0.0	Optional(false)	SC Ethernet; hardware provider IOEthernetInterface/AppleUSBDeviceNCMData/IOUSBDeviceInterface/AppleT8122USBXDCI/AppleARMIODevice/AppleH15IO/IOPlatformDevice/AppleARMPE/IOPlatformExpertDevice/IORegistryEntry
interface	2026-10-03T03:48:47.691Z	965052.950215875	download-idle	Instant(_value: 3040455.822975541 seconds)	0	2	3	0	26	3	physicalEthernet	en1#10#4294970312#9	0	0	0.0	0.0	Optional(false)	SC Ethernet; hardware provider IOEthernetInterface/AppleThunderboltIPPort/AppleThunderboltIPService/IOThunderboltLocalNode/IOThunderboltControllerType5/AppleThunderboltNHIType5/AppleThunderboltHALType5/AppleARMIODevice/AppleH15IO/IOPlatformDevice/AppleARMPE/IOPlatformExpertDevice/IORegistryEntry
interface	2026-10-03T03:48:47.691Z	965052.950215875	download-idle	Instant(_value: 3040455.822975541 seconds)	0	2	3	0	26	3	physicalEthernet	en2#11#4294970264#10	0	0	0.0	0.0	Optional(false)	SC Ethernet; hardware provider IOEthernetInterface/AppleThunderboltIPPort/AppleThunderboltIPService/IOThunderboltLocalNode/IOThunderboltControllerType5/AppleThunderboltNHIType5/AppleThunderboltHALType5/AppleARMIODevice/AppleH15IO/IOPlatformDevice/AppleARMPE/IOPlatformExpertDevice/IORegistryEntry
interface	2026-10-03T03:48:47.691Z	965052.950215875	download-idle	Instant(_value: 3040455.822975541 seconds)	0	2	3	0	26	3	physicalEthernet	en3#12#4294970379#11	0	0	0.0	0.0	Optional(false)	SC Ethernet; hardware provider IOEthernetInterface/AppleThunderboltIPPort/AppleThunderboltIPService/IOThunderboltLocalNode/IOThunderboltControllerType5/AppleThunderboltNHIType5/AppleThunderboltHALType5/AppleARMIODevice/AppleH15IO/IOPlatformDevice/AppleARMPE/IOPlatformExpertDevice/IORegistryEntry
interface	2026-10-03T03:48:47.691Z	965052.950215875	download-idle	Instant(_value: 3040455.822975541 seconds)	0	2	3	0	26	3	logical	bridge0#15#nil#12	0	0	0.0	0.0	Optional(false)	route link type=209
interface	2026-10-03T03:48:47.691Z	965052.950215875	download-idle	Instant(_value: 3040455.822975541 seconds)	0	2	3	0	26	3	unknown	ap1#13#nil#13	0	0	0.0	0.0	nil	IORegistry provider unavailable; SC type=
interface	2026-10-03T03:48:47.691Z	965052.950215875	download-idle	Instant(_value: 3040455.822975541 seconds)	0	2	3	0	26	3	physicalWiFi	en0#14#4294971925#14	3114998784	1999106048	356308.08184759016	3181.322159353483	Optional(true)	SC Wi-Fi; hardware provider IOSkywalkLegacyEthernetInterface/IO80211Controller/IOUserNetworkWLAN/IOUserService/IOUserService/IOPCIDevice/ApplePCIEHostBridge/IOPCIDevice/AppleT6031PCIe/AppleARMIODevice/AppleH15IO/IOPlatformDevice/AppleARMPE/IOPlatformExpertDevice/IORegistryEntry
interface	2026-10-03T03:48:47.691Z	965052.950215875	download-idle	Instant(_value: 3040455.822975541 seconds)	0	2	3	0	26	3	virtual	awdl0#16#nil#15	8599552	8556544	0.0	0.0	Optional(true)	SIOCGIFFUNCTIONALTYPE=4
interface	2026-10-03T03:48:47.691Z	965052.950215875	download-idle	Instant(_value: 3040455.822975541 seconds)	0	2	3	0	26	3	unknown	llw0#17#nil#16	0	0	0.0	0.0	nil	IORegistry provider unavailable; SC type=
interface	2026-10-03T03:48:47.691Z	965052.950215875	download-idle	Instant(_value: 3040455.822975541 seconds)	0	2	3	0	26	3	tunnel	utun0#18#nil#17	0	0	0.0	0.0	nil	tunnel name; VPN service unconfirmed
interface	2026-10-03T03:48:47.691Z	965052.950215875	download-idle	Instant(_value: 3040455.822975541 seconds)	0	2	3	0	26	3	tunnel	utun1#19#nil#18	0	8192	0.0	0.0	nil	tunnel name; VPN service unconfirmed
interface	2026-10-03T03:48:47.691Z	965052.950215875	download-idle	Instant(_value: 3040455.822975541 seconds)	0	2	3	0	26	3	tunnel	utun2#20#nil#19	0	8192	0.0	0.0	nil	tunnel name; VPN service unconfirmed
interface	2026-10-03T03:48:47.691Z	965052.950215875	download-idle	Instant(_value: 3040455.822975541 seconds)	0	2	3	0	26	3	tunnel	utun3#21#nil#20	0	8192	0.0	0.0	nil	tunnel name; VPN service unconfirmed
interface	2026-10-03T03:48:47.691Z	965052.950215875	download-idle	Instant(_value: 3040455.822975541 seconds)	0	2	3	0	26	3	tunnel	utun4#24#nil#21	9216	4096	0.0	0.0	nil	tunnel name; VPN service unconfirmed
interface	2026-10-03T03:48:47.691Z	965052.950215875	download-idle	Instant(_value: 3040455.822975541 seconds)	0	2	3	0	26	3	tunnel	utun5#25#nil#22	166912	143360	0.0	0.0	nil	tunnel name; VPN service unconfirmed
interface	2026-10-03T03:48:47.691Z	965052.950215875	download-idle	Instant(_value: 3040455.822975541 seconds)	0	2	3	0	26	3	tunnel	utun6#26#nil#23	0	8192	0.0	0.0	nil	tunnel name; VPN service unconfirmed
interface	2026-10-03T03:48:47.691Z	965052.950215875	download-idle	Instant(_value: 3040455.822975541 seconds)	0	2	3	0	26	3	tunnel	utun7#27#nil#24	0	8192	0.0	0.0	nil	tunnel name; VPN service unconfirmed
interface	2026-10-03T03:48:47.691Z	965052.950215875	download-idle	Instant(_value: 3040455.822975541 seconds)	0	2	3	0	26	3	virtual	vmenet0#22#4295372070#25	5120	1833984	0.0	0.0	Optional(true)	virtual provider IOUserEthernetInterface/IOUserEthernetController/IOUserEthernetResourceUserClient/IOUserEthernetResource/IOResources/IOPlatformExpertDevice/IORegistryEntry
interface	2026-10-03T03:48:47.691Z	965052.950215875	download-idle	Instant(_value: 3040455.822975541 seconds)	0	2	3	0	26	3	logical	bridge100#23#nil#26	0	3668992	0.0	0.0	Optional(true)	route link type=209
delivery	2026-10-03T03:48:47.691Z	965052.950215875	download-idle	Instant(_value: 3040455.822975541 seconds)	0	2	3	0	26	3	delivered	networkActivity						sameReadAt=true
card	2026-10-03T03:48:47.691Z	965052.950215875	download-idle	Optional(Swift.ContinuousClock.Instant(_value: 3040455.822975541 seconds))					26		partial("물리 대상의 식별·연결·속도 일부를 확인하지 못했습니다")	NetworkCard			356308.08184759016	3181.322159353483	true	Network 카드, 일부 수집 실패: 물리 대상의 식별·연결·속도 일부를 확인하지 못했습니다, 확인된 일부 합계 다운로드 348.0 KB/s, 업로드 3.1 KB/s, 일부 수집 실패: 대상 identity 또는 물리 정보 일부 미확인
sample	2026-10-03T03:48:48.740Z	965053.9999745834	download-idle	Instant(_value: 3040456.859046333 seconds)	0	2	4	0	26	4	partial("물리 대상의 식별·연결·속도 일부를 확인하지 못했습니다")	knownPhysical			315283.4753399746	5930.096714858457	false	representativeRX=-1.0;representativeTX=-1.0
interface	2026-10-03T03:48:48.740Z	965053.9999745834	download-idle	Instant(_value: 3040456.859046333 seconds)	0	2	4	0	26	4	tunnel	gif0#2#nil#1	0	0	0.0	0.0	nil	route tunnel link type=55
interface	2026-10-03T03:48:48.740Z	965053.9999745834	download-idle	Instant(_value: 3040456.859046333 seconds)	0	2	4	0	26	4	tunnel	stf0#3#nil#2	0	0	0.0	0.0	nil	route tunnel link type=57
interface	2026-10-03T03:48:48.740Z	965053.9999745834	download-idle	Instant(_value: 3040456.859046333 seconds)	0	2	4	0	26	4	virtual	anpi1#4#4294970237#3	0	0	0.0	0.0	Optional(false)	private auxiliary network interface AppleUSBDeviceNCMPrivateEthernetInterface/AppleUSBDeviceNCMData/IOUSBDeviceInterface/AppleT8122USBXDCI/AppleARMIODevice/AppleH15IO/IOPlatformDevice/AppleARMPE/IOPlatformExpertDevice/IORegistryEntry
interface	2026-10-03T03:48:48.740Z	965053.9999745834	download-idle	Instant(_value: 3040456.859046333 seconds)	0	2	4	0	26	4	virtual	anpi2#5#4294970293#4	0	0	0.0	0.0	Optional(false)	private auxiliary network interface AppleUSBDeviceNCMPrivateEthernetInterface/AppleUSBDeviceNCMData/IOUSBDeviceInterface/AppleT8122USBXDCI/AppleARMIODevice/AppleH15IO/IOPlatformDevice/AppleARMPE/IOPlatformExpertDevice/IORegistryEntry
interface	2026-10-03T03:48:48.740Z	965053.9999745834	download-idle	Instant(_value: 3040456.859046333 seconds)	0	2	4	0	26	4	virtual	anpi0#6#4294970305#5	0	0	0.0	0.0	Optional(false)	private auxiliary network interface AppleUSBDeviceNCMPrivateEthernetInterface/AppleUSBDeviceNCMData/IOUSBDeviceInterface/AppleT8122USBXDCI/AppleARMIODevice/AppleH15IO/IOPlatformDevice/AppleARMPE/IOPlatformExpertDevice/IORegistryEntry
interface	2026-10-03T03:48:48.740Z	965053.9999745834	download-idle	Instant(_value: 3040456.859046333 seconds)	0	2	4	0	26	4	physicalEthernet	en4#7#4294970257#6	0	0	0.0	0.0	Optional(false)	SC Ethernet; hardware provider IOEthernetInterface/AppleUSBDeviceNCMData/IOUSBDeviceInterface/AppleT8122USBXDCI/AppleARMIODevice/AppleH15IO/IOPlatformDevice/AppleARMPE/IOPlatformExpertDevice/IORegistryEntry
interface	2026-10-03T03:48:48.740Z	965053.9999745834	download-idle	Instant(_value: 3040456.859046333 seconds)	0	2	4	0	26	4	physicalEthernet	en5#8#4294970175#7	0	0	0.0	0.0	Optional(false)	SC Ethernet; hardware provider IOEthernetInterface/AppleUSBDeviceNCMData/IOUSBDeviceInterface/AppleT8122USBXDCI/AppleARMIODevice/AppleH15IO/IOPlatformDevice/AppleARMPE/IOPlatformExpertDevice/IORegistryEntry
interface	2026-10-03T03:48:48.740Z	965053.9999745834	download-idle	Instant(_value: 3040456.859046333 seconds)	0	2	4	0	26	4	physicalEthernet	en6#9#4294970236#8	0	0	0.0	0.0	Optional(false)	SC Ethernet; hardware provider IOEthernetInterface/AppleUSBDeviceNCMData/IOUSBDeviceInterface/AppleT8122USBXDCI/AppleARMIODevice/AppleH15IO/IOPlatformDevice/AppleARMPE/IOPlatformExpertDevice/IORegistryEntry
interface	2026-10-03T03:48:48.740Z	965053.9999745834	download-idle	Instant(_value: 3040456.859046333 seconds)	0	2	4	0	26	4	physicalEthernet	en1#10#4294970312#9	0	0	0.0	0.0	Optional(false)	SC Ethernet; hardware provider IOEthernetInterface/AppleThunderboltIPPort/AppleThunderboltIPService/IOThunderboltLocalNode/IOThunderboltControllerType5/AppleThunderboltNHIType5/AppleThunderboltHALType5/AppleARMIODevice/AppleH15IO/IOPlatformDevice/AppleARMPE/IOPlatformExpertDevice/IORegistryEntry
interface	2026-10-03T03:48:48.740Z	965053.9999745834	download-idle	Instant(_value: 3040456.859046333 seconds)	0	2	4	0	26	4	physicalEthernet	en2#11#4294970264#10	0	0	0.0	0.0	Optional(false)	SC Ethernet; hardware provider IOEthernetInterface/AppleThunderboltIPPort/AppleThunderboltIPService/IOThunderboltLocalNode/IOThunderboltControllerType5/AppleThunderboltNHIType5/AppleThunderboltHALType5/AppleARMIODevice/AppleH15IO/IOPlatformDevice/AppleARMPE/IOPlatformExpertDevice/IORegistryEntry
interface	2026-10-03T03:48:48.740Z	965053.9999745834	download-idle	Instant(_value: 3040456.859046333 seconds)	0	2	4	0	26	4	physicalEthernet	en3#12#4294970379#11	0	0	0.0	0.0	Optional(false)	SC Ethernet; hardware provider IOEthernetInterface/AppleThunderboltIPPort/AppleThunderboltIPService/IOThunderboltLocalNode/IOThunderboltControllerType5/AppleThunderboltNHIType5/AppleThunderboltHALType5/AppleARMIODevice/AppleH15IO/IOPlatformDevice/AppleARMPE/IOPlatformExpertDevice/IORegistryEntry
interface	2026-10-03T03:48:48.740Z	965053.9999745834	download-idle	Instant(_value: 3040456.859046333 seconds)	0	2	4	0	26	4	logical	bridge0#15#nil#12	0	0	0.0	0.0	Optional(false)	route link type=209
interface	2026-10-03T03:48:48.740Z	965053.9999745834	download-idle	Instant(_value: 3040456.859046333 seconds)	0	2	4	0	26	4	unknown	ap1#13#nil#13	0	0	0.0	0.0	nil	IORegistry provider unavailable; SC type=
interface	2026-10-03T03:48:48.740Z	965053.9999745834	download-idle	Instant(_value: 3040456.859046333 seconds)	0	2	4	0	26	4	physicalWiFi	en0#14#4294971925#14	3115325440	1999112192	315283.4753399746	5930.096714858457	Optional(true)	SC Wi-Fi; hardware provider IOSkywalkLegacyEthernetInterface/IO80211Controller/IOUserNetworkWLAN/IOUserService/IOUserService/IOPCIDevice/ApplePCIEHostBridge/IOPCIDevice/AppleT6031PCIe/AppleARMIODevice/AppleH15IO/IOPlatformDevice/AppleARMPE/IOPlatformExpertDevice/IORegistryEntry
interface	2026-10-03T03:48:48.740Z	965053.9999745834	download-idle	Instant(_value: 3040456.859046333 seconds)	0	2	4	0	26	4	virtual	awdl0#16#nil#15	8599552	8556544	0.0	0.0	Optional(true)	SIOCGIFFUNCTIONALTYPE=4
interface	2026-10-03T03:48:48.740Z	965053.9999745834	download-idle	Instant(_value: 3040456.859046333 seconds)	0	2	4	0	26	4	unknown	llw0#17#nil#16	0	0	0.0	0.0	nil	IORegistry provider unavailable; SC type=
interface	2026-10-03T03:48:48.740Z	965053.9999745834	download-idle	Instant(_value: 3040456.859046333 seconds)	0	2	4	0	26	4	tunnel	utun0#18#nil#17	0	0	0.0	0.0	nil	tunnel name; VPN service unconfirmed
interface	2026-10-03T03:48:48.740Z	965053.9999745834	download-idle	Instant(_value: 3040456.859046333 seconds)	0	2	4	0	26	4	tunnel	utun1#19#nil#18	0	8192	0.0	0.0	nil	tunnel name; VPN service unconfirmed
interface	2026-10-03T03:48:48.740Z	965053.9999745834	download-idle	Instant(_value: 3040456.859046333 seconds)	0	2	4	0	26	4	tunnel	utun2#20#nil#19	0	8192	0.0	0.0	nil	tunnel name; VPN service unconfirmed
interface	2026-10-03T03:48:48.740Z	965053.9999745834	download-idle	Instant(_value: 3040456.859046333 seconds)	0	2	4	0	26	4	tunnel	utun3#21#nil#20	0	8192	0.0	0.0	nil	tunnel name; VPN service unconfirmed
interface	2026-10-03T03:48:48.740Z	965053.9999745834	download-idle	Instant(_value: 3040456.859046333 seconds)	0	2	4	0	26	4	tunnel	utun4#24#nil#21	9216	4096	0.0	0.0	nil	tunnel name; VPN service unconfirmed
interface	2026-10-03T03:48:48.740Z	965053.9999745834	download-idle	Instant(_value: 3040456.859046333 seconds)	0	2	4	0	26	4	tunnel	utun5#25#nil#22	166912	143360	0.0	0.0	nil	tunnel name; VPN service unconfirmed
interface	2026-10-03T03:48:48.740Z	965053.9999745834	download-idle	Instant(_value: 3040456.859046333 seconds)	0	2	4	0	26	4	tunnel	utun6#26#nil#23	0	8192	0.0	0.0	nil	tunnel name; VPN service unconfirmed
interface	2026-10-03T03:48:48.740Z	965053.9999745834	download-idle	Instant(_value: 3040456.859046333 seconds)	0	2	4	0	26	4	tunnel	utun7#27#nil#24	0	8192	0.0	0.0	nil	tunnel name; VPN service unconfirmed
interface	2026-10-03T03:48:48.740Z	965053.9999745834	download-idle	Instant(_value: 3040456.859046333 seconds)	0	2	4	0	26	4	virtual	vmenet0#22#4295372070#25	5120	1833984	0.0	0.0	Optional(true)	virtual provider IOUserEthernetInterface/IOUserEthernetController/IOUserEthernetResourceUserClient/IOUserEthernetResource/IOResources/IOPlatformExpertDevice/IORegistryEntry
interface	2026-10-03T03:48:48.740Z	965053.9999745834	download-idle	Instant(_value: 3040456.859046333 seconds)	0	2	4	0	26	4	logical	bridge100#23#nil#26	0	3668992	0.0	0.0	Optional(true)	route link type=209
delivery	2026-10-03T03:48:48.740Z	965053.9999745834	download-idle	Instant(_value: 3040456.859046333 seconds)	0	2	4	0	26	4	delivered	networkActivity						sameReadAt=true
card	2026-10-03T03:48:48.740Z	965053.9999745834	download-idle	Optional(Swift.ContinuousClock.Instant(_value: 3040456.859046333 seconds))					26		partial("물리 대상의 식별·연결·속도 일부를 확인하지 못했습니다")	NetworkCard			315283.4753399746	5930.096714858457	true	Network 카드, 일부 수집 실패: 물리 대상의 식별·연결·속도 일부를 확인하지 못했습니다, 확인된 일부 합계 다운로드 307.9 KB/s, 업로드 5.8 KB/s, 일부 수집 실패: 대상 identity 또는 물리 정보 일부 미확인
sample	2026-10-03T03:48:49.791Z	965055.0505810417	download-idle	Instant(_value: 3040457.806761583 seconds)	0	2	5	0	26	5	partial("물리 대상의 식별·연결·속도 일부를 확인하지 못했습니다")	knownPhysical			399782.52961530373	33495.29302182275	false	representativeRX=-1.0;representativeTX=-1.0
interface	2026-10-03T03:48:49.791Z	965055.0505810417	download-idle	Instant(_value: 3040457.806761583 seconds)	0	2	5	0	26	5	tunnel	gif0#2#nil#1	0	0	0.0	0.0	nil	route tunnel link type=55
interface	2026-10-03T03:48:49.791Z	965055.0505810417	download-idle	Instant(_value: 3040457.806761583 seconds)	0	2	5	0	26	5	tunnel	stf0#3#nil#2	0	0	0.0	0.0	nil	route tunnel link type=57
interface	2026-10-03T03:48:49.791Z	965055.0505810417	download-idle	Instant(_value: 3040457.806761583 seconds)	0	2	5	0	26	5	virtual	anpi1#4#4294970237#3	0	0	0.0	0.0	Optional(false)	private auxiliary network interface AppleUSBDeviceNCMPrivateEthernetInterface/AppleUSBDeviceNCMData/IOUSBDeviceInterface/AppleT8122USBXDCI/AppleARMIODevice/AppleH15IO/IOPlatformDevice/AppleARMPE/IOPlatformExpertDevice/IORegistryEntry
interface	2026-10-03T03:48:49.791Z	965055.0505810417	download-idle	Instant(_value: 3040457.806761583 seconds)	0	2	5	0	26	5	virtual	anpi2#5#4294970293#4	0	0	0.0	0.0	Optional(false)	private auxiliary network interface AppleUSBDeviceNCMPrivateEthernetInterface/AppleUSBDeviceNCMData/IOUSBDeviceInterface/AppleT8122USBXDCI/AppleARMIODevice/AppleH15IO/IOPlatformDevice/AppleARMPE/IOPlatformExpertDevice/IORegistryEntry
interface	2026-10-03T03:48:49.791Z	965055.0505810417	download-idle	Instant(_value: 3040457.806761583 seconds)	0	2	5	0	26	5	virtual	anpi0#6#4294970305#5	0	0	0.0	0.0	Optional(false)	private auxiliary network interface AppleUSBDeviceNCMPrivateEthernetInterface/AppleUSBDeviceNCMData/IOUSBDeviceInterface/AppleT8122USBXDCI/AppleARMIODevice/AppleH15IO/IOPlatformDevice/AppleARMPE/IOPlatformExpertDevice/IORegistryEntry
interface	2026-10-03T03:48:49.791Z	965055.0505810417	download-idle	Instant(_value: 3040457.806761583 seconds)	0	2	5	0	26	5	physicalEthernet	en4#7#4294970257#6	0	0	0.0	0.0	Optional(false)	SC Ethernet; hardware provider IOEthernetInterface/AppleUSBDeviceNCMData/IOUSBDeviceInterface/AppleT8122USBXDCI/AppleARMIODevice/AppleH15IO/IOPlatformDevice/AppleARMPE/IOPlatformExpertDevice/IORegistryEntry
interface	2026-10-03T03:48:49.791Z	965055.0505810417	download-idle	Instant(_value: 3040457.806761583 seconds)	0	2	5	0	26	5	physicalEthernet	en5#8#4294970175#7	0	0	0.0	0.0	Optional(false)	SC Ethernet; hardware provider IOEthernetInterface/AppleUSBDeviceNCMData/IOUSBDeviceInterface/AppleT8122USBXDCI/AppleARMIODevice/AppleH15IO/IOPlatformDevice/AppleARMPE/IOPlatformExpertDevice/IORegistryEntry
interface	2026-10-03T03:48:49.791Z	965055.0505810417	download-idle	Instant(_value: 3040457.806761583 seconds)	0	2	5	0	26	5	physicalEthernet	en6#9#4294970236#8	0	0	0.0	0.0	Optional(false)	SC Ethernet; hardware provider IOEthernetInterface/AppleUSBDeviceNCMData/IOUSBDeviceInterface/AppleT8122USBXDCI/AppleARMIODevice/AppleH15IO/IOPlatformDevice/AppleARMPE/IOPlatformExpertDevice/IORegistryEntry
interface	2026-10-03T03:48:49.791Z	965055.0505810417	download-idle	Instant(_value: 3040457.806761583 seconds)	0	2	5	0	26	5	physicalEthernet	en1#10#4294970312#9	0	0	0.0	0.0	Optional(false)	SC Ethernet; hardware provider IOEthernetInterface/AppleThunderboltIPPort/AppleThunderboltIPService/IOThunderboltLocalNode/IOThunderboltControllerType5/AppleThunderboltNHIType5/AppleThunderboltHALType5/AppleARMIODevice/AppleH15IO/IOPlatformDevice/AppleARMPE/IOPlatformExpertDevice/IORegistryEntry
interface	2026-10-03T03:48:49.791Z	965055.0505810417	download-idle	Instant(_value: 3040457.806761583 seconds)	0	2	5	0	26	5	physicalEthernet	en2#11#4294970264#10	0	0	0.0	0.0	Optional(false)	SC Ethernet; hardware provider IOEthernetInterface/AppleThunderboltIPPort/AppleThunderboltIPService/IOThunderboltLocalNode/IOThunderboltControllerType5/AppleThunderboltNHIType5/AppleThunderboltHALType5/AppleARMIODevice/AppleH15IO/IOPlatformDevice/AppleARMPE/IOPlatformExpertDevice/IORegistryEntry
interface	2026-10-03T03:48:49.791Z	965055.0505810417	download-idle	Instant(_value: 3040457.806761583 seconds)	0	2	5	0	26	5	physicalEthernet	en3#12#4294970379#11	0	0	0.0	0.0	Optional(false)	SC Ethernet; hardware provider IOEthernetInterface/AppleThunderboltIPPort/AppleThunderboltIPService/IOThunderboltLocalNode/IOThunderboltControllerType5/AppleThunderboltNHIType5/AppleThunderboltHALType5/AppleARMIODevice/AppleH15IO/IOPlatformDevice/AppleARMPE/IOPlatformExpertDevice/IORegistryEntry
interface	2026-10-03T03:48:49.791Z	965055.0505810417	download-idle	Instant(_value: 3040457.806761583 seconds)	0	2	5	0	26	5	logical	bridge0#15#nil#12	0	0	0.0	0.0	Optional(false)	route link type=209
interface	2026-10-03T03:48:49.791Z	965055.0505810417	download-idle	Instant(_value: 3040457.806761583 seconds)	0	2	5	0	26	5	unknown	ap1#13#nil#13	0	0	0.0	0.0	nil	IORegistry provider unavailable; SC type=
interface	2026-10-03T03:48:49.791Z	965055.0505810417	download-idle	Instant(_value: 3040457.806761583 seconds)	0	2	5	0	26	5	physicalWiFi	en0#14#4294971925#14	3115704320	1999143936	399782.52961530373	33495.29302182275	Optional(true)	SC Wi-Fi; hardware provider IOSkywalkLegacyEthernetInterface/IO80211Controller/IOUserNetworkWLAN/IOUserService/IOUserService/IOPCIDevice/ApplePCIEHostBridge/IOPCIDevice/AppleT6031PCIe/AppleARMIODevice/AppleH15IO/IOPlatformDevice/AppleARMPE/IOPlatformExpertDevice/IORegistryEntry
interface	2026-10-03T03:48:49.791Z	965055.0505810417	download-idle	Instant(_value: 3040457.806761583 seconds)	0	2	5	0	26	5	virtual	awdl0#16#nil#15	8599552	8556544	0.0	0.0	Optional(true)	SIOCGIFFUNCTIONALTYPE=4
interface	2026-10-03T03:48:49.791Z	965055.0505810417	download-idle	Instant(_value: 3040457.806761583 seconds)	0	2	5	0	26	5	unknown	llw0#17#nil#16	0	0	0.0	0.0	nil	IORegistry provider unavailable; SC type=
interface	2026-10-03T03:48:49.791Z	965055.0505810417	download-idle	Instant(_value: 3040457.806761583 seconds)	0	2	5	0	26	5	tunnel	utun0#18#nil#17	0	0	0.0	0.0	nil	tunnel name; VPN service unconfirmed
interface	2026-10-03T03:48:49.791Z	965055.0505810417	download-idle	Instant(_value: 3040457.806761583 seconds)	0	2	5	0	26	5	tunnel	utun1#19#nil#18	0	8192	0.0	0.0	nil	tunnel name; VPN service unconfirmed
interface	2026-10-03T03:48:49.791Z	965055.0505810417	download-idle	Instant(_value: 3040457.806761583 seconds)	0	2	5	0	26	5	tunnel	utun2#20#nil#19	0	8192	0.0	0.0	nil	tunnel name; VPN service unconfirmed
interface	2026-10-03T03:48:49.791Z	965055.0505810417	download-idle	Instant(_value: 3040457.806761583 seconds)	0	2	5	0	26	5	tunnel	utun3#21#nil#20	0	8192	0.0	0.0	nil	tunnel name; VPN service unconfirmed
interface	2026-10-03T03:48:49.791Z	965055.0505810417	download-idle	Instant(_value: 3040457.806761583 seconds)	0	2	5	0	26	5	tunnel	utun4#24#nil#21	9216	4096	0.0	0.0	nil	tunnel name; VPN service unconfirmed
interface	2026-10-03T03:48:49.791Z	965055.0505810417	download-idle	Instant(_value: 3040457.806761583 seconds)	0	2	5	0	26	5	tunnel	utun5#25#nil#22	166912	143360	0.0	0.0	nil	tunnel name; VPN service unconfirmed
interface	2026-10-03T03:48:49.791Z	965055.0505810417	download-idle	Instant(_value: 3040457.806761583 seconds)	0	2	5	0	26	5	tunnel	utun6#26#nil#23	0	8192	0.0	0.0	nil	tunnel name; VPN service unconfirmed
interface	2026-10-03T03:48:49.791Z	965055.0505810417	download-idle	Instant(_value: 3040457.806761583 seconds)	0	2	5	0	26	5	tunnel	utun7#27#nil#24	0	8192	0.0	0.0	nil	tunnel name; VPN service unconfirmed
interface	2026-10-03T03:48:49.791Z	965055.0505810417	download-idle	Instant(_value: 3040457.806761583 seconds)	0	2	5	0	26	5	virtual	vmenet0#22#4295372070#25	5120	1833984	0.0	0.0	Optional(true)	virtual provider IOUserEthernetInterface/IOUserEthernetController/IOUserEthernetResourceUserClient/IOUserEthernetResource/IOResources/IOPlatformExpertDevice/IORegistryEntry
interface	2026-10-03T03:48:49.791Z	965055.0505810417	download-idle	Instant(_value: 3040457.806761583 seconds)	0	2	5	0	26	5	logical	bridge100#23#nil#26	0	3668992	0.0	0.0	Optional(true)	route link type=209
delivery	2026-10-03T03:48:49.791Z	965055.0505810417	download-idle	Instant(_value: 3040457.806761583 seconds)	0	2	5	0	26	5	delivered	networkActivity						sameReadAt=true
card	2026-10-03T03:48:49.791Z	965055.0505810417	download-idle	Optional(Swift.ContinuousClock.Instant(_value: 3040457.806761583 seconds))					26		partial("물리 대상의 식별·연결·속도 일부를 확인하지 못했습니다")	NetworkCard			399782.52961530373	33495.29302182275	true	Network 카드, 일부 수집 실패: 물리 대상의 식별·연결·속도 일부를 확인하지 못했습니다, 확인된 일부 합계 다운로드 390.4 KB/s, 업로드 32.7 KB/s, 일부 수집 실패: 대상 identity 또는 물리 정보 일부 미확인
sample	2026-10-03T03:48:50.840Z	965056.0999009167	download-idle	Instant(_value: 3040458.8471014164 seconds)	0	2	6	0	26	6	partial("물리 대상의 식별·연결·속도 일부를 확인하지 못했습니다")	knownPhysical			324816.9389280704	11811.525051929833	false	representativeRX=-1.0;representativeTX=-1.0
interface	2026-10-03T03:48:50.840Z	965056.0999009167	download-idle	Instant(_value: 3040458.8471014164 seconds)	0	2	6	0	26	6	tunnel	gif0#2#nil#1	0	0	0.0	0.0	nil	route tunnel link type=55
interface	2026-10-03T03:48:50.840Z	965056.0999009167	download-idle	Instant(_value: 3040458.8471014164 seconds)	0	2	6	0	26	6	tunnel	stf0#3#nil#2	0	0	0.0	0.0	nil	route tunnel link type=57
interface	2026-10-03T03:48:50.840Z	965056.0999009167	download-idle	Instant(_value: 3040458.8471014164 seconds)	0	2	6	0	26	6	virtual	anpi1#4#4294970237#3	0	0	0.0	0.0	Optional(false)	private auxiliary network interface AppleUSBDeviceNCMPrivateEthernetInterface/AppleUSBDeviceNCMData/IOUSBDeviceInterface/AppleT8122USBXDCI/AppleARMIODevice/AppleH15IO/IOPlatformDevice/AppleARMPE/IOPlatformExpertDevice/IORegistryEntry
interface	2026-10-03T03:48:50.840Z	965056.0999009167	download-idle	Instant(_value: 3040458.8471014164 seconds)	0	2	6	0	26	6	virtual	anpi2#5#4294970293#4	0	0	0.0	0.0	Optional(false)	private auxiliary network interface AppleUSBDeviceNCMPrivateEthernetInterface/AppleUSBDeviceNCMData/IOUSBDeviceInterface/AppleT8122USBXDCI/AppleARMIODevice/AppleH15IO/IOPlatformDevice/AppleARMPE/IOPlatformExpertDevice/IORegistryEntry
interface	2026-10-03T03:48:50.840Z	965056.0999009167	download-idle	Instant(_value: 3040458.8471014164 seconds)	0	2	6	0	26	6	virtual	anpi0#6#4294970305#5	0	0	0.0	0.0	Optional(false)	private auxiliary network interface AppleUSBDeviceNCMPrivateEthernetInterface/AppleUSBDeviceNCMData/IOUSBDeviceInterface/AppleT8122USBXDCI/AppleARMIODevice/AppleH15IO/IOPlatformDevice/AppleARMPE/IOPlatformExpertDevice/IORegistryEntry
interface	2026-10-03T03:48:50.840Z	965056.0999009167	download-idle	Instant(_value: 3040458.8471014164 seconds)	0	2	6	0	26	6	physicalEthernet	en4#7#4294970257#6	0	0	0.0	0.0	Optional(false)	SC Ethernet; hardware provider IOEthernetInterface/AppleUSBDeviceNCMData/IOUSBDeviceInterface/AppleT8122USBXDCI/AppleARMIODevice/AppleH15IO/IOPlatformDevice/AppleARMPE/IOPlatformExpertDevice/IORegistryEntry
interface	2026-10-03T03:48:50.840Z	965056.0999009167	download-idle	Instant(_value: 3040458.8471014164 seconds)	0	2	6	0	26	6	physicalEthernet	en5#8#4294970175#7	0	0	0.0	0.0	Optional(false)	SC Ethernet; hardware provider IOEthernetInterface/AppleUSBDeviceNCMData/IOUSBDeviceInterface/AppleT8122USBXDCI/AppleARMIODevice/AppleH15IO/IOPlatformDevice/AppleARMPE/IOPlatformExpertDevice/IORegistryEntry
interface	2026-10-03T03:48:50.840Z	965056.0999009167	download-idle	Instant(_value: 3040458.8471014164 seconds)	0	2	6	0	26	6	physicalEthernet	en6#9#4294970236#8	0	0	0.0	0.0	Optional(false)	SC Ethernet; hardware provider IOEthernetInterface/AppleUSBDeviceNCMData/IOUSBDeviceInterface/AppleT8122USBXDCI/AppleARMIODevice/AppleH15IO/IOPlatformDevice/AppleARMPE/IOPlatformExpertDevice/IORegistryEntry
interface	2026-10-03T03:48:50.840Z	965056.0999009167	download-idle	Instant(_value: 3040458.8471014164 seconds)	0	2	6	0	26	6	physicalEthernet	en1#10#4294970312#9	0	0	0.0	0.0	Optional(false)	SC Ethernet; hardware provider IOEthernetInterface/AppleThunderboltIPPort/AppleThunderboltIPService/IOThunderboltLocalNode/IOThunderboltControllerType5/AppleThunderboltNHIType5/AppleThunderboltHALType5/AppleARMIODevice/AppleH15IO/IOPlatformDevice/AppleARMPE/IOPlatformExpertDevice/IORegistryEntry
interface	2026-10-03T03:48:50.840Z	965056.0999009167	download-idle	Instant(_value: 3040458.8471014164 seconds)	0	2	6	0	26	6	physicalEthernet	en2#11#4294970264#10	0	0	0.0	0.0	Optional(false)	SC Ethernet; hardware provider IOEthernetInterface/AppleThunderboltIPPort/AppleThunderboltIPService/IOThunderboltLocalNode/IOThunderboltControllerType5/AppleThunderboltNHIType5/AppleThunderboltHALType5/AppleARMIODevice/AppleH15IO/IOPlatformDevice/AppleARMPE/IOPlatformExpertDevice/IORegistryEntry
interface	2026-10-03T03:48:50.840Z	965056.0999009167	download-idle	Instant(_value: 3040458.8471014164 seconds)	0	2	6	0	26	6	physicalEthernet	en3#12#4294970379#11	0	0	0.0	0.0	Optional(false)	SC Ethernet; hardware provider IOEthernetInterface/AppleThunderboltIPPort/AppleThunderboltIPService/IOThunderboltLocalNode/IOThunderboltControllerType5/AppleThunderboltNHIType5/AppleThunderboltHALType5/AppleARMIODevice/AppleH15IO/IOPlatformDevice/AppleARMPE/IOPlatformExpertDevice/IORegistryEntry
interface	2026-10-03T03:48:50.840Z	965056.0999009167	download-idle	Instant(_value: 3040458.8471014164 seconds)	0	2	6	0	26	6	logical	bridge0#15#nil#12	0	0	0.0	0.0	Optional(false)	route link type=209
interface	2026-10-03T03:48:50.840Z	965056.0999009167	download-idle	Instant(_value: 3040458.8471014164 seconds)	0	2	6	0	26	6	unknown	ap1#13#nil#13	0	0	0.0	0.0	nil	IORegistry provider unavailable; SC type=
interface	2026-10-03T03:48:50.840Z	965056.0999009167	download-idle	Instant(_value: 3040458.8471014164 seconds)	0	2	6	0	26	6	physicalWiFi	en0#14#4294971925#14	3116042240	1999156224	324816.9389280704	11811.525051929833	Optional(true)	SC Wi-Fi; hardware provider IOSkywalkLegacyEthernetInterface/IO80211Controller/IOUserNetworkWLAN/IOUserService/IOUserService/IOPCIDevice/ApplePCIEHostBridge/IOPCIDevice/AppleT6031PCIe/AppleARMIODevice/AppleH15IO/IOPlatformDevice/AppleARMPE/IOPlatformExpertDevice/IORegistryEntry
interface	2026-10-03T03:48:50.840Z	965056.0999009167	download-idle	Instant(_value: 3040458.8471014164 seconds)	0	2	6	0	26	6	virtual	awdl0#16#nil#15	8599552	8556544	0.0	0.0	Optional(true)	SIOCGIFFUNCTIONALTYPE=4
interface	2026-10-03T03:48:50.840Z	965056.0999009167	download-idle	Instant(_value: 3040458.8471014164 seconds)	0	2	6	0	26	6	unknown	llw0#17#nil#16	0	0	0.0	0.0	nil	IORegistry provider unavailable; SC type=
interface	2026-10-03T03:48:50.840Z	965056.0999009167	download-idle	Instant(_value: 3040458.8471014164 seconds)	0	2	6	0	26	6	tunnel	utun0#18#nil#17	0	0	0.0	0.0	nil	tunnel name; VPN service unconfirmed
interface	2026-10-03T03:48:50.840Z	965056.0999009167	download-idle	Instant(_value: 3040458.8471014164 seconds)	0	2	6	0	26	6	tunnel	utun1#19#nil#18	0	8192	0.0	0.0	nil	tunnel name; VPN service unconfirmed
interface	2026-10-03T03:48:50.840Z	965056.0999009167	download-idle	Instant(_value: 3040458.8471014164 seconds)	0	2	6	0	26	6	tunnel	utun2#20#nil#19	0	8192	0.0	0.0	nil	tunnel name; VPN service unconfirmed
interface	2026-10-03T03:48:50.840Z	965056.0999009167	download-idle	Instant(_value: 3040458.8471014164 seconds)	0	2	6	0	26	6	tunnel	utun3#21#nil#20	0	8192	0.0	0.0	nil	tunnel name; VPN service unconfirmed
interface	2026-10-03T03:48:50.840Z	965056.0999009167	download-idle	Instant(_value: 3040458.8471014164 seconds)	0	2	6	0	26	6	tunnel	utun4#24#nil#21	9216	4096	0.0	0.0	nil	tunnel name; VPN service unconfirmed
interface	2026-10-03T03:48:50.840Z	965056.0999009167	download-idle	Instant(_value: 3040458.8471014164 seconds)	0	2	6	0	26	6	tunnel	utun5#25#nil#22	166912	143360	0.0	0.0	nil	tunnel name; VPN service unconfirmed
interface	2026-10-03T03:48:50.840Z	965056.0999009167	download-idle	Instant(_value: 3040458.8471014164 seconds)	0	2	6	0	26	6	tunnel	utun6#26#nil#23	0	8192	0.0	0.0	nil	tunnel name; VPN service unconfirmed
interface	2026-10-03T03:48:50.840Z	965056.0999009167	download-idle	Instant(_value: 3040458.8471014164 seconds)	0	2	6	0	26	6	tunnel	utun7#27#nil#24	0	8192	0.0	0.0	nil	tunnel name; VPN service unconfirmed
interface	2026-10-03T03:48:50.840Z	965056.0999009167	download-idle	Instant(_value: 3040458.8471014164 seconds)	0	2	6	0	26	6	virtual	vmenet0#22#4295372070#25	5120	1833984	0.0	0.0	Optional(true)	virtual provider IOUserEthernetInterface/IOUserEthernetController/IOUserEthernetResourceUserClient/IOUserEthernetResource/IOResources/IOPlatformExpertDevice/IORegistryEntry
interface	2026-10-03T03:48:50.840Z	965056.0999009167	download-idle	Instant(_value: 3040458.8471014164 seconds)	0	2	6	0	26	6	logical	bridge100#23#nil#26	0	3668992	0.0	0.0	Optional(true)	route link type=209
delivery	2026-10-03T03:48:50.840Z	965056.0999009167	download-idle	Instant(_value: 3040458.8471014164 seconds)	0	2	6	0	26	6	delivered	networkActivity						sameReadAt=true
card	2026-10-03T03:48:50.840Z	965056.0999009167	download-idle	Optional(Swift.ContinuousClock.Instant(_value: 3040458.8471014164 seconds))					26		partial("물리 대상의 식별·연결·속도 일부를 확인하지 못했습니다")	NetworkCard			324816.9389280704	11811.525051929833	true	Network 카드, 일부 수집 실패: 물리 대상의 식별·연결·속도 일부를 확인하지 못했습니다, 확인된 일부 합계 다운로드 317.2 KB/s, 업로드 11.5 KB/s, 일부 수집 실패: 대상 identity 또는 물리 정보 일부 미확인
sample	2026-10-03T03:48:51.879Z	965057.1382828751	download-idle	Instant(_value: 3040459.8616210003 seconds)	0	2	7	0	26	7	partial("물리 대상의 식별·연결·속도 일부를 확인하지 못했습니다")	knownPhysical			317943.59131858806	8074.757874757792	false	representativeRX=-1.0;representativeTX=-1.0
interface	2026-10-03T03:48:51.879Z	965057.1382828751	download-idle	Instant(_value: 3040459.8616210003 seconds)	0	2	7	0	26	7	tunnel	gif0#2#nil#1	0	0	0.0	0.0	nil	route tunnel link type=55
interface	2026-10-03T03:48:51.879Z	965057.1382828751	download-idle	Instant(_value: 3040459.8616210003 seconds)	0	2	7	0	26	7	tunnel	stf0#3#nil#2	0	0	0.0	0.0	nil	route tunnel link type=57
interface	2026-10-03T03:48:51.879Z	965057.1382828751	download-idle	Instant(_value: 3040459.8616210003 seconds)	0	2	7	0	26	7	virtual	anpi1#4#4294970237#3	0	0	0.0	0.0	Optional(false)	private auxiliary network interface AppleUSBDeviceNCMPrivateEthernetInterface/AppleUSBDeviceNCMData/IOUSBDeviceInterface/AppleT8122USBXDCI/AppleARMIODevice/AppleH15IO/IOPlatformDevice/AppleARMPE/IOPlatformExpertDevice/IORegistryEntry
interface	2026-10-03T03:48:51.879Z	965057.1382828751	download-idle	Instant(_value: 3040459.8616210003 seconds)	0	2	7	0	26	7	virtual	anpi2#5#4294970293#4	0	0	0.0	0.0	Optional(false)	private auxiliary network interface AppleUSBDeviceNCMPrivateEthernetInterface/AppleUSBDeviceNCMData/IOUSBDeviceInterface/AppleT8122USBXDCI/AppleARMIODevice/AppleH15IO/IOPlatformDevice/AppleARMPE/IOPlatformExpertDevice/IORegistryEntry
interface	2026-10-03T03:48:51.879Z	965057.1382828751	download-idle	Instant(_value: 3040459.8616210003 seconds)	0	2	7	0	26	7	virtual	anpi0#6#4294970305#5	0	0	0.0	0.0	Optional(false)	private auxiliary network interface AppleUSBDeviceNCMPrivateEthernetInterface/AppleUSBDeviceNCMData/IOUSBDeviceInterface/AppleT8122USBXDCI/AppleARMIODevice/AppleH15IO/IOPlatformDevice/AppleARMPE/IOPlatformExpertDevice/IORegistryEntry
interface	2026-10-03T03:48:51.879Z	965057.1382828751	download-idle	Instant(_value: 3040459.8616210003 seconds)	0	2	7	0	26	7	physicalEthernet	en4#7#4294970257#6	0	0	0.0	0.0	Optional(false)	SC Ethernet; hardware provider IOEthernetInterface/AppleUSBDeviceNCMData/IOUSBDeviceInterface/AppleT8122USBXDCI/AppleARMIODevice/AppleH15IO/IOPlatformDevice/AppleARMPE/IOPlatformExpertDevice/IORegistryEntry
interface	2026-10-03T03:48:51.879Z	965057.1382828751	download-idle	Instant(_value: 3040459.8616210003 seconds)	0	2	7	0	26	7	physicalEthernet	en5#8#4294970175#7	0	0	0.0	0.0	Optional(false)	SC Ethernet; hardware provider IOEthernetInterface/AppleUSBDeviceNCMData/IOUSBDeviceInterface/AppleT8122USBXDCI/AppleARMIODevice/AppleH15IO/IOPlatformDevice/AppleARMPE/IOPlatformExpertDevice/IORegistryEntry
interface	2026-10-03T03:48:51.879Z	965057.1382828751	download-idle	Instant(_value: 3040459.8616210003 seconds)	0	2	7	0	26	7	physicalEthernet	en6#9#4294970236#8	0	0	0.0	0.0	Optional(false)	SC Ethernet; hardware provider IOEthernetInterface/AppleUSBDeviceNCMData/IOUSBDeviceInterface/AppleT8122USBXDCI/AppleARMIODevice/AppleH15IO/IOPlatformDevice/AppleARMPE/IOPlatformExpertDevice/IORegistryEntry
interface	2026-10-03T03:48:51.879Z	965057.1382828751	download-idle	Instant(_value: 3040459.8616210003 seconds)	0	2	7	0	26	7	physicalEthernet	en1#10#4294970312#9	0	0	0.0	0.0	Optional(false)	SC Ethernet; hardware provider IOEthernetInterface/AppleThunderboltIPPort/AppleThunderboltIPService/IOThunderboltLocalNode/IOThunderboltControllerType5/AppleThunderboltNHIType5/AppleThunderboltHALType5/AppleARMIODevice/AppleH15IO/IOPlatformDevice/AppleARMPE/IOPlatformExpertDevice/IORegistryEntry
interface	2026-10-03T03:48:51.879Z	965057.1382828751	download-idle	Instant(_value: 3040459.8616210003 seconds)	0	2	7	0	26	7	physicalEthernet	en2#11#4294970264#10	0	0	0.0	0.0	Optional(false)	SC Ethernet; hardware provider IOEthernetInterface/AppleThunderboltIPPort/AppleThunderboltIPService/IOThunderboltLocalNode/IOThunderboltControllerType5/AppleThunderboltNHIType5/AppleThunderboltHALType5/AppleARMIODevice/AppleH15IO/IOPlatformDevice/AppleARMPE/IOPlatformExpertDevice/IORegistryEntry
interface	2026-10-03T03:48:51.879Z	965057.1382828751	download-idle	Instant(_value: 3040459.8616210003 seconds)	0	2	7	0	26	7	physicalEthernet	en3#12#4294970379#11	0	0	0.0	0.0	Optional(false)	SC Ethernet; hardware provider IOEthernetInterface/AppleThunderboltIPPort/AppleThunderboltIPService/IOThunderboltLocalNode/IOThunderboltControllerType5/AppleThunderboltNHIType5/AppleThunderboltHALType5/AppleARMIODevice/AppleH15IO/IOPlatformDevice/AppleARMPE/IOPlatformExpertDevice/IORegistryEntry
interface	2026-10-03T03:48:51.879Z	965057.1382828751	download-idle	Instant(_value: 3040459.8616210003 seconds)	0	2	7	0	26	7	logical	bridge0#15#nil#12	0	0	0.0	0.0	Optional(false)	route link type=209
interface	2026-10-03T03:48:51.879Z	965057.1382828751	download-idle	Instant(_value: 3040459.8616210003 seconds)	0	2	7	0	26	7	unknown	ap1#13#nil#13	0	0	0.0	0.0	nil	IORegistry provider unavailable; SC type=
interface	2026-10-03T03:48:51.879Z	965057.1382828751	download-idle	Instant(_value: 3040459.8616210003 seconds)	0	2	7	0	26	7	physicalWiFi	en0#14#4294971925#14	3116364800	1999164416	317943.59131858806	8074.757874757792	Optional(true)	SC Wi-Fi; hardware provider IOSkywalkLegacyEthernetInterface/IO80211Controller/IOUserNetworkWLAN/IOUserService/IOUserService/IOPCIDevice/ApplePCIEHostBridge/IOPCIDevice/AppleT6031PCIe/AppleARMIODevice/AppleH15IO/IOPlatformDevice/AppleARMPE/IOPlatformExpertDevice/IORegistryEntry
interface	2026-10-03T03:48:51.879Z	965057.1382828751	download-idle	Instant(_value: 3040459.8616210003 seconds)	0	2	7	0	26	7	virtual	awdl0#16#nil#15	8599552	8556544	0.0	0.0	Optional(true)	SIOCGIFFUNCTIONALTYPE=4
interface	2026-10-03T03:48:51.879Z	965057.1382828751	download-idle	Instant(_value: 3040459.8616210003 seconds)	0	2	7	0	26	7	unknown	llw0#17#nil#16	0	0	0.0	0.0	nil	IORegistry provider unavailable; SC type=
interface	2026-10-03T03:48:51.879Z	965057.1382828751	download-idle	Instant(_value: 3040459.8616210003 seconds)	0	2	7	0	26	7	tunnel	utun0#18#nil#17	0	0	0.0	0.0	nil	tunnel name; VPN service unconfirmed
interface	2026-10-03T03:48:51.879Z	965057.1382828751	download-idle	Instant(_value: 3040459.8616210003 seconds)	0	2	7	0	26	7	tunnel	utun1#19#nil#18	0	8192	0.0	0.0	nil	tunnel name; VPN service unconfirmed
interface	2026-10-03T03:48:51.879Z	965057.1382828751	download-idle	Instant(_value: 3040459.8616210003 seconds)	0	2	7	0	26	7	tunnel	utun2#20#nil#19	0	8192	0.0	0.0	nil	tunnel name; VPN service unconfirmed
interface	2026-10-03T03:48:51.879Z	965057.1382828751	download-idle	Instant(_value: 3040459.8616210003 seconds)	0	2	7	0	26	7	tunnel	utun3#21#nil#20	0	8192	0.0	0.0	nil	tunnel name; VPN service unconfirmed
interface	2026-10-03T03:48:51.879Z	965057.1382828751	download-idle	Instant(_value: 3040459.8616210003 seconds)	0	2	7	0	26	7	tunnel	utun4#24#nil#21	9216	4096	0.0	0.0	nil	tunnel name; VPN service unconfirmed
interface	2026-10-03T03:48:51.879Z	965057.1382828751	download-idle	Instant(_value: 3040459.8616210003 seconds)	0	2	7	0	26	7	tunnel	utun5#25#nil#22	166912	143360	0.0	0.0	nil	tunnel name; VPN service unconfirmed
interface	2026-10-03T03:48:51.879Z	965057.1382828751	download-idle	Instant(_value: 3040459.8616210003 seconds)	0	2	7	0	26	7	tunnel	utun6#26#nil#23	0	8192	0.0	0.0	nil	tunnel name; VPN service unconfirmed
interface	2026-10-03T03:48:51.879Z	965057.1382828751	download-idle	Instant(_value: 3040459.8616210003 seconds)	0	2	7	0	26	7	tunnel	utun7#27#nil#24	0	8192	0.0	0.0	nil	tunnel name; VPN service unconfirmed
interface	2026-10-03T03:48:51.879Z	965057.1382828751	download-idle	Instant(_value: 3040459.8616210003 seconds)	0	2	7	0	26	7	virtual	vmenet0#22#4295372070#25	5120	1833984	0.0	0.0	Optional(true)	virtual provider IOUserEthernetInterface/IOUserEthernetController/IOUserEthernetResourceUserClient/IOUserEthernetResource/IOResources/IOPlatformExpertDevice/IORegistryEntry
interface	2026-10-03T03:48:51.879Z	965057.1382828751	download-idle	Instant(_value: 3040459.8616210003 seconds)	0	2	7	0	26	7	logical	bridge100#23#nil#26	0	3668992	0.0	0.0	Optional(true)	route link type=209
delivery	2026-10-03T03:48:51.879Z	965057.1382828751	download-idle	Instant(_value: 3040459.8616210003 seconds)	0	2	7	0	26	7	delivered	networkActivity						sameReadAt=true
card	2026-10-03T03:48:51.879Z	965057.1382828751	download-idle	Optional(Swift.ContinuousClock.Instant(_value: 3040459.8616210003 seconds))					26		partial("물리 대상의 식별·연결·속도 일부를 확인하지 못했습니다")	NetworkCard			317943.59131858806	8074.757874757792	true	Network 카드, 일부 수집 실패: 물리 대상의 식별·연결·속도 일부를 확인하지 못했습니다, 확인된 일부 합계 다운로드 310.5 KB/s, 업로드 7.9 KB/s, 일부 수집 실패: 대상 identity 또는 물리 정보 일부 미확인
sample	2026-10-03T03:48:52.899Z	965058.1586128334	download-idle	Instant(_value: 3040460.83544975 seconds)	0	2	8	0	26	8	partial("물리 대상의 식별·연결·속도 일부를 확인하지 못했습니다")	knownPhysical			389062.2452869665	12618.234982279995	false	representativeRX=-1.0;representativeTX=-1.0
interface	2026-10-03T03:48:52.899Z	965058.1586128334	download-idle	Instant(_value: 3040460.83544975 seconds)	0	2	8	0	26	8	tunnel	gif0#2#nil#1	0	0	0.0	0.0	nil	route tunnel link type=55
interface	2026-10-03T03:48:52.899Z	965058.1586128334	download-idle	Instant(_value: 3040460.83544975 seconds)	0	2	8	0	26	8	tunnel	stf0#3#nil#2	0	0	0.0	0.0	nil	route tunnel link type=57
interface	2026-10-03T03:48:52.899Z	965058.1586128334	download-idle	Instant(_value: 3040460.83544975 seconds)	0	2	8	0	26	8	virtual	anpi1#4#4294970237#3	0	0	0.0	0.0	Optional(false)	private auxiliary network interface AppleUSBDeviceNCMPrivateEthernetInterface/AppleUSBDeviceNCMData/IOUSBDeviceInterface/AppleT8122USBXDCI/AppleARMIODevice/AppleH15IO/IOPlatformDevice/AppleARMPE/IOPlatformExpertDevice/IORegistryEntry
interface	2026-10-03T03:48:52.899Z	965058.1586128334	download-idle	Instant(_value: 3040460.83544975 seconds)	0	2	8	0	26	8	virtual	anpi2#5#4294970293#4	0	0	0.0	0.0	Optional(false)	private auxiliary network interface AppleUSBDeviceNCMPrivateEthernetInterface/AppleUSBDeviceNCMData/IOUSBDeviceInterface/AppleT8122USBXDCI/AppleARMIODevice/AppleH15IO/IOPlatformDevice/AppleARMPE/IOPlatformExpertDevice/IORegistryEntry
interface	2026-10-03T03:48:52.899Z	965058.1586128334	download-idle	Instant(_value: 3040460.83544975 seconds)	0	2	8	0	26	8	virtual	anpi0#6#4294970305#5	0	0	0.0	0.0	Optional(false)	private auxiliary network interface AppleUSBDeviceNCMPrivateEthernetInterface/AppleUSBDeviceNCMData/IOUSBDeviceInterface/AppleT8122USBXDCI/AppleARMIODevice/AppleH15IO/IOPlatformDevice/AppleARMPE/IOPlatformExpertDevice/IORegistryEntry
interface	2026-10-03T03:48:52.899Z	965058.1586128334	download-idle	Instant(_value: 3040460.83544975 seconds)	0	2	8	0	26	8	physicalEthernet	en4#7#4294970257#6	0	0	0.0	0.0	Optional(false)	SC Ethernet; hardware provider IOEthernetInterface/AppleUSBDeviceNCMData/IOUSBDeviceInterface/AppleT8122USBXDCI/AppleARMIODevice/AppleH15IO/IOPlatformDevice/AppleARMPE/IOPlatformExpertDevice/IORegistryEntry
interface	2026-10-03T03:48:52.899Z	965058.1586128334	download-idle	Instant(_value: 3040460.83544975 seconds)	0	2	8	0	26	8	physicalEthernet	en5#8#4294970175#7	0	0	0.0	0.0	Optional(false)	SC Ethernet; hardware provider IOEthernetInterface/AppleUSBDeviceNCMData/IOUSBDeviceInterface/AppleT8122USBXDCI/AppleARMIODevice/AppleH15IO/IOPlatformDevice/AppleARMPE/IOPlatformExpertDevice/IORegistryEntry
interface	2026-10-03T03:48:52.899Z	965058.1586128334	download-idle	Instant(_value: 3040460.83544975 seconds)	0	2	8	0	26	8	physicalEthernet	en6#9#4294970236#8	0	0	0.0	0.0	Optional(false)	SC Ethernet; hardware provider IOEthernetInterface/AppleUSBDeviceNCMData/IOUSBDeviceInterface/AppleT8122USBXDCI/AppleARMIODevice/AppleH15IO/IOPlatformDevice/AppleARMPE/IOPlatformExpertDevice/IORegistryEntry
interface	2026-10-03T03:48:52.899Z	965058.1586128334	download-idle	Instant(_value: 3040460.83544975 seconds)	0	2	8	0	26	8	physicalEthernet	en1#10#4294970312#9	0	0	0.0	0.0	Optional(false)	SC Ethernet; hardware provider IOEthernetInterface/AppleThunderboltIPPort/AppleThunderboltIPService/IOThunderboltLocalNode/IOThunderboltControllerType5/AppleThunderboltNHIType5/AppleThunderboltHALType5/AppleARMIODevice/AppleH15IO/IOPlatformDevice/AppleARMPE/IOPlatformExpertDevice/IORegistryEntry
interface	2026-10-03T03:48:52.899Z	965058.1586128334	download-idle	Instant(_value: 3040460.83544975 seconds)	0	2	8	0	26	8	physicalEthernet	en2#11#4294970264#10	0	0	0.0	0.0	Optional(false)	SC Ethernet; hardware provider IOEthernetInterface/AppleThunderboltIPPort/AppleThunderboltIPService/IOThunderboltLocalNode/IOThunderboltControllerType5/AppleThunderboltNHIType5/AppleThunderboltHALType5/AppleARMIODevice/AppleH15IO/IOPlatformDevice/AppleARMPE/IOPlatformExpertDevice/IORegistryEntry
interface	2026-10-03T03:48:52.899Z	965058.1586128334	download-idle	Instant(_value: 3040460.83544975 seconds)	0	2	8	0	26	8	physicalEthernet	en3#12#4294970379#11	0	0	0.0	0.0	Optional(false)	SC Ethernet; hardware provider IOEthernetInterface/AppleThunderboltIPPort/AppleThunderboltIPService/IOThunderboltLocalNode/IOThunderboltControllerType5/AppleThunderboltNHIType5/AppleThunderboltHALType5/AppleARMIODevice/AppleH15IO/IOPlatformDevice/AppleARMPE/IOPlatformExpertDevice/IORegistryEntry
interface	2026-10-03T03:48:52.899Z	965058.1586128334	download-idle	Instant(_value: 3040460.83544975 seconds)	0	2	8	0	26	8	logical	bridge0#15#nil#12	0	0	0.0	0.0	Optional(false)	route link type=209
interface	2026-10-03T03:48:52.899Z	965058.1586128334	download-idle	Instant(_value: 3040460.83544975 seconds)	0	2	8	0	26	8	unknown	ap1#13#nil#13	0	0	0.0	0.0	nil	IORegistry provider unavailable; SC type=
interface	2026-10-03T03:48:52.899Z	965058.1586128334	download-idle	Instant(_value: 3040460.83544975 seconds)	0	2	8	0	26	8	physicalWiFi	en0#14#4294971925#14	3116743680	1999176704	389062.2452869665	12618.234982279995	Optional(true)	SC Wi-Fi; hardware provider IOSkywalkLegacyEthernetInterface/IO80211Controller/IOUserNetworkWLAN/IOUserService/IOUserService/IOPCIDevice/ApplePCIEHostBridge/IOPCIDevice/AppleT6031PCIe/AppleARMIODevice/AppleH15IO/IOPlatformDevice/AppleARMPE/IOPlatformExpertDevice/IORegistryEntry
interface	2026-10-03T03:48:52.899Z	965058.1586128334	download-idle	Instant(_value: 3040460.83544975 seconds)	0	2	8	0	26	8	virtual	awdl0#16#nil#15	8599552	8556544	0.0	0.0	Optional(true)	SIOCGIFFUNCTIONALTYPE=4
interface	2026-10-03T03:48:52.899Z	965058.1586128334	download-idle	Instant(_value: 3040460.83544975 seconds)	0	2	8	0	26	8	unknown	llw0#17#nil#16	0	0	0.0	0.0	nil	IORegistry provider unavailable; SC type=
interface	2026-10-03T03:48:52.899Z	965058.1586128334	download-idle	Instant(_value: 3040460.83544975 seconds)	0	2	8	0	26	8	tunnel	utun0#18#nil#17	0	0	0.0	0.0	nil	tunnel name; VPN service unconfirmed
interface	2026-10-03T03:48:52.899Z	965058.1586128334	download-idle	Instant(_value: 3040460.83544975 seconds)	0	2	8	0	26	8	tunnel	utun1#19#nil#18	0	8192	0.0	0.0	nil	tunnel name; VPN service unconfirmed
interface	2026-10-03T03:48:52.899Z	965058.1586128334	download-idle	Instant(_value: 3040460.83544975 seconds)	0	2	8	0	26	8	tunnel	utun2#20#nil#19	0	8192	0.0	0.0	nil	tunnel name; VPN service unconfirmed
interface	2026-10-03T03:48:52.899Z	965058.1586128334	download-idle	Instant(_value: 3040460.83544975 seconds)	0	2	8	0	26	8	tunnel	utun3#21#nil#20	0	8192	0.0	0.0	nil	tunnel name; VPN service unconfirmed
interface	2026-10-03T03:48:52.899Z	965058.1586128334	download-idle	Instant(_value: 3040460.83544975 seconds)	0	2	8	0	26	8	tunnel	utun4#24#nil#21	9216	4096	0.0	0.0	nil	tunnel name; VPN service unconfirmed
interface	2026-10-03T03:48:52.899Z	965058.1586128334	download-idle	Instant(_value: 3040460.83544975 seconds)	0	2	8	0	26	8	tunnel	utun5#25#nil#22	166912	143360	0.0	0.0	nil	tunnel name; VPN service unconfirmed
interface	2026-10-03T03:48:52.899Z	965058.1586128334	download-idle	Instant(_value: 3040460.83544975 seconds)	0	2	8	0	26	8	tunnel	utun6#26#nil#23	0	8192	0.0	0.0	nil	tunnel name; VPN service unconfirmed
interface	2026-10-03T03:48:52.899Z	965058.1586128334	download-idle	Instant(_value: 3040460.83544975 seconds)	0	2	8	0	26	8	tunnel	utun7#27#nil#24	0	8192	0.0	0.0	nil	tunnel name; VPN service unconfirmed
interface	2026-10-03T03:48:52.899Z	965058.1586128334	download-idle	Instant(_value: 3040460.83544975 seconds)	0	2	8	0	26	8	virtual	vmenet0#22#4295372070#25	5120	1833984	0.0	0.0	Optional(true)	virtual provider IOUserEthernetInterface/IOUserEthernetController/IOUserEthernetResourceUserClient/IOUserEthernetResource/IOResources/IOPlatformExpertDevice/IORegistryEntry
interface	2026-10-03T03:48:52.899Z	965058.1586128334	download-idle	Instant(_value: 3040460.83544975 seconds)	0	2	8	0	26	8	logical	bridge100#23#nil#26	0	3668992	0.0	0.0	Optional(true)	route link type=209
delivery	2026-10-03T03:48:52.899Z	965058.1586128334	download-idle	Instant(_value: 3040460.83544975 seconds)	0	2	8	0	26	8	delivered	networkActivity						sameReadAt=true
card	2026-10-03T03:48:52.899Z	965058.1586128334	download-idle	Optional(Swift.ContinuousClock.Instant(_value: 3040460.83544975 seconds))					26		partial("물리 대상의 식별·연결·속도 일부를 확인하지 못했습니다")	NetworkCard			389062.2452869665	12618.234982279995	true	Network 카드, 일부 수집 실패: 물리 대상의 식별·연결·속도 일부를 확인하지 못했습니다, 확인된 일부 합계 다운로드 379.9 KB/s, 업로드 12.3 KB/s, 일부 수집 실패: 대상 identity 또는 물리 정보 일부 미확인
sample	2026-10-03T03:48:53.948Z	965059.2078600418	download-idle	Instant(_value: 3040461.859598 seconds)	0	2	9	0	26	9	partial("물리 대상의 식별·연결·속도 일부를 확인하지 못했습니다")	knownPhysical			311954.8366166714	1999.710491132509	false	representativeRX=-1.0;representativeTX=-1.0
interface	2026-10-03T03:48:53.948Z	965059.2078600418	download-idle	Instant(_value: 3040461.859598 seconds)	0	2	9	0	26	9	tunnel	gif0#2#nil#1	0	0	0.0	0.0	nil	route tunnel link type=55
interface	2026-10-03T03:48:53.948Z	965059.2078600418	download-idle	Instant(_value: 3040461.859598 seconds)	0	2	9	0	26	9	tunnel	stf0#3#nil#2	0	0	0.0	0.0	nil	route tunnel link type=57
interface	2026-10-03T03:48:53.948Z	965059.2078600418	download-idle	Instant(_value: 3040461.859598 seconds)	0	2	9	0	26	9	virtual	anpi1#4#4294970237#3	0	0	0.0	0.0	Optional(false)	private auxiliary network interface AppleUSBDeviceNCMPrivateEthernetInterface/AppleUSBDeviceNCMData/IOUSBDeviceInterface/AppleT8122USBXDCI/AppleARMIODevice/AppleH15IO/IOPlatformDevice/AppleARMPE/IOPlatformExpertDevice/IORegistryEntry
interface	2026-10-03T03:48:53.948Z	965059.2078600418	download-idle	Instant(_value: 3040461.859598 seconds)	0	2	9	0	26	9	virtual	anpi2#5#4294970293#4	0	0	0.0	0.0	Optional(false)	private auxiliary network interface AppleUSBDeviceNCMPrivateEthernetInterface/AppleUSBDeviceNCMData/IOUSBDeviceInterface/AppleT8122USBXDCI/AppleARMIODevice/AppleH15IO/IOPlatformDevice/AppleARMPE/IOPlatformExpertDevice/IORegistryEntry
interface	2026-10-03T03:48:53.948Z	965059.2078600418	download-idle	Instant(_value: 3040461.859598 seconds)	0	2	9	0	26	9	virtual	anpi0#6#4294970305#5	0	0	0.0	0.0	Optional(false)	private auxiliary network interface AppleUSBDeviceNCMPrivateEthernetInterface/AppleUSBDeviceNCMData/IOUSBDeviceInterface/AppleT8122USBXDCI/AppleARMIODevice/AppleH15IO/IOPlatformDevice/AppleARMPE/IOPlatformExpertDevice/IORegistryEntry
interface	2026-10-03T03:48:53.948Z	965059.2078600418	download-idle	Instant(_value: 3040461.859598 seconds)	0	2	9	0	26	9	physicalEthernet	en4#7#4294970257#6	0	0	0.0	0.0	Optional(false)	SC Ethernet; hardware provider IOEthernetInterface/AppleUSBDeviceNCMData/IOUSBDeviceInterface/AppleT8122USBXDCI/AppleARMIODevice/AppleH15IO/IOPlatformDevice/AppleARMPE/IOPlatformExpertDevice/IORegistryEntry
interface	2026-10-03T03:48:53.948Z	965059.2078600418	download-idle	Instant(_value: 3040461.859598 seconds)	0	2	9	0	26	9	physicalEthernet	en5#8#4294970175#7	0	0	0.0	0.0	Optional(false)	SC Ethernet; hardware provider IOEthernetInterface/AppleUSBDeviceNCMData/IOUSBDeviceInterface/AppleT8122USBXDCI/AppleARMIODevice/AppleH15IO/IOPlatformDevice/AppleARMPE/IOPlatformExpertDevice/IORegistryEntry
interface	2026-10-03T03:48:53.948Z	965059.2078600418	download-idle	Instant(_value: 3040461.859598 seconds)	0	2	9	0	26	9	physicalEthernet	en6#9#4294970236#8	0	0	0.0	0.0	Optional(false)	SC Ethernet; hardware provider IOEthernetInterface/AppleUSBDeviceNCMData/IOUSBDeviceInterface/AppleT8122USBXDCI/AppleARMIODevice/AppleH15IO/IOPlatformDevice/AppleARMPE/IOPlatformExpertDevice/IORegistryEntry
interface	2026-10-03T03:48:53.948Z	965059.2078600418	download-idle	Instant(_value: 3040461.859598 seconds)	0	2	9	0	26	9	physicalEthernet	en1#10#4294970312#9	0	0	0.0	0.0	Optional(false)	SC Ethernet; hardware provider IOEthernetInterface/AppleThunderboltIPPort/AppleThunderboltIPService/IOThunderboltLocalNode/IOThunderboltControllerType5/AppleThunderboltNHIType5/AppleThunderboltHALType5/AppleARMIODevice/AppleH15IO/IOPlatformDevice/AppleARMPE/IOPlatformExpertDevice/IORegistryEntry
interface	2026-10-03T03:48:53.948Z	965059.2078600418	download-idle	Instant(_value: 3040461.859598 seconds)	0	2	9	0	26	9	physicalEthernet	en2#11#4294970264#10	0	0	0.0	0.0	Optional(false)	SC Ethernet; hardware provider IOEthernetInterface/AppleThunderboltIPPort/AppleThunderboltIPService/IOThunderboltLocalNode/IOThunderboltControllerType5/AppleThunderboltNHIType5/AppleThunderboltHALType5/AppleARMIODevice/AppleH15IO/IOPlatformDevice/AppleARMPE/IOPlatformExpertDevice/IORegistryEntry
interface	2026-10-03T03:48:53.948Z	965059.2078600418	download-idle	Instant(_value: 3040461.859598 seconds)	0	2	9	0	26	9	physicalEthernet	en3#12#4294970379#11	0	0	0.0	0.0	Optional(false)	SC Ethernet; hardware provider IOEthernetInterface/AppleThunderboltIPPort/AppleThunderboltIPService/IOThunderboltLocalNode/IOThunderboltControllerType5/AppleThunderboltNHIType5/AppleThunderboltHALType5/AppleARMIODevice/AppleH15IO/IOPlatformDevice/AppleARMPE/IOPlatformExpertDevice/IORegistryEntry
interface	2026-10-03T03:48:53.948Z	965059.2078600418	download-idle	Instant(_value: 3040461.859598 seconds)	0	2	9	0	26	9	logical	bridge0#15#nil#12	0	0	0.0	0.0	Optional(false)	route link type=209
interface	2026-10-03T03:48:53.948Z	965059.2078600418	download-idle	Instant(_value: 3040461.859598 seconds)	0	2	9	0	26	9	unknown	ap1#13#nil#13	0	0	0.0	0.0	nil	IORegistry provider unavailable; SC type=
interface	2026-10-03T03:48:53.948Z	965059.2078600418	download-idle	Instant(_value: 3040461.859598 seconds)	0	2	9	0	26	9	physicalWiFi	en0#14#4294971925#14	3117063168	1999178752	311954.8366166714	1999.710491132509	Optional(true)	SC Wi-Fi; hardware provider IOSkywalkLegacyEthernetInterface/IO80211Controller/IOUserNetworkWLAN/IOUserService/IOUserService/IOPCIDevice/ApplePCIEHostBridge/IOPCIDevice/AppleT6031PCIe/AppleARMIODevice/AppleH15IO/IOPlatformDevice/AppleARMPE/IOPlatformExpertDevice/IORegistryEntry
interface	2026-10-03T03:48:53.948Z	965059.2078600418	download-idle	Instant(_value: 3040461.859598 seconds)	0	2	9	0	26	9	virtual	awdl0#16#nil#15	8599552	8556544	0.0	0.0	Optional(true)	SIOCGIFFUNCTIONALTYPE=4
interface	2026-10-03T03:48:53.948Z	965059.2078600418	download-idle	Instant(_value: 3040461.859598 seconds)	0	2	9	0	26	9	unknown	llw0#17#nil#16	0	0	0.0	0.0	nil	IORegistry provider unavailable; SC type=
interface	2026-10-03T03:48:53.948Z	965059.2078600418	download-idle	Instant(_value: 3040461.859598 seconds)	0	2	9	0	26	9	tunnel	utun0#18#nil#17	0	0	0.0	0.0	nil	tunnel name; VPN service unconfirmed
interface	2026-10-03T03:48:53.948Z	965059.2078600418	download-idle	Instant(_value: 3040461.859598 seconds)	0	2	9	0	26	9	tunnel	utun1#19#nil#18	0	8192	0.0	0.0	nil	tunnel name; VPN service unconfirmed
interface	2026-10-03T03:48:53.948Z	965059.2078600418	download-idle	Instant(_value: 3040461.859598 seconds)	0	2	9	0	26	9	tunnel	utun2#20#nil#19	0	8192	0.0	0.0	nil	tunnel name; VPN service unconfirmed
interface	2026-10-03T03:48:53.948Z	965059.2078600418	download-idle	Instant(_value: 3040461.859598 seconds)	0	2	9	0	26	9	tunnel	utun3#21#nil#20	0	8192	0.0	0.0	nil	tunnel name; VPN service unconfirmed
interface	2026-10-03T03:48:53.948Z	965059.2078600418	download-idle	Instant(_value: 3040461.859598 seconds)	0	2	9	0	26	9	tunnel	utun4#24#nil#21	9216	4096	0.0	0.0	nil	tunnel name; VPN service unconfirmed
interface	2026-10-03T03:48:53.948Z	965059.2078600418	download-idle	Instant(_value: 3040461.859598 seconds)	0	2	9	0	26	9	tunnel	utun5#25#nil#22	166912	143360	0.0	0.0	nil	tunnel name; VPN service unconfirmed
interface	2026-10-03T03:48:53.948Z	965059.2078600418	download-idle	Instant(_value: 3040461.859598 seconds)	0	2	9	0	26	9	tunnel	utun6#26#nil#23	0	8192	0.0	0.0	nil	tunnel name; VPN service unconfirmed
interface	2026-10-03T03:48:53.948Z	965059.2078600418	download-idle	Instant(_value: 3040461.859598 seconds)	0	2	9	0	26	9	tunnel	utun7#27#nil#24	0	8192	0.0	0.0	nil	tunnel name; VPN service unconfirmed
interface	2026-10-03T03:48:53.948Z	965059.2078600418	download-idle	Instant(_value: 3040461.859598 seconds)	0	2	9	0	26	9	virtual	vmenet0#22#4295372070#25	5120	1833984	0.0	0.0	Optional(true)	virtual provider IOUserEthernetInterface/IOUserEthernetController/IOUserEthernetResourceUserClient/IOUserEthernetResource/IOResources/IOPlatformExpertDevice/IORegistryEntry
interface	2026-10-03T03:48:53.948Z	965059.2078600418	download-idle	Instant(_value: 3040461.859598 seconds)	0	2	9	0	26	9	logical	bridge100#23#nil#26	0	3668992	0.0	0.0	Optional(true)	route link type=209
delivery	2026-10-03T03:48:53.948Z	965059.2078600418	download-idle	Instant(_value: 3040461.859598 seconds)	0	2	9	0	26	9	delivered	networkActivity						sameReadAt=true
card	2026-10-03T03:48:53.948Z	965059.2078600418	download-idle	Optional(Swift.ContinuousClock.Instant(_value: 3040461.859598 seconds))					26		partial("물리 대상의 식별·연결·속도 일부를 확인하지 못했습니다")	NetworkCard			311954.8366166714	1999.710491132509	true	Network 카드, 일부 수집 실패: 물리 대상의 식별·연결·속도 일부를 확인하지 못했습니다, 확인된 일부 합계 다운로드 304.6 KB/s, 업로드 2.0 KB/s, 일부 수집 실패: 대상 identity 또는 물리 정보 일부 미확인
sample	2026-10-03T03:48:54.999Z	965060.2582885834	download-idle	Instant(_value: 3040462.808153083 seconds)	0	2	10	0	26	10	partial("물리 대상의 식별·연결·속도 일부를 확인하지 못했습니다")	knownPhysical			382155.982817078	12954.44009549417	false	representativeRX=-1.0;representativeTX=-1.0
interface	2026-10-03T03:48:54.999Z	965060.2582885834	download-idle	Instant(_value: 3040462.808153083 seconds)	0	2	10	0	26	10	tunnel	gif0#2#nil#1	0	0	0.0	0.0	nil	route tunnel link type=55
interface	2026-10-03T03:48:54.999Z	965060.2582885834	download-idle	Instant(_value: 3040462.808153083 seconds)	0	2	10	0	26	10	tunnel	stf0#3#nil#2	0	0	0.0	0.0	nil	route tunnel link type=57
interface	2026-10-03T03:48:54.999Z	965060.2582885834	download-idle	Instant(_value: 3040462.808153083 seconds)	0	2	10	0	26	10	virtual	anpi1#4#4294970237#3	0	0	0.0	0.0	Optional(false)	private auxiliary network interface AppleUSBDeviceNCMPrivateEthernetInterface/AppleUSBDeviceNCMData/IOUSBDeviceInterface/AppleT8122USBXDCI/AppleARMIODevice/AppleH15IO/IOPlatformDevice/AppleARMPE/IOPlatformExpertDevice/IORegistryEntry
interface	2026-10-03T03:48:54.999Z	965060.2582885834	download-idle	Instant(_value: 3040462.808153083 seconds)	0	2	10	0	26	10	virtual	anpi2#5#4294970293#4	0	0	0.0	0.0	Optional(false)	private auxiliary network interface AppleUSBDeviceNCMPrivateEthernetInterface/AppleUSBDeviceNCMData/IOUSBDeviceInterface/AppleT8122USBXDCI/AppleARMIODevice/AppleH15IO/IOPlatformDevice/AppleARMPE/IOPlatformExpertDevice/IORegistryEntry
interface	2026-10-03T03:48:54.999Z	965060.2582885834	download-idle	Instant(_value: 3040462.808153083 seconds)	0	2	10	0	26	10	virtual	anpi0#6#4294970305#5	0	0	0.0	0.0	Optional(false)	private auxiliary network interface AppleUSBDeviceNCMPrivateEthernetInterface/AppleUSBDeviceNCMData/IOUSBDeviceInterface/AppleT8122USBXDCI/AppleARMIODevice/AppleH15IO/IOPlatformDevice/AppleARMPE/IOPlatformExpertDevice/IORegistryEntry
interface	2026-10-03T03:48:54.999Z	965060.2582885834	download-idle	Instant(_value: 3040462.808153083 seconds)	0	2	10	0	26	10	physicalEthernet	en4#7#4294970257#6	0	0	0.0	0.0	Optional(false)	SC Ethernet; hardware provider IOEthernetInterface/AppleUSBDeviceNCMData/IOUSBDeviceInterface/AppleT8122USBXDCI/AppleARMIODevice/AppleH15IO/IOPlatformDevice/AppleARMPE/IOPlatformExpertDevice/IORegistryEntry
interface	2026-10-03T03:48:54.999Z	965060.2582885834	download-idle	Instant(_value: 3040462.808153083 seconds)	0	2	10	0	26	10	physicalEthernet	en5#8#4294970175#7	0	0	0.0	0.0	Optional(false)	SC Ethernet; hardware provider IOEthernetInterface/AppleUSBDeviceNCMData/IOUSBDeviceInterface/AppleT8122USBXDCI/AppleARMIODevice/AppleH15IO/IOPlatformDevice/AppleARMPE/IOPlatformExpertDevice/IORegistryEntry
interface	2026-10-03T03:48:54.999Z	965060.2582885834	download-idle	Instant(_value: 3040462.808153083 seconds)	0	2	10	0	26	10	physicalEthernet	en6#9#4294970236#8	0	0	0.0	0.0	Optional(false)	SC Ethernet; hardware provider IOEthernetInterface/AppleUSBDeviceNCMData/IOUSBDeviceInterface/AppleT8122USBXDCI/AppleARMIODevice/AppleH15IO/IOPlatformDevice/AppleARMPE/IOPlatformExpertDevice/IORegistryEntry
interface	2026-10-03T03:48:54.999Z	965060.2582885834	download-idle	Instant(_value: 3040462.808153083 seconds)	0	2	10	0	26	10	physicalEthernet	en1#10#4294970312#9	0	0	0.0	0.0	Optional(false)	SC Ethernet; hardware provider IOEthernetInterface/AppleThunderboltIPPort/AppleThunderboltIPService/IOThunderboltLocalNode/IOThunderboltControllerType5/AppleThunderboltNHIType5/AppleThunderboltHALType5/AppleARMIODevice/AppleH15IO/IOPlatformDevice/AppleARMPE/IOPlatformExpertDevice/IORegistryEntry
interface	2026-10-03T03:48:54.999Z	965060.2582885834	download-idle	Instant(_value: 3040462.808153083 seconds)	0	2	10	0	26	10	physicalEthernet	en2#11#4294970264#10	0	0	0.0	0.0	Optional(false)	SC Ethernet; hardware provider IOEthernetInterface/AppleThunderboltIPPort/AppleThunderboltIPService/IOThunderboltLocalNode/IOThunderboltControllerType5/AppleThunderboltNHIType5/AppleThunderboltHALType5/AppleARMIODevice/AppleH15IO/IOPlatformDevice/AppleARMPE/IOPlatformExpertDevice/IORegistryEntry
interface	2026-10-03T03:48:54.999Z	965060.2582885834	download-idle	Instant(_value: 3040462.808153083 seconds)	0	2	10	0	26	10	physicalEthernet	en3#12#4294970379#11	0	0	0.0	0.0	Optional(false)	SC Ethernet; hardware provider IOEthernetInterface/AppleThunderboltIPPort/AppleThunderboltIPService/IOThunderboltLocalNode/IOThunderboltControllerType5/AppleThunderboltNHIType5/AppleThunderboltHALType5/AppleARMIODevice/AppleH15IO/IOPlatformDevice/AppleARMPE/IOPlatformExpertDevice/IORegistryEntry
interface	2026-10-03T03:48:54.999Z	965060.2582885834	download-idle	Instant(_value: 3040462.808153083 seconds)	0	2	10	0	26	10	logical	bridge0#15#nil#12	0	0	0.0	0.0	Optional(false)	route link type=209
interface	2026-10-03T03:48:54.999Z	965060.2582885834	download-idle	Instant(_value: 3040462.808153083 seconds)	0	2	10	0	26	10	unknown	ap1#13#nil#13	0	0	0.0	0.0	nil	IORegistry provider unavailable; SC type=
interface	2026-10-03T03:48:54.999Z	965060.2582885834	download-idle	Instant(_value: 3040462.808153083 seconds)	0	2	10	0	26	10	physicalWiFi	en0#14#4294971925#14	3117425664	1999191040	382155.982817078	12954.44009549417	Optional(true)	SC Wi-Fi; hardware provider IOSkywalkLegacyEthernetInterface/IO80211Controller/IOUserNetworkWLAN/IOUserService/IOUserService/IOPCIDevice/ApplePCIEHostBridge/IOPCIDevice/AppleT6031PCIe/AppleARMIODevice/AppleH15IO/IOPlatformDevice/AppleARMPE/IOPlatformExpertDevice/IORegistryEntry
interface	2026-10-03T03:48:54.999Z	965060.2582885834	download-idle	Instant(_value: 3040462.808153083 seconds)	0	2	10	0	26	10	virtual	awdl0#16#nil#15	8599552	8556544	0.0	0.0	Optional(true)	SIOCGIFFUNCTIONALTYPE=4
interface	2026-10-03T03:48:54.999Z	965060.2582885834	download-idle	Instant(_value: 3040462.808153083 seconds)	0	2	10	0	26	10	unknown	llw0#17#nil#16	0	0	0.0	0.0	nil	IORegistry provider unavailable; SC type=
interface	2026-10-03T03:48:54.999Z	965060.2582885834	download-idle	Instant(_value: 3040462.808153083 seconds)	0	2	10	0	26	10	tunnel	utun0#18#nil#17	0	0	0.0	0.0	nil	tunnel name; VPN service unconfirmed
interface	2026-10-03T03:48:54.999Z	965060.2582885834	download-idle	Instant(_value: 3040462.808153083 seconds)	0	2	10	0	26	10	tunnel	utun1#19#nil#18	0	8192	0.0	0.0	nil	tunnel name; VPN service unconfirmed
interface	2026-10-03T03:48:54.999Z	965060.2582885834	download-idle	Instant(_value: 3040462.808153083 seconds)	0	2	10	0	26	10	tunnel	utun2#20#nil#19	0	8192	0.0	0.0	nil	tunnel name; VPN service unconfirmed
interface	2026-10-03T03:48:54.999Z	965060.2582885834	download-idle	Instant(_value: 3040462.808153083 seconds)	0	2	10	0	26	10	tunnel	utun3#21#nil#20	0	8192	0.0	0.0	nil	tunnel name; VPN service unconfirmed
interface	2026-10-03T03:48:54.999Z	965060.2582885834	download-idle	Instant(_value: 3040462.808153083 seconds)	0	2	10	0	26	10	tunnel	utun4#24#nil#21	9216	4096	0.0	0.0	nil	tunnel name; VPN service unconfirmed
interface	2026-10-03T03:48:54.999Z	965060.2582885834	download-idle	Instant(_value: 3040462.808153083 seconds)	0	2	10	0	26	10	tunnel	utun5#25#nil#22	166912	143360	0.0	0.0	nil	tunnel name; VPN service unconfirmed
interface	2026-10-03T03:48:54.999Z	965060.2582885834	download-idle	Instant(_value: 3040462.808153083 seconds)	0	2	10	0	26	10	tunnel	utun6#26#nil#23	0	8192	0.0	0.0	nil	tunnel name; VPN service unconfirmed
interface	2026-10-03T03:48:54.999Z	965060.2582885834	download-idle	Instant(_value: 3040462.808153083 seconds)	0	2	10	0	26	10	tunnel	utun7#27#nil#24	0	8192	0.0	0.0	nil	tunnel name; VPN service unconfirmed
interface	2026-10-03T03:48:54.999Z	965060.2582885834	download-idle	Instant(_value: 3040462.808153083 seconds)	0	2	10	0	26	10	virtual	vmenet0#22#4295372070#25	5120	1833984	0.0	0.0	Optional(true)	virtual provider IOUserEthernetInterface/IOUserEthernetController/IOUserEthernetResourceUserClient/IOUserEthernetResource/IOResources/IOPlatformExpertDevice/IORegistryEntry
interface	2026-10-03T03:48:54.999Z	965060.2582885834	download-idle	Instant(_value: 3040462.808153083 seconds)	0	2	10	0	26	10	logical	bridge100#23#nil#26	0	3668992	0.0	0.0	Optional(true)	route link type=209
delivery	2026-10-03T03:48:54.999Z	965060.2582885834	download-idle	Instant(_value: 3040462.808153083 seconds)	0	2	10	0	26	10	delivered	networkActivity						sameReadAt=true
card	2026-10-03T03:48:54.999Z	965060.2582885834	download-idle	Optional(Swift.ContinuousClock.Instant(_value: 3040462.808153083 seconds))					26		partial("물리 대상의 식별·연결·속도 일부를 확인하지 못했습니다")	NetworkCard			382155.982817078	12954.44009549417	true	Network 카드, 일부 수집 실패: 물리 대상의 식별·연결·속도 일부를 확인하지 못했습니다, 확인된 일부 합계 다운로드 373.2 KB/s, 업로드 12.7 KB/s, 일부 수집 실패: 대상 identity 또는 물리 정보 일부 미확인
sample	2026-10-03T03:48:56.226Z	965061.4854625	download-idle	Instant(_value: 3040463.8224855415 seconds)	0	2	11	0	26	11	partial("물리 대상의 식별·연결·속도 일부를 확인하지 못했습니다")	knownPhysical			347278.64342876035	8076.247521599078	false	representativeRX=-1.0;representativeTX=-1.0
interface	2026-10-03T03:48:56.226Z	965061.4854625	download-idle	Instant(_value: 3040463.8224855415 seconds)	0	2	11	0	26	11	tunnel	gif0#2#nil#1	0	0	0.0	0.0	nil	route tunnel link type=55
interface	2026-10-03T03:48:56.226Z	965061.4854625	download-idle	Instant(_value: 3040463.8224855415 seconds)	0	2	11	0	26	11	tunnel	stf0#3#nil#2	0	0	0.0	0.0	nil	route tunnel link type=57
interface	2026-10-03T03:48:56.226Z	965061.4854625	download-idle	Instant(_value: 3040463.8224855415 seconds)	0	2	11	0	26	11	virtual	anpi1#4#4294970237#3	0	0	0.0	0.0	Optional(false)	private auxiliary network interface AppleUSBDeviceNCMPrivateEthernetInterface/AppleUSBDeviceNCMData/IOUSBDeviceInterface/AppleT8122USBXDCI/AppleARMIODevice/AppleH15IO/IOPlatformDevice/AppleARMPE/IOPlatformExpertDevice/IORegistryEntry
interface	2026-10-03T03:48:56.226Z	965061.4854625	download-idle	Instant(_value: 3040463.8224855415 seconds)	0	2	11	0	26	11	virtual	anpi2#5#4294970293#4	0	0	0.0	0.0	Optional(false)	private auxiliary network interface AppleUSBDeviceNCMPrivateEthernetInterface/AppleUSBDeviceNCMData/IOUSBDeviceInterface/AppleT8122USBXDCI/AppleARMIODevice/AppleH15IO/IOPlatformDevice/AppleARMPE/IOPlatformExpertDevice/IORegistryEntry
interface	2026-10-03T03:48:56.226Z	965061.4854625	download-idle	Instant(_value: 3040463.8224855415 seconds)	0	2	11	0	26	11	virtual	anpi0#6#4294970305#5	0	0	0.0	0.0	Optional(false)	private auxiliary network interface AppleUSBDeviceNCMPrivateEthernetInterface/AppleUSBDeviceNCMData/IOUSBDeviceInterface/AppleT8122USBXDCI/AppleARMIODevice/AppleH15IO/IOPlatformDevice/AppleARMPE/IOPlatformExpertDevice/IORegistryEntry
interface	2026-10-03T03:48:56.226Z	965061.4854625	download-idle	Instant(_value: 3040463.8224855415 seconds)	0	2	11	0	26	11	physicalEthernet	en4#7#4294970257#6	0	0	0.0	0.0	Optional(false)	SC Ethernet; hardware provider IOEthernetInterface/AppleUSBDeviceNCMData/IOUSBDeviceInterface/AppleT8122USBXDCI/AppleARMIODevice/AppleH15IO/IOPlatformDevice/AppleARMPE/IOPlatformExpertDevice/IORegistryEntry
interface	2026-10-03T03:48:56.226Z	965061.4854625	download-idle	Instant(_value: 3040463.8224855415 seconds)	0	2	11	0	26	11	physicalEthernet	en5#8#4294970175#7	0	0	0.0	0.0	Optional(false)	SC Ethernet; hardware provider IOEthernetInterface/AppleUSBDeviceNCMData/IOUSBDeviceInterface/AppleT8122USBXDCI/AppleARMIODevice/AppleH15IO/IOPlatformDevice/AppleARMPE/IOPlatformExpertDevice/IORegistryEntry
interface	2026-10-03T03:48:56.226Z	965061.4854625	download-idle	Instant(_value: 3040463.8224855415 seconds)	0	2	11	0	26	11	physicalEthernet	en6#9#4294970236#8	0	0	0.0	0.0	Optional(false)	SC Ethernet; hardware provider IOEthernetInterface/AppleUSBDeviceNCMData/IOUSBDeviceInterface/AppleT8122USBXDCI/AppleARMIODevice/AppleH15IO/IOPlatformDevice/AppleARMPE/IOPlatformExpertDevice/IORegistryEntry
interface	2026-10-03T03:48:56.226Z	965061.4854625	download-idle	Instant(_value: 3040463.8224855415 seconds)	0	2	11	0	26	11	physicalEthernet	en1#10#4294970312#9	0	0	0.0	0.0	Optional(false)	SC Ethernet; hardware provider IOEthernetInterface/AppleThunderboltIPPort/AppleThunderboltIPService/IOThunderboltLocalNode/IOThunderboltControllerType5/AppleThunderboltNHIType5/AppleThunderboltHALType5/AppleARMIODevice/AppleH15IO/IOPlatformDevice/AppleARMPE/IOPlatformExpertDevice/IORegistryEntry
interface	2026-10-03T03:48:56.226Z	965061.4854625	download-idle	Instant(_value: 3040463.8224855415 seconds)	0	2	11	0	26	11	physicalEthernet	en2#11#4294970264#10	0	0	0.0	0.0	Optional(false)	SC Ethernet; hardware provider IOEthernetInterface/AppleThunderboltIPPort/AppleThunderboltIPService/IOThunderboltLocalNode/IOThunderboltControllerType5/AppleThunderboltNHIType5/AppleThunderboltHALType5/AppleARMIODevice/AppleH15IO/IOPlatformDevice/AppleARMPE/IOPlatformExpertDevice/IORegistryEntry
interface	2026-10-03T03:48:56.226Z	965061.4854625	download-idle	Instant(_value: 3040463.8224855415 seconds)	0	2	11	0	26	11	physicalEthernet	en3#12#4294970379#11	0	0	0.0	0.0	Optional(false)	SC Ethernet; hardware provider IOEthernetInterface/AppleThunderboltIPPort/AppleThunderboltIPService/IOThunderboltLocalNode/IOThunderboltControllerType5/AppleThunderboltNHIType5/AppleThunderboltHALType5/AppleARMIODevice/AppleH15IO/IOPlatformDevice/AppleARMPE/IOPlatformExpertDevice/IORegistryEntry
interface	2026-10-03T03:48:56.226Z	965061.4854625	download-idle	Instant(_value: 3040463.8224855415 seconds)	0	2	11	0	26	11	logical	bridge0#15#nil#12	0	0	0.0	0.0	Optional(false)	route link type=209
interface	2026-10-03T03:48:56.226Z	965061.4854625	download-idle	Instant(_value: 3040463.8224855415 seconds)	0	2	11	0	26	11	unknown	ap1#13#nil#13	0	0	0.0	0.0	nil	IORegistry provider unavailable; SC type=
interface	2026-10-03T03:48:56.226Z	965061.4854625	download-idle	Instant(_value: 3040463.8224855415 seconds)	0	2	11	0	26	11	physicalWiFi	en0#14#4294971925#14	3117777920	1999199232	347278.64342876035	8076.247521599078	Optional(true)	SC Wi-Fi; hardware provider IOSkywalkLegacyEthernetInterface/IO80211Controller/IOUserNetworkWLAN/IOUserService/IOUserService/IOPCIDevice/ApplePCIEHostBridge/IOPCIDevice/AppleT6031PCIe/AppleARMIODevice/AppleH15IO/IOPlatformDevice/AppleARMPE/IOPlatformExpertDevice/IORegistryEntry
interface	2026-10-03T03:48:56.226Z	965061.4854625	download-idle	Instant(_value: 3040463.8224855415 seconds)	0	2	11	0	26	11	virtual	awdl0#16#nil#15	8599552	8556544	0.0	0.0	Optional(true)	SIOCGIFFUNCTIONALTYPE=4
interface	2026-10-03T03:48:56.226Z	965061.4854625	download-idle	Instant(_value: 3040463.8224855415 seconds)	0	2	11	0	26	11	unknown	llw0#17#nil#16	0	0	0.0	0.0	nil	IORegistry provider unavailable; SC type=
interface	2026-10-03T03:48:56.226Z	965061.4854625	download-idle	Instant(_value: 3040463.8224855415 seconds)	0	2	11	0	26	11	tunnel	utun0#18#nil#17	0	0	0.0	0.0	nil	tunnel name; VPN service unconfirmed
interface	2026-10-03T03:48:56.226Z	965061.4854625	download-idle	Instant(_value: 3040463.8224855415 seconds)	0	2	11	0	26	11	tunnel	utun1#19#nil#18	0	8192	0.0	0.0	nil	tunnel name; VPN service unconfirmed
interface	2026-10-03T03:48:56.226Z	965061.4854625	download-idle	Instant(_value: 3040463.8224855415 seconds)	0	2	11	0	26	11	tunnel	utun2#20#nil#19	0	8192	0.0	0.0	nil	tunnel name; VPN service unconfirmed
interface	2026-10-03T03:48:56.226Z	965061.4854625	download-idle	Instant(_value: 3040463.8224855415 seconds)	0	2	11	0	26	11	tunnel	utun3#21#nil#20	0	8192	0.0	0.0	nil	tunnel name; VPN service unconfirmed
interface	2026-10-03T03:48:56.226Z	965061.4854625	download-idle	Instant(_value: 3040463.8224855415 seconds)	0	2	11	0	26	11	tunnel	utun4#24#nil#21	9216	4096	0.0	0.0	nil	tunnel name; VPN service unconfirmed
interface	2026-10-03T03:48:56.226Z	965061.4854625	download-idle	Instant(_value: 3040463.8224855415 seconds)	0	2	11	0	26	11	tunnel	utun5#25#nil#22	166912	143360	0.0	0.0	nil	tunnel name; VPN service unconfirmed
interface	2026-10-03T03:48:56.226Z	965061.4854625	download-idle	Instant(_value: 3040463.8224855415 seconds)	0	2	11	0	26	11	tunnel	utun6#26#nil#23	0	8192	0.0	0.0	nil	tunnel name; VPN service unconfirmed
interface	2026-10-03T03:48:56.226Z	965061.4854625	download-idle	Instant(_value: 3040463.8224855415 seconds)	0	2	11	0	26	11	tunnel	utun7#27#nil#24	0	8192	0.0	0.0	nil	tunnel name; VPN service unconfirmed
interface	2026-10-03T03:48:56.226Z	965061.4854625	download-idle	Instant(_value: 3040463.8224855415 seconds)	0	2	11	0	26	11	virtual	vmenet0#22#4295372070#25	5120	1833984	0.0	0.0	Optional(true)	virtual provider IOUserEthernetInterface/IOUserEthernetController/IOUserEthernetResourceUserClient/IOUserEthernetResource/IOResources/IOPlatformExpertDevice/IORegistryEntry
interface	2026-10-03T03:48:56.226Z	965061.4854625	download-idle	Instant(_value: 3040463.8224855415 seconds)	0	2	11	0	26	11	logical	bridge100#23#nil#26	0	3668992	0.0	0.0	Optional(true)	route link type=209
delivery	2026-10-03T03:48:56.226Z	965061.4854625	download-idle	Instant(_value: 3040463.8224855415 seconds)	0	2	11	0	26	11	delivered	networkActivity						sameReadAt=true
card	2026-10-03T03:48:56.226Z	965061.4854625	download-idle	Optional(Swift.ContinuousClock.Instant(_value: 3040463.8224855415 seconds))					26		partial("물리 대상의 식별·연결·속도 일부를 확인하지 못했습니다")	NetworkCard			347278.64342876035	8076.247521599078	true	Network 카드, 일부 수집 실패: 물리 대상의 식별·연결·속도 일부를 확인하지 못했습니다, 확인된 일부 합계 다운로드 339.1 KB/s, 업로드 7.9 KB/s, 일부 수집 실패: 대상 identity 또는 물리 정보 일부 미확인
sample	2026-10-03T03:48:57.260Z	965062.5197925001	download-idle	Instant(_value: 3040464.8041835 seconds)	0	2	12	0	26	12	partial("물리 대상의 식별·연결·속도 일부를 확인하지 못했습니다")	knownPhysical			317099.5693187542	2086.181377097067	false	representativeRX=-1.0;representativeTX=-1.0
interface	2026-10-03T03:48:57.260Z	965062.5197925001	download-idle	Instant(_value: 3040464.8041835 seconds)	0	2	12	0	26	12	tunnel	gif0#2#nil#1	0	0	0.0	0.0	nil	route tunnel link type=55
interface	2026-10-03T03:48:57.260Z	965062.5197925001	download-idle	Instant(_value: 3040464.8041835 seconds)	0	2	12	0	26	12	tunnel	stf0#3#nil#2	0	0	0.0	0.0	nil	route tunnel link type=57
interface	2026-10-03T03:48:57.260Z	965062.5197925001	download-idle	Instant(_value: 3040464.8041835 seconds)	0	2	12	0	26	12	virtual	anpi1#4#4294970237#3	0	0	0.0	0.0	Optional(false)	private auxiliary network interface AppleUSBDeviceNCMPrivateEthernetInterface/AppleUSBDeviceNCMData/IOUSBDeviceInterface/AppleT8122USBXDCI/AppleARMIODevice/AppleH15IO/IOPlatformDevice/AppleARMPE/IOPlatformExpertDevice/IORegistryEntry
interface	2026-10-03T03:48:57.260Z	965062.5197925001	download-idle	Instant(_value: 3040464.8041835 seconds)	0	2	12	0	26	12	virtual	anpi2#5#4294970293#4	0	0	0.0	0.0	Optional(false)	private auxiliary network interface AppleUSBDeviceNCMPrivateEthernetInterface/AppleUSBDeviceNCMData/IOUSBDeviceInterface/AppleT8122USBXDCI/AppleARMIODevice/AppleH15IO/IOPlatformDevice/AppleARMPE/IOPlatformExpertDevice/IORegistryEntry
interface	2026-10-03T03:48:57.260Z	965062.5197925001	download-idle	Instant(_value: 3040464.8041835 seconds)	0	2	12	0	26	12	virtual	anpi0#6#4294970305#5	0	0	0.0	0.0	Optional(false)	private auxiliary network interface AppleUSBDeviceNCMPrivateEthernetInterface/AppleUSBDeviceNCMData/IOUSBDeviceInterface/AppleT8122USBXDCI/AppleARMIODevice/AppleH15IO/IOPlatformDevice/AppleARMPE/IOPlatformExpertDevice/IORegistryEntry
interface	2026-10-03T03:48:57.260Z	965062.5197925001	download-idle	Instant(_value: 3040464.8041835 seconds)	0	2	12	0	26	12	physicalEthernet	en4#7#4294970257#6	0	0	0.0	0.0	Optional(false)	SC Ethernet; hardware provider IOEthernetInterface/AppleUSBDeviceNCMData/IOUSBDeviceInterface/AppleT8122USBXDCI/AppleARMIODevice/AppleH15IO/IOPlatformDevice/AppleARMPE/IOPlatformExpertDevice/IORegistryEntry
interface	2026-10-03T03:48:57.260Z	965062.5197925001	download-idle	Instant(_value: 3040464.8041835 seconds)	0	2	12	0	26	12	physicalEthernet	en5#8#4294970175#7	0	0	0.0	0.0	Optional(false)	SC Ethernet; hardware provider IOEthernetInterface/AppleUSBDeviceNCMData/IOUSBDeviceInterface/AppleT8122USBXDCI/AppleARMIODevice/AppleH15IO/IOPlatformDevice/AppleARMPE/IOPlatformExpertDevice/IORegistryEntry
interface	2026-10-03T03:48:57.260Z	965062.5197925001	download-idle	Instant(_value: 3040464.8041835 seconds)	0	2	12	0	26	12	physicalEthernet	en6#9#4294970236#8	0	0	0.0	0.0	Optional(false)	SC Ethernet; hardware provider IOEthernetInterface/AppleUSBDeviceNCMData/IOUSBDeviceInterface/AppleT8122USBXDCI/AppleARMIODevice/AppleH15IO/IOPlatformDevice/AppleARMPE/IOPlatformExpertDevice/IORegistryEntry
interface	2026-10-03T03:48:57.260Z	965062.5197925001	download-idle	Instant(_value: 3040464.8041835 seconds)	0	2	12	0	26	12	physicalEthernet	en1#10#4294970312#9	0	0	0.0	0.0	Optional(false)	SC Ethernet; hardware provider IOEthernetInterface/AppleThunderboltIPPort/AppleThunderboltIPService/IOThunderboltLocalNode/IOThunderboltControllerType5/AppleThunderboltNHIType5/AppleThunderboltHALType5/AppleARMIODevice/AppleH15IO/IOPlatformDevice/AppleARMPE/IOPlatformExpertDevice/IORegistryEntry
interface	2026-10-03T03:48:57.260Z	965062.5197925001	download-idle	Instant(_value: 3040464.8041835 seconds)	0	2	12	0	26	12	physicalEthernet	en2#11#4294970264#10	0	0	0.0	0.0	Optional(false)	SC Ethernet; hardware provider IOEthernetInterface/AppleThunderboltIPPort/AppleThunderboltIPService/IOThunderboltLocalNode/IOThunderboltControllerType5/AppleThunderboltNHIType5/AppleThunderboltHALType5/AppleARMIODevice/AppleH15IO/IOPlatformDevice/AppleARMPE/IOPlatformExpertDevice/IORegistryEntry
interface	2026-10-03T03:48:57.260Z	965062.5197925001	download-idle	Instant(_value: 3040464.8041835 seconds)	0	2	12	0	26	12	physicalEthernet	en3#12#4294970379#11	0	0	0.0	0.0	Optional(false)	SC Ethernet; hardware provider IOEthernetInterface/AppleThunderboltIPPort/AppleThunderboltIPService/IOThunderboltLocalNode/IOThunderboltControllerType5/AppleThunderboltNHIType5/AppleThunderboltHALType5/AppleARMIODevice/AppleH15IO/IOPlatformDevice/AppleARMPE/IOPlatformExpertDevice/IORegistryEntry
interface	2026-10-03T03:48:57.260Z	965062.5197925001	download-idle	Instant(_value: 3040464.8041835 seconds)	0	2	12	0	26	12	logical	bridge0#15#nil#12	0	0	0.0	0.0	Optional(false)	route link type=209
interface	2026-10-03T03:48:57.260Z	965062.5197925001	download-idle	Instant(_value: 3040464.8041835 seconds)	0	2	12	0	26	12	unknown	ap1#13#nil#13	0	0	0.0	0.0	nil	IORegistry provider unavailable; SC type=
interface	2026-10-03T03:48:57.260Z	965062.5197925001	download-idle	Instant(_value: 3040464.8041835 seconds)	0	2	12	0	26	12	physicalWiFi	en0#14#4294971925#14	3118089216	1999201280	317099.5693187542	2086.181377097067	Optional(true)	SC Wi-Fi; hardware provider IOSkywalkLegacyEthernetInterface/IO80211Controller/IOUserNetworkWLAN/IOUserService/IOUserService/IOPCIDevice/ApplePCIEHostBridge/IOPCIDevice/AppleT6031PCIe/AppleARMIODevice/AppleH15IO/IOPlatformDevice/AppleARMPE/IOPlatformExpertDevice/IORegistryEntry
interface	2026-10-03T03:48:57.260Z	965062.5197925001	download-idle	Instant(_value: 3040464.8041835 seconds)	0	2	12	0	26	12	virtual	awdl0#16#nil#15	8599552	8556544	0.0	0.0	Optional(true)	SIOCGIFFUNCTIONALTYPE=4
interface	2026-10-03T03:48:57.260Z	965062.5197925001	download-idle	Instant(_value: 3040464.8041835 seconds)	0	2	12	0	26	12	unknown	llw0#17#nil#16	0	0	0.0	0.0	nil	IORegistry provider unavailable; SC type=
interface	2026-10-03T03:48:57.260Z	965062.5197925001	download-idle	Instant(_value: 3040464.8041835 seconds)	0	2	12	0	26	12	tunnel	utun0#18#nil#17	0	0	0.0	0.0	nil	tunnel name; VPN service unconfirmed
interface	2026-10-03T03:48:57.260Z	965062.5197925001	download-idle	Instant(_value: 3040464.8041835 seconds)	0	2	12	0	26	12	tunnel	utun1#19#nil#18	0	8192	0.0	0.0	nil	tunnel name; VPN service unconfirmed
interface	2026-10-03T03:48:57.260Z	965062.5197925001	download-idle	Instant(_value: 3040464.8041835 seconds)	0	2	12	0	26	12	tunnel	utun2#20#nil#19	0	8192	0.0	0.0	nil	tunnel name; VPN service unconfirmed
interface	2026-10-03T03:48:57.260Z	965062.5197925001	download-idle	Instant(_value: 3040464.8041835 seconds)	0	2	12	0	26	12	tunnel	utun3#21#nil#20	0	8192	0.0	0.0	nil	tunnel name; VPN service unconfirmed
interface	2026-10-03T03:48:57.260Z	965062.5197925001	download-idle	Instant(_value: 3040464.8041835 seconds)	0	2	12	0	26	12	tunnel	utun4#24#nil#21	9216	4096	0.0	0.0	nil	tunnel name; VPN service unconfirmed
interface	2026-10-03T03:48:57.260Z	965062.5197925001	download-idle	Instant(_value: 3040464.8041835 seconds)	0	2	12	0	26	12	tunnel	utun5#25#nil#22	166912	143360	0.0	0.0	nil	tunnel name; VPN service unconfirmed
interface	2026-10-03T03:48:57.260Z	965062.5197925001	download-idle	Instant(_value: 3040464.8041835 seconds)	0	2	12	0	26	12	tunnel	utun6#26#nil#23	0	8192	0.0	0.0	nil	tunnel name; VPN service unconfirmed
interface	2026-10-03T03:48:57.260Z	965062.5197925001	download-idle	Instant(_value: 3040464.8041835 seconds)	0	2	12	0	26	12	tunnel	utun7#27#nil#24	0	8192	0.0	0.0	nil	tunnel name; VPN service unconfirmed
interface	2026-10-03T03:48:57.260Z	965062.5197925001	download-idle	Instant(_value: 3040464.8041835 seconds)	0	2	12	0	26	12	virtual	vmenet0#22#4295372070#25	5120	1833984	0.0	0.0	Optional(true)	virtual provider IOUserEthernetInterface/IOUserEthernetController/IOUserEthernetResourceUserClient/IOUserEthernetResource/IOResources/IOPlatformExpertDevice/IORegistryEntry
interface	2026-10-03T03:48:57.260Z	965062.5197925001	download-idle	Instant(_value: 3040464.8041835 seconds)	0	2	12	0	26	12	logical	bridge100#23#nil#26	0	3668992	0.0	0.0	Optional(true)	route link type=209
delivery	2026-10-03T03:48:57.260Z	965062.5197925001	download-idle	Instant(_value: 3040464.8041835 seconds)	0	2	12	0	26	12	delivered	networkActivity						sameReadAt=true
card	2026-10-03T03:48:57.260Z	965062.5197925001	download-idle	Optional(Swift.ContinuousClock.Instant(_value: 3040464.8041835 seconds))					26		partial("물리 대상의 식별·연결·속도 일부를 확인하지 못했습니다")	NetworkCard			317099.5693187542	2086.181377097067	true	Network 카드, 일부 수집 실패: 물리 대상의 식별·연결·속도 일부를 확인하지 못했습니다, 확인된 일부 합계 다운로드 309.7 KB/s, 업로드 2.0 KB/s, 일부 수집 실패: 대상 identity 또는 물리 정보 일부 미확인
sample	2026-10-03T03:48:58.351Z	965063.61082275	download-idle	Instant(_value: 3040466.8589385003 seconds)	0	2	14	0	26	14	partial("물리 대상의 식별·연결·속도 일부를 확인하지 못했습니다")	knownPhysical			362005.5609469203	28077.993646852545	false	representativeRX=-1.0;representativeTX=-1.0
interface	2026-10-03T03:48:58.351Z	965063.61082275	download-idle	Instant(_value: 3040466.8589385003 seconds)	0	2	14	0	26	14	tunnel	gif0#2#nil#1	0	0	0.0	0.0	nil	route tunnel link type=55
interface	2026-10-03T03:48:58.351Z	965063.61082275	download-idle	Instant(_value: 3040466.8589385003 seconds)	0	2	14	0	26	14	tunnel	stf0#3#nil#2	0	0	0.0	0.0	nil	route tunnel link type=57
interface	2026-10-03T03:48:58.351Z	965063.61082275	download-idle	Instant(_value: 3040466.8589385003 seconds)	0	2	14	0	26	14	virtual	anpi1#4#4294970237#3	0	0	0.0	0.0	Optional(false)	private auxiliary network interface AppleUSBDeviceNCMPrivateEthernetInterface/AppleUSBDeviceNCMData/IOUSBDeviceInterface/AppleT8122USBXDCI/AppleARMIODevice/AppleH15IO/IOPlatformDevice/AppleARMPE/IOPlatformExpertDevice/IORegistryEntry
interface	2026-10-03T03:48:58.351Z	965063.61082275	download-idle	Instant(_value: 3040466.8589385003 seconds)	0	2	14	0	26	14	virtual	anpi2#5#4294970293#4	0	0	0.0	0.0	Optional(false)	private auxiliary network interface AppleUSBDeviceNCMPrivateEthernetInterface/AppleUSBDeviceNCMData/IOUSBDeviceInterface/AppleT8122USBXDCI/AppleARMIODevice/AppleH15IO/IOPlatformDevice/AppleARMPE/IOPlatformExpertDevice/IORegistryEntry
interface	2026-10-03T03:48:58.351Z	965063.61082275	download-idle	Instant(_value: 3040466.8589385003 seconds)	0	2	14	0	26	14	virtual	anpi0#6#4294970305#5	0	0	0.0	0.0	Optional(false)	private auxiliary network interface AppleUSBDeviceNCMPrivateEthernetInterface/AppleUSBDeviceNCMData/IOUSBDeviceInterface/AppleT8122USBXDCI/AppleARMIODevice/AppleH15IO/IOPlatformDevice/AppleARMPE/IOPlatformExpertDevice/IORegistryEntry
interface	2026-10-03T03:48:58.351Z	965063.61082275	download-idle	Instant(_value: 3040466.8589385003 seconds)	0	2	14	0	26	14	physicalEthernet	en4#7#4294970257#6	0	0	0.0	0.0	Optional(false)	SC Ethernet; hardware provider IOEthernetInterface/AppleUSBDeviceNCMData/IOUSBDeviceInterface/AppleT8122USBXDCI/AppleARMIODevice/AppleH15IO/IOPlatformDevice/AppleARMPE/IOPlatformExpertDevice/IORegistryEntry
interface	2026-10-03T03:48:58.351Z	965063.61082275	download-idle	Instant(_value: 3040466.8589385003 seconds)	0	2	14	0	26	14	physicalEthernet	en5#8#4294970175#7	0	0	0.0	0.0	Optional(false)	SC Ethernet; hardware provider IOEthernetInterface/AppleUSBDeviceNCMData/IOUSBDeviceInterface/AppleT8122USBXDCI/AppleARMIODevice/AppleH15IO/IOPlatformDevice/AppleARMPE/IOPlatformExpertDevice/IORegistryEntry
interface	2026-10-03T03:48:58.351Z	965063.61082275	download-idle	Instant(_value: 3040466.8589385003 seconds)	0	2	14	0	26	14	physicalEthernet	en6#9#4294970236#8	0	0	0.0	0.0	Optional(false)	SC Ethernet; hardware provider IOEthernetInterface/AppleUSBDeviceNCMData/IOUSBDeviceInterface/AppleT8122USBXDCI/AppleARMIODevice/AppleH15IO/IOPlatformDevice/AppleARMPE/IOPlatformExpertDevice/IORegistryEntry
interface	2026-10-03T03:48:58.351Z	965063.61082275	download-idle	Instant(_value: 3040466.8589385003 seconds)	0	2	14	0	26	14	physicalEthernet	en1#10#4294970312#9	0	0	0.0	0.0	Optional(false)	SC Ethernet; hardware provider IOEthernetInterface/AppleThunderboltIPPort/AppleThunderboltIPService/IOThunderboltLocalNode/IOThunderboltControllerType5/AppleThunderboltNHIType5/AppleThunderboltHALType5/AppleARMIODevice/AppleH15IO/IOPlatformDevice/AppleARMPE/IOPlatformExpertDevice/IORegistryEntry
interface	2026-10-03T03:48:58.351Z	965063.61082275	download-idle	Instant(_value: 3040466.8589385003 seconds)	0	2	14	0	26	14	physicalEthernet	en2#11#4294970264#10	0	0	0.0	0.0	Optional(false)	SC Ethernet; hardware provider IOEthernetInterface/AppleThunderboltIPPort/AppleThunderboltIPService/IOThunderboltLocalNode/IOThunderboltControllerType5/AppleThunderboltNHIType5/AppleThunderboltHALType5/AppleARMIODevice/AppleH15IO/IOPlatformDevice/AppleARMPE/IOPlatformExpertDevice/IORegistryEntry
interface	2026-10-03T03:48:58.351Z	965063.61082275	download-idle	Instant(_value: 3040466.8589385003 seconds)	0	2	14	0	26	14	physicalEthernet	en3#12#4294970379#11	0	0	0.0	0.0	Optional(false)	SC Ethernet; hardware provider IOEthernetInterface/AppleThunderboltIPPort/AppleThunderboltIPService/IOThunderboltLocalNode/IOThunderboltControllerType5/AppleThunderboltNHIType5/AppleThunderboltHALType5/AppleARMIODevice/AppleH15IO/IOPlatformDevice/AppleARMPE/IOPlatformExpertDevice/IORegistryEntry
interface	2026-10-03T03:48:58.351Z	965063.61082275	download-idle	Instant(_value: 3040466.8589385003 seconds)	0	2	14	0	26	14	logical	bridge0#15#nil#12	0	0	0.0	0.0	Optional(false)	route link type=209
interface	2026-10-03T03:48:58.351Z	965063.61082275	download-idle	Instant(_value: 3040466.8589385003 seconds)	0	2	14	0	26	14	unknown	ap1#13#nil#13	0	0	0.0	0.0	nil	IORegistry provider unavailable; SC type=
interface	2026-10-03T03:48:58.351Z	965063.61082275	download-idle	Instant(_value: 3040466.8589385003 seconds)	0	2	14	0	26	14	physicalWiFi	en0#14#4294971925#14	3118776320	1999233024	362005.5609469203	28077.993646852545	Optional(true)	SC Wi-Fi; hardware provider IOSkywalkLegacyEthernetInterface/IO80211Controller/IOUserNetworkWLAN/IOUserService/IOUserService/IOPCIDevice/ApplePCIEHostBridge/IOPCIDevice/AppleT6031PCIe/AppleARMIODevice/AppleH15IO/IOPlatformDevice/AppleARMPE/IOPlatformExpertDevice/IORegistryEntry
interface	2026-10-03T03:48:58.351Z	965063.61082275	download-idle	Instant(_value: 3040466.8589385003 seconds)	0	2	14	0	26	14	virtual	awdl0#16#nil#15	8599552	8556544	0.0	0.0	Optional(true)	SIOCGIFFUNCTIONALTYPE=4
interface	2026-10-03T03:48:58.351Z	965063.61082275	download-idle	Instant(_value: 3040466.8589385003 seconds)	0	2	14	0	26	14	unknown	llw0#17#nil#16	0	0	0.0	0.0	nil	IORegistry provider unavailable; SC type=
interface	2026-10-03T03:48:58.351Z	965063.61082275	download-idle	Instant(_value: 3040466.8589385003 seconds)	0	2	14	0	26	14	tunnel	utun0#18#nil#17	0	0	0.0	0.0	nil	tunnel name; VPN service unconfirmed
interface	2026-10-03T03:48:58.351Z	965063.61082275	download-idle	Instant(_value: 3040466.8589385003 seconds)	0	2	14	0	26	14	tunnel	utun1#19#nil#18	0	8192	0.0	0.0	nil	tunnel name; VPN service unconfirmed
interface	2026-10-03T03:48:58.351Z	965063.61082275	download-idle	Instant(_value: 3040466.8589385003 seconds)	0	2	14	0	26	14	tunnel	utun2#20#nil#19	0	8192	0.0	0.0	nil	tunnel name; VPN service unconfirmed
interface	2026-10-03T03:48:58.351Z	965063.61082275	download-idle	Instant(_value: 3040466.8589385003 seconds)	0	2	14	0	26	14	tunnel	utun3#21#nil#20	0	8192	0.0	0.0	nil	tunnel name; VPN service unconfirmed
interface	2026-10-03T03:48:58.351Z	965063.61082275	download-idle	Instant(_value: 3040466.8589385003 seconds)	0	2	14	0	26	14	tunnel	utun4#24#nil#21	9216	4096	0.0	0.0	nil	tunnel name; VPN service unconfirmed
interface	2026-10-03T03:48:58.351Z	965063.61082275	download-idle	Instant(_value: 3040466.8589385003 seconds)	0	2	14	0	26	14	tunnel	utun5#25#nil#22	166912	143360	0.0	0.0	nil	tunnel name; VPN service unconfirmed
interface	2026-10-03T03:48:58.351Z	965063.61082275	download-idle	Instant(_value: 3040466.8589385003 seconds)	0	2	14	0	26	14	tunnel	utun6#26#nil#23	0	8192	0.0	0.0	nil	tunnel name; VPN service unconfirmed
interface	2026-10-03T03:48:58.351Z	965063.61082275	download-idle	Instant(_value: 3040466.8589385003 seconds)	0	2	14	0	26	14	tunnel	utun7#27#nil#24	0	8192	0.0	0.0	nil	tunnel name; VPN service unconfirmed
interface	2026-10-03T03:48:58.351Z	965063.61082275	download-idle	Instant(_value: 3040466.8589385003 seconds)	0	2	14	0	26	14	virtual	vmenet0#22#4295372070#25	5120	1833984	0.0	0.0	Optional(true)	virtual provider IOUserEthernetInterface/IOUserEthernetController/IOUserEthernetResourceUserClient/IOUserEthernetResource/IOResources/IOPlatformExpertDevice/IORegistryEntry
interface	2026-10-03T03:48:58.351Z	965063.61082275	download-idle	Instant(_value: 3040466.8589385003 seconds)	0	2	14	0	26	14	logical	bridge100#23#nil#26	0	3668992	0.0	0.0	Optional(true)	route link type=209
delivery	2026-10-03T03:48:58.351Z	965063.61082275	download-idle	Instant(_value: 3040466.8589385003 seconds)	0	2	14	0	26	14	delivered	networkActivity						sameReadAt=true
card	2026-10-03T03:48:58.351Z	965063.61082275	download-idle	Optional(Swift.ContinuousClock.Instant(_value: 3040466.8589385003 seconds))					26		partial("물리 대상의 식별·연결·속도 일부를 확인하지 못했습니다")	NetworkCard			362005.5609469203	28077.993646852545	true	Network 카드, 일부 수집 실패: 물리 대상의 식별·연결·속도 일부를 확인하지 못했습니다, 확인된 일부 합계 다운로드 353.5 KB/s, 업로드 27.4 KB/s, 일부 수집 실패: 대상 identity 또는 물리 정보 일부 미확인
sample	2026-10-03T03:48:59.454Z	965064.7133220001	download-idle	Instant(_value: 3040467.83006475 seconds)	0	2	15	0	26	15	partial("물리 대상의 식별·연결·속도 일부를 확인하지 못했습니다")	knownPhysical			310007.0665374353	1054.4458045490996	false	representativeRX=-1.0;representativeTX=-1.0
interface	2026-10-03T03:48:59.454Z	965064.7133220001	download-idle	Instant(_value: 3040467.83006475 seconds)	0	2	15	0	26	15	tunnel	gif0#2#nil#1	0	0	0.0	0.0	nil	route tunnel link type=55
interface	2026-10-03T03:48:59.454Z	965064.7133220001	download-idle	Instant(_value: 3040467.83006475 seconds)	0	2	15	0	26	15	tunnel	stf0#3#nil#2	0	0	0.0	0.0	nil	route tunnel link type=57
interface	2026-10-03T03:48:59.454Z	965064.7133220001	download-idle	Instant(_value: 3040467.83006475 seconds)	0	2	15	0	26	15	virtual	anpi1#4#4294970237#3	0	0	0.0	0.0	Optional(false)	private auxiliary network interface AppleUSBDeviceNCMPrivateEthernetInterface/AppleUSBDeviceNCMData/IOUSBDeviceInterface/AppleT8122USBXDCI/AppleARMIODevice/AppleH15IO/IOPlatformDevice/AppleARMPE/IOPlatformExpertDevice/IORegistryEntry
interface	2026-10-03T03:48:59.454Z	965064.7133220001	download-idle	Instant(_value: 3040467.83006475 seconds)	0	2	15	0	26	15	virtual	anpi2#5#4294970293#4	0	0	0.0	0.0	Optional(false)	private auxiliary network interface AppleUSBDeviceNCMPrivateEthernetInterface/AppleUSBDeviceNCMData/IOUSBDeviceInterface/AppleT8122USBXDCI/AppleARMIODevice/AppleH15IO/IOPlatformDevice/AppleARMPE/IOPlatformExpertDevice/IORegistryEntry
interface	2026-10-03T03:48:59.454Z	965064.7133220001	download-idle	Instant(_value: 3040467.83006475 seconds)	0	2	15	0	26	15	virtual	anpi0#6#4294970305#5	0	0	0.0	0.0	Optional(false)	private auxiliary network interface AppleUSBDeviceNCMPrivateEthernetInterface/AppleUSBDeviceNCMData/IOUSBDeviceInterface/AppleT8122USBXDCI/AppleARMIODevice/AppleH15IO/IOPlatformDevice/AppleARMPE/IOPlatformExpertDevice/IORegistryEntry
interface	2026-10-03T03:48:59.454Z	965064.7133220001	download-idle	Instant(_value: 3040467.83006475 seconds)	0	2	15	0	26	15	physicalEthernet	en4#7#4294970257#6	0	0	0.0	0.0	Optional(false)	SC Ethernet; hardware provider IOEthernetInterface/AppleUSBDeviceNCMData/IOUSBDeviceInterface/AppleT8122USBXDCI/AppleARMIODevice/AppleH15IO/IOPlatformDevice/AppleARMPE/IOPlatformExpertDevice/IORegistryEntry
interface	2026-10-03T03:48:59.454Z	965064.7133220001	download-idle	Instant(_value: 3040467.83006475 seconds)	0	2	15	0	26	15	physicalEthernet	en5#8#4294970175#7	0	0	0.0	0.0	Optional(false)	SC Ethernet; hardware provider IOEthernetInterface/AppleUSBDeviceNCMData/IOUSBDeviceInterface/AppleT8122USBXDCI/AppleARMIODevice/AppleH15IO/IOPlatformDevice/AppleARMPE/IOPlatformExpertDevice/IORegistryEntry
interface	2026-10-03T03:48:59.454Z	965064.7133220001	download-idle	Instant(_value: 3040467.83006475 seconds)	0	2	15	0	26	15	physicalEthernet	en6#9#4294970236#8	0	0	0.0	0.0	Optional(false)	SC Ethernet; hardware provider IOEthernetInterface/AppleUSBDeviceNCMData/IOUSBDeviceInterface/AppleT8122USBXDCI/AppleARMIODevice/AppleH15IO/IOPlatformDevice/AppleARMPE/IOPlatformExpertDevice/IORegistryEntry
interface	2026-10-03T03:48:59.454Z	965064.7133220001	download-idle	Instant(_value: 3040467.83006475 seconds)	0	2	15	0	26	15	physicalEthernet	en1#10#4294970312#9	0	0	0.0	0.0	Optional(false)	SC Ethernet; hardware provider IOEthernetInterface/AppleThunderboltIPPort/AppleThunderboltIPService/IOThunderboltLocalNode/IOThunderboltControllerType5/AppleThunderboltNHIType5/AppleThunderboltHALType5/AppleARMIODevice/AppleH15IO/IOPlatformDevice/AppleARMPE/IOPlatformExpertDevice/IORegistryEntry
interface	2026-10-03T03:48:59.454Z	965064.7133220001	download-idle	Instant(_value: 3040467.83006475 seconds)	0	2	15	0	26	15	physicalEthernet	en2#11#4294970264#10	0	0	0.0	0.0	Optional(false)	SC Ethernet; hardware provider IOEthernetInterface/AppleThunderboltIPPort/AppleThunderboltIPService/IOThunderboltLocalNode/IOThunderboltControllerType5/AppleThunderboltNHIType5/AppleThunderboltHALType5/AppleARMIODevice/AppleH15IO/IOPlatformDevice/AppleARMPE/IOPlatformExpertDevice/IORegistryEntry
interface	2026-10-03T03:48:59.454Z	965064.7133220001	download-idle	Instant(_value: 3040467.83006475 seconds)	0	2	15	0	26	15	physicalEthernet	en3#12#4294970379#11	0	0	0.0	0.0	Optional(false)	SC Ethernet; hardware provider IOEthernetInterface/AppleThunderboltIPPort/AppleThunderboltIPService/IOThunderboltLocalNode/IOThunderboltControllerType5/AppleThunderboltNHIType5/AppleThunderboltHALType5/AppleARMIODevice/AppleH15IO/IOPlatformDevice/AppleARMPE/IOPlatformExpertDevice/IORegistryEntry
interface	2026-10-03T03:48:59.454Z	965064.7133220001	download-idle	Instant(_value: 3040467.83006475 seconds)	0	2	15	0	26	15	logical	bridge0#15#nil#12	0	0	0.0	0.0	Optional(false)	route link type=209
interface	2026-10-03T03:48:59.454Z	965064.7133220001	download-idle	Instant(_value: 3040467.83006475 seconds)	0	2	15	0	26	15	unknown	ap1#13#nil#13	0	0	0.0	0.0	nil	IORegistry provider unavailable; SC type=
interface	2026-10-03T03:48:59.454Z	965064.7133220001	download-idle	Instant(_value: 3040467.83006475 seconds)	0	2	15	0	26	15	physicalWiFi	en0#14#4294971925#14	3119077376	1999234048	310007.0665374353	1054.4458045490996	Optional(true)	SC Wi-Fi; hardware provider IOSkywalkLegacyEthernetInterface/IO80211Controller/IOUserNetworkWLAN/IOUserService/IOUserService/IOPCIDevice/ApplePCIEHostBridge/IOPCIDevice/AppleT6031PCIe/AppleARMIODevice/AppleH15IO/IOPlatformDevice/AppleARMPE/IOPlatformExpertDevice/IORegistryEntry
interface	2026-10-03T03:48:59.454Z	965064.7133220001	download-idle	Instant(_value: 3040467.83006475 seconds)	0	2	15	0	26	15	virtual	awdl0#16#nil#15	8599552	8556544	0.0	0.0	Optional(true)	SIOCGIFFUNCTIONALTYPE=4
interface	2026-10-03T03:48:59.454Z	965064.7133220001	download-idle	Instant(_value: 3040467.83006475 seconds)	0	2	15	0	26	15	unknown	llw0#17#nil#16	0	0	0.0	0.0	nil	IORegistry provider unavailable; SC type=
interface	2026-10-03T03:48:59.454Z	965064.7133220001	download-idle	Instant(_value: 3040467.83006475 seconds)	0	2	15	0	26	15	tunnel	utun0#18#nil#17	0	0	0.0	0.0	nil	tunnel name; VPN service unconfirmed
interface	2026-10-03T03:48:59.454Z	965064.7133220001	download-idle	Instant(_value: 3040467.83006475 seconds)	0	2	15	0	26	15	tunnel	utun1#19#nil#18	0	8192	0.0	0.0	nil	tunnel name; VPN service unconfirmed
interface	2026-10-03T03:48:59.454Z	965064.7133220001	download-idle	Instant(_value: 3040467.83006475 seconds)	0	2	15	0	26	15	tunnel	utun2#20#nil#19	0	8192	0.0	0.0	nil	tunnel name; VPN service unconfirmed
interface	2026-10-03T03:48:59.454Z	965064.7133220001	download-idle	Instant(_value: 3040467.83006475 seconds)	0	2	15	0	26	15	tunnel	utun3#21#nil#20	0	8192	0.0	0.0	nil	tunnel name; VPN service unconfirmed
interface	2026-10-03T03:48:59.454Z	965064.7133220001	download-idle	Instant(_value: 3040467.83006475 seconds)	0	2	15	0	26	15	tunnel	utun4#24#nil#21	9216	4096	0.0	0.0	nil	tunnel name; VPN service unconfirmed
interface	2026-10-03T03:48:59.454Z	965064.7133220001	download-idle	Instant(_value: 3040467.83006475 seconds)	0	2	15	0	26	15	tunnel	utun5#25#nil#22	166912	143360	0.0	0.0	nil	tunnel name; VPN service unconfirmed
interface	2026-10-03T03:48:59.454Z	965064.7133220001	download-idle	Instant(_value: 3040467.83006475 seconds)	0	2	15	0	26	15	tunnel	utun6#26#nil#23	0	8192	0.0	0.0	nil	tunnel name; VPN service unconfirmed
interface	2026-10-03T03:48:59.454Z	965064.7133220001	download-idle	Instant(_value: 3040467.83006475 seconds)	0	2	15	0	26	15	tunnel	utun7#27#nil#24	0	8192	0.0	0.0	nil	tunnel name; VPN service unconfirmed
interface	2026-10-03T03:48:59.454Z	965064.7133220001	download-idle	Instant(_value: 3040467.83006475 seconds)	0	2	15	0	26	15	virtual	vmenet0#22#4295372070#25	5120	1833984	0.0	0.0	Optional(true)	virtual provider IOUserEthernetInterface/IOUserEthernetController/IOUserEthernetResourceUserClient/IOUserEthernetResource/IOResources/IOPlatformExpertDevice/IORegistryEntry
interface	2026-10-03T03:48:59.454Z	965064.7133220001	download-idle	Instant(_value: 3040467.83006475 seconds)	0	2	15	0	26	15	logical	bridge100#23#nil#26	0	3668992	0.0	0.0	Optional(true)	route link type=209
delivery	2026-10-03T03:48:59.454Z	965064.7133220001	download-idle	Instant(_value: 3040467.83006475 seconds)	0	2	15	0	26	15	delivered	networkActivity						sameReadAt=true
card	2026-10-03T03:48:59.454Z	965064.7133220001	download-idle	Optional(Swift.ContinuousClock.Instant(_value: 3040467.83006475 seconds))					26		partial("물리 대상의 식별·연결·속도 일부를 확인하지 못했습니다")	NetworkCard			310007.0665374353	1054.4458045490996	true	Network 카드, 일부 수집 실패: 물리 대상의 식별·연결·속도 일부를 확인하지 못했습니다, 확인된 일부 합계 다운로드 302.7 KB/s, 업로드 1.0 KB/s, 일부 수집 실패: 대상 identity 또는 물리 정보 일부 미확인
sample	2026-10-03T03:49:00.521Z	965065.7810633751	download-idle	Instant(_value: 3040468.828611 seconds)	0	2	16	0	26	16	partial("물리 대상의 식별·연결·속도 일부를 확인하지 못했습니다")	knownPhysical			316876.6594436662	4101.963229044223	false	representativeRX=-1.0;representativeTX=-1.0
interface	2026-10-03T03:49:00.521Z	965065.7810633751	download-idle	Instant(_value: 3040468.828611 seconds)	0	2	16	0	26	16	tunnel	gif0#2#nil#1	0	0	0.0	0.0	nil	route tunnel link type=55
interface	2026-10-03T03:49:00.521Z	965065.7810633751	download-idle	Instant(_value: 3040468.828611 seconds)	0	2	16	0	26	16	tunnel	stf0#3#nil#2	0	0	0.0	0.0	nil	route tunnel link type=57
interface	2026-10-03T03:49:00.521Z	965065.7810633751	download-idle	Instant(_value: 3040468.828611 seconds)	0	2	16	0	26	16	virtual	anpi1#4#4294970237#3	0	0	0.0	0.0	Optional(false)	private auxiliary network interface AppleUSBDeviceNCMPrivateEthernetInterface/AppleUSBDeviceNCMData/IOUSBDeviceInterface/AppleT8122USBXDCI/AppleARMIODevice/AppleH15IO/IOPlatformDevice/AppleARMPE/IOPlatformExpertDevice/IORegistryEntry
interface	2026-10-03T03:49:00.521Z	965065.7810633751	download-idle	Instant(_value: 3040468.828611 seconds)	0	2	16	0	26	16	virtual	anpi2#5#4294970293#4	0	0	0.0	0.0	Optional(false)	private auxiliary network interface AppleUSBDeviceNCMPrivateEthernetInterface/AppleUSBDeviceNCMData/IOUSBDeviceInterface/AppleT8122USBXDCI/AppleARMIODevice/AppleH15IO/IOPlatformDevice/AppleARMPE/IOPlatformExpertDevice/IORegistryEntry
interface	2026-10-03T03:49:00.521Z	965065.7810633751	download-idle	Instant(_value: 3040468.828611 seconds)	0	2	16	0	26	16	virtual	anpi0#6#4294970305#5	0	0	0.0	0.0	Optional(false)	private auxiliary network interface AppleUSBDeviceNCMPrivateEthernetInterface/AppleUSBDeviceNCMData/IOUSBDeviceInterface/AppleT8122USBXDCI/AppleARMIODevice/AppleH15IO/IOPlatformDevice/AppleARMPE/IOPlatformExpertDevice/IORegistryEntry
interface	2026-10-03T03:49:00.521Z	965065.7810633751	download-idle	Instant(_value: 3040468.828611 seconds)	0	2	16	0	26	16	physicalEthernet	en4#7#4294970257#6	0	0	0.0	0.0	Optional(false)	SC Ethernet; hardware provider IOEthernetInterface/AppleUSBDeviceNCMData/IOUSBDeviceInterface/AppleT8122USBXDCI/AppleARMIODevice/AppleH15IO/IOPlatformDevice/AppleARMPE/IOPlatformExpertDevice/IORegistryEntry
interface	2026-10-03T03:49:00.521Z	965065.7810633751	download-idle	Instant(_value: 3040468.828611 seconds)	0	2	16	0	26	16	physicalEthernet	en5#8#4294970175#7	0	0	0.0	0.0	Optional(false)	SC Ethernet; hardware provider IOEthernetInterface/AppleUSBDeviceNCMData/IOUSBDeviceInterface/AppleT8122USBXDCI/AppleARMIODevice/AppleH15IO/IOPlatformDevice/AppleARMPE/IOPlatformExpertDevice/IORegistryEntry
interface	2026-10-03T03:49:00.521Z	965065.7810633751	download-idle	Instant(_value: 3040468.828611 seconds)	0	2	16	0	26	16	physicalEthernet	en6#9#4294970236#8	0	0	0.0	0.0	Optional(false)	SC Ethernet; hardware provider IOEthernetInterface/AppleUSBDeviceNCMData/IOUSBDeviceInterface/AppleT8122USBXDCI/AppleARMIODevice/AppleH15IO/IOPlatformDevice/AppleARMPE/IOPlatformExpertDevice/IORegistryEntry
interface	2026-10-03T03:49:00.521Z	965065.7810633751	download-idle	Instant(_value: 3040468.828611 seconds)	0	2	16	0	26	16	physicalEthernet	en1#10#4294970312#9	0	0	0.0	0.0	Optional(false)	SC Ethernet; hardware provider IOEthernetInterface/AppleThunderboltIPPort/AppleThunderboltIPService/IOThunderboltLocalNode/IOThunderboltControllerType5/AppleThunderboltNHIType5/AppleThunderboltHALType5/AppleARMIODevice/AppleH15IO/IOPlatformDevice/AppleARMPE/IOPlatformExpertDevice/IORegistryEntry
interface	2026-10-03T03:49:00.521Z	965065.7810633751	download-idle	Instant(_value: 3040468.828611 seconds)	0	2	16	0	26	16	physicalEthernet	en2#11#4294970264#10	0	0	0.0	0.0	Optional(false)	SC Ethernet; hardware provider IOEthernetInterface/AppleThunderboltIPPort/AppleThunderboltIPService/IOThunderboltLocalNode/IOThunderboltControllerType5/AppleThunderboltNHIType5/AppleThunderboltHALType5/AppleARMIODevice/AppleH15IO/IOPlatformDevice/AppleARMPE/IOPlatformExpertDevice/IORegistryEntry
interface	2026-10-03T03:49:00.521Z	965065.7810633751	download-idle	Instant(_value: 3040468.828611 seconds)	0	2	16	0	26	16	physicalEthernet	en3#12#4294970379#11	0	0	0.0	0.0	Optional(false)	SC Ethernet; hardware provider IOEthernetInterface/AppleThunderboltIPPort/AppleThunderboltIPService/IOThunderboltLocalNode/IOThunderboltControllerType5/AppleThunderboltNHIType5/AppleThunderboltHALType5/AppleARMIODevice/AppleH15IO/IOPlatformDevice/AppleARMPE/IOPlatformExpertDevice/IORegistryEntry
interface	2026-10-03T03:49:00.521Z	965065.7810633751	download-idle	Instant(_value: 3040468.828611 seconds)	0	2	16	0	26	16	logical	bridge0#15#nil#12	0	0	0.0	0.0	Optional(false)	route link type=209
interface	2026-10-03T03:49:00.521Z	965065.7810633751	download-idle	Instant(_value: 3040468.828611 seconds)	0	2	16	0	26	16	unknown	ap1#13#nil#13	0	0	0.0	0.0	nil	IORegistry provider unavailable; SC type=
interface	2026-10-03T03:49:00.521Z	965065.7810633751	download-idle	Instant(_value: 3040468.828611 seconds)	0	2	16	0	26	16	physicalWiFi	en0#14#4294971925#14	3119393792	1999238144	316876.6594436662	4101.963229044223	Optional(true)	SC Wi-Fi; hardware provider IOSkywalkLegacyEthernetInterface/IO80211Controller/IOUserNetworkWLAN/IOUserService/IOUserService/IOPCIDevice/ApplePCIEHostBridge/IOPCIDevice/AppleT6031PCIe/AppleARMIODevice/AppleH15IO/IOPlatformDevice/AppleARMPE/IOPlatformExpertDevice/IORegistryEntry
interface	2026-10-03T03:49:00.521Z	965065.7810633751	download-idle	Instant(_value: 3040468.828611 seconds)	0	2	16	0	26	16	virtual	awdl0#16#nil#15	8599552	8556544	0.0	0.0	Optional(true)	SIOCGIFFUNCTIONALTYPE=4
interface	2026-10-03T03:49:00.521Z	965065.7810633751	download-idle	Instant(_value: 3040468.828611 seconds)	0	2	16	0	26	16	unknown	llw0#17#nil#16	0	0	0.0	0.0	nil	IORegistry provider unavailable; SC type=
interface	2026-10-03T03:49:00.521Z	965065.7810633751	download-idle	Instant(_value: 3040468.828611 seconds)	0	2	16	0	26	16	tunnel	utun0#18#nil#17	0	0	0.0	0.0	nil	tunnel name; VPN service unconfirmed
interface	2026-10-03T03:49:00.521Z	965065.7810633751	download-idle	Instant(_value: 3040468.828611 seconds)	0	2	16	0	26	16	tunnel	utun1#19#nil#18	0	8192	0.0	0.0	nil	tunnel name; VPN service unconfirmed
interface	2026-10-03T03:49:00.521Z	965065.7810633751	download-idle	Instant(_value: 3040468.828611 seconds)	0	2	16	0	26	16	tunnel	utun2#20#nil#19	0	8192	0.0	0.0	nil	tunnel name; VPN service unconfirmed
interface	2026-10-03T03:49:00.521Z	965065.7810633751	download-idle	Instant(_value: 3040468.828611 seconds)	0	2	16	0	26	16	tunnel	utun3#21#nil#20	0	8192	0.0	0.0	nil	tunnel name; VPN service unconfirmed
interface	2026-10-03T03:49:00.521Z	965065.7810633751	download-idle	Instant(_value: 3040468.828611 seconds)	0	2	16	0	26	16	tunnel	utun4#24#nil#21	9216	4096	0.0	0.0	nil	tunnel name; VPN service unconfirmed
interface	2026-10-03T03:49:00.521Z	965065.7810633751	download-idle	Instant(_value: 3040468.828611 seconds)	0	2	16	0	26	16	tunnel	utun5#25#nil#22	166912	143360	0.0	0.0	nil	tunnel name; VPN service unconfirmed
interface	2026-10-03T03:49:00.521Z	965065.7810633751	download-idle	Instant(_value: 3040468.828611 seconds)	0	2	16	0	26	16	tunnel	utun6#26#nil#23	0	8192	0.0	0.0	nil	tunnel name; VPN service unconfirmed
interface	2026-10-03T03:49:00.521Z	965065.7810633751	download-idle	Instant(_value: 3040468.828611 seconds)	0	2	16	0	26	16	tunnel	utun7#27#nil#24	0	8192	0.0	0.0	nil	tunnel name; VPN service unconfirmed
interface	2026-10-03T03:49:00.521Z	965065.7810633751	download-idle	Instant(_value: 3040468.828611 seconds)	0	2	16	0	26	16	virtual	vmenet0#22#4295372070#25	5120	1833984	0.0	0.0	Optional(true)	virtual provider IOUserEthernetInterface/IOUserEthernetController/IOUserEthernetResourceUserClient/IOUserEthernetResource/IOResources/IOPlatformExpertDevice/IORegistryEntry
interface	2026-10-03T03:49:00.521Z	965065.7810633751	download-idle	Instant(_value: 3040468.828611 seconds)	0	2	16	0	26	16	logical	bridge100#23#nil#26	0	3668992	0.0	0.0	Optional(true)	route link type=209
delivery	2026-10-03T03:49:00.521Z	965065.7810633751	download-idle	Instant(_value: 3040468.828611 seconds)	0	2	16	0	26	16	delivered	networkActivity						sameReadAt=true
card	2026-10-03T03:49:00.521Z	965065.7810633751	download-idle	Optional(Swift.ContinuousClock.Instant(_value: 3040468.828611 seconds))					26		partial("물리 대상의 식별·연결·속도 일부를 확인하지 못했습니다")	NetworkCard			316876.6594436662	4101.963229044223	true	Network 카드, 일부 수집 실패: 물리 대상의 식별·연결·속도 일부를 확인하지 못했습니다, 확인된 일부 합계 다운로드 309.4 KB/s, 업로드 4.0 KB/s, 일부 수집 실패: 대상 identity 또는 물리 정보 일부 미확인
sample	2026-10-03T03:49:01.546Z	965066.8055821668	download-load	Instant(_value: 3040469.801668875 seconds)	0	2	17	0	26	17	partial("물리 대상의 식별·연결·속도 일부를 확인하지 못했습니다")	knownPhysical			325176.9582564655	4209.410462866867	false	representativeRX=-1.0;representativeTX=-1.0
interface	2026-10-03T03:49:01.546Z	965066.8055821668	download-load	Instant(_value: 3040469.801668875 seconds)	0	2	17	0	26	17	tunnel	gif0#2#nil#1	0	0	0.0	0.0	nil	route tunnel link type=55
interface	2026-10-03T03:49:01.546Z	965066.8055821668	download-load	Instant(_value: 3040469.801668875 seconds)	0	2	17	0	26	17	tunnel	stf0#3#nil#2	0	0	0.0	0.0	nil	route tunnel link type=57
interface	2026-10-03T03:49:01.546Z	965066.8055821668	download-load	Instant(_value: 3040469.801668875 seconds)	0	2	17	0	26	17	virtual	anpi1#4#4294970237#3	0	0	0.0	0.0	Optional(false)	private auxiliary network interface AppleUSBDeviceNCMPrivateEthernetInterface/AppleUSBDeviceNCMData/IOUSBDeviceInterface/AppleT8122USBXDCI/AppleARMIODevice/AppleH15IO/IOPlatformDevice/AppleARMPE/IOPlatformExpertDevice/IORegistryEntry
interface	2026-10-03T03:49:01.546Z	965066.8055821668	download-load	Instant(_value: 3040469.801668875 seconds)	0	2	17	0	26	17	virtual	anpi2#5#4294970293#4	0	0	0.0	0.0	Optional(false)	private auxiliary network interface AppleUSBDeviceNCMPrivateEthernetInterface/AppleUSBDeviceNCMData/IOUSBDeviceInterface/AppleT8122USBXDCI/AppleARMIODevice/AppleH15IO/IOPlatformDevice/AppleARMPE/IOPlatformExpertDevice/IORegistryEntry
interface	2026-10-03T03:49:01.546Z	965066.8055821668	download-load	Instant(_value: 3040469.801668875 seconds)	0	2	17	0	26	17	virtual	anpi0#6#4294970305#5	0	0	0.0	0.0	Optional(false)	private auxiliary network interface AppleUSBDeviceNCMPrivateEthernetInterface/AppleUSBDeviceNCMData/IOUSBDeviceInterface/AppleT8122USBXDCI/AppleARMIODevice/AppleH15IO/IOPlatformDevice/AppleARMPE/IOPlatformExpertDevice/IORegistryEntry
interface	2026-10-03T03:49:01.546Z	965066.8055821668	download-load	Instant(_value: 3040469.801668875 seconds)	0	2	17	0	26	17	physicalEthernet	en4#7#4294970257#6	0	0	0.0	0.0	Optional(false)	SC Ethernet; hardware provider IOEthernetInterface/AppleUSBDeviceNCMData/IOUSBDeviceInterface/AppleT8122USBXDCI/AppleARMIODevice/AppleH15IO/IOPlatformDevice/AppleARMPE/IOPlatformExpertDevice/IORegistryEntry
interface	2026-10-03T03:49:01.546Z	965066.8055821668	download-load	Instant(_value: 3040469.801668875 seconds)	0	2	17	0	26	17	physicalEthernet	en5#8#4294970175#7	0	0	0.0	0.0	Optional(false)	SC Ethernet; hardware provider IOEthernetInterface/AppleUSBDeviceNCMData/IOUSBDeviceInterface/AppleT8122USBXDCI/AppleARMIODevice/AppleH15IO/IOPlatformDevice/AppleARMPE/IOPlatformExpertDevice/IORegistryEntry
interface	2026-10-03T03:49:01.546Z	965066.8055821668	download-load	Instant(_value: 3040469.801668875 seconds)	0	2	17	0	26	17	physicalEthernet	en6#9#4294970236#8	0	0	0.0	0.0	Optional(false)	SC Ethernet; hardware provider IOEthernetInterface/AppleUSBDeviceNCMData/IOUSBDeviceInterface/AppleT8122USBXDCI/AppleARMIODevice/AppleH15IO/IOPlatformDevice/AppleARMPE/IOPlatformExpertDevice/IORegistryEntry
interface	2026-10-03T03:49:01.546Z	965066.8055821668	download-load	Instant(_value: 3040469.801668875 seconds)	0	2	17	0	26	17	physicalEthernet	en1#10#4294970312#9	0	0	0.0	0.0	Optional(false)	SC Ethernet; hardware provider IOEthernetInterface/AppleThunderboltIPPort/AppleThunderboltIPService/IOThunderboltLocalNode/IOThunderboltControllerType5/AppleThunderboltNHIType5/AppleThunderboltHALType5/AppleARMIODevice/AppleH15IO/IOPlatformDevice/AppleARMPE/IOPlatformExpertDevice/IORegistryEntry
interface	2026-10-03T03:49:01.546Z	965066.8055821668	download-load	Instant(_value: 3040469.801668875 seconds)	0	2	17	0	26	17	physicalEthernet	en2#11#4294970264#10	0	0	0.0	0.0	Optional(false)	SC Ethernet; hardware provider IOEthernetInterface/AppleThunderboltIPPort/AppleThunderboltIPService/IOThunderboltLocalNode/IOThunderboltControllerType5/AppleThunderboltNHIType5/AppleThunderboltHALType5/AppleARMIODevice/AppleH15IO/IOPlatformDevice/AppleARMPE/IOPlatformExpertDevice/IORegistryEntry
interface	2026-10-03T03:49:01.546Z	965066.8055821668	download-load	Instant(_value: 3040469.801668875 seconds)	0	2	17	0	26	17	physicalEthernet	en3#12#4294970379#11	0	0	0.0	0.0	Optional(false)	SC Ethernet; hardware provider IOEthernetInterface/AppleThunderboltIPPort/AppleThunderboltIPService/IOThunderboltLocalNode/IOThunderboltControllerType5/AppleThunderboltNHIType5/AppleThunderboltHALType5/AppleARMIODevice/AppleH15IO/IOPlatformDevice/AppleARMPE/IOPlatformExpertDevice/IORegistryEntry
interface	2026-10-03T03:49:01.546Z	965066.8055821668	download-load	Instant(_value: 3040469.801668875 seconds)	0	2	17	0	26	17	logical	bridge0#15#nil#12	0	0	0.0	0.0	Optional(false)	route link type=209
interface	2026-10-03T03:49:01.546Z	965066.8055821668	download-load	Instant(_value: 3040469.801668875 seconds)	0	2	17	0	26	17	unknown	ap1#13#nil#13	0	0	0.0	0.0	nil	IORegistry provider unavailable; SC type=
interface	2026-10-03T03:49:01.546Z	965066.8055821668	download-load	Instant(_value: 3040469.801668875 seconds)	0	2	17	0	26	17	physicalWiFi	en0#14#4294971925#14	3119710208	1999242240	325176.9582564655	4209.410462866867	Optional(true)	SC Wi-Fi; hardware provider IOSkywalkLegacyEthernetInterface/IO80211Controller/IOUserNetworkWLAN/IOUserService/IOUserService/IOPCIDevice/ApplePCIEHostBridge/IOPCIDevice/AppleT6031PCIe/AppleARMIODevice/AppleH15IO/IOPlatformDevice/AppleARMPE/IOPlatformExpertDevice/IORegistryEntry
interface	2026-10-03T03:49:01.546Z	965066.8055821668	download-load	Instant(_value: 3040469.801668875 seconds)	0	2	17	0	26	17	virtual	awdl0#16#nil#15	8599552	8556544	0.0	0.0	Optional(true)	SIOCGIFFUNCTIONALTYPE=4
interface	2026-10-03T03:49:01.546Z	965066.8055821668	download-load	Instant(_value: 3040469.801668875 seconds)	0	2	17	0	26	17	unknown	llw0#17#nil#16	0	0	0.0	0.0	nil	IORegistry provider unavailable; SC type=
interface	2026-10-03T03:49:01.546Z	965066.8055821668	download-load	Instant(_value: 3040469.801668875 seconds)	0	2	17	0	26	17	tunnel	utun0#18#nil#17	0	0	0.0	0.0	nil	tunnel name; VPN service unconfirmed
interface	2026-10-03T03:49:01.546Z	965066.8055821668	download-load	Instant(_value: 3040469.801668875 seconds)	0	2	17	0	26	17	tunnel	utun1#19#nil#18	0	8192	0.0	0.0	nil	tunnel name; VPN service unconfirmed
interface	2026-10-03T03:49:01.546Z	965066.8055821668	download-load	Instant(_value: 3040469.801668875 seconds)	0	2	17	0	26	17	tunnel	utun2#20#nil#19	0	8192	0.0	0.0	nil	tunnel name; VPN service unconfirmed
interface	2026-10-03T03:49:01.546Z	965066.8055821668	download-load	Instant(_value: 3040469.801668875 seconds)	0	2	17	0	26	17	tunnel	utun3#21#nil#20	0	8192	0.0	0.0	nil	tunnel name; VPN service unconfirmed
interface	2026-10-03T03:49:01.546Z	965066.8055821668	download-load	Instant(_value: 3040469.801668875 seconds)	0	2	17	0	26	17	tunnel	utun4#24#nil#21	9216	4096	0.0	0.0	nil	tunnel name; VPN service unconfirmed
interface	2026-10-03T03:49:01.546Z	965066.8055821668	download-load	Instant(_value: 3040469.801668875 seconds)	0	2	17	0	26	17	tunnel	utun5#25#nil#22	166912	143360	0.0	0.0	nil	tunnel name; VPN service unconfirmed
interface	2026-10-03T03:49:01.546Z	965066.8055821668	download-load	Instant(_value: 3040469.801668875 seconds)	0	2	17	0	26	17	tunnel	utun6#26#nil#23	0	8192	0.0	0.0	nil	tunnel name; VPN service unconfirmed
interface	2026-10-03T03:49:01.546Z	965066.8055821668	download-load	Instant(_value: 3040469.801668875 seconds)	0	2	17	0	26	17	tunnel	utun7#27#nil#24	0	8192	0.0	0.0	nil	tunnel name; VPN service unconfirmed
interface	2026-10-03T03:49:01.546Z	965066.8055821668	download-load	Instant(_value: 3040469.801668875 seconds)	0	2	17	0	26	17	virtual	vmenet0#22#4295372070#25	5120	1833984	0.0	0.0	Optional(true)	virtual provider IOUserEthernetInterface/IOUserEthernetController/IOUserEthernetResourceUserClient/IOUserEthernetResource/IOResources/IOPlatformExpertDevice/IORegistryEntry
interface	2026-10-03T03:49:01.546Z	965066.8055821668	download-load	Instant(_value: 3040469.801668875 seconds)	0	2	17	0	26	17	logical	bridge100#23#nil#26	0	3668992	0.0	0.0	Optional(true)	route link type=209
delivery	2026-10-03T03:49:01.546Z	965066.8055821668	download-load	Instant(_value: 3040469.801668875 seconds)	0	2	17	0	26	17	delivered	networkActivity						sameReadAt=true
card	2026-10-03T03:49:01.546Z	965066.8055821668	download-load	Optional(Swift.ContinuousClock.Instant(_value: 3040469.801668875 seconds))					26		partial("물리 대상의 식별·연결·속도 일부를 확인하지 못했습니다")	NetworkCard			325176.9582564655	4209.410462866867	true	Network 카드, 일부 수집 실패: 물리 대상의 식별·연결·속도 일부를 확인하지 못했습니다, 확인된 일부 합계 다운로드 317.6 KB/s, 업로드 4.1 KB/s, 일부 수집 실패: 대상 identity 또는 물리 정보 일부 미확인
sample	2026-10-03T03:49:02.562Z	965067.8214802501	download-load	Instant(_value: 3040470.80743375 seconds)	0	2	18	0	26	18	partial("물리 대상의 식별·연결·속도 일부를 확인하지 못했습니다")	knownPhysical			2516818.8539095684	8145.044834658797	false	representativeRX=-1.0;representativeTX=-1.0
interface	2026-10-03T03:49:02.562Z	965067.8214802501	download-load	Instant(_value: 3040470.80743375 seconds)	0	2	18	0	26	18	tunnel	gif0#2#nil#1	0	0	0.0	0.0	nil	route tunnel link type=55
interface	2026-10-03T03:49:02.562Z	965067.8214802501	download-load	Instant(_value: 3040470.80743375 seconds)	0	2	18	0	26	18	tunnel	stf0#3#nil#2	0	0	0.0	0.0	nil	route tunnel link type=57
interface	2026-10-03T03:49:02.562Z	965067.8214802501	download-load	Instant(_value: 3040470.80743375 seconds)	0	2	18	0	26	18	virtual	anpi1#4#4294970237#3	0	0	0.0	0.0	Optional(false)	private auxiliary network interface AppleUSBDeviceNCMPrivateEthernetInterface/AppleUSBDeviceNCMData/IOUSBDeviceInterface/AppleT8122USBXDCI/AppleARMIODevice/AppleH15IO/IOPlatformDevice/AppleARMPE/IOPlatformExpertDevice/IORegistryEntry
interface	2026-10-03T03:49:02.562Z	965067.8214802501	download-load	Instant(_value: 3040470.80743375 seconds)	0	2	18	0	26	18	virtual	anpi2#5#4294970293#4	0	0	0.0	0.0	Optional(false)	private auxiliary network interface AppleUSBDeviceNCMPrivateEthernetInterface/AppleUSBDeviceNCMData/IOUSBDeviceInterface/AppleT8122USBXDCI/AppleARMIODevice/AppleH15IO/IOPlatformDevice/AppleARMPE/IOPlatformExpertDevice/IORegistryEntry
interface	2026-10-03T03:49:02.562Z	965067.8214802501	download-load	Instant(_value: 3040470.80743375 seconds)	0	2	18	0	26	18	virtual	anpi0#6#4294970305#5	0	0	0.0	0.0	Optional(false)	private auxiliary network interface AppleUSBDeviceNCMPrivateEthernetInterface/AppleUSBDeviceNCMData/IOUSBDeviceInterface/AppleT8122USBXDCI/AppleARMIODevice/AppleH15IO/IOPlatformDevice/AppleARMPE/IOPlatformExpertDevice/IORegistryEntry
interface	2026-10-03T03:49:02.562Z	965067.8214802501	download-load	Instant(_value: 3040470.80743375 seconds)	0	2	18	0	26	18	physicalEthernet	en4#7#4294970257#6	0	0	0.0	0.0	Optional(false)	SC Ethernet; hardware provider IOEthernetInterface/AppleUSBDeviceNCMData/IOUSBDeviceInterface/AppleT8122USBXDCI/AppleARMIODevice/AppleH15IO/IOPlatformDevice/AppleARMPE/IOPlatformExpertDevice/IORegistryEntry
interface	2026-10-03T03:49:02.562Z	965067.8214802501	download-load	Instant(_value: 3040470.80743375 seconds)	0	2	18	0	26	18	physicalEthernet	en5#8#4294970175#7	0	0	0.0	0.0	Optional(false)	SC Ethernet; hardware provider IOEthernetInterface/AppleUSBDeviceNCMData/IOUSBDeviceInterface/AppleT8122USBXDCI/AppleARMIODevice/AppleH15IO/IOPlatformDevice/AppleARMPE/IOPlatformExpertDevice/IORegistryEntry
interface	2026-10-03T03:49:02.562Z	965067.8214802501	download-load	Instant(_value: 3040470.80743375 seconds)	0	2	18	0	26	18	physicalEthernet	en6#9#4294970236#8	0	0	0.0	0.0	Optional(false)	SC Ethernet; hardware provider IOEthernetInterface/AppleUSBDeviceNCMData/IOUSBDeviceInterface/AppleT8122USBXDCI/AppleARMIODevice/AppleH15IO/IOPlatformDevice/AppleARMPE/IOPlatformExpertDevice/IORegistryEntry
interface	2026-10-03T03:49:02.562Z	965067.8214802501	download-load	Instant(_value: 3040470.80743375 seconds)	0	2	18	0	26	18	physicalEthernet	en1#10#4294970312#9	0	0	0.0	0.0	Optional(false)	SC Ethernet; hardware provider IOEthernetInterface/AppleThunderboltIPPort/AppleThunderboltIPService/IOThunderboltLocalNode/IOThunderboltControllerType5/AppleThunderboltNHIType5/AppleThunderboltHALType5/AppleARMIODevice/AppleH15IO/IOPlatformDevice/AppleARMPE/IOPlatformExpertDevice/IORegistryEntry
interface	2026-10-03T03:49:02.562Z	965067.8214802501	download-load	Instant(_value: 3040470.80743375 seconds)	0	2	18	0	26	18	physicalEthernet	en2#11#4294970264#10	0	0	0.0	0.0	Optional(false)	SC Ethernet; hardware provider IOEthernetInterface/AppleThunderboltIPPort/AppleThunderboltIPService/IOThunderboltLocalNode/IOThunderboltControllerType5/AppleThunderboltNHIType5/AppleThunderboltHALType5/AppleARMIODevice/AppleH15IO/IOPlatformDevice/AppleARMPE/IOPlatformExpertDevice/IORegistryEntry
interface	2026-10-03T03:49:02.562Z	965067.8214802501	download-load	Instant(_value: 3040470.80743375 seconds)	0	2	18	0	26	18	physicalEthernet	en3#12#4294970379#11	0	0	0.0	0.0	Optional(false)	SC Ethernet; hardware provider IOEthernetInterface/AppleThunderboltIPPort/AppleThunderboltIPService/IOThunderboltLocalNode/IOThunderboltControllerType5/AppleThunderboltNHIType5/AppleThunderboltHALType5/AppleARMIODevice/AppleH15IO/IOPlatformDevice/AppleARMPE/IOPlatformExpertDevice/IORegistryEntry
interface	2026-10-03T03:49:02.562Z	965067.8214802501	download-load	Instant(_value: 3040470.80743375 seconds)	0	2	18	0	26	18	logical	bridge0#15#nil#12	0	0	0.0	0.0	Optional(false)	route link type=209
interface	2026-10-03T03:49:02.562Z	965067.8214802501	download-load	Instant(_value: 3040470.80743375 seconds)	0	2	18	0	26	18	unknown	ap1#13#nil#13	0	0	0.0	0.0	nil	IORegistry provider unavailable; SC type=
interface	2026-10-03T03:49:02.562Z	965067.8214802501	download-load	Instant(_value: 3040470.80743375 seconds)	0	2	18	0	26	18	physicalWiFi	en0#14#4294971925#14	3122241536	1999250432	2516818.8539095684	8145.044834658797	Optional(true)	SC Wi-Fi; hardware provider IOSkywalkLegacyEthernetInterface/IO80211Controller/IOUserNetworkWLAN/IOUserService/IOUserService/IOPCIDevice/ApplePCIEHostBridge/IOPCIDevice/AppleT6031PCIe/AppleARMIODevice/AppleH15IO/IOPlatformDevice/AppleARMPE/IOPlatformExpertDevice/IORegistryEntry
interface	2026-10-03T03:49:02.562Z	965067.8214802501	download-load	Instant(_value: 3040470.80743375 seconds)	0	2	18	0	26	18	virtual	awdl0#16#nil#15	8599552	8556544	0.0	0.0	Optional(true)	SIOCGIFFUNCTIONALTYPE=4
interface	2026-10-03T03:49:02.562Z	965067.8214802501	download-load	Instant(_value: 3040470.80743375 seconds)	0	2	18	0	26	18	unknown	llw0#17#nil#16	0	0	0.0	0.0	nil	IORegistry provider unavailable; SC type=
interface	2026-10-03T03:49:02.562Z	965067.8214802501	download-load	Instant(_value: 3040470.80743375 seconds)	0	2	18	0	26	18	tunnel	utun0#18#nil#17	0	0	0.0	0.0	nil	tunnel name; VPN service unconfirmed
interface	2026-10-03T03:49:02.562Z	965067.8214802501	download-load	Instant(_value: 3040470.80743375 seconds)	0	2	18	0	26	18	tunnel	utun1#19#nil#18	0	8192	0.0	0.0	nil	tunnel name; VPN service unconfirmed
interface	2026-10-03T03:49:02.562Z	965067.8214802501	download-load	Instant(_value: 3040470.80743375 seconds)	0	2	18	0	26	18	tunnel	utun2#20#nil#19	0	8192	0.0	0.0	nil	tunnel name; VPN service unconfirmed
interface	2026-10-03T03:49:02.562Z	965067.8214802501	download-load	Instant(_value: 3040470.80743375 seconds)	0	2	18	0	26	18	tunnel	utun3#21#nil#20	0	8192	0.0	0.0	nil	tunnel name; VPN service unconfirmed
interface	2026-10-03T03:49:02.562Z	965067.8214802501	download-load	Instant(_value: 3040470.80743375 seconds)	0	2	18	0	26	18	tunnel	utun4#24#nil#21	9216	4096	0.0	0.0	nil	tunnel name; VPN service unconfirmed
interface	2026-10-03T03:49:02.562Z	965067.8214802501	download-load	Instant(_value: 3040470.80743375 seconds)	0	2	18	0	26	18	tunnel	utun5#25#nil#22	166912	143360	0.0	0.0	nil	tunnel name; VPN service unconfirmed
interface	2026-10-03T03:49:02.562Z	965067.8214802501	download-load	Instant(_value: 3040470.80743375 seconds)	0	2	18	0	26	18	tunnel	utun6#26#nil#23	0	8192	0.0	0.0	nil	tunnel name; VPN service unconfirmed
interface	2026-10-03T03:49:02.562Z	965067.8214802501	download-load	Instant(_value: 3040470.80743375 seconds)	0	2	18	0	26	18	tunnel	utun7#27#nil#24	0	8192	0.0	0.0	nil	tunnel name; VPN service unconfirmed
interface	2026-10-03T03:49:02.562Z	965067.8214802501	download-load	Instant(_value: 3040470.80743375 seconds)	0	2	18	0	26	18	virtual	vmenet0#22#4295372070#25	5120	1833984	0.0	0.0	Optional(true)	virtual provider IOUserEthernetInterface/IOUserEthernetController/IOUserEthernetResourceUserClient/IOUserEthernetResource/IOResources/IOPlatformExpertDevice/IORegistryEntry
interface	2026-10-03T03:49:02.562Z	965067.8214802501	download-load	Instant(_value: 3040470.80743375 seconds)	0	2	18	0	26	18	logical	bridge100#23#nil#26	0	3668992	0.0	0.0	Optional(true)	route link type=209
delivery	2026-10-03T03:49:02.562Z	965067.8214802501	download-load	Instant(_value: 3040470.80743375 seconds)	0	2	18	0	26	18	delivered	networkActivity						sameReadAt=true
card	2026-10-03T03:49:02.562Z	965067.8214802501	download-load	Optional(Swift.ContinuousClock.Instant(_value: 3040470.80743375 seconds))					26		partial("물리 대상의 식별·연결·속도 일부를 확인하지 못했습니다")	NetworkCard			2516818.8539095684	8145.044834658797	true	Network 카드, 일부 수집 실패: 물리 대상의 식별·연결·속도 일부를 확인하지 못했습니다, 확인된 일부 합계 다운로드 2.4 MB/s, 업로드 8.0 KB/s, 일부 수집 실패: 대상 identity 또는 물리 정보 일부 미확인
sample	2026-10-03T03:49:03.630Z	965068.8893850833	download-load	Instant(_value: 3040471.845897 seconds)	0	2	19	0	26	19	partial("물리 대상의 식별·연결·속도 일부를 확인하지 못했습니다")	knownPhysical			2434612.8762861853	8874.652039925342	false	representativeRX=-1.0;representativeTX=-1.0
interface	2026-10-03T03:49:03.630Z	965068.8893850833	download-load	Instant(_value: 3040471.845897 seconds)	0	2	19	0	26	19	tunnel	gif0#2#nil#1	0	0	0.0	0.0	nil	route tunnel link type=55
interface	2026-10-03T03:49:03.630Z	965068.8893850833	download-load	Instant(_value: 3040471.845897 seconds)	0	2	19	0	26	19	tunnel	stf0#3#nil#2	0	0	0.0	0.0	nil	route tunnel link type=57
interface	2026-10-03T03:49:03.630Z	965068.8893850833	download-load	Instant(_value: 3040471.845897 seconds)	0	2	19	0	26	19	virtual	anpi1#4#4294970237#3	0	0	0.0	0.0	Optional(false)	private auxiliary network interface AppleUSBDeviceNCMPrivateEthernetInterface/AppleUSBDeviceNCMData/IOUSBDeviceInterface/AppleT8122USBXDCI/AppleARMIODevice/AppleH15IO/IOPlatformDevice/AppleARMPE/IOPlatformExpertDevice/IORegistryEntry
interface	2026-10-03T03:49:03.630Z	965068.8893850833	download-load	Instant(_value: 3040471.845897 seconds)	0	2	19	0	26	19	virtual	anpi2#5#4294970293#4	0	0	0.0	0.0	Optional(false)	private auxiliary network interface AppleUSBDeviceNCMPrivateEthernetInterface/AppleUSBDeviceNCMData/IOUSBDeviceInterface/AppleT8122USBXDCI/AppleARMIODevice/AppleH15IO/IOPlatformDevice/AppleARMPE/IOPlatformExpertDevice/IORegistryEntry
interface	2026-10-03T03:49:03.630Z	965068.8893850833	download-load	Instant(_value: 3040471.845897 seconds)	0	2	19	0	26	19	virtual	anpi0#6#4294970305#5	0	0	0.0	0.0	Optional(false)	private auxiliary network interface AppleUSBDeviceNCMPrivateEthernetInterface/AppleUSBDeviceNCMData/IOUSBDeviceInterface/AppleT8122USBXDCI/AppleARMIODevice/AppleH15IO/IOPlatformDevice/AppleARMPE/IOPlatformExpertDevice/IORegistryEntry
interface	2026-10-03T03:49:03.630Z	965068.8893850833	download-load	Instant(_value: 3040471.845897 seconds)	0	2	19	0	26	19	physicalEthernet	en4#7#4294970257#6	0	0	0.0	0.0	Optional(false)	SC Ethernet; hardware provider IOEthernetInterface/AppleUSBDeviceNCMData/IOUSBDeviceInterface/AppleT8122USBXDCI/AppleARMIODevice/AppleH15IO/IOPlatformDevice/AppleARMPE/IOPlatformExpertDevice/IORegistryEntry
interface	2026-10-03T03:49:03.630Z	965068.8893850833	download-load	Instant(_value: 3040471.845897 seconds)	0	2	19	0	26	19	physicalEthernet	en5#8#4294970175#7	0	0	0.0	0.0	Optional(false)	SC Ethernet; hardware provider IOEthernetInterface/AppleUSBDeviceNCMData/IOUSBDeviceInterface/AppleT8122USBXDCI/AppleARMIODevice/AppleH15IO/IOPlatformDevice/AppleARMPE/IOPlatformExpertDevice/IORegistryEntry
interface	2026-10-03T03:49:03.630Z	965068.8893850833	download-load	Instant(_value: 3040471.845897 seconds)	0	2	19	0	26	19	physicalEthernet	en6#9#4294970236#8	0	0	0.0	0.0	Optional(false)	SC Ethernet; hardware provider IOEthernetInterface/AppleUSBDeviceNCMData/IOUSBDeviceInterface/AppleT8122USBXDCI/AppleARMIODevice/AppleH15IO/IOPlatformDevice/AppleARMPE/IOPlatformExpertDevice/IORegistryEntry
interface	2026-10-03T03:49:03.630Z	965068.8893850833	download-load	Instant(_value: 3040471.845897 seconds)	0	2	19	0	26	19	physicalEthernet	en1#10#4294970312#9	0	0	0.0	0.0	Optional(false)	SC Ethernet; hardware provider IOEthernetInterface/AppleThunderboltIPPort/AppleThunderboltIPService/IOThunderboltLocalNode/IOThunderboltControllerType5/AppleThunderboltNHIType5/AppleThunderboltHALType5/AppleARMIODevice/AppleH15IO/IOPlatformDevice/AppleARMPE/IOPlatformExpertDevice/IORegistryEntry
interface	2026-10-03T03:49:03.630Z	965068.8893850833	download-load	Instant(_value: 3040471.845897 seconds)	0	2	19	0	26	19	physicalEthernet	en2#11#4294970264#10	0	0	0.0	0.0	Optional(false)	SC Ethernet; hardware provider IOEthernetInterface/AppleThunderboltIPPort/AppleThunderboltIPService/IOThunderboltLocalNode/IOThunderboltControllerType5/AppleThunderboltNHIType5/AppleThunderboltHALType5/AppleARMIODevice/AppleH15IO/IOPlatformDevice/AppleARMPE/IOPlatformExpertDevice/IORegistryEntry
interface	2026-10-03T03:49:03.630Z	965068.8893850833	download-load	Instant(_value: 3040471.845897 seconds)	0	2	19	0	26	19	physicalEthernet	en3#12#4294970379#11	0	0	0.0	0.0	Optional(false)	SC Ethernet; hardware provider IOEthernetInterface/AppleThunderboltIPPort/AppleThunderboltIPService/IOThunderboltLocalNode/IOThunderboltControllerType5/AppleThunderboltNHIType5/AppleThunderboltHALType5/AppleARMIODevice/AppleH15IO/IOPlatformDevice/AppleARMPE/IOPlatformExpertDevice/IORegistryEntry
interface	2026-10-03T03:49:03.630Z	965068.8893850833	download-load	Instant(_value: 3040471.845897 seconds)	0	2	19	0	26	19	logical	bridge0#15#nil#12	0	0	0.0	0.0	Optional(false)	route link type=209
interface	2026-10-03T03:49:03.630Z	965068.8893850833	download-load	Instant(_value: 3040471.845897 seconds)	0	2	19	0	26	19	unknown	ap1#13#nil#13	0	0	0.0	0.0	nil	IORegistry provider unavailable; SC type=
interface	2026-10-03T03:49:03.630Z	965068.8893850833	download-load	Instant(_value: 3040471.845897 seconds)	0	2	19	0	26	19	physicalWiFi	en0#14#4294971925#14	3124769792	1999259648	2434612.8762861853	8874.652039925342	Optional(true)	SC Wi-Fi; hardware provider IOSkywalkLegacyEthernetInterface/IO80211Controller/IOUserNetworkWLAN/IOUserService/IOUserService/IOPCIDevice/ApplePCIEHostBridge/IOPCIDevice/AppleT6031PCIe/AppleARMIODevice/AppleH15IO/IOPlatformDevice/AppleARMPE/IOPlatformExpertDevice/IORegistryEntry
interface	2026-10-03T03:49:03.630Z	965068.8893850833	download-load	Instant(_value: 3040471.845897 seconds)	0	2	19	0	26	19	virtual	awdl0#16#nil#15	8599552	8556544	0.0	0.0	Optional(true)	SIOCGIFFUNCTIONALTYPE=4
interface	2026-10-03T03:49:03.630Z	965068.8893850833	download-load	Instant(_value: 3040471.845897 seconds)	0	2	19	0	26	19	unknown	llw0#17#nil#16	0	0	0.0	0.0	nil	IORegistry provider unavailable; SC type=
interface	2026-10-03T03:49:03.630Z	965068.8893850833	download-load	Instant(_value: 3040471.845897 seconds)	0	2	19	0	26	19	tunnel	utun0#18#nil#17	0	0	0.0	0.0	nil	tunnel name; VPN service unconfirmed
interface	2026-10-03T03:49:03.630Z	965068.8893850833	download-load	Instant(_value: 3040471.845897 seconds)	0	2	19	0	26	19	tunnel	utun1#19#nil#18	0	8192	0.0	0.0	nil	tunnel name; VPN service unconfirmed
interface	2026-10-03T03:49:03.630Z	965068.8893850833	download-load	Instant(_value: 3040471.845897 seconds)	0	2	19	0	26	19	tunnel	utun2#20#nil#19	0	8192	0.0	0.0	nil	tunnel name; VPN service unconfirmed
interface	2026-10-03T03:49:03.630Z	965068.8893850833	download-load	Instant(_value: 3040471.845897 seconds)	0	2	19	0	26	19	tunnel	utun3#21#nil#20	0	8192	0.0	0.0	nil	tunnel name; VPN service unconfirmed
interface	2026-10-03T03:49:03.630Z	965068.8893850833	download-load	Instant(_value: 3040471.845897 seconds)	0	2	19	0	26	19	tunnel	utun4#24#nil#21	9216	4096	0.0	0.0	nil	tunnel name; VPN service unconfirmed
interface	2026-10-03T03:49:03.630Z	965068.8893850833	download-load	Instant(_value: 3040471.845897 seconds)	0	2	19	0	26	19	tunnel	utun5#25#nil#22	166912	143360	0.0	0.0	nil	tunnel name; VPN service unconfirmed
interface	2026-10-03T03:49:03.630Z	965068.8893850833	download-load	Instant(_value: 3040471.845897 seconds)	0	2	19	0	26	19	tunnel	utun6#26#nil#23	0	8192	0.0	0.0	nil	tunnel name; VPN service unconfirmed
interface	2026-10-03T03:49:03.630Z	965068.8893850833	download-load	Instant(_value: 3040471.845897 seconds)	0	2	19	0	26	19	tunnel	utun7#27#nil#24	0	8192	0.0	0.0	nil	tunnel name; VPN service unconfirmed
interface	2026-10-03T03:49:03.630Z	965068.8893850833	download-load	Instant(_value: 3040471.845897 seconds)	0	2	19	0	26	19	virtual	vmenet0#22#4295372070#25	5120	1833984	0.0	0.0	Optional(true)	virtual provider IOUserEthernetInterface/IOUserEthernetController/IOUserEthernetResourceUserClient/IOUserEthernetResource/IOResources/IOPlatformExpertDevice/IORegistryEntry
interface	2026-10-03T03:49:03.630Z	965068.8893850833	download-load	Instant(_value: 3040471.845897 seconds)	0	2	19	0	26	19	logical	bridge100#23#nil#26	0	3668992	0.0	0.0	Optional(true)	route link type=209
delivery	2026-10-03T03:49:03.630Z	965068.8893850833	download-load	Instant(_value: 3040471.845897 seconds)	0	2	19	0	26	19	delivered	networkActivity						sameReadAt=true
card	2026-10-03T03:49:03.630Z	965068.8893850833	download-load	Optional(Swift.ContinuousClock.Instant(_value: 3040471.845897 seconds))					26		partial("물리 대상의 식별·연결·속도 일부를 확인하지 못했습니다")	NetworkCard			2434612.8762861853	8874.652039925342	true	Network 카드, 일부 수집 실패: 물리 대상의 식별·연결·속도 일부를 확인하지 못했습니다, 확인된 일부 합계 다운로드 2.3 MB/s, 업로드 8.7 KB/s, 일부 수집 실패: 대상 identity 또는 물리 정보 일부 미확인
sample	2026-10-03T03:49:04.638Z	965069.8977865834	download-load	Instant(_value: 3040472.860212958 seconds)	0	2	20	0	26	20	partial("물리 대상의 식별·연결·속도 일부를 확인하지 못했습니다")	knownPhysical			2483486.5114091006	8076.378898891384	false	representativeRX=-1.0;representativeTX=-1.0
interface	2026-10-03T03:49:04.638Z	965069.8977865834	download-load	Instant(_value: 3040472.860212958 seconds)	0	2	20	0	26	20	tunnel	gif0#2#nil#1	0	0	0.0	0.0	nil	route tunnel link type=55
interface	2026-10-03T03:49:04.638Z	965069.8977865834	download-load	Instant(_value: 3040472.860212958 seconds)	0	2	20	0	26	20	tunnel	stf0#3#nil#2	0	0	0.0	0.0	nil	route tunnel link type=57
interface	2026-10-03T03:49:04.638Z	965069.8977865834	download-load	Instant(_value: 3040472.860212958 seconds)	0	2	20	0	26	20	virtual	anpi1#4#4294970237#3	0	0	0.0	0.0	Optional(false)	private auxiliary network interface AppleUSBDeviceNCMPrivateEthernetInterface/AppleUSBDeviceNCMData/IOUSBDeviceInterface/AppleT8122USBXDCI/AppleARMIODevice/AppleH15IO/IOPlatformDevice/AppleARMPE/IOPlatformExpertDevice/IORegistryEntry
interface	2026-10-03T03:49:04.638Z	965069.8977865834	download-load	Instant(_value: 3040472.860212958 seconds)	0	2	20	0	26	20	virtual	anpi2#5#4294970293#4	0	0	0.0	0.0	Optional(false)	private auxiliary network interface AppleUSBDeviceNCMPrivateEthernetInterface/AppleUSBDeviceNCMData/IOUSBDeviceInterface/AppleT8122USBXDCI/AppleARMIODevice/AppleH15IO/IOPlatformDevice/AppleARMPE/IOPlatformExpertDevice/IORegistryEntry
interface	2026-10-03T03:49:04.638Z	965069.8977865834	download-load	Instant(_value: 3040472.860212958 seconds)	0	2	20	0	26	20	virtual	anpi0#6#4294970305#5	0	0	0.0	0.0	Optional(false)	private auxiliary network interface AppleUSBDeviceNCMPrivateEthernetInterface/AppleUSBDeviceNCMData/IOUSBDeviceInterface/AppleT8122USBXDCI/AppleARMIODevice/AppleH15IO/IOPlatformDevice/AppleARMPE/IOPlatformExpertDevice/IORegistryEntry
interface	2026-10-03T03:49:04.638Z	965069.8977865834	download-load	Instant(_value: 3040472.860212958 seconds)	0	2	20	0	26	20	physicalEthernet	en4#7#4294970257#6	0	0	0.0	0.0	Optional(false)	SC Ethernet; hardware provider IOEthernetInterface/AppleUSBDeviceNCMData/IOUSBDeviceInterface/AppleT8122USBXDCI/AppleARMIODevice/AppleH15IO/IOPlatformDevice/AppleARMPE/IOPlatformExpertDevice/IORegistryEntry
interface	2026-10-03T03:49:04.638Z	965069.8977865834	download-load	Instant(_value: 3040472.860212958 seconds)	0	2	20	0	26	20	physicalEthernet	en5#8#4294970175#7	0	0	0.0	0.0	Optional(false)	SC Ethernet; hardware provider IOEthernetInterface/AppleUSBDeviceNCMData/IOUSBDeviceInterface/AppleT8122USBXDCI/AppleARMIODevice/AppleH15IO/IOPlatformDevice/AppleARMPE/IOPlatformExpertDevice/IORegistryEntry
interface	2026-10-03T03:49:04.638Z	965069.8977865834	download-load	Instant(_value: 3040472.860212958 seconds)	0	2	20	0	26	20	physicalEthernet	en6#9#4294970236#8	0	0	0.0	0.0	Optional(false)	SC Ethernet; hardware provider IOEthernetInterface/AppleUSBDeviceNCMData/IOUSBDeviceInterface/AppleT8122USBXDCI/AppleARMIODevice/AppleH15IO/IOPlatformDevice/AppleARMPE/IOPlatformExpertDevice/IORegistryEntry
interface	2026-10-03T03:49:04.638Z	965069.8977865834	download-load	Instant(_value: 3040472.860212958 seconds)	0	2	20	0	26	20	physicalEthernet	en1#10#4294970312#9	0	0	0.0	0.0	Optional(false)	SC Ethernet; hardware provider IOEthernetInterface/AppleThunderboltIPPort/AppleThunderboltIPService/IOThunderboltLocalNode/IOThunderboltControllerType5/AppleThunderboltNHIType5/AppleThunderboltHALType5/AppleARMIODevice/AppleH15IO/IOPlatformDevice/AppleARMPE/IOPlatformExpertDevice/IORegistryEntry
interface	2026-10-03T03:49:04.638Z	965069.8977865834	download-load	Instant(_value: 3040472.860212958 seconds)	0	2	20	0	26	20	physicalEthernet	en2#11#4294970264#10	0	0	0.0	0.0	Optional(false)	SC Ethernet; hardware provider IOEthernetInterface/AppleThunderboltIPPort/AppleThunderboltIPService/IOThunderboltLocalNode/IOThunderboltControllerType5/AppleThunderboltNHIType5/AppleThunderboltHALType5/AppleARMIODevice/AppleH15IO/IOPlatformDevice/AppleARMPE/IOPlatformExpertDevice/IORegistryEntry
interface	2026-10-03T03:49:04.638Z	965069.8977865834	download-load	Instant(_value: 3040472.860212958 seconds)	0	2	20	0	26	20	physicalEthernet	en3#12#4294970379#11	0	0	0.0	0.0	Optional(false)	SC Ethernet; hardware provider IOEthernetInterface/AppleThunderboltIPPort/AppleThunderboltIPService/IOThunderboltLocalNode/IOThunderboltControllerType5/AppleThunderboltNHIType5/AppleThunderboltHALType5/AppleARMIODevice/AppleH15IO/IOPlatformDevice/AppleARMPE/IOPlatformExpertDevice/IORegistryEntry
interface	2026-10-03T03:49:04.638Z	965069.8977865834	download-load	Instant(_value: 3040472.860212958 seconds)	0	2	20	0	26	20	logical	bridge0#15#nil#12	0	0	0.0	0.0	Optional(false)	route link type=209
interface	2026-10-03T03:49:04.638Z	965069.8977865834	download-load	Instant(_value: 3040472.860212958 seconds)	0	2	20	0	26	20	unknown	ap1#13#nil#13	0	0	0.0	0.0	nil	IORegistry provider unavailable; SC type=
interface	2026-10-03T03:49:04.638Z	965069.8977865834	download-load	Instant(_value: 3040472.860212958 seconds)	0	2	20	0	26	20	physicalWiFi	en0#14#4294971925#14	3127288832	1999267840	2483486.5114091006	8076.378898891384	Optional(true)	SC Wi-Fi; hardware provider IOSkywalkLegacyEthernetInterface/IO80211Controller/IOUserNetworkWLAN/IOUserService/IOUserService/IOPCIDevice/ApplePCIEHostBridge/IOPCIDevice/AppleT6031PCIe/AppleARMIODevice/AppleH15IO/IOPlatformDevice/AppleARMPE/IOPlatformExpertDevice/IORegistryEntry
interface	2026-10-03T03:49:04.638Z	965069.8977865834	download-load	Instant(_value: 3040472.860212958 seconds)	0	2	20	0	26	20	virtual	awdl0#16#nil#15	8599552	8556544	0.0	0.0	Optional(true)	SIOCGIFFUNCTIONALTYPE=4
interface	2026-10-03T03:49:04.638Z	965069.8977865834	download-load	Instant(_value: 3040472.860212958 seconds)	0	2	20	0	26	20	unknown	llw0#17#nil#16	0	0	0.0	0.0	nil	IORegistry provider unavailable; SC type=
interface	2026-10-03T03:49:04.638Z	965069.8977865834	download-load	Instant(_value: 3040472.860212958 seconds)	0	2	20	0	26	20	tunnel	utun0#18#nil#17	0	0	0.0	0.0	nil	tunnel name; VPN service unconfirmed
interface	2026-10-03T03:49:04.638Z	965069.8977865834	download-load	Instant(_value: 3040472.860212958 seconds)	0	2	20	0	26	20	tunnel	utun1#19#nil#18	0	8192	0.0	0.0	nil	tunnel name; VPN service unconfirmed
interface	2026-10-03T03:49:04.638Z	965069.8977865834	download-load	Instant(_value: 3040472.860212958 seconds)	0	2	20	0	26	20	tunnel	utun2#20#nil#19	0	8192	0.0	0.0	nil	tunnel name; VPN service unconfirmed
interface	2026-10-03T03:49:04.638Z	965069.8977865834	download-load	Instant(_value: 3040472.860212958 seconds)	0	2	20	0	26	20	tunnel	utun3#21#nil#20	0	8192	0.0	0.0	nil	tunnel name; VPN service unconfirmed
interface	2026-10-03T03:49:04.638Z	965069.8977865834	download-load	Instant(_value: 3040472.860212958 seconds)	0	2	20	0	26	20	tunnel	utun4#24#nil#21	9216	4096	0.0	0.0	nil	tunnel name; VPN service unconfirmed
interface	2026-10-03T03:49:04.638Z	965069.8977865834	download-load	Instant(_value: 3040472.860212958 seconds)	0	2	20	0	26	20	tunnel	utun5#25#nil#22	166912	143360	0.0	0.0	nil	tunnel name; VPN service unconfirmed
interface	2026-10-03T03:49:04.638Z	965069.8977865834	download-load	Instant(_value: 3040472.860212958 seconds)	0	2	20	0	26	20	tunnel	utun6#26#nil#23	0	8192	0.0	0.0	nil	tunnel name; VPN service unconfirmed
interface	2026-10-03T03:49:04.638Z	965069.8977865834	download-load	Instant(_value: 3040472.860212958 seconds)	0	2	20	0	26	20	tunnel	utun7#27#nil#24	0	8192	0.0	0.0	nil	tunnel name; VPN service unconfirmed
interface	2026-10-03T03:49:04.638Z	965069.8977865834	download-load	Instant(_value: 3040472.860212958 seconds)	0	2	20	0	26	20	virtual	vmenet0#22#4295372070#25	5120	1833984	0.0	0.0	Optional(true)	virtual provider IOUserEthernetInterface/IOUserEthernetController/IOUserEthernetResourceUserClient/IOUserEthernetResource/IOResources/IOPlatformExpertDevice/IORegistryEntry
interface	2026-10-03T03:49:04.638Z	965069.8977865834	download-load	Instant(_value: 3040472.860212958 seconds)	0	2	20	0	26	20	logical	bridge100#23#nil#26	0	3668992	0.0	0.0	Optional(true)	route link type=209
delivery	2026-10-03T03:49:04.638Z	965069.8977865834	download-load	Instant(_value: 3040472.860212958 seconds)	0	2	20	0	26	20	delivered	networkActivity						sameReadAt=true
card	2026-10-03T03:49:04.638Z	965069.8977865834	download-load	Optional(Swift.ContinuousClock.Instant(_value: 3040472.860212958 seconds))					26		partial("물리 대상의 식별·연결·속도 일부를 확인하지 못했습니다")	NetworkCard			2483486.5114091006	8076.378898891384	true	Network 카드, 일부 수집 실패: 물리 대상의 식별·연결·속도 일부를 확인하지 못했습니다, 확인된 일부 합계 다운로드 2.4 MB/s, 업로드 7.9 KB/s, 일부 수집 실패: 대상 identity 또는 물리 정보 일부 미확인
sample	2026-10-03T03:49:05.650Z	965070.9096316667	download-load	Instant(_value: 3040473.8267077906 seconds)	0	2	21	0	26	21	partial("물리 대상의 식별·연결·속도 일부를 확인하지 못했습니다")	knownPhysical			2645568.20450172	36022.95512737625	false	representativeRX=-1.0;representativeTX=-1.0
interface	2026-10-03T03:49:05.650Z	965070.9096316667	download-load	Instant(_value: 3040473.8267077906 seconds)	0	2	21	0	26	21	tunnel	gif0#2#nil#1	0	0	0.0	0.0	nil	route tunnel link type=55
interface	2026-10-03T03:49:05.650Z	965070.9096316667	download-load	Instant(_value: 3040473.8267077906 seconds)	0	2	21	0	26	21	tunnel	stf0#3#nil#2	0	0	0.0	0.0	nil	route tunnel link type=57
interface	2026-10-03T03:49:05.650Z	965070.9096316667	download-load	Instant(_value: 3040473.8267077906 seconds)	0	2	21	0	26	21	virtual	anpi1#4#4294970237#3	0	0	0.0	0.0	Optional(false)	private auxiliary network interface AppleUSBDeviceNCMPrivateEthernetInterface/AppleUSBDeviceNCMData/IOUSBDeviceInterface/AppleT8122USBXDCI/AppleARMIODevice/AppleH15IO/IOPlatformDevice/AppleARMPE/IOPlatformExpertDevice/IORegistryEntry
interface	2026-10-03T03:49:05.650Z	965070.9096316667	download-load	Instant(_value: 3040473.8267077906 seconds)	0	2	21	0	26	21	virtual	anpi2#5#4294970293#4	0	0	0.0	0.0	Optional(false)	private auxiliary network interface AppleUSBDeviceNCMPrivateEthernetInterface/AppleUSBDeviceNCMData/IOUSBDeviceInterface/AppleT8122USBXDCI/AppleARMIODevice/AppleH15IO/IOPlatformDevice/AppleARMPE/IOPlatformExpertDevice/IORegistryEntry
interface	2026-10-03T03:49:05.650Z	965070.9096316667	download-load	Instant(_value: 3040473.8267077906 seconds)	0	2	21	0	26	21	virtual	anpi0#6#4294970305#5	0	0	0.0	0.0	Optional(false)	private auxiliary network interface AppleUSBDeviceNCMPrivateEthernetInterface/AppleUSBDeviceNCMData/IOUSBDeviceInterface/AppleT8122USBXDCI/AppleARMIODevice/AppleH15IO/IOPlatformDevice/AppleARMPE/IOPlatformExpertDevice/IORegistryEntry
interface	2026-10-03T03:49:05.650Z	965070.9096316667	download-load	Instant(_value: 3040473.8267077906 seconds)	0	2	21	0	26	21	physicalEthernet	en4#7#4294970257#6	0	0	0.0	0.0	Optional(false)	SC Ethernet; hardware provider IOEthernetInterface/AppleUSBDeviceNCMData/IOUSBDeviceInterface/AppleT8122USBXDCI/AppleARMIODevice/AppleH15IO/IOPlatformDevice/AppleARMPE/IOPlatformExpertDevice/IORegistryEntry
interface	2026-10-03T03:49:05.650Z	965070.9096316667	download-load	Instant(_value: 3040473.8267077906 seconds)	0	2	21	0	26	21	physicalEthernet	en5#8#4294970175#7	0	0	0.0	0.0	Optional(false)	SC Ethernet; hardware provider IOEthernetInterface/AppleUSBDeviceNCMData/IOUSBDeviceInterface/AppleT8122USBXDCI/AppleARMIODevice/AppleH15IO/IOPlatformDevice/AppleARMPE/IOPlatformExpertDevice/IORegistryEntry
interface	2026-10-03T03:49:05.650Z	965070.9096316667	download-load	Instant(_value: 3040473.8267077906 seconds)	0	2	21	0	26	21	physicalEthernet	en6#9#4294970236#8	0	0	0.0	0.0	Optional(false)	SC Ethernet; hardware provider IOEthernetInterface/AppleUSBDeviceNCMData/IOUSBDeviceInterface/AppleT8122USBXDCI/AppleARMIODevice/AppleH15IO/IOPlatformDevice/AppleARMPE/IOPlatformExpertDevice/IORegistryEntry
interface	2026-10-03T03:49:05.650Z	965070.9096316667	download-load	Instant(_value: 3040473.8267077906 seconds)	0	2	21	0	26	21	physicalEthernet	en1#10#4294970312#9	0	0	0.0	0.0	Optional(false)	SC Ethernet; hardware provider IOEthernetInterface/AppleThunderboltIPPort/AppleThunderboltIPService/IOThunderboltLocalNode/IOThunderboltControllerType5/AppleThunderboltNHIType5/AppleThunderboltHALType5/AppleARMIODevice/AppleH15IO/IOPlatformDevice/AppleARMPE/IOPlatformExpertDevice/IORegistryEntry
interface	2026-10-03T03:49:05.650Z	965070.9096316667	download-load	Instant(_value: 3040473.8267077906 seconds)	0	2	21	0	26	21	physicalEthernet	en2#11#4294970264#10	0	0	0.0	0.0	Optional(false)	SC Ethernet; hardware provider IOEthernetInterface/AppleThunderboltIPPort/AppleThunderboltIPService/IOThunderboltLocalNode/IOThunderboltControllerType5/AppleThunderboltNHIType5/AppleThunderboltHALType5/AppleARMIODevice/AppleH15IO/IOPlatformDevice/AppleARMPE/IOPlatformExpertDevice/IORegistryEntry
interface	2026-10-03T03:49:05.650Z	965070.9096316667	download-load	Instant(_value: 3040473.8267077906 seconds)	0	2	21	0	26	21	physicalEthernet	en3#12#4294970379#11	0	0	0.0	0.0	Optional(false)	SC Ethernet; hardware provider IOEthernetInterface/AppleThunderboltIPPort/AppleThunderboltIPService/IOThunderboltLocalNode/IOThunderboltControllerType5/AppleThunderboltNHIType5/AppleThunderboltHALType5/AppleARMIODevice/AppleH15IO/IOPlatformDevice/AppleARMPE/IOPlatformExpertDevice/IORegistryEntry
interface	2026-10-03T03:49:05.650Z	965070.9096316667	download-load	Instant(_value: 3040473.8267077906 seconds)	0	2	21	0	26	21	logical	bridge0#15#nil#12	0	0	0.0	0.0	Optional(false)	route link type=209
interface	2026-10-03T03:49:05.650Z	965070.9096316667	download-load	Instant(_value: 3040473.8267077906 seconds)	0	2	21	0	26	21	unknown	ap1#13#nil#13	0	0	0.0	0.0	nil	IORegistry provider unavailable; SC type=
interface	2026-10-03T03:49:05.650Z	965070.9096316667	download-load	Instant(_value: 3040473.8267077906 seconds)	0	2	21	0	26	21	physicalWiFi	en0#14#4294971925#14	3129845760	1999302656	2645568.20450172	36022.95512737625	Optional(true)	SC Wi-Fi; hardware provider IOSkywalkLegacyEthernetInterface/IO80211Controller/IOUserNetworkWLAN/IOUserService/IOUserService/IOPCIDevice/ApplePCIEHostBridge/IOPCIDevice/AppleT6031PCIe/AppleARMIODevice/AppleH15IO/IOPlatformDevice/AppleARMPE/IOPlatformExpertDevice/IORegistryEntry
interface	2026-10-03T03:49:05.650Z	965070.9096316667	download-load	Instant(_value: 3040473.8267077906 seconds)	0	2	21	0	26	21	virtual	awdl0#16#nil#15	8599552	8556544	0.0	0.0	Optional(true)	SIOCGIFFUNCTIONALTYPE=4
interface	2026-10-03T03:49:05.650Z	965070.9096316667	download-load	Instant(_value: 3040473.8267077906 seconds)	0	2	21	0	26	21	unknown	llw0#17#nil#16	0	0	0.0	0.0	nil	IORegistry provider unavailable; SC type=
interface	2026-10-03T03:49:05.650Z	965070.9096316667	download-load	Instant(_value: 3040473.8267077906 seconds)	0	2	21	0	26	21	tunnel	utun0#18#nil#17	0	0	0.0	0.0	nil	tunnel name; VPN service unconfirmed
interface	2026-10-03T03:49:05.650Z	965070.9096316667	download-load	Instant(_value: 3040473.8267077906 seconds)	0	2	21	0	26	21	tunnel	utun1#19#nil#18	0	8192	0.0	0.0	nil	tunnel name; VPN service unconfirmed
interface	2026-10-03T03:49:05.650Z	965070.9096316667	download-load	Instant(_value: 3040473.8267077906 seconds)	0	2	21	0	26	21	tunnel	utun2#20#nil#19	0	8192	0.0	0.0	nil	tunnel name; VPN service unconfirmed
interface	2026-10-03T03:49:05.650Z	965070.9096316667	download-load	Instant(_value: 3040473.8267077906 seconds)	0	2	21	0	26	21	tunnel	utun3#21#nil#20	0	8192	0.0	0.0	nil	tunnel name; VPN service unconfirmed
interface	2026-10-03T03:49:05.650Z	965070.9096316667	download-load	Instant(_value: 3040473.8267077906 seconds)	0	2	21	0	26	21	tunnel	utun4#24#nil#21	9216	4096	0.0	0.0	nil	tunnel name; VPN service unconfirmed
interface	2026-10-03T03:49:05.650Z	965070.9096316667	download-load	Instant(_value: 3040473.8267077906 seconds)	0	2	21	0	26	21	tunnel	utun5#25#nil#22	166912	143360	0.0	0.0	nil	tunnel name; VPN service unconfirmed
interface	2026-10-03T03:49:05.650Z	965070.9096316667	download-load	Instant(_value: 3040473.8267077906 seconds)	0	2	21	0	26	21	tunnel	utun6#26#nil#23	0	8192	0.0	0.0	nil	tunnel name; VPN service unconfirmed
interface	2026-10-03T03:49:05.650Z	965070.9096316667	download-load	Instant(_value: 3040473.8267077906 seconds)	0	2	21	0	26	21	tunnel	utun7#27#nil#24	0	8192	0.0	0.0	nil	tunnel name; VPN service unconfirmed
interface	2026-10-03T03:49:05.650Z	965070.9096316667	download-load	Instant(_value: 3040473.8267077906 seconds)	0	2	21	0	26	21	virtual	vmenet0#22#4295372070#25	5120	1833984	0.0	0.0	Optional(true)	virtual provider IOUserEthernetInterface/IOUserEthernetController/IOUserEthernetResourceUserClient/IOUserEthernetResource/IOResources/IOPlatformExpertDevice/IORegistryEntry
interface	2026-10-03T03:49:05.650Z	965070.9096316667	download-load	Instant(_value: 3040473.8267077906 seconds)	0	2	21	0	26	21	logical	bridge100#23#nil#26	0	3668992	0.0	0.0	Optional(true)	route link type=209
delivery	2026-10-03T03:49:05.650Z	965070.9096316667	download-load	Instant(_value: 3040473.8267077906 seconds)	0	2	21	0	26	21	delivered	networkActivity						sameReadAt=true
card	2026-10-03T03:49:05.650Z	965070.9096316667	download-load	Optional(Swift.ContinuousClock.Instant(_value: 3040473.8267077906 seconds))					26		partial("물리 대상의 식별·연결·속도 일부를 확인하지 못했습니다")	NetworkCard			2645568.20450172	36022.95512737625	true	Network 카드, 일부 수집 실패: 물리 대상의 식별·연결·속도 일부를 확인하지 못했습니다, 확인된 일부 합계 다운로드 2.5 MB/s, 업로드 35.2 KB/s, 일부 수집 실패: 대상 identity 또는 물리 정보 일부 미확인
sample	2026-10-03T03:49:06.690Z	965071.949931625	download-load	Instant(_value: 3040474.8514274578 seconds)	0	2	22	0	26	22	partial("물리 대상의 식별·연결·속도 일부를 확인하지 못했습니다")	knownPhysical			2486252.662114662	22983.84695684776	false	representativeRX=-1.0;representativeTX=-1.0
interface	2026-10-03T03:49:06.690Z	965071.949931625	download-load	Instant(_value: 3040474.8514274578 seconds)	0	2	22	0	26	22	tunnel	gif0#2#nil#1	0	0	0.0	0.0	nil	route tunnel link type=55
interface	2026-10-03T03:49:06.690Z	965071.949931625	download-load	Instant(_value: 3040474.8514274578 seconds)	0	2	22	0	26	22	tunnel	stf0#3#nil#2	0	0	0.0	0.0	nil	route tunnel link type=57
interface	2026-10-03T03:49:06.690Z	965071.949931625	download-load	Instant(_value: 3040474.8514274578 seconds)	0	2	22	0	26	22	virtual	anpi1#4#4294970237#3	0	0	0.0	0.0	Optional(false)	private auxiliary network interface AppleUSBDeviceNCMPrivateEthernetInterface/AppleUSBDeviceNCMData/IOUSBDeviceInterface/AppleT8122USBXDCI/AppleARMIODevice/AppleH15IO/IOPlatformDevice/AppleARMPE/IOPlatformExpertDevice/IORegistryEntry
interface	2026-10-03T03:49:06.690Z	965071.949931625	download-load	Instant(_value: 3040474.8514274578 seconds)	0	2	22	0	26	22	virtual	anpi2#5#4294970293#4	0	0	0.0	0.0	Optional(false)	private auxiliary network interface AppleUSBDeviceNCMPrivateEthernetInterface/AppleUSBDeviceNCMData/IOUSBDeviceInterface/AppleT8122USBXDCI/AppleARMIODevice/AppleH15IO/IOPlatformDevice/AppleARMPE/IOPlatformExpertDevice/IORegistryEntry
interface	2026-10-03T03:49:06.690Z	965071.949931625	download-load	Instant(_value: 3040474.8514274578 seconds)	0	2	22	0	26	22	virtual	anpi0#6#4294970305#5	0	0	0.0	0.0	Optional(false)	private auxiliary network interface AppleUSBDeviceNCMPrivateEthernetInterface/AppleUSBDeviceNCMData/IOUSBDeviceInterface/AppleT8122USBXDCI/AppleARMIODevice/AppleH15IO/IOPlatformDevice/AppleARMPE/IOPlatformExpertDevice/IORegistryEntry
interface	2026-10-03T03:49:06.690Z	965071.949931625	download-load	Instant(_value: 3040474.8514274578 seconds)	0	2	22	0	26	22	physicalEthernet	en4#7#4294970257#6	0	0	0.0	0.0	Optional(false)	SC Ethernet; hardware provider IOEthernetInterface/AppleUSBDeviceNCMData/IOUSBDeviceInterface/AppleT8122USBXDCI/AppleARMIODevice/AppleH15IO/IOPlatformDevice/AppleARMPE/IOPlatformExpertDevice/IORegistryEntry
interface	2026-10-03T03:49:06.690Z	965071.949931625	download-load	Instant(_value: 3040474.8514274578 seconds)	0	2	22	0	26	22	physicalEthernet	en5#8#4294970175#7	0	0	0.0	0.0	Optional(false)	SC Ethernet; hardware provider IOEthernetInterface/AppleUSBDeviceNCMData/IOUSBDeviceInterface/AppleT8122USBXDCI/AppleARMIODevice/AppleH15IO/IOPlatformDevice/AppleARMPE/IOPlatformExpertDevice/IORegistryEntry
interface	2026-10-03T03:49:06.690Z	965071.949931625	download-load	Instant(_value: 3040474.8514274578 seconds)	0	2	22	0	26	22	physicalEthernet	en6#9#4294970236#8	0	0	0.0	0.0	Optional(false)	SC Ethernet; hardware provider IOEthernetInterface/AppleUSBDeviceNCMData/IOUSBDeviceInterface/AppleT8122USBXDCI/AppleARMIODevice/AppleH15IO/IOPlatformDevice/AppleARMPE/IOPlatformExpertDevice/IORegistryEntry
interface	2026-10-03T03:49:06.690Z	965071.949931625	download-load	Instant(_value: 3040474.8514274578 seconds)	0	2	22	0	26	22	physicalEthernet	en1#10#4294970312#9	0	0	0.0	0.0	Optional(false)	SC Ethernet; hardware provider IOEthernetInterface/AppleThunderboltIPPort/AppleThunderboltIPService/IOThunderboltLocalNode/IOThunderboltControllerType5/AppleThunderboltNHIType5/AppleThunderboltHALType5/AppleARMIODevice/AppleH15IO/IOPlatformDevice/AppleARMPE/IOPlatformExpertDevice/IORegistryEntry
interface	2026-10-03T03:49:06.690Z	965071.949931625	download-load	Instant(_value: 3040474.8514274578 seconds)	0	2	22	0	26	22	physicalEthernet	en2#11#4294970264#10	0	0	0.0	0.0	Optional(false)	SC Ethernet; hardware provider IOEthernetInterface/AppleThunderboltIPPort/AppleThunderboltIPService/IOThunderboltLocalNode/IOThunderboltControllerType5/AppleThunderboltNHIType5/AppleThunderboltHALType5/AppleARMIODevice/AppleH15IO/IOPlatformDevice/AppleARMPE/IOPlatformExpertDevice/IORegistryEntry
interface	2026-10-03T03:49:06.690Z	965071.949931625	download-load	Instant(_value: 3040474.8514274578 seconds)	0	2	22	0	26	22	physicalEthernet	en3#12#4294970379#11	0	0	0.0	0.0	Optional(false)	SC Ethernet; hardware provider IOEthernetInterface/AppleThunderboltIPPort/AppleThunderboltIPService/IOThunderboltLocalNode/IOThunderboltControllerType5/AppleThunderboltNHIType5/AppleThunderboltHALType5/AppleARMIODevice/AppleH15IO/IOPlatformDevice/AppleARMPE/IOPlatformExpertDevice/IORegistryEntry
interface	2026-10-03T03:49:06.690Z	965071.949931625	download-load	Instant(_value: 3040474.8514274578 seconds)	0	2	22	0	26	22	logical	bridge0#15#nil#12	0	0	0.0	0.0	Optional(false)	route link type=209
interface	2026-10-03T03:49:06.690Z	965071.949931625	download-load	Instant(_value: 3040474.8514274578 seconds)	0	2	22	0	26	22	unknown	ap1#13#nil#13	0	0	0.0	0.0	nil	IORegistry provider unavailable; SC type=
interface	2026-10-03T03:49:06.690Z	965071.949931625	download-load	Instant(_value: 3040474.8514274578 seconds)	0	2	22	0	26	22	physicalWiFi	en0#14#4294971925#14	3132393472	1999326208	2486252.662114662	22983.84695684776	Optional(true)	SC Wi-Fi; hardware provider IOSkywalkLegacyEthernetInterface/IO80211Controller/IOUserNetworkWLAN/IOUserService/IOUserService/IOPCIDevice/ApplePCIEHostBridge/IOPCIDevice/AppleT6031PCIe/AppleARMIODevice/AppleH15IO/IOPlatformDevice/AppleARMPE/IOPlatformExpertDevice/IORegistryEntry
interface	2026-10-03T03:49:06.690Z	965071.949931625	download-load	Instant(_value: 3040474.8514274578 seconds)	0	2	22	0	26	22	virtual	awdl0#16#nil#15	8599552	8556544	0.0	0.0	Optional(true)	SIOCGIFFUNCTIONALTYPE=4
interface	2026-10-03T03:49:06.690Z	965071.949931625	download-load	Instant(_value: 3040474.8514274578 seconds)	0	2	22	0	26	22	unknown	llw0#17#nil#16	0	0	0.0	0.0	nil	IORegistry provider unavailable; SC type=
interface	2026-10-03T03:49:06.690Z	965071.949931625	download-load	Instant(_value: 3040474.8514274578 seconds)	0	2	22	0	26	22	tunnel	utun0#18#nil#17	0	0	0.0	0.0	nil	tunnel name; VPN service unconfirmed
interface	2026-10-03T03:49:06.690Z	965071.949931625	download-load	Instant(_value: 3040474.8514274578 seconds)	0	2	22	0	26	22	tunnel	utun1#19#nil#18	0	8192	0.0	0.0	nil	tunnel name; VPN service unconfirmed
interface	2026-10-03T03:49:06.690Z	965071.949931625	download-load	Instant(_value: 3040474.8514274578 seconds)	0	2	22	0	26	22	tunnel	utun2#20#nil#19	0	8192	0.0	0.0	nil	tunnel name; VPN service unconfirmed
interface	2026-10-03T03:49:06.690Z	965071.949931625	download-load	Instant(_value: 3040474.8514274578 seconds)	0	2	22	0	26	22	tunnel	utun3#21#nil#20	0	8192	0.0	0.0	nil	tunnel name; VPN service unconfirmed
interface	2026-10-03T03:49:06.690Z	965071.949931625	download-load	Instant(_value: 3040474.8514274578 seconds)	0	2	22	0	26	22	tunnel	utun4#24#nil#21	9216	4096	0.0	0.0	nil	tunnel name; VPN service unconfirmed
interface	2026-10-03T03:49:06.690Z	965071.949931625	download-load	Instant(_value: 3040474.8514274578 seconds)	0	2	22	0	26	22	tunnel	utun5#25#nil#22	166912	143360	0.0	0.0	nil	tunnel name; VPN service unconfirmed
interface	2026-10-03T03:49:06.690Z	965071.949931625	download-load	Instant(_value: 3040474.8514274578 seconds)	0	2	22	0	26	22	tunnel	utun6#26#nil#23	0	8192	0.0	0.0	nil	tunnel name; VPN service unconfirmed
interface	2026-10-03T03:49:06.690Z	965071.949931625	download-load	Instant(_value: 3040474.8514274578 seconds)	0	2	22	0	26	22	tunnel	utun7#27#nil#24	0	8192	0.0	0.0	nil	tunnel name; VPN service unconfirmed
interface	2026-10-03T03:49:06.690Z	965071.949931625	download-load	Instant(_value: 3040474.8514274578 seconds)	0	2	22	0	26	22	virtual	vmenet0#22#4295372070#25	5120	1833984	0.0	0.0	Optional(true)	virtual provider IOUserEthernetInterface/IOUserEthernetController/IOUserEthernetResourceUserClient/IOUserEthernetResource/IOResources/IOPlatformExpertDevice/IORegistryEntry
interface	2026-10-03T03:49:06.690Z	965071.949931625	download-load	Instant(_value: 3040474.8514274578 seconds)	0	2	22	0	26	22	logical	bridge100#23#nil#26	0	3668992	0.0	0.0	Optional(true)	route link type=209
delivery	2026-10-03T03:49:06.690Z	965071.949931625	download-load	Instant(_value: 3040474.8514274578 seconds)	0	2	22	0	26	22	delivered	networkActivity						sameReadAt=true
card	2026-10-03T03:49:06.690Z	965071.949931625	download-load	Optional(Swift.ContinuousClock.Instant(_value: 3040474.8514274578 seconds))					26		partial("물리 대상의 식별·연결·속도 일부를 확인하지 못했습니다")	NetworkCard			2486252.662114662	22983.84695684776	true	Network 카드, 일부 수집 실패: 물리 대상의 식별·연결·속도 일부를 확인하지 못했습니다, 확인된 일부 합계 다운로드 2.4 MB/s, 업로드 22.4 KB/s, 일부 수집 실패: 대상 identity 또는 물리 정보 일부 미확인
sample	2026-10-03T03:49:07.758Z	965073.0173746668	download-load	Instant(_value: 3040475.8250596663 seconds)	0	2	23	0	26	23	partial("물리 대상의 식별·연결·속도 일부를 확인하지 못했습니다")	knownPhysical			2570432.633017415	15775.977698552058	false	representativeRX=-1.0;representativeTX=-1.0
interface	2026-10-03T03:49:07.758Z	965073.0173746668	download-load	Instant(_value: 3040475.8250596663 seconds)	0	2	23	0	26	23	tunnel	gif0#2#nil#1	0	0	0.0	0.0	nil	route tunnel link type=55
interface	2026-10-03T03:49:07.758Z	965073.0173746668	download-load	Instant(_value: 3040475.8250596663 seconds)	0	2	23	0	26	23	tunnel	stf0#3#nil#2	0	0	0.0	0.0	nil	route tunnel link type=57
interface	2026-10-03T03:49:07.758Z	965073.0173746668	download-load	Instant(_value: 3040475.8250596663 seconds)	0	2	23	0	26	23	virtual	anpi1#4#4294970237#3	0	0	0.0	0.0	Optional(false)	private auxiliary network interface AppleUSBDeviceNCMPrivateEthernetInterface/AppleUSBDeviceNCMData/IOUSBDeviceInterface/AppleT8122USBXDCI/AppleARMIODevice/AppleH15IO/IOPlatformDevice/AppleARMPE/IOPlatformExpertDevice/IORegistryEntry
interface	2026-10-03T03:49:07.758Z	965073.0173746668	download-load	Instant(_value: 3040475.8250596663 seconds)	0	2	23	0	26	23	virtual	anpi2#5#4294970293#4	0	0	0.0	0.0	Optional(false)	private auxiliary network interface AppleUSBDeviceNCMPrivateEthernetInterface/AppleUSBDeviceNCMData/IOUSBDeviceInterface/AppleT8122USBXDCI/AppleARMIODevice/AppleH15IO/IOPlatformDevice/AppleARMPE/IOPlatformExpertDevice/IORegistryEntry
interface	2026-10-03T03:49:07.758Z	965073.0173746668	download-load	Instant(_value: 3040475.8250596663 seconds)	0	2	23	0	26	23	virtual	anpi0#6#4294970305#5	0	0	0.0	0.0	Optional(false)	private auxiliary network interface AppleUSBDeviceNCMPrivateEthernetInterface/AppleUSBDeviceNCMData/IOUSBDeviceInterface/AppleT8122USBXDCI/AppleARMIODevice/AppleH15IO/IOPlatformDevice/AppleARMPE/IOPlatformExpertDevice/IORegistryEntry
interface	2026-10-03T03:49:07.758Z	965073.0173746668	download-load	Instant(_value: 3040475.8250596663 seconds)	0	2	23	0	26	23	physicalEthernet	en4#7#4294970257#6	0	0	0.0	0.0	Optional(false)	SC Ethernet; hardware provider IOEthernetInterface/AppleUSBDeviceNCMData/IOUSBDeviceInterface/AppleT8122USBXDCI/AppleARMIODevice/AppleH15IO/IOPlatformDevice/AppleARMPE/IOPlatformExpertDevice/IORegistryEntry
interface	2026-10-03T03:49:07.758Z	965073.0173746668	download-load	Instant(_value: 3040475.8250596663 seconds)	0	2	23	0	26	23	physicalEthernet	en5#8#4294970175#7	0	0	0.0	0.0	Optional(false)	SC Ethernet; hardware provider IOEthernetInterface/AppleUSBDeviceNCMData/IOUSBDeviceInterface/AppleT8122USBXDCI/AppleARMIODevice/AppleH15IO/IOPlatformDevice/AppleARMPE/IOPlatformExpertDevice/IORegistryEntry
interface	2026-10-03T03:49:07.758Z	965073.0173746668	download-load	Instant(_value: 3040475.8250596663 seconds)	0	2	23	0	26	23	physicalEthernet	en6#9#4294970236#8	0	0	0.0	0.0	Optional(false)	SC Ethernet; hardware provider IOEthernetInterface/AppleUSBDeviceNCMData/IOUSBDeviceInterface/AppleT8122USBXDCI/AppleARMIODevice/AppleH15IO/IOPlatformDevice/AppleARMPE/IOPlatformExpertDevice/IORegistryEntry
interface	2026-10-03T03:49:07.758Z	965073.0173746668	download-load	Instant(_value: 3040475.8250596663 seconds)	0	2	23	0	26	23	physicalEthernet	en1#10#4294970312#9	0	0	0.0	0.0	Optional(false)	SC Ethernet; hardware provider IOEthernetInterface/AppleThunderboltIPPort/AppleThunderboltIPService/IOThunderboltLocalNode/IOThunderboltControllerType5/AppleThunderboltNHIType5/AppleThunderboltHALType5/AppleARMIODevice/AppleH15IO/IOPlatformDevice/AppleARMPE/IOPlatformExpertDevice/IORegistryEntry
interface	2026-10-03T03:49:07.758Z	965073.0173746668	download-load	Instant(_value: 3040475.8250596663 seconds)	0	2	23	0	26	23	physicalEthernet	en2#11#4294970264#10	0	0	0.0	0.0	Optional(false)	SC Ethernet; hardware provider IOEthernetInterface/AppleThunderboltIPPort/AppleThunderboltIPService/IOThunderboltLocalNode/IOThunderboltControllerType5/AppleThunderboltNHIType5/AppleThunderboltHALType5/AppleARMIODevice/AppleH15IO/IOPlatformDevice/AppleARMPE/IOPlatformExpertDevice/IORegistryEntry
interface	2026-10-03T03:49:07.758Z	965073.0173746668	download-load	Instant(_value: 3040475.8250596663 seconds)	0	2	23	0	26	23	physicalEthernet	en3#12#4294970379#11	0	0	0.0	0.0	Optional(false)	SC Ethernet; hardware provider IOEthernetInterface/AppleThunderboltIPPort/AppleThunderboltIPService/IOThunderboltLocalNode/IOThunderboltControllerType5/AppleThunderboltNHIType5/AppleThunderboltHALType5/AppleARMIODevice/AppleH15IO/IOPlatformDevice/AppleARMPE/IOPlatformExpertDevice/IORegistryEntry
interface	2026-10-03T03:49:07.758Z	965073.0173746668	download-load	Instant(_value: 3040475.8250596663 seconds)	0	2	23	0	26	23	logical	bridge0#15#nil#12	0	0	0.0	0.0	Optional(false)	route link type=209
interface	2026-10-03T03:49:07.758Z	965073.0173746668	download-load	Instant(_value: 3040475.8250596663 seconds)	0	2	23	0	26	23	unknown	ap1#13#nil#13	0	0	0.0	0.0	nil	IORegistry provider unavailable; SC type=
interface	2026-10-03T03:49:07.758Z	965073.0173746668	download-load	Instant(_value: 3040475.8250596663 seconds)	0	2	23	0	26	23	physicalWiFi	en0#14#4294971925#14	3134896128	1999341568	2570432.633017415	15775.977698552058	Optional(true)	SC Wi-Fi; hardware provider IOSkywalkLegacyEthernetInterface/IO80211Controller/IOUserNetworkWLAN/IOUserService/IOUserService/IOPCIDevice/ApplePCIEHostBridge/IOPCIDevice/AppleT6031PCIe/AppleARMIODevice/AppleH15IO/IOPlatformDevice/AppleARMPE/IOPlatformExpertDevice/IORegistryEntry
interface	2026-10-03T03:49:07.758Z	965073.0173746668	download-load	Instant(_value: 3040475.8250596663 seconds)	0	2	23	0	26	23	virtual	awdl0#16#nil#15	8599552	8556544	0.0	0.0	Optional(true)	SIOCGIFFUNCTIONALTYPE=4
interface	2026-10-03T03:49:07.758Z	965073.0173746668	download-load	Instant(_value: 3040475.8250596663 seconds)	0	2	23	0	26	23	unknown	llw0#17#nil#16	0	0	0.0	0.0	nil	IORegistry provider unavailable; SC type=
interface	2026-10-03T03:49:07.758Z	965073.0173746668	download-load	Instant(_value: 3040475.8250596663 seconds)	0	2	23	0	26	23	tunnel	utun0#18#nil#17	0	0	0.0	0.0	nil	tunnel name; VPN service unconfirmed
interface	2026-10-03T03:49:07.758Z	965073.0173746668	download-load	Instant(_value: 3040475.8250596663 seconds)	0	2	23	0	26	23	tunnel	utun1#19#nil#18	0	8192	0.0	0.0	nil	tunnel name; VPN service unconfirmed
interface	2026-10-03T03:49:07.758Z	965073.0173746668	download-load	Instant(_value: 3040475.8250596663 seconds)	0	2	23	0	26	23	tunnel	utun2#20#nil#19	0	8192	0.0	0.0	nil	tunnel name; VPN service unconfirmed
interface	2026-10-03T03:49:07.758Z	965073.0173746668	download-load	Instant(_value: 3040475.8250596663 seconds)	0	2	23	0	26	23	tunnel	utun3#21#nil#20	0	8192	0.0	0.0	nil	tunnel name; VPN service unconfirmed
interface	2026-10-03T03:49:07.758Z	965073.0173746668	download-load	Instant(_value: 3040475.8250596663 seconds)	0	2	23	0	26	23	tunnel	utun4#24#nil#21	9216	4096	0.0	0.0	nil	tunnel name; VPN service unconfirmed
interface	2026-10-03T03:49:07.758Z	965073.0173746668	download-load	Instant(_value: 3040475.8250596663 seconds)	0	2	23	0	26	23	tunnel	utun5#25#nil#22	166912	143360	0.0	0.0	nil	tunnel name; VPN service unconfirmed
interface	2026-10-03T03:49:07.758Z	965073.0173746668	download-load	Instant(_value: 3040475.8250596663 seconds)	0	2	23	0	26	23	tunnel	utun6#26#nil#23	0	8192	0.0	0.0	nil	tunnel name; VPN service unconfirmed
interface	2026-10-03T03:49:07.758Z	965073.0173746668	download-load	Instant(_value: 3040475.8250596663 seconds)	0	2	23	0	26	23	tunnel	utun7#27#nil#24	0	8192	0.0	0.0	nil	tunnel name; VPN service unconfirmed
interface	2026-10-03T03:49:07.758Z	965073.0173746668	download-load	Instant(_value: 3040475.8250596663 seconds)	0	2	23	0	26	23	virtual	vmenet0#22#4295372070#25	5120	1833984	0.0	0.0	Optional(true)	virtual provider IOUserEthernetInterface/IOUserEthernetController/IOUserEthernetResourceUserClient/IOUserEthernetResource/IOResources/IOPlatformExpertDevice/IORegistryEntry
interface	2026-10-03T03:49:07.758Z	965073.0173746668	download-load	Instant(_value: 3040475.8250596663 seconds)	0	2	23	0	26	23	logical	bridge100#23#nil#26	0	3668992	0.0	0.0	Optional(true)	route link type=209
delivery	2026-10-03T03:49:07.758Z	965073.0173746668	download-load	Instant(_value: 3040475.8250596663 seconds)	0	2	23	0	26	23	delivered	networkActivity						sameReadAt=true
card	2026-10-03T03:49:07.758Z	965073.0173746668	download-load	Optional(Swift.ContinuousClock.Instant(_value: 3040475.8250596663 seconds))					26		partial("물리 대상의 식별·연결·속도 일부를 확인하지 못했습니다")	NetworkCard			2570432.633017415	15775.977698552058	true	Network 카드, 일부 수집 실패: 물리 대상의 식별·연결·속도 일부를 확인하지 못했습니다, 확인된 일부 합계 다운로드 2.5 MB/s, 업로드 15.4 KB/s, 일부 수집 실패: 대상 identity 또는 물리 정보 일부 미확인
sample	2026-10-03T03:49:08.769Z	965074.0285060417	download-load	Instant(_value: 3040476.799901958 seconds)	0	2	24	0	26	24	partial("물리 대상의 식별·연결·속도 일부를 확인하지 못했습니다")	knownPhysical			2578796.612160113	7352.984230191769	false	representativeRX=-1.0;representativeTX=-1.0
interface	2026-10-03T03:49:08.769Z	965074.0285060417	download-load	Instant(_value: 3040476.799901958 seconds)	0	2	24	0	26	24	tunnel	gif0#2#nil#1	0	0	0.0	0.0	nil	route tunnel link type=55
interface	2026-10-03T03:49:08.769Z	965074.0285060417	download-load	Instant(_value: 3040476.799901958 seconds)	0	2	24	0	26	24	tunnel	stf0#3#nil#2	0	0	0.0	0.0	nil	route tunnel link type=57
interface	2026-10-03T03:49:08.769Z	965074.0285060417	download-load	Instant(_value: 3040476.799901958 seconds)	0	2	24	0	26	24	virtual	anpi1#4#4294970237#3	0	0	0.0	0.0	Optional(false)	private auxiliary network interface AppleUSBDeviceNCMPrivateEthernetInterface/AppleUSBDeviceNCMData/IOUSBDeviceInterface/AppleT8122USBXDCI/AppleARMIODevice/AppleH15IO/IOPlatformDevice/AppleARMPE/IOPlatformExpertDevice/IORegistryEntry
interface	2026-10-03T03:49:08.769Z	965074.0285060417	download-load	Instant(_value: 3040476.799901958 seconds)	0	2	24	0	26	24	virtual	anpi2#5#4294970293#4	0	0	0.0	0.0	Optional(false)	private auxiliary network interface AppleUSBDeviceNCMPrivateEthernetInterface/AppleUSBDeviceNCMData/IOUSBDeviceInterface/AppleT8122USBXDCI/AppleARMIODevice/AppleH15IO/IOPlatformDevice/AppleARMPE/IOPlatformExpertDevice/IORegistryEntry
interface	2026-10-03T03:49:08.769Z	965074.0285060417	download-load	Instant(_value: 3040476.799901958 seconds)	0	2	24	0	26	24	virtual	anpi0#6#4294970305#5	0	0	0.0	0.0	Optional(false)	private auxiliary network interface AppleUSBDeviceNCMPrivateEthernetInterface/AppleUSBDeviceNCMData/IOUSBDeviceInterface/AppleT8122USBXDCI/AppleARMIODevice/AppleH15IO/IOPlatformDevice/AppleARMPE/IOPlatformExpertDevice/IORegistryEntry
interface	2026-10-03T03:49:08.769Z	965074.0285060417	download-load	Instant(_value: 3040476.799901958 seconds)	0	2	24	0	26	24	physicalEthernet	en4#7#4294970257#6	0	0	0.0	0.0	Optional(false)	SC Ethernet; hardware provider IOEthernetInterface/AppleUSBDeviceNCMData/IOUSBDeviceInterface/AppleT8122USBXDCI/AppleARMIODevice/AppleH15IO/IOPlatformDevice/AppleARMPE/IOPlatformExpertDevice/IORegistryEntry
interface	2026-10-03T03:49:08.769Z	965074.0285060417	download-load	Instant(_value: 3040476.799901958 seconds)	0	2	24	0	26	24	physicalEthernet	en5#8#4294970175#7	0	0	0.0	0.0	Optional(false)	SC Ethernet; hardware provider IOEthernetInterface/AppleUSBDeviceNCMData/IOUSBDeviceInterface/AppleT8122USBXDCI/AppleARMIODevice/AppleH15IO/IOPlatformDevice/AppleARMPE/IOPlatformExpertDevice/IORegistryEntry
interface	2026-10-03T03:49:08.769Z	965074.0285060417	download-load	Instant(_value: 3040476.799901958 seconds)	0	2	24	0	26	24	physicalEthernet	en6#9#4294970236#8	0	0	0.0	0.0	Optional(false)	SC Ethernet; hardware provider IOEthernetInterface/AppleUSBDeviceNCMData/IOUSBDeviceInterface/AppleT8122USBXDCI/AppleARMIODevice/AppleH15IO/IOPlatformDevice/AppleARMPE/IOPlatformExpertDevice/IORegistryEntry
interface	2026-10-03T03:49:08.769Z	965074.0285060417	download-load	Instant(_value: 3040476.799901958 seconds)	0	2	24	0	26	24	physicalEthernet	en1#10#4294970312#9	0	0	0.0	0.0	Optional(false)	SC Ethernet; hardware provider IOEthernetInterface/AppleThunderboltIPPort/AppleThunderboltIPService/IOThunderboltLocalNode/IOThunderboltControllerType5/AppleThunderboltNHIType5/AppleThunderboltHALType5/AppleARMIODevice/AppleH15IO/IOPlatformDevice/AppleARMPE/IOPlatformExpertDevice/IORegistryEntry
interface	2026-10-03T03:49:08.769Z	965074.0285060417	download-load	Instant(_value: 3040476.799901958 seconds)	0	2	24	0	26	24	physicalEthernet	en2#11#4294970264#10	0	0	0.0	0.0	Optional(false)	SC Ethernet; hardware provider IOEthernetInterface/AppleThunderboltIPPort/AppleThunderboltIPService/IOThunderboltLocalNode/IOThunderboltControllerType5/AppleThunderboltNHIType5/AppleThunderboltHALType5/AppleARMIODevice/AppleH15IO/IOPlatformDevice/AppleARMPE/IOPlatformExpertDevice/IORegistryEntry
interface	2026-10-03T03:49:08.769Z	965074.0285060417	download-load	Instant(_value: 3040476.799901958 seconds)	0	2	24	0	26	24	physicalEthernet	en3#12#4294970379#11	0	0	0.0	0.0	Optional(false)	SC Ethernet; hardware provider IOEthernetInterface/AppleThunderboltIPPort/AppleThunderboltIPService/IOThunderboltLocalNode/IOThunderboltControllerType5/AppleThunderboltNHIType5/AppleThunderboltHALType5/AppleARMIODevice/AppleH15IO/IOPlatformDevice/AppleARMPE/IOPlatformExpertDevice/IORegistryEntry
interface	2026-10-03T03:49:08.769Z	965074.0285060417	download-load	Instant(_value: 3040476.799901958 seconds)	0	2	24	0	26	24	logical	bridge0#15#nil#12	0	0	0.0	0.0	Optional(false)	route link type=209
interface	2026-10-03T03:49:08.769Z	965074.0285060417	download-load	Instant(_value: 3040476.799901958 seconds)	0	2	24	0	26	24	unknown	ap1#13#nil#13	0	0	0.0	0.0	nil	IORegistry provider unavailable; SC type=
interface	2026-10-03T03:49:08.769Z	965074.0285060417	download-load	Instant(_value: 3040476.799901958 seconds)	0	2	24	0	26	24	physicalWiFi	en0#14#4294971925#14	3137410048	1999348736	2578796.612160113	7352.984230191769	Optional(true)	SC Wi-Fi; hardware provider IOSkywalkLegacyEthernetInterface/IO80211Controller/IOUserNetworkWLAN/IOUserService/IOUserService/IOPCIDevice/ApplePCIEHostBridge/IOPCIDevice/AppleT6031PCIe/AppleARMIODevice/AppleH15IO/IOPlatformDevice/AppleARMPE/IOPlatformExpertDevice/IORegistryEntry
interface	2026-10-03T03:49:08.769Z	965074.0285060417	download-load	Instant(_value: 3040476.799901958 seconds)	0	2	24	0	26	24	virtual	awdl0#16#nil#15	8599552	8556544	0.0	0.0	Optional(true)	SIOCGIFFUNCTIONALTYPE=4
interface	2026-10-03T03:49:08.769Z	965074.0285060417	download-load	Instant(_value: 3040476.799901958 seconds)	0	2	24	0	26	24	unknown	llw0#17#nil#16	0	0	0.0	0.0	nil	IORegistry provider unavailable; SC type=
interface	2026-10-03T03:49:08.769Z	965074.0285060417	download-load	Instant(_value: 3040476.799901958 seconds)	0	2	24	0	26	24	tunnel	utun0#18#nil#17	0	0	0.0	0.0	nil	tunnel name; VPN service unconfirmed
interface	2026-10-03T03:49:08.769Z	965074.0285060417	download-load	Instant(_value: 3040476.799901958 seconds)	0	2	24	0	26	24	tunnel	utun1#19#nil#18	0	8192	0.0	0.0	nil	tunnel name; VPN service unconfirmed
interface	2026-10-03T03:49:08.769Z	965074.0285060417	download-load	Instant(_value: 3040476.799901958 seconds)	0	2	24	0	26	24	tunnel	utun2#20#nil#19	0	8192	0.0	0.0	nil	tunnel name; VPN service unconfirmed
interface	2026-10-03T03:49:08.769Z	965074.0285060417	download-load	Instant(_value: 3040476.799901958 seconds)	0	2	24	0	26	24	tunnel	utun3#21#nil#20	0	8192	0.0	0.0	nil	tunnel name; VPN service unconfirmed
interface	2026-10-03T03:49:08.769Z	965074.0285060417	download-load	Instant(_value: 3040476.799901958 seconds)	0	2	24	0	26	24	tunnel	utun4#24#nil#21	9216	4096	0.0	0.0	nil	tunnel name; VPN service unconfirmed
interface	2026-10-03T03:49:08.769Z	965074.0285060417	download-load	Instant(_value: 3040476.799901958 seconds)	0	2	24	0	26	24	tunnel	utun5#25#nil#22	166912	143360	0.0	0.0	nil	tunnel name; VPN service unconfirmed
interface	2026-10-03T03:49:08.769Z	965074.0285060417	download-load	Instant(_value: 3040476.799901958 seconds)	0	2	24	0	26	24	tunnel	utun6#26#nil#23	0	8192	0.0	0.0	nil	tunnel name; VPN service unconfirmed
interface	2026-10-03T03:49:08.769Z	965074.0285060417	download-load	Instant(_value: 3040476.799901958 seconds)	0	2	24	0	26	24	tunnel	utun7#27#nil#24	0	8192	0.0	0.0	nil	tunnel name; VPN service unconfirmed
interface	2026-10-03T03:49:08.769Z	965074.0285060417	download-load	Instant(_value: 3040476.799901958 seconds)	0	2	24	0	26	24	virtual	vmenet0#22#4295372070#25	5120	1833984	0.0	0.0	Optional(true)	virtual provider IOUserEthernetInterface/IOUserEthernetController/IOUserEthernetResourceUserClient/IOUserEthernetResource/IOResources/IOPlatformExpertDevice/IORegistryEntry
interface	2026-10-03T03:49:08.769Z	965074.0285060417	download-load	Instant(_value: 3040476.799901958 seconds)	0	2	24	0	26	24	logical	bridge100#23#nil#26	0	3668992	0.0	0.0	Optional(true)	route link type=209
delivery	2026-10-03T03:49:08.769Z	965074.0285060417	download-load	Instant(_value: 3040476.799901958 seconds)	0	2	24	0	26	24	delivered	networkActivity						sameReadAt=true
card	2026-10-03T03:49:08.769Z	965074.0285060417	download-load	Optional(Swift.ContinuousClock.Instant(_value: 3040476.799901958 seconds))					26		partial("물리 대상의 식별·연결·속도 일부를 확인하지 못했습니다")	NetworkCard			2578796.612160113	7352.984230191769	true	Network 카드, 일부 수집 실패: 물리 대상의 식별·연결·속도 일부를 확인하지 못했습니다, 확인된 일부 합계 다운로드 2.5 MB/s, 업로드 7.2 KB/s, 일부 수집 실패: 대상 identity 또는 물리 정보 일부 미확인
sample	2026-10-03T03:49:09.837Z	965075.0967425418	download-load	Instant(_value: 3040477.856171375 seconds)	0	2	25	0	26	25	partial("물리 대상의 식별·연결·속도 일부를 확인하지 못했습니다")	knownPhysical			2395510.0462782783	15511.194148301276	false	representativeRX=-1.0;representativeTX=-1.0
interface	2026-10-03T03:49:09.837Z	965075.0967425418	download-load	Instant(_value: 3040477.856171375 seconds)	0	2	25	0	26	25	tunnel	gif0#2#nil#1	0	0	0.0	0.0	nil	route tunnel link type=55
interface	2026-10-03T03:49:09.837Z	965075.0967425418	download-load	Instant(_value: 3040477.856171375 seconds)	0	2	25	0	26	25	tunnel	stf0#3#nil#2	0	0	0.0	0.0	nil	route tunnel link type=57
interface	2026-10-03T03:49:09.837Z	965075.0967425418	download-load	Instant(_value: 3040477.856171375 seconds)	0	2	25	0	26	25	virtual	anpi1#4#4294970237#3	0	0	0.0	0.0	Optional(false)	private auxiliary network interface AppleUSBDeviceNCMPrivateEthernetInterface/AppleUSBDeviceNCMData/IOUSBDeviceInterface/AppleT8122USBXDCI/AppleARMIODevice/AppleH15IO/IOPlatformDevice/AppleARMPE/IOPlatformExpertDevice/IORegistryEntry
interface	2026-10-03T03:49:09.837Z	965075.0967425418	download-load	Instant(_value: 3040477.856171375 seconds)	0	2	25	0	26	25	virtual	anpi2#5#4294970293#4	0	0	0.0	0.0	Optional(false)	private auxiliary network interface AppleUSBDeviceNCMPrivateEthernetInterface/AppleUSBDeviceNCMData/IOUSBDeviceInterface/AppleT8122USBXDCI/AppleARMIODevice/AppleH15IO/IOPlatformDevice/AppleARMPE/IOPlatformExpertDevice/IORegistryEntry
interface	2026-10-03T03:49:09.837Z	965075.0967425418	download-load	Instant(_value: 3040477.856171375 seconds)	0	2	25	0	26	25	virtual	anpi0#6#4294970305#5	0	0	0.0	0.0	Optional(false)	private auxiliary network interface AppleUSBDeviceNCMPrivateEthernetInterface/AppleUSBDeviceNCMData/IOUSBDeviceInterface/AppleT8122USBXDCI/AppleARMIODevice/AppleH15IO/IOPlatformDevice/AppleARMPE/IOPlatformExpertDevice/IORegistryEntry
interface	2026-10-03T03:49:09.837Z	965075.0967425418	download-load	Instant(_value: 3040477.856171375 seconds)	0	2	25	0	26	25	physicalEthernet	en4#7#4294970257#6	0	0	0.0	0.0	Optional(false)	SC Ethernet; hardware provider IOEthernetInterface/AppleUSBDeviceNCMData/IOUSBDeviceInterface/AppleT8122USBXDCI/AppleARMIODevice/AppleH15IO/IOPlatformDevice/AppleARMPE/IOPlatformExpertDevice/IORegistryEntry
interface	2026-10-03T03:49:09.837Z	965075.0967425418	download-load	Instant(_value: 3040477.856171375 seconds)	0	2	25	0	26	25	physicalEthernet	en5#8#4294970175#7	0	0	0.0	0.0	Optional(false)	SC Ethernet; hardware provider IOEthernetInterface/AppleUSBDeviceNCMData/IOUSBDeviceInterface/AppleT8122USBXDCI/AppleARMIODevice/AppleH15IO/IOPlatformDevice/AppleARMPE/IOPlatformExpertDevice/IORegistryEntry
interface	2026-10-03T03:49:09.837Z	965075.0967425418	download-load	Instant(_value: 3040477.856171375 seconds)	0	2	25	0	26	25	physicalEthernet	en6#9#4294970236#8	0	0	0.0	0.0	Optional(false)	SC Ethernet; hardware provider IOEthernetInterface/AppleUSBDeviceNCMData/IOUSBDeviceInterface/AppleT8122USBXDCI/AppleARMIODevice/AppleH15IO/IOPlatformDevice/AppleARMPE/IOPlatformExpertDevice/IORegistryEntry
interface	2026-10-03T03:49:09.837Z	965075.0967425418	download-load	Instant(_value: 3040477.856171375 seconds)	0	2	25	0	26	25	physicalEthernet	en1#10#4294970312#9	0	0	0.0	0.0	Optional(false)	SC Ethernet; hardware provider IOEthernetInterface/AppleThunderboltIPPort/AppleThunderboltIPService/IOThunderboltLocalNode/IOThunderboltControllerType5/AppleThunderboltNHIType5/AppleThunderboltHALType5/AppleARMIODevice/AppleH15IO/IOPlatformDevice/AppleARMPE/IOPlatformExpertDevice/IORegistryEntry
interface	2026-10-03T03:49:09.837Z	965075.0967425418	download-load	Instant(_value: 3040477.856171375 seconds)	0	2	25	0	26	25	physicalEthernet	en2#11#4294970264#10	0	0	0.0	0.0	Optional(false)	SC Ethernet; hardware provider IOEthernetInterface/AppleThunderboltIPPort/AppleThunderboltIPService/IOThunderboltLocalNode/IOThunderboltControllerType5/AppleThunderboltNHIType5/AppleThunderboltHALType5/AppleARMIODevice/AppleH15IO/IOPlatformDevice/AppleARMPE/IOPlatformExpertDevice/IORegistryEntry
interface	2026-10-03T03:49:09.837Z	965075.0967425418	download-load	Instant(_value: 3040477.856171375 seconds)	0	2	25	0	26	25	physicalEthernet	en3#12#4294970379#11	0	0	0.0	0.0	Optional(false)	SC Ethernet; hardware provider IOEthernetInterface/AppleThunderboltIPPort/AppleThunderboltIPService/IOThunderboltLocalNode/IOThunderboltControllerType5/AppleThunderboltNHIType5/AppleThunderboltHALType5/AppleARMIODevice/AppleH15IO/IOPlatformDevice/AppleARMPE/IOPlatformExpertDevice/IORegistryEntry
interface	2026-10-03T03:49:09.837Z	965075.0967425418	download-load	Instant(_value: 3040477.856171375 seconds)	0	2	25	0	26	25	logical	bridge0#15#nil#12	0	0	0.0	0.0	Optional(false)	route link type=209
interface	2026-10-03T03:49:09.837Z	965075.0967425418	download-load	Instant(_value: 3040477.856171375 seconds)	0	2	25	0	26	25	unknown	ap1#13#nil#13	0	0	0.0	0.0	nil	IORegistry provider unavailable; SC type=
interface	2026-10-03T03:49:09.837Z	965075.0967425418	download-load	Instant(_value: 3040477.856171375 seconds)	0	2	25	0	26	25	physicalWiFi	en0#14#4294971925#14	3139940352	1999365120	2395510.0462782783	15511.194148301276	Optional(true)	SC Wi-Fi; hardware provider IOSkywalkLegacyEthernetInterface/IO80211Controller/IOUserNetworkWLAN/IOUserService/IOUserService/IOPCIDevice/ApplePCIEHostBridge/IOPCIDevice/AppleT6031PCIe/AppleARMIODevice/AppleH15IO/IOPlatformDevice/AppleARMPE/IOPlatformExpertDevice/IORegistryEntry
interface	2026-10-03T03:49:09.837Z	965075.0967425418	download-load	Instant(_value: 3040477.856171375 seconds)	0	2	25	0	26	25	virtual	awdl0#16#nil#15	8599552	8556544	0.0	0.0	Optional(true)	SIOCGIFFUNCTIONALTYPE=4
interface	2026-10-03T03:49:09.837Z	965075.0967425418	download-load	Instant(_value: 3040477.856171375 seconds)	0	2	25	0	26	25	unknown	llw0#17#nil#16	0	0	0.0	0.0	nil	IORegistry provider unavailable; SC type=
interface	2026-10-03T03:49:09.837Z	965075.0967425418	download-load	Instant(_value: 3040477.856171375 seconds)	0	2	25	0	26	25	tunnel	utun0#18#nil#17	0	0	0.0	0.0	nil	tunnel name; VPN service unconfirmed
interface	2026-10-03T03:49:09.837Z	965075.0967425418	download-load	Instant(_value: 3040477.856171375 seconds)	0	2	25	0	26	25	tunnel	utun1#19#nil#18	0	8192	0.0	0.0	nil	tunnel name; VPN service unconfirmed
interface	2026-10-03T03:49:09.837Z	965075.0967425418	download-load	Instant(_value: 3040477.856171375 seconds)	0	2	25	0	26	25	tunnel	utun2#20#nil#19	0	8192	0.0	0.0	nil	tunnel name; VPN service unconfirmed
interface	2026-10-03T03:49:09.837Z	965075.0967425418	download-load	Instant(_value: 3040477.856171375 seconds)	0	2	25	0	26	25	tunnel	utun3#21#nil#20	0	8192	0.0	0.0	nil	tunnel name; VPN service unconfirmed
interface	2026-10-03T03:49:09.837Z	965075.0967425418	download-load	Instant(_value: 3040477.856171375 seconds)	0	2	25	0	26	25	tunnel	utun4#24#nil#21	9216	4096	0.0	0.0	nil	tunnel name; VPN service unconfirmed
interface	2026-10-03T03:49:09.837Z	965075.0967425418	download-load	Instant(_value: 3040477.856171375 seconds)	0	2	25	0	26	25	tunnel	utun5#25#nil#22	166912	143360	0.0	0.0	nil	tunnel name; VPN service unconfirmed
interface	2026-10-03T03:49:09.837Z	965075.0967425418	download-load	Instant(_value: 3040477.856171375 seconds)	0	2	25	0	26	25	tunnel	utun6#26#nil#23	0	8192	0.0	0.0	nil	tunnel name; VPN service unconfirmed
interface	2026-10-03T03:49:09.837Z	965075.0967425418	download-load	Instant(_value: 3040477.856171375 seconds)	0	2	25	0	26	25	tunnel	utun7#27#nil#24	0	8192	0.0	0.0	nil	tunnel name; VPN service unconfirmed
interface	2026-10-03T03:49:09.837Z	965075.0967425418	download-load	Instant(_value: 3040477.856171375 seconds)	0	2	25	0	26	25	virtual	vmenet0#22#4295372070#25	5120	1833984	0.0	0.0	Optional(true)	virtual provider IOUserEthernetInterface/IOUserEthernetController/IOUserEthernetResourceUserClient/IOUserEthernetResource/IOResources/IOPlatformExpertDevice/IORegistryEntry
interface	2026-10-03T03:49:09.837Z	965075.0967425418	download-load	Instant(_value: 3040477.856171375 seconds)	0	2	25	0	26	25	logical	bridge100#23#nil#26	0	3668992	0.0	0.0	Optional(true)	route link type=209
delivery	2026-10-03T03:49:09.837Z	965075.0967425418	download-load	Instant(_value: 3040477.856171375 seconds)	0	2	25	0	26	25	delivered	networkActivity						sameReadAt=true
card	2026-10-03T03:49:09.837Z	965075.0967425418	download-load	Optional(Swift.ContinuousClock.Instant(_value: 3040477.856171375 seconds))					26		partial("물리 대상의 식별·연결·속도 일부를 확인하지 못했습니다")	NetworkCard			2395510.0462782783	15511.194148301276	true	Network 카드, 일부 수집 실패: 물리 대상의 식별·연결·속도 일부를 확인하지 못했습니다, 확인된 일부 합계 다운로드 2.3 MB/s, 업로드 15.1 KB/s, 일부 수집 실패: 대상 identity 또는 물리 정보 일부 미확인
sample	2026-10-03T03:49:11.024Z	965076.2832843751	download-load	Instant(_value: 3040478.8562528333 seconds)	0	2	26	0	26	26	partial("물리 대상의 식별·연결·속도 일부를 확인하지 못했습니다")	knownPhysical			2512691.3211903586	6143.499562812613	false	representativeRX=-1.0;representativeTX=-1.0
interface	2026-10-03T03:49:11.024Z	965076.2832843751	download-load	Instant(_value: 3040478.8562528333 seconds)	0	2	26	0	26	26	tunnel	gif0#2#nil#1	0	0	0.0	0.0	nil	route tunnel link type=55
interface	2026-10-03T03:49:11.024Z	965076.2832843751	download-load	Instant(_value: 3040478.8562528333 seconds)	0	2	26	0	26	26	tunnel	stf0#3#nil#2	0	0	0.0	0.0	nil	route tunnel link type=57
interface	2026-10-03T03:49:11.024Z	965076.2832843751	download-load	Instant(_value: 3040478.8562528333 seconds)	0	2	26	0	26	26	virtual	anpi1#4#4294970237#3	0	0	0.0	0.0	Optional(false)	private auxiliary network interface AppleUSBDeviceNCMPrivateEthernetInterface/AppleUSBDeviceNCMData/IOUSBDeviceInterface/AppleT8122USBXDCI/AppleARMIODevice/AppleH15IO/IOPlatformDevice/AppleARMPE/IOPlatformExpertDevice/IORegistryEntry
interface	2026-10-03T03:49:11.024Z	965076.2832843751	download-load	Instant(_value: 3040478.8562528333 seconds)	0	2	26	0	26	26	virtual	anpi2#5#4294970293#4	0	0	0.0	0.0	Optional(false)	private auxiliary network interface AppleUSBDeviceNCMPrivateEthernetInterface/AppleUSBDeviceNCMData/IOUSBDeviceInterface/AppleT8122USBXDCI/AppleARMIODevice/AppleH15IO/IOPlatformDevice/AppleARMPE/IOPlatformExpertDevice/IORegistryEntry
interface	2026-10-03T03:49:11.024Z	965076.2832843751	download-load	Instant(_value: 3040478.8562528333 seconds)	0	2	26	0	26	26	virtual	anpi0#6#4294970305#5	0	0	0.0	0.0	Optional(false)	private auxiliary network interface AppleUSBDeviceNCMPrivateEthernetInterface/AppleUSBDeviceNCMData/IOUSBDeviceInterface/AppleT8122USBXDCI/AppleARMIODevice/AppleH15IO/IOPlatformDevice/AppleARMPE/IOPlatformExpertDevice/IORegistryEntry
interface	2026-10-03T03:49:11.024Z	965076.2832843751	download-load	Instant(_value: 3040478.8562528333 seconds)	0	2	26	0	26	26	physicalEthernet	en4#7#4294970257#6	0	0	0.0	0.0	Optional(false)	SC Ethernet; hardware provider IOEthernetInterface/AppleUSBDeviceNCMData/IOUSBDeviceInterface/AppleT8122USBXDCI/AppleARMIODevice/AppleH15IO/IOPlatformDevice/AppleARMPE/IOPlatformExpertDevice/IORegistryEntry
interface	2026-10-03T03:49:11.024Z	965076.2832843751	download-load	Instant(_value: 3040478.8562528333 seconds)	0	2	26	0	26	26	physicalEthernet	en5#8#4294970175#7	0	0	0.0	0.0	Optional(false)	SC Ethernet; hardware provider IOEthernetInterface/AppleUSBDeviceNCMData/IOUSBDeviceInterface/AppleT8122USBXDCI/AppleARMIODevice/AppleH15IO/IOPlatformDevice/AppleARMPE/IOPlatformExpertDevice/IORegistryEntry
interface	2026-10-03T03:49:11.024Z	965076.2832843751	download-load	Instant(_value: 3040478.8562528333 seconds)	0	2	26	0	26	26	physicalEthernet	en6#9#4294970236#8	0	0	0.0	0.0	Optional(false)	SC Ethernet; hardware provider IOEthernetInterface/AppleUSBDeviceNCMData/IOUSBDeviceInterface/AppleT8122USBXDCI/AppleARMIODevice/AppleH15IO/IOPlatformDevice/AppleARMPE/IOPlatformExpertDevice/IORegistryEntry
interface	2026-10-03T03:49:11.024Z	965076.2832843751	download-load	Instant(_value: 3040478.8562528333 seconds)	0	2	26	0	26	26	physicalEthernet	en1#10#4294970312#9	0	0	0.0	0.0	Optional(false)	SC Ethernet; hardware provider IOEthernetInterface/AppleThunderboltIPPort/AppleThunderboltIPService/IOThunderboltLocalNode/IOThunderboltControllerType5/AppleThunderboltNHIType5/AppleThunderboltHALType5/AppleARMIODevice/AppleH15IO/IOPlatformDevice/AppleARMPE/IOPlatformExpertDevice/IORegistryEntry
interface	2026-10-03T03:49:11.024Z	965076.2832843751	download-load	Instant(_value: 3040478.8562528333 seconds)	0	2	26	0	26	26	physicalEthernet	en2#11#4294970264#10	0	0	0.0	0.0	Optional(false)	SC Ethernet; hardware provider IOEthernetInterface/AppleThunderboltIPPort/AppleThunderboltIPService/IOThunderboltLocalNode/IOThunderboltControllerType5/AppleThunderboltNHIType5/AppleThunderboltHALType5/AppleARMIODevice/AppleH15IO/IOPlatformDevice/AppleARMPE/IOPlatformExpertDevice/IORegistryEntry
interface	2026-10-03T03:49:11.024Z	965076.2832843751	download-load	Instant(_value: 3040478.8562528333 seconds)	0	2	26	0	26	26	physicalEthernet	en3#12#4294970379#11	0	0	0.0	0.0	Optional(false)	SC Ethernet; hardware provider IOEthernetInterface/AppleThunderboltIPPort/AppleThunderboltIPService/IOThunderboltLocalNode/IOThunderboltControllerType5/AppleThunderboltNHIType5/AppleThunderboltHALType5/AppleARMIODevice/AppleH15IO/IOPlatformDevice/AppleARMPE/IOPlatformExpertDevice/IORegistryEntry
interface	2026-10-03T03:49:11.024Z	965076.2832843751	download-load	Instant(_value: 3040478.8562528333 seconds)	0	2	26	0	26	26	logical	bridge0#15#nil#12	0	0	0.0	0.0	Optional(false)	route link type=209
interface	2026-10-03T03:49:11.024Z	965076.2832843751	download-load	Instant(_value: 3040478.8562528333 seconds)	0	2	26	0	26	26	unknown	ap1#13#nil#13	0	0	0.0	0.0	nil	IORegistry provider unavailable; SC type=
interface	2026-10-03T03:49:11.024Z	965076.2832843751	download-load	Instant(_value: 3040478.8562528333 seconds)	0	2	26	0	26	26	physicalWiFi	en0#14#4294971925#14	3142453248	1999371264	2512691.3211903586	6143.499562812613	Optional(true)	SC Wi-Fi; hardware provider IOSkywalkLegacyEthernetInterface/IO80211Controller/IOUserNetworkWLAN/IOUserService/IOUserService/IOPCIDevice/ApplePCIEHostBridge/IOPCIDevice/AppleT6031PCIe/AppleARMIODevice/AppleH15IO/IOPlatformDevice/AppleARMPE/IOPlatformExpertDevice/IORegistryEntry
interface	2026-10-03T03:49:11.024Z	965076.2832843751	download-load	Instant(_value: 3040478.8562528333 seconds)	0	2	26	0	26	26	virtual	awdl0#16#nil#15	8599552	8556544	0.0	0.0	Optional(true)	SIOCGIFFUNCTIONALTYPE=4
interface	2026-10-03T03:49:11.024Z	965076.2832843751	download-load	Instant(_value: 3040478.8562528333 seconds)	0	2	26	0	26	26	unknown	llw0#17#nil#16	0	0	0.0	0.0	nil	IORegistry provider unavailable; SC type=
interface	2026-10-03T03:49:11.024Z	965076.2832843751	download-load	Instant(_value: 3040478.8562528333 seconds)	0	2	26	0	26	26	tunnel	utun0#18#nil#17	0	0	0.0	0.0	nil	tunnel name; VPN service unconfirmed
interface	2026-10-03T03:49:11.024Z	965076.2832843751	download-load	Instant(_value: 3040478.8562528333 seconds)	0	2	26	0	26	26	tunnel	utun1#19#nil#18	0	8192	0.0	0.0	nil	tunnel name; VPN service unconfirmed
interface	2026-10-03T03:49:11.024Z	965076.2832843751	download-load	Instant(_value: 3040478.8562528333 seconds)	0	2	26	0	26	26	tunnel	utun2#20#nil#19	0	8192	0.0	0.0	nil	tunnel name; VPN service unconfirmed
interface	2026-10-03T03:49:11.024Z	965076.2832843751	download-load	Instant(_value: 3040478.8562528333 seconds)	0	2	26	0	26	26	tunnel	utun3#21#nil#20	0	8192	0.0	0.0	nil	tunnel name; VPN service unconfirmed
interface	2026-10-03T03:49:11.024Z	965076.2832843751	download-load	Instant(_value: 3040478.8562528333 seconds)	0	2	26	0	26	26	tunnel	utun4#24#nil#21	9216	4096	0.0	0.0	nil	tunnel name; VPN service unconfirmed
interface	2026-10-03T03:49:11.024Z	965076.2832843751	download-load	Instant(_value: 3040478.8562528333 seconds)	0	2	26	0	26	26	tunnel	utun5#25#nil#22	166912	143360	0.0	0.0	nil	tunnel name; VPN service unconfirmed
interface	2026-10-03T03:49:11.024Z	965076.2832843751	download-load	Instant(_value: 3040478.8562528333 seconds)	0	2	26	0	26	26	tunnel	utun6#26#nil#23	0	8192	0.0	0.0	nil	tunnel name; VPN service unconfirmed
interface	2026-10-03T03:49:11.024Z	965076.2832843751	download-load	Instant(_value: 3040478.8562528333 seconds)	0	2	26	0	26	26	tunnel	utun7#27#nil#24	0	8192	0.0	0.0	nil	tunnel name; VPN service unconfirmed
interface	2026-10-03T03:49:11.024Z	965076.2832843751	download-load	Instant(_value: 3040478.8562528333 seconds)	0	2	26	0	26	26	virtual	vmenet0#22#4295372070#25	5120	1833984	0.0	0.0	Optional(true)	virtual provider IOUserEthernetInterface/IOUserEthernetController/IOUserEthernetResourceUserClient/IOUserEthernetResource/IOResources/IOPlatformExpertDevice/IORegistryEntry
interface	2026-10-03T03:49:11.024Z	965076.2832843751	download-load	Instant(_value: 3040478.8562528333 seconds)	0	2	26	0	26	26	logical	bridge100#23#nil#26	0	3668992	0.0	0.0	Optional(true)	route link type=209
delivery	2026-10-03T03:49:11.024Z	965076.2832843751	download-load	Instant(_value: 3040478.8562528333 seconds)	0	2	26	0	26	26	delivered	networkActivity						sameReadAt=true
card	2026-10-03T03:49:11.024Z	965076.2832843751	download-load	Optional(Swift.ContinuousClock.Instant(_value: 3040478.8562528333 seconds))					26		partial("물리 대상의 식별·연결·속도 일부를 확인하지 못했습니다")	NetworkCard			2512691.3211903586	6143.499562812613	true	Network 카드, 일부 수집 실패: 물리 대상의 식별·연결·속도 일부를 확인하지 못했습니다, 확인된 일부 합계 다운로드 2.4 MB/s, 업로드 6.0 KB/s, 일부 수집 실패: 대상 identity 또는 물리 정보 일부 미확인
sample	2026-10-03T03:49:12.090Z	965077.3492220418	download-load	Instant(_value: 3040479.850383541 seconds)	0	2	27	0	26	27	partial("물리 대상의 식별·연결·속도 일부를 확인하지 못했습니다")	knownPhysical			2528762.042827873	20600.9127725285	false	representativeRX=-1.0;representativeTX=-1.0
interface	2026-10-03T03:49:12.090Z	965077.3492220418	download-load	Instant(_value: 3040479.850383541 seconds)	0	2	27	0	26	27	tunnel	gif0#2#nil#1	0	0	0.0	0.0	nil	route tunnel link type=55
interface	2026-10-03T03:49:12.090Z	965077.3492220418	download-load	Instant(_value: 3040479.850383541 seconds)	0	2	27	0	26	27	tunnel	stf0#3#nil#2	0	0	0.0	0.0	nil	route tunnel link type=57
interface	2026-10-03T03:49:12.090Z	965077.3492220418	download-load	Instant(_value: 3040479.850383541 seconds)	0	2	27	0	26	27	virtual	anpi1#4#4294970237#3	0	0	0.0	0.0	Optional(false)	private auxiliary network interface AppleUSBDeviceNCMPrivateEthernetInterface/AppleUSBDeviceNCMData/IOUSBDeviceInterface/AppleT8122USBXDCI/AppleARMIODevice/AppleH15IO/IOPlatformDevice/AppleARMPE/IOPlatformExpertDevice/IORegistryEntry
interface	2026-10-03T03:49:12.090Z	965077.3492220418	download-load	Instant(_value: 3040479.850383541 seconds)	0	2	27	0	26	27	virtual	anpi2#5#4294970293#4	0	0	0.0	0.0	Optional(false)	private auxiliary network interface AppleUSBDeviceNCMPrivateEthernetInterface/AppleUSBDeviceNCMData/IOUSBDeviceInterface/AppleT8122USBXDCI/AppleARMIODevice/AppleH15IO/IOPlatformDevice/AppleARMPE/IOPlatformExpertDevice/IORegistryEntry
interface	2026-10-03T03:49:12.090Z	965077.3492220418	download-load	Instant(_value: 3040479.850383541 seconds)	0	2	27	0	26	27	virtual	anpi0#6#4294970305#5	0	0	0.0	0.0	Optional(false)	private auxiliary network interface AppleUSBDeviceNCMPrivateEthernetInterface/AppleUSBDeviceNCMData/IOUSBDeviceInterface/AppleT8122USBXDCI/AppleARMIODevice/AppleH15IO/IOPlatformDevice/AppleARMPE/IOPlatformExpertDevice/IORegistryEntry
interface	2026-10-03T03:49:12.090Z	965077.3492220418	download-load	Instant(_value: 3040479.850383541 seconds)	0	2	27	0	26	27	physicalEthernet	en4#7#4294970257#6	0	0	0.0	0.0	Optional(false)	SC Ethernet; hardware provider IOEthernetInterface/AppleUSBDeviceNCMData/IOUSBDeviceInterface/AppleT8122USBXDCI/AppleARMIODevice/AppleH15IO/IOPlatformDevice/AppleARMPE/IOPlatformExpertDevice/IORegistryEntry
interface	2026-10-03T03:49:12.090Z	965077.3492220418	download-load	Instant(_value: 3040479.850383541 seconds)	0	2	27	0	26	27	physicalEthernet	en5#8#4294970175#7	0	0	0.0	0.0	Optional(false)	SC Ethernet; hardware provider IOEthernetInterface/AppleUSBDeviceNCMData/IOUSBDeviceInterface/AppleT8122USBXDCI/AppleARMIODevice/AppleH15IO/IOPlatformDevice/AppleARMPE/IOPlatformExpertDevice/IORegistryEntry
interface	2026-10-03T03:49:12.090Z	965077.3492220418	download-load	Instant(_value: 3040479.850383541 seconds)	0	2	27	0	26	27	physicalEthernet	en6#9#4294970236#8	0	0	0.0	0.0	Optional(false)	SC Ethernet; hardware provider IOEthernetInterface/AppleUSBDeviceNCMData/IOUSBDeviceInterface/AppleT8122USBXDCI/AppleARMIODevice/AppleH15IO/IOPlatformDevice/AppleARMPE/IOPlatformExpertDevice/IORegistryEntry
interface	2026-10-03T03:49:12.090Z	965077.3492220418	download-load	Instant(_value: 3040479.850383541 seconds)	0	2	27	0	26	27	physicalEthernet	en1#10#4294970312#9	0	0	0.0	0.0	Optional(false)	SC Ethernet; hardware provider IOEthernetInterface/AppleThunderboltIPPort/AppleThunderboltIPService/IOThunderboltLocalNode/IOThunderboltControllerType5/AppleThunderboltNHIType5/AppleThunderboltHALType5/AppleARMIODevice/AppleH15IO/IOPlatformDevice/AppleARMPE/IOPlatformExpertDevice/IORegistryEntry
interface	2026-10-03T03:49:12.090Z	965077.3492220418	download-load	Instant(_value: 3040479.850383541 seconds)	0	2	27	0	26	27	physicalEthernet	en2#11#4294970264#10	0	0	0.0	0.0	Optional(false)	SC Ethernet; hardware provider IOEthernetInterface/AppleThunderboltIPPort/AppleThunderboltIPService/IOThunderboltLocalNode/IOThunderboltControllerType5/AppleThunderboltNHIType5/AppleThunderboltHALType5/AppleARMIODevice/AppleH15IO/IOPlatformDevice/AppleARMPE/IOPlatformExpertDevice/IORegistryEntry
interface	2026-10-03T03:49:12.090Z	965077.3492220418	download-load	Instant(_value: 3040479.850383541 seconds)	0	2	27	0	26	27	physicalEthernet	en3#12#4294970379#11	0	0	0.0	0.0	Optional(false)	SC Ethernet; hardware provider IOEthernetInterface/AppleThunderboltIPPort/AppleThunderboltIPService/IOThunderboltLocalNode/IOThunderboltControllerType5/AppleThunderboltNHIType5/AppleThunderboltHALType5/AppleARMIODevice/AppleH15IO/IOPlatformDevice/AppleARMPE/IOPlatformExpertDevice/IORegistryEntry
interface	2026-10-03T03:49:12.090Z	965077.3492220418	download-load	Instant(_value: 3040479.850383541 seconds)	0	2	27	0	26	27	logical	bridge0#15#nil#12	0	0	0.0	0.0	Optional(false)	route link type=209
interface	2026-10-03T03:49:12.090Z	965077.3492220418	download-load	Instant(_value: 3040479.850383541 seconds)	0	2	27	0	26	27	unknown	ap1#13#nil#13	0	0	0.0	0.0	nil	IORegistry provider unavailable; SC type=
interface	2026-10-03T03:49:12.090Z	965077.3492220418	download-load	Instant(_value: 3040479.850383541 seconds)	0	2	27	0	26	27	physicalWiFi	en0#14#4294971925#14	3144967168	1999391744	2528762.042827873	20600.9127725285	Optional(true)	SC Wi-Fi; hardware provider IOSkywalkLegacyEthernetInterface/IO80211Controller/IOUserNetworkWLAN/IOUserService/IOUserService/IOPCIDevice/ApplePCIEHostBridge/IOPCIDevice/AppleT6031PCIe/AppleARMIODevice/AppleH15IO/IOPlatformDevice/AppleARMPE/IOPlatformExpertDevice/IORegistryEntry
interface	2026-10-03T03:49:12.090Z	965077.3492220418	download-load	Instant(_value: 3040479.850383541 seconds)	0	2	27	0	26	27	virtual	awdl0#16#nil#15	8599552	8556544	0.0	0.0	Optional(true)	SIOCGIFFUNCTIONALTYPE=4
interface	2026-10-03T03:49:12.090Z	965077.3492220418	download-load	Instant(_value: 3040479.850383541 seconds)	0	2	27	0	26	27	unknown	llw0#17#nil#16	0	0	0.0	0.0	nil	IORegistry provider unavailable; SC type=
interface	2026-10-03T03:49:12.090Z	965077.3492220418	download-load	Instant(_value: 3040479.850383541 seconds)	0	2	27	0	26	27	tunnel	utun0#18#nil#17	0	0	0.0	0.0	nil	tunnel name; VPN service unconfirmed
interface	2026-10-03T03:49:12.090Z	965077.3492220418	download-load	Instant(_value: 3040479.850383541 seconds)	0	2	27	0	26	27	tunnel	utun1#19#nil#18	0	8192	0.0	0.0	nil	tunnel name; VPN service unconfirmed
interface	2026-10-03T03:49:12.090Z	965077.3492220418	download-load	Instant(_value: 3040479.850383541 seconds)	0	2	27	0	26	27	tunnel	utun2#20#nil#19	0	8192	0.0	0.0	nil	tunnel name; VPN service unconfirmed
interface	2026-10-03T03:49:12.090Z	965077.3492220418	download-load	Instant(_value: 3040479.850383541 seconds)	0	2	27	0	26	27	tunnel	utun3#21#nil#20	0	8192	0.0	0.0	nil	tunnel name; VPN service unconfirmed
interface	2026-10-03T03:49:12.090Z	965077.3492220418	download-load	Instant(_value: 3040479.850383541 seconds)	0	2	27	0	26	27	tunnel	utun4#24#nil#21	9216	4096	0.0	0.0	nil	tunnel name; VPN service unconfirmed
interface	2026-10-03T03:49:12.090Z	965077.3492220418	download-load	Instant(_value: 3040479.850383541 seconds)	0	2	27	0	26	27	tunnel	utun5#25#nil#22	166912	143360	0.0	0.0	nil	tunnel name; VPN service unconfirmed
interface	2026-10-03T03:49:12.090Z	965077.3492220418	download-load	Instant(_value: 3040479.850383541 seconds)	0	2	27	0	26	27	tunnel	utun6#26#nil#23	0	8192	0.0	0.0	nil	tunnel name; VPN service unconfirmed
interface	2026-10-03T03:49:12.090Z	965077.3492220418	download-load	Instant(_value: 3040479.850383541 seconds)	0	2	27	0	26	27	tunnel	utun7#27#nil#24	0	8192	0.0	0.0	nil	tunnel name; VPN service unconfirmed
interface	2026-10-03T03:49:12.090Z	965077.3492220418	download-load	Instant(_value: 3040479.850383541 seconds)	0	2	27	0	26	27	virtual	vmenet0#22#4295372070#25	5120	1833984	0.0	0.0	Optional(true)	virtual provider IOUserEthernetInterface/IOUserEthernetController/IOUserEthernetResourceUserClient/IOUserEthernetResource/IOResources/IOPlatformExpertDevice/IORegistryEntry
interface	2026-10-03T03:49:12.090Z	965077.3492220418	download-load	Instant(_value: 3040479.850383541 seconds)	0	2	27	0	26	27	logical	bridge100#23#nil#26	0	3668992	0.0	0.0	Optional(true)	route link type=209
delivery	2026-10-03T03:49:12.090Z	965077.3492220418	download-load	Instant(_value: 3040479.850383541 seconds)	0	2	27	0	26	27	delivered	networkActivity						sameReadAt=true
card	2026-10-03T03:49:12.090Z	965077.3492220418	download-load	Optional(Swift.ContinuousClock.Instant(_value: 3040479.850383541 seconds))					26		partial("물리 대상의 식별·연결·속도 일부를 확인하지 못했습니다")	NetworkCard			2528762.042827873	20600.9127725285	true	Network 카드, 일부 수집 실패: 물리 대상의 식별·연결·속도 일부를 확인하지 못했습니다, 확인된 일부 합계 다운로드 2.4 MB/s, 업로드 20.1 KB/s, 일부 수집 실패: 대상 identity 또는 물리 정보 일부 미확인
sample	2026-10-03T03:49:13.154Z	965078.4140754584	download-load	Instant(_value: 3040480.850824125 seconds)	0	2	28	0	26	28	partial("물리 대상의 식별·연결·속도 일부를 확인하지 못했습니다")	knownPhysical			2521001.2871688944	6141.294244016794	false	representativeRX=-1.0;representativeTX=-1.0
interface	2026-10-03T03:49:13.154Z	965078.4140754584	download-load	Instant(_value: 3040480.850824125 seconds)	0	2	28	0	26	28	tunnel	gif0#2#nil#1	0	0	0.0	0.0	nil	route tunnel link type=55
interface	2026-10-03T03:49:13.154Z	965078.4140754584	download-load	Instant(_value: 3040480.850824125 seconds)	0	2	28	0	26	28	tunnel	stf0#3#nil#2	0	0	0.0	0.0	nil	route tunnel link type=57
interface	2026-10-03T03:49:13.154Z	965078.4140754584	download-load	Instant(_value: 3040480.850824125 seconds)	0	2	28	0	26	28	virtual	anpi1#4#4294970237#3	0	0	0.0	0.0	Optional(false)	private auxiliary network interface AppleUSBDeviceNCMPrivateEthernetInterface/AppleUSBDeviceNCMData/IOUSBDeviceInterface/AppleT8122USBXDCI/AppleARMIODevice/AppleH15IO/IOPlatformDevice/AppleARMPE/IOPlatformExpertDevice/IORegistryEntry
interface	2026-10-03T03:49:13.154Z	965078.4140754584	download-load	Instant(_value: 3040480.850824125 seconds)	0	2	28	0	26	28	virtual	anpi2#5#4294970293#4	0	0	0.0	0.0	Optional(false)	private auxiliary network interface AppleUSBDeviceNCMPrivateEthernetInterface/AppleUSBDeviceNCMData/IOUSBDeviceInterface/AppleT8122USBXDCI/AppleARMIODevice/AppleH15IO/IOPlatformDevice/AppleARMPE/IOPlatformExpertDevice/IORegistryEntry
interface	2026-10-03T03:49:13.154Z	965078.4140754584	download-load	Instant(_value: 3040480.850824125 seconds)	0	2	28	0	26	28	virtual	anpi0#6#4294970305#5	0	0	0.0	0.0	Optional(false)	private auxiliary network interface AppleUSBDeviceNCMPrivateEthernetInterface/AppleUSBDeviceNCMData/IOUSBDeviceInterface/AppleT8122USBXDCI/AppleARMIODevice/AppleH15IO/IOPlatformDevice/AppleARMPE/IOPlatformExpertDevice/IORegistryEntry
interface	2026-10-03T03:49:13.154Z	965078.4140754584	download-load	Instant(_value: 3040480.850824125 seconds)	0	2	28	0	26	28	physicalEthernet	en4#7#4294970257#6	0	0	0.0	0.0	Optional(false)	SC Ethernet; hardware provider IOEthernetInterface/AppleUSBDeviceNCMData/IOUSBDeviceInterface/AppleT8122USBXDCI/AppleARMIODevice/AppleH15IO/IOPlatformDevice/AppleARMPE/IOPlatformExpertDevice/IORegistryEntry
interface	2026-10-03T03:49:13.154Z	965078.4140754584	download-load	Instant(_value: 3040480.850824125 seconds)	0	2	28	0	26	28	physicalEthernet	en5#8#4294970175#7	0	0	0.0	0.0	Optional(false)	SC Ethernet; hardware provider IOEthernetInterface/AppleUSBDeviceNCMData/IOUSBDeviceInterface/AppleT8122USBXDCI/AppleARMIODevice/AppleH15IO/IOPlatformDevice/AppleARMPE/IOPlatformExpertDevice/IORegistryEntry
interface	2026-10-03T03:49:13.154Z	965078.4140754584	download-load	Instant(_value: 3040480.850824125 seconds)	0	2	28	0	26	28	physicalEthernet	en6#9#4294970236#8	0	0	0.0	0.0	Optional(false)	SC Ethernet; hardware provider IOEthernetInterface/AppleUSBDeviceNCMData/IOUSBDeviceInterface/AppleT8122USBXDCI/AppleARMIODevice/AppleH15IO/IOPlatformDevice/AppleARMPE/IOPlatformExpertDevice/IORegistryEntry
interface	2026-10-03T03:49:13.154Z	965078.4140754584	download-load	Instant(_value: 3040480.850824125 seconds)	0	2	28	0	26	28	physicalEthernet	en1#10#4294970312#9	0	0	0.0	0.0	Optional(false)	SC Ethernet; hardware provider IOEthernetInterface/AppleThunderboltIPPort/AppleThunderboltIPService/IOThunderboltLocalNode/IOThunderboltControllerType5/AppleThunderboltNHIType5/AppleThunderboltHALType5/AppleARMIODevice/AppleH15IO/IOPlatformDevice/AppleARMPE/IOPlatformExpertDevice/IORegistryEntry
interface	2026-10-03T03:49:13.154Z	965078.4140754584	download-load	Instant(_value: 3040480.850824125 seconds)	0	2	28	0	26	28	physicalEthernet	en2#11#4294970264#10	0	0	0.0	0.0	Optional(false)	SC Ethernet; hardware provider IOEthernetInterface/AppleThunderboltIPPort/AppleThunderboltIPService/IOThunderboltLocalNode/IOThunderboltControllerType5/AppleThunderboltNHIType5/AppleThunderboltHALType5/AppleARMIODevice/AppleH15IO/IOPlatformDevice/AppleARMPE/IOPlatformExpertDevice/IORegistryEntry
interface	2026-10-03T03:49:13.154Z	965078.4140754584	download-load	Instant(_value: 3040480.850824125 seconds)	0	2	28	0	26	28	physicalEthernet	en3#12#4294970379#11	0	0	0.0	0.0	Optional(false)	SC Ethernet; hardware provider IOEthernetInterface/AppleThunderboltIPPort/AppleThunderboltIPService/IOThunderboltLocalNode/IOThunderboltControllerType5/AppleThunderboltNHIType5/AppleThunderboltHALType5/AppleARMIODevice/AppleH15IO/IOPlatformDevice/AppleARMPE/IOPlatformExpertDevice/IORegistryEntry
interface	2026-10-03T03:49:13.154Z	965078.4140754584	download-load	Instant(_value: 3040480.850824125 seconds)	0	2	28	0	26	28	logical	bridge0#15#nil#12	0	0	0.0	0.0	Optional(false)	route link type=209
interface	2026-10-03T03:49:13.154Z	965078.4140754584	download-load	Instant(_value: 3040480.850824125 seconds)	0	2	28	0	26	28	unknown	ap1#13#nil#13	0	0	0.0	0.0	nil	IORegistry provider unavailable; SC type=
interface	2026-10-03T03:49:13.154Z	965078.4140754584	download-load	Instant(_value: 3040480.850824125 seconds)	0	2	28	0	26	28	physicalWiFi	en0#14#4294971925#14	3147489280	1999397888	2521001.2871688944	6141.294244016794	Optional(true)	SC Wi-Fi; hardware provider IOSkywalkLegacyEthernetInterface/IO80211Controller/IOUserNetworkWLAN/IOUserService/IOUserService/IOPCIDevice/ApplePCIEHostBridge/IOPCIDevice/AppleT6031PCIe/AppleARMIODevice/AppleH15IO/IOPlatformDevice/AppleARMPE/IOPlatformExpertDevice/IORegistryEntry
interface	2026-10-03T03:49:13.154Z	965078.4140754584	download-load	Instant(_value: 3040480.850824125 seconds)	0	2	28	0	26	28	virtual	awdl0#16#nil#15	8599552	8556544	0.0	0.0	Optional(true)	SIOCGIFFUNCTIONALTYPE=4
interface	2026-10-03T03:49:13.154Z	965078.4140754584	download-load	Instant(_value: 3040480.850824125 seconds)	0	2	28	0	26	28	unknown	llw0#17#nil#16	0	0	0.0	0.0	nil	IORegistry provider unavailable; SC type=
interface	2026-10-03T03:49:13.154Z	965078.4140754584	download-load	Instant(_value: 3040480.850824125 seconds)	0	2	28	0	26	28	tunnel	utun0#18#nil#17	0	0	0.0	0.0	nil	tunnel name; VPN service unconfirmed
interface	2026-10-03T03:49:13.154Z	965078.4140754584	download-load	Instant(_value: 3040480.850824125 seconds)	0	2	28	0	26	28	tunnel	utun1#19#nil#18	0	8192	0.0	0.0	nil	tunnel name; VPN service unconfirmed
interface	2026-10-03T03:49:13.154Z	965078.4140754584	download-load	Instant(_value: 3040480.850824125 seconds)	0	2	28	0	26	28	tunnel	utun2#20#nil#19	0	8192	0.0	0.0	nil	tunnel name; VPN service unconfirmed
interface	2026-10-03T03:49:13.154Z	965078.4140754584	download-load	Instant(_value: 3040480.850824125 seconds)	0	2	28	0	26	28	tunnel	utun3#21#nil#20	0	8192	0.0	0.0	nil	tunnel name; VPN service unconfirmed
interface	2026-10-03T03:49:13.154Z	965078.4140754584	download-load	Instant(_value: 3040480.850824125 seconds)	0	2	28	0	26	28	tunnel	utun4#24#nil#21	9216	4096	0.0	0.0	nil	tunnel name; VPN service unconfirmed
interface	2026-10-03T03:49:13.154Z	965078.4140754584	download-load	Instant(_value: 3040480.850824125 seconds)	0	2	28	0	26	28	tunnel	utun5#25#nil#22	166912	143360	0.0	0.0	nil	tunnel name; VPN service unconfirmed
interface	2026-10-03T03:49:13.154Z	965078.4140754584	download-load	Instant(_value: 3040480.850824125 seconds)	0	2	28	0	26	28	tunnel	utun6#26#nil#23	0	8192	0.0	0.0	nil	tunnel name; VPN service unconfirmed
interface	2026-10-03T03:49:13.154Z	965078.4140754584	download-load	Instant(_value: 3040480.850824125 seconds)	0	2	28	0	26	28	tunnel	utun7#27#nil#24	0	8192	0.0	0.0	nil	tunnel name; VPN service unconfirmed
interface	2026-10-03T03:49:13.154Z	965078.4140754584	download-load	Instant(_value: 3040480.850824125 seconds)	0	2	28	0	26	28	virtual	vmenet0#22#4295372070#25	5120	1833984	0.0	0.0	Optional(true)	virtual provider IOUserEthernetInterface/IOUserEthernetController/IOUserEthernetResourceUserClient/IOUserEthernetResource/IOResources/IOPlatformExpertDevice/IORegistryEntry
interface	2026-10-03T03:49:13.154Z	965078.4140754584	download-load	Instant(_value: 3040480.850824125 seconds)	0	2	28	0	26	28	logical	bridge100#23#nil#26	0	3668992	0.0	0.0	Optional(true)	route link type=209
delivery	2026-10-03T03:49:13.154Z	965078.4140754584	download-load	Instant(_value: 3040480.850824125 seconds)	0	2	28	0	26	28	delivered	networkActivity						sameReadAt=true
card	2026-10-03T03:49:13.154Z	965078.4140754584	download-load	Optional(Swift.ContinuousClock.Instant(_value: 3040480.850824125 seconds))					26		partial("물리 대상의 식별·연결·속도 일부를 확인하지 못했습니다")	NetworkCard			2521001.2871688944	6141.294244016794	true	Network 카드, 일부 수집 실패: 물리 대상의 식별·연결·속도 일부를 확인하지 못했습니다, 확인된 일부 합계 다운로드 2.4 MB/s, 업로드 6.0 KB/s, 일부 수집 실패: 대상 identity 또는 물리 정보 일부 미확인
sample	2026-10-03T03:49:14.224Z	965079.4838245417	download-load	Instant(_value: 3040481.862793083 seconds)	0	2	29	0	26	29	partial("물리 대상의 식별·연결·속도 일부를 확인하지 못했습니다")	knownPhysical			2518591.089036152	25297.218652432224	false	representativeRX=-1.0;representativeTX=-1.0
interface	2026-10-03T03:49:14.224Z	965079.4838245417	download-load	Instant(_value: 3040481.862793083 seconds)	0	2	29	0	26	29	tunnel	gif0#2#nil#1	0	0	0.0	0.0	nil	route tunnel link type=55
interface	2026-10-03T03:49:14.224Z	965079.4838245417	download-load	Instant(_value: 3040481.862793083 seconds)	0	2	29	0	26	29	tunnel	stf0#3#nil#2	0	0	0.0	0.0	nil	route tunnel link type=57
interface	2026-10-03T03:49:14.224Z	965079.4838245417	download-load	Instant(_value: 3040481.862793083 seconds)	0	2	29	0	26	29	virtual	anpi1#4#4294970237#3	0	0	0.0	0.0	Optional(false)	private auxiliary network interface AppleUSBDeviceNCMPrivateEthernetInterface/AppleUSBDeviceNCMData/IOUSBDeviceInterface/AppleT8122USBXDCI/AppleARMIODevice/AppleH15IO/IOPlatformDevice/AppleARMPE/IOPlatformExpertDevice/IORegistryEntry
interface	2026-10-03T03:49:14.224Z	965079.4838245417	download-load	Instant(_value: 3040481.862793083 seconds)	0	2	29	0	26	29	virtual	anpi2#5#4294970293#4	0	0	0.0	0.0	Optional(false)	private auxiliary network interface AppleUSBDeviceNCMPrivateEthernetInterface/AppleUSBDeviceNCMData/IOUSBDeviceInterface/AppleT8122USBXDCI/AppleARMIODevice/AppleH15IO/IOPlatformDevice/AppleARMPE/IOPlatformExpertDevice/IORegistryEntry
interface	2026-10-03T03:49:14.224Z	965079.4838245417	download-load	Instant(_value: 3040481.862793083 seconds)	0	2	29	0	26	29	virtual	anpi0#6#4294970305#5	0	0	0.0	0.0	Optional(false)	private auxiliary network interface AppleUSBDeviceNCMPrivateEthernetInterface/AppleUSBDeviceNCMData/IOUSBDeviceInterface/AppleT8122USBXDCI/AppleARMIODevice/AppleH15IO/IOPlatformDevice/AppleARMPE/IOPlatformExpertDevice/IORegistryEntry
interface	2026-10-03T03:49:14.224Z	965079.4838245417	download-load	Instant(_value: 3040481.862793083 seconds)	0	2	29	0	26	29	physicalEthernet	en4#7#4294970257#6	0	0	0.0	0.0	Optional(false)	SC Ethernet; hardware provider IOEthernetInterface/AppleUSBDeviceNCMData/IOUSBDeviceInterface/AppleT8122USBXDCI/AppleARMIODevice/AppleH15IO/IOPlatformDevice/AppleARMPE/IOPlatformExpertDevice/IORegistryEntry
interface	2026-10-03T03:49:14.224Z	965079.4838245417	download-load	Instant(_value: 3040481.862793083 seconds)	0	2	29	0	26	29	physicalEthernet	en5#8#4294970175#7	0	0	0.0	0.0	Optional(false)	SC Ethernet; hardware provider IOEthernetInterface/AppleUSBDeviceNCMData/IOUSBDeviceInterface/AppleT8122USBXDCI/AppleARMIODevice/AppleH15IO/IOPlatformDevice/AppleARMPE/IOPlatformExpertDevice/IORegistryEntry
interface	2026-10-03T03:49:14.224Z	965079.4838245417	download-load	Instant(_value: 3040481.862793083 seconds)	0	2	29	0	26	29	physicalEthernet	en6#9#4294970236#8	0	0	0.0	0.0	Optional(false)	SC Ethernet; hardware provider IOEthernetInterface/AppleUSBDeviceNCMData/IOUSBDeviceInterface/AppleT8122USBXDCI/AppleARMIODevice/AppleH15IO/IOPlatformDevice/AppleARMPE/IOPlatformExpertDevice/IORegistryEntry
interface	2026-10-03T03:49:14.224Z	965079.4838245417	download-load	Instant(_value: 3040481.862793083 seconds)	0	2	29	0	26	29	physicalEthernet	en1#10#4294970312#9	0	0	0.0	0.0	Optional(false)	SC Ethernet; hardware provider IOEthernetInterface/AppleThunderboltIPPort/AppleThunderboltIPService/IOThunderboltLocalNode/IOThunderboltControllerType5/AppleThunderboltNHIType5/AppleThunderboltHALType5/AppleARMIODevice/AppleH15IO/IOPlatformDevice/AppleARMPE/IOPlatformExpertDevice/IORegistryEntry
interface	2026-10-03T03:49:14.224Z	965079.4838245417	download-load	Instant(_value: 3040481.862793083 seconds)	0	2	29	0	26	29	physicalEthernet	en2#11#4294970264#10	0	0	0.0	0.0	Optional(false)	SC Ethernet; hardware provider IOEthernetInterface/AppleThunderboltIPPort/AppleThunderboltIPService/IOThunderboltLocalNode/IOThunderboltControllerType5/AppleThunderboltNHIType5/AppleThunderboltHALType5/AppleARMIODevice/AppleH15IO/IOPlatformDevice/AppleARMPE/IOPlatformExpertDevice/IORegistryEntry
interface	2026-10-03T03:49:14.224Z	965079.4838245417	download-load	Instant(_value: 3040481.862793083 seconds)	0	2	29	0	26	29	physicalEthernet	en3#12#4294970379#11	0	0	0.0	0.0	Optional(false)	SC Ethernet; hardware provider IOEthernetInterface/AppleThunderboltIPPort/AppleThunderboltIPService/IOThunderboltLocalNode/IOThunderboltControllerType5/AppleThunderboltNHIType5/AppleThunderboltHALType5/AppleARMIODevice/AppleH15IO/IOPlatformDevice/AppleARMPE/IOPlatformExpertDevice/IORegistryEntry
interface	2026-10-03T03:49:14.224Z	965079.4838245417	download-load	Instant(_value: 3040481.862793083 seconds)	0	2	29	0	26	29	logical	bridge0#15#nil#12	0	0	0.0	0.0	Optional(false)	route link type=209
interface	2026-10-03T03:49:14.224Z	965079.4838245417	download-load	Instant(_value: 3040481.862793083 seconds)	0	2	29	0	26	29	unknown	ap1#13#nil#13	0	0	0.0	0.0	nil	IORegistry provider unavailable; SC type=
interface	2026-10-03T03:49:14.224Z	965079.4838245417	download-load	Instant(_value: 3040481.862793083 seconds)	0	2	29	0	26	29	physicalWiFi	en0#14#4294971925#14	3150038016	1999423488	2518591.089036152	25297.218652432224	Optional(true)	SC Wi-Fi; hardware provider IOSkywalkLegacyEthernetInterface/IO80211Controller/IOUserNetworkWLAN/IOUserService/IOUserService/IOPCIDevice/ApplePCIEHostBridge/IOPCIDevice/AppleT6031PCIe/AppleARMIODevice/AppleH15IO/IOPlatformDevice/AppleARMPE/IOPlatformExpertDevice/IORegistryEntry
interface	2026-10-03T03:49:14.224Z	965079.4838245417	download-load	Instant(_value: 3040481.862793083 seconds)	0	2	29	0	26	29	virtual	awdl0#16#nil#15	8599552	8556544	0.0	0.0	Optional(true)	SIOCGIFFUNCTIONALTYPE=4
interface	2026-10-03T03:49:14.224Z	965079.4838245417	download-load	Instant(_value: 3040481.862793083 seconds)	0	2	29	0	26	29	unknown	llw0#17#nil#16	0	0	0.0	0.0	nil	IORegistry provider unavailable; SC type=
interface	2026-10-03T03:49:14.224Z	965079.4838245417	download-load	Instant(_value: 3040481.862793083 seconds)	0	2	29	0	26	29	tunnel	utun0#18#nil#17	0	0	0.0	0.0	nil	tunnel name; VPN service unconfirmed
interface	2026-10-03T03:49:14.224Z	965079.4838245417	download-load	Instant(_value: 3040481.862793083 seconds)	0	2	29	0	26	29	tunnel	utun1#19#nil#18	0	8192	0.0	0.0	nil	tunnel name; VPN service unconfirmed
interface	2026-10-03T03:49:14.224Z	965079.4838245417	download-load	Instant(_value: 3040481.862793083 seconds)	0	2	29	0	26	29	tunnel	utun2#20#nil#19	0	8192	0.0	0.0	nil	tunnel name; VPN service unconfirmed
interface	2026-10-03T03:49:14.224Z	965079.4838245417	download-load	Instant(_value: 3040481.862793083 seconds)	0	2	29	0	26	29	tunnel	utun3#21#nil#20	0	8192	0.0	0.0	nil	tunnel name; VPN service unconfirmed
interface	2026-10-03T03:49:14.224Z	965079.4838245417	download-load	Instant(_value: 3040481.862793083 seconds)	0	2	29	0	26	29	tunnel	utun4#24#nil#21	9216	4096	0.0	0.0	nil	tunnel name; VPN service unconfirmed
interface	2026-10-03T03:49:14.224Z	965079.4838245417	download-load	Instant(_value: 3040481.862793083 seconds)	0	2	29	0	26	29	tunnel	utun5#25#nil#22	166912	143360	0.0	0.0	nil	tunnel name; VPN service unconfirmed
interface	2026-10-03T03:49:14.224Z	965079.4838245417	download-load	Instant(_value: 3040481.862793083 seconds)	0	2	29	0	26	29	tunnel	utun6#26#nil#23	0	8192	0.0	0.0	nil	tunnel name; VPN service unconfirmed
interface	2026-10-03T03:49:14.224Z	965079.4838245417	download-load	Instant(_value: 3040481.862793083 seconds)	0	2	29	0	26	29	tunnel	utun7#27#nil#24	0	8192	0.0	0.0	nil	tunnel name; VPN service unconfirmed
interface	2026-10-03T03:49:14.224Z	965079.4838245417	download-load	Instant(_value: 3040481.862793083 seconds)	0	2	29	0	26	29	virtual	vmenet0#22#4295372070#25	5120	1833984	0.0	0.0	Optional(true)	virtual provider IOUserEthernetInterface/IOUserEthernetController/IOUserEthernetResourceUserClient/IOUserEthernetResource/IOResources/IOPlatformExpertDevice/IORegistryEntry
interface	2026-10-03T03:49:14.224Z	965079.4838245417	download-load	Instant(_value: 3040481.862793083 seconds)	0	2	29	0	26	29	logical	bridge100#23#nil#26	0	3668992	0.0	0.0	Optional(true)	route link type=209
delivery	2026-10-03T03:49:14.224Z	965079.4838245417	download-load	Instant(_value: 3040481.862793083 seconds)	0	2	29	0	26	29	delivered	networkActivity						sameReadAt=true
card	2026-10-03T03:49:14.224Z	965079.4838245417	download-load	Optional(Swift.ContinuousClock.Instant(_value: 3040481.862793083 seconds))					26		partial("물리 대상의 식별·연결·속도 일부를 확인하지 못했습니다")	NetworkCard			2518591.089036152	25297.218652432224	true	Network 카드, 일부 수집 실패: 물리 대상의 식별·연결·속도 일부를 확인하지 못했습니다, 확인된 일부 합계 다운로드 2.4 MB/s, 업로드 24.7 KB/s, 일부 수집 실패: 대상 identity 또는 물리 정보 일부 미확인
sample	2026-10-03T03:49:15.266Z	965080.525393625	download-load	Instant(_value: 3040482.802825166 seconds)	0	2	30	0	26	30	partial("물리 대상의 식별·연결·속도 일부를 확인하지 못했습니다")	knownPhysical			2685184.9480971387	5446.622612773101	false	representativeRX=-1.0;representativeTX=-1.0
interface	2026-10-03T03:49:15.266Z	965080.525393625	download-load	Instant(_value: 3040482.802825166 seconds)	0	2	30	0	26	30	tunnel	gif0#2#nil#1	0	0	0.0	0.0	nil	route tunnel link type=55
interface	2026-10-03T03:49:15.266Z	965080.525393625	download-load	Instant(_value: 3040482.802825166 seconds)	0	2	30	0	26	30	tunnel	stf0#3#nil#2	0	0	0.0	0.0	nil	route tunnel link type=57
interface	2026-10-03T03:49:15.266Z	965080.525393625	download-load	Instant(_value: 3040482.802825166 seconds)	0	2	30	0	26	30	virtual	anpi1#4#4294970237#3	0	0	0.0	0.0	Optional(false)	private auxiliary network interface AppleUSBDeviceNCMPrivateEthernetInterface/AppleUSBDeviceNCMData/IOUSBDeviceInterface/AppleT8122USBXDCI/AppleARMIODevice/AppleH15IO/IOPlatformDevice/AppleARMPE/IOPlatformExpertDevice/IORegistryEntry
interface	2026-10-03T03:49:15.266Z	965080.525393625	download-load	Instant(_value: 3040482.802825166 seconds)	0	2	30	0	26	30	virtual	anpi2#5#4294970293#4	0	0	0.0	0.0	Optional(false)	private auxiliary network interface AppleUSBDeviceNCMPrivateEthernetInterface/AppleUSBDeviceNCMData/IOUSBDeviceInterface/AppleT8122USBXDCI/AppleARMIODevice/AppleH15IO/IOPlatformDevice/AppleARMPE/IOPlatformExpertDevice/IORegistryEntry
interface	2026-10-03T03:49:15.266Z	965080.525393625	download-load	Instant(_value: 3040482.802825166 seconds)	0	2	30	0	26	30	virtual	anpi0#6#4294970305#5	0	0	0.0	0.0	Optional(false)	private auxiliary network interface AppleUSBDeviceNCMPrivateEthernetInterface/AppleUSBDeviceNCMData/IOUSBDeviceInterface/AppleT8122USBXDCI/AppleARMIODevice/AppleH15IO/IOPlatformDevice/AppleARMPE/IOPlatformExpertDevice/IORegistryEntry
interface	2026-10-03T03:49:15.266Z	965080.525393625	download-load	Instant(_value: 3040482.802825166 seconds)	0	2	30	0	26	30	physicalEthernet	en4#7#4294970257#6	0	0	0.0	0.0	Optional(false)	SC Ethernet; hardware provider IOEthernetInterface/AppleUSBDeviceNCMData/IOUSBDeviceInterface/AppleT8122USBXDCI/AppleARMIODevice/AppleH15IO/IOPlatformDevice/AppleARMPE/IOPlatformExpertDevice/IORegistryEntry
interface	2026-10-03T03:49:15.266Z	965080.525393625	download-load	Instant(_value: 3040482.802825166 seconds)	0	2	30	0	26	30	physicalEthernet	en5#8#4294970175#7	0	0	0.0	0.0	Optional(false)	SC Ethernet; hardware provider IOEthernetInterface/AppleUSBDeviceNCMData/IOUSBDeviceInterface/AppleT8122USBXDCI/AppleARMIODevice/AppleH15IO/IOPlatformDevice/AppleARMPE/IOPlatformExpertDevice/IORegistryEntry
interface	2026-10-03T03:49:15.266Z	965080.525393625	download-load	Instant(_value: 3040482.802825166 seconds)	0	2	30	0	26	30	physicalEthernet	en6#9#4294970236#8	0	0	0.0	0.0	Optional(false)	SC Ethernet; hardware provider IOEthernetInterface/AppleUSBDeviceNCMData/IOUSBDeviceInterface/AppleT8122USBXDCI/AppleARMIODevice/AppleH15IO/IOPlatformDevice/AppleARMPE/IOPlatformExpertDevice/IORegistryEntry
interface	2026-10-03T03:49:15.266Z	965080.525393625	download-load	Instant(_value: 3040482.802825166 seconds)	0	2	30	0	26	30	physicalEthernet	en1#10#4294970312#9	0	0	0.0	0.0	Optional(false)	SC Ethernet; hardware provider IOEthernetInterface/AppleThunderboltIPPort/AppleThunderboltIPService/IOThunderboltLocalNode/IOThunderboltControllerType5/AppleThunderboltNHIType5/AppleThunderboltHALType5/AppleARMIODevice/AppleH15IO/IOPlatformDevice/AppleARMPE/IOPlatformExpertDevice/IORegistryEntry
interface	2026-10-03T03:49:15.266Z	965080.525393625	download-load	Instant(_value: 3040482.802825166 seconds)	0	2	30	0	26	30	physicalEthernet	en2#11#4294970264#10	0	0	0.0	0.0	Optional(false)	SC Ethernet; hardware provider IOEthernetInterface/AppleThunderboltIPPort/AppleThunderboltIPService/IOThunderboltLocalNode/IOThunderboltControllerType5/AppleThunderboltNHIType5/AppleThunderboltHALType5/AppleARMIODevice/AppleH15IO/IOPlatformDevice/AppleARMPE/IOPlatformExpertDevice/IORegistryEntry
interface	2026-10-03T03:49:15.266Z	965080.525393625	download-load	Instant(_value: 3040482.802825166 seconds)	0	2	30	0	26	30	physicalEthernet	en3#12#4294970379#11	0	0	0.0	0.0	Optional(false)	SC Ethernet; hardware provider IOEthernetInterface/AppleThunderboltIPPort/AppleThunderboltIPService/IOThunderboltLocalNode/IOThunderboltControllerType5/AppleThunderboltNHIType5/AppleThunderboltHALType5/AppleARMIODevice/AppleH15IO/IOPlatformDevice/AppleARMPE/IOPlatformExpertDevice/IORegistryEntry
interface	2026-10-03T03:49:15.266Z	965080.525393625	download-load	Instant(_value: 3040482.802825166 seconds)	0	2	30	0	26	30	logical	bridge0#15#nil#12	0	0	0.0	0.0	Optional(false)	route link type=209
interface	2026-10-03T03:49:15.266Z	965080.525393625	download-load	Instant(_value: 3040482.802825166 seconds)	0	2	30	0	26	30	unknown	ap1#13#nil#13	0	0	0.0	0.0	nil	IORegistry provider unavailable; SC type=
interface	2026-10-03T03:49:15.266Z	965080.525393625	download-load	Instant(_value: 3040482.802825166 seconds)	0	2	30	0	26	30	physicalWiFi	en0#14#4294971925#14	3152562176	1999428608	2685184.9480971387	5446.622612773101	Optional(true)	SC Wi-Fi; hardware provider IOSkywalkLegacyEthernetInterface/IO80211Controller/IOUserNetworkWLAN/IOUserService/IOUserService/IOPCIDevice/ApplePCIEHostBridge/IOPCIDevice/AppleT6031PCIe/AppleARMIODevice/AppleH15IO/IOPlatformDevice/AppleARMPE/IOPlatformExpertDevice/IORegistryEntry
interface	2026-10-03T03:49:15.266Z	965080.525393625	download-load	Instant(_value: 3040482.802825166 seconds)	0	2	30	0	26	30	virtual	awdl0#16#nil#15	8599552	8556544	0.0	0.0	Optional(true)	SIOCGIFFUNCTIONALTYPE=4
interface	2026-10-03T03:49:15.266Z	965080.525393625	download-load	Instant(_value: 3040482.802825166 seconds)	0	2	30	0	26	30	unknown	llw0#17#nil#16	0	0	0.0	0.0	nil	IORegistry provider unavailable; SC type=
interface	2026-10-03T03:49:15.266Z	965080.525393625	download-load	Instant(_value: 3040482.802825166 seconds)	0	2	30	0	26	30	tunnel	utun0#18#nil#17	0	0	0.0	0.0	nil	tunnel name; VPN service unconfirmed
interface	2026-10-03T03:49:15.266Z	965080.525393625	download-load	Instant(_value: 3040482.802825166 seconds)	0	2	30	0	26	30	tunnel	utun1#19#nil#18	0	8192	0.0	0.0	nil	tunnel name; VPN service unconfirmed
interface	2026-10-03T03:49:15.266Z	965080.525393625	download-load	Instant(_value: 3040482.802825166 seconds)	0	2	30	0	26	30	tunnel	utun2#20#nil#19	0	8192	0.0	0.0	nil	tunnel name; VPN service unconfirmed
interface	2026-10-03T03:49:15.266Z	965080.525393625	download-load	Instant(_value: 3040482.802825166 seconds)	0	2	30	0	26	30	tunnel	utun3#21#nil#20	0	8192	0.0	0.0	nil	tunnel name; VPN service unconfirmed
interface	2026-10-03T03:49:15.266Z	965080.525393625	download-load	Instant(_value: 3040482.802825166 seconds)	0	2	30	0	26	30	tunnel	utun4#24#nil#21	9216	4096	0.0	0.0	nil	tunnel name; VPN service unconfirmed
interface	2026-10-03T03:49:15.266Z	965080.525393625	download-load	Instant(_value: 3040482.802825166 seconds)	0	2	30	0	26	30	tunnel	utun5#25#nil#22	166912	143360	0.0	0.0	nil	tunnel name; VPN service unconfirmed
interface	2026-10-03T03:49:15.266Z	965080.525393625	download-load	Instant(_value: 3040482.802825166 seconds)	0	2	30	0	26	30	tunnel	utun6#26#nil#23	0	8192	0.0	0.0	nil	tunnel name; VPN service unconfirmed
interface	2026-10-03T03:49:15.266Z	965080.525393625	download-load	Instant(_value: 3040482.802825166 seconds)	0	2	30	0	26	30	tunnel	utun7#27#nil#24	0	8192	0.0	0.0	nil	tunnel name; VPN service unconfirmed
interface	2026-10-03T03:49:15.266Z	965080.525393625	download-load	Instant(_value: 3040482.802825166 seconds)	0	2	30	0	26	30	virtual	vmenet0#22#4295372070#25	5120	1833984	0.0	0.0	Optional(true)	virtual provider IOUserEthernetInterface/IOUserEthernetController/IOUserEthernetResourceUserClient/IOUserEthernetResource/IOResources/IOPlatformExpertDevice/IORegistryEntry
interface	2026-10-03T03:49:15.266Z	965080.525393625	download-load	Instant(_value: 3040482.802825166 seconds)	0	2	30	0	26	30	logical	bridge100#23#nil#26	0	3668992	0.0	0.0	Optional(true)	route link type=209
delivery	2026-10-03T03:49:15.266Z	965080.525393625	download-load	Instant(_value: 3040482.802825166 seconds)	0	2	30	0	26	30	delivered	networkActivity						sameReadAt=true
card	2026-10-03T03:49:15.266Z	965080.525393625	download-load	Optional(Swift.ContinuousClock.Instant(_value: 3040482.802825166 seconds))					26		partial("물리 대상의 식별·연결·속도 일부를 확인하지 못했습니다")	NetworkCard			2685184.9480971387	5446.622612773101	true	Network 카드, 일부 수집 실패: 물리 대상의 식별·연결·속도 일부를 확인하지 못했습니다, 확인된 일부 합계 다운로드 2.6 MB/s, 업로드 5.3 KB/s, 일부 수집 실패: 대상 identity 또는 물리 정보 일부 미확인
sample	2026-10-03T03:49:16.359Z	965081.6181141668	download-load	Instant(_value: 3040484.8589667496 seconds)	0	2	32	0	26	32	partial("물리 대상의 식별·연결·속도 일부를 확인하지 못했습니다")	knownPhysical			2486343.197532504	5055.598205637462	false	representativeRX=-1.0;representativeTX=-1.0
interface	2026-10-03T03:49:16.359Z	965081.6181141668	download-load	Instant(_value: 3040484.8589667496 seconds)	0	2	32	0	26	32	tunnel	gif0#2#nil#1	0	0	0.0	0.0	nil	route tunnel link type=55
interface	2026-10-03T03:49:16.359Z	965081.6181141668	download-load	Instant(_value: 3040484.8589667496 seconds)	0	2	32	0	26	32	tunnel	stf0#3#nil#2	0	0	0.0	0.0	nil	route tunnel link type=57
interface	2026-10-03T03:49:16.359Z	965081.6181141668	download-load	Instant(_value: 3040484.8589667496 seconds)	0	2	32	0	26	32	virtual	anpi1#4#4294970237#3	0	0	0.0	0.0	Optional(false)	private auxiliary network interface AppleUSBDeviceNCMPrivateEthernetInterface/AppleUSBDeviceNCMData/IOUSBDeviceInterface/AppleT8122USBXDCI/AppleARMIODevice/AppleH15IO/IOPlatformDevice/AppleARMPE/IOPlatformExpertDevice/IORegistryEntry
interface	2026-10-03T03:49:16.359Z	965081.6181141668	download-load	Instant(_value: 3040484.8589667496 seconds)	0	2	32	0	26	32	virtual	anpi2#5#4294970293#4	0	0	0.0	0.0	Optional(false)	private auxiliary network interface AppleUSBDeviceNCMPrivateEthernetInterface/AppleUSBDeviceNCMData/IOUSBDeviceInterface/AppleT8122USBXDCI/AppleARMIODevice/AppleH15IO/IOPlatformDevice/AppleARMPE/IOPlatformExpertDevice/IORegistryEntry
interface	2026-10-03T03:49:16.359Z	965081.6181141668	download-load	Instant(_value: 3040484.8589667496 seconds)	0	2	32	0	26	32	virtual	anpi0#6#4294970305#5	0	0	0.0	0.0	Optional(false)	private auxiliary network interface AppleUSBDeviceNCMPrivateEthernetInterface/AppleUSBDeviceNCMData/IOUSBDeviceInterface/AppleT8122USBXDCI/AppleARMIODevice/AppleH15IO/IOPlatformDevice/AppleARMPE/IOPlatformExpertDevice/IORegistryEntry
interface	2026-10-03T03:49:16.359Z	965081.6181141668	download-load	Instant(_value: 3040484.8589667496 seconds)	0	2	32	0	26	32	physicalEthernet	en4#7#4294970257#6	0	0	0.0	0.0	Optional(false)	SC Ethernet; hardware provider IOEthernetInterface/AppleUSBDeviceNCMData/IOUSBDeviceInterface/AppleT8122USBXDCI/AppleARMIODevice/AppleH15IO/IOPlatformDevice/AppleARMPE/IOPlatformExpertDevice/IORegistryEntry
interface	2026-10-03T03:49:16.359Z	965081.6181141668	download-load	Instant(_value: 3040484.8589667496 seconds)	0	2	32	0	26	32	physicalEthernet	en5#8#4294970175#7	0	0	0.0	0.0	Optional(false)	SC Ethernet; hardware provider IOEthernetInterface/AppleUSBDeviceNCMData/IOUSBDeviceInterface/AppleT8122USBXDCI/AppleARMIODevice/AppleH15IO/IOPlatformDevice/AppleARMPE/IOPlatformExpertDevice/IORegistryEntry
interface	2026-10-03T03:49:16.359Z	965081.6181141668	download-load	Instant(_value: 3040484.8589667496 seconds)	0	2	32	0	26	32	physicalEthernet	en6#9#4294970236#8	0	0	0.0	0.0	Optional(false)	SC Ethernet; hardware provider IOEthernetInterface/AppleUSBDeviceNCMData/IOUSBDeviceInterface/AppleT8122USBXDCI/AppleARMIODevice/AppleH15IO/IOPlatformDevice/AppleARMPE/IOPlatformExpertDevice/IORegistryEntry
interface	2026-10-03T03:49:16.359Z	965081.6181141668	download-load	Instant(_value: 3040484.8589667496 seconds)	0	2	32	0	26	32	physicalEthernet	en1#10#4294970312#9	0	0	0.0	0.0	Optional(false)	SC Ethernet; hardware provider IOEthernetInterface/AppleThunderboltIPPort/AppleThunderboltIPService/IOThunderboltLocalNode/IOThunderboltControllerType5/AppleThunderboltNHIType5/AppleThunderboltHALType5/AppleARMIODevice/AppleH15IO/IOPlatformDevice/AppleARMPE/IOPlatformExpertDevice/IORegistryEntry
interface	2026-10-03T03:49:16.359Z	965081.6181141668	download-load	Instant(_value: 3040484.8589667496 seconds)	0	2	32	0	26	32	physicalEthernet	en2#11#4294970264#10	0	0	0.0	0.0	Optional(false)	SC Ethernet; hardware provider IOEthernetInterface/AppleThunderboltIPPort/AppleThunderboltIPService/IOThunderboltLocalNode/IOThunderboltControllerType5/AppleThunderboltNHIType5/AppleThunderboltHALType5/AppleARMIODevice/AppleH15IO/IOPlatformDevice/AppleARMPE/IOPlatformExpertDevice/IORegistryEntry
interface	2026-10-03T03:49:16.359Z	965081.6181141668	download-load	Instant(_value: 3040484.8589667496 seconds)	0	2	32	0	26	32	physicalEthernet	en3#12#4294970379#11	0	0	0.0	0.0	Optional(false)	SC Ethernet; hardware provider IOEthernetInterface/AppleThunderboltIPPort/AppleThunderboltIPService/IOThunderboltLocalNode/IOThunderboltControllerType5/AppleThunderboltNHIType5/AppleThunderboltHALType5/AppleARMIODevice/AppleH15IO/IOPlatformDevice/AppleARMPE/IOPlatformExpertDevice/IORegistryEntry
interface	2026-10-03T03:49:16.359Z	965081.6181141668	download-load	Instant(_value: 3040484.8589667496 seconds)	0	2	32	0	26	32	logical	bridge0#15#nil#12	0	0	0.0	0.0	Optional(false)	route link type=209
interface	2026-10-03T03:49:16.359Z	965081.6181141668	download-load	Instant(_value: 3040484.8589667496 seconds)	0	2	32	0	26	32	unknown	ap1#13#nil#13	0	0	0.0	0.0	nil	IORegistry provider unavailable; SC type=
interface	2026-10-03T03:49:16.359Z	965081.6181141668	download-load	Instant(_value: 3040484.8589667496 seconds)	0	2	32	0	26	32	physicalWiFi	en0#14#4294971925#14	3157618688	1999442944	2486343.197532504	5055.598205637462	Optional(true)	SC Wi-Fi; hardware provider IOSkywalkLegacyEthernetInterface/IO80211Controller/IOUserNetworkWLAN/IOUserService/IOUserService/IOPCIDevice/ApplePCIEHostBridge/IOPCIDevice/AppleT6031PCIe/AppleARMIODevice/AppleH15IO/IOPlatformDevice/AppleARMPE/IOPlatformExpertDevice/IORegistryEntry
interface	2026-10-03T03:49:16.359Z	965081.6181141668	download-load	Instant(_value: 3040484.8589667496 seconds)	0	2	32	0	26	32	virtual	awdl0#16#nil#15	8599552	8556544	0.0	0.0	Optional(true)	SIOCGIFFUNCTIONALTYPE=4
interface	2026-10-03T03:49:16.359Z	965081.6181141668	download-load	Instant(_value: 3040484.8589667496 seconds)	0	2	32	0	26	32	unknown	llw0#17#nil#16	0	0	0.0	0.0	nil	IORegistry provider unavailable; SC type=
interface	2026-10-03T03:49:16.359Z	965081.6181141668	download-load	Instant(_value: 3040484.8589667496 seconds)	0	2	32	0	26	32	tunnel	utun0#18#nil#17	0	0	0.0	0.0	nil	tunnel name; VPN service unconfirmed
interface	2026-10-03T03:49:16.359Z	965081.6181141668	download-load	Instant(_value: 3040484.8589667496 seconds)	0	2	32	0	26	32	tunnel	utun1#19#nil#18	0	8192	0.0	0.0	nil	tunnel name; VPN service unconfirmed
interface	2026-10-03T03:49:16.359Z	965081.6181141668	download-load	Instant(_value: 3040484.8589667496 seconds)	0	2	32	0	26	32	tunnel	utun2#20#nil#19	0	8192	0.0	0.0	nil	tunnel name; VPN service unconfirmed
interface	2026-10-03T03:49:16.359Z	965081.6181141668	download-load	Instant(_value: 3040484.8589667496 seconds)	0	2	32	0	26	32	tunnel	utun3#21#nil#20	0	8192	0.0	0.0	nil	tunnel name; VPN service unconfirmed
interface	2026-10-03T03:49:16.359Z	965081.6181141668	download-load	Instant(_value: 3040484.8589667496 seconds)	0	2	32	0	26	32	tunnel	utun4#24#nil#21	9216	4096	0.0	0.0	nil	tunnel name; VPN service unconfirmed
interface	2026-10-03T03:49:16.359Z	965081.6181141668	download-load	Instant(_value: 3040484.8589667496 seconds)	0	2	32	0	26	32	tunnel	utun5#25#nil#22	166912	143360	0.0	0.0	nil	tunnel name; VPN service unconfirmed
interface	2026-10-03T03:49:16.359Z	965081.6181141668	download-load	Instant(_value: 3040484.8589667496 seconds)	0	2	32	0	26	32	tunnel	utun6#26#nil#23	0	8192	0.0	0.0	nil	tunnel name; VPN service unconfirmed
interface	2026-10-03T03:49:16.359Z	965081.6181141668	download-load	Instant(_value: 3040484.8589667496 seconds)	0	2	32	0	26	32	tunnel	utun7#27#nil#24	0	8192	0.0	0.0	nil	tunnel name; VPN service unconfirmed
interface	2026-10-03T03:49:16.359Z	965081.6181141668	download-load	Instant(_value: 3040484.8589667496 seconds)	0	2	32	0	26	32	virtual	vmenet0#22#4295372070#25	5120	1833984	0.0	0.0	Optional(true)	virtual provider IOUserEthernetInterface/IOUserEthernetController/IOUserEthernetResourceUserClient/IOUserEthernetResource/IOResources/IOPlatformExpertDevice/IORegistryEntry
interface	2026-10-03T03:49:16.359Z	965081.6181141668	download-load	Instant(_value: 3040484.8589667496 seconds)	0	2	32	0	26	32	logical	bridge100#23#nil#26	0	3668992	0.0	0.0	Optional(true)	route link type=209
delivery	2026-10-03T03:49:16.359Z	965081.6181141668	download-load	Instant(_value: 3040484.8589667496 seconds)	0	2	32	0	26	32	delivered	networkActivity						sameReadAt=true
card	2026-10-03T03:49:16.359Z	965081.6181141668	download-load	Optional(Swift.ContinuousClock.Instant(_value: 3040484.8589667496 seconds))					26		partial("물리 대상의 식별·연결·속도 일부를 확인하지 못했습니다")	NetworkCard			2486343.197532504	5055.598205637462	true	Network 카드, 일부 수집 실패: 물리 대상의 식별·연결·속도 일부를 확인하지 못했습니다, 확인된 일부 합계 다운로드 2.4 MB/s, 업로드 4.9 KB/s, 일부 수집 실패: 대상 identity 또는 물리 정보 일부 미확인
sample	2026-10-03T03:49:17.454Z	965082.7137876251	download-load	Instant(_value: 3040485.8597602504 seconds)	0	2	33	0	26	33	partial("물리 대상의 식별·연결·속도 일부를 확인하지 못했습니다")	knownPhysical			2510903.597994991	19440.573904606696	false	representativeRX=-1.0;representativeTX=-1.0
interface	2026-10-03T03:49:17.454Z	965082.7137876251	download-load	Instant(_value: 3040485.8597602504 seconds)	0	2	33	0	26	33	tunnel	gif0#2#nil#1	0	0	0.0	0.0	nil	route tunnel link type=55
interface	2026-10-03T03:49:17.454Z	965082.7137876251	download-load	Instant(_value: 3040485.8597602504 seconds)	0	2	33	0	26	33	tunnel	stf0#3#nil#2	0	0	0.0	0.0	nil	route tunnel link type=57
interface	2026-10-03T03:49:17.454Z	965082.7137876251	download-load	Instant(_value: 3040485.8597602504 seconds)	0	2	33	0	26	33	virtual	anpi1#4#4294970237#3	0	0	0.0	0.0	Optional(false)	private auxiliary network interface AppleUSBDeviceNCMPrivateEthernetInterface/AppleUSBDeviceNCMData/IOUSBDeviceInterface/AppleT8122USBXDCI/AppleARMIODevice/AppleH15IO/IOPlatformDevice/AppleARMPE/IOPlatformExpertDevice/IORegistryEntry
interface	2026-10-03T03:49:17.454Z	965082.7137876251	download-load	Instant(_value: 3040485.8597602504 seconds)	0	2	33	0	26	33	virtual	anpi2#5#4294970293#4	0	0	0.0	0.0	Optional(false)	private auxiliary network interface AppleUSBDeviceNCMPrivateEthernetInterface/AppleUSBDeviceNCMData/IOUSBDeviceInterface/AppleT8122USBXDCI/AppleARMIODevice/AppleH15IO/IOPlatformDevice/AppleARMPE/IOPlatformExpertDevice/IORegistryEntry
interface	2026-10-03T03:49:17.454Z	965082.7137876251	download-load	Instant(_value: 3040485.8597602504 seconds)	0	2	33	0	26	33	virtual	anpi0#6#4294970305#5	0	0	0.0	0.0	Optional(false)	private auxiliary network interface AppleUSBDeviceNCMPrivateEthernetInterface/AppleUSBDeviceNCMData/IOUSBDeviceInterface/AppleT8122USBXDCI/AppleARMIODevice/AppleH15IO/IOPlatformDevice/AppleARMPE/IOPlatformExpertDevice/IORegistryEntry
interface	2026-10-03T03:49:17.454Z	965082.7137876251	download-load	Instant(_value: 3040485.8597602504 seconds)	0	2	33	0	26	33	physicalEthernet	en4#7#4294970257#6	0	0	0.0	0.0	Optional(false)	SC Ethernet; hardware provider IOEthernetInterface/AppleUSBDeviceNCMData/IOUSBDeviceInterface/AppleT8122USBXDCI/AppleARMIODevice/AppleH15IO/IOPlatformDevice/AppleARMPE/IOPlatformExpertDevice/IORegistryEntry
interface	2026-10-03T03:49:17.454Z	965082.7137876251	download-load	Instant(_value: 3040485.8597602504 seconds)	0	2	33	0	26	33	physicalEthernet	en5#8#4294970175#7	0	0	0.0	0.0	Optional(false)	SC Ethernet; hardware provider IOEthernetInterface/AppleUSBDeviceNCMData/IOUSBDeviceInterface/AppleT8122USBXDCI/AppleARMIODevice/AppleH15IO/IOPlatformDevice/AppleARMPE/IOPlatformExpertDevice/IORegistryEntry
interface	2026-10-03T03:49:17.454Z	965082.7137876251	download-load	Instant(_value: 3040485.8597602504 seconds)	0	2	33	0	26	33	physicalEthernet	en6#9#4294970236#8	0	0	0.0	0.0	Optional(false)	SC Ethernet; hardware provider IOEthernetInterface/AppleUSBDeviceNCMData/IOUSBDeviceInterface/AppleT8122USBXDCI/AppleARMIODevice/AppleH15IO/IOPlatformDevice/AppleARMPE/IOPlatformExpertDevice/IORegistryEntry
interface	2026-10-03T03:49:17.454Z	965082.7137876251	download-load	Instant(_value: 3040485.8597602504 seconds)	0	2	33	0	26	33	physicalEthernet	en1#10#4294970312#9	0	0	0.0	0.0	Optional(false)	SC Ethernet; hardware provider IOEthernetInterface/AppleThunderboltIPPort/AppleThunderboltIPService/IOThunderboltLocalNode/IOThunderboltControllerType5/AppleThunderboltNHIType5/AppleThunderboltHALType5/AppleARMIODevice/AppleH15IO/IOPlatformDevice/AppleARMPE/IOPlatformExpertDevice/IORegistryEntry
interface	2026-10-03T03:49:17.454Z	965082.7137876251	download-load	Instant(_value: 3040485.8597602504 seconds)	0	2	33	0	26	33	physicalEthernet	en2#11#4294970264#10	0	0	0.0	0.0	Optional(false)	SC Ethernet; hardware provider IOEthernetInterface/AppleThunderboltIPPort/AppleThunderboltIPService/IOThunderboltLocalNode/IOThunderboltControllerType5/AppleThunderboltNHIType5/AppleThunderboltHALType5/AppleARMIODevice/AppleH15IO/IOPlatformDevice/AppleARMPE/IOPlatformExpertDevice/IORegistryEntry
interface	2026-10-03T03:49:17.454Z	965082.7137876251	download-load	Instant(_value: 3040485.8597602504 seconds)	0	2	33	0	26	33	physicalEthernet	en3#12#4294970379#11	0	0	0.0	0.0	Optional(false)	SC Ethernet; hardware provider IOEthernetInterface/AppleThunderboltIPPort/AppleThunderboltIPService/IOThunderboltLocalNode/IOThunderboltControllerType5/AppleThunderboltNHIType5/AppleThunderboltHALType5/AppleARMIODevice/AppleH15IO/IOPlatformDevice/AppleARMPE/IOPlatformExpertDevice/IORegistryEntry
interface	2026-10-03T03:49:17.454Z	965082.7137876251	download-load	Instant(_value: 3040485.8597602504 seconds)	0	2	33	0	26	33	logical	bridge0#15#nil#12	0	0	0.0	0.0	Optional(false)	route link type=209
interface	2026-10-03T03:49:17.454Z	965082.7137876251	download-load	Instant(_value: 3040485.8597602504 seconds)	0	2	33	0	26	33	unknown	ap1#13#nil#13	0	0	0.0	0.0	nil	IORegistry provider unavailable; SC type=
interface	2026-10-03T03:49:17.454Z	965082.7137876251	download-load	Instant(_value: 3040485.8597602504 seconds)	0	2	33	0	26	33	physicalWiFi	en0#14#4294971925#14	3160131584	1999462400	2510903.597994991	19440.573904606696	Optional(true)	SC Wi-Fi; hardware provider IOSkywalkLegacyEthernetInterface/IO80211Controller/IOUserNetworkWLAN/IOUserService/IOUserService/IOPCIDevice/ApplePCIEHostBridge/IOPCIDevice/AppleT6031PCIe/AppleARMIODevice/AppleH15IO/IOPlatformDevice/AppleARMPE/IOPlatformExpertDevice/IORegistryEntry
interface	2026-10-03T03:49:17.454Z	965082.7137876251	download-load	Instant(_value: 3040485.8597602504 seconds)	0	2	33	0	26	33	virtual	awdl0#16#nil#15	8599552	8556544	0.0	0.0	Optional(true)	SIOCGIFFUNCTIONALTYPE=4
interface	2026-10-03T03:49:17.454Z	965082.7137876251	download-load	Instant(_value: 3040485.8597602504 seconds)	0	2	33	0	26	33	unknown	llw0#17#nil#16	0	0	0.0	0.0	nil	IORegistry provider unavailable; SC type=
interface	2026-10-03T03:49:17.454Z	965082.7137876251	download-load	Instant(_value: 3040485.8597602504 seconds)	0	2	33	0	26	33	tunnel	utun0#18#nil#17	0	0	0.0	0.0	nil	tunnel name; VPN service unconfirmed
interface	2026-10-03T03:49:17.454Z	965082.7137876251	download-load	Instant(_value: 3040485.8597602504 seconds)	0	2	33	0	26	33	tunnel	utun1#19#nil#18	0	8192	0.0	0.0	nil	tunnel name; VPN service unconfirmed
interface	2026-10-03T03:49:17.454Z	965082.7137876251	download-load	Instant(_value: 3040485.8597602504 seconds)	0	2	33	0	26	33	tunnel	utun2#20#nil#19	0	8192	0.0	0.0	nil	tunnel name; VPN service unconfirmed
interface	2026-10-03T03:49:17.454Z	965082.7137876251	download-load	Instant(_value: 3040485.8597602504 seconds)	0	2	33	0	26	33	tunnel	utun3#21#nil#20	0	8192	0.0	0.0	nil	tunnel name; VPN service unconfirmed
interface	2026-10-03T03:49:17.454Z	965082.7137876251	download-load	Instant(_value: 3040485.8597602504 seconds)	0	2	33	0	26	33	tunnel	utun4#24#nil#21	9216	4096	0.0	0.0	nil	tunnel name; VPN service unconfirmed
interface	2026-10-03T03:49:17.454Z	965082.7137876251	download-load	Instant(_value: 3040485.8597602504 seconds)	0	2	33	0	26	33	tunnel	utun5#25#nil#22	166912	143360	0.0	0.0	nil	tunnel name; VPN service unconfirmed
interface	2026-10-03T03:49:17.454Z	965082.7137876251	download-load	Instant(_value: 3040485.8597602504 seconds)	0	2	33	0	26	33	tunnel	utun6#26#nil#23	0	8192	0.0	0.0	nil	tunnel name; VPN service unconfirmed
interface	2026-10-03T03:49:17.454Z	965082.7137876251	download-load	Instant(_value: 3040485.8597602504 seconds)	0	2	33	0	26	33	tunnel	utun7#27#nil#24	0	8192	0.0	0.0	nil	tunnel name; VPN service unconfirmed
interface	2026-10-03T03:49:17.454Z	965082.7137876251	download-load	Instant(_value: 3040485.8597602504 seconds)	0	2	33	0	26	33	virtual	vmenet0#22#4295372070#25	5120	1833984	0.0	0.0	Optional(true)	virtual provider IOUserEthernetInterface/IOUserEthernetController/IOUserEthernetResourceUserClient/IOUserEthernetResource/IOResources/IOPlatformExpertDevice/IORegistryEntry
interface	2026-10-03T03:49:17.454Z	965082.7137876251	download-load	Instant(_value: 3040485.8597602504 seconds)	0	2	33	0	26	33	logical	bridge100#23#nil#26	0	3668992	0.0	0.0	Optional(true)	route link type=209
delivery	2026-10-03T03:49:17.454Z	965082.7137876251	download-load	Instant(_value: 3040485.8597602504 seconds)	0	2	33	0	26	33	delivered	networkActivity						sameReadAt=true
card	2026-10-03T03:49:17.454Z	965082.7137876251	download-load	Optional(Swift.ContinuousClock.Instant(_value: 3040485.8597602504 seconds))					26		partial("물리 대상의 식별·연결·속도 일부를 확인하지 못했습니다")	NetworkCard			2510903.597994991	19440.573904606696	true	Network 카드, 일부 수집 실패: 물리 대상의 식별·연결·속도 일부를 확인하지 못했습니다, 확인된 일부 합계 다운로드 2.4 MB/s, 업로드 19.0 KB/s, 일부 수집 실패: 대상 identity 또는 물리 정보 일부 미확인
sample	2026-10-03T03:49:18.508Z	965083.7674952918	download-load	Instant(_value: 3040486.8422835 seconds)	0	2	34	0	26	34	partial("물리 대상의 식별·연결·속도 일부를 확인하지 못했습니다")	knownPhysical			2593029.73237529	163627.68005744394	false	representativeRX=-1.0;representativeTX=-1.0
interface	2026-10-03T03:49:18.508Z	965083.7674952918	download-load	Instant(_value: 3040486.8422835 seconds)	0	2	34	0	26	34	tunnel	gif0#2#nil#1	0	0	0.0	0.0	nil	route tunnel link type=55
interface	2026-10-03T03:49:18.508Z	965083.7674952918	download-load	Instant(_value: 3040486.8422835 seconds)	0	2	34	0	26	34	tunnel	stf0#3#nil#2	0	0	0.0	0.0	nil	route tunnel link type=57
interface	2026-10-03T03:49:18.508Z	965083.7674952918	download-load	Instant(_value: 3040486.8422835 seconds)	0	2	34	0	26	34	virtual	anpi1#4#4294970237#3	0	0	0.0	0.0	Optional(false)	private auxiliary network interface AppleUSBDeviceNCMPrivateEthernetInterface/AppleUSBDeviceNCMData/IOUSBDeviceInterface/AppleT8122USBXDCI/AppleARMIODevice/AppleH15IO/IOPlatformDevice/AppleARMPE/IOPlatformExpertDevice/IORegistryEntry
interface	2026-10-03T03:49:18.508Z	965083.7674952918	download-load	Instant(_value: 3040486.8422835 seconds)	0	2	34	0	26	34	virtual	anpi2#5#4294970293#4	0	0	0.0	0.0	Optional(false)	private auxiliary network interface AppleUSBDeviceNCMPrivateEthernetInterface/AppleUSBDeviceNCMData/IOUSBDeviceInterface/AppleT8122USBXDCI/AppleARMIODevice/AppleH15IO/IOPlatformDevice/AppleARMPE/IOPlatformExpertDevice/IORegistryEntry
interface	2026-10-03T03:49:18.508Z	965083.7674952918	download-load	Instant(_value: 3040486.8422835 seconds)	0	2	34	0	26	34	virtual	anpi0#6#4294970305#5	0	0	0.0	0.0	Optional(false)	private auxiliary network interface AppleUSBDeviceNCMPrivateEthernetInterface/AppleUSBDeviceNCMData/IOUSBDeviceInterface/AppleT8122USBXDCI/AppleARMIODevice/AppleH15IO/IOPlatformDevice/AppleARMPE/IOPlatformExpertDevice/IORegistryEntry
interface	2026-10-03T03:49:18.508Z	965083.7674952918	download-load	Instant(_value: 3040486.8422835 seconds)	0	2	34	0	26	34	physicalEthernet	en4#7#4294970257#6	0	0	0.0	0.0	Optional(false)	SC Ethernet; hardware provider IOEthernetInterface/AppleUSBDeviceNCMData/IOUSBDeviceInterface/AppleT8122USBXDCI/AppleARMIODevice/AppleH15IO/IOPlatformDevice/AppleARMPE/IOPlatformExpertDevice/IORegistryEntry
interface	2026-10-03T03:49:18.508Z	965083.7674952918	download-load	Instant(_value: 3040486.8422835 seconds)	0	2	34	0	26	34	physicalEthernet	en5#8#4294970175#7	0	0	0.0	0.0	Optional(false)	SC Ethernet; hardware provider IOEthernetInterface/AppleUSBDeviceNCMData/IOUSBDeviceInterface/AppleT8122USBXDCI/AppleARMIODevice/AppleH15IO/IOPlatformDevice/AppleARMPE/IOPlatformExpertDevice/IORegistryEntry
interface	2026-10-03T03:49:18.508Z	965083.7674952918	download-load	Instant(_value: 3040486.8422835 seconds)	0	2	34	0	26	34	physicalEthernet	en6#9#4294970236#8	0	0	0.0	0.0	Optional(false)	SC Ethernet; hardware provider IOEthernetInterface/AppleUSBDeviceNCMData/IOUSBDeviceInterface/AppleT8122USBXDCI/AppleARMIODevice/AppleH15IO/IOPlatformDevice/AppleARMPE/IOPlatformExpertDevice/IORegistryEntry
interface	2026-10-03T03:49:18.508Z	965083.7674952918	download-load	Instant(_value: 3040486.8422835 seconds)	0	2	34	0	26	34	physicalEthernet	en1#10#4294970312#9	0	0	0.0	0.0	Optional(false)	SC Ethernet; hardware provider IOEthernetInterface/AppleThunderboltIPPort/AppleThunderboltIPService/IOThunderboltLocalNode/IOThunderboltControllerType5/AppleThunderboltNHIType5/AppleThunderboltHALType5/AppleARMIODevice/AppleH15IO/IOPlatformDevice/AppleARMPE/IOPlatformExpertDevice/IORegistryEntry
interface	2026-10-03T03:49:18.508Z	965083.7674952918	download-load	Instant(_value: 3040486.8422835 seconds)	0	2	34	0	26	34	physicalEthernet	en2#11#4294970264#10	0	0	0.0	0.0	Optional(false)	SC Ethernet; hardware provider IOEthernetInterface/AppleThunderboltIPPort/AppleThunderboltIPService/IOThunderboltLocalNode/IOThunderboltControllerType5/AppleThunderboltNHIType5/AppleThunderboltHALType5/AppleARMIODevice/AppleH15IO/IOPlatformDevice/AppleARMPE/IOPlatformExpertDevice/IORegistryEntry
interface	2026-10-03T03:49:18.508Z	965083.7674952918	download-load	Instant(_value: 3040486.8422835 seconds)	0	2	34	0	26	34	physicalEthernet	en3#12#4294970379#11	0	0	0.0	0.0	Optional(false)	SC Ethernet; hardware provider IOEthernetInterface/AppleThunderboltIPPort/AppleThunderboltIPService/IOThunderboltLocalNode/IOThunderboltControllerType5/AppleThunderboltNHIType5/AppleThunderboltHALType5/AppleARMIODevice/AppleH15IO/IOPlatformDevice/AppleARMPE/IOPlatformExpertDevice/IORegistryEntry
interface	2026-10-03T03:49:18.508Z	965083.7674952918	download-load	Instant(_value: 3040486.8422835 seconds)	0	2	34	0	26	34	logical	bridge0#15#nil#12	0	0	0.0	0.0	Optional(false)	route link type=209
interface	2026-10-03T03:49:18.508Z	965083.7674952918	download-load	Instant(_value: 3040486.8422835 seconds)	0	2	34	0	26	34	unknown	ap1#13#nil#13	0	0	0.0	0.0	nil	IORegistry provider unavailable; SC type=
interface	2026-10-03T03:49:18.508Z	965083.7674952918	download-load	Instant(_value: 3040486.8422835 seconds)	0	2	34	0	26	34	physicalWiFi	en0#14#4294971925#14	3162679296	1999623168	2593029.73237529	163627.68005744394	Optional(true)	SC Wi-Fi; hardware provider IOSkywalkLegacyEthernetInterface/IO80211Controller/IOUserNetworkWLAN/IOUserService/IOUserService/IOPCIDevice/ApplePCIEHostBridge/IOPCIDevice/AppleT6031PCIe/AppleARMIODevice/AppleH15IO/IOPlatformDevice/AppleARMPE/IOPlatformExpertDevice/IORegistryEntry
interface	2026-10-03T03:49:18.508Z	965083.7674952918	download-load	Instant(_value: 3040486.8422835 seconds)	0	2	34	0	26	34	virtual	awdl0#16#nil#15	8599552	8556544	0.0	0.0	Optional(true)	SIOCGIFFUNCTIONALTYPE=4
interface	2026-10-03T03:49:18.508Z	965083.7674952918	download-load	Instant(_value: 3040486.8422835 seconds)	0	2	34	0	26	34	unknown	llw0#17#nil#16	0	0	0.0	0.0	nil	IORegistry provider unavailable; SC type=
interface	2026-10-03T03:49:18.508Z	965083.7674952918	download-load	Instant(_value: 3040486.8422835 seconds)	0	2	34	0	26	34	tunnel	utun0#18#nil#17	0	0	0.0	0.0	nil	tunnel name; VPN service unconfirmed
interface	2026-10-03T03:49:18.508Z	965083.7674952918	download-load	Instant(_value: 3040486.8422835 seconds)	0	2	34	0	26	34	tunnel	utun1#19#nil#18	0	8192	0.0	0.0	nil	tunnel name; VPN service unconfirmed
interface	2026-10-03T03:49:18.508Z	965083.7674952918	download-load	Instant(_value: 3040486.8422835 seconds)	0	2	34	0	26	34	tunnel	utun2#20#nil#19	0	8192	0.0	0.0	nil	tunnel name; VPN service unconfirmed
interface	2026-10-03T03:49:18.508Z	965083.7674952918	download-load	Instant(_value: 3040486.8422835 seconds)	0	2	34	0	26	34	tunnel	utun3#21#nil#20	0	8192	0.0	0.0	nil	tunnel name; VPN service unconfirmed
interface	2026-10-03T03:49:18.508Z	965083.7674952918	download-load	Instant(_value: 3040486.8422835 seconds)	0	2	34	0	26	34	tunnel	utun4#24#nil#21	9216	4096	0.0	0.0	nil	tunnel name; VPN service unconfirmed
interface	2026-10-03T03:49:18.508Z	965083.7674952918	download-load	Instant(_value: 3040486.8422835 seconds)	0	2	34	0	26	34	tunnel	utun5#25#nil#22	166912	143360	0.0	0.0	nil	tunnel name; VPN service unconfirmed
interface	2026-10-03T03:49:18.508Z	965083.7674952918	download-load	Instant(_value: 3040486.8422835 seconds)	0	2	34	0	26	34	tunnel	utun6#26#nil#23	0	8192	0.0	0.0	nil	tunnel name; VPN service unconfirmed
interface	2026-10-03T03:49:18.508Z	965083.7674952918	download-load	Instant(_value: 3040486.8422835 seconds)	0	2	34	0	26	34	tunnel	utun7#27#nil#24	0	8192	0.0	0.0	nil	tunnel name; VPN service unconfirmed
interface	2026-10-03T03:49:18.508Z	965083.7674952918	download-load	Instant(_value: 3040486.8422835 seconds)	0	2	34	0	26	34	virtual	vmenet0#22#4295372070#25	5120	1833984	0.0	0.0	Optional(true)	virtual provider IOUserEthernetInterface/IOUserEthernetController/IOUserEthernetResourceUserClient/IOUserEthernetResource/IOResources/IOPlatformExpertDevice/IORegistryEntry
interface	2026-10-03T03:49:18.508Z	965083.7674952918	download-load	Instant(_value: 3040486.8422835 seconds)	0	2	34	0	26	34	logical	bridge100#23#nil#26	0	3668992	0.0	0.0	Optional(true)	route link type=209
delivery	2026-10-03T03:49:18.508Z	965083.7674952918	download-load	Instant(_value: 3040486.8422835 seconds)	0	2	34	0	26	34	delivered	networkActivity						sameReadAt=true
card	2026-10-03T03:49:18.508Z	965083.7674952918	download-load	Optional(Swift.ContinuousClock.Instant(_value: 3040486.8422835 seconds))					26		partial("물리 대상의 식별·연결·속도 일부를 확인하지 못했습니다")	NetworkCard			2593029.73237529	163627.68005744394	true	Network 카드, 일부 수집 실패: 물리 대상의 식별·연결·속도 일부를 확인하지 못했습니다, 확인된 일부 합계 다운로드 2.5 MB/s, 업로드 159.8 KB/s, 일부 수집 실패: 대상 identity 또는 물리 정보 일부 미확인
sample	2026-10-03T03:49:19.571Z	965084.8306357501	download-load	Instant(_value: 3040487.842706125 seconds)	0	2	35	0	26	35	partial("물리 대상의 식별·연결·속도 일부를 확인하지 못했습니다")	knownPhysical			2535376.486512388	10235.674148213113	false	representativeRX=-1.0;representativeTX=-1.0
interface	2026-10-03T03:49:19.571Z	965084.8306357501	download-load	Instant(_value: 3040487.842706125 seconds)	0	2	35	0	26	35	tunnel	gif0#2#nil#1	0	0	0.0	0.0	nil	route tunnel link type=55
interface	2026-10-03T03:49:19.571Z	965084.8306357501	download-load	Instant(_value: 3040487.842706125 seconds)	0	2	35	0	26	35	tunnel	stf0#3#nil#2	0	0	0.0	0.0	nil	route tunnel link type=57
interface	2026-10-03T03:49:19.571Z	965084.8306357501	download-load	Instant(_value: 3040487.842706125 seconds)	0	2	35	0	26	35	virtual	anpi1#4#4294970237#3	0	0	0.0	0.0	Optional(false)	private auxiliary network interface AppleUSBDeviceNCMPrivateEthernetInterface/AppleUSBDeviceNCMData/IOUSBDeviceInterface/AppleT8122USBXDCI/AppleARMIODevice/AppleH15IO/IOPlatformDevice/AppleARMPE/IOPlatformExpertDevice/IORegistryEntry
interface	2026-10-03T03:49:19.571Z	965084.8306357501	download-load	Instant(_value: 3040487.842706125 seconds)	0	2	35	0	26	35	virtual	anpi2#5#4294970293#4	0	0	0.0	0.0	Optional(false)	private auxiliary network interface AppleUSBDeviceNCMPrivateEthernetInterface/AppleUSBDeviceNCMData/IOUSBDeviceInterface/AppleT8122USBXDCI/AppleARMIODevice/AppleH15IO/IOPlatformDevice/AppleARMPE/IOPlatformExpertDevice/IORegistryEntry
interface	2026-10-03T03:49:19.571Z	965084.8306357501	download-load	Instant(_value: 3040487.842706125 seconds)	0	2	35	0	26	35	virtual	anpi0#6#4294970305#5	0	0	0.0	0.0	Optional(false)	private auxiliary network interface AppleUSBDeviceNCMPrivateEthernetInterface/AppleUSBDeviceNCMData/IOUSBDeviceInterface/AppleT8122USBXDCI/AppleARMIODevice/AppleH15IO/IOPlatformDevice/AppleARMPE/IOPlatformExpertDevice/IORegistryEntry
interface	2026-10-03T03:49:19.571Z	965084.8306357501	download-load	Instant(_value: 3040487.842706125 seconds)	0	2	35	0	26	35	physicalEthernet	en4#7#4294970257#6	0	0	0.0	0.0	Optional(false)	SC Ethernet; hardware provider IOEthernetInterface/AppleUSBDeviceNCMData/IOUSBDeviceInterface/AppleT8122USBXDCI/AppleARMIODevice/AppleH15IO/IOPlatformDevice/AppleARMPE/IOPlatformExpertDevice/IORegistryEntry
interface	2026-10-03T03:49:19.571Z	965084.8306357501	download-load	Instant(_value: 3040487.842706125 seconds)	0	2	35	0	26	35	physicalEthernet	en5#8#4294970175#7	0	0	0.0	0.0	Optional(false)	SC Ethernet; hardware provider IOEthernetInterface/AppleUSBDeviceNCMData/IOUSBDeviceInterface/AppleT8122USBXDCI/AppleARMIODevice/AppleH15IO/IOPlatformDevice/AppleARMPE/IOPlatformExpertDevice/IORegistryEntry
interface	2026-10-03T03:49:19.571Z	965084.8306357501	download-load	Instant(_value: 3040487.842706125 seconds)	0	2	35	0	26	35	physicalEthernet	en6#9#4294970236#8	0	0	0.0	0.0	Optional(false)	SC Ethernet; hardware provider IOEthernetInterface/AppleUSBDeviceNCMData/IOUSBDeviceInterface/AppleT8122USBXDCI/AppleARMIODevice/AppleH15IO/IOPlatformDevice/AppleARMPE/IOPlatformExpertDevice/IORegistryEntry
interface	2026-10-03T03:49:19.571Z	965084.8306357501	download-load	Instant(_value: 3040487.842706125 seconds)	0	2	35	0	26	35	physicalEthernet	en1#10#4294970312#9	0	0	0.0	0.0	Optional(false)	SC Ethernet; hardware provider IOEthernetInterface/AppleThunderboltIPPort/AppleThunderboltIPService/IOThunderboltLocalNode/IOThunderboltControllerType5/AppleThunderboltNHIType5/AppleThunderboltHALType5/AppleARMIODevice/AppleH15IO/IOPlatformDevice/AppleARMPE/IOPlatformExpertDevice/IORegistryEntry
interface	2026-10-03T03:49:19.571Z	965084.8306357501	download-load	Instant(_value: 3040487.842706125 seconds)	0	2	35	0	26	35	physicalEthernet	en2#11#4294970264#10	0	0	0.0	0.0	Optional(false)	SC Ethernet; hardware provider IOEthernetInterface/AppleThunderboltIPPort/AppleThunderboltIPService/IOThunderboltLocalNode/IOThunderboltControllerType5/AppleThunderboltNHIType5/AppleThunderboltHALType5/AppleARMIODevice/AppleH15IO/IOPlatformDevice/AppleARMPE/IOPlatformExpertDevice/IORegistryEntry
interface	2026-10-03T03:49:19.571Z	965084.8306357501	download-load	Instant(_value: 3040487.842706125 seconds)	0	2	35	0	26	35	physicalEthernet	en3#12#4294970379#11	0	0	0.0	0.0	Optional(false)	SC Ethernet; hardware provider IOEthernetInterface/AppleThunderboltIPPort/AppleThunderboltIPService/IOThunderboltLocalNode/IOThunderboltControllerType5/AppleThunderboltNHIType5/AppleThunderboltHALType5/AppleARMIODevice/AppleH15IO/IOPlatformDevice/AppleARMPE/IOPlatformExpertDevice/IORegistryEntry
interface	2026-10-03T03:49:19.571Z	965084.8306357501	download-load	Instant(_value: 3040487.842706125 seconds)	0	2	35	0	26	35	logical	bridge0#15#nil#12	0	0	0.0	0.0	Optional(false)	route link type=209
interface	2026-10-03T03:49:19.571Z	965084.8306357501	download-load	Instant(_value: 3040487.842706125 seconds)	0	2	35	0	26	35	unknown	ap1#13#nil#13	0	0	0.0	0.0	nil	IORegistry provider unavailable; SC type=
interface	2026-10-03T03:49:19.571Z	965084.8306357501	download-load	Instant(_value: 3040487.842706125 seconds)	0	2	35	0	26	35	physicalWiFi	en0#14#4294971925#14	3165215744	1999633408	2535376.486512388	10235.674148213113	Optional(true)	SC Wi-Fi; hardware provider IOSkywalkLegacyEthernetInterface/IO80211Controller/IOUserNetworkWLAN/IOUserService/IOUserService/IOPCIDevice/ApplePCIEHostBridge/IOPCIDevice/AppleT6031PCIe/AppleARMIODevice/AppleH15IO/IOPlatformDevice/AppleARMPE/IOPlatformExpertDevice/IORegistryEntry
interface	2026-10-03T03:49:19.571Z	965084.8306357501	download-load	Instant(_value: 3040487.842706125 seconds)	0	2	35	0	26	35	virtual	awdl0#16#nil#15	8599552	8556544	0.0	0.0	Optional(true)	SIOCGIFFUNCTIONALTYPE=4
interface	2026-10-03T03:49:19.571Z	965084.8306357501	download-load	Instant(_value: 3040487.842706125 seconds)	0	2	35	0	26	35	unknown	llw0#17#nil#16	0	0	0.0	0.0	nil	IORegistry provider unavailable; SC type=
interface	2026-10-03T03:49:19.571Z	965084.8306357501	download-load	Instant(_value: 3040487.842706125 seconds)	0	2	35	0	26	35	tunnel	utun0#18#nil#17	0	0	0.0	0.0	nil	tunnel name; VPN service unconfirmed
interface	2026-10-03T03:49:19.571Z	965084.8306357501	download-load	Instant(_value: 3040487.842706125 seconds)	0	2	35	0	26	35	tunnel	utun1#19#nil#18	0	8192	0.0	0.0	nil	tunnel name; VPN service unconfirmed
interface	2026-10-03T03:49:19.571Z	965084.8306357501	download-load	Instant(_value: 3040487.842706125 seconds)	0	2	35	0	26	35	tunnel	utun2#20#nil#19	0	8192	0.0	0.0	nil	tunnel name; VPN service unconfirmed
interface	2026-10-03T03:49:19.571Z	965084.8306357501	download-load	Instant(_value: 3040487.842706125 seconds)	0	2	35	0	26	35	tunnel	utun3#21#nil#20	0	8192	0.0	0.0	nil	tunnel name; VPN service unconfirmed
interface	2026-10-03T03:49:19.571Z	965084.8306357501	download-load	Instant(_value: 3040487.842706125 seconds)	0	2	35	0	26	35	tunnel	utun4#24#nil#21	9216	4096	0.0	0.0	nil	tunnel name; VPN service unconfirmed
interface	2026-10-03T03:49:19.571Z	965084.8306357501	download-load	Instant(_value: 3040487.842706125 seconds)	0	2	35	0	26	35	tunnel	utun5#25#nil#22	166912	143360	0.0	0.0	nil	tunnel name; VPN service unconfirmed
interface	2026-10-03T03:49:19.571Z	965084.8306357501	download-load	Instant(_value: 3040487.842706125 seconds)	0	2	35	0	26	35	tunnel	utun6#26#nil#23	0	8192	0.0	0.0	nil	tunnel name; VPN service unconfirmed
interface	2026-10-03T03:49:19.571Z	965084.8306357501	download-load	Instant(_value: 3040487.842706125 seconds)	0	2	35	0	26	35	tunnel	utun7#27#nil#24	0	8192	0.0	0.0	nil	tunnel name; VPN service unconfirmed
interface	2026-10-03T03:49:19.571Z	965084.8306357501	download-load	Instant(_value: 3040487.842706125 seconds)	0	2	35	0	26	35	virtual	vmenet0#22#4295372070#25	5120	1833984	0.0	0.0	Optional(true)	virtual provider IOUserEthernetInterface/IOUserEthernetController/IOUserEthernetResourceUserClient/IOUserEthernetResource/IOResources/IOPlatformExpertDevice/IORegistryEntry
interface	2026-10-03T03:49:19.571Z	965084.8306357501	download-load	Instant(_value: 3040487.842706125 seconds)	0	2	35	0	26	35	logical	bridge100#23#nil#26	0	3668992	0.0	0.0	Optional(true)	route link type=209
delivery	2026-10-03T03:49:19.571Z	965084.8306357501	download-load	Instant(_value: 3040487.842706125 seconds)	0	2	35	0	26	35	delivered	networkActivity						sameReadAt=true
card	2026-10-03T03:49:19.571Z	965084.8306357501	download-load	Optional(Swift.ContinuousClock.Instant(_value: 3040487.842706125 seconds))					26		partial("물리 대상의 식별·연결·속도 일부를 확인하지 못했습니다")	NetworkCard			2535376.486512388	10235.674148213113	true	Network 카드, 일부 수집 실패: 물리 대상의 식별·연결·속도 일부를 확인하지 못했습니다, 확인된 일부 합계 다운로드 2.4 MB/s, 업로드 10.0 KB/s, 일부 수집 실패: 대상 identity 또는 물리 정보 일부 미확인
sample	2026-10-03T03:49:20.609Z	965085.8686130834	download-load	Instant(_value: 3040488.821198458 seconds)	0	2	36	0	26	36	partial("물리 대상의 식별·연결·속도 일부를 확인하지 못했습니다")	knownPhysical			2562897.9557880703	7325.555610664146	false	representativeRX=-1.0;representativeTX=-1.0
interface	2026-10-03T03:49:20.609Z	965085.8686130834	download-load	Instant(_value: 3040488.821198458 seconds)	0	2	36	0	26	36	tunnel	gif0#2#nil#1	0	0	0.0	0.0	nil	route tunnel link type=55
interface	2026-10-03T03:49:20.609Z	965085.8686130834	download-load	Instant(_value: 3040488.821198458 seconds)	0	2	36	0	26	36	tunnel	stf0#3#nil#2	0	0	0.0	0.0	nil	route tunnel link type=57
interface	2026-10-03T03:49:20.609Z	965085.8686130834	download-load	Instant(_value: 3040488.821198458 seconds)	0	2	36	0	26	36	virtual	anpi1#4#4294970237#3	0	0	0.0	0.0	Optional(false)	private auxiliary network interface AppleUSBDeviceNCMPrivateEthernetInterface/AppleUSBDeviceNCMData/IOUSBDeviceInterface/AppleT8122USBXDCI/AppleARMIODevice/AppleH15IO/IOPlatformDevice/AppleARMPE/IOPlatformExpertDevice/IORegistryEntry
interface	2026-10-03T03:49:20.609Z	965085.8686130834	download-load	Instant(_value: 3040488.821198458 seconds)	0	2	36	0	26	36	virtual	anpi2#5#4294970293#4	0	0	0.0	0.0	Optional(false)	private auxiliary network interface AppleUSBDeviceNCMPrivateEthernetInterface/AppleUSBDeviceNCMData/IOUSBDeviceInterface/AppleT8122USBXDCI/AppleARMIODevice/AppleH15IO/IOPlatformDevice/AppleARMPE/IOPlatformExpertDevice/IORegistryEntry
interface	2026-10-03T03:49:20.609Z	965085.8686130834	download-load	Instant(_value: 3040488.821198458 seconds)	0	2	36	0	26	36	virtual	anpi0#6#4294970305#5	0	0	0.0	0.0	Optional(false)	private auxiliary network interface AppleUSBDeviceNCMPrivateEthernetInterface/AppleUSBDeviceNCMData/IOUSBDeviceInterface/AppleT8122USBXDCI/AppleARMIODevice/AppleH15IO/IOPlatformDevice/AppleARMPE/IOPlatformExpertDevice/IORegistryEntry
interface	2026-10-03T03:49:20.609Z	965085.8686130834	download-load	Instant(_value: 3040488.821198458 seconds)	0	2	36	0	26	36	physicalEthernet	en4#7#4294970257#6	0	0	0.0	0.0	Optional(false)	SC Ethernet; hardware provider IOEthernetInterface/AppleUSBDeviceNCMData/IOUSBDeviceInterface/AppleT8122USBXDCI/AppleARMIODevice/AppleH15IO/IOPlatformDevice/AppleARMPE/IOPlatformExpertDevice/IORegistryEntry
interface	2026-10-03T03:49:20.609Z	965085.8686130834	download-load	Instant(_value: 3040488.821198458 seconds)	0	2	36	0	26	36	physicalEthernet	en5#8#4294970175#7	0	0	0.0	0.0	Optional(false)	SC Ethernet; hardware provider IOEthernetInterface/AppleUSBDeviceNCMData/IOUSBDeviceInterface/AppleT8122USBXDCI/AppleARMIODevice/AppleH15IO/IOPlatformDevice/AppleARMPE/IOPlatformExpertDevice/IORegistryEntry
interface	2026-10-03T03:49:20.609Z	965085.8686130834	download-load	Instant(_value: 3040488.821198458 seconds)	0	2	36	0	26	36	physicalEthernet	en6#9#4294970236#8	0	0	0.0	0.0	Optional(false)	SC Ethernet; hardware provider IOEthernetInterface/AppleUSBDeviceNCMData/IOUSBDeviceInterface/AppleT8122USBXDCI/AppleARMIODevice/AppleH15IO/IOPlatformDevice/AppleARMPE/IOPlatformExpertDevice/IORegistryEntry
interface	2026-10-03T03:49:20.609Z	965085.8686130834	download-load	Instant(_value: 3040488.821198458 seconds)	0	2	36	0	26	36	physicalEthernet	en1#10#4294970312#9	0	0	0.0	0.0	Optional(false)	SC Ethernet; hardware provider IOEthernetInterface/AppleThunderboltIPPort/AppleThunderboltIPService/IOThunderboltLocalNode/IOThunderboltControllerType5/AppleThunderboltNHIType5/AppleThunderboltHALType5/AppleARMIODevice/AppleH15IO/IOPlatformDevice/AppleARMPE/IOPlatformExpertDevice/IORegistryEntry
interface	2026-10-03T03:49:20.609Z	965085.8686130834	download-load	Instant(_value: 3040488.821198458 seconds)	0	2	36	0	26	36	physicalEthernet	en2#11#4294970264#10	0	0	0.0	0.0	Optional(false)	SC Ethernet; hardware provider IOEthernetInterface/AppleThunderboltIPPort/AppleThunderboltIPService/IOThunderboltLocalNode/IOThunderboltControllerType5/AppleThunderboltNHIType5/AppleThunderboltHALType5/AppleARMIODevice/AppleH15IO/IOPlatformDevice/AppleARMPE/IOPlatformExpertDevice/IORegistryEntry
interface	2026-10-03T03:49:20.609Z	965085.8686130834	download-load	Instant(_value: 3040488.821198458 seconds)	0	2	36	0	26	36	physicalEthernet	en3#12#4294970379#11	0	0	0.0	0.0	Optional(false)	SC Ethernet; hardware provider IOEthernetInterface/AppleThunderboltIPPort/AppleThunderboltIPService/IOThunderboltLocalNode/IOThunderboltControllerType5/AppleThunderboltNHIType5/AppleThunderboltHALType5/AppleARMIODevice/AppleH15IO/IOPlatformDevice/AppleARMPE/IOPlatformExpertDevice/IORegistryEntry
interface	2026-10-03T03:49:20.609Z	965085.8686130834	download-load	Instant(_value: 3040488.821198458 seconds)	0	2	36	0	26	36	logical	bridge0#15#nil#12	0	0	0.0	0.0	Optional(false)	route link type=209
interface	2026-10-03T03:49:20.609Z	965085.8686130834	download-load	Instant(_value: 3040488.821198458 seconds)	0	2	36	0	26	36	unknown	ap1#13#nil#13	0	0	0.0	0.0	nil	IORegistry provider unavailable; SC type=
interface	2026-10-03T03:49:20.609Z	965085.8686130834	download-load	Instant(_value: 3040488.821198458 seconds)	0	2	36	0	26	36	physicalWiFi	en0#14#4294971925#14	3167723520	1999640576	2562897.9557880703	7325.555610664146	Optional(true)	SC Wi-Fi; hardware provider IOSkywalkLegacyEthernetInterface/IO80211Controller/IOUserNetworkWLAN/IOUserService/IOUserService/IOPCIDevice/ApplePCIEHostBridge/IOPCIDevice/AppleT6031PCIe/AppleARMIODevice/AppleH15IO/IOPlatformDevice/AppleARMPE/IOPlatformExpertDevice/IORegistryEntry
interface	2026-10-03T03:49:20.609Z	965085.8686130834	download-load	Instant(_value: 3040488.821198458 seconds)	0	2	36	0	26	36	virtual	awdl0#16#nil#15	8599552	8556544	0.0	0.0	Optional(true)	SIOCGIFFUNCTIONALTYPE=4
interface	2026-10-03T03:49:20.609Z	965085.8686130834	download-load	Instant(_value: 3040488.821198458 seconds)	0	2	36	0	26	36	unknown	llw0#17#nil#16	0	0	0.0	0.0	nil	IORegistry provider unavailable; SC type=
interface	2026-10-03T03:49:20.609Z	965085.8686130834	download-load	Instant(_value: 3040488.821198458 seconds)	0	2	36	0	26	36	tunnel	utun0#18#nil#17	0	0	0.0	0.0	nil	tunnel name; VPN service unconfirmed
interface	2026-10-03T03:49:20.609Z	965085.8686130834	download-load	Instant(_value: 3040488.821198458 seconds)	0	2	36	0	26	36	tunnel	utun1#19#nil#18	0	8192	0.0	0.0	nil	tunnel name; VPN service unconfirmed
interface	2026-10-03T03:49:20.609Z	965085.8686130834	download-load	Instant(_value: 3040488.821198458 seconds)	0	2	36	0	26	36	tunnel	utun2#20#nil#19	0	8192	0.0	0.0	nil	tunnel name; VPN service unconfirmed
interface	2026-10-03T03:49:20.609Z	965085.8686130834	download-load	Instant(_value: 3040488.821198458 seconds)	0	2	36	0	26	36	tunnel	utun3#21#nil#20	0	8192	0.0	0.0	nil	tunnel name; VPN service unconfirmed
interface	2026-10-03T03:49:20.609Z	965085.8686130834	download-load	Instant(_value: 3040488.821198458 seconds)	0	2	36	0	26	36	tunnel	utun4#24#nil#21	9216	4096	0.0	0.0	nil	tunnel name; VPN service unconfirmed
interface	2026-10-03T03:49:20.609Z	965085.8686130834	download-load	Instant(_value: 3040488.821198458 seconds)	0	2	36	0	26	36	tunnel	utun5#25#nil#22	166912	143360	0.0	0.0	nil	tunnel name; VPN service unconfirmed
interface	2026-10-03T03:49:20.609Z	965085.8686130834	download-load	Instant(_value: 3040488.821198458 seconds)	0	2	36	0	26	36	tunnel	utun6#26#nil#23	0	8192	0.0	0.0	nil	tunnel name; VPN service unconfirmed
interface	2026-10-03T03:49:20.609Z	965085.8686130834	download-load	Instant(_value: 3040488.821198458 seconds)	0	2	36	0	26	36	tunnel	utun7#27#nil#24	0	8192	0.0	0.0	nil	tunnel name; VPN service unconfirmed
interface	2026-10-03T03:49:20.609Z	965085.8686130834	download-load	Instant(_value: 3040488.821198458 seconds)	0	2	36	0	26	36	virtual	vmenet0#22#4295372070#25	5120	1833984	0.0	0.0	Optional(true)	virtual provider IOUserEthernetInterface/IOUserEthernetController/IOUserEthernetResourceUserClient/IOUserEthernetResource/IOResources/IOPlatformExpertDevice/IORegistryEntry
interface	2026-10-03T03:49:20.609Z	965085.8686130834	download-load	Instant(_value: 3040488.821198458 seconds)	0	2	36	0	26	36	logical	bridge100#23#nil#26	0	3668992	0.0	0.0	Optional(true)	route link type=209
delivery	2026-10-03T03:49:20.609Z	965085.8686130834	download-load	Instant(_value: 3040488.821198458 seconds)	0	2	36	0	26	36	delivered	networkActivity						sameReadAt=true
card	2026-10-03T03:49:20.609Z	965085.8686130834	download-load	Optional(Swift.ContinuousClock.Instant(_value: 3040488.821198458 seconds))					26		partial("물리 대상의 식별·연결·속도 일부를 확인하지 못했습니다")	NetworkCard			2562897.9557880703	7325.555610664146	true	Network 카드, 일부 수집 실패: 물리 대상의 식별·연결·속도 일부를 확인하지 못했습니다, 확인된 일부 합계 다운로드 2.4 MB/s, 업로드 7.2 KB/s, 일부 수집 실패: 대상 identity 또는 물리 정보 일부 미확인
sample	2026-10-03T03:49:21.677Z	965086.9367640418	download-load	Instant(_value: 3040489.8530595 seconds)	0	2	37	0	26	37	partial("물리 대상의 식별·연결·속도 일부를 확인하지 못했습니다")	knownPhysical			2444236.0912391148	5954.2901126409615	false	representativeRX=-1.0;representativeTX=-1.0
interface	2026-10-03T03:49:21.677Z	965086.9367640418	download-load	Instant(_value: 3040489.8530595 seconds)	0	2	37	0	26	37	tunnel	gif0#2#nil#1	0	0	0.0	0.0	nil	route tunnel link type=55
interface	2026-10-03T03:49:21.677Z	965086.9367640418	download-load	Instant(_value: 3040489.8530595 seconds)	0	2	37	0	26	37	tunnel	stf0#3#nil#2	0	0	0.0	0.0	nil	route tunnel link type=57
interface	2026-10-03T03:49:21.677Z	965086.9367640418	download-load	Instant(_value: 3040489.8530595 seconds)	0	2	37	0	26	37	virtual	anpi1#4#4294970237#3	0	0	0.0	0.0	Optional(false)	private auxiliary network interface AppleUSBDeviceNCMPrivateEthernetInterface/AppleUSBDeviceNCMData/IOUSBDeviceInterface/AppleT8122USBXDCI/AppleARMIODevice/AppleH15IO/IOPlatformDevice/AppleARMPE/IOPlatformExpertDevice/IORegistryEntry
interface	2026-10-03T03:49:21.677Z	965086.9367640418	download-load	Instant(_value: 3040489.8530595 seconds)	0	2	37	0	26	37	virtual	anpi2#5#4294970293#4	0	0	0.0	0.0	Optional(false)	private auxiliary network interface AppleUSBDeviceNCMPrivateEthernetInterface/AppleUSBDeviceNCMData/IOUSBDeviceInterface/AppleT8122USBXDCI/AppleARMIODevice/AppleH15IO/IOPlatformDevice/AppleARMPE/IOPlatformExpertDevice/IORegistryEntry
interface	2026-10-03T03:49:21.677Z	965086.9367640418	download-load	Instant(_value: 3040489.8530595 seconds)	0	2	37	0	26	37	virtual	anpi0#6#4294970305#5	0	0	0.0	0.0	Optional(false)	private auxiliary network interface AppleUSBDeviceNCMPrivateEthernetInterface/AppleUSBDeviceNCMData/IOUSBDeviceInterface/AppleT8122USBXDCI/AppleARMIODevice/AppleH15IO/IOPlatformDevice/AppleARMPE/IOPlatformExpertDevice/IORegistryEntry
interface	2026-10-03T03:49:21.677Z	965086.9367640418	download-load	Instant(_value: 3040489.8530595 seconds)	0	2	37	0	26	37	physicalEthernet	en4#7#4294970257#6	0	0	0.0	0.0	Optional(false)	SC Ethernet; hardware provider IOEthernetInterface/AppleUSBDeviceNCMData/IOUSBDeviceInterface/AppleT8122USBXDCI/AppleARMIODevice/AppleH15IO/IOPlatformDevice/AppleARMPE/IOPlatformExpertDevice/IORegistryEntry
interface	2026-10-03T03:49:21.677Z	965086.9367640418	download-load	Instant(_value: 3040489.8530595 seconds)	0	2	37	0	26	37	physicalEthernet	en5#8#4294970175#7	0	0	0.0	0.0	Optional(false)	SC Ethernet; hardware provider IOEthernetInterface/AppleUSBDeviceNCMData/IOUSBDeviceInterface/AppleT8122USBXDCI/AppleARMIODevice/AppleH15IO/IOPlatformDevice/AppleARMPE/IOPlatformExpertDevice/IORegistryEntry
interface	2026-10-03T03:49:21.677Z	965086.9367640418	download-load	Instant(_value: 3040489.8530595 seconds)	0	2	37	0	26	37	physicalEthernet	en6#9#4294970236#8	0	0	0.0	0.0	Optional(false)	SC Ethernet; hardware provider IOEthernetInterface/AppleUSBDeviceNCMData/IOUSBDeviceInterface/AppleT8122USBXDCI/AppleARMIODevice/AppleH15IO/IOPlatformDevice/AppleARMPE/IOPlatformExpertDevice/IORegistryEntry
interface	2026-10-03T03:49:21.677Z	965086.9367640418	download-load	Instant(_value: 3040489.8530595 seconds)	0	2	37	0	26	37	physicalEthernet	en1#10#4294970312#9	0	0	0.0	0.0	Optional(false)	SC Ethernet; hardware provider IOEthernetInterface/AppleThunderboltIPPort/AppleThunderboltIPService/IOThunderboltLocalNode/IOThunderboltControllerType5/AppleThunderboltNHIType5/AppleThunderboltHALType5/AppleARMIODevice/AppleH15IO/IOPlatformDevice/AppleARMPE/IOPlatformExpertDevice/IORegistryEntry
interface	2026-10-03T03:49:21.677Z	965086.9367640418	download-load	Instant(_value: 3040489.8530595 seconds)	0	2	37	0	26	37	physicalEthernet	en2#11#4294970264#10	0	0	0.0	0.0	Optional(false)	SC Ethernet; hardware provider IOEthernetInterface/AppleThunderboltIPPort/AppleThunderboltIPService/IOThunderboltLocalNode/IOThunderboltControllerType5/AppleThunderboltNHIType5/AppleThunderboltHALType5/AppleARMIODevice/AppleH15IO/IOPlatformDevice/AppleARMPE/IOPlatformExpertDevice/IORegistryEntry
interface	2026-10-03T03:49:21.677Z	965086.9367640418	download-load	Instant(_value: 3040489.8530595 seconds)	0	2	37	0	26	37	physicalEthernet	en3#12#4294970379#11	0	0	0.0	0.0	Optional(false)	SC Ethernet; hardware provider IOEthernetInterface/AppleThunderboltIPPort/AppleThunderboltIPService/IOThunderboltLocalNode/IOThunderboltControllerType5/AppleThunderboltNHIType5/AppleThunderboltHALType5/AppleARMIODevice/AppleH15IO/IOPlatformDevice/AppleARMPE/IOPlatformExpertDevice/IORegistryEntry
interface	2026-10-03T03:49:21.677Z	965086.9367640418	download-load	Instant(_value: 3040489.8530595 seconds)	0	2	37	0	26	37	logical	bridge0#15#nil#12	0	0	0.0	0.0	Optional(false)	route link type=209
interface	2026-10-03T03:49:21.677Z	965086.9367640418	download-load	Instant(_value: 3040489.8530595 seconds)	0	2	37	0	26	37	unknown	ap1#13#nil#13	0	0	0.0	0.0	nil	IORegistry provider unavailable; SC type=
interface	2026-10-03T03:49:21.677Z	965086.9367640418	download-load	Instant(_value: 3040489.8530595 seconds)	0	2	37	0	26	37	physicalWiFi	en0#14#4294971925#14	3170245632	1999646720	2444236.0912391148	5954.2901126409615	Optional(true)	SC Wi-Fi; hardware provider IOSkywalkLegacyEthernetInterface/IO80211Controller/IOUserNetworkWLAN/IOUserService/IOUserService/IOPCIDevice/ApplePCIEHostBridge/IOPCIDevice/AppleT6031PCIe/AppleARMIODevice/AppleH15IO/IOPlatformDevice/AppleARMPE/IOPlatformExpertDevice/IORegistryEntry
interface	2026-10-03T03:49:21.677Z	965086.9367640418	download-load	Instant(_value: 3040489.8530595 seconds)	0	2	37	0	26	37	virtual	awdl0#16#nil#15	8599552	8556544	0.0	0.0	Optional(true)	SIOCGIFFUNCTIONALTYPE=4
interface	2026-10-03T03:49:21.677Z	965086.9367640418	download-load	Instant(_value: 3040489.8530595 seconds)	0	2	37	0	26	37	unknown	llw0#17#nil#16	0	0	0.0	0.0	nil	IORegistry provider unavailable; SC type=
interface	2026-10-03T03:49:21.677Z	965086.9367640418	download-load	Instant(_value: 3040489.8530595 seconds)	0	2	37	0	26	37	tunnel	utun0#18#nil#17	0	0	0.0	0.0	nil	tunnel name; VPN service unconfirmed
interface	2026-10-03T03:49:21.677Z	965086.9367640418	download-load	Instant(_value: 3040489.8530595 seconds)	0	2	37	0	26	37	tunnel	utun1#19#nil#18	0	8192	0.0	0.0	nil	tunnel name; VPN service unconfirmed
interface	2026-10-03T03:49:21.677Z	965086.9367640418	download-load	Instant(_value: 3040489.8530595 seconds)	0	2	37	0	26	37	tunnel	utun2#20#nil#19	0	8192	0.0	0.0	nil	tunnel name; VPN service unconfirmed
interface	2026-10-03T03:49:21.677Z	965086.9367640418	download-load	Instant(_value: 3040489.8530595 seconds)	0	2	37	0	26	37	tunnel	utun3#21#nil#20	0	8192	0.0	0.0	nil	tunnel name; VPN service unconfirmed
interface	2026-10-03T03:49:21.677Z	965086.9367640418	download-load	Instant(_value: 3040489.8530595 seconds)	0	2	37	0	26	37	tunnel	utun4#24#nil#21	9216	4096	0.0	0.0	nil	tunnel name; VPN service unconfirmed
interface	2026-10-03T03:49:21.677Z	965086.9367640418	download-load	Instant(_value: 3040489.8530595 seconds)	0	2	37	0	26	37	tunnel	utun5#25#nil#22	166912	143360	0.0	0.0	nil	tunnel name; VPN service unconfirmed
interface	2026-10-03T03:49:21.677Z	965086.9367640418	download-load	Instant(_value: 3040489.8530595 seconds)	0	2	37	0	26	37	tunnel	utun6#26#nil#23	0	8192	0.0	0.0	nil	tunnel name; VPN service unconfirmed
interface	2026-10-03T03:49:21.677Z	965086.9367640418	download-load	Instant(_value: 3040489.8530595 seconds)	0	2	37	0	26	37	tunnel	utun7#27#nil#24	0	8192	0.0	0.0	nil	tunnel name; VPN service unconfirmed
interface	2026-10-03T03:49:21.677Z	965086.9367640418	download-load	Instant(_value: 3040489.8530595 seconds)	0	2	37	0	26	37	virtual	vmenet0#22#4295372070#25	5120	1833984	0.0	0.0	Optional(true)	virtual provider IOUserEthernetInterface/IOUserEthernetController/IOUserEthernetResourceUserClient/IOUserEthernetResource/IOResources/IOPlatformExpertDevice/IORegistryEntry
interface	2026-10-03T03:49:21.677Z	965086.9367640418	download-load	Instant(_value: 3040489.8530595 seconds)	0	2	37	0	26	37	logical	bridge100#23#nil#26	0	3668992	0.0	0.0	Optional(true)	route link type=209
delivery	2026-10-03T03:49:21.677Z	965086.9367640418	download-load	Instant(_value: 3040489.8530595 seconds)	0	2	37	0	26	37	delivered	networkActivity						sameReadAt=true
card	2026-10-03T03:49:21.677Z	965086.9367640418	download-load	Optional(Swift.ContinuousClock.Instant(_value: 3040489.8530595 seconds))					26		partial("물리 대상의 식별·연결·속도 일부를 확인하지 못했습니다")	NetworkCard			2444236.0912391148	5954.2901126409615	true	Network 카드, 일부 수집 실패: 물리 대상의 식별·연결·속도 일부를 확인하지 못했습니다, 확인된 일부 합계 다운로드 2.3 MB/s, 업로드 5.8 KB/s, 일부 수집 실패: 대상 identity 또는 물리 정보 일부 미확인
sample	2026-10-03T03:49:22.690Z	965087.9498539168	download-load	Instant(_value: 3040490.855211083 seconds)	0	2	38	0	26	38	partial("물리 대상의 식별·연결·속도 일부를 확인하지 못했습니다")	knownPhysical			2505457.300664664	6130.809055460026	false	representativeRX=-1.0;representativeTX=-1.0
interface	2026-10-03T03:49:22.690Z	965087.9498539168	download-load	Instant(_value: 3040490.855211083 seconds)	0	2	38	0	26	38	tunnel	gif0#2#nil#1	0	0	0.0	0.0	nil	route tunnel link type=55
interface	2026-10-03T03:49:22.690Z	965087.9498539168	download-load	Instant(_value: 3040490.855211083 seconds)	0	2	38	0	26	38	tunnel	stf0#3#nil#2	0	0	0.0	0.0	nil	route tunnel link type=57
interface	2026-10-03T03:49:22.690Z	965087.9498539168	download-load	Instant(_value: 3040490.855211083 seconds)	0	2	38	0	26	38	virtual	anpi1#4#4294970237#3	0	0	0.0	0.0	Optional(false)	private auxiliary network interface AppleUSBDeviceNCMPrivateEthernetInterface/AppleUSBDeviceNCMData/IOUSBDeviceInterface/AppleT8122USBXDCI/AppleARMIODevice/AppleH15IO/IOPlatformDevice/AppleARMPE/IOPlatformExpertDevice/IORegistryEntry
interface	2026-10-03T03:49:22.690Z	965087.9498539168	download-load	Instant(_value: 3040490.855211083 seconds)	0	2	38	0	26	38	virtual	anpi2#5#4294970293#4	0	0	0.0	0.0	Optional(false)	private auxiliary network interface AppleUSBDeviceNCMPrivateEthernetInterface/AppleUSBDeviceNCMData/IOUSBDeviceInterface/AppleT8122USBXDCI/AppleARMIODevice/AppleH15IO/IOPlatformDevice/AppleARMPE/IOPlatformExpertDevice/IORegistryEntry
interface	2026-10-03T03:49:22.690Z	965087.9498539168	download-load	Instant(_value: 3040490.855211083 seconds)	0	2	38	0	26	38	virtual	anpi0#6#4294970305#5	0	0	0.0	0.0	Optional(false)	private auxiliary network interface AppleUSBDeviceNCMPrivateEthernetInterface/AppleUSBDeviceNCMData/IOUSBDeviceInterface/AppleT8122USBXDCI/AppleARMIODevice/AppleH15IO/IOPlatformDevice/AppleARMPE/IOPlatformExpertDevice/IORegistryEntry
interface	2026-10-03T03:49:22.690Z	965087.9498539168	download-load	Instant(_value: 3040490.855211083 seconds)	0	2	38	0	26	38	physicalEthernet	en4#7#4294970257#6	0	0	0.0	0.0	Optional(false)	SC Ethernet; hardware provider IOEthernetInterface/AppleUSBDeviceNCMData/IOUSBDeviceInterface/AppleT8122USBXDCI/AppleARMIODevice/AppleH15IO/IOPlatformDevice/AppleARMPE/IOPlatformExpertDevice/IORegistryEntry
interface	2026-10-03T03:49:22.690Z	965087.9498539168	download-load	Instant(_value: 3040490.855211083 seconds)	0	2	38	0	26	38	physicalEthernet	en5#8#4294970175#7	0	0	0.0	0.0	Optional(false)	SC Ethernet; hardware provider IOEthernetInterface/AppleUSBDeviceNCMData/IOUSBDeviceInterface/AppleT8122USBXDCI/AppleARMIODevice/AppleH15IO/IOPlatformDevice/AppleARMPE/IOPlatformExpertDevice/IORegistryEntry
interface	2026-10-03T03:49:22.690Z	965087.9498539168	download-load	Instant(_value: 3040490.855211083 seconds)	0	2	38	0	26	38	physicalEthernet	en6#9#4294970236#8	0	0	0.0	0.0	Optional(false)	SC Ethernet; hardware provider IOEthernetInterface/AppleUSBDeviceNCMData/IOUSBDeviceInterface/AppleT8122USBXDCI/AppleARMIODevice/AppleH15IO/IOPlatformDevice/AppleARMPE/IOPlatformExpertDevice/IORegistryEntry
interface	2026-10-03T03:49:22.690Z	965087.9498539168	download-load	Instant(_value: 3040490.855211083 seconds)	0	2	38	0	26	38	physicalEthernet	en1#10#4294970312#9	0	0	0.0	0.0	Optional(false)	SC Ethernet; hardware provider IOEthernetInterface/AppleThunderboltIPPort/AppleThunderboltIPService/IOThunderboltLocalNode/IOThunderboltControllerType5/AppleThunderboltNHIType5/AppleThunderboltHALType5/AppleARMIODevice/AppleH15IO/IOPlatformDevice/AppleARMPE/IOPlatformExpertDevice/IORegistryEntry
interface	2026-10-03T03:49:22.690Z	965087.9498539168	download-load	Instant(_value: 3040490.855211083 seconds)	0	2	38	0	26	38	physicalEthernet	en2#11#4294970264#10	0	0	0.0	0.0	Optional(false)	SC Ethernet; hardware provider IOEthernetInterface/AppleThunderboltIPPort/AppleThunderboltIPService/IOThunderboltLocalNode/IOThunderboltControllerType5/AppleThunderboltNHIType5/AppleThunderboltHALType5/AppleARMIODevice/AppleH15IO/IOPlatformDevice/AppleARMPE/IOPlatformExpertDevice/IORegistryEntry
interface	2026-10-03T03:49:22.690Z	965087.9498539168	download-load	Instant(_value: 3040490.855211083 seconds)	0	2	38	0	26	38	physicalEthernet	en3#12#4294970379#11	0	0	0.0	0.0	Optional(false)	SC Ethernet; hardware provider IOEthernetInterface/AppleThunderboltIPPort/AppleThunderboltIPService/IOThunderboltLocalNode/IOThunderboltControllerType5/AppleThunderboltNHIType5/AppleThunderboltHALType5/AppleARMIODevice/AppleH15IO/IOPlatformDevice/AppleARMPE/IOPlatformExpertDevice/IORegistryEntry
interface	2026-10-03T03:49:22.690Z	965087.9498539168	download-load	Instant(_value: 3040490.855211083 seconds)	0	2	38	0	26	38	logical	bridge0#15#nil#12	0	0	0.0	0.0	Optional(false)	route link type=209
interface	2026-10-03T03:49:22.690Z	965087.9498539168	download-load	Instant(_value: 3040490.855211083 seconds)	0	2	38	0	26	38	unknown	ap1#13#nil#13	0	0	0.0	0.0	nil	IORegistry provider unavailable; SC type=
interface	2026-10-03T03:49:22.690Z	965087.9498539168	download-load	Instant(_value: 3040490.855211083 seconds)	0	2	38	0	26	38	physicalWiFi	en0#14#4294971925#14	3172756480	1999652864	2505457.300664664	6130.809055460026	Optional(true)	SC Wi-Fi; hardware provider IOSkywalkLegacyEthernetInterface/IO80211Controller/IOUserNetworkWLAN/IOUserService/IOUserService/IOPCIDevice/ApplePCIEHostBridge/IOPCIDevice/AppleT6031PCIe/AppleARMIODevice/AppleH15IO/IOPlatformDevice/AppleARMPE/IOPlatformExpertDevice/IORegistryEntry
interface	2026-10-03T03:49:22.690Z	965087.9498539168	download-load	Instant(_value: 3040490.855211083 seconds)	0	2	38	0	26	38	virtual	awdl0#16#nil#15	8599552	8556544	0.0	0.0	Optional(true)	SIOCGIFFUNCTIONALTYPE=4
interface	2026-10-03T03:49:22.690Z	965087.9498539168	download-load	Instant(_value: 3040490.855211083 seconds)	0	2	38	0	26	38	unknown	llw0#17#nil#16	0	0	0.0	0.0	nil	IORegistry provider unavailable; SC type=
interface	2026-10-03T03:49:22.690Z	965087.9498539168	download-load	Instant(_value: 3040490.855211083 seconds)	0	2	38	0	26	38	tunnel	utun0#18#nil#17	0	0	0.0	0.0	nil	tunnel name; VPN service unconfirmed
interface	2026-10-03T03:49:22.690Z	965087.9498539168	download-load	Instant(_value: 3040490.855211083 seconds)	0	2	38	0	26	38	tunnel	utun1#19#nil#18	0	8192	0.0	0.0	nil	tunnel name; VPN service unconfirmed
interface	2026-10-03T03:49:22.690Z	965087.9498539168	download-load	Instant(_value: 3040490.855211083 seconds)	0	2	38	0	26	38	tunnel	utun2#20#nil#19	0	8192	0.0	0.0	nil	tunnel name; VPN service unconfirmed
interface	2026-10-03T03:49:22.690Z	965087.9498539168	download-load	Instant(_value: 3040490.855211083 seconds)	0	2	38	0	26	38	tunnel	utun3#21#nil#20	0	8192	0.0	0.0	nil	tunnel name; VPN service unconfirmed
interface	2026-10-03T03:49:22.690Z	965087.9498539168	download-load	Instant(_value: 3040490.855211083 seconds)	0	2	38	0	26	38	tunnel	utun4#24#nil#21	9216	4096	0.0	0.0	nil	tunnel name; VPN service unconfirmed
interface	2026-10-03T03:49:22.690Z	965087.9498539168	download-load	Instant(_value: 3040490.855211083 seconds)	0	2	38	0	26	38	tunnel	utun5#25#nil#22	166912	143360	0.0	0.0	nil	tunnel name; VPN service unconfirmed
interface	2026-10-03T03:49:22.690Z	965087.9498539168	download-load	Instant(_value: 3040490.855211083 seconds)	0	2	38	0	26	38	tunnel	utun6#26#nil#23	0	8192	0.0	0.0	nil	tunnel name; VPN service unconfirmed
interface	2026-10-03T03:49:22.690Z	965087.9498539168	download-load	Instant(_value: 3040490.855211083 seconds)	0	2	38	0	26	38	tunnel	utun7#27#nil#24	0	8192	0.0	0.0	nil	tunnel name; VPN service unconfirmed
interface	2026-10-03T03:49:22.690Z	965087.9498539168	download-load	Instant(_value: 3040490.855211083 seconds)	0	2	38	0	26	38	virtual	vmenet0#22#4295372070#25	5120	1833984	0.0	0.0	Optional(true)	virtual provider IOUserEthernetInterface/IOUserEthernetController/IOUserEthernetResourceUserClient/IOUserEthernetResource/IOResources/IOPlatformExpertDevice/IORegistryEntry
interface	2026-10-03T03:49:22.690Z	965087.9498539168	download-load	Instant(_value: 3040490.855211083 seconds)	0	2	38	0	26	38	logical	bridge100#23#nil#26	0	3668992	0.0	0.0	Optional(true)	route link type=209
delivery	2026-10-03T03:49:22.690Z	965087.9498539168	download-load	Instant(_value: 3040490.855211083 seconds)	0	2	38	0	26	38	delivered	networkActivity						sameReadAt=true
card	2026-10-03T03:49:22.690Z	965087.9498539168	download-load	Optional(Swift.ContinuousClock.Instant(_value: 3040490.855211083 seconds))					26		partial("물리 대상의 식별·연결·속도 일부를 확인하지 못했습니다")	NetworkCard			2505457.300664664	6130.809055460026	true	Network 카드, 일부 수집 실패: 물리 대상의 식별·연결·속도 일부를 확인하지 못했습니다, 확인된 일부 합계 다운로드 2.4 MB/s, 업로드 6.0 KB/s, 일부 수집 실패: 대상 identity 또는 물리 정보 일부 미확인
sample	2026-10-03T03:49:23.703Z	965088.9627691667	download-load	Instant(_value: 3040491.864846291 seconds)	0	2	39	0	26	39	partial("물리 대상의 식별·연결·속도 일부를 확인하지 못했습니다")	knownPhysical			2492971.6991406665	7099.593935713859	false	representativeRX=-1.0;representativeTX=-1.0
interface	2026-10-03T03:49:23.703Z	965088.9627691667	download-load	Instant(_value: 3040491.864846291 seconds)	0	2	39	0	26	39	tunnel	gif0#2#nil#1	0	0	0.0	0.0	nil	route tunnel link type=55
interface	2026-10-03T03:49:23.703Z	965088.9627691667	download-load	Instant(_value: 3040491.864846291 seconds)	0	2	39	0	26	39	tunnel	stf0#3#nil#2	0	0	0.0	0.0	nil	route tunnel link type=57
interface	2026-10-03T03:49:23.703Z	965088.9627691667	download-load	Instant(_value: 3040491.864846291 seconds)	0	2	39	0	26	39	virtual	anpi1#4#4294970237#3	0	0	0.0	0.0	Optional(false)	private auxiliary network interface AppleUSBDeviceNCMPrivateEthernetInterface/AppleUSBDeviceNCMData/IOUSBDeviceInterface/AppleT8122USBXDCI/AppleARMIODevice/AppleH15IO/IOPlatformDevice/AppleARMPE/IOPlatformExpertDevice/IORegistryEntry
interface	2026-10-03T03:49:23.703Z	965088.9627691667	download-load	Instant(_value: 3040491.864846291 seconds)	0	2	39	0	26	39	virtual	anpi2#5#4294970293#4	0	0	0.0	0.0	Optional(false)	private auxiliary network interface AppleUSBDeviceNCMPrivateEthernetInterface/AppleUSBDeviceNCMData/IOUSBDeviceInterface/AppleT8122USBXDCI/AppleARMIODevice/AppleH15IO/IOPlatformDevice/AppleARMPE/IOPlatformExpertDevice/IORegistryEntry
interface	2026-10-03T03:49:23.703Z	965088.9627691667	download-load	Instant(_value: 3040491.864846291 seconds)	0	2	39	0	26	39	virtual	anpi0#6#4294970305#5	0	0	0.0	0.0	Optional(false)	private auxiliary network interface AppleUSBDeviceNCMPrivateEthernetInterface/AppleUSBDeviceNCMData/IOUSBDeviceInterface/AppleT8122USBXDCI/AppleARMIODevice/AppleH15IO/IOPlatformDevice/AppleARMPE/IOPlatformExpertDevice/IORegistryEntry
interface	2026-10-03T03:49:23.703Z	965088.9627691667	download-load	Instant(_value: 3040491.864846291 seconds)	0	2	39	0	26	39	physicalEthernet	en4#7#4294970257#6	0	0	0.0	0.0	Optional(false)	SC Ethernet; hardware provider IOEthernetInterface/AppleUSBDeviceNCMData/IOUSBDeviceInterface/AppleT8122USBXDCI/AppleARMIODevice/AppleH15IO/IOPlatformDevice/AppleARMPE/IOPlatformExpertDevice/IORegistryEntry
interface	2026-10-03T03:49:23.703Z	965088.9627691667	download-load	Instant(_value: 3040491.864846291 seconds)	0	2	39	0	26	39	physicalEthernet	en5#8#4294970175#7	0	0	0.0	0.0	Optional(false)	SC Ethernet; hardware provider IOEthernetInterface/AppleUSBDeviceNCMData/IOUSBDeviceInterface/AppleT8122USBXDCI/AppleARMIODevice/AppleH15IO/IOPlatformDevice/AppleARMPE/IOPlatformExpertDevice/IORegistryEntry
interface	2026-10-03T03:49:23.703Z	965088.9627691667	download-load	Instant(_value: 3040491.864846291 seconds)	0	2	39	0	26	39	physicalEthernet	en6#9#4294970236#8	0	0	0.0	0.0	Optional(false)	SC Ethernet; hardware provider IOEthernetInterface/AppleUSBDeviceNCMData/IOUSBDeviceInterface/AppleT8122USBXDCI/AppleARMIODevice/AppleH15IO/IOPlatformDevice/AppleARMPE/IOPlatformExpertDevice/IORegistryEntry
interface	2026-10-03T03:49:23.703Z	965088.9627691667	download-load	Instant(_value: 3040491.864846291 seconds)	0	2	39	0	26	39	physicalEthernet	en1#10#4294970312#9	0	0	0.0	0.0	Optional(false)	SC Ethernet; hardware provider IOEthernetInterface/AppleThunderboltIPPort/AppleThunderboltIPService/IOThunderboltLocalNode/IOThunderboltControllerType5/AppleThunderboltNHIType5/AppleThunderboltHALType5/AppleARMIODevice/AppleH15IO/IOPlatformDevice/AppleARMPE/IOPlatformExpertDevice/IORegistryEntry
interface	2026-10-03T03:49:23.703Z	965088.9627691667	download-load	Instant(_value: 3040491.864846291 seconds)	0	2	39	0	26	39	physicalEthernet	en2#11#4294970264#10	0	0	0.0	0.0	Optional(false)	SC Ethernet; hardware provider IOEthernetInterface/AppleThunderboltIPPort/AppleThunderboltIPService/IOThunderboltLocalNode/IOThunderboltControllerType5/AppleThunderboltNHIType5/AppleThunderboltHALType5/AppleARMIODevice/AppleH15IO/IOPlatformDevice/AppleARMPE/IOPlatformExpertDevice/IORegistryEntry
interface	2026-10-03T03:49:23.703Z	965088.9627691667	download-load	Instant(_value: 3040491.864846291 seconds)	0	2	39	0	26	39	physicalEthernet	en3#12#4294970379#11	0	0	0.0	0.0	Optional(false)	SC Ethernet; hardware provider IOEthernetInterface/AppleThunderboltIPPort/AppleThunderboltIPService/IOThunderboltLocalNode/IOThunderboltControllerType5/AppleThunderboltNHIType5/AppleThunderboltHALType5/AppleARMIODevice/AppleH15IO/IOPlatformDevice/AppleARMPE/IOPlatformExpertDevice/IORegistryEntry
interface	2026-10-03T03:49:23.703Z	965088.9627691667	download-load	Instant(_value: 3040491.864846291 seconds)	0	2	39	0	26	39	logical	bridge0#15#nil#12	0	0	0.0	0.0	Optional(false)	route link type=209
interface	2026-10-03T03:49:23.703Z	965088.9627691667	download-load	Instant(_value: 3040491.864846291 seconds)	0	2	39	0	26	39	unknown	ap1#13#nil#13	0	0	0.0	0.0	nil	IORegistry provider unavailable; SC type=
interface	2026-10-03T03:49:23.703Z	965088.9627691667	download-load	Instant(_value: 3040491.864846291 seconds)	0	2	39	0	26	39	physicalWiFi	en0#14#4294971925#14	3175273472	1999660032	2492971.6991406665	7099.593935713859	Optional(true)	SC Wi-Fi; hardware provider IOSkywalkLegacyEthernetInterface/IO80211Controller/IOUserNetworkWLAN/IOUserService/IOUserService/IOPCIDevice/ApplePCIEHostBridge/IOPCIDevice/AppleT6031PCIe/AppleARMIODevice/AppleH15IO/IOPlatformDevice/AppleARMPE/IOPlatformExpertDevice/IORegistryEntry
interface	2026-10-03T03:49:23.703Z	965088.9627691667	download-load	Instant(_value: 3040491.864846291 seconds)	0	2	39	0	26	39	virtual	awdl0#16#nil#15	8599552	8556544	0.0	0.0	Optional(true)	SIOCGIFFUNCTIONALTYPE=4
interface	2026-10-03T03:49:23.703Z	965088.9627691667	download-load	Instant(_value: 3040491.864846291 seconds)	0	2	39	0	26	39	unknown	llw0#17#nil#16	0	0	0.0	0.0	nil	IORegistry provider unavailable; SC type=
interface	2026-10-03T03:49:23.703Z	965088.9627691667	download-load	Instant(_value: 3040491.864846291 seconds)	0	2	39	0	26	39	tunnel	utun0#18#nil#17	0	0	0.0	0.0	nil	tunnel name; VPN service unconfirmed
interface	2026-10-03T03:49:23.703Z	965088.9627691667	download-load	Instant(_value: 3040491.864846291 seconds)	0	2	39	0	26	39	tunnel	utun1#19#nil#18	0	8192	0.0	0.0	nil	tunnel name; VPN service unconfirmed
interface	2026-10-03T03:49:23.703Z	965088.9627691667	download-load	Instant(_value: 3040491.864846291 seconds)	0	2	39	0	26	39	tunnel	utun2#20#nil#19	0	8192	0.0	0.0	nil	tunnel name; VPN service unconfirmed
interface	2026-10-03T03:49:23.703Z	965088.9627691667	download-load	Instant(_value: 3040491.864846291 seconds)	0	2	39	0	26	39	tunnel	utun3#21#nil#20	0	8192	0.0	0.0	nil	tunnel name; VPN service unconfirmed
interface	2026-10-03T03:49:23.703Z	965088.9627691667	download-load	Instant(_value: 3040491.864846291 seconds)	0	2	39	0	26	39	tunnel	utun4#24#nil#21	9216	4096	0.0	0.0	nil	tunnel name; VPN service unconfirmed
interface	2026-10-03T03:49:23.703Z	965088.9627691667	download-load	Instant(_value: 3040491.864846291 seconds)	0	2	39	0	26	39	tunnel	utun5#25#nil#22	166912	143360	0.0	0.0	nil	tunnel name; VPN service unconfirmed
interface	2026-10-03T03:49:23.703Z	965088.9627691667	download-load	Instant(_value: 3040491.864846291 seconds)	0	2	39	0	26	39	tunnel	utun6#26#nil#23	0	8192	0.0	0.0	nil	tunnel name; VPN service unconfirmed
interface	2026-10-03T03:49:23.703Z	965088.9627691667	download-load	Instant(_value: 3040491.864846291 seconds)	0	2	39	0	26	39	tunnel	utun7#27#nil#24	0	8192	0.0	0.0	nil	tunnel name; VPN service unconfirmed
interface	2026-10-03T03:49:23.703Z	965088.9627691667	download-load	Instant(_value: 3040491.864846291 seconds)	0	2	39	0	26	39	virtual	vmenet0#22#4295372070#25	5120	1833984	0.0	0.0	Optional(true)	virtual provider IOUserEthernetInterface/IOUserEthernetController/IOUserEthernetResourceUserClient/IOUserEthernetResource/IOResources/IOPlatformExpertDevice/IORegistryEntry
interface	2026-10-03T03:49:23.703Z	965088.9627691667	download-load	Instant(_value: 3040491.864846291 seconds)	0	2	39	0	26	39	logical	bridge100#23#nil#26	0	3668992	0.0	0.0	Optional(true)	route link type=209
delivery	2026-10-03T03:49:23.703Z	965088.9627691667	download-load	Instant(_value: 3040491.864846291 seconds)	0	2	39	0	26	39	delivered	networkActivity						sameReadAt=true
card	2026-10-03T03:49:23.703Z	965088.9627691667	download-load	Optional(Swift.ContinuousClock.Instant(_value: 3040491.864846291 seconds))					26		partial("물리 대상의 식별·연결·속도 일부를 확인하지 못했습니다")	NetworkCard			2492971.6991406665	7099.593935713859	true	Network 카드, 일부 수집 실패: 물리 대상의 식별·연결·속도 일부를 확인하지 못했습니다, 확인된 일부 합계 다운로드 2.4 MB/s, 업로드 6.9 KB/s, 일부 수집 실패: 대상 identity 또는 물리 정보 일부 미확인
sample	2026-10-03T03:49:24.747Z	965090.0060895417	download-load	Instant(_value: 3040492.8148749163 seconds)	0	2	40	0	26	40	partial("물리 대상의 식별·연결·속도 일부를 확인하지 못했습니다")	knownPhysical			2641840.3971775062	9700.760332353144	false	representativeRX=-1.0;representativeTX=-1.0
interface	2026-10-03T03:49:24.747Z	965090.0060895417	download-load	Instant(_value: 3040492.8148749163 seconds)	0	2	40	0	26	40	tunnel	gif0#2#nil#1	0	0	0.0	0.0	nil	route tunnel link type=55
interface	2026-10-03T03:49:24.747Z	965090.0060895417	download-load	Instant(_value: 3040492.8148749163 seconds)	0	2	40	0	26	40	tunnel	stf0#3#nil#2	0	0	0.0	0.0	nil	route tunnel link type=57
interface	2026-10-03T03:49:24.747Z	965090.0060895417	download-load	Instant(_value: 3040492.8148749163 seconds)	0	2	40	0	26	40	virtual	anpi1#4#4294970237#3	0	0	0.0	0.0	Optional(false)	private auxiliary network interface AppleUSBDeviceNCMPrivateEthernetInterface/AppleUSBDeviceNCMData/IOUSBDeviceInterface/AppleT8122USBXDCI/AppleARMIODevice/AppleH15IO/IOPlatformDevice/AppleARMPE/IOPlatformExpertDevice/IORegistryEntry
interface	2026-10-03T03:49:24.747Z	965090.0060895417	download-load	Instant(_value: 3040492.8148749163 seconds)	0	2	40	0	26	40	virtual	anpi2#5#4294970293#4	0	0	0.0	0.0	Optional(false)	private auxiliary network interface AppleUSBDeviceNCMPrivateEthernetInterface/AppleUSBDeviceNCMData/IOUSBDeviceInterface/AppleT8122USBXDCI/AppleARMIODevice/AppleH15IO/IOPlatformDevice/AppleARMPE/IOPlatformExpertDevice/IORegistryEntry
interface	2026-10-03T03:49:24.747Z	965090.0060895417	download-load	Instant(_value: 3040492.8148749163 seconds)	0	2	40	0	26	40	virtual	anpi0#6#4294970305#5	0	0	0.0	0.0	Optional(false)	private auxiliary network interface AppleUSBDeviceNCMPrivateEthernetInterface/AppleUSBDeviceNCMData/IOUSBDeviceInterface/AppleT8122USBXDCI/AppleARMIODevice/AppleH15IO/IOPlatformDevice/AppleARMPE/IOPlatformExpertDevice/IORegistryEntry
interface	2026-10-03T03:49:24.747Z	965090.0060895417	download-load	Instant(_value: 3040492.8148749163 seconds)	0	2	40	0	26	40	physicalEthernet	en4#7#4294970257#6	0	0	0.0	0.0	Optional(false)	SC Ethernet; hardware provider IOEthernetInterface/AppleUSBDeviceNCMData/IOUSBDeviceInterface/AppleT8122USBXDCI/AppleARMIODevice/AppleH15IO/IOPlatformDevice/AppleARMPE/IOPlatformExpertDevice/IORegistryEntry
interface	2026-10-03T03:49:24.747Z	965090.0060895417	download-load	Instant(_value: 3040492.8148749163 seconds)	0	2	40	0	26	40	physicalEthernet	en5#8#4294970175#7	0	0	0.0	0.0	Optional(false)	SC Ethernet; hardware provider IOEthernetInterface/AppleUSBDeviceNCMData/IOUSBDeviceInterface/AppleT8122USBXDCI/AppleARMIODevice/AppleH15IO/IOPlatformDevice/AppleARMPE/IOPlatformExpertDevice/IORegistryEntry
interface	2026-10-03T03:49:24.747Z	965090.0060895417	download-load	Instant(_value: 3040492.8148749163 seconds)	0	2	40	0	26	40	physicalEthernet	en6#9#4294970236#8	0	0	0.0	0.0	Optional(false)	SC Ethernet; hardware provider IOEthernetInterface/AppleUSBDeviceNCMData/IOUSBDeviceInterface/AppleT8122USBXDCI/AppleARMIODevice/AppleH15IO/IOPlatformDevice/AppleARMPE/IOPlatformExpertDevice/IORegistryEntry
interface	2026-10-03T03:49:24.747Z	965090.0060895417	download-load	Instant(_value: 3040492.8148749163 seconds)	0	2	40	0	26	40	physicalEthernet	en1#10#4294970312#9	0	0	0.0	0.0	Optional(false)	SC Ethernet; hardware provider IOEthernetInterface/AppleThunderboltIPPort/AppleThunderboltIPService/IOThunderboltLocalNode/IOThunderboltControllerType5/AppleThunderboltNHIType5/AppleThunderboltHALType5/AppleARMIODevice/AppleH15IO/IOPlatformDevice/AppleARMPE/IOPlatformExpertDevice/IORegistryEntry
interface	2026-10-03T03:49:24.747Z	965090.0060895417	download-load	Instant(_value: 3040492.8148749163 seconds)	0	2	40	0	26	40	physicalEthernet	en2#11#4294970264#10	0	0	0.0	0.0	Optional(false)	SC Ethernet; hardware provider IOEthernetInterface/AppleThunderboltIPPort/AppleThunderboltIPService/IOThunderboltLocalNode/IOThunderboltControllerType5/AppleThunderboltNHIType5/AppleThunderboltHALType5/AppleARMIODevice/AppleH15IO/IOPlatformDevice/AppleARMPE/IOPlatformExpertDevice/IORegistryEntry
interface	2026-10-03T03:49:24.747Z	965090.0060895417	download-load	Instant(_value: 3040492.8148749163 seconds)	0	2	40	0	26	40	physicalEthernet	en3#12#4294970379#11	0	0	0.0	0.0	Optional(false)	SC Ethernet; hardware provider IOEthernetInterface/AppleThunderboltIPPort/AppleThunderboltIPService/IOThunderboltLocalNode/IOThunderboltControllerType5/AppleThunderboltNHIType5/AppleThunderboltHALType5/AppleARMIODevice/AppleH15IO/IOPlatformDevice/AppleARMPE/IOPlatformExpertDevice/IORegistryEntry
interface	2026-10-03T03:49:24.747Z	965090.0060895417	download-load	Instant(_value: 3040492.8148749163 seconds)	0	2	40	0	26	40	logical	bridge0#15#nil#12	0	0	0.0	0.0	Optional(false)	route link type=209
interface	2026-10-03T03:49:24.747Z	965090.0060895417	download-load	Instant(_value: 3040492.8148749163 seconds)	0	2	40	0	26	40	unknown	ap1#13#nil#13	0	0	0.0	0.0	nil	IORegistry provider unavailable; SC type=
interface	2026-10-03T03:49:24.747Z	965090.0060895417	download-load	Instant(_value: 3040492.8148749163 seconds)	0	2	40	0	26	40	physicalWiFi	en0#14#4294971925#14	3177783296	1999669248	2641840.3971775062	9700.760332353144	Optional(true)	SC Wi-Fi; hardware provider IOSkywalkLegacyEthernetInterface/IO80211Controller/IOUserNetworkWLAN/IOUserService/IOUserService/IOPCIDevice/ApplePCIEHostBridge/IOPCIDevice/AppleT6031PCIe/AppleARMIODevice/AppleH15IO/IOPlatformDevice/AppleARMPE/IOPlatformExpertDevice/IORegistryEntry
interface	2026-10-03T03:49:24.747Z	965090.0060895417	download-load	Instant(_value: 3040492.8148749163 seconds)	0	2	40	0	26	40	virtual	awdl0#16#nil#15	8599552	8556544	0.0	0.0	Optional(true)	SIOCGIFFUNCTIONALTYPE=4
interface	2026-10-03T03:49:24.747Z	965090.0060895417	download-load	Instant(_value: 3040492.8148749163 seconds)	0	2	40	0	26	40	unknown	llw0#17#nil#16	0	0	0.0	0.0	nil	IORegistry provider unavailable; SC type=
interface	2026-10-03T03:49:24.747Z	965090.0060895417	download-load	Instant(_value: 3040492.8148749163 seconds)	0	2	40	0	26	40	tunnel	utun0#18#nil#17	0	0	0.0	0.0	nil	tunnel name; VPN service unconfirmed
interface	2026-10-03T03:49:24.747Z	965090.0060895417	download-load	Instant(_value: 3040492.8148749163 seconds)	0	2	40	0	26	40	tunnel	utun1#19#nil#18	0	8192	0.0	0.0	nil	tunnel name; VPN service unconfirmed
interface	2026-10-03T03:49:24.747Z	965090.0060895417	download-load	Instant(_value: 3040492.8148749163 seconds)	0	2	40	0	26	40	tunnel	utun2#20#nil#19	0	8192	0.0	0.0	nil	tunnel name; VPN service unconfirmed
interface	2026-10-03T03:49:24.747Z	965090.0060895417	download-load	Instant(_value: 3040492.8148749163 seconds)	0	2	40	0	26	40	tunnel	utun3#21#nil#20	0	8192	0.0	0.0	nil	tunnel name; VPN service unconfirmed
interface	2026-10-03T03:49:24.747Z	965090.0060895417	download-load	Instant(_value: 3040492.8148749163 seconds)	0	2	40	0	26	40	tunnel	utun4#24#nil#21	9216	4096	0.0	0.0	nil	tunnel name; VPN service unconfirmed
interface	2026-10-03T03:49:24.747Z	965090.0060895417	download-load	Instant(_value: 3040492.8148749163 seconds)	0	2	40	0	26	40	tunnel	utun5#25#nil#22	166912	143360	0.0	0.0	nil	tunnel name; VPN service unconfirmed
interface	2026-10-03T03:49:24.747Z	965090.0060895417	download-load	Instant(_value: 3040492.8148749163 seconds)	0	2	40	0	26	40	tunnel	utun6#26#nil#23	0	8192	0.0	0.0	nil	tunnel name; VPN service unconfirmed
interface	2026-10-03T03:49:24.747Z	965090.0060895417	download-load	Instant(_value: 3040492.8148749163 seconds)	0	2	40	0	26	40	tunnel	utun7#27#nil#24	0	8192	0.0	0.0	nil	tunnel name; VPN service unconfirmed
interface	2026-10-03T03:49:24.747Z	965090.0060895417	download-load	Instant(_value: 3040492.8148749163 seconds)	0	2	40	0	26	40	virtual	vmenet0#22#4295372070#25	5120	1833984	0.0	0.0	Optional(true)	virtual provider IOUserEthernetInterface/IOUserEthernetController/IOUserEthernetResourceUserClient/IOUserEthernetResource/IOResources/IOPlatformExpertDevice/IORegistryEntry
interface	2026-10-03T03:49:24.747Z	965090.0060895417	download-load	Instant(_value: 3040492.8148749163 seconds)	0	2	40	0	26	40	logical	bridge100#23#nil#26	0	3668992	0.0	0.0	Optional(true)	route link type=209
delivery	2026-10-03T03:49:24.747Z	965090.0060895417	download-load	Instant(_value: 3040492.8148749163 seconds)	0	2	40	0	26	40	delivered	networkActivity						sameReadAt=true
card	2026-10-03T03:49:24.747Z	965090.0060895417	download-load	Optional(Swift.ContinuousClock.Instant(_value: 3040492.8148749163 seconds))					26		partial("물리 대상의 식별·연결·속도 일부를 확인하지 못했습니다")	NetworkCard			2641840.3971775062	9700.760332353144	true	Network 카드, 일부 수집 실패: 물리 대상의 식별·연결·속도 일부를 확인하지 못했습니다, 확인된 일부 합계 다운로드 2.5 MB/s, 업로드 9.5 KB/s, 일부 수집 실패: 대상 identity 또는 물리 정보 일부 미확인
sample	2026-10-03T03:49:25.780Z	965091.039163875	download-load	Instant(_value: 3040493.821618208 seconds)	0	2	41	0	26	41	partial("물리 대상의 식별·연결·속도 일부를 확인하지 못했습니다")	knownPhysical			2521492.8375206897	12205.693445037627	false	representativeRX=-1.0;representativeTX=-1.0
interface	2026-10-03T03:49:25.780Z	965091.039163875	download-load	Instant(_value: 3040493.821618208 seconds)	0	2	41	0	26	41	tunnel	gif0#2#nil#1	0	0	0.0	0.0	nil	route tunnel link type=55
interface	2026-10-03T03:49:25.780Z	965091.039163875	download-load	Instant(_value: 3040493.821618208 seconds)	0	2	41	0	26	41	tunnel	stf0#3#nil#2	0	0	0.0	0.0	nil	route tunnel link type=57
interface	2026-10-03T03:49:25.780Z	965091.039163875	download-load	Instant(_value: 3040493.821618208 seconds)	0	2	41	0	26	41	virtual	anpi1#4#4294970237#3	0	0	0.0	0.0	Optional(false)	private auxiliary network interface AppleUSBDeviceNCMPrivateEthernetInterface/AppleUSBDeviceNCMData/IOUSBDeviceInterface/AppleT8122USBXDCI/AppleARMIODevice/AppleH15IO/IOPlatformDevice/AppleARMPE/IOPlatformExpertDevice/IORegistryEntry
interface	2026-10-03T03:49:25.780Z	965091.039163875	download-load	Instant(_value: 3040493.821618208 seconds)	0	2	41	0	26	41	virtual	anpi2#5#4294970293#4	0	0	0.0	0.0	Optional(false)	private auxiliary network interface AppleUSBDeviceNCMPrivateEthernetInterface/AppleUSBDeviceNCMData/IOUSBDeviceInterface/AppleT8122USBXDCI/AppleARMIODevice/AppleH15IO/IOPlatformDevice/AppleARMPE/IOPlatformExpertDevice/IORegistryEntry
interface	2026-10-03T03:49:25.780Z	965091.039163875	download-load	Instant(_value: 3040493.821618208 seconds)	0	2	41	0	26	41	virtual	anpi0#6#4294970305#5	0	0	0.0	0.0	Optional(false)	private auxiliary network interface AppleUSBDeviceNCMPrivateEthernetInterface/AppleUSBDeviceNCMData/IOUSBDeviceInterface/AppleT8122USBXDCI/AppleARMIODevice/AppleH15IO/IOPlatformDevice/AppleARMPE/IOPlatformExpertDevice/IORegistryEntry
interface	2026-10-03T03:49:25.780Z	965091.039163875	download-load	Instant(_value: 3040493.821618208 seconds)	0	2	41	0	26	41	physicalEthernet	en4#7#4294970257#6	0	0	0.0	0.0	Optional(false)	SC Ethernet; hardware provider IOEthernetInterface/AppleUSBDeviceNCMData/IOUSBDeviceInterface/AppleT8122USBXDCI/AppleARMIODevice/AppleH15IO/IOPlatformDevice/AppleARMPE/IOPlatformExpertDevice/IORegistryEntry
interface	2026-10-03T03:49:25.780Z	965091.039163875	download-load	Instant(_value: 3040493.821618208 seconds)	0	2	41	0	26	41	physicalEthernet	en5#8#4294970175#7	0	0	0.0	0.0	Optional(false)	SC Ethernet; hardware provider IOEthernetInterface/AppleUSBDeviceNCMData/IOUSBDeviceInterface/AppleT8122USBXDCI/AppleARMIODevice/AppleH15IO/IOPlatformDevice/AppleARMPE/IOPlatformExpertDevice/IORegistryEntry
interface	2026-10-03T03:49:25.780Z	965091.039163875	download-load	Instant(_value: 3040493.821618208 seconds)	0	2	41	0	26	41	physicalEthernet	en6#9#4294970236#8	0	0	0.0	0.0	Optional(false)	SC Ethernet; hardware provider IOEthernetInterface/AppleUSBDeviceNCMData/IOUSBDeviceInterface/AppleT8122USBXDCI/AppleARMIODevice/AppleH15IO/IOPlatformDevice/AppleARMPE/IOPlatformExpertDevice/IORegistryEntry
interface	2026-10-03T03:49:25.780Z	965091.039163875	download-load	Instant(_value: 3040493.821618208 seconds)	0	2	41	0	26	41	physicalEthernet	en1#10#4294970312#9	0	0	0.0	0.0	Optional(false)	SC Ethernet; hardware provider IOEthernetInterface/AppleThunderboltIPPort/AppleThunderboltIPService/IOThunderboltLocalNode/IOThunderboltControllerType5/AppleThunderboltNHIType5/AppleThunderboltHALType5/AppleARMIODevice/AppleH15IO/IOPlatformDevice/AppleARMPE/IOPlatformExpertDevice/IORegistryEntry
interface	2026-10-03T03:49:25.780Z	965091.039163875	download-load	Instant(_value: 3040493.821618208 seconds)	0	2	41	0	26	41	physicalEthernet	en2#11#4294970264#10	0	0	0.0	0.0	Optional(false)	SC Ethernet; hardware provider IOEthernetInterface/AppleThunderboltIPPort/AppleThunderboltIPService/IOThunderboltLocalNode/IOThunderboltControllerType5/AppleThunderboltNHIType5/AppleThunderboltHALType5/AppleARMIODevice/AppleH15IO/IOPlatformDevice/AppleARMPE/IOPlatformExpertDevice/IORegistryEntry
interface	2026-10-03T03:49:25.780Z	965091.039163875	download-load	Instant(_value: 3040493.821618208 seconds)	0	2	41	0	26	41	physicalEthernet	en3#12#4294970379#11	0	0	0.0	0.0	Optional(false)	SC Ethernet; hardware provider IOEthernetInterface/AppleThunderboltIPPort/AppleThunderboltIPService/IOThunderboltLocalNode/IOThunderboltControllerType5/AppleThunderboltNHIType5/AppleThunderboltHALType5/AppleARMIODevice/AppleH15IO/IOPlatformDevice/AppleARMPE/IOPlatformExpertDevice/IORegistryEntry
interface	2026-10-03T03:49:25.780Z	965091.039163875	download-load	Instant(_value: 3040493.821618208 seconds)	0	2	41	0	26	41	logical	bridge0#15#nil#12	0	0	0.0	0.0	Optional(false)	route link type=209
interface	2026-10-03T03:49:25.780Z	965091.039163875	download-load	Instant(_value: 3040493.821618208 seconds)	0	2	41	0	26	41	unknown	ap1#13#nil#13	0	0	0.0	0.0	nil	IORegistry provider unavailable; SC type=
interface	2026-10-03T03:49:25.780Z	965091.039163875	download-load	Instant(_value: 3040493.821618208 seconds)	0	2	41	0	26	41	physicalWiFi	en0#14#4294971925#14	3180321792	1999681536	2521492.8375206897	12205.693445037627	Optional(true)	SC Wi-Fi; hardware provider IOSkywalkLegacyEthernetInterface/IO80211Controller/IOUserNetworkWLAN/IOUserService/IOUserService/IOPCIDevice/ApplePCIEHostBridge/IOPCIDevice/AppleT6031PCIe/AppleARMIODevice/AppleH15IO/IOPlatformDevice/AppleARMPE/IOPlatformExpertDevice/IORegistryEntry
interface	2026-10-03T03:49:25.780Z	965091.039163875	download-load	Instant(_value: 3040493.821618208 seconds)	0	2	41	0	26	41	virtual	awdl0#16#nil#15	8599552	8556544	0.0	0.0	Optional(true)	SIOCGIFFUNCTIONALTYPE=4
interface	2026-10-03T03:49:25.780Z	965091.039163875	download-load	Instant(_value: 3040493.821618208 seconds)	0	2	41	0	26	41	unknown	llw0#17#nil#16	0	0	0.0	0.0	nil	IORegistry provider unavailable; SC type=
interface	2026-10-03T03:49:25.780Z	965091.039163875	download-load	Instant(_value: 3040493.821618208 seconds)	0	2	41	0	26	41	tunnel	utun0#18#nil#17	0	0	0.0	0.0	nil	tunnel name; VPN service unconfirmed
interface	2026-10-03T03:49:25.780Z	965091.039163875	download-load	Instant(_value: 3040493.821618208 seconds)	0	2	41	0	26	41	tunnel	utun1#19#nil#18	0	8192	0.0	0.0	nil	tunnel name; VPN service unconfirmed
interface	2026-10-03T03:49:25.780Z	965091.039163875	download-load	Instant(_value: 3040493.821618208 seconds)	0	2	41	0	26	41	tunnel	utun2#20#nil#19	0	8192	0.0	0.0	nil	tunnel name; VPN service unconfirmed
interface	2026-10-03T03:49:25.780Z	965091.039163875	download-load	Instant(_value: 3040493.821618208 seconds)	0	2	41	0	26	41	tunnel	utun3#21#nil#20	0	8192	0.0	0.0	nil	tunnel name; VPN service unconfirmed
interface	2026-10-03T03:49:25.780Z	965091.039163875	download-load	Instant(_value: 3040493.821618208 seconds)	0	2	41	0	26	41	tunnel	utun4#24#nil#21	9216	4096	0.0	0.0	nil	tunnel name; VPN service unconfirmed
interface	2026-10-03T03:49:25.780Z	965091.039163875	download-load	Instant(_value: 3040493.821618208 seconds)	0	2	41	0	26	41	tunnel	utun5#25#nil#22	166912	143360	0.0	0.0	nil	tunnel name; VPN service unconfirmed
interface	2026-10-03T03:49:25.780Z	965091.039163875	download-load	Instant(_value: 3040493.821618208 seconds)	0	2	41	0	26	41	tunnel	utun6#26#nil#23	0	8192	0.0	0.0	nil	tunnel name; VPN service unconfirmed
interface	2026-10-03T03:49:25.780Z	965091.039163875	download-load	Instant(_value: 3040493.821618208 seconds)	0	2	41	0	26	41	tunnel	utun7#27#nil#24	0	8192	0.0	0.0	nil	tunnel name; VPN service unconfirmed
interface	2026-10-03T03:49:25.780Z	965091.039163875	download-load	Instant(_value: 3040493.821618208 seconds)	0	2	41	0	26	41	virtual	vmenet0#22#4295372070#25	5120	1833984	0.0	0.0	Optional(true)	virtual provider IOUserEthernetInterface/IOUserEthernetController/IOUserEthernetResourceUserClient/IOUserEthernetResource/IOResources/IOPlatformExpertDevice/IORegistryEntry
interface	2026-10-03T03:49:25.780Z	965091.039163875	download-load	Instant(_value: 3040493.821618208 seconds)	0	2	41	0	26	41	logical	bridge100#23#nil#26	0	3668992	0.0	0.0	Optional(true)	route link type=209
delivery	2026-10-03T03:49:25.780Z	965091.039163875	download-load	Instant(_value: 3040493.821618208 seconds)	0	2	41	0	26	41	delivered	networkActivity						sameReadAt=true
card	2026-10-03T03:49:25.780Z	965091.039163875	download-load	Optional(Swift.ContinuousClock.Instant(_value: 3040493.821618208 seconds))					26		partial("물리 대상의 식별·연결·속도 일부를 확인하지 못했습니다")	NetworkCard			2521492.8375206897	12205.693445037627	true	Network 카드, 일부 수집 실패: 물리 대상의 식별·연결·속도 일부를 확인하지 못했습니다, 확인된 일부 합계 다운로드 2.4 MB/s, 업로드 11.9 KB/s, 일부 수집 실패: 대상 identity 또는 물리 정보 일부 미확인
sample	2026-10-03T03:49:26.821Z	965092.0803601667	download-load	Instant(_value: 3040494.818874041 seconds)	0	2	42	0	26	42	partial("물리 대상의 식별·연결·속도 일부를 확인하지 못했습니다")	knownPhysical			2531105.776946606	8214.542075283103	false	representativeRX=-1.0;representativeTX=-1.0
interface	2026-10-03T03:49:26.821Z	965092.0803601667	download-load	Instant(_value: 3040494.818874041 seconds)	0	2	42	0	26	42	tunnel	gif0#2#nil#1	0	0	0.0	0.0	nil	route tunnel link type=55
interface	2026-10-03T03:49:26.821Z	965092.0803601667	download-load	Instant(_value: 3040494.818874041 seconds)	0	2	42	0	26	42	tunnel	stf0#3#nil#2	0	0	0.0	0.0	nil	route tunnel link type=57
interface	2026-10-03T03:49:26.821Z	965092.0803601667	download-load	Instant(_value: 3040494.818874041 seconds)	0	2	42	0	26	42	virtual	anpi1#4#4294970237#3	0	0	0.0	0.0	Optional(false)	private auxiliary network interface AppleUSBDeviceNCMPrivateEthernetInterface/AppleUSBDeviceNCMData/IOUSBDeviceInterface/AppleT8122USBXDCI/AppleARMIODevice/AppleH15IO/IOPlatformDevice/AppleARMPE/IOPlatformExpertDevice/IORegistryEntry
interface	2026-10-03T03:49:26.821Z	965092.0803601667	download-load	Instant(_value: 3040494.818874041 seconds)	0	2	42	0	26	42	virtual	anpi2#5#4294970293#4	0	0	0.0	0.0	Optional(false)	private auxiliary network interface AppleUSBDeviceNCMPrivateEthernetInterface/AppleUSBDeviceNCMData/IOUSBDeviceInterface/AppleT8122USBXDCI/AppleARMIODevice/AppleH15IO/IOPlatformDevice/AppleARMPE/IOPlatformExpertDevice/IORegistryEntry
interface	2026-10-03T03:49:26.821Z	965092.0803601667	download-load	Instant(_value: 3040494.818874041 seconds)	0	2	42	0	26	42	virtual	anpi0#6#4294970305#5	0	0	0.0	0.0	Optional(false)	private auxiliary network interface AppleUSBDeviceNCMPrivateEthernetInterface/AppleUSBDeviceNCMData/IOUSBDeviceInterface/AppleT8122USBXDCI/AppleARMIODevice/AppleH15IO/IOPlatformDevice/AppleARMPE/IOPlatformExpertDevice/IORegistryEntry
interface	2026-10-03T03:49:26.821Z	965092.0803601667	download-load	Instant(_value: 3040494.818874041 seconds)	0	2	42	0	26	42	physicalEthernet	en4#7#4294970257#6	0	0	0.0	0.0	Optional(false)	SC Ethernet; hardware provider IOEthernetInterface/AppleUSBDeviceNCMData/IOUSBDeviceInterface/AppleT8122USBXDCI/AppleARMIODevice/AppleH15IO/IOPlatformDevice/AppleARMPE/IOPlatformExpertDevice/IORegistryEntry
interface	2026-10-03T03:49:26.821Z	965092.0803601667	download-load	Instant(_value: 3040494.818874041 seconds)	0	2	42	0	26	42	physicalEthernet	en5#8#4294970175#7	0	0	0.0	0.0	Optional(false)	SC Ethernet; hardware provider IOEthernetInterface/AppleUSBDeviceNCMData/IOUSBDeviceInterface/AppleT8122USBXDCI/AppleARMIODevice/AppleH15IO/IOPlatformDevice/AppleARMPE/IOPlatformExpertDevice/IORegistryEntry
interface	2026-10-03T03:49:26.821Z	965092.0803601667	download-load	Instant(_value: 3040494.818874041 seconds)	0	2	42	0	26	42	physicalEthernet	en6#9#4294970236#8	0	0	0.0	0.0	Optional(false)	SC Ethernet; hardware provider IOEthernetInterface/AppleUSBDeviceNCMData/IOUSBDeviceInterface/AppleT8122USBXDCI/AppleARMIODevice/AppleH15IO/IOPlatformDevice/AppleARMPE/IOPlatformExpertDevice/IORegistryEntry
interface	2026-10-03T03:49:26.821Z	965092.0803601667	download-load	Instant(_value: 3040494.818874041 seconds)	0	2	42	0	26	42	physicalEthernet	en1#10#4294970312#9	0	0	0.0	0.0	Optional(false)	SC Ethernet; hardware provider IOEthernetInterface/AppleThunderboltIPPort/AppleThunderboltIPService/IOThunderboltLocalNode/IOThunderboltControllerType5/AppleThunderboltNHIType5/AppleThunderboltHALType5/AppleARMIODevice/AppleH15IO/IOPlatformDevice/AppleARMPE/IOPlatformExpertDevice/IORegistryEntry
interface	2026-10-03T03:49:26.821Z	965092.0803601667	download-load	Instant(_value: 3040494.818874041 seconds)	0	2	42	0	26	42	physicalEthernet	en2#11#4294970264#10	0	0	0.0	0.0	Optional(false)	SC Ethernet; hardware provider IOEthernetInterface/AppleThunderboltIPPort/AppleThunderboltIPService/IOThunderboltLocalNode/IOThunderboltControllerType5/AppleThunderboltNHIType5/AppleThunderboltHALType5/AppleARMIODevice/AppleH15IO/IOPlatformDevice/AppleARMPE/IOPlatformExpertDevice/IORegistryEntry
interface	2026-10-03T03:49:26.821Z	965092.0803601667	download-load	Instant(_value: 3040494.818874041 seconds)	0	2	42	0	26	42	physicalEthernet	en3#12#4294970379#11	0	0	0.0	0.0	Optional(false)	SC Ethernet; hardware provider IOEthernetInterface/AppleThunderboltIPPort/AppleThunderboltIPService/IOThunderboltLocalNode/IOThunderboltControllerType5/AppleThunderboltNHIType5/AppleThunderboltHALType5/AppleARMIODevice/AppleH15IO/IOPlatformDevice/AppleARMPE/IOPlatformExpertDevice/IORegistryEntry
interface	2026-10-03T03:49:26.821Z	965092.0803601667	download-load	Instant(_value: 3040494.818874041 seconds)	0	2	42	0	26	42	logical	bridge0#15#nil#12	0	0	0.0	0.0	Optional(false)	route link type=209
interface	2026-10-03T03:49:26.821Z	965092.0803601667	download-load	Instant(_value: 3040494.818874041 seconds)	0	2	42	0	26	42	unknown	ap1#13#nil#13	0	0	0.0	0.0	nil	IORegistry provider unavailable; SC type=
interface	2026-10-03T03:49:26.821Z	965092.0803601667	download-load	Instant(_value: 3040494.818874041 seconds)	0	2	42	0	26	42	physicalWiFi	en0#14#4294971925#14	3182845952	1999689728	2531105.776946606	8214.542075283103	Optional(true)	SC Wi-Fi; hardware provider IOSkywalkLegacyEthernetInterface/IO80211Controller/IOUserNetworkWLAN/IOUserService/IOUserService/IOPCIDevice/ApplePCIEHostBridge/IOPCIDevice/AppleT6031PCIe/AppleARMIODevice/AppleH15IO/IOPlatformDevice/AppleARMPE/IOPlatformExpertDevice/IORegistryEntry
interface	2026-10-03T03:49:26.821Z	965092.0803601667	download-load	Instant(_value: 3040494.818874041 seconds)	0	2	42	0	26	42	virtual	awdl0#16#nil#15	8599552	8556544	0.0	0.0	Optional(true)	SIOCGIFFUNCTIONALTYPE=4
interface	2026-10-03T03:49:26.821Z	965092.0803601667	download-load	Instant(_value: 3040494.818874041 seconds)	0	2	42	0	26	42	unknown	llw0#17#nil#16	0	0	0.0	0.0	nil	IORegistry provider unavailable; SC type=
interface	2026-10-03T03:49:26.821Z	965092.0803601667	download-load	Instant(_value: 3040494.818874041 seconds)	0	2	42	0	26	42	tunnel	utun0#18#nil#17	0	0	0.0	0.0	nil	tunnel name; VPN service unconfirmed
interface	2026-10-03T03:49:26.821Z	965092.0803601667	download-load	Instant(_value: 3040494.818874041 seconds)	0	2	42	0	26	42	tunnel	utun1#19#nil#18	0	8192	0.0	0.0	nil	tunnel name; VPN service unconfirmed
interface	2026-10-03T03:49:26.821Z	965092.0803601667	download-load	Instant(_value: 3040494.818874041 seconds)	0	2	42	0	26	42	tunnel	utun2#20#nil#19	0	8192	0.0	0.0	nil	tunnel name; VPN service unconfirmed
interface	2026-10-03T03:49:26.821Z	965092.0803601667	download-load	Instant(_value: 3040494.818874041 seconds)	0	2	42	0	26	42	tunnel	utun3#21#nil#20	0	8192	0.0	0.0	nil	tunnel name; VPN service unconfirmed
interface	2026-10-03T03:49:26.821Z	965092.0803601667	download-load	Instant(_value: 3040494.818874041 seconds)	0	2	42	0	26	42	tunnel	utun4#24#nil#21	9216	4096	0.0	0.0	nil	tunnel name; VPN service unconfirmed
interface	2026-10-03T03:49:26.821Z	965092.0803601667	download-load	Instant(_value: 3040494.818874041 seconds)	0	2	42	0	26	42	tunnel	utun5#25#nil#22	166912	143360	0.0	0.0	nil	tunnel name; VPN service unconfirmed
interface	2026-10-03T03:49:26.821Z	965092.0803601667	download-load	Instant(_value: 3040494.818874041 seconds)	0	2	42	0	26	42	tunnel	utun6#26#nil#23	0	8192	0.0	0.0	nil	tunnel name; VPN service unconfirmed
interface	2026-10-03T03:49:26.821Z	965092.0803601667	download-load	Instant(_value: 3040494.818874041 seconds)	0	2	42	0	26	42	tunnel	utun7#27#nil#24	0	8192	0.0	0.0	nil	tunnel name; VPN service unconfirmed
interface	2026-10-03T03:49:26.821Z	965092.0803601667	download-load	Instant(_value: 3040494.818874041 seconds)	0	2	42	0	26	42	virtual	vmenet0#22#4295372070#25	5120	1833984	0.0	0.0	Optional(true)	virtual provider IOUserEthernetInterface/IOUserEthernetController/IOUserEthernetResourceUserClient/IOUserEthernetResource/IOResources/IOPlatformExpertDevice/IORegistryEntry
interface	2026-10-03T03:49:26.821Z	965092.0803601667	download-load	Instant(_value: 3040494.818874041 seconds)	0	2	42	0	26	42	logical	bridge100#23#nil#26	0	3668992	0.0	0.0	Optional(true)	route link type=209
delivery	2026-10-03T03:49:26.821Z	965092.0803601667	download-load	Instant(_value: 3040494.818874041 seconds)	0	2	42	0	26	42	delivered	networkActivity						sameReadAt=true
card	2026-10-03T03:49:26.821Z	965092.0803601667	download-load	Optional(Swift.ContinuousClock.Instant(_value: 3040494.818874041 seconds))					26		partial("물리 대상의 식별·연결·속도 일부를 확인하지 못했습니다")	NetworkCard			2531105.776946606	8214.542075283103	true	Network 카드, 일부 수집 실패: 물리 대상의 식별·연결·속도 일부를 확인하지 못했습니다, 확인된 일부 합계 다운로드 2.4 MB/s, 업로드 8.0 KB/s, 일부 수집 실패: 대상 identity 또는 물리 정보 일부 미확인
sample	2026-10-03T03:49:27.863Z	965093.1229577084	download-load	Instant(_value: 3040495.857195708 seconds)	0	2	43	0	26	43	partial("물리 대상의 식별·연결·속도 일부를 확인하지 못했습니다")	knownPhysical			2431986.233414505	16765.517424187587	false	representativeRX=-1.0;representativeTX=-1.0
interface	2026-10-03T03:49:27.863Z	965093.1229577084	download-load	Instant(_value: 3040495.857195708 seconds)	0	2	43	0	26	43	tunnel	gif0#2#nil#1	0	0	0.0	0.0	nil	route tunnel link type=55
interface	2026-10-03T03:49:27.863Z	965093.1229577084	download-load	Instant(_value: 3040495.857195708 seconds)	0	2	43	0	26	43	tunnel	stf0#3#nil#2	0	0	0.0	0.0	nil	route tunnel link type=57
interface	2026-10-03T03:49:27.863Z	965093.1229577084	download-load	Instant(_value: 3040495.857195708 seconds)	0	2	43	0	26	43	virtual	anpi1#4#4294970237#3	0	0	0.0	0.0	Optional(false)	private auxiliary network interface AppleUSBDeviceNCMPrivateEthernetInterface/AppleUSBDeviceNCMData/IOUSBDeviceInterface/AppleT8122USBXDCI/AppleARMIODevice/AppleH15IO/IOPlatformDevice/AppleARMPE/IOPlatformExpertDevice/IORegistryEntry
interface	2026-10-03T03:49:27.863Z	965093.1229577084	download-load	Instant(_value: 3040495.857195708 seconds)	0	2	43	0	26	43	virtual	anpi2#5#4294970293#4	0	0	0.0	0.0	Optional(false)	private auxiliary network interface AppleUSBDeviceNCMPrivateEthernetInterface/AppleUSBDeviceNCMData/IOUSBDeviceInterface/AppleT8122USBXDCI/AppleARMIODevice/AppleH15IO/IOPlatformDevice/AppleARMPE/IOPlatformExpertDevice/IORegistryEntry
interface	2026-10-03T03:49:27.863Z	965093.1229577084	download-load	Instant(_value: 3040495.857195708 seconds)	0	2	43	0	26	43	virtual	anpi0#6#4294970305#5	0	0	0.0	0.0	Optional(false)	private auxiliary network interface AppleUSBDeviceNCMPrivateEthernetInterface/AppleUSBDeviceNCMData/IOUSBDeviceInterface/AppleT8122USBXDCI/AppleARMIODevice/AppleH15IO/IOPlatformDevice/AppleARMPE/IOPlatformExpertDevice/IORegistryEntry
interface	2026-10-03T03:49:27.863Z	965093.1229577084	download-load	Instant(_value: 3040495.857195708 seconds)	0	2	43	0	26	43	physicalEthernet	en4#7#4294970257#6	0	0	0.0	0.0	Optional(false)	SC Ethernet; hardware provider IOEthernetInterface/AppleUSBDeviceNCMData/IOUSBDeviceInterface/AppleT8122USBXDCI/AppleARMIODevice/AppleH15IO/IOPlatformDevice/AppleARMPE/IOPlatformExpertDevice/IORegistryEntry
interface	2026-10-03T03:49:27.863Z	965093.1229577084	download-load	Instant(_value: 3040495.857195708 seconds)	0	2	43	0	26	43	physicalEthernet	en5#8#4294970175#7	0	0	0.0	0.0	Optional(false)	SC Ethernet; hardware provider IOEthernetInterface/AppleUSBDeviceNCMData/IOUSBDeviceInterface/AppleT8122USBXDCI/AppleARMIODevice/AppleH15IO/IOPlatformDevice/AppleARMPE/IOPlatformExpertDevice/IORegistryEntry
interface	2026-10-03T03:49:27.863Z	965093.1229577084	download-load	Instant(_value: 3040495.857195708 seconds)	0	2	43	0	26	43	physicalEthernet	en6#9#4294970236#8	0	0	0.0	0.0	Optional(false)	SC Ethernet; hardware provider IOEthernetInterface/AppleUSBDeviceNCMData/IOUSBDeviceInterface/AppleT8122USBXDCI/AppleARMIODevice/AppleH15IO/IOPlatformDevice/AppleARMPE/IOPlatformExpertDevice/IORegistryEntry
interface	2026-10-03T03:49:27.863Z	965093.1229577084	download-load	Instant(_value: 3040495.857195708 seconds)	0	2	43	0	26	43	physicalEthernet	en1#10#4294970312#9	0	0	0.0	0.0	Optional(false)	SC Ethernet; hardware provider IOEthernetInterface/AppleThunderboltIPPort/AppleThunderboltIPService/IOThunderboltLocalNode/IOThunderboltControllerType5/AppleThunderboltNHIType5/AppleThunderboltHALType5/AppleARMIODevice/AppleH15IO/IOPlatformDevice/AppleARMPE/IOPlatformExpertDevice/IORegistryEntry
interface	2026-10-03T03:49:27.863Z	965093.1229577084	download-load	Instant(_value: 3040495.857195708 seconds)	0	2	43	0	26	43	physicalEthernet	en2#11#4294970264#10	0	0	0.0	0.0	Optional(false)	SC Ethernet; hardware provider IOEthernetInterface/AppleThunderboltIPPort/AppleThunderboltIPService/IOThunderboltLocalNode/IOThunderboltControllerType5/AppleThunderboltNHIType5/AppleThunderboltHALType5/AppleARMIODevice/AppleH15IO/IOPlatformDevice/AppleARMPE/IOPlatformExpertDevice/IORegistryEntry
interface	2026-10-03T03:49:27.863Z	965093.1229577084	download-load	Instant(_value: 3040495.857195708 seconds)	0	2	43	0	26	43	physicalEthernet	en3#12#4294970379#11	0	0	0.0	0.0	Optional(false)	SC Ethernet; hardware provider IOEthernetInterface/AppleThunderboltIPPort/AppleThunderboltIPService/IOThunderboltLocalNode/IOThunderboltControllerType5/AppleThunderboltNHIType5/AppleThunderboltHALType5/AppleARMIODevice/AppleH15IO/IOPlatformDevice/AppleARMPE/IOPlatformExpertDevice/IORegistryEntry
interface	2026-10-03T03:49:27.863Z	965093.1229577084	download-load	Instant(_value: 3040495.857195708 seconds)	0	2	43	0	26	43	logical	bridge0#15#nil#12	0	0	0.0	0.0	Optional(false)	route link type=209
interface	2026-10-03T03:49:27.863Z	965093.1229577084	download-load	Instant(_value: 3040495.857195708 seconds)	0	2	43	0	26	43	unknown	ap1#13#nil#13	0	0	0.0	0.0	nil	IORegistry provider unavailable; SC type=
interface	2026-10-03T03:49:27.863Z	965093.1229577084	download-load	Instant(_value: 3040495.857195708 seconds)	0	2	43	0	26	43	physicalWiFi	en0#14#4294971925#14	3185371136	1999707136	2431986.233414505	16765.517424187587	Optional(true)	SC Wi-Fi; hardware provider IOSkywalkLegacyEthernetInterface/IO80211Controller/IOUserNetworkWLAN/IOUserService/IOUserService/IOPCIDevice/ApplePCIEHostBridge/IOPCIDevice/AppleT6031PCIe/AppleARMIODevice/AppleH15IO/IOPlatformDevice/AppleARMPE/IOPlatformExpertDevice/IORegistryEntry
interface	2026-10-03T03:49:27.863Z	965093.1229577084	download-load	Instant(_value: 3040495.857195708 seconds)	0	2	43	0	26	43	virtual	awdl0#16#nil#15	8599552	8556544	0.0	0.0	Optional(true)	SIOCGIFFUNCTIONALTYPE=4
interface	2026-10-03T03:49:27.863Z	965093.1229577084	download-load	Instant(_value: 3040495.857195708 seconds)	0	2	43	0	26	43	unknown	llw0#17#nil#16	0	0	0.0	0.0	nil	IORegistry provider unavailable; SC type=
interface	2026-10-03T03:49:27.863Z	965093.1229577084	download-load	Instant(_value: 3040495.857195708 seconds)	0	2	43	0	26	43	tunnel	utun0#18#nil#17	0	0	0.0	0.0	nil	tunnel name; VPN service unconfirmed
interface	2026-10-03T03:49:27.863Z	965093.1229577084	download-load	Instant(_value: 3040495.857195708 seconds)	0	2	43	0	26	43	tunnel	utun1#19#nil#18	0	8192	0.0	0.0	nil	tunnel name; VPN service unconfirmed
interface	2026-10-03T03:49:27.863Z	965093.1229577084	download-load	Instant(_value: 3040495.857195708 seconds)	0	2	43	0	26	43	tunnel	utun2#20#nil#19	0	8192	0.0	0.0	nil	tunnel name; VPN service unconfirmed
interface	2026-10-03T03:49:27.863Z	965093.1229577084	download-load	Instant(_value: 3040495.857195708 seconds)	0	2	43	0	26	43	tunnel	utun3#21#nil#20	0	8192	0.0	0.0	nil	tunnel name; VPN service unconfirmed
interface	2026-10-03T03:49:27.863Z	965093.1229577084	download-load	Instant(_value: 3040495.857195708 seconds)	0	2	43	0	26	43	tunnel	utun4#24#nil#21	9216	4096	0.0	0.0	nil	tunnel name; VPN service unconfirmed
interface	2026-10-03T03:49:27.863Z	965093.1229577084	download-load	Instant(_value: 3040495.857195708 seconds)	0	2	43	0	26	43	tunnel	utun5#25#nil#22	166912	143360	0.0	0.0	nil	tunnel name; VPN service unconfirmed
interface	2026-10-03T03:49:27.863Z	965093.1229577084	download-load	Instant(_value: 3040495.857195708 seconds)	0	2	43	0	26	43	tunnel	utun6#26#nil#23	0	8192	0.0	0.0	nil	tunnel name; VPN service unconfirmed
interface	2026-10-03T03:49:27.863Z	965093.1229577084	download-load	Instant(_value: 3040495.857195708 seconds)	0	2	43	0	26	43	tunnel	utun7#27#nil#24	0	8192	0.0	0.0	nil	tunnel name; VPN service unconfirmed
interface	2026-10-03T03:49:27.863Z	965093.1229577084	download-load	Instant(_value: 3040495.857195708 seconds)	0	2	43	0	26	43	virtual	vmenet0#22#4295372070#25	5120	1833984	0.0	0.0	Optional(true)	virtual provider IOUserEthernetInterface/IOUserEthernetController/IOUserEthernetResourceUserClient/IOUserEthernetResource/IOResources/IOPlatformExpertDevice/IORegistryEntry
interface	2026-10-03T03:49:27.863Z	965093.1229577084	download-load	Instant(_value: 3040495.857195708 seconds)	0	2	43	0	26	43	logical	bridge100#23#nil#26	0	3668992	0.0	0.0	Optional(true)	route link type=209
delivery	2026-10-03T03:49:27.863Z	965093.1229577084	download-load	Instant(_value: 3040495.857195708 seconds)	0	2	43	0	26	43	delivered	networkActivity						sameReadAt=true
card	2026-10-03T03:49:27.863Z	965093.1229577084	download-load	Optional(Swift.ContinuousClock.Instant(_value: 3040495.857195708 seconds))					26		partial("물리 대상의 식별·연결·속도 일부를 확인하지 못했습니다")	NetworkCard			2431986.233414505	16765.517424187587	true	Network 카드, 일부 수집 실패: 물리 대상의 식별·연결·속도 일부를 확인하지 못했습니다, 확인된 일부 합계 다운로드 2.3 MB/s, 업로드 16.4 KB/s, 일부 수집 실패: 대상 identity 또는 물리 정보 일부 미확인
sample	2026-10-03T03:49:28.930Z	965094.190053125	download-load	Instant(_value: 3040496.8578577503 seconds)	0	2	44	0	26	44	partial("물리 대상의 식별·연결·속도 일부를 확인하지 못했습니다")	knownPhysical			2511233.4579790123	8186.58014011088	false	representativeRX=-1.0;representativeTX=-1.0
interface	2026-10-03T03:49:28.930Z	965094.190053125	download-load	Instant(_value: 3040496.8578577503 seconds)	0	2	44	0	26	44	tunnel	gif0#2#nil#1	0	0	0.0	0.0	nil	route tunnel link type=55
interface	2026-10-03T03:49:28.930Z	965094.190053125	download-load	Instant(_value: 3040496.8578577503 seconds)	0	2	44	0	26	44	tunnel	stf0#3#nil#2	0	0	0.0	0.0	nil	route tunnel link type=57
interface	2026-10-03T03:49:28.930Z	965094.190053125	download-load	Instant(_value: 3040496.8578577503 seconds)	0	2	44	0	26	44	virtual	anpi1#4#4294970237#3	0	0	0.0	0.0	Optional(false)	private auxiliary network interface AppleUSBDeviceNCMPrivateEthernetInterface/AppleUSBDeviceNCMData/IOUSBDeviceInterface/AppleT8122USBXDCI/AppleARMIODevice/AppleH15IO/IOPlatformDevice/AppleARMPE/IOPlatformExpertDevice/IORegistryEntry
interface	2026-10-03T03:49:28.930Z	965094.190053125	download-load	Instant(_value: 3040496.8578577503 seconds)	0	2	44	0	26	44	virtual	anpi2#5#4294970293#4	0	0	0.0	0.0	Optional(false)	private auxiliary network interface AppleUSBDeviceNCMPrivateEthernetInterface/AppleUSBDeviceNCMData/IOUSBDeviceInterface/AppleT8122USBXDCI/AppleARMIODevice/AppleH15IO/IOPlatformDevice/AppleARMPE/IOPlatformExpertDevice/IORegistryEntry
interface	2026-10-03T03:49:28.930Z	965094.190053125	download-load	Instant(_value: 3040496.8578577503 seconds)	0	2	44	0	26	44	virtual	anpi0#6#4294970305#5	0	0	0.0	0.0	Optional(false)	private auxiliary network interface AppleUSBDeviceNCMPrivateEthernetInterface/AppleUSBDeviceNCMData/IOUSBDeviceInterface/AppleT8122USBXDCI/AppleARMIODevice/AppleH15IO/IOPlatformDevice/AppleARMPE/IOPlatformExpertDevice/IORegistryEntry
interface	2026-10-03T03:49:28.930Z	965094.190053125	download-load	Instant(_value: 3040496.8578577503 seconds)	0	2	44	0	26	44	physicalEthernet	en4#7#4294970257#6	0	0	0.0	0.0	Optional(false)	SC Ethernet; hardware provider IOEthernetInterface/AppleUSBDeviceNCMData/IOUSBDeviceInterface/AppleT8122USBXDCI/AppleARMIODevice/AppleH15IO/IOPlatformDevice/AppleARMPE/IOPlatformExpertDevice/IORegistryEntry
interface	2026-10-03T03:49:28.930Z	965094.190053125	download-load	Instant(_value: 3040496.8578577503 seconds)	0	2	44	0	26	44	physicalEthernet	en5#8#4294970175#7	0	0	0.0	0.0	Optional(false)	SC Ethernet; hardware provider IOEthernetInterface/AppleUSBDeviceNCMData/IOUSBDeviceInterface/AppleT8122USBXDCI/AppleARMIODevice/AppleH15IO/IOPlatformDevice/AppleARMPE/IOPlatformExpertDevice/IORegistryEntry
interface	2026-10-03T03:49:28.930Z	965094.190053125	download-load	Instant(_value: 3040496.8578577503 seconds)	0	2	44	0	26	44	physicalEthernet	en6#9#4294970236#8	0	0	0.0	0.0	Optional(false)	SC Ethernet; hardware provider IOEthernetInterface/AppleUSBDeviceNCMData/IOUSBDeviceInterface/AppleT8122USBXDCI/AppleARMIODevice/AppleH15IO/IOPlatformDevice/AppleARMPE/IOPlatformExpertDevice/IORegistryEntry
interface	2026-10-03T03:49:28.930Z	965094.190053125	download-load	Instant(_value: 3040496.8578577503 seconds)	0	2	44	0	26	44	physicalEthernet	en1#10#4294970312#9	0	0	0.0	0.0	Optional(false)	SC Ethernet; hardware provider IOEthernetInterface/AppleThunderboltIPPort/AppleThunderboltIPService/IOThunderboltLocalNode/IOThunderboltControllerType5/AppleThunderboltNHIType5/AppleThunderboltHALType5/AppleARMIODevice/AppleH15IO/IOPlatformDevice/AppleARMPE/IOPlatformExpertDevice/IORegistryEntry
interface	2026-10-03T03:49:28.930Z	965094.190053125	download-load	Instant(_value: 3040496.8578577503 seconds)	0	2	44	0	26	44	physicalEthernet	en2#11#4294970264#10	0	0	0.0	0.0	Optional(false)	SC Ethernet; hardware provider IOEthernetInterface/AppleThunderboltIPPort/AppleThunderboltIPService/IOThunderboltLocalNode/IOThunderboltControllerType5/AppleThunderboltNHIType5/AppleThunderboltHALType5/AppleARMIODevice/AppleH15IO/IOPlatformDevice/AppleARMPE/IOPlatformExpertDevice/IORegistryEntry
interface	2026-10-03T03:49:28.930Z	965094.190053125	download-load	Instant(_value: 3040496.8578577503 seconds)	0	2	44	0	26	44	physicalEthernet	en3#12#4294970379#11	0	0	0.0	0.0	Optional(false)	SC Ethernet; hardware provider IOEthernetInterface/AppleThunderboltIPPort/AppleThunderboltIPService/IOThunderboltLocalNode/IOThunderboltControllerType5/AppleThunderboltNHIType5/AppleThunderboltHALType5/AppleARMIODevice/AppleH15IO/IOPlatformDevice/AppleARMPE/IOPlatformExpertDevice/IORegistryEntry
interface	2026-10-03T03:49:28.930Z	965094.190053125	download-load	Instant(_value: 3040496.8578577503 seconds)	0	2	44	0	26	44	logical	bridge0#15#nil#12	0	0	0.0	0.0	Optional(false)	route link type=209
interface	2026-10-03T03:49:28.930Z	965094.190053125	download-load	Instant(_value: 3040496.8578577503 seconds)	0	2	44	0	26	44	unknown	ap1#13#nil#13	0	0	0.0	0.0	nil	IORegistry provider unavailable; SC type=
interface	2026-10-03T03:49:28.930Z	965094.190053125	download-load	Instant(_value: 3040496.8578577503 seconds)	0	2	44	0	26	44	physicalWiFi	en0#14#4294971925#14	3187884032	1999715328	2511233.4579790123	8186.58014011088	Optional(true)	SC Wi-Fi; hardware provider IOSkywalkLegacyEthernetInterface/IO80211Controller/IOUserNetworkWLAN/IOUserService/IOUserService/IOPCIDevice/ApplePCIEHostBridge/IOPCIDevice/AppleT6031PCIe/AppleARMIODevice/AppleH15IO/IOPlatformDevice/AppleARMPE/IOPlatformExpertDevice/IORegistryEntry
interface	2026-10-03T03:49:28.930Z	965094.190053125	download-load	Instant(_value: 3040496.8578577503 seconds)	0	2	44	0	26	44	virtual	awdl0#16#nil#15	8599552	8556544	0.0	0.0	Optional(true)	SIOCGIFFUNCTIONALTYPE=4
interface	2026-10-03T03:49:28.930Z	965094.190053125	download-load	Instant(_value: 3040496.8578577503 seconds)	0	2	44	0	26	44	unknown	llw0#17#nil#16	0	0	0.0	0.0	nil	IORegistry provider unavailable; SC type=
interface	2026-10-03T03:49:28.930Z	965094.190053125	download-load	Instant(_value: 3040496.8578577503 seconds)	0	2	44	0	26	44	tunnel	utun0#18#nil#17	0	0	0.0	0.0	nil	tunnel name; VPN service unconfirmed
interface	2026-10-03T03:49:28.930Z	965094.190053125	download-load	Instant(_value: 3040496.8578577503 seconds)	0	2	44	0	26	44	tunnel	utun1#19#nil#18	0	8192	0.0	0.0	nil	tunnel name; VPN service unconfirmed
interface	2026-10-03T03:49:28.930Z	965094.190053125	download-load	Instant(_value: 3040496.8578577503 seconds)	0	2	44	0	26	44	tunnel	utun2#20#nil#19	0	8192	0.0	0.0	nil	tunnel name; VPN service unconfirmed
interface	2026-10-03T03:49:28.930Z	965094.190053125	download-load	Instant(_value: 3040496.8578577503 seconds)	0	2	44	0	26	44	tunnel	utun3#21#nil#20	0	8192	0.0	0.0	nil	tunnel name; VPN service unconfirmed
interface	2026-10-03T03:49:28.930Z	965094.190053125	download-load	Instant(_value: 3040496.8578577503 seconds)	0	2	44	0	26	44	tunnel	utun4#24#nil#21	9216	4096	0.0	0.0	nil	tunnel name; VPN service unconfirmed
interface	2026-10-03T03:49:28.930Z	965094.190053125	download-load	Instant(_value: 3040496.8578577503 seconds)	0	2	44	0	26	44	tunnel	utun5#25#nil#22	166912	143360	0.0	0.0	nil	tunnel name; VPN service unconfirmed
interface	2026-10-03T03:49:28.930Z	965094.190053125	download-load	Instant(_value: 3040496.8578577503 seconds)	0	2	44	0	26	44	tunnel	utun6#26#nil#23	0	8192	0.0	0.0	nil	tunnel name; VPN service unconfirmed
interface	2026-10-03T03:49:28.930Z	965094.190053125	download-load	Instant(_value: 3040496.8578577503 seconds)	0	2	44	0	26	44	tunnel	utun7#27#nil#24	0	8192	0.0	0.0	nil	tunnel name; VPN service unconfirmed
interface	2026-10-03T03:49:28.930Z	965094.190053125	download-load	Instant(_value: 3040496.8578577503 seconds)	0	2	44	0	26	44	virtual	vmenet0#22#4295372070#25	5120	1833984	0.0	0.0	Optional(true)	virtual provider IOUserEthernetInterface/IOUserEthernetController/IOUserEthernetResourceUserClient/IOUserEthernetResource/IOResources/IOPlatformExpertDevice/IORegistryEntry
interface	2026-10-03T03:49:28.930Z	965094.190053125	download-load	Instant(_value: 3040496.8578577503 seconds)	0	2	44	0	26	44	logical	bridge100#23#nil#26	0	3668992	0.0	0.0	Optional(true)	route link type=209
delivery	2026-10-03T03:49:28.930Z	965094.190053125	download-load	Instant(_value: 3040496.8578577503 seconds)	0	2	44	0	26	44	delivered	networkActivity						sameReadAt=true
card	2026-10-03T03:49:28.930Z	965094.190053125	download-load	Optional(Swift.ContinuousClock.Instant(_value: 3040496.8578577503 seconds))					26		partial("물리 대상의 식별·연결·속도 일부를 확인하지 못했습니다")	NetworkCard			2511233.4579790123	8186.58014011088	true	Network 카드, 일부 수집 실패: 물리 대상의 식별·연결·속도 일부를 확인하지 못했습니다, 확인된 일부 합계 다운로드 2.4 MB/s, 업로드 8.0 KB/s, 일부 수집 실패: 대상 identity 또는 물리 정보 일부 미확인
sample	2026-10-03T03:49:29.999Z	965095.2586209584	download-load	Instant(_value: 3040497.859132166 seconds)	0	2	45	0	26	45	partial("물리 대상의 식별·연결·속도 일부를 확인하지 못했습니다")	knownPhysical			2580263.670693849	17385.84320324829	false	representativeRX=-1.0;representativeTX=-1.0
interface	2026-10-03T03:49:29.999Z	965095.2586209584	download-load	Instant(_value: 3040497.859132166 seconds)	0	2	45	0	26	45	tunnel	gif0#2#nil#1	0	0	0.0	0.0	nil	route tunnel link type=55
interface	2026-10-03T03:49:29.999Z	965095.2586209584	download-load	Instant(_value: 3040497.859132166 seconds)	0	2	45	0	26	45	tunnel	stf0#3#nil#2	0	0	0.0	0.0	nil	route tunnel link type=57
interface	2026-10-03T03:49:29.999Z	965095.2586209584	download-load	Instant(_value: 3040497.859132166 seconds)	0	2	45	0	26	45	virtual	anpi1#4#4294970237#3	0	0	0.0	0.0	Optional(false)	private auxiliary network interface AppleUSBDeviceNCMPrivateEthernetInterface/AppleUSBDeviceNCMData/IOUSBDeviceInterface/AppleT8122USBXDCI/AppleARMIODevice/AppleH15IO/IOPlatformDevice/AppleARMPE/IOPlatformExpertDevice/IORegistryEntry
interface	2026-10-03T03:49:29.999Z	965095.2586209584	download-load	Instant(_value: 3040497.859132166 seconds)	0	2	45	0	26	45	virtual	anpi2#5#4294970293#4	0	0	0.0	0.0	Optional(false)	private auxiliary network interface AppleUSBDeviceNCMPrivateEthernetInterface/AppleUSBDeviceNCMData/IOUSBDeviceInterface/AppleT8122USBXDCI/AppleARMIODevice/AppleH15IO/IOPlatformDevice/AppleARMPE/IOPlatformExpertDevice/IORegistryEntry
interface	2026-10-03T03:49:29.999Z	965095.2586209584	download-load	Instant(_value: 3040497.859132166 seconds)	0	2	45	0	26	45	virtual	anpi0#6#4294970305#5	0	0	0.0	0.0	Optional(false)	private auxiliary network interface AppleUSBDeviceNCMPrivateEthernetInterface/AppleUSBDeviceNCMData/IOUSBDeviceInterface/AppleT8122USBXDCI/AppleARMIODevice/AppleH15IO/IOPlatformDevice/AppleARMPE/IOPlatformExpertDevice/IORegistryEntry
interface	2026-10-03T03:49:29.999Z	965095.2586209584	download-load	Instant(_value: 3040497.859132166 seconds)	0	2	45	0	26	45	physicalEthernet	en4#7#4294970257#6	0	0	0.0	0.0	Optional(false)	SC Ethernet; hardware provider IOEthernetInterface/AppleUSBDeviceNCMData/IOUSBDeviceInterface/AppleT8122USBXDCI/AppleARMIODevice/AppleH15IO/IOPlatformDevice/AppleARMPE/IOPlatformExpertDevice/IORegistryEntry
interface	2026-10-03T03:49:29.999Z	965095.2586209584	download-load	Instant(_value: 3040497.859132166 seconds)	0	2	45	0	26	45	physicalEthernet	en5#8#4294970175#7	0	0	0.0	0.0	Optional(false)	SC Ethernet; hardware provider IOEthernetInterface/AppleUSBDeviceNCMData/IOUSBDeviceInterface/AppleT8122USBXDCI/AppleARMIODevice/AppleH15IO/IOPlatformDevice/AppleARMPE/IOPlatformExpertDevice/IORegistryEntry
interface	2026-10-03T03:49:29.999Z	965095.2586209584	download-load	Instant(_value: 3040497.859132166 seconds)	0	2	45	0	26	45	physicalEthernet	en6#9#4294970236#8	0	0	0.0	0.0	Optional(false)	SC Ethernet; hardware provider IOEthernetInterface/AppleUSBDeviceNCMData/IOUSBDeviceInterface/AppleT8122USBXDCI/AppleARMIODevice/AppleH15IO/IOPlatformDevice/AppleARMPE/IOPlatformExpertDevice/IORegistryEntry
interface	2026-10-03T03:49:29.999Z	965095.2586209584	download-load	Instant(_value: 3040497.859132166 seconds)	0	2	45	0	26	45	physicalEthernet	en1#10#4294970312#9	0	0	0.0	0.0	Optional(false)	SC Ethernet; hardware provider IOEthernetInterface/AppleThunderboltIPPort/AppleThunderboltIPService/IOThunderboltLocalNode/IOThunderboltControllerType5/AppleThunderboltNHIType5/AppleThunderboltHALType5/AppleARMIODevice/AppleH15IO/IOPlatformDevice/AppleARMPE/IOPlatformExpertDevice/IORegistryEntry
interface	2026-10-03T03:49:29.999Z	965095.2586209584	download-load	Instant(_value: 3040497.859132166 seconds)	0	2	45	0	26	45	physicalEthernet	en2#11#4294970264#10	0	0	0.0	0.0	Optional(false)	SC Ethernet; hardware provider IOEthernetInterface/AppleThunderboltIPPort/AppleThunderboltIPService/IOThunderboltLocalNode/IOThunderboltControllerType5/AppleThunderboltNHIType5/AppleThunderboltHALType5/AppleARMIODevice/AppleH15IO/IOPlatformDevice/AppleARMPE/IOPlatformExpertDevice/IORegistryEntry
interface	2026-10-03T03:49:29.999Z	965095.2586209584	download-load	Instant(_value: 3040497.859132166 seconds)	0	2	45	0	26	45	physicalEthernet	en3#12#4294970379#11	0	0	0.0	0.0	Optional(false)	SC Ethernet; hardware provider IOEthernetInterface/AppleThunderboltIPPort/AppleThunderboltIPService/IOThunderboltLocalNode/IOThunderboltControllerType5/AppleThunderboltNHIType5/AppleThunderboltHALType5/AppleARMIODevice/AppleH15IO/IOPlatformDevice/AppleARMPE/IOPlatformExpertDevice/IORegistryEntry
interface	2026-10-03T03:49:29.999Z	965095.2586209584	download-load	Instant(_value: 3040497.859132166 seconds)	0	2	45	0	26	45	logical	bridge0#15#nil#12	0	0	0.0	0.0	Optional(false)	route link type=209
interface	2026-10-03T03:49:29.999Z	965095.2586209584	download-load	Instant(_value: 3040497.859132166 seconds)	0	2	45	0	26	45	unknown	ap1#13#nil#13	0	0	0.0	0.0	nil	IORegistry provider unavailable; SC type=
interface	2026-10-03T03:49:29.999Z	965095.2586209584	download-load	Instant(_value: 3040497.859132166 seconds)	0	2	45	0	26	45	physicalWiFi	en0#14#4294971925#14	3190467584	1999732736	2580263.670693849	17385.84320324829	Optional(true)	SC Wi-Fi; hardware provider IOSkywalkLegacyEthernetInterface/IO80211Controller/IOUserNetworkWLAN/IOUserService/IOUserService/IOPCIDevice/ApplePCIEHostBridge/IOPCIDevice/AppleT6031PCIe/AppleARMIODevice/AppleH15IO/IOPlatformDevice/AppleARMPE/IOPlatformExpertDevice/IORegistryEntry
interface	2026-10-03T03:49:29.999Z	965095.2586209584	download-load	Instant(_value: 3040497.859132166 seconds)	0	2	45	0	26	45	virtual	awdl0#16#nil#15	8599552	8556544	0.0	0.0	Optional(true)	SIOCGIFFUNCTIONALTYPE=4
interface	2026-10-03T03:49:29.999Z	965095.2586209584	download-load	Instant(_value: 3040497.859132166 seconds)	0	2	45	0	26	45	unknown	llw0#17#nil#16	0	0	0.0	0.0	nil	IORegistry provider unavailable; SC type=
interface	2026-10-03T03:49:29.999Z	965095.2586209584	download-load	Instant(_value: 3040497.859132166 seconds)	0	2	45	0	26	45	tunnel	utun0#18#nil#17	0	0	0.0	0.0	nil	tunnel name; VPN service unconfirmed
interface	2026-10-03T03:49:29.999Z	965095.2586209584	download-load	Instant(_value: 3040497.859132166 seconds)	0	2	45	0	26	45	tunnel	utun1#19#nil#18	0	8192	0.0	0.0	nil	tunnel name; VPN service unconfirmed
interface	2026-10-03T03:49:29.999Z	965095.2586209584	download-load	Instant(_value: 3040497.859132166 seconds)	0	2	45	0	26	45	tunnel	utun2#20#nil#19	0	8192	0.0	0.0	nil	tunnel name; VPN service unconfirmed
interface	2026-10-03T03:49:29.999Z	965095.2586209584	download-load	Instant(_value: 3040497.859132166 seconds)	0	2	45	0	26	45	tunnel	utun3#21#nil#20	0	8192	0.0	0.0	nil	tunnel name; VPN service unconfirmed
interface	2026-10-03T03:49:29.999Z	965095.2586209584	download-load	Instant(_value: 3040497.859132166 seconds)	0	2	45	0	26	45	tunnel	utun4#24#nil#21	9216	4096	0.0	0.0	nil	tunnel name; VPN service unconfirmed
interface	2026-10-03T03:49:29.999Z	965095.2586209584	download-load	Instant(_value: 3040497.859132166 seconds)	0	2	45	0	26	45	tunnel	utun5#25#nil#22	166912	143360	0.0	0.0	nil	tunnel name; VPN service unconfirmed
interface	2026-10-03T03:49:29.999Z	965095.2586209584	download-load	Instant(_value: 3040497.859132166 seconds)	0	2	45	0	26	45	tunnel	utun6#26#nil#23	0	8192	0.0	0.0	nil	tunnel name; VPN service unconfirmed
interface	2026-10-03T03:49:29.999Z	965095.2586209584	download-load	Instant(_value: 3040497.859132166 seconds)	0	2	45	0	26	45	tunnel	utun7#27#nil#24	0	8192	0.0	0.0	nil	tunnel name; VPN service unconfirmed
interface	2026-10-03T03:49:29.999Z	965095.2586209584	download-load	Instant(_value: 3040497.859132166 seconds)	0	2	45	0	26	45	virtual	vmenet0#22#4295372070#25	5120	1833984	0.0	0.0	Optional(true)	virtual provider IOUserEthernetInterface/IOUserEthernetController/IOUserEthernetResourceUserClient/IOUserEthernetResource/IOResources/IOPlatformExpertDevice/IORegistryEntry
interface	2026-10-03T03:49:29.999Z	965095.2586209584	download-load	Instant(_value: 3040497.859132166 seconds)	0	2	45	0	26	45	logical	bridge100#23#nil#26	0	3668992	0.0	0.0	Optional(true)	route link type=209
delivery	2026-10-03T03:49:29.999Z	965095.2586209584	download-load	Instant(_value: 3040497.859132166 seconds)	0	2	45	0	26	45	delivered	networkActivity						sameReadAt=true
card	2026-10-03T03:49:29.999Z	965095.2586209584	download-load	Optional(Swift.ContinuousClock.Instant(_value: 3040497.859132166 seconds))					26		partial("물리 대상의 식별·연결·속도 일부를 확인하지 못했습니다")	NetworkCard			2580263.670693849	17385.84320324829	true	Network 카드, 일부 수집 실패: 물리 대상의 식별·연결·속도 일부를 확인하지 못했습니다, 확인된 일부 합계 다운로드 2.5 MB/s, 업로드 17.0 KB/s, 일부 수집 실패: 대상 identity 또는 물리 정보 일부 미확인
sample	2026-10-03T03:49:31.063Z	965096.3227565418	download-load	Instant(_value: 3040498.859154916 seconds)	0	2	46	0	26	46	partial("물리 대상의 식별·연결·속도 일부를 확인하지 못했습니다")	knownPhysical			2523078.599961851	15359.650567949579	false	representativeRX=-1.0;representativeTX=-1.0
interface	2026-10-03T03:49:31.063Z	965096.3227565418	download-load	Instant(_value: 3040498.859154916 seconds)	0	2	46	0	26	46	tunnel	gif0#2#nil#1	0	0	0.0	0.0	nil	route tunnel link type=55
interface	2026-10-03T03:49:31.063Z	965096.3227565418	download-load	Instant(_value: 3040498.859154916 seconds)	0	2	46	0	26	46	tunnel	stf0#3#nil#2	0	0	0.0	0.0	nil	route tunnel link type=57
interface	2026-10-03T03:49:31.063Z	965096.3227565418	download-load	Instant(_value: 3040498.859154916 seconds)	0	2	46	0	26	46	virtual	anpi1#4#4294970237#3	0	0	0.0	0.0	Optional(false)	private auxiliary network interface AppleUSBDeviceNCMPrivateEthernetInterface/AppleUSBDeviceNCMData/IOUSBDeviceInterface/AppleT8122USBXDCI/AppleARMIODevice/AppleH15IO/IOPlatformDevice/AppleARMPE/IOPlatformExpertDevice/IORegistryEntry
interface	2026-10-03T03:49:31.063Z	965096.3227565418	download-load	Instant(_value: 3040498.859154916 seconds)	0	2	46	0	26	46	virtual	anpi2#5#4294970293#4	0	0	0.0	0.0	Optional(false)	private auxiliary network interface AppleUSBDeviceNCMPrivateEthernetInterface/AppleUSBDeviceNCMData/IOUSBDeviceInterface/AppleT8122USBXDCI/AppleARMIODevice/AppleH15IO/IOPlatformDevice/AppleARMPE/IOPlatformExpertDevice/IORegistryEntry
interface	2026-10-03T03:49:31.063Z	965096.3227565418	download-load	Instant(_value: 3040498.859154916 seconds)	0	2	46	0	26	46	virtual	anpi0#6#4294970305#5	0	0	0.0	0.0	Optional(false)	private auxiliary network interface AppleUSBDeviceNCMPrivateEthernetInterface/AppleUSBDeviceNCMData/IOUSBDeviceInterface/AppleT8122USBXDCI/AppleARMIODevice/AppleH15IO/IOPlatformDevice/AppleARMPE/IOPlatformExpertDevice/IORegistryEntry
interface	2026-10-03T03:49:31.063Z	965096.3227565418	download-load	Instant(_value: 3040498.859154916 seconds)	0	2	46	0	26	46	physicalEthernet	en4#7#4294970257#6	0	0	0.0	0.0	Optional(false)	SC Ethernet; hardware provider IOEthernetInterface/AppleUSBDeviceNCMData/IOUSBDeviceInterface/AppleT8122USBXDCI/AppleARMIODevice/AppleH15IO/IOPlatformDevice/AppleARMPE/IOPlatformExpertDevice/IORegistryEntry
interface	2026-10-03T03:49:31.063Z	965096.3227565418	download-load	Instant(_value: 3040498.859154916 seconds)	0	2	46	0	26	46	physicalEthernet	en5#8#4294970175#7	0	0	0.0	0.0	Optional(false)	SC Ethernet; hardware provider IOEthernetInterface/AppleUSBDeviceNCMData/IOUSBDeviceInterface/AppleT8122USBXDCI/AppleARMIODevice/AppleH15IO/IOPlatformDevice/AppleARMPE/IOPlatformExpertDevice/IORegistryEntry
interface	2026-10-03T03:49:31.063Z	965096.3227565418	download-load	Instant(_value: 3040498.859154916 seconds)	0	2	46	0	26	46	physicalEthernet	en6#9#4294970236#8	0	0	0.0	0.0	Optional(false)	SC Ethernet; hardware provider IOEthernetInterface/AppleUSBDeviceNCMData/IOUSBDeviceInterface/AppleT8122USBXDCI/AppleARMIODevice/AppleH15IO/IOPlatformDevice/AppleARMPE/IOPlatformExpertDevice/IORegistryEntry
interface	2026-10-03T03:49:31.063Z	965096.3227565418	download-load	Instant(_value: 3040498.859154916 seconds)	0	2	46	0	26	46	physicalEthernet	en1#10#4294970312#9	0	0	0.0	0.0	Optional(false)	SC Ethernet; hardware provider IOEthernetInterface/AppleThunderboltIPPort/AppleThunderboltIPService/IOThunderboltLocalNode/IOThunderboltControllerType5/AppleThunderboltNHIType5/AppleThunderboltHALType5/AppleARMIODevice/AppleH15IO/IOPlatformDevice/AppleARMPE/IOPlatformExpertDevice/IORegistryEntry
interface	2026-10-03T03:49:31.063Z	965096.3227565418	download-load	Instant(_value: 3040498.859154916 seconds)	0	2	46	0	26	46	physicalEthernet	en2#11#4294970264#10	0	0	0.0	0.0	Optional(false)	SC Ethernet; hardware provider IOEthernetInterface/AppleThunderboltIPPort/AppleThunderboltIPService/IOThunderboltLocalNode/IOThunderboltControllerType5/AppleThunderboltNHIType5/AppleThunderboltHALType5/AppleARMIODevice/AppleH15IO/IOPlatformDevice/AppleARMPE/IOPlatformExpertDevice/IORegistryEntry
interface	2026-10-03T03:49:31.063Z	965096.3227565418	download-load	Instant(_value: 3040498.859154916 seconds)	0	2	46	0	26	46	physicalEthernet	en3#12#4294970379#11	0	0	0.0	0.0	Optional(false)	SC Ethernet; hardware provider IOEthernetInterface/AppleThunderboltIPPort/AppleThunderboltIPService/IOThunderboltLocalNode/IOThunderboltControllerType5/AppleThunderboltNHIType5/AppleThunderboltHALType5/AppleARMIODevice/AppleH15IO/IOPlatformDevice/AppleARMPE/IOPlatformExpertDevice/IORegistryEntry
interface	2026-10-03T03:49:31.063Z	965096.3227565418	download-load	Instant(_value: 3040498.859154916 seconds)	0	2	46	0	26	46	logical	bridge0#15#nil#12	0	0	0.0	0.0	Optional(false)	route link type=209
interface	2026-10-03T03:49:31.063Z	965096.3227565418	download-load	Instant(_value: 3040498.859154916 seconds)	0	2	46	0	26	46	unknown	ap1#13#nil#13	0	0	0.0	0.0	nil	IORegistry provider unavailable; SC type=
interface	2026-10-03T03:49:31.063Z	965096.3227565418	download-load	Instant(_value: 3040498.859154916 seconds)	0	2	46	0	26	46	physicalWiFi	en0#14#4294971925#14	3192990720	1999748096	2523078.599961851	15359.650567949579	Optional(true)	SC Wi-Fi; hardware provider IOSkywalkLegacyEthernetInterface/IO80211Controller/IOUserNetworkWLAN/IOUserService/IOUserService/IOPCIDevice/ApplePCIEHostBridge/IOPCIDevice/AppleT6031PCIe/AppleARMIODevice/AppleH15IO/IOPlatformDevice/AppleARMPE/IOPlatformExpertDevice/IORegistryEntry
interface	2026-10-03T03:49:31.063Z	965096.3227565418	download-load	Instant(_value: 3040498.859154916 seconds)	0	2	46	0	26	46	virtual	awdl0#16#nil#15	8599552	8556544	0.0	0.0	Optional(true)	SIOCGIFFUNCTIONALTYPE=4
interface	2026-10-03T03:49:31.063Z	965096.3227565418	download-load	Instant(_value: 3040498.859154916 seconds)	0	2	46	0	26	46	unknown	llw0#17#nil#16	0	0	0.0	0.0	nil	IORegistry provider unavailable; SC type=
interface	2026-10-03T03:49:31.063Z	965096.3227565418	download-load	Instant(_value: 3040498.859154916 seconds)	0	2	46	0	26	46	tunnel	utun0#18#nil#17	0	0	0.0	0.0	nil	tunnel name; VPN service unconfirmed
interface	2026-10-03T03:49:31.063Z	965096.3227565418	download-load	Instant(_value: 3040498.859154916 seconds)	0	2	46	0	26	46	tunnel	utun1#19#nil#18	0	8192	0.0	0.0	nil	tunnel name; VPN service unconfirmed
interface	2026-10-03T03:49:31.063Z	965096.3227565418	download-load	Instant(_value: 3040498.859154916 seconds)	0	2	46	0	26	46	tunnel	utun2#20#nil#19	0	8192	0.0	0.0	nil	tunnel name; VPN service unconfirmed
interface	2026-10-03T03:49:31.063Z	965096.3227565418	download-load	Instant(_value: 3040498.859154916 seconds)	0	2	46	0	26	46	tunnel	utun3#21#nil#20	0	8192	0.0	0.0	nil	tunnel name; VPN service unconfirmed
interface	2026-10-03T03:49:31.063Z	965096.3227565418	download-load	Instant(_value: 3040498.859154916 seconds)	0	2	46	0	26	46	tunnel	utun4#24#nil#21	9216	4096	0.0	0.0	nil	tunnel name; VPN service unconfirmed
interface	2026-10-03T03:49:31.063Z	965096.3227565418	download-load	Instant(_value: 3040498.859154916 seconds)	0	2	46	0	26	46	tunnel	utun5#25#nil#22	166912	143360	0.0	0.0	nil	tunnel name; VPN service unconfirmed
interface	2026-10-03T03:49:31.063Z	965096.3227565418	download-load	Instant(_value: 3040498.859154916 seconds)	0	2	46	0	26	46	tunnel	utun6#26#nil#23	0	8192	0.0	0.0	nil	tunnel name; VPN service unconfirmed
interface	2026-10-03T03:49:31.063Z	965096.3227565418	download-load	Instant(_value: 3040498.859154916 seconds)	0	2	46	0	26	46	tunnel	utun7#27#nil#24	0	8192	0.0	0.0	nil	tunnel name; VPN service unconfirmed
interface	2026-10-03T03:49:31.063Z	965096.3227565418	download-load	Instant(_value: 3040498.859154916 seconds)	0	2	46	0	26	46	virtual	vmenet0#22#4295372070#25	5120	1833984	0.0	0.0	Optional(true)	virtual provider IOUserEthernetInterface/IOUserEthernetController/IOUserEthernetResourceUserClient/IOUserEthernetResource/IOResources/IOPlatformExpertDevice/IORegistryEntry
interface	2026-10-03T03:49:31.063Z	965096.3227565418	download-load	Instant(_value: 3040498.859154916 seconds)	0	2	46	0	26	46	logical	bridge100#23#nil#26	0	3668992	0.0	0.0	Optional(true)	route link type=209
delivery	2026-10-03T03:49:31.063Z	965096.3227565418	download-load	Instant(_value: 3040498.859154916 seconds)	0	2	46	0	26	46	delivered	networkActivity						sameReadAt=true
card	2026-10-03T03:49:31.063Z	965096.3227565418	download-load	Optional(Swift.ContinuousClock.Instant(_value: 3040498.859154916 seconds))					26		partial("물리 대상의 식별·연결·속도 일부를 확인하지 못했습니다")	NetworkCard			2523078.599961851	15359.650567949579	true	Network 카드, 일부 수집 실패: 물리 대상의 식별·연결·속도 일부를 확인하지 못했습니다, 확인된 일부 합계 다운로드 2.4 MB/s, 업로드 15.0 KB/s, 일부 수집 실패: 대상 identity 또는 물리 정보 일부 미확인
sample	2026-10-03T03:49:32.132Z	965097.3915210834	download-recovery	Instant(_value: 3040499.853640916 seconds)	0	2	47	0	26	47	partial("물리 대상의 식별·연결·속도 일부를 확인하지 못했습니다")	knownPhysical			2536096.0335288784	12356.13171025032	false	representativeRX=-1.0;representativeTX=-1.0
interface	2026-10-03T03:49:32.132Z	965097.3915210834	download-recovery	Instant(_value: 3040499.853640916 seconds)	0	2	47	0	26	47	tunnel	gif0#2#nil#1	0	0	0.0	0.0	nil	route tunnel link type=55
interface	2026-10-03T03:49:32.132Z	965097.3915210834	download-recovery	Instant(_value: 3040499.853640916 seconds)	0	2	47	0	26	47	tunnel	stf0#3#nil#2	0	0	0.0	0.0	nil	route tunnel link type=57
interface	2026-10-03T03:49:32.132Z	965097.3915210834	download-recovery	Instant(_value: 3040499.853640916 seconds)	0	2	47	0	26	47	virtual	anpi1#4#4294970237#3	0	0	0.0	0.0	Optional(false)	private auxiliary network interface AppleUSBDeviceNCMPrivateEthernetInterface/AppleUSBDeviceNCMData/IOUSBDeviceInterface/AppleT8122USBXDCI/AppleARMIODevice/AppleH15IO/IOPlatformDevice/AppleARMPE/IOPlatformExpertDevice/IORegistryEntry
interface	2026-10-03T03:49:32.132Z	965097.3915210834	download-recovery	Instant(_value: 3040499.853640916 seconds)	0	2	47	0	26	47	virtual	anpi2#5#4294970293#4	0	0	0.0	0.0	Optional(false)	private auxiliary network interface AppleUSBDeviceNCMPrivateEthernetInterface/AppleUSBDeviceNCMData/IOUSBDeviceInterface/AppleT8122USBXDCI/AppleARMIODevice/AppleH15IO/IOPlatformDevice/AppleARMPE/IOPlatformExpertDevice/IORegistryEntry
interface	2026-10-03T03:49:32.132Z	965097.3915210834	download-recovery	Instant(_value: 3040499.853640916 seconds)	0	2	47	0	26	47	virtual	anpi0#6#4294970305#5	0	0	0.0	0.0	Optional(false)	private auxiliary network interface AppleUSBDeviceNCMPrivateEthernetInterface/AppleUSBDeviceNCMData/IOUSBDeviceInterface/AppleT8122USBXDCI/AppleARMIODevice/AppleH15IO/IOPlatformDevice/AppleARMPE/IOPlatformExpertDevice/IORegistryEntry
interface	2026-10-03T03:49:32.132Z	965097.3915210834	download-recovery	Instant(_value: 3040499.853640916 seconds)	0	2	47	0	26	47	physicalEthernet	en4#7#4294970257#6	0	0	0.0	0.0	Optional(false)	SC Ethernet; hardware provider IOEthernetInterface/AppleUSBDeviceNCMData/IOUSBDeviceInterface/AppleT8122USBXDCI/AppleARMIODevice/AppleH15IO/IOPlatformDevice/AppleARMPE/IOPlatformExpertDevice/IORegistryEntry
interface	2026-10-03T03:49:32.132Z	965097.3915210834	download-recovery	Instant(_value: 3040499.853640916 seconds)	0	2	47	0	26	47	physicalEthernet	en5#8#4294970175#7	0	0	0.0	0.0	Optional(false)	SC Ethernet; hardware provider IOEthernetInterface/AppleUSBDeviceNCMData/IOUSBDeviceInterface/AppleT8122USBXDCI/AppleARMIODevice/AppleH15IO/IOPlatformDevice/AppleARMPE/IOPlatformExpertDevice/IORegistryEntry
interface	2026-10-03T03:49:32.132Z	965097.3915210834	download-recovery	Instant(_value: 3040499.853640916 seconds)	0	2	47	0	26	47	physicalEthernet	en6#9#4294970236#8	0	0	0.0	0.0	Optional(false)	SC Ethernet; hardware provider IOEthernetInterface/AppleUSBDeviceNCMData/IOUSBDeviceInterface/AppleT8122USBXDCI/AppleARMIODevice/AppleH15IO/IOPlatformDevice/AppleARMPE/IOPlatformExpertDevice/IORegistryEntry
interface	2026-10-03T03:49:32.132Z	965097.3915210834	download-recovery	Instant(_value: 3040499.853640916 seconds)	0	2	47	0	26	47	physicalEthernet	en1#10#4294970312#9	0	0	0.0	0.0	Optional(false)	SC Ethernet; hardware provider IOEthernetInterface/AppleThunderboltIPPort/AppleThunderboltIPService/IOThunderboltLocalNode/IOThunderboltControllerType5/AppleThunderboltNHIType5/AppleThunderboltHALType5/AppleARMIODevice/AppleH15IO/IOPlatformDevice/AppleARMPE/IOPlatformExpertDevice/IORegistryEntry
interface	2026-10-03T03:49:32.132Z	965097.3915210834	download-recovery	Instant(_value: 3040499.853640916 seconds)	0	2	47	0	26	47	physicalEthernet	en2#11#4294970264#10	0	0	0.0	0.0	Optional(false)	SC Ethernet; hardware provider IOEthernetInterface/AppleThunderboltIPPort/AppleThunderboltIPService/IOThunderboltLocalNode/IOThunderboltControllerType5/AppleThunderboltNHIType5/AppleThunderboltHALType5/AppleARMIODevice/AppleH15IO/IOPlatformDevice/AppleARMPE/IOPlatformExpertDevice/IORegistryEntry
interface	2026-10-03T03:49:32.132Z	965097.3915210834	download-recovery	Instant(_value: 3040499.853640916 seconds)	0	2	47	0	26	47	physicalEthernet	en3#12#4294970379#11	0	0	0.0	0.0	Optional(false)	SC Ethernet; hardware provider IOEthernetInterface/AppleThunderboltIPPort/AppleThunderboltIPService/IOThunderboltLocalNode/IOThunderboltControllerType5/AppleThunderboltNHIType5/AppleThunderboltHALType5/AppleARMIODevice/AppleH15IO/IOPlatformDevice/AppleARMPE/IOPlatformExpertDevice/IORegistryEntry
interface	2026-10-03T03:49:32.132Z	965097.3915210834	download-recovery	Instant(_value: 3040499.853640916 seconds)	0	2	47	0	26	47	logical	bridge0#15#nil#12	0	0	0.0	0.0	Optional(false)	route link type=209
interface	2026-10-03T03:49:32.132Z	965097.3915210834	download-recovery	Instant(_value: 3040499.853640916 seconds)	0	2	47	0	26	47	unknown	ap1#13#nil#13	0	0	0.0	0.0	nil	IORegistry provider unavailable; SC type=
interface	2026-10-03T03:49:32.132Z	965097.3915210834	download-recovery	Instant(_value: 3040499.853640916 seconds)	0	2	47	0	26	47	physicalWiFi	en0#14#4294971925#14	3195512832	1999760384	2536096.0335288784	12356.13171025032	Optional(true)	SC Wi-Fi; hardware provider IOSkywalkLegacyEthernetInterface/IO80211Controller/IOUserNetworkWLAN/IOUserService/IOUserService/IOPCIDevice/ApplePCIEHostBridge/IOPCIDevice/AppleT6031PCIe/AppleARMIODevice/AppleH15IO/IOPlatformDevice/AppleARMPE/IOPlatformExpertDevice/IORegistryEntry
interface	2026-10-03T03:49:32.132Z	965097.3915210834	download-recovery	Instant(_value: 3040499.853640916 seconds)	0	2	47	0	26	47	virtual	awdl0#16#nil#15	8599552	8556544	0.0	0.0	Optional(true)	SIOCGIFFUNCTIONALTYPE=4
interface	2026-10-03T03:49:32.132Z	965097.3915210834	download-recovery	Instant(_value: 3040499.853640916 seconds)	0	2	47	0	26	47	unknown	llw0#17#nil#16	0	0	0.0	0.0	nil	IORegistry provider unavailable; SC type=
interface	2026-10-03T03:49:32.132Z	965097.3915210834	download-recovery	Instant(_value: 3040499.853640916 seconds)	0	2	47	0	26	47	tunnel	utun0#18#nil#17	0	0	0.0	0.0	nil	tunnel name; VPN service unconfirmed
interface	2026-10-03T03:49:32.132Z	965097.3915210834	download-recovery	Instant(_value: 3040499.853640916 seconds)	0	2	47	0	26	47	tunnel	utun1#19#nil#18	0	8192	0.0	0.0	nil	tunnel name; VPN service unconfirmed
interface	2026-10-03T03:49:32.132Z	965097.3915210834	download-recovery	Instant(_value: 3040499.853640916 seconds)	0	2	47	0	26	47	tunnel	utun2#20#nil#19	0	8192	0.0	0.0	nil	tunnel name; VPN service unconfirmed
interface	2026-10-03T03:49:32.132Z	965097.3915210834	download-recovery	Instant(_value: 3040499.853640916 seconds)	0	2	47	0	26	47	tunnel	utun3#21#nil#20	0	8192	0.0	0.0	nil	tunnel name; VPN service unconfirmed
interface	2026-10-03T03:49:32.132Z	965097.3915210834	download-recovery	Instant(_value: 3040499.853640916 seconds)	0	2	47	0	26	47	tunnel	utun4#24#nil#21	9216	4096	0.0	0.0	nil	tunnel name; VPN service unconfirmed
interface	2026-10-03T03:49:32.132Z	965097.3915210834	download-recovery	Instant(_value: 3040499.853640916 seconds)	0	2	47	0	26	47	tunnel	utun5#25#nil#22	166912	143360	0.0	0.0	nil	tunnel name; VPN service unconfirmed
interface	2026-10-03T03:49:32.132Z	965097.3915210834	download-recovery	Instant(_value: 3040499.853640916 seconds)	0	2	47	0	26	47	tunnel	utun6#26#nil#23	0	8192	0.0	0.0	nil	tunnel name; VPN service unconfirmed
interface	2026-10-03T03:49:32.132Z	965097.3915210834	download-recovery	Instant(_value: 3040499.853640916 seconds)	0	2	47	0	26	47	tunnel	utun7#27#nil#24	0	8192	0.0	0.0	nil	tunnel name; VPN service unconfirmed
interface	2026-10-03T03:49:32.132Z	965097.3915210834	download-recovery	Instant(_value: 3040499.853640916 seconds)	0	2	47	0	26	47	virtual	vmenet0#22#4295372070#25	5120	1833984	0.0	0.0	Optional(true)	virtual provider IOUserEthernetInterface/IOUserEthernetController/IOUserEthernetResourceUserClient/IOUserEthernetResource/IOResources/IOPlatformExpertDevice/IORegistryEntry
interface	2026-10-03T03:49:32.132Z	965097.3915210834	download-recovery	Instant(_value: 3040499.853640916 seconds)	0	2	47	0	26	47	logical	bridge100#23#nil#26	0	3668992	0.0	0.0	Optional(true)	route link type=209
delivery	2026-10-03T03:49:32.132Z	965097.3915210834	download-recovery	Instant(_value: 3040499.853640916 seconds)	0	2	47	0	26	47	delivered	networkActivity						sameReadAt=true
card	2026-10-03T03:49:32.132Z	965097.3915210834	download-recovery	Optional(Swift.ContinuousClock.Instant(_value: 3040499.853640916 seconds))					26		partial("물리 대상의 식별·연결·속도 일부를 확인하지 못했습니다")	NetworkCard			2536096.0335288784	12356.13171025032	true	Network 카드, 일부 수집 실패: 물리 대상의 식별·연결·속도 일부를 확인하지 못했습니다, 확인된 일부 합계 다운로드 2.4 MB/s, 업로드 12.1 KB/s, 일부 수집 실패: 대상 identity 또는 물리 정보 일부 미확인
sample	2026-10-03T03:49:33.202Z	965098.4618424167	download-recovery	Instant(_value: 3040500.8537382907 seconds)	0	2	48	0	26	48	partial("물리 대상의 식별·연결·속도 일부를 확인하지 못했습니다")	knownPhysical			302050.58782401064	0.0	false	representativeRX=-1.0;representativeTX=-1.0
interface	2026-10-03T03:49:33.202Z	965098.4618424167	download-recovery	Instant(_value: 3040500.8537382907 seconds)	0	2	48	0	26	48	tunnel	gif0#2#nil#1	0	0	0.0	0.0	nil	route tunnel link type=55
interface	2026-10-03T03:49:33.202Z	965098.4618424167	download-recovery	Instant(_value: 3040500.8537382907 seconds)	0	2	48	0	26	48	tunnel	stf0#3#nil#2	0	0	0.0	0.0	nil	route tunnel link type=57
interface	2026-10-03T03:49:33.202Z	965098.4618424167	download-recovery	Instant(_value: 3040500.8537382907 seconds)	0	2	48	0	26	48	virtual	anpi1#4#4294970237#3	0	0	0.0	0.0	Optional(false)	private auxiliary network interface AppleUSBDeviceNCMPrivateEthernetInterface/AppleUSBDeviceNCMData/IOUSBDeviceInterface/AppleT8122USBXDCI/AppleARMIODevice/AppleH15IO/IOPlatformDevice/AppleARMPE/IOPlatformExpertDevice/IORegistryEntry
interface	2026-10-03T03:49:33.202Z	965098.4618424167	download-recovery	Instant(_value: 3040500.8537382907 seconds)	0	2	48	0	26	48	virtual	anpi2#5#4294970293#4	0	0	0.0	0.0	Optional(false)	private auxiliary network interface AppleUSBDeviceNCMPrivateEthernetInterface/AppleUSBDeviceNCMData/IOUSBDeviceInterface/AppleT8122USBXDCI/AppleARMIODevice/AppleH15IO/IOPlatformDevice/AppleARMPE/IOPlatformExpertDevice/IORegistryEntry
interface	2026-10-03T03:49:33.202Z	965098.4618424167	download-recovery	Instant(_value: 3040500.8537382907 seconds)	0	2	48	0	26	48	virtual	anpi0#6#4294970305#5	0	0	0.0	0.0	Optional(false)	private auxiliary network interface AppleUSBDeviceNCMPrivateEthernetInterface/AppleUSBDeviceNCMData/IOUSBDeviceInterface/AppleT8122USBXDCI/AppleARMIODevice/AppleH15IO/IOPlatformDevice/AppleARMPE/IOPlatformExpertDevice/IORegistryEntry
interface	2026-10-03T03:49:33.202Z	965098.4618424167	download-recovery	Instant(_value: 3040500.8537382907 seconds)	0	2	48	0	26	48	physicalEthernet	en4#7#4294970257#6	0	0	0.0	0.0	Optional(false)	SC Ethernet; hardware provider IOEthernetInterface/AppleUSBDeviceNCMData/IOUSBDeviceInterface/AppleT8122USBXDCI/AppleARMIODevice/AppleH15IO/IOPlatformDevice/AppleARMPE/IOPlatformExpertDevice/IORegistryEntry
interface	2026-10-03T03:49:33.202Z	965098.4618424167	download-recovery	Instant(_value: 3040500.8537382907 seconds)	0	2	48	0	26	48	physicalEthernet	en5#8#4294970175#7	0	0	0.0	0.0	Optional(false)	SC Ethernet; hardware provider IOEthernetInterface/AppleUSBDeviceNCMData/IOUSBDeviceInterface/AppleT8122USBXDCI/AppleARMIODevice/AppleH15IO/IOPlatformDevice/AppleARMPE/IOPlatformExpertDevice/IORegistryEntry
interface	2026-10-03T03:49:33.202Z	965098.4618424167	download-recovery	Instant(_value: 3040500.8537382907 seconds)	0	2	48	0	26	48	physicalEthernet	en6#9#4294970236#8	0	0	0.0	0.0	Optional(false)	SC Ethernet; hardware provider IOEthernetInterface/AppleUSBDeviceNCMData/IOUSBDeviceInterface/AppleT8122USBXDCI/AppleARMIODevice/AppleH15IO/IOPlatformDevice/AppleARMPE/IOPlatformExpertDevice/IORegistryEntry
interface	2026-10-03T03:49:33.202Z	965098.4618424167	download-recovery	Instant(_value: 3040500.8537382907 seconds)	0	2	48	0	26	48	physicalEthernet	en1#10#4294970312#9	0	0	0.0	0.0	Optional(false)	SC Ethernet; hardware provider IOEthernetInterface/AppleThunderboltIPPort/AppleThunderboltIPService/IOThunderboltLocalNode/IOThunderboltControllerType5/AppleThunderboltNHIType5/AppleThunderboltHALType5/AppleARMIODevice/AppleH15IO/IOPlatformDevice/AppleARMPE/IOPlatformExpertDevice/IORegistryEntry
interface	2026-10-03T03:49:33.202Z	965098.4618424167	download-recovery	Instant(_value: 3040500.8537382907 seconds)	0	2	48	0	26	48	physicalEthernet	en2#11#4294970264#10	0	0	0.0	0.0	Optional(false)	SC Ethernet; hardware provider IOEthernetInterface/AppleThunderboltIPPort/AppleThunderboltIPService/IOThunderboltLocalNode/IOThunderboltControllerType5/AppleThunderboltNHIType5/AppleThunderboltHALType5/AppleARMIODevice/AppleH15IO/IOPlatformDevice/AppleARMPE/IOPlatformExpertDevice/IORegistryEntry
interface	2026-10-03T03:49:33.202Z	965098.4618424167	download-recovery	Instant(_value: 3040500.8537382907 seconds)	0	2	48	0	26	48	physicalEthernet	en3#12#4294970379#11	0	0	0.0	0.0	Optional(false)	SC Ethernet; hardware provider IOEthernetInterface/AppleThunderboltIPPort/AppleThunderboltIPService/IOThunderboltLocalNode/IOThunderboltControllerType5/AppleThunderboltNHIType5/AppleThunderboltHALType5/AppleARMIODevice/AppleH15IO/IOPlatformDevice/AppleARMPE/IOPlatformExpertDevice/IORegistryEntry
interface	2026-10-03T03:49:33.202Z	965098.4618424167	download-recovery	Instant(_value: 3040500.8537382907 seconds)	0	2	48	0	26	48	logical	bridge0#15#nil#12	0	0	0.0	0.0	Optional(false)	route link type=209
interface	2026-10-03T03:49:33.202Z	965098.4618424167	download-recovery	Instant(_value: 3040500.8537382907 seconds)	0	2	48	0	26	48	unknown	ap1#13#nil#13	0	0	0.0	0.0	nil	IORegistry provider unavailable; SC type=
interface	2026-10-03T03:49:33.202Z	965098.4618424167	download-recovery	Instant(_value: 3040500.8537382907 seconds)	0	2	48	0	26	48	physicalWiFi	en0#14#4294971925#14	3195814912	1999760384	302050.58782401064	0.0	Optional(true)	SC Wi-Fi; hardware provider IOSkywalkLegacyEthernetInterface/IO80211Controller/IOUserNetworkWLAN/IOUserService/IOUserService/IOPCIDevice/ApplePCIEHostBridge/IOPCIDevice/AppleT6031PCIe/AppleARMIODevice/AppleH15IO/IOPlatformDevice/AppleARMPE/IOPlatformExpertDevice/IORegistryEntry
interface	2026-10-03T03:49:33.202Z	965098.4618424167	download-recovery	Instant(_value: 3040500.8537382907 seconds)	0	2	48	0	26	48	virtual	awdl0#16#nil#15	8599552	8556544	0.0	0.0	Optional(true)	SIOCGIFFUNCTIONALTYPE=4
interface	2026-10-03T03:49:33.202Z	965098.4618424167	download-recovery	Instant(_value: 3040500.8537382907 seconds)	0	2	48	0	26	48	unknown	llw0#17#nil#16	0	0	0.0	0.0	nil	IORegistry provider unavailable; SC type=
interface	2026-10-03T03:49:33.202Z	965098.4618424167	download-recovery	Instant(_value: 3040500.8537382907 seconds)	0	2	48	0	26	48	tunnel	utun0#18#nil#17	0	0	0.0	0.0	nil	tunnel name; VPN service unconfirmed
interface	2026-10-03T03:49:33.202Z	965098.4618424167	download-recovery	Instant(_value: 3040500.8537382907 seconds)	0	2	48	0	26	48	tunnel	utun1#19#nil#18	0	8192	0.0	0.0	nil	tunnel name; VPN service unconfirmed
interface	2026-10-03T03:49:33.202Z	965098.4618424167	download-recovery	Instant(_value: 3040500.8537382907 seconds)	0	2	48	0	26	48	tunnel	utun2#20#nil#19	0	8192	0.0	0.0	nil	tunnel name; VPN service unconfirmed
interface	2026-10-03T03:49:33.202Z	965098.4618424167	download-recovery	Instant(_value: 3040500.8537382907 seconds)	0	2	48	0	26	48	tunnel	utun3#21#nil#20	0	8192	0.0	0.0	nil	tunnel name; VPN service unconfirmed
interface	2026-10-03T03:49:33.202Z	965098.4618424167	download-recovery	Instant(_value: 3040500.8537382907 seconds)	0	2	48	0	26	48	tunnel	utun4#24#nil#21	9216	4096	0.0	0.0	nil	tunnel name; VPN service unconfirmed
interface	2026-10-03T03:49:33.202Z	965098.4618424167	download-recovery	Instant(_value: 3040500.8537382907 seconds)	0	2	48	0	26	48	tunnel	utun5#25#nil#22	166912	143360	0.0	0.0	nil	tunnel name; VPN service unconfirmed
interface	2026-10-03T03:49:33.202Z	965098.4618424167	download-recovery	Instant(_value: 3040500.8537382907 seconds)	0	2	48	0	26	48	tunnel	utun6#26#nil#23	0	8192	0.0	0.0	nil	tunnel name; VPN service unconfirmed
interface	2026-10-03T03:49:33.202Z	965098.4618424167	download-recovery	Instant(_value: 3040500.8537382907 seconds)	0	2	48	0	26	48	tunnel	utun7#27#nil#24	0	8192	0.0	0.0	nil	tunnel name; VPN service unconfirmed
interface	2026-10-03T03:49:33.202Z	965098.4618424167	download-recovery	Instant(_value: 3040500.8537382907 seconds)	0	2	48	0	26	48	virtual	vmenet0#22#4295372070#25	5120	1833984	0.0	0.0	Optional(true)	virtual provider IOUserEthernetInterface/IOUserEthernetController/IOUserEthernetResourceUserClient/IOUserEthernetResource/IOResources/IOPlatformExpertDevice/IORegistryEntry
interface	2026-10-03T03:49:33.202Z	965098.4618424167	download-recovery	Instant(_value: 3040500.8537382907 seconds)	0	2	48	0	26	48	logical	bridge100#23#nil#26	0	3668992	0.0	0.0	Optional(true)	route link type=209
delivery	2026-10-03T03:49:33.202Z	965098.4618424167	download-recovery	Instant(_value: 3040500.8537382907 seconds)	0	2	48	0	26	48	delivered	networkActivity						sameReadAt=true
card	2026-10-03T03:49:33.202Z	965098.4618424167	download-recovery	Optional(Swift.ContinuousClock.Instant(_value: 3040500.8537382907 seconds))					26		partial("물리 대상의 식별·연결·속도 일부를 확인하지 못했습니다")	NetworkCard			302050.58782401064	0.0	true	Network 카드, 일부 수집 실패: 물리 대상의 식별·연결·속도 일부를 확인하지 못했습니다, 확인된 일부 합계 다운로드 295.0 KB/s, 업로드 0.0 B/s, 일부 수집 실패: 대상 identity 또는 물리 정보 일부 미확인
sample	2026-10-03T03:49:34.270Z	965099.5297887917	download-recovery	Instant(_value: 3040501.849869666 seconds)	0	2	49	0	26	49	partial("물리 대상의 식별·연결·속도 일부를 확인하지 못했습니다")	knownPhysical			311476.98766139155	0.0	false	representativeRX=-1.0;representativeTX=-1.0
interface	2026-10-03T03:49:34.270Z	965099.5297887917	download-recovery	Instant(_value: 3040501.849869666 seconds)	0	2	49	0	26	49	tunnel	gif0#2#nil#1	0	0	0.0	0.0	nil	route tunnel link type=55
interface	2026-10-03T03:49:34.270Z	965099.5297887917	download-recovery	Instant(_value: 3040501.849869666 seconds)	0	2	49	0	26	49	tunnel	stf0#3#nil#2	0	0	0.0	0.0	nil	route tunnel link type=57
interface	2026-10-03T03:49:34.270Z	965099.5297887917	download-recovery	Instant(_value: 3040501.849869666 seconds)	0	2	49	0	26	49	virtual	anpi1#4#4294970237#3	0	0	0.0	0.0	Optional(false)	private auxiliary network interface AppleUSBDeviceNCMPrivateEthernetInterface/AppleUSBDeviceNCMData/IOUSBDeviceInterface/AppleT8122USBXDCI/AppleARMIODevice/AppleH15IO/IOPlatformDevice/AppleARMPE/IOPlatformExpertDevice/IORegistryEntry
interface	2026-10-03T03:49:34.270Z	965099.5297887917	download-recovery	Instant(_value: 3040501.849869666 seconds)	0	2	49	0	26	49	virtual	anpi2#5#4294970293#4	0	0	0.0	0.0	Optional(false)	private auxiliary network interface AppleUSBDeviceNCMPrivateEthernetInterface/AppleUSBDeviceNCMData/IOUSBDeviceInterface/AppleT8122USBXDCI/AppleARMIODevice/AppleH15IO/IOPlatformDevice/AppleARMPE/IOPlatformExpertDevice/IORegistryEntry
interface	2026-10-03T03:49:34.270Z	965099.5297887917	download-recovery	Instant(_value: 3040501.849869666 seconds)	0	2	49	0	26	49	virtual	anpi0#6#4294970305#5	0	0	0.0	0.0	Optional(false)	private auxiliary network interface AppleUSBDeviceNCMPrivateEthernetInterface/AppleUSBDeviceNCMData/IOUSBDeviceInterface/AppleT8122USBXDCI/AppleARMIODevice/AppleH15IO/IOPlatformDevice/AppleARMPE/IOPlatformExpertDevice/IORegistryEntry
interface	2026-10-03T03:49:34.270Z	965099.5297887917	download-recovery	Instant(_value: 3040501.849869666 seconds)	0	2	49	0	26	49	physicalEthernet	en4#7#4294970257#6	0	0	0.0	0.0	Optional(false)	SC Ethernet; hardware provider IOEthernetInterface/AppleUSBDeviceNCMData/IOUSBDeviceInterface/AppleT8122USBXDCI/AppleARMIODevice/AppleH15IO/IOPlatformDevice/AppleARMPE/IOPlatformExpertDevice/IORegistryEntry
interface	2026-10-03T03:49:34.270Z	965099.5297887917	download-recovery	Instant(_value: 3040501.849869666 seconds)	0	2	49	0	26	49	physicalEthernet	en5#8#4294970175#7	0	0	0.0	0.0	Optional(false)	SC Ethernet; hardware provider IOEthernetInterface/AppleUSBDeviceNCMData/IOUSBDeviceInterface/AppleT8122USBXDCI/AppleARMIODevice/AppleH15IO/IOPlatformDevice/AppleARMPE/IOPlatformExpertDevice/IORegistryEntry
interface	2026-10-03T03:49:34.270Z	965099.5297887917	download-recovery	Instant(_value: 3040501.849869666 seconds)	0	2	49	0	26	49	physicalEthernet	en6#9#4294970236#8	0	0	0.0	0.0	Optional(false)	SC Ethernet; hardware provider IOEthernetInterface/AppleUSBDeviceNCMData/IOUSBDeviceInterface/AppleT8122USBXDCI/AppleARMIODevice/AppleH15IO/IOPlatformDevice/AppleARMPE/IOPlatformExpertDevice/IORegistryEntry
interface	2026-10-03T03:49:34.270Z	965099.5297887917	download-recovery	Instant(_value: 3040501.849869666 seconds)	0	2	49	0	26	49	physicalEthernet	en1#10#4294970312#9	0	0	0.0	0.0	Optional(false)	SC Ethernet; hardware provider IOEthernetInterface/AppleThunderboltIPPort/AppleThunderboltIPService/IOThunderboltLocalNode/IOThunderboltControllerType5/AppleThunderboltNHIType5/AppleThunderboltHALType5/AppleARMIODevice/AppleH15IO/IOPlatformDevice/AppleARMPE/IOPlatformExpertDevice/IORegistryEntry
interface	2026-10-03T03:49:34.270Z	965099.5297887917	download-recovery	Instant(_value: 3040501.849869666 seconds)	0	2	49	0	26	49	physicalEthernet	en2#11#4294970264#10	0	0	0.0	0.0	Optional(false)	SC Ethernet; hardware provider IOEthernetInterface/AppleThunderboltIPPort/AppleThunderboltIPService/IOThunderboltLocalNode/IOThunderboltControllerType5/AppleThunderboltNHIType5/AppleThunderboltHALType5/AppleARMIODevice/AppleH15IO/IOPlatformDevice/AppleARMPE/IOPlatformExpertDevice/IORegistryEntry
interface	2026-10-03T03:49:34.270Z	965099.5297887917	download-recovery	Instant(_value: 3040501.849869666 seconds)	0	2	49	0	26	49	physicalEthernet	en3#12#4294970379#11	0	0	0.0	0.0	Optional(false)	SC Ethernet; hardware provider IOEthernetInterface/AppleThunderboltIPPort/AppleThunderboltIPService/IOThunderboltLocalNode/IOThunderboltControllerType5/AppleThunderboltNHIType5/AppleThunderboltHALType5/AppleARMIODevice/AppleH15IO/IOPlatformDevice/AppleARMPE/IOPlatformExpertDevice/IORegistryEntry
interface	2026-10-03T03:49:34.270Z	965099.5297887917	download-recovery	Instant(_value: 3040501.849869666 seconds)	0	2	49	0	26	49	logical	bridge0#15#nil#12	0	0	0.0	0.0	Optional(false)	route link type=209
interface	2026-10-03T03:49:34.270Z	965099.5297887917	download-recovery	Instant(_value: 3040501.849869666 seconds)	0	2	49	0	26	49	unknown	ap1#13#nil#13	0	0	0.0	0.0	nil	IORegistry provider unavailable; SC type=
interface	2026-10-03T03:49:34.270Z	965099.5297887917	download-recovery	Instant(_value: 3040501.849869666 seconds)	0	2	49	0	26	49	physicalWiFi	en0#14#4294971925#14	3196125184	1999760384	311476.98766139155	0.0	Optional(true)	SC Wi-Fi; hardware provider IOSkywalkLegacyEthernetInterface/IO80211Controller/IOUserNetworkWLAN/IOUserService/IOUserService/IOPCIDevice/ApplePCIEHostBridge/IOPCIDevice/AppleT6031PCIe/AppleARMIODevice/AppleH15IO/IOPlatformDevice/AppleARMPE/IOPlatformExpertDevice/IORegistryEntry
interface	2026-10-03T03:49:34.270Z	965099.5297887917	download-recovery	Instant(_value: 3040501.849869666 seconds)	0	2	49	0	26	49	virtual	awdl0#16#nil#15	8599552	8556544	0.0	0.0	Optional(true)	SIOCGIFFUNCTIONALTYPE=4
interface	2026-10-03T03:49:34.270Z	965099.5297887917	download-recovery	Instant(_value: 3040501.849869666 seconds)	0	2	49	0	26	49	unknown	llw0#17#nil#16	0	0	0.0	0.0	nil	IORegistry provider unavailable; SC type=
interface	2026-10-03T03:49:34.270Z	965099.5297887917	download-recovery	Instant(_value: 3040501.849869666 seconds)	0	2	49	0	26	49	tunnel	utun0#18#nil#17	0	0	0.0	0.0	nil	tunnel name; VPN service unconfirmed
interface	2026-10-03T03:49:34.270Z	965099.5297887917	download-recovery	Instant(_value: 3040501.849869666 seconds)	0	2	49	0	26	49	tunnel	utun1#19#nil#18	0	8192	0.0	0.0	nil	tunnel name; VPN service unconfirmed
interface	2026-10-03T03:49:34.270Z	965099.5297887917	download-recovery	Instant(_value: 3040501.849869666 seconds)	0	2	49	0	26	49	tunnel	utun2#20#nil#19	0	8192	0.0	0.0	nil	tunnel name; VPN service unconfirmed
interface	2026-10-03T03:49:34.270Z	965099.5297887917	download-recovery	Instant(_value: 3040501.849869666 seconds)	0	2	49	0	26	49	tunnel	utun3#21#nil#20	0	8192	0.0	0.0	nil	tunnel name; VPN service unconfirmed
interface	2026-10-03T03:49:34.270Z	965099.5297887917	download-recovery	Instant(_value: 3040501.849869666 seconds)	0	2	49	0	26	49	tunnel	utun4#24#nil#21	9216	4096	0.0	0.0	nil	tunnel name; VPN service unconfirmed
interface	2026-10-03T03:49:34.270Z	965099.5297887917	download-recovery	Instant(_value: 3040501.849869666 seconds)	0	2	49	0	26	49	tunnel	utun5#25#nil#22	166912	143360	0.0	0.0	nil	tunnel name; VPN service unconfirmed
interface	2026-10-03T03:49:34.270Z	965099.5297887917	download-recovery	Instant(_value: 3040501.849869666 seconds)	0	2	49	0	26	49	tunnel	utun6#26#nil#23	0	8192	0.0	0.0	nil	tunnel name; VPN service unconfirmed
interface	2026-10-03T03:49:34.270Z	965099.5297887917	download-recovery	Instant(_value: 3040501.849869666 seconds)	0	2	49	0	26	49	tunnel	utun7#27#nil#24	0	8192	0.0	0.0	nil	tunnel name; VPN service unconfirmed
interface	2026-10-03T03:49:34.270Z	965099.5297887917	download-recovery	Instant(_value: 3040501.849869666 seconds)	0	2	49	0	26	49	virtual	vmenet0#22#4295372070#25	5120	1833984	0.0	0.0	Optional(true)	virtual provider IOUserEthernetInterface/IOUserEthernetController/IOUserEthernetResourceUserClient/IOUserEthernetResource/IOResources/IOPlatformExpertDevice/IORegistryEntry
interface	2026-10-03T03:49:34.270Z	965099.5297887917	download-recovery	Instant(_value: 3040501.849869666 seconds)	0	2	49	0	26	49	logical	bridge100#23#nil#26	0	3668992	0.0	0.0	Optional(true)	route link type=209
delivery	2026-10-03T03:49:34.270Z	965099.5297887917	download-recovery	Instant(_value: 3040501.849869666 seconds)	0	2	49	0	26	49	delivered	networkActivity						sameReadAt=true
card	2026-10-03T03:49:34.270Z	965099.5297887917	download-recovery	Optional(Swift.ContinuousClock.Instant(_value: 3040501.849869666 seconds))					26		partial("물리 대상의 식별·연결·속도 일부를 확인하지 못했습니다")	NetworkCard			311476.98766139155	0.0	true	Network 카드, 일부 수집 실패: 물리 대상의 식별·연결·속도 일부를 확인하지 못했습니다, 확인된 일부 합계 다운로드 304.2 KB/s, 업로드 0.0 B/s, 일부 수집 실패: 대상 identity 또는 물리 정보 일부 미확인
sample	2026-10-03T03:49:35.276Z	965100.5358354584	download-recovery	Instant(_value: 3040502.84989525 seconds)	0	2	50	0	26	50	partial("물리 대상의 식별·연결·속도 일부를 확인하지 못했습니다")	knownPhysical			312312.009809541	1023.9738026542328	false	representativeRX=-1.0;representativeTX=-1.0
interface	2026-10-03T03:49:35.276Z	965100.5358354584	download-recovery	Instant(_value: 3040502.84989525 seconds)	0	2	50	0	26	50	tunnel	gif0#2#nil#1	0	0	0.0	0.0	nil	route tunnel link type=55
interface	2026-10-03T03:49:35.276Z	965100.5358354584	download-recovery	Instant(_value: 3040502.84989525 seconds)	0	2	50	0	26	50	tunnel	stf0#3#nil#2	0	0	0.0	0.0	nil	route tunnel link type=57
interface	2026-10-03T03:49:35.276Z	965100.5358354584	download-recovery	Instant(_value: 3040502.84989525 seconds)	0	2	50	0	26	50	virtual	anpi1#4#4294970237#3	0	0	0.0	0.0	Optional(false)	private auxiliary network interface AppleUSBDeviceNCMPrivateEthernetInterface/AppleUSBDeviceNCMData/IOUSBDeviceInterface/AppleT8122USBXDCI/AppleARMIODevice/AppleH15IO/IOPlatformDevice/AppleARMPE/IOPlatformExpertDevice/IORegistryEntry
interface	2026-10-03T03:49:35.276Z	965100.5358354584	download-recovery	Instant(_value: 3040502.84989525 seconds)	0	2	50	0	26	50	virtual	anpi2#5#4294970293#4	0	0	0.0	0.0	Optional(false)	private auxiliary network interface AppleUSBDeviceNCMPrivateEthernetInterface/AppleUSBDeviceNCMData/IOUSBDeviceInterface/AppleT8122USBXDCI/AppleARMIODevice/AppleH15IO/IOPlatformDevice/AppleARMPE/IOPlatformExpertDevice/IORegistryEntry
interface	2026-10-03T03:49:35.276Z	965100.5358354584	download-recovery	Instant(_value: 3040502.84989525 seconds)	0	2	50	0	26	50	virtual	anpi0#6#4294970305#5	0	0	0.0	0.0	Optional(false)	private auxiliary network interface AppleUSBDeviceNCMPrivateEthernetInterface/AppleUSBDeviceNCMData/IOUSBDeviceInterface/AppleT8122USBXDCI/AppleARMIODevice/AppleH15IO/IOPlatformDevice/AppleARMPE/IOPlatformExpertDevice/IORegistryEntry
interface	2026-10-03T03:49:35.276Z	965100.5358354584	download-recovery	Instant(_value: 3040502.84989525 seconds)	0	2	50	0	26	50	physicalEthernet	en4#7#4294970257#6	0	0	0.0	0.0	Optional(false)	SC Ethernet; hardware provider IOEthernetInterface/AppleUSBDeviceNCMData/IOUSBDeviceInterface/AppleT8122USBXDCI/AppleARMIODevice/AppleH15IO/IOPlatformDevice/AppleARMPE/IOPlatformExpertDevice/IORegistryEntry
interface	2026-10-03T03:49:35.276Z	965100.5358354584	download-recovery	Instant(_value: 3040502.84989525 seconds)	0	2	50	0	26	50	physicalEthernet	en5#8#4294970175#7	0	0	0.0	0.0	Optional(false)	SC Ethernet; hardware provider IOEthernetInterface/AppleUSBDeviceNCMData/IOUSBDeviceInterface/AppleT8122USBXDCI/AppleARMIODevice/AppleH15IO/IOPlatformDevice/AppleARMPE/IOPlatformExpertDevice/IORegistryEntry
interface	2026-10-03T03:49:35.276Z	965100.5358354584	download-recovery	Instant(_value: 3040502.84989525 seconds)	0	2	50	0	26	50	physicalEthernet	en6#9#4294970236#8	0	0	0.0	0.0	Optional(false)	SC Ethernet; hardware provider IOEthernetInterface/AppleUSBDeviceNCMData/IOUSBDeviceInterface/AppleT8122USBXDCI/AppleARMIODevice/AppleH15IO/IOPlatformDevice/AppleARMPE/IOPlatformExpertDevice/IORegistryEntry
interface	2026-10-03T03:49:35.276Z	965100.5358354584	download-recovery	Instant(_value: 3040502.84989525 seconds)	0	2	50	0	26	50	physicalEthernet	en1#10#4294970312#9	0	0	0.0	0.0	Optional(false)	SC Ethernet; hardware provider IOEthernetInterface/AppleThunderboltIPPort/AppleThunderboltIPService/IOThunderboltLocalNode/IOThunderboltControllerType5/AppleThunderboltNHIType5/AppleThunderboltHALType5/AppleARMIODevice/AppleH15IO/IOPlatformDevice/AppleARMPE/IOPlatformExpertDevice/IORegistryEntry
interface	2026-10-03T03:49:35.276Z	965100.5358354584	download-recovery	Instant(_value: 3040502.84989525 seconds)	0	2	50	0	26	50	physicalEthernet	en2#11#4294970264#10	0	0	0.0	0.0	Optional(false)	SC Ethernet; hardware provider IOEthernetInterface/AppleThunderboltIPPort/AppleThunderboltIPService/IOThunderboltLocalNode/IOThunderboltControllerType5/AppleThunderboltNHIType5/AppleThunderboltHALType5/AppleARMIODevice/AppleH15IO/IOPlatformDevice/AppleARMPE/IOPlatformExpertDevice/IORegistryEntry
interface	2026-10-03T03:49:35.276Z	965100.5358354584	download-recovery	Instant(_value: 3040502.84989525 seconds)	0	2	50	0	26	50	physicalEthernet	en3#12#4294970379#11	0	0	0.0	0.0	Optional(false)	SC Ethernet; hardware provider IOEthernetInterface/AppleThunderboltIPPort/AppleThunderboltIPService/IOThunderboltLocalNode/IOThunderboltControllerType5/AppleThunderboltNHIType5/AppleThunderboltHALType5/AppleARMIODevice/AppleH15IO/IOPlatformDevice/AppleARMPE/IOPlatformExpertDevice/IORegistryEntry
interface	2026-10-03T03:49:35.276Z	965100.5358354584	download-recovery	Instant(_value: 3040502.84989525 seconds)	0	2	50	0	26	50	logical	bridge0#15#nil#12	0	0	0.0	0.0	Optional(false)	route link type=209
interface	2026-10-03T03:49:35.276Z	965100.5358354584	download-recovery	Instant(_value: 3040502.84989525 seconds)	0	2	50	0	26	50	unknown	ap1#13#nil#13	0	0	0.0	0.0	nil	IORegistry provider unavailable; SC type=
interface	2026-10-03T03:49:35.276Z	965100.5358354584	download-recovery	Instant(_value: 3040502.84989525 seconds)	0	2	50	0	26	50	physicalWiFi	en0#14#4294971925#14	3196437504	1999761408	312312.009809541	1023.9738026542328	Optional(true)	SC Wi-Fi; hardware provider IOSkywalkLegacyEthernetInterface/IO80211Controller/IOUserNetworkWLAN/IOUserService/IOUserService/IOPCIDevice/ApplePCIEHostBridge/IOPCIDevice/AppleT6031PCIe/AppleARMIODevice/AppleH15IO/IOPlatformDevice/AppleARMPE/IOPlatformExpertDevice/IORegistryEntry
interface	2026-10-03T03:49:35.276Z	965100.5358354584	download-recovery	Instant(_value: 3040502.84989525 seconds)	0	2	50	0	26	50	virtual	awdl0#16#nil#15	8599552	8556544	0.0	0.0	Optional(true)	SIOCGIFFUNCTIONALTYPE=4
interface	2026-10-03T03:49:35.276Z	965100.5358354584	download-recovery	Instant(_value: 3040502.84989525 seconds)	0	2	50	0	26	50	unknown	llw0#17#nil#16	0	0	0.0	0.0	nil	IORegistry provider unavailable; SC type=
interface	2026-10-03T03:49:35.276Z	965100.5358354584	download-recovery	Instant(_value: 3040502.84989525 seconds)	0	2	50	0	26	50	tunnel	utun0#18#nil#17	0	0	0.0	0.0	nil	tunnel name; VPN service unconfirmed
interface	2026-10-03T03:49:35.276Z	965100.5358354584	download-recovery	Instant(_value: 3040502.84989525 seconds)	0	2	50	0	26	50	tunnel	utun1#19#nil#18	0	8192	0.0	0.0	nil	tunnel name; VPN service unconfirmed
interface	2026-10-03T03:49:35.276Z	965100.5358354584	download-recovery	Instant(_value: 3040502.84989525 seconds)	0	2	50	0	26	50	tunnel	utun2#20#nil#19	0	8192	0.0	0.0	nil	tunnel name; VPN service unconfirmed
interface	2026-10-03T03:49:35.276Z	965100.5358354584	download-recovery	Instant(_value: 3040502.84989525 seconds)	0	2	50	0	26	50	tunnel	utun3#21#nil#20	0	8192	0.0	0.0	nil	tunnel name; VPN service unconfirmed
interface	2026-10-03T03:49:35.276Z	965100.5358354584	download-recovery	Instant(_value: 3040502.84989525 seconds)	0	2	50	0	26	50	tunnel	utun4#24#nil#21	9216	4096	0.0	0.0	nil	tunnel name; VPN service unconfirmed
interface	2026-10-03T03:49:35.276Z	965100.5358354584	download-recovery	Instant(_value: 3040502.84989525 seconds)	0	2	50	0	26	50	tunnel	utun5#25#nil#22	166912	143360	0.0	0.0	nil	tunnel name; VPN service unconfirmed
interface	2026-10-03T03:49:35.276Z	965100.5358354584	download-recovery	Instant(_value: 3040502.84989525 seconds)	0	2	50	0	26	50	tunnel	utun6#26#nil#23	0	8192	0.0	0.0	nil	tunnel name; VPN service unconfirmed
interface	2026-10-03T03:49:35.276Z	965100.5358354584	download-recovery	Instant(_value: 3040502.84989525 seconds)	0	2	50	0	26	50	tunnel	utun7#27#nil#24	0	8192	0.0	0.0	nil	tunnel name; VPN service unconfirmed
interface	2026-10-03T03:49:35.276Z	965100.5358354584	download-recovery	Instant(_value: 3040502.84989525 seconds)	0	2	50	0	26	50	virtual	vmenet0#22#4295372070#25	5120	1833984	0.0	0.0	Optional(true)	virtual provider IOUserEthernetInterface/IOUserEthernetController/IOUserEthernetResourceUserClient/IOUserEthernetResource/IOResources/IOPlatformExpertDevice/IORegistryEntry
interface	2026-10-03T03:49:35.276Z	965100.5358354584	download-recovery	Instant(_value: 3040502.84989525 seconds)	0	2	50	0	26	50	logical	bridge100#23#nil#26	0	3668992	0.0	0.0	Optional(true)	route link type=209
delivery	2026-10-03T03:49:35.276Z	965100.5358354584	download-recovery	Instant(_value: 3040502.84989525 seconds)	0	2	50	0	26	50	delivered	networkActivity						sameReadAt=true
card	2026-10-03T03:49:35.276Z	965100.5358354584	download-recovery	Optional(Swift.ContinuousClock.Instant(_value: 3040502.84989525 seconds))					26		partial("물리 대상의 식별·연결·속도 일부를 확인하지 못했습니다")	NetworkCard			312312.009809541	1023.9738026542328	true	Network 카드, 일부 수집 실패: 물리 대상의 식별·연결·속도 일부를 확인하지 못했습니다, 확인된 일부 합계 다운로드 305.0 KB/s, 업로드 1,024.0 B/s, 일부 수집 실패: 대상 identity 또는 물리 정보 일부 미확인
sample	2026-10-03T03:49:36.355Z	965101.6146780833	download-recovery	Instant(_value: 3040504.8535073753 seconds)	0	2	52	0	26	52	partial("물리 대상의 식별·연결·속도 일부를 확인하지 못했습니다")	knownPhysical			320713.16733421036	253086.74866309893	false	representativeRX=-1.0;representativeTX=-1.0
interface	2026-10-03T03:49:36.355Z	965101.6146780833	download-recovery	Instant(_value: 3040504.8535073753 seconds)	0	2	52	0	26	52	tunnel	gif0#2#nil#1	0	0	0.0	0.0	nil	route tunnel link type=55
interface	2026-10-03T03:49:36.355Z	965101.6146780833	download-recovery	Instant(_value: 3040504.8535073753 seconds)	0	2	52	0	26	52	tunnel	stf0#3#nil#2	0	0	0.0	0.0	nil	route tunnel link type=57
interface	2026-10-03T03:49:36.355Z	965101.6146780833	download-recovery	Instant(_value: 3040504.8535073753 seconds)	0	2	52	0	26	52	virtual	anpi1#4#4294970237#3	0	0	0.0	0.0	Optional(false)	private auxiliary network interface AppleUSBDeviceNCMPrivateEthernetInterface/AppleUSBDeviceNCMData/IOUSBDeviceInterface/AppleT8122USBXDCI/AppleARMIODevice/AppleH15IO/IOPlatformDevice/AppleARMPE/IOPlatformExpertDevice/IORegistryEntry
interface	2026-10-03T03:49:36.355Z	965101.6146780833	download-recovery	Instant(_value: 3040504.8535073753 seconds)	0	2	52	0	26	52	virtual	anpi2#5#4294970293#4	0	0	0.0	0.0	Optional(false)	private auxiliary network interface AppleUSBDeviceNCMPrivateEthernetInterface/AppleUSBDeviceNCMData/IOUSBDeviceInterface/AppleT8122USBXDCI/AppleARMIODevice/AppleH15IO/IOPlatformDevice/AppleARMPE/IOPlatformExpertDevice/IORegistryEntry
interface	2026-10-03T03:49:36.355Z	965101.6146780833	download-recovery	Instant(_value: 3040504.8535073753 seconds)	0	2	52	0	26	52	virtual	anpi0#6#4294970305#5	0	0	0.0	0.0	Optional(false)	private auxiliary network interface AppleUSBDeviceNCMPrivateEthernetInterface/AppleUSBDeviceNCMData/IOUSBDeviceInterface/AppleT8122USBXDCI/AppleARMIODevice/AppleH15IO/IOPlatformDevice/AppleARMPE/IOPlatformExpertDevice/IORegistryEntry
interface	2026-10-03T03:49:36.355Z	965101.6146780833	download-recovery	Instant(_value: 3040504.8535073753 seconds)	0	2	52	0	26	52	physicalEthernet	en4#7#4294970257#6	0	0	0.0	0.0	Optional(false)	SC Ethernet; hardware provider IOEthernetInterface/AppleUSBDeviceNCMData/IOUSBDeviceInterface/AppleT8122USBXDCI/AppleARMIODevice/AppleH15IO/IOPlatformDevice/AppleARMPE/IOPlatformExpertDevice/IORegistryEntry
interface	2026-10-03T03:49:36.355Z	965101.6146780833	download-recovery	Instant(_value: 3040504.8535073753 seconds)	0	2	52	0	26	52	physicalEthernet	en5#8#4294970175#7	0	0	0.0	0.0	Optional(false)	SC Ethernet; hardware provider IOEthernetInterface/AppleUSBDeviceNCMData/IOUSBDeviceInterface/AppleT8122USBXDCI/AppleARMIODevice/AppleH15IO/IOPlatformDevice/AppleARMPE/IOPlatformExpertDevice/IORegistryEntry
interface	2026-10-03T03:49:36.355Z	965101.6146780833	download-recovery	Instant(_value: 3040504.8535073753 seconds)	0	2	52	0	26	52	physicalEthernet	en6#9#4294970236#8	0	0	0.0	0.0	Optional(false)	SC Ethernet; hardware provider IOEthernetInterface/AppleUSBDeviceNCMData/IOUSBDeviceInterface/AppleT8122USBXDCI/AppleARMIODevice/AppleH15IO/IOPlatformDevice/AppleARMPE/IOPlatformExpertDevice/IORegistryEntry
interface	2026-10-03T03:49:36.355Z	965101.6146780833	download-recovery	Instant(_value: 3040504.8535073753 seconds)	0	2	52	0	26	52	physicalEthernet	en1#10#4294970312#9	0	0	0.0	0.0	Optional(false)	SC Ethernet; hardware provider IOEthernetInterface/AppleThunderboltIPPort/AppleThunderboltIPService/IOThunderboltLocalNode/IOThunderboltControllerType5/AppleThunderboltNHIType5/AppleThunderboltHALType5/AppleARMIODevice/AppleH15IO/IOPlatformDevice/AppleARMPE/IOPlatformExpertDevice/IORegistryEntry
interface	2026-10-03T03:49:36.355Z	965101.6146780833	download-recovery	Instant(_value: 3040504.8535073753 seconds)	0	2	52	0	26	52	physicalEthernet	en2#11#4294970264#10	0	0	0.0	0.0	Optional(false)	SC Ethernet; hardware provider IOEthernetInterface/AppleThunderboltIPPort/AppleThunderboltIPService/IOThunderboltLocalNode/IOThunderboltControllerType5/AppleThunderboltNHIType5/AppleThunderboltHALType5/AppleARMIODevice/AppleH15IO/IOPlatformDevice/AppleARMPE/IOPlatformExpertDevice/IORegistryEntry
interface	2026-10-03T03:49:36.355Z	965101.6146780833	download-recovery	Instant(_value: 3040504.8535073753 seconds)	0	2	52	0	26	52	physicalEthernet	en3#12#4294970379#11	0	0	0.0	0.0	Optional(false)	SC Ethernet; hardware provider IOEthernetInterface/AppleThunderboltIPPort/AppleThunderboltIPService/IOThunderboltLocalNode/IOThunderboltControllerType5/AppleThunderboltNHIType5/AppleThunderboltHALType5/AppleARMIODevice/AppleH15IO/IOPlatformDevice/AppleARMPE/IOPlatformExpertDevice/IORegistryEntry
interface	2026-10-03T03:49:36.355Z	965101.6146780833	download-recovery	Instant(_value: 3040504.8535073753 seconds)	0	2	52	0	26	52	logical	bridge0#15#nil#12	0	0	0.0	0.0	Optional(false)	route link type=209
interface	2026-10-03T03:49:36.355Z	965101.6146780833	download-recovery	Instant(_value: 3040504.8535073753 seconds)	0	2	52	0	26	52	unknown	ap1#13#nil#13	0	0	0.0	0.0	nil	IORegistry provider unavailable; SC type=
interface	2026-10-03T03:49:36.355Z	965101.6146780833	download-recovery	Instant(_value: 3040504.8535073753 seconds)	0	2	52	0	26	52	physicalWiFi	en0#14#4294971925#14	3197080576	2000022528	320713.16733421036	253086.74866309893	Optional(true)	SC Wi-Fi; hardware provider IOSkywalkLegacyEthernetInterface/IO80211Controller/IOUserNetworkWLAN/IOUserService/IOUserService/IOPCIDevice/ApplePCIEHostBridge/IOPCIDevice/AppleT6031PCIe/AppleARMIODevice/AppleH15IO/IOPlatformDevice/AppleARMPE/IOPlatformExpertDevice/IORegistryEntry
interface	2026-10-03T03:49:36.355Z	965101.6146780833	download-recovery	Instant(_value: 3040504.8535073753 seconds)	0	2	52	0	26	52	virtual	awdl0#16#nil#15	8599552	8556544	0.0	0.0	Optional(true)	SIOCGIFFUNCTIONALTYPE=4
interface	2026-10-03T03:49:36.355Z	965101.6146780833	download-recovery	Instant(_value: 3040504.8535073753 seconds)	0	2	52	0	26	52	unknown	llw0#17#nil#16	0	0	0.0	0.0	nil	IORegistry provider unavailable; SC type=
interface	2026-10-03T03:49:36.355Z	965101.6146780833	download-recovery	Instant(_value: 3040504.8535073753 seconds)	0	2	52	0	26	52	tunnel	utun0#18#nil#17	0	0	0.0	0.0	nil	tunnel name; VPN service unconfirmed
interface	2026-10-03T03:49:36.355Z	965101.6146780833	download-recovery	Instant(_value: 3040504.8535073753 seconds)	0	2	52	0	26	52	tunnel	utun1#19#nil#18	0	8192	0.0	0.0	nil	tunnel name; VPN service unconfirmed
interface	2026-10-03T03:49:36.355Z	965101.6146780833	download-recovery	Instant(_value: 3040504.8535073753 seconds)	0	2	52	0	26	52	tunnel	utun2#20#nil#19	0	8192	0.0	0.0	nil	tunnel name; VPN service unconfirmed
interface	2026-10-03T03:49:36.355Z	965101.6146780833	download-recovery	Instant(_value: 3040504.8535073753 seconds)	0	2	52	0	26	52	tunnel	utun3#21#nil#20	0	8192	0.0	0.0	nil	tunnel name; VPN service unconfirmed
interface	2026-10-03T03:49:36.355Z	965101.6146780833	download-recovery	Instant(_value: 3040504.8535073753 seconds)	0	2	52	0	26	52	tunnel	utun4#24#nil#21	9216	4096	0.0	0.0	nil	tunnel name; VPN service unconfirmed
interface	2026-10-03T03:49:36.355Z	965101.6146780833	download-recovery	Instant(_value: 3040504.8535073753 seconds)	0	2	52	0	26	52	tunnel	utun5#25#nil#22	166912	143360	0.0	0.0	nil	tunnel name; VPN service unconfirmed
interface	2026-10-03T03:49:36.355Z	965101.6146780833	download-recovery	Instant(_value: 3040504.8535073753 seconds)	0	2	52	0	26	52	tunnel	utun6#26#nil#23	0	8192	0.0	0.0	nil	tunnel name; VPN service unconfirmed
interface	2026-10-03T03:49:36.355Z	965101.6146780833	download-recovery	Instant(_value: 3040504.8535073753 seconds)	0	2	52	0	26	52	tunnel	utun7#27#nil#24	0	8192	0.0	0.0	nil	tunnel name; VPN service unconfirmed
interface	2026-10-03T03:49:36.355Z	965101.6146780833	download-recovery	Instant(_value: 3040504.8535073753 seconds)	0	2	52	0	26	52	virtual	vmenet0#22#4295372070#25	5120	1833984	0.0	0.0	Optional(true)	virtual provider IOUserEthernetInterface/IOUserEthernetController/IOUserEthernetResourceUserClient/IOUserEthernetResource/IOResources/IOPlatformExpertDevice/IORegistryEntry
interface	2026-10-03T03:49:36.355Z	965101.6146780833	download-recovery	Instant(_value: 3040504.8535073753 seconds)	0	2	52	0	26	52	logical	bridge100#23#nil#26	0	3668992	0.0	0.0	Optional(true)	route link type=209
delivery	2026-10-03T03:49:36.355Z	965101.6146780833	download-recovery	Instant(_value: 3040504.8535073753 seconds)	0	2	52	0	26	52	delivered	networkActivity						sameReadAt=true
card	2026-10-03T03:49:36.355Z	965101.6146780833	download-recovery	Optional(Swift.ContinuousClock.Instant(_value: 3040504.8535073753 seconds))					26		partial("물리 대상의 식별·연결·속도 일부를 확인하지 못했습니다")	NetworkCard			320713.16733421036	253086.74866309893	true	Network 카드, 일부 수집 실패: 물리 대상의 식별·연결·속도 일부를 확인하지 못했습니다, 확인된 일부 합계 다운로드 313.2 KB/s, 업로드 247.2 KB/s, 일부 수집 실패: 대상 identity 또는 물리 정보 일부 미확인
sample	2026-10-03T03:49:37.408Z	965102.6673867084	download-recovery	Instant(_value: 3040505.858076125 seconds)	0	2	53	0	26	53	partial("물리 대상의 식별·연결·속도 일부를 확인하지 못했습니다")	knownPhysical			309880.23467781575	2038.685754459314	false	representativeRX=-1.0;representativeTX=-1.0
interface	2026-10-03T03:49:37.408Z	965102.6673867084	download-recovery	Instant(_value: 3040505.858076125 seconds)	0	2	53	0	26	53	tunnel	gif0#2#nil#1	0	0	0.0	0.0	nil	route tunnel link type=55
interface	2026-10-03T03:49:37.408Z	965102.6673867084	download-recovery	Instant(_value: 3040505.858076125 seconds)	0	2	53	0	26	53	tunnel	stf0#3#nil#2	0	0	0.0	0.0	nil	route tunnel link type=57
interface	2026-10-03T03:49:37.408Z	965102.6673867084	download-recovery	Instant(_value: 3040505.858076125 seconds)	0	2	53	0	26	53	virtual	anpi1#4#4294970237#3	0	0	0.0	0.0	Optional(false)	private auxiliary network interface AppleUSBDeviceNCMPrivateEthernetInterface/AppleUSBDeviceNCMData/IOUSBDeviceInterface/AppleT8122USBXDCI/AppleARMIODevice/AppleH15IO/IOPlatformDevice/AppleARMPE/IOPlatformExpertDevice/IORegistryEntry
interface	2026-10-03T03:49:37.408Z	965102.6673867084	download-recovery	Instant(_value: 3040505.858076125 seconds)	0	2	53	0	26	53	virtual	anpi2#5#4294970293#4	0	0	0.0	0.0	Optional(false)	private auxiliary network interface AppleUSBDeviceNCMPrivateEthernetInterface/AppleUSBDeviceNCMData/IOUSBDeviceInterface/AppleT8122USBXDCI/AppleARMIODevice/AppleH15IO/IOPlatformDevice/AppleARMPE/IOPlatformExpertDevice/IORegistryEntry
interface	2026-10-03T03:49:37.408Z	965102.6673867084	download-recovery	Instant(_value: 3040505.858076125 seconds)	0	2	53	0	26	53	virtual	anpi0#6#4294970305#5	0	0	0.0	0.0	Optional(false)	private auxiliary network interface AppleUSBDeviceNCMPrivateEthernetInterface/AppleUSBDeviceNCMData/IOUSBDeviceInterface/AppleT8122USBXDCI/AppleARMIODevice/AppleH15IO/IOPlatformDevice/AppleARMPE/IOPlatformExpertDevice/IORegistryEntry
interface	2026-10-03T03:49:37.408Z	965102.6673867084	download-recovery	Instant(_value: 3040505.858076125 seconds)	0	2	53	0	26	53	physicalEthernet	en4#7#4294970257#6	0	0	0.0	0.0	Optional(false)	SC Ethernet; hardware provider IOEthernetInterface/AppleUSBDeviceNCMData/IOUSBDeviceInterface/AppleT8122USBXDCI/AppleARMIODevice/AppleH15IO/IOPlatformDevice/AppleARMPE/IOPlatformExpertDevice/IORegistryEntry
interface	2026-10-03T03:49:37.408Z	965102.6673867084	download-recovery	Instant(_value: 3040505.858076125 seconds)	0	2	53	0	26	53	physicalEthernet	en5#8#4294970175#7	0	0	0.0	0.0	Optional(false)	SC Ethernet; hardware provider IOEthernetInterface/AppleUSBDeviceNCMData/IOUSBDeviceInterface/AppleT8122USBXDCI/AppleARMIODevice/AppleH15IO/IOPlatformDevice/AppleARMPE/IOPlatformExpertDevice/IORegistryEntry
interface	2026-10-03T03:49:37.408Z	965102.6673867084	download-recovery	Instant(_value: 3040505.858076125 seconds)	0	2	53	0	26	53	physicalEthernet	en6#9#4294970236#8	0	0	0.0	0.0	Optional(false)	SC Ethernet; hardware provider IOEthernetInterface/AppleUSBDeviceNCMData/IOUSBDeviceInterface/AppleT8122USBXDCI/AppleARMIODevice/AppleH15IO/IOPlatformDevice/AppleARMPE/IOPlatformExpertDevice/IORegistryEntry
interface	2026-10-03T03:49:37.408Z	965102.6673867084	download-recovery	Instant(_value: 3040505.858076125 seconds)	0	2	53	0	26	53	physicalEthernet	en1#10#4294970312#9	0	0	0.0	0.0	Optional(false)	SC Ethernet; hardware provider IOEthernetInterface/AppleThunderboltIPPort/AppleThunderboltIPService/IOThunderboltLocalNode/IOThunderboltControllerType5/AppleThunderboltNHIType5/AppleThunderboltHALType5/AppleARMIODevice/AppleH15IO/IOPlatformDevice/AppleARMPE/IOPlatformExpertDevice/IORegistryEntry
interface	2026-10-03T03:49:37.408Z	965102.6673867084	download-recovery	Instant(_value: 3040505.858076125 seconds)	0	2	53	0	26	53	physicalEthernet	en2#11#4294970264#10	0	0	0.0	0.0	Optional(false)	SC Ethernet; hardware provider IOEthernetInterface/AppleThunderboltIPPort/AppleThunderboltIPService/IOThunderboltLocalNode/IOThunderboltControllerType5/AppleThunderboltNHIType5/AppleThunderboltHALType5/AppleARMIODevice/AppleH15IO/IOPlatformDevice/AppleARMPE/IOPlatformExpertDevice/IORegistryEntry
interface	2026-10-03T03:49:37.408Z	965102.6673867084	download-recovery	Instant(_value: 3040505.858076125 seconds)	0	2	53	0	26	53	physicalEthernet	en3#12#4294970379#11	0	0	0.0	0.0	Optional(false)	SC Ethernet; hardware provider IOEthernetInterface/AppleThunderboltIPPort/AppleThunderboltIPService/IOThunderboltLocalNode/IOThunderboltControllerType5/AppleThunderboltNHIType5/AppleThunderboltHALType5/AppleARMIODevice/AppleH15IO/IOPlatformDevice/AppleARMPE/IOPlatformExpertDevice/IORegistryEntry
interface	2026-10-03T03:49:37.408Z	965102.6673867084	download-recovery	Instant(_value: 3040505.858076125 seconds)	0	2	53	0	26	53	logical	bridge0#15#nil#12	0	0	0.0	0.0	Optional(false)	route link type=209
interface	2026-10-03T03:49:37.408Z	965102.6673867084	download-recovery	Instant(_value: 3040505.858076125 seconds)	0	2	53	0	26	53	unknown	ap1#13#nil#13	0	0	0.0	0.0	nil	IORegistry provider unavailable; SC type=
interface	2026-10-03T03:49:37.408Z	965102.6673867084	download-recovery	Instant(_value: 3040505.858076125 seconds)	0	2	53	0	26	53	physicalWiFi	en0#14#4294971925#14	3197391872	2000024576	309880.23467781575	2038.685754459314	Optional(true)	SC Wi-Fi; hardware provider IOSkywalkLegacyEthernetInterface/IO80211Controller/IOUserNetworkWLAN/IOUserService/IOUserService/IOPCIDevice/ApplePCIEHostBridge/IOPCIDevice/AppleT6031PCIe/AppleARMIODevice/AppleH15IO/IOPlatformDevice/AppleARMPE/IOPlatformExpertDevice/IORegistryEntry
interface	2026-10-03T03:49:37.408Z	965102.6673867084	download-recovery	Instant(_value: 3040505.858076125 seconds)	0	2	53	0	26	53	virtual	awdl0#16#nil#15	8599552	8556544	0.0	0.0	Optional(true)	SIOCGIFFUNCTIONALTYPE=4
interface	2026-10-03T03:49:37.408Z	965102.6673867084	download-recovery	Instant(_value: 3040505.858076125 seconds)	0	2	53	0	26	53	unknown	llw0#17#nil#16	0	0	0.0	0.0	nil	IORegistry provider unavailable; SC type=
interface	2026-10-03T03:49:37.408Z	965102.6673867084	download-recovery	Instant(_value: 3040505.858076125 seconds)	0	2	53	0	26	53	tunnel	utun0#18#nil#17	0	0	0.0	0.0	nil	tunnel name; VPN service unconfirmed
interface	2026-10-03T03:49:37.408Z	965102.6673867084	download-recovery	Instant(_value: 3040505.858076125 seconds)	0	2	53	0	26	53	tunnel	utun1#19#nil#18	0	8192	0.0	0.0	nil	tunnel name; VPN service unconfirmed
interface	2026-10-03T03:49:37.408Z	965102.6673867084	download-recovery	Instant(_value: 3040505.858076125 seconds)	0	2	53	0	26	53	tunnel	utun2#20#nil#19	0	8192	0.0	0.0	nil	tunnel name; VPN service unconfirmed
interface	2026-10-03T03:49:37.408Z	965102.6673867084	download-recovery	Instant(_value: 3040505.858076125 seconds)	0	2	53	0	26	53	tunnel	utun3#21#nil#20	0	8192	0.0	0.0	nil	tunnel name; VPN service unconfirmed
interface	2026-10-03T03:49:37.408Z	965102.6673867084	download-recovery	Instant(_value: 3040505.858076125 seconds)	0	2	53	0	26	53	tunnel	utun4#24#nil#21	9216	4096	0.0	0.0	nil	tunnel name; VPN service unconfirmed
interface	2026-10-03T03:49:37.408Z	965102.6673867084	download-recovery	Instant(_value: 3040505.858076125 seconds)	0	2	53	0	26	53	tunnel	utun5#25#nil#22	166912	143360	0.0	0.0	nil	tunnel name; VPN service unconfirmed
interface	2026-10-03T03:49:37.408Z	965102.6673867084	download-recovery	Instant(_value: 3040505.858076125 seconds)	0	2	53	0	26	53	tunnel	utun6#26#nil#23	0	8192	0.0	0.0	nil	tunnel name; VPN service unconfirmed
interface	2026-10-03T03:49:37.408Z	965102.6673867084	download-recovery	Instant(_value: 3040505.858076125 seconds)	0	2	53	0	26	53	tunnel	utun7#27#nil#24	0	8192	0.0	0.0	nil	tunnel name; VPN service unconfirmed
interface	2026-10-03T03:49:37.408Z	965102.6673867084	download-recovery	Instant(_value: 3040505.858076125 seconds)	0	2	53	0	26	53	virtual	vmenet0#22#4295372070#25	5120	1833984	0.0	0.0	Optional(true)	virtual provider IOUserEthernetInterface/IOUserEthernetController/IOUserEthernetResourceUserClient/IOUserEthernetResource/IOResources/IOPlatformExpertDevice/IORegistryEntry
interface	2026-10-03T03:49:37.408Z	965102.6673867084	download-recovery	Instant(_value: 3040505.858076125 seconds)	0	2	53	0	26	53	logical	bridge100#23#nil#26	0	3668992	0.0	0.0	Optional(true)	route link type=209
delivery	2026-10-03T03:49:37.408Z	965102.6673867084	download-recovery	Instant(_value: 3040505.858076125 seconds)	0	2	53	0	26	53	delivered	networkActivity						sameReadAt=true
card	2026-10-03T03:49:37.408Z	965102.6673867084	download-recovery	Optional(Swift.ContinuousClock.Instant(_value: 3040505.858076125 seconds))					26		partial("물리 대상의 식별·연결·속도 일부를 확인하지 못했습니다")	NetworkCard			309880.23467781575	2038.685754459314	true	Network 카드, 일부 수집 실패: 물리 대상의 식별·연결·속도 일부를 확인하지 못했습니다, 확인된 일부 합계 다운로드 302.6 KB/s, 업로드 2.0 KB/s, 일부 수집 실패: 대상 identity 또는 물리 정보 일부 미확인
sample	2026-10-03T03:49:38.457Z	965103.7163832501	download-recovery	Instant(_value: 3040506.8185428334 seconds)	0	2	54	0	26	54	partial("물리 대상의 식별·연결·속도 일부를 확인하지 못했습니다")	knownPhysical			377416.51738750323	13859.928604625826	false	representativeRX=-1.0;representativeTX=-1.0
interface	2026-10-03T03:49:38.457Z	965103.7163832501	download-recovery	Instant(_value: 3040506.8185428334 seconds)	0	2	54	0	26	54	tunnel	gif0#2#nil#1	0	0	0.0	0.0	nil	route tunnel link type=55
interface	2026-10-03T03:49:38.457Z	965103.7163832501	download-recovery	Instant(_value: 3040506.8185428334 seconds)	0	2	54	0	26	54	tunnel	stf0#3#nil#2	0	0	0.0	0.0	nil	route tunnel link type=57
interface	2026-10-03T03:49:38.457Z	965103.7163832501	download-recovery	Instant(_value: 3040506.8185428334 seconds)	0	2	54	0	26	54	virtual	anpi1#4#4294970237#3	0	0	0.0	0.0	Optional(false)	private auxiliary network interface AppleUSBDeviceNCMPrivateEthernetInterface/AppleUSBDeviceNCMData/IOUSBDeviceInterface/AppleT8122USBXDCI/AppleARMIODevice/AppleH15IO/IOPlatformDevice/AppleARMPE/IOPlatformExpertDevice/IORegistryEntry
interface	2026-10-03T03:49:38.457Z	965103.7163832501	download-recovery	Instant(_value: 3040506.8185428334 seconds)	0	2	54	0	26	54	virtual	anpi2#5#4294970293#4	0	0	0.0	0.0	Optional(false)	private auxiliary network interface AppleUSBDeviceNCMPrivateEthernetInterface/AppleUSBDeviceNCMData/IOUSBDeviceInterface/AppleT8122USBXDCI/AppleARMIODevice/AppleH15IO/IOPlatformDevice/AppleARMPE/IOPlatformExpertDevice/IORegistryEntry
interface	2026-10-03T03:49:38.457Z	965103.7163832501	download-recovery	Instant(_value: 3040506.8185428334 seconds)	0	2	54	0	26	54	virtual	anpi0#6#4294970305#5	0	0	0.0	0.0	Optional(false)	private auxiliary network interface AppleUSBDeviceNCMPrivateEthernetInterface/AppleUSBDeviceNCMData/IOUSBDeviceInterface/AppleT8122USBXDCI/AppleARMIODevice/AppleH15IO/IOPlatformDevice/AppleARMPE/IOPlatformExpertDevice/IORegistryEntry
interface	2026-10-03T03:49:38.457Z	965103.7163832501	download-recovery	Instant(_value: 3040506.8185428334 seconds)	0	2	54	0	26	54	physicalEthernet	en4#7#4294970257#6	0	0	0.0	0.0	Optional(false)	SC Ethernet; hardware provider IOEthernetInterface/AppleUSBDeviceNCMData/IOUSBDeviceInterface/AppleT8122USBXDCI/AppleARMIODevice/AppleH15IO/IOPlatformDevice/AppleARMPE/IOPlatformExpertDevice/IORegistryEntry
interface	2026-10-03T03:49:38.457Z	965103.7163832501	download-recovery	Instant(_value: 3040506.8185428334 seconds)	0	2	54	0	26	54	physicalEthernet	en5#8#4294970175#7	0	0	0.0	0.0	Optional(false)	SC Ethernet; hardware provider IOEthernetInterface/AppleUSBDeviceNCMData/IOUSBDeviceInterface/AppleT8122USBXDCI/AppleARMIODevice/AppleH15IO/IOPlatformDevice/AppleARMPE/IOPlatformExpertDevice/IORegistryEntry
interface	2026-10-03T03:49:38.457Z	965103.7163832501	download-recovery	Instant(_value: 3040506.8185428334 seconds)	0	2	54	0	26	54	physicalEthernet	en6#9#4294970236#8	0	0	0.0	0.0	Optional(false)	SC Ethernet; hardware provider IOEthernetInterface/AppleUSBDeviceNCMData/IOUSBDeviceInterface/AppleT8122USBXDCI/AppleARMIODevice/AppleH15IO/IOPlatformDevice/AppleARMPE/IOPlatformExpertDevice/IORegistryEntry
interface	2026-10-03T03:49:38.457Z	965103.7163832501	download-recovery	Instant(_value: 3040506.8185428334 seconds)	0	2	54	0	26	54	physicalEthernet	en1#10#4294970312#9	0	0	0.0	0.0	Optional(false)	SC Ethernet; hardware provider IOEthernetInterface/AppleThunderboltIPPort/AppleThunderboltIPService/IOThunderboltLocalNode/IOThunderboltControllerType5/AppleThunderboltNHIType5/AppleThunderboltHALType5/AppleARMIODevice/AppleH15IO/IOPlatformDevice/AppleARMPE/IOPlatformExpertDevice/IORegistryEntry
interface	2026-10-03T03:49:38.457Z	965103.7163832501	download-recovery	Instant(_value: 3040506.8185428334 seconds)	0	2	54	0	26	54	physicalEthernet	en2#11#4294970264#10	0	0	0.0	0.0	Optional(false)	SC Ethernet; hardware provider IOEthernetInterface/AppleThunderboltIPPort/AppleThunderboltIPService/IOThunderboltLocalNode/IOThunderboltControllerType5/AppleThunderboltNHIType5/AppleThunderboltHALType5/AppleARMIODevice/AppleH15IO/IOPlatformDevice/AppleARMPE/IOPlatformExpertDevice/IORegistryEntry
interface	2026-10-03T03:49:38.457Z	965103.7163832501	download-recovery	Instant(_value: 3040506.8185428334 seconds)	0	2	54	0	26	54	physicalEthernet	en3#12#4294970379#11	0	0	0.0	0.0	Optional(false)	SC Ethernet; hardware provider IOEthernetInterface/AppleThunderboltIPPort/AppleThunderboltIPService/IOThunderboltLocalNode/IOThunderboltControllerType5/AppleThunderboltNHIType5/AppleThunderboltHALType5/AppleARMIODevice/AppleH15IO/IOPlatformDevice/AppleARMPE/IOPlatformExpertDevice/IORegistryEntry
interface	2026-10-03T03:49:38.457Z	965103.7163832501	download-recovery	Instant(_value: 3040506.8185428334 seconds)	0	2	54	0	26	54	logical	bridge0#15#nil#12	0	0	0.0	0.0	Optional(false)	route link type=209
interface	2026-10-03T03:49:38.457Z	965103.7163832501	download-recovery	Instant(_value: 3040506.8185428334 seconds)	0	2	54	0	26	54	unknown	ap1#13#nil#13	0	0	0.0	0.0	nil	IORegistry provider unavailable; SC type=
interface	2026-10-03T03:49:38.457Z	965103.7163832501	download-recovery	Instant(_value: 3040506.8185428334 seconds)	0	2	54	0	26	54	physicalWiFi	en0#14#4294971925#14	3197754368	2000037888	377416.51738750323	13859.928604625826	Optional(true)	SC Wi-Fi; hardware provider IOSkywalkLegacyEthernetInterface/IO80211Controller/IOUserNetworkWLAN/IOUserService/IOUserService/IOPCIDevice/ApplePCIEHostBridge/IOPCIDevice/AppleT6031PCIe/AppleARMIODevice/AppleH15IO/IOPlatformDevice/AppleARMPE/IOPlatformExpertDevice/IORegistryEntry
interface	2026-10-03T03:49:38.457Z	965103.7163832501	download-recovery	Instant(_value: 3040506.8185428334 seconds)	0	2	54	0	26	54	virtual	awdl0#16#nil#15	8599552	8556544	0.0	0.0	Optional(true)	SIOCGIFFUNCTIONALTYPE=4
interface	2026-10-03T03:49:38.457Z	965103.7163832501	download-recovery	Instant(_value: 3040506.8185428334 seconds)	0	2	54	0	26	54	unknown	llw0#17#nil#16	0	0	0.0	0.0	nil	IORegistry provider unavailable; SC type=
interface	2026-10-03T03:49:38.457Z	965103.7163832501	download-recovery	Instant(_value: 3040506.8185428334 seconds)	0	2	54	0	26	54	tunnel	utun0#18#nil#17	0	0	0.0	0.0	nil	tunnel name; VPN service unconfirmed
interface	2026-10-03T03:49:38.457Z	965103.7163832501	download-recovery	Instant(_value: 3040506.8185428334 seconds)	0	2	54	0	26	54	tunnel	utun1#19#nil#18	0	8192	0.0	0.0	nil	tunnel name; VPN service unconfirmed
interface	2026-10-03T03:49:38.457Z	965103.7163832501	download-recovery	Instant(_value: 3040506.8185428334 seconds)	0	2	54	0	26	54	tunnel	utun2#20#nil#19	0	8192	0.0	0.0	nil	tunnel name; VPN service unconfirmed
interface	2026-10-03T03:49:38.457Z	965103.7163832501	download-recovery	Instant(_value: 3040506.8185428334 seconds)	0	2	54	0	26	54	tunnel	utun3#21#nil#20	0	8192	0.0	0.0	nil	tunnel name; VPN service unconfirmed
interface	2026-10-03T03:49:38.457Z	965103.7163832501	download-recovery	Instant(_value: 3040506.8185428334 seconds)	0	2	54	0	26	54	tunnel	utun4#24#nil#21	9216	4096	0.0	0.0	nil	tunnel name; VPN service unconfirmed
interface	2026-10-03T03:49:38.457Z	965103.7163832501	download-recovery	Instant(_value: 3040506.8185428334 seconds)	0	2	54	0	26	54	tunnel	utun5#25#nil#22	166912	143360	0.0	0.0	nil	tunnel name; VPN service unconfirmed
interface	2026-10-03T03:49:38.457Z	965103.7163832501	download-recovery	Instant(_value: 3040506.8185428334 seconds)	0	2	54	0	26	54	tunnel	utun6#26#nil#23	0	8192	0.0	0.0	nil	tunnel name; VPN service unconfirmed
interface	2026-10-03T03:49:38.457Z	965103.7163832501	download-recovery	Instant(_value: 3040506.8185428334 seconds)	0	2	54	0	26	54	tunnel	utun7#27#nil#24	0	8192	0.0	0.0	nil	tunnel name; VPN service unconfirmed
interface	2026-10-03T03:49:38.457Z	965103.7163832501	download-recovery	Instant(_value: 3040506.8185428334 seconds)	0	2	54	0	26	54	virtual	vmenet0#22#4295372070#25	5120	1833984	0.0	0.0	Optional(true)	virtual provider IOUserEthernetInterface/IOUserEthernetController/IOUserEthernetResourceUserClient/IOUserEthernetResource/IOResources/IOPlatformExpertDevice/IORegistryEntry
interface	2026-10-03T03:49:38.457Z	965103.7163832501	download-recovery	Instant(_value: 3040506.8185428334 seconds)	0	2	54	0	26	54	logical	bridge100#23#nil#26	0	3668992	0.0	0.0	Optional(true)	route link type=209
delivery	2026-10-03T03:49:38.457Z	965103.7163832501	download-recovery	Instant(_value: 3040506.8185428334 seconds)	0	2	54	0	26	54	delivered	networkActivity						sameReadAt=true
card	2026-10-03T03:49:38.457Z	965103.7163832501	download-recovery	Optional(Swift.ContinuousClock.Instant(_value: 3040506.8185428334 seconds))					26		partial("물리 대상의 식별·연결·속도 일부를 확인하지 못했습니다")	NetworkCard			377416.51738750323	13859.928604625826	true	Network 카드, 일부 수집 실패: 물리 대상의 식별·연결·속도 일부를 확인하지 못했습니다, 확인된 일부 합계 다운로드 368.6 KB/s, 업로드 13.5 KB/s, 일부 수집 실패: 대상 identity 또는 물리 정보 일부 미확인
sample	2026-10-03T03:49:39.507Z	965104.7666185001	download-recovery	Instant(_value: 3040507.8684026254 seconds)	0	2	55	0	26	55	partial("물리 대상의 식별·연결·속도 일부를 확인하지 못했습니다")	knownPhysical			314068.6046961212	975.3683375655938	false	representativeRX=-1.0;representativeTX=-1.0
interface	2026-10-03T03:49:39.507Z	965104.7666185001	download-recovery	Instant(_value: 3040507.8684026254 seconds)	0	2	55	0	26	55	tunnel	gif0#2#nil#1	0	0	0.0	0.0	nil	route tunnel link type=55
interface	2026-10-03T03:49:39.507Z	965104.7666185001	download-recovery	Instant(_value: 3040507.8684026254 seconds)	0	2	55	0	26	55	tunnel	stf0#3#nil#2	0	0	0.0	0.0	nil	route tunnel link type=57
interface	2026-10-03T03:49:39.507Z	965104.7666185001	download-recovery	Instant(_value: 3040507.8684026254 seconds)	0	2	55	0	26	55	virtual	anpi1#4#4294970237#3	0	0	0.0	0.0	Optional(false)	private auxiliary network interface AppleUSBDeviceNCMPrivateEthernetInterface/AppleUSBDeviceNCMData/IOUSBDeviceInterface/AppleT8122USBXDCI/AppleARMIODevice/AppleH15IO/IOPlatformDevice/AppleARMPE/IOPlatformExpertDevice/IORegistryEntry
interface	2026-10-03T03:49:39.507Z	965104.7666185001	download-recovery	Instant(_value: 3040507.8684026254 seconds)	0	2	55	0	26	55	virtual	anpi2#5#4294970293#4	0	0	0.0	0.0	Optional(false)	private auxiliary network interface AppleUSBDeviceNCMPrivateEthernetInterface/AppleUSBDeviceNCMData/IOUSBDeviceInterface/AppleT8122USBXDCI/AppleARMIODevice/AppleH15IO/IOPlatformDevice/AppleARMPE/IOPlatformExpertDevice/IORegistryEntry
interface	2026-10-03T03:49:39.507Z	965104.7666185001	download-recovery	Instant(_value: 3040507.8684026254 seconds)	0	2	55	0	26	55	virtual	anpi0#6#4294970305#5	0	0	0.0	0.0	Optional(false)	private auxiliary network interface AppleUSBDeviceNCMPrivateEthernetInterface/AppleUSBDeviceNCMData/IOUSBDeviceInterface/AppleT8122USBXDCI/AppleARMIODevice/AppleH15IO/IOPlatformDevice/AppleARMPE/IOPlatformExpertDevice/IORegistryEntry
interface	2026-10-03T03:49:39.507Z	965104.7666185001	download-recovery	Instant(_value: 3040507.8684026254 seconds)	0	2	55	0	26	55	physicalEthernet	en4#7#4294970257#6	0	0	0.0	0.0	Optional(false)	SC Ethernet; hardware provider IOEthernetInterface/AppleUSBDeviceNCMData/IOUSBDeviceInterface/AppleT8122USBXDCI/AppleARMIODevice/AppleH15IO/IOPlatformDevice/AppleARMPE/IOPlatformExpertDevice/IORegistryEntry
interface	2026-10-03T03:49:39.507Z	965104.7666185001	download-recovery	Instant(_value: 3040507.8684026254 seconds)	0	2	55	0	26	55	physicalEthernet	en5#8#4294970175#7	0	0	0.0	0.0	Optional(false)	SC Ethernet; hardware provider IOEthernetInterface/AppleUSBDeviceNCMData/IOUSBDeviceInterface/AppleT8122USBXDCI/AppleARMIODevice/AppleH15IO/IOPlatformDevice/AppleARMPE/IOPlatformExpertDevice/IORegistryEntry
interface	2026-10-03T03:49:39.507Z	965104.7666185001	download-recovery	Instant(_value: 3040507.8684026254 seconds)	0	2	55	0	26	55	physicalEthernet	en6#9#4294970236#8	0	0	0.0	0.0	Optional(false)	SC Ethernet; hardware provider IOEthernetInterface/AppleUSBDeviceNCMData/IOUSBDeviceInterface/AppleT8122USBXDCI/AppleARMIODevice/AppleH15IO/IOPlatformDevice/AppleARMPE/IOPlatformExpertDevice/IORegistryEntry
interface	2026-10-03T03:49:39.507Z	965104.7666185001	download-recovery	Instant(_value: 3040507.8684026254 seconds)	0	2	55	0	26	55	physicalEthernet	en1#10#4294970312#9	0	0	0.0	0.0	Optional(false)	SC Ethernet; hardware provider IOEthernetInterface/AppleThunderboltIPPort/AppleThunderboltIPService/IOThunderboltLocalNode/IOThunderboltControllerType5/AppleThunderboltNHIType5/AppleThunderboltHALType5/AppleARMIODevice/AppleH15IO/IOPlatformDevice/AppleARMPE/IOPlatformExpertDevice/IORegistryEntry
interface	2026-10-03T03:49:39.507Z	965104.7666185001	download-recovery	Instant(_value: 3040507.8684026254 seconds)	0	2	55	0	26	55	physicalEthernet	en2#11#4294970264#10	0	0	0.0	0.0	Optional(false)	SC Ethernet; hardware provider IOEthernetInterface/AppleThunderboltIPPort/AppleThunderboltIPService/IOThunderboltLocalNode/IOThunderboltControllerType5/AppleThunderboltNHIType5/AppleThunderboltHALType5/AppleARMIODevice/AppleH15IO/IOPlatformDevice/AppleARMPE/IOPlatformExpertDevice/IORegistryEntry
interface	2026-10-03T03:49:39.507Z	965104.7666185001	download-recovery	Instant(_value: 3040507.8684026254 seconds)	0	2	55	0	26	55	physicalEthernet	en3#12#4294970379#11	0	0	0.0	0.0	Optional(false)	SC Ethernet; hardware provider IOEthernetInterface/AppleThunderboltIPPort/AppleThunderboltIPService/IOThunderboltLocalNode/IOThunderboltControllerType5/AppleThunderboltNHIType5/AppleThunderboltHALType5/AppleARMIODevice/AppleH15IO/IOPlatformDevice/AppleARMPE/IOPlatformExpertDevice/IORegistryEntry
interface	2026-10-03T03:49:39.507Z	965104.7666185001	download-recovery	Instant(_value: 3040507.8684026254 seconds)	0	2	55	0	26	55	logical	bridge0#15#nil#12	0	0	0.0	0.0	Optional(false)	route link type=209
interface	2026-10-03T03:49:39.507Z	965104.7666185001	download-recovery	Instant(_value: 3040507.8684026254 seconds)	0	2	55	0	26	55	unknown	ap1#13#nil#13	0	0	0.0	0.0	nil	IORegistry provider unavailable; SC type=
interface	2026-10-03T03:49:39.507Z	965104.7666185001	download-recovery	Instant(_value: 3040507.8684026254 seconds)	0	2	55	0	26	55	physicalWiFi	en0#14#4294971925#14	3198084096	2000038912	314068.6046961212	975.3683375655938	Optional(true)	SC Wi-Fi; hardware provider IOSkywalkLegacyEthernetInterface/IO80211Controller/IOUserNetworkWLAN/IOUserService/IOUserService/IOPCIDevice/ApplePCIEHostBridge/IOPCIDevice/AppleT6031PCIe/AppleARMIODevice/AppleH15IO/IOPlatformDevice/AppleARMPE/IOPlatformExpertDevice/IORegistryEntry
interface	2026-10-03T03:49:39.507Z	965104.7666185001	download-recovery	Instant(_value: 3040507.8684026254 seconds)	0	2	55	0	26	55	virtual	awdl0#16#nil#15	8599552	8556544	0.0	0.0	Optional(true)	SIOCGIFFUNCTIONALTYPE=4
interface	2026-10-03T03:49:39.507Z	965104.7666185001	download-recovery	Instant(_value: 3040507.8684026254 seconds)	0	2	55	0	26	55	unknown	llw0#17#nil#16	0	0	0.0	0.0	nil	IORegistry provider unavailable; SC type=
interface	2026-10-03T03:49:39.507Z	965104.7666185001	download-recovery	Instant(_value: 3040507.8684026254 seconds)	0	2	55	0	26	55	tunnel	utun0#18#nil#17	0	0	0.0	0.0	nil	tunnel name; VPN service unconfirmed
interface	2026-10-03T03:49:39.507Z	965104.7666185001	download-recovery	Instant(_value: 3040507.8684026254 seconds)	0	2	55	0	26	55	tunnel	utun1#19#nil#18	0	8192	0.0	0.0	nil	tunnel name; VPN service unconfirmed
interface	2026-10-03T03:49:39.507Z	965104.7666185001	download-recovery	Instant(_value: 3040507.8684026254 seconds)	0	2	55	0	26	55	tunnel	utun2#20#nil#19	0	8192	0.0	0.0	nil	tunnel name; VPN service unconfirmed
interface	2026-10-03T03:49:39.507Z	965104.7666185001	download-recovery	Instant(_value: 3040507.8684026254 seconds)	0	2	55	0	26	55	tunnel	utun3#21#nil#20	0	8192	0.0	0.0	nil	tunnel name; VPN service unconfirmed
interface	2026-10-03T03:49:39.507Z	965104.7666185001	download-recovery	Instant(_value: 3040507.8684026254 seconds)	0	2	55	0	26	55	tunnel	utun4#24#nil#21	9216	4096	0.0	0.0	nil	tunnel name; VPN service unconfirmed
interface	2026-10-03T03:49:39.507Z	965104.7666185001	download-recovery	Instant(_value: 3040507.8684026254 seconds)	0	2	55	0	26	55	tunnel	utun5#25#nil#22	166912	143360	0.0	0.0	nil	tunnel name; VPN service unconfirmed
interface	2026-10-03T03:49:39.507Z	965104.7666185001	download-recovery	Instant(_value: 3040507.8684026254 seconds)	0	2	55	0	26	55	tunnel	utun6#26#nil#23	0	8192	0.0	0.0	nil	tunnel name; VPN service unconfirmed
interface	2026-10-03T03:49:39.507Z	965104.7666185001	download-recovery	Instant(_value: 3040507.8684026254 seconds)	0	2	55	0	26	55	tunnel	utun7#27#nil#24	0	8192	0.0	0.0	nil	tunnel name; VPN service unconfirmed
interface	2026-10-03T03:49:39.507Z	965104.7666185001	download-recovery	Instant(_value: 3040507.8684026254 seconds)	0	2	55	0	26	55	virtual	vmenet0#22#4295372070#25	5120	1833984	0.0	0.0	Optional(true)	virtual provider IOUserEthernetInterface/IOUserEthernetController/IOUserEthernetResourceUserClient/IOUserEthernetResource/IOResources/IOPlatformExpertDevice/IORegistryEntry
interface	2026-10-03T03:49:39.507Z	965104.7666185001	download-recovery	Instant(_value: 3040507.8684026254 seconds)	0	2	55	0	26	55	logical	bridge100#23#nil#26	0	3668992	0.0	0.0	Optional(true)	route link type=209
delivery	2026-10-03T03:49:39.507Z	965104.7666185001	download-recovery	Instant(_value: 3040507.8684026254 seconds)	0	2	55	0	26	55	delivered	networkActivity						sameReadAt=true
card	2026-10-03T03:49:39.507Z	965104.7666185001	download-recovery	Optional(Swift.ContinuousClock.Instant(_value: 3040507.8684026254 seconds))					26		partial("물리 대상의 식별·연결·속도 일부를 확인하지 못했습니다")	NetworkCard			314068.6046961212	975.3683375655938	true	Network 카드, 일부 수집 실패: 물리 대상의 식별·연결·속도 일부를 확인하지 못했습니다, 확인된 일부 합계 다운로드 306.7 KB/s, 업로드 975.4 B/s, 일부 수집 실패: 대상 identity 또는 물리 정보 일부 미확인
sample	2026-10-03T03:49:40.519Z	965105.7785955834	download-recovery	Instant(_value: 3040508.854918 seconds)	0	2	56	0	26	56	partial("물리 대상의 식별·연결·속도 일부를 확인하지 못했습니다")	knownPhysical			308285.1090891513	0.0	false	representativeRX=-1.0;representativeTX=-1.0
interface	2026-10-03T03:49:40.519Z	965105.7785955834	download-recovery	Instant(_value: 3040508.854918 seconds)	0	2	56	0	26	56	tunnel	gif0#2#nil#1	0	0	0.0	0.0	nil	route tunnel link type=55
interface	2026-10-03T03:49:40.519Z	965105.7785955834	download-recovery	Instant(_value: 3040508.854918 seconds)	0	2	56	0	26	56	tunnel	stf0#3#nil#2	0	0	0.0	0.0	nil	route tunnel link type=57
interface	2026-10-03T03:49:40.519Z	965105.7785955834	download-recovery	Instant(_value: 3040508.854918 seconds)	0	2	56	0	26	56	virtual	anpi1#4#4294970237#3	0	0	0.0	0.0	Optional(false)	private auxiliary network interface AppleUSBDeviceNCMPrivateEthernetInterface/AppleUSBDeviceNCMData/IOUSBDeviceInterface/AppleT8122USBXDCI/AppleARMIODevice/AppleH15IO/IOPlatformDevice/AppleARMPE/IOPlatformExpertDevice/IORegistryEntry
interface	2026-10-03T03:49:40.519Z	965105.7785955834	download-recovery	Instant(_value: 3040508.854918 seconds)	0	2	56	0	26	56	virtual	anpi2#5#4294970293#4	0	0	0.0	0.0	Optional(false)	private auxiliary network interface AppleUSBDeviceNCMPrivateEthernetInterface/AppleUSBDeviceNCMData/IOUSBDeviceInterface/AppleT8122USBXDCI/AppleARMIODevice/AppleH15IO/IOPlatformDevice/AppleARMPE/IOPlatformExpertDevice/IORegistryEntry
interface	2026-10-03T03:49:40.519Z	965105.7785955834	download-recovery	Instant(_value: 3040508.854918 seconds)	0	2	56	0	26	56	virtual	anpi0#6#4294970305#5	0	0	0.0	0.0	Optional(false)	private auxiliary network interface AppleUSBDeviceNCMPrivateEthernetInterface/AppleUSBDeviceNCMData/IOUSBDeviceInterface/AppleT8122USBXDCI/AppleARMIODevice/AppleH15IO/IOPlatformDevice/AppleARMPE/IOPlatformExpertDevice/IORegistryEntry
interface	2026-10-03T03:49:40.519Z	965105.7785955834	download-recovery	Instant(_value: 3040508.854918 seconds)	0	2	56	0	26	56	physicalEthernet	en4#7#4294970257#6	0	0	0.0	0.0	Optional(false)	SC Ethernet; hardware provider IOEthernetInterface/AppleUSBDeviceNCMData/IOUSBDeviceInterface/AppleT8122USBXDCI/AppleARMIODevice/AppleH15IO/IOPlatformDevice/AppleARMPE/IOPlatformExpertDevice/IORegistryEntry
interface	2026-10-03T03:49:40.519Z	965105.7785955834	download-recovery	Instant(_value: 3040508.854918 seconds)	0	2	56	0	26	56	physicalEthernet	en5#8#4294970175#7	0	0	0.0	0.0	Optional(false)	SC Ethernet; hardware provider IOEthernetInterface/AppleUSBDeviceNCMData/IOUSBDeviceInterface/AppleT8122USBXDCI/AppleARMIODevice/AppleH15IO/IOPlatformDevice/AppleARMPE/IOPlatformExpertDevice/IORegistryEntry
interface	2026-10-03T03:49:40.519Z	965105.7785955834	download-recovery	Instant(_value: 3040508.854918 seconds)	0	2	56	0	26	56	physicalEthernet	en6#9#4294970236#8	0	0	0.0	0.0	Optional(false)	SC Ethernet; hardware provider IOEthernetInterface/AppleUSBDeviceNCMData/IOUSBDeviceInterface/AppleT8122USBXDCI/AppleARMIODevice/AppleH15IO/IOPlatformDevice/AppleARMPE/IOPlatformExpertDevice/IORegistryEntry
interface	2026-10-03T03:49:40.519Z	965105.7785955834	download-recovery	Instant(_value: 3040508.854918 seconds)	0	2	56	0	26	56	physicalEthernet	en1#10#4294970312#9	0	0	0.0	0.0	Optional(false)	SC Ethernet; hardware provider IOEthernetInterface/AppleThunderboltIPPort/AppleThunderboltIPService/IOThunderboltLocalNode/IOThunderboltControllerType5/AppleThunderboltNHIType5/AppleThunderboltHALType5/AppleARMIODevice/AppleH15IO/IOPlatformDevice/AppleARMPE/IOPlatformExpertDevice/IORegistryEntry
interface	2026-10-03T03:49:40.519Z	965105.7785955834	download-recovery	Instant(_value: 3040508.854918 seconds)	0	2	56	0	26	56	physicalEthernet	en2#11#4294970264#10	0	0	0.0	0.0	Optional(false)	SC Ethernet; hardware provider IOEthernetInterface/AppleThunderboltIPPort/AppleThunderboltIPService/IOThunderboltLocalNode/IOThunderboltControllerType5/AppleThunderboltNHIType5/AppleThunderboltHALType5/AppleARMIODevice/AppleH15IO/IOPlatformDevice/AppleARMPE/IOPlatformExpertDevice/IORegistryEntry
interface	2026-10-03T03:49:40.519Z	965105.7785955834	download-recovery	Instant(_value: 3040508.854918 seconds)	0	2	56	0	26	56	physicalEthernet	en3#12#4294970379#11	0	0	0.0	0.0	Optional(false)	SC Ethernet; hardware provider IOEthernetInterface/AppleThunderboltIPPort/AppleThunderboltIPService/IOThunderboltLocalNode/IOThunderboltControllerType5/AppleThunderboltNHIType5/AppleThunderboltHALType5/AppleARMIODevice/AppleH15IO/IOPlatformDevice/AppleARMPE/IOPlatformExpertDevice/IORegistryEntry
interface	2026-10-03T03:49:40.519Z	965105.7785955834	download-recovery	Instant(_value: 3040508.854918 seconds)	0	2	56	0	26	56	logical	bridge0#15#nil#12	0	0	0.0	0.0	Optional(false)	route link type=209
interface	2026-10-03T03:49:40.519Z	965105.7785955834	download-recovery	Instant(_value: 3040508.854918 seconds)	0	2	56	0	26	56	unknown	ap1#13#nil#13	0	0	0.0	0.0	nil	IORegistry provider unavailable; SC type=
interface	2026-10-03T03:49:40.519Z	965105.7785955834	download-recovery	Instant(_value: 3040508.854918 seconds)	0	2	56	0	26	56	physicalWiFi	en0#14#4294971925#14	3198388224	2000038912	308285.1090891513	0.0	Optional(true)	SC Wi-Fi; hardware provider IOSkywalkLegacyEthernetInterface/IO80211Controller/IOUserNetworkWLAN/IOUserService/IOUserService/IOPCIDevice/ApplePCIEHostBridge/IOPCIDevice/AppleT6031PCIe/AppleARMIODevice/AppleH15IO/IOPlatformDevice/AppleARMPE/IOPlatformExpertDevice/IORegistryEntry
interface	2026-10-03T03:49:40.519Z	965105.7785955834	download-recovery	Instant(_value: 3040508.854918 seconds)	0	2	56	0	26	56	virtual	awdl0#16#nil#15	8599552	8556544	0.0	0.0	Optional(true)	SIOCGIFFUNCTIONALTYPE=4
interface	2026-10-03T03:49:40.519Z	965105.7785955834	download-recovery	Instant(_value: 3040508.854918 seconds)	0	2	56	0	26	56	unknown	llw0#17#nil#16	0	0	0.0	0.0	nil	IORegistry provider unavailable; SC type=
interface	2026-10-03T03:49:40.519Z	965105.7785955834	download-recovery	Instant(_value: 3040508.854918 seconds)	0	2	56	0	26	56	tunnel	utun0#18#nil#17	0	0	0.0	0.0	nil	tunnel name; VPN service unconfirmed
interface	2026-10-03T03:49:40.519Z	965105.7785955834	download-recovery	Instant(_value: 3040508.854918 seconds)	0	2	56	0	26	56	tunnel	utun1#19#nil#18	0	8192	0.0	0.0	nil	tunnel name; VPN service unconfirmed
interface	2026-10-03T03:49:40.519Z	965105.7785955834	download-recovery	Instant(_value: 3040508.854918 seconds)	0	2	56	0	26	56	tunnel	utun2#20#nil#19	0	8192	0.0	0.0	nil	tunnel name; VPN service unconfirmed
interface	2026-10-03T03:49:40.519Z	965105.7785955834	download-recovery	Instant(_value: 3040508.854918 seconds)	0	2	56	0	26	56	tunnel	utun3#21#nil#20	0	8192	0.0	0.0	nil	tunnel name; VPN service unconfirmed
interface	2026-10-03T03:49:40.519Z	965105.7785955834	download-recovery	Instant(_value: 3040508.854918 seconds)	0	2	56	0	26	56	tunnel	utun4#24#nil#21	9216	4096	0.0	0.0	nil	tunnel name; VPN service unconfirmed
interface	2026-10-03T03:49:40.519Z	965105.7785955834	download-recovery	Instant(_value: 3040508.854918 seconds)	0	2	56	0	26	56	tunnel	utun5#25#nil#22	166912	143360	0.0	0.0	nil	tunnel name; VPN service unconfirmed
interface	2026-10-03T03:49:40.519Z	965105.7785955834	download-recovery	Instant(_value: 3040508.854918 seconds)	0	2	56	0	26	56	tunnel	utun6#26#nil#23	0	8192	0.0	0.0	nil	tunnel name; VPN service unconfirmed
interface	2026-10-03T03:49:40.519Z	965105.7785955834	download-recovery	Instant(_value: 3040508.854918 seconds)	0	2	56	0	26	56	tunnel	utun7#27#nil#24	0	8192	0.0	0.0	nil	tunnel name; VPN service unconfirmed
interface	2026-10-03T03:49:40.519Z	965105.7785955834	download-recovery	Instant(_value: 3040508.854918 seconds)	0	2	56	0	26	56	virtual	vmenet0#22#4295372070#25	5120	1833984	0.0	0.0	Optional(true)	virtual provider IOUserEthernetInterface/IOUserEthernetController/IOUserEthernetResourceUserClient/IOUserEthernetResource/IOResources/IOPlatformExpertDevice/IORegistryEntry
interface	2026-10-03T03:49:40.519Z	965105.7785955834	download-recovery	Instant(_value: 3040508.854918 seconds)	0	2	56	0	26	56	logical	bridge100#23#nil#26	0	3668992	0.0	0.0	Optional(true)	route link type=209
delivery	2026-10-03T03:49:40.519Z	965105.7785955834	download-recovery	Instant(_value: 3040508.854918 seconds)	0	2	56	0	26	56	delivered	networkActivity						sameReadAt=true
card	2026-10-03T03:49:40.519Z	965105.7785955834	download-recovery	Optional(Swift.ContinuousClock.Instant(_value: 3040508.854918 seconds))					26		partial("물리 대상의 식별·연결·속도 일부를 확인하지 못했습니다")	NetworkCard			308285.1090891513	0.0	true	Network 카드, 일부 수집 실패: 물리 대상의 식별·연결·속도 일부를 확인하지 못했습니다, 확인된 일부 합계 다운로드 301.1 KB/s, 업로드 0.0 B/s, 일부 수집 실패: 대상 identity 또는 물리 정보 일부 미확인
sample	2026-10-03T03:49:41.631Z	965106.8910252918	download-recovery	Instant(_value: 3040509.84881325 seconds)	0	2	57	0	26	57	partial("물리 대상의 식별·연결·속도 일부를 확인하지 못했습니다")	knownPhysical			317329.2155284976	1030.2896608068104	false	representativeRX=-1.0;representativeTX=-1.0
interface	2026-10-03T03:49:41.631Z	965106.8910252918	download-recovery	Instant(_value: 3040509.84881325 seconds)	0	2	57	0	26	57	tunnel	gif0#2#nil#1	0	0	0.0	0.0	nil	route tunnel link type=55
interface	2026-10-03T03:49:41.631Z	965106.8910252918	download-recovery	Instant(_value: 3040509.84881325 seconds)	0	2	57	0	26	57	tunnel	stf0#3#nil#2	0	0	0.0	0.0	nil	route tunnel link type=57
interface	2026-10-03T03:49:41.631Z	965106.8910252918	download-recovery	Instant(_value: 3040509.84881325 seconds)	0	2	57	0	26	57	virtual	anpi1#4#4294970237#3	0	0	0.0	0.0	Optional(false)	private auxiliary network interface AppleUSBDeviceNCMPrivateEthernetInterface/AppleUSBDeviceNCMData/IOUSBDeviceInterface/AppleT8122USBXDCI/AppleARMIODevice/AppleH15IO/IOPlatformDevice/AppleARMPE/IOPlatformExpertDevice/IORegistryEntry
interface	2026-10-03T03:49:41.631Z	965106.8910252918	download-recovery	Instant(_value: 3040509.84881325 seconds)	0	2	57	0	26	57	virtual	anpi2#5#4294970293#4	0	0	0.0	0.0	Optional(false)	private auxiliary network interface AppleUSBDeviceNCMPrivateEthernetInterface/AppleUSBDeviceNCMData/IOUSBDeviceInterface/AppleT8122USBXDCI/AppleARMIODevice/AppleH15IO/IOPlatformDevice/AppleARMPE/IOPlatformExpertDevice/IORegistryEntry
interface	2026-10-03T03:49:41.631Z	965106.8910252918	download-recovery	Instant(_value: 3040509.84881325 seconds)	0	2	57	0	26	57	virtual	anpi0#6#4294970305#5	0	0	0.0	0.0	Optional(false)	private auxiliary network interface AppleUSBDeviceNCMPrivateEthernetInterface/AppleUSBDeviceNCMData/IOUSBDeviceInterface/AppleT8122USBXDCI/AppleARMIODevice/AppleH15IO/IOPlatformDevice/AppleARMPE/IOPlatformExpertDevice/IORegistryEntry
interface	2026-10-03T03:49:41.631Z	965106.8910252918	download-recovery	Instant(_value: 3040509.84881325 seconds)	0	2	57	0	26	57	physicalEthernet	en4#7#4294970257#6	0	0	0.0	0.0	Optional(false)	SC Ethernet; hardware provider IOEthernetInterface/AppleUSBDeviceNCMData/IOUSBDeviceInterface/AppleT8122USBXDCI/AppleARMIODevice/AppleH15IO/IOPlatformDevice/AppleARMPE/IOPlatformExpertDevice/IORegistryEntry
interface	2026-10-03T03:49:41.631Z	965106.8910252918	download-recovery	Instant(_value: 3040509.84881325 seconds)	0	2	57	0	26	57	physicalEthernet	en5#8#4294970175#7	0	0	0.0	0.0	Optional(false)	SC Ethernet; hardware provider IOEthernetInterface/AppleUSBDeviceNCMData/IOUSBDeviceInterface/AppleT8122USBXDCI/AppleARMIODevice/AppleH15IO/IOPlatformDevice/AppleARMPE/IOPlatformExpertDevice/IORegistryEntry
interface	2026-10-03T03:49:41.631Z	965106.8910252918	download-recovery	Instant(_value: 3040509.84881325 seconds)	0	2	57	0	26	57	physicalEthernet	en6#9#4294970236#8	0	0	0.0	0.0	Optional(false)	SC Ethernet; hardware provider IOEthernetInterface/AppleUSBDeviceNCMData/IOUSBDeviceInterface/AppleT8122USBXDCI/AppleARMIODevice/AppleH15IO/IOPlatformDevice/AppleARMPE/IOPlatformExpertDevice/IORegistryEntry
interface	2026-10-03T03:49:41.631Z	965106.8910252918	download-recovery	Instant(_value: 3040509.84881325 seconds)	0	2	57	0	26	57	physicalEthernet	en1#10#4294970312#9	0	0	0.0	0.0	Optional(false)	SC Ethernet; hardware provider IOEthernetInterface/AppleThunderboltIPPort/AppleThunderboltIPService/IOThunderboltLocalNode/IOThunderboltControllerType5/AppleThunderboltNHIType5/AppleThunderboltHALType5/AppleARMIODevice/AppleH15IO/IOPlatformDevice/AppleARMPE/IOPlatformExpertDevice/IORegistryEntry
interface	2026-10-03T03:49:41.631Z	965106.8910252918	download-recovery	Instant(_value: 3040509.84881325 seconds)	0	2	57	0	26	57	physicalEthernet	en2#11#4294970264#10	0	0	0.0	0.0	Optional(false)	SC Ethernet; hardware provider IOEthernetInterface/AppleThunderboltIPPort/AppleThunderboltIPService/IOThunderboltLocalNode/IOThunderboltControllerType5/AppleThunderboltNHIType5/AppleThunderboltHALType5/AppleARMIODevice/AppleH15IO/IOPlatformDevice/AppleARMPE/IOPlatformExpertDevice/IORegistryEntry
interface	2026-10-03T03:49:41.631Z	965106.8910252918	download-recovery	Instant(_value: 3040509.84881325 seconds)	0	2	57	0	26	57	physicalEthernet	en3#12#4294970379#11	0	0	0.0	0.0	Optional(false)	SC Ethernet; hardware provider IOEthernetInterface/AppleThunderboltIPPort/AppleThunderboltIPService/IOThunderboltLocalNode/IOThunderboltControllerType5/AppleThunderboltNHIType5/AppleThunderboltHALType5/AppleARMIODevice/AppleH15IO/IOPlatformDevice/AppleARMPE/IOPlatformExpertDevice/IORegistryEntry
interface	2026-10-03T03:49:41.631Z	965106.8910252918	download-recovery	Instant(_value: 3040509.84881325 seconds)	0	2	57	0	26	57	logical	bridge0#15#nil#12	0	0	0.0	0.0	Optional(false)	route link type=209
interface	2026-10-03T03:49:41.631Z	965106.8910252918	download-recovery	Instant(_value: 3040509.84881325 seconds)	0	2	57	0	26	57	unknown	ap1#13#nil#13	0	0	0.0	0.0	nil	IORegistry provider unavailable; SC type=
interface	2026-10-03T03:49:41.631Z	965106.8910252918	download-recovery	Instant(_value: 3040509.84881325 seconds)	0	2	57	0	26	57	physicalWiFi	en0#14#4294971925#14	3198703616	2000039936	317329.2155284976	1030.2896608068104	Optional(true)	SC Wi-Fi; hardware provider IOSkywalkLegacyEthernetInterface/IO80211Controller/IOUserNetworkWLAN/IOUserService/IOUserService/IOPCIDevice/ApplePCIEHostBridge/IOPCIDevice/AppleT6031PCIe/AppleARMIODevice/AppleH15IO/IOPlatformDevice/AppleARMPE/IOPlatformExpertDevice/IORegistryEntry
interface	2026-10-03T03:49:41.631Z	965106.8910252918	download-recovery	Instant(_value: 3040509.84881325 seconds)	0	2	57	0	26	57	virtual	awdl0#16#nil#15	8599552	8556544	0.0	0.0	Optional(true)	SIOCGIFFUNCTIONALTYPE=4
interface	2026-10-03T03:49:41.631Z	965106.8910252918	download-recovery	Instant(_value: 3040509.84881325 seconds)	0	2	57	0	26	57	unknown	llw0#17#nil#16	0	0	0.0	0.0	nil	IORegistry provider unavailable; SC type=
interface	2026-10-03T03:49:41.631Z	965106.8910252918	download-recovery	Instant(_value: 3040509.84881325 seconds)	0	2	57	0	26	57	tunnel	utun0#18#nil#17	0	0	0.0	0.0	nil	tunnel name; VPN service unconfirmed
interface	2026-10-03T03:49:41.631Z	965106.8910252918	download-recovery	Instant(_value: 3040509.84881325 seconds)	0	2	57	0	26	57	tunnel	utun1#19#nil#18	0	8192	0.0	0.0	nil	tunnel name; VPN service unconfirmed
interface	2026-10-03T03:49:41.631Z	965106.8910252918	download-recovery	Instant(_value: 3040509.84881325 seconds)	0	2	57	0	26	57	tunnel	utun2#20#nil#19	0	8192	0.0	0.0	nil	tunnel name; VPN service unconfirmed
interface	2026-10-03T03:49:41.631Z	965106.8910252918	download-recovery	Instant(_value: 3040509.84881325 seconds)	0	2	57	0	26	57	tunnel	utun3#21#nil#20	0	8192	0.0	0.0	nil	tunnel name; VPN service unconfirmed
interface	2026-10-03T03:49:41.631Z	965106.8910252918	download-recovery	Instant(_value: 3040509.84881325 seconds)	0	2	57	0	26	57	tunnel	utun4#24#nil#21	9216	4096	0.0	0.0	nil	tunnel name; VPN service unconfirmed
interface	2026-10-03T03:49:41.631Z	965106.8910252918	download-recovery	Instant(_value: 3040509.84881325 seconds)	0	2	57	0	26	57	tunnel	utun5#25#nil#22	166912	143360	0.0	0.0	nil	tunnel name; VPN service unconfirmed
interface	2026-10-03T03:49:41.631Z	965106.8910252918	download-recovery	Instant(_value: 3040509.84881325 seconds)	0	2	57	0	26	57	tunnel	utun6#26#nil#23	0	8192	0.0	0.0	nil	tunnel name; VPN service unconfirmed
interface	2026-10-03T03:49:41.631Z	965106.8910252918	download-recovery	Instant(_value: 3040509.84881325 seconds)	0	2	57	0	26	57	tunnel	utun7#27#nil#24	0	8192	0.0	0.0	nil	tunnel name; VPN service unconfirmed
interface	2026-10-03T03:49:41.631Z	965106.8910252918	download-recovery	Instant(_value: 3040509.84881325 seconds)	0	2	57	0	26	57	virtual	vmenet0#22#4295372070#25	5120	1833984	0.0	0.0	Optional(true)	virtual provider IOUserEthernetInterface/IOUserEthernetController/IOUserEthernetResourceUserClient/IOUserEthernetResource/IOResources/IOPlatformExpertDevice/IORegistryEntry
interface	2026-10-03T03:49:41.631Z	965106.8910252918	download-recovery	Instant(_value: 3040509.84881325 seconds)	0	2	57	0	26	57	logical	bridge100#23#nil#26	0	3668992	0.0	0.0	Optional(true)	route link type=209
delivery	2026-10-03T03:49:41.631Z	965106.8910252918	download-recovery	Instant(_value: 3040509.84881325 seconds)	0	2	57	0	26	57	delivered	networkActivity						sameReadAt=true
card	2026-10-03T03:49:41.631Z	965106.8910252918	download-recovery	Optional(Swift.ContinuousClock.Instant(_value: 3040509.84881325 seconds))					26		partial("물리 대상의 식별·연결·속도 일부를 확인하지 못했습니다")	NetworkCard			317329.2155284976	1030.2896608068104	true	Network 카드, 일부 수집 실패: 물리 대상의 식별·연결·속도 일부를 확인하지 못했습니다, 확인된 일부 합계 다운로드 309.9 KB/s, 업로드 1.0 KB/s, 일부 수집 실패: 대상 identity 또는 물리 정보 일부 미확인
sample	2026-10-03T03:49:42.659Z	965107.9184086667	download-recovery	Instant(_value: 3040510.864065583 seconds)	0	2	58	0	26	58	partial("물리 대상의 식별·연결·속도 일부를 확인하지 못했습니다")	knownPhysical			315696.88596815075	0.0	false	representativeRX=-1.0;representativeTX=-1.0
interface	2026-10-03T03:49:42.659Z	965107.9184086667	download-recovery	Instant(_value: 3040510.864065583 seconds)	0	2	58	0	26	58	tunnel	gif0#2#nil#1	0	0	0.0	0.0	nil	route tunnel link type=55
interface	2026-10-03T03:49:42.659Z	965107.9184086667	download-recovery	Instant(_value: 3040510.864065583 seconds)	0	2	58	0	26	58	tunnel	stf0#3#nil#2	0	0	0.0	0.0	nil	route tunnel link type=57
interface	2026-10-03T03:49:42.659Z	965107.9184086667	download-recovery	Instant(_value: 3040510.864065583 seconds)	0	2	58	0	26	58	virtual	anpi1#4#4294970237#3	0	0	0.0	0.0	Optional(false)	private auxiliary network interface AppleUSBDeviceNCMPrivateEthernetInterface/AppleUSBDeviceNCMData/IOUSBDeviceInterface/AppleT8122USBXDCI/AppleARMIODevice/AppleH15IO/IOPlatformDevice/AppleARMPE/IOPlatformExpertDevice/IORegistryEntry
interface	2026-10-03T03:49:42.659Z	965107.9184086667	download-recovery	Instant(_value: 3040510.864065583 seconds)	0	2	58	0	26	58	virtual	anpi2#5#4294970293#4	0	0	0.0	0.0	Optional(false)	private auxiliary network interface AppleUSBDeviceNCMPrivateEthernetInterface/AppleUSBDeviceNCMData/IOUSBDeviceInterface/AppleT8122USBXDCI/AppleARMIODevice/AppleH15IO/IOPlatformDevice/AppleARMPE/IOPlatformExpertDevice/IORegistryEntry
interface	2026-10-03T03:49:42.659Z	965107.9184086667	download-recovery	Instant(_value: 3040510.864065583 seconds)	0	2	58	0	26	58	virtual	anpi0#6#4294970305#5	0	0	0.0	0.0	Optional(false)	private auxiliary network interface AppleUSBDeviceNCMPrivateEthernetInterface/AppleUSBDeviceNCMData/IOUSBDeviceInterface/AppleT8122USBXDCI/AppleARMIODevice/AppleH15IO/IOPlatformDevice/AppleARMPE/IOPlatformExpertDevice/IORegistryEntry
interface	2026-10-03T03:49:42.659Z	965107.9184086667	download-recovery	Instant(_value: 3040510.864065583 seconds)	0	2	58	0	26	58	physicalEthernet	en4#7#4294970257#6	0	0	0.0	0.0	Optional(false)	SC Ethernet; hardware provider IOEthernetInterface/AppleUSBDeviceNCMData/IOUSBDeviceInterface/AppleT8122USBXDCI/AppleARMIODevice/AppleH15IO/IOPlatformDevice/AppleARMPE/IOPlatformExpertDevice/IORegistryEntry
interface	2026-10-03T03:49:42.659Z	965107.9184086667	download-recovery	Instant(_value: 3040510.864065583 seconds)	0	2	58	0	26	58	physicalEthernet	en5#8#4294970175#7	0	0	0.0	0.0	Optional(false)	SC Ethernet; hardware provider IOEthernetInterface/AppleUSBDeviceNCMData/IOUSBDeviceInterface/AppleT8122USBXDCI/AppleARMIODevice/AppleH15IO/IOPlatformDevice/AppleARMPE/IOPlatformExpertDevice/IORegistryEntry
interface	2026-10-03T03:49:42.659Z	965107.9184086667	download-recovery	Instant(_value: 3040510.864065583 seconds)	0	2	58	0	26	58	physicalEthernet	en6#9#4294970236#8	0	0	0.0	0.0	Optional(false)	SC Ethernet; hardware provider IOEthernetInterface/AppleUSBDeviceNCMData/IOUSBDeviceInterface/AppleT8122USBXDCI/AppleARMIODevice/AppleH15IO/IOPlatformDevice/AppleARMPE/IOPlatformExpertDevice/IORegistryEntry
interface	2026-10-03T03:49:42.659Z	965107.9184086667	download-recovery	Instant(_value: 3040510.864065583 seconds)	0	2	58	0	26	58	physicalEthernet	en1#10#4294970312#9	0	0	0.0	0.0	Optional(false)	SC Ethernet; hardware provider IOEthernetInterface/AppleThunderboltIPPort/AppleThunderboltIPService/IOThunderboltLocalNode/IOThunderboltControllerType5/AppleThunderboltNHIType5/AppleThunderboltHALType5/AppleARMIODevice/AppleH15IO/IOPlatformDevice/AppleARMPE/IOPlatformExpertDevice/IORegistryEntry
interface	2026-10-03T03:49:42.659Z	965107.9184086667	download-recovery	Instant(_value: 3040510.864065583 seconds)	0	2	58	0	26	58	physicalEthernet	en2#11#4294970264#10	0	0	0.0	0.0	Optional(false)	SC Ethernet; hardware provider IOEthernetInterface/AppleThunderboltIPPort/AppleThunderboltIPService/IOThunderboltLocalNode/IOThunderboltControllerType5/AppleThunderboltNHIType5/AppleThunderboltHALType5/AppleARMIODevice/AppleH15IO/IOPlatformDevice/AppleARMPE/IOPlatformExpertDevice/IORegistryEntry
interface	2026-10-03T03:49:42.659Z	965107.9184086667	download-recovery	Instant(_value: 3040510.864065583 seconds)	0	2	58	0	26	58	physicalEthernet	en3#12#4294970379#11	0	0	0.0	0.0	Optional(false)	SC Ethernet; hardware provider IOEthernetInterface/AppleThunderboltIPPort/AppleThunderboltIPService/IOThunderboltLocalNode/IOThunderboltControllerType5/AppleThunderboltNHIType5/AppleThunderboltHALType5/AppleARMIODevice/AppleH15IO/IOPlatformDevice/AppleARMPE/IOPlatformExpertDevice/IORegistryEntry
interface	2026-10-03T03:49:42.659Z	965107.9184086667	download-recovery	Instant(_value: 3040510.864065583 seconds)	0	2	58	0	26	58	logical	bridge0#15#nil#12	0	0	0.0	0.0	Optional(false)	route link type=209
interface	2026-10-03T03:49:42.659Z	965107.9184086667	download-recovery	Instant(_value: 3040510.864065583 seconds)	0	2	58	0	26	58	unknown	ap1#13#nil#13	0	0	0.0	0.0	nil	IORegistry provider unavailable; SC type=
interface	2026-10-03T03:49:42.659Z	965107.9184086667	download-recovery	Instant(_value: 3040510.864065583 seconds)	0	2	58	0	26	58	physicalWiFi	en0#14#4294971925#14	3199024128	2000039936	315696.88596815075	0.0	Optional(true)	SC Wi-Fi; hardware provider IOSkywalkLegacyEthernetInterface/IO80211Controller/IOUserNetworkWLAN/IOUserService/IOUserService/IOPCIDevice/ApplePCIEHostBridge/IOPCIDevice/AppleT6031PCIe/AppleARMIODevice/AppleH15IO/IOPlatformDevice/AppleARMPE/IOPlatformExpertDevice/IORegistryEntry
interface	2026-10-03T03:49:42.659Z	965107.9184086667	download-recovery	Instant(_value: 3040510.864065583 seconds)	0	2	58	0	26	58	virtual	awdl0#16#nil#15	8599552	8556544	0.0	0.0	Optional(true)	SIOCGIFFUNCTIONALTYPE=4
interface	2026-10-03T03:49:42.659Z	965107.9184086667	download-recovery	Instant(_value: 3040510.864065583 seconds)	0	2	58	0	26	58	unknown	llw0#17#nil#16	0	0	0.0	0.0	nil	IORegistry provider unavailable; SC type=
interface	2026-10-03T03:49:42.659Z	965107.9184086667	download-recovery	Instant(_value: 3040510.864065583 seconds)	0	2	58	0	26	58	tunnel	utun0#18#nil#17	0	0	0.0	0.0	nil	tunnel name; VPN service unconfirmed
interface	2026-10-03T03:49:42.659Z	965107.9184086667	download-recovery	Instant(_value: 3040510.864065583 seconds)	0	2	58	0	26	58	tunnel	utun1#19#nil#18	0	8192	0.0	0.0	nil	tunnel name; VPN service unconfirmed
interface	2026-10-03T03:49:42.659Z	965107.9184086667	download-recovery	Instant(_value: 3040510.864065583 seconds)	0	2	58	0	26	58	tunnel	utun2#20#nil#19	0	8192	0.0	0.0	nil	tunnel name; VPN service unconfirmed
interface	2026-10-03T03:49:42.659Z	965107.9184086667	download-recovery	Instant(_value: 3040510.864065583 seconds)	0	2	58	0	26	58	tunnel	utun3#21#nil#20	0	8192	0.0	0.0	nil	tunnel name; VPN service unconfirmed
interface	2026-10-03T03:49:42.659Z	965107.9184086667	download-recovery	Instant(_value: 3040510.864065583 seconds)	0	2	58	0	26	58	tunnel	utun4#24#nil#21	9216	4096	0.0	0.0	nil	tunnel name; VPN service unconfirmed
interface	2026-10-03T03:49:42.659Z	965107.9184086667	download-recovery	Instant(_value: 3040510.864065583 seconds)	0	2	58	0	26	58	tunnel	utun5#25#nil#22	166912	143360	0.0	0.0	nil	tunnel name; VPN service unconfirmed
interface	2026-10-03T03:49:42.659Z	965107.9184086667	download-recovery	Instant(_value: 3040510.864065583 seconds)	0	2	58	0	26	58	tunnel	utun6#26#nil#23	0	8192	0.0	0.0	nil	tunnel name; VPN service unconfirmed
interface	2026-10-03T03:49:42.659Z	965107.9184086667	download-recovery	Instant(_value: 3040510.864065583 seconds)	0	2	58	0	26	58	tunnel	utun7#27#nil#24	0	8192	0.0	0.0	nil	tunnel name; VPN service unconfirmed
interface	2026-10-03T03:49:42.659Z	965107.9184086667	download-recovery	Instant(_value: 3040510.864065583 seconds)	0	2	58	0	26	58	virtual	vmenet0#22#4295372070#25	5120	1833984	0.0	0.0	Optional(true)	virtual provider IOUserEthernetInterface/IOUserEthernetController/IOUserEthernetResourceUserClient/IOUserEthernetResource/IOResources/IOPlatformExpertDevice/IORegistryEntry
interface	2026-10-03T03:49:42.659Z	965107.9184086667	download-recovery	Instant(_value: 3040510.864065583 seconds)	0	2	58	0	26	58	logical	bridge100#23#nil#26	0	3668992	0.0	0.0	Optional(true)	route link type=209
delivery	2026-10-03T03:49:42.659Z	965107.9184086667	download-recovery	Instant(_value: 3040510.864065583 seconds)	0	2	58	0	26	58	delivered	networkActivity						sameReadAt=true
card	2026-10-03T03:49:42.659Z	965107.9184086667	download-recovery	Optional(Swift.ContinuousClock.Instant(_value: 3040510.864065583 seconds))					26		partial("물리 대상의 식별·연결·속도 일부를 확인하지 못했습니다")	NetworkCard			315696.88596815075	0.0	true	Network 카드, 일부 수집 실패: 물리 대상의 식별·연결·속도 일부를 확인하지 못했습니다, 확인된 일부 합계 다운로드 308.3 KB/s, 업로드 0.0 B/s, 일부 수집 실패: 대상 identity 또는 물리 정보 일부 미확인
sample	2026-10-03T03:49:43.666Z	965108.9250837917	download-recovery	Instant(_value: 3040511.855379875 seconds)	0	2	59	0	26	59	partial("물리 대상의 식별·연결·속도 일부를 확인하지 못했습니다")	knownPhysical			306792.71191219747	1032.972093980463	false	representativeRX=-1.0;representativeTX=-1.0
interface	2026-10-03T03:49:43.666Z	965108.9250837917	download-recovery	Instant(_value: 3040511.855379875 seconds)	0	2	59	0	26	59	tunnel	gif0#2#nil#1	0	0	0.0	0.0	nil	route tunnel link type=55
interface	2026-10-03T03:49:43.666Z	965108.9250837917	download-recovery	Instant(_value: 3040511.855379875 seconds)	0	2	59	0	26	59	tunnel	stf0#3#nil#2	0	0	0.0	0.0	nil	route tunnel link type=57
interface	2026-10-03T03:49:43.666Z	965108.9250837917	download-recovery	Instant(_value: 3040511.855379875 seconds)	0	2	59	0	26	59	virtual	anpi1#4#4294970237#3	0	0	0.0	0.0	Optional(false)	private auxiliary network interface AppleUSBDeviceNCMPrivateEthernetInterface/AppleUSBDeviceNCMData/IOUSBDeviceInterface/AppleT8122USBXDCI/AppleARMIODevice/AppleH15IO/IOPlatformDevice/AppleARMPE/IOPlatformExpertDevice/IORegistryEntry
interface	2026-10-03T03:49:43.666Z	965108.9250837917	download-recovery	Instant(_value: 3040511.855379875 seconds)	0	2	59	0	26	59	virtual	anpi2#5#4294970293#4	0	0	0.0	0.0	Optional(false)	private auxiliary network interface AppleUSBDeviceNCMPrivateEthernetInterface/AppleUSBDeviceNCMData/IOUSBDeviceInterface/AppleT8122USBXDCI/AppleARMIODevice/AppleH15IO/IOPlatformDevice/AppleARMPE/IOPlatformExpertDevice/IORegistryEntry
interface	2026-10-03T03:49:43.666Z	965108.9250837917	download-recovery	Instant(_value: 3040511.855379875 seconds)	0	2	59	0	26	59	virtual	anpi0#6#4294970305#5	0	0	0.0	0.0	Optional(false)	private auxiliary network interface AppleUSBDeviceNCMPrivateEthernetInterface/AppleUSBDeviceNCMData/IOUSBDeviceInterface/AppleT8122USBXDCI/AppleARMIODevice/AppleH15IO/IOPlatformDevice/AppleARMPE/IOPlatformExpertDevice/IORegistryEntry
interface	2026-10-03T03:49:43.666Z	965108.9250837917	download-recovery	Instant(_value: 3040511.855379875 seconds)	0	2	59	0	26	59	physicalEthernet	en4#7#4294970257#6	0	0	0.0	0.0	Optional(false)	SC Ethernet; hardware provider IOEthernetInterface/AppleUSBDeviceNCMData/IOUSBDeviceInterface/AppleT8122USBXDCI/AppleARMIODevice/AppleH15IO/IOPlatformDevice/AppleARMPE/IOPlatformExpertDevice/IORegistryEntry
interface	2026-10-03T03:49:43.666Z	965108.9250837917	download-recovery	Instant(_value: 3040511.855379875 seconds)	0	2	59	0	26	59	physicalEthernet	en5#8#4294970175#7	0	0	0.0	0.0	Optional(false)	SC Ethernet; hardware provider IOEthernetInterface/AppleUSBDeviceNCMData/IOUSBDeviceInterface/AppleT8122USBXDCI/AppleARMIODevice/AppleH15IO/IOPlatformDevice/AppleARMPE/IOPlatformExpertDevice/IORegistryEntry
interface	2026-10-03T03:49:43.666Z	965108.9250837917	download-recovery	Instant(_value: 3040511.855379875 seconds)	0	2	59	0	26	59	physicalEthernet	en6#9#4294970236#8	0	0	0.0	0.0	Optional(false)	SC Ethernet; hardware provider IOEthernetInterface/AppleUSBDeviceNCMData/IOUSBDeviceInterface/AppleT8122USBXDCI/AppleARMIODevice/AppleH15IO/IOPlatformDevice/AppleARMPE/IOPlatformExpertDevice/IORegistryEntry
interface	2026-10-03T03:49:43.666Z	965108.9250837917	download-recovery	Instant(_value: 3040511.855379875 seconds)	0	2	59	0	26	59	physicalEthernet	en1#10#4294970312#9	0	0	0.0	0.0	Optional(false)	SC Ethernet; hardware provider IOEthernetInterface/AppleThunderboltIPPort/AppleThunderboltIPService/IOThunderboltLocalNode/IOThunderboltControllerType5/AppleThunderboltNHIType5/AppleThunderboltHALType5/AppleARMIODevice/AppleH15IO/IOPlatformDevice/AppleARMPE/IOPlatformExpertDevice/IORegistryEntry
interface	2026-10-03T03:49:43.666Z	965108.9250837917	download-recovery	Instant(_value: 3040511.855379875 seconds)	0	2	59	0	26	59	physicalEthernet	en2#11#4294970264#10	0	0	0.0	0.0	Optional(false)	SC Ethernet; hardware provider IOEthernetInterface/AppleThunderboltIPPort/AppleThunderboltIPService/IOThunderboltLocalNode/IOThunderboltControllerType5/AppleThunderboltNHIType5/AppleThunderboltHALType5/AppleARMIODevice/AppleH15IO/IOPlatformDevice/AppleARMPE/IOPlatformExpertDevice/IORegistryEntry
interface	2026-10-03T03:49:43.666Z	965108.9250837917	download-recovery	Instant(_value: 3040511.855379875 seconds)	0	2	59	0	26	59	physicalEthernet	en3#12#4294970379#11	0	0	0.0	0.0	Optional(false)	SC Ethernet; hardware provider IOEthernetInterface/AppleThunderboltIPPort/AppleThunderboltIPService/IOThunderboltLocalNode/IOThunderboltControllerType5/AppleThunderboltNHIType5/AppleThunderboltHALType5/AppleARMIODevice/AppleH15IO/IOPlatformDevice/AppleARMPE/IOPlatformExpertDevice/IORegistryEntry
interface	2026-10-03T03:49:43.666Z	965108.9250837917	download-recovery	Instant(_value: 3040511.855379875 seconds)	0	2	59	0	26	59	logical	bridge0#15#nil#12	0	0	0.0	0.0	Optional(false)	route link type=209
interface	2026-10-03T03:49:43.666Z	965108.9250837917	download-recovery	Instant(_value: 3040511.855379875 seconds)	0	2	59	0	26	59	unknown	ap1#13#nil#13	0	0	0.0	0.0	nil	IORegistry provider unavailable; SC type=
interface	2026-10-03T03:49:43.666Z	965108.9250837917	download-recovery	Instant(_value: 3040511.855379875 seconds)	0	2	59	0	26	59	physicalWiFi	en0#14#4294971925#14	3199328256	2000040960	306792.71191219747	1032.972093980463	Optional(true)	SC Wi-Fi; hardware provider IOSkywalkLegacyEthernetInterface/IO80211Controller/IOUserNetworkWLAN/IOUserService/IOUserService/IOPCIDevice/ApplePCIEHostBridge/IOPCIDevice/AppleT6031PCIe/AppleARMIODevice/AppleH15IO/IOPlatformDevice/AppleARMPE/IOPlatformExpertDevice/IORegistryEntry
interface	2026-10-03T03:49:43.666Z	965108.9250837917	download-recovery	Instant(_value: 3040511.855379875 seconds)	0	2	59	0	26	59	virtual	awdl0#16#nil#15	8599552	8556544	0.0	0.0	Optional(true)	SIOCGIFFUNCTIONALTYPE=4
interface	2026-10-03T03:49:43.666Z	965108.9250837917	download-recovery	Instant(_value: 3040511.855379875 seconds)	0	2	59	0	26	59	unknown	llw0#17#nil#16	0	0	0.0	0.0	nil	IORegistry provider unavailable; SC type=
interface	2026-10-03T03:49:43.666Z	965108.9250837917	download-recovery	Instant(_value: 3040511.855379875 seconds)	0	2	59	0	26	59	tunnel	utun0#18#nil#17	0	0	0.0	0.0	nil	tunnel name; VPN service unconfirmed
interface	2026-10-03T03:49:43.666Z	965108.9250837917	download-recovery	Instant(_value: 3040511.855379875 seconds)	0	2	59	0	26	59	tunnel	utun1#19#nil#18	0	8192	0.0	0.0	nil	tunnel name; VPN service unconfirmed
interface	2026-10-03T03:49:43.666Z	965108.9250837917	download-recovery	Instant(_value: 3040511.855379875 seconds)	0	2	59	0	26	59	tunnel	utun2#20#nil#19	0	8192	0.0	0.0	nil	tunnel name; VPN service unconfirmed
interface	2026-10-03T03:49:43.666Z	965108.9250837917	download-recovery	Instant(_value: 3040511.855379875 seconds)	0	2	59	0	26	59	tunnel	utun3#21#nil#20	0	8192	0.0	0.0	nil	tunnel name; VPN service unconfirmed
interface	2026-10-03T03:49:43.666Z	965108.9250837917	download-recovery	Instant(_value: 3040511.855379875 seconds)	0	2	59	0	26	59	tunnel	utun4#24#nil#21	9216	4096	0.0	0.0	nil	tunnel name; VPN service unconfirmed
interface	2026-10-03T03:49:43.666Z	965108.9250837917	download-recovery	Instant(_value: 3040511.855379875 seconds)	0	2	59	0	26	59	tunnel	utun5#25#nil#22	166912	143360	0.0	0.0	nil	tunnel name; VPN service unconfirmed
interface	2026-10-03T03:49:43.666Z	965108.9250837917	download-recovery	Instant(_value: 3040511.855379875 seconds)	0	2	59	0	26	59	tunnel	utun6#26#nil#23	0	8192	0.0	0.0	nil	tunnel name; VPN service unconfirmed
interface	2026-10-03T03:49:43.666Z	965108.9250837917	download-recovery	Instant(_value: 3040511.855379875 seconds)	0	2	59	0	26	59	tunnel	utun7#27#nil#24	0	8192	0.0	0.0	nil	tunnel name; VPN service unconfirmed
interface	2026-10-03T03:49:43.666Z	965108.9250837917	download-recovery	Instant(_value: 3040511.855379875 seconds)	0	2	59	0	26	59	virtual	vmenet0#22#4295372070#25	5120	1833984	0.0	0.0	Optional(true)	virtual provider IOUserEthernetInterface/IOUserEthernetController/IOUserEthernetResourceUserClient/IOUserEthernetResource/IOResources/IOPlatformExpertDevice/IORegistryEntry
interface	2026-10-03T03:49:43.666Z	965108.9250837917	download-recovery	Instant(_value: 3040511.855379875 seconds)	0	2	59	0	26	59	logical	bridge100#23#nil#26	0	3668992	0.0	0.0	Optional(true)	route link type=209
delivery	2026-10-03T03:49:43.666Z	965108.9250837917	download-recovery	Instant(_value: 3040511.855379875 seconds)	0	2	59	0	26	59	delivered	networkActivity						sameReadAt=true
card	2026-10-03T03:49:43.666Z	965108.9250837917	download-recovery	Optional(Swift.ContinuousClock.Instant(_value: 3040511.855379875 seconds))					26		partial("물리 대상의 식별·연결·속도 일부를 확인하지 못했습니다")	NetworkCard			306792.71191219747	1032.972093980463	true	Network 카드, 일부 수집 실패: 물리 대상의 식별·연결·속도 일부를 확인하지 못했습니다, 확인된 일부 합계 다운로드 299.6 KB/s, 업로드 1.0 KB/s, 일부 수집 실패: 대상 identity 또는 물리 정보 일부 미확인
sample	2026-10-03T03:49:44.690Z	965109.9499537917	download-recovery	Instant(_value: 3040512.856205083 seconds)	0	2	60	0	26	60	partial("물리 대상의 식별·연결·속도 일부를 확인하지 못했습니다")	knownPhysical			305923.54943961406	0.0	false	representativeRX=-1.0;representativeTX=-1.0
interface	2026-10-03T03:49:44.690Z	965109.9499537917	download-recovery	Instant(_value: 3040512.856205083 seconds)	0	2	60	0	26	60	tunnel	gif0#2#nil#1	0	0	0.0	0.0	nil	route tunnel link type=55
interface	2026-10-03T03:49:44.690Z	965109.9499537917	download-recovery	Instant(_value: 3040512.856205083 seconds)	0	2	60	0	26	60	tunnel	stf0#3#nil#2	0	0	0.0	0.0	nil	route tunnel link type=57
interface	2026-10-03T03:49:44.690Z	965109.9499537917	download-recovery	Instant(_value: 3040512.856205083 seconds)	0	2	60	0	26	60	virtual	anpi1#4#4294970237#3	0	0	0.0	0.0	Optional(false)	private auxiliary network interface AppleUSBDeviceNCMPrivateEthernetInterface/AppleUSBDeviceNCMData/IOUSBDeviceInterface/AppleT8122USBXDCI/AppleARMIODevice/AppleH15IO/IOPlatformDevice/AppleARMPE/IOPlatformExpertDevice/IORegistryEntry
interface	2026-10-03T03:49:44.690Z	965109.9499537917	download-recovery	Instant(_value: 3040512.856205083 seconds)	0	2	60	0	26	60	virtual	anpi2#5#4294970293#4	0	0	0.0	0.0	Optional(false)	private auxiliary network interface AppleUSBDeviceNCMPrivateEthernetInterface/AppleUSBDeviceNCMData/IOUSBDeviceInterface/AppleT8122USBXDCI/AppleARMIODevice/AppleH15IO/IOPlatformDevice/AppleARMPE/IOPlatformExpertDevice/IORegistryEntry
interface	2026-10-03T03:49:44.690Z	965109.9499537917	download-recovery	Instant(_value: 3040512.856205083 seconds)	0	2	60	0	26	60	virtual	anpi0#6#4294970305#5	0	0	0.0	0.0	Optional(false)	private auxiliary network interface AppleUSBDeviceNCMPrivateEthernetInterface/AppleUSBDeviceNCMData/IOUSBDeviceInterface/AppleT8122USBXDCI/AppleARMIODevice/AppleH15IO/IOPlatformDevice/AppleARMPE/IOPlatformExpertDevice/IORegistryEntry
interface	2026-10-03T03:49:44.690Z	965109.9499537917	download-recovery	Instant(_value: 3040512.856205083 seconds)	0	2	60	0	26	60	physicalEthernet	en4#7#4294970257#6	0	0	0.0	0.0	Optional(false)	SC Ethernet; hardware provider IOEthernetInterface/AppleUSBDeviceNCMData/IOUSBDeviceInterface/AppleT8122USBXDCI/AppleARMIODevice/AppleH15IO/IOPlatformDevice/AppleARMPE/IOPlatformExpertDevice/IORegistryEntry
interface	2026-10-03T03:49:44.690Z	965109.9499537917	download-recovery	Instant(_value: 3040512.856205083 seconds)	0	2	60	0	26	60	physicalEthernet	en5#8#4294970175#7	0	0	0.0	0.0	Optional(false)	SC Ethernet; hardware provider IOEthernetInterface/AppleUSBDeviceNCMData/IOUSBDeviceInterface/AppleT8122USBXDCI/AppleARMIODevice/AppleH15IO/IOPlatformDevice/AppleARMPE/IOPlatformExpertDevice/IORegistryEntry
interface	2026-10-03T03:49:44.690Z	965109.9499537917	download-recovery	Instant(_value: 3040512.856205083 seconds)	0	2	60	0	26	60	physicalEthernet	en6#9#4294970236#8	0	0	0.0	0.0	Optional(false)	SC Ethernet; hardware provider IOEthernetInterface/AppleUSBDeviceNCMData/IOUSBDeviceInterface/AppleT8122USBXDCI/AppleARMIODevice/AppleH15IO/IOPlatformDevice/AppleARMPE/IOPlatformExpertDevice/IORegistryEntry
interface	2026-10-03T03:49:44.690Z	965109.9499537917	download-recovery	Instant(_value: 3040512.856205083 seconds)	0	2	60	0	26	60	physicalEthernet	en1#10#4294970312#9	0	0	0.0	0.0	Optional(false)	SC Ethernet; hardware provider IOEthernetInterface/AppleThunderboltIPPort/AppleThunderboltIPService/IOThunderboltLocalNode/IOThunderboltControllerType5/AppleThunderboltNHIType5/AppleThunderboltHALType5/AppleARMIODevice/AppleH15IO/IOPlatformDevice/AppleARMPE/IOPlatformExpertDevice/IORegistryEntry
interface	2026-10-03T03:49:44.690Z	965109.9499537917	download-recovery	Instant(_value: 3040512.856205083 seconds)	0	2	60	0	26	60	physicalEthernet	en2#11#4294970264#10	0	0	0.0	0.0	Optional(false)	SC Ethernet; hardware provider IOEthernetInterface/AppleThunderboltIPPort/AppleThunderboltIPService/IOThunderboltLocalNode/IOThunderboltControllerType5/AppleThunderboltNHIType5/AppleThunderboltHALType5/AppleARMIODevice/AppleH15IO/IOPlatformDevice/AppleARMPE/IOPlatformExpertDevice/IORegistryEntry
interface	2026-10-03T03:49:44.690Z	965109.9499537917	download-recovery	Instant(_value: 3040512.856205083 seconds)	0	2	60	0	26	60	physicalEthernet	en3#12#4294970379#11	0	0	0.0	0.0	Optional(false)	SC Ethernet; hardware provider IOEthernetInterface/AppleThunderboltIPPort/AppleThunderboltIPService/IOThunderboltLocalNode/IOThunderboltControllerType5/AppleThunderboltNHIType5/AppleThunderboltHALType5/AppleARMIODevice/AppleH15IO/IOPlatformDevice/AppleARMPE/IOPlatformExpertDevice/IORegistryEntry
interface	2026-10-03T03:49:44.690Z	965109.9499537917	download-recovery	Instant(_value: 3040512.856205083 seconds)	0	2	60	0	26	60	logical	bridge0#15#nil#12	0	0	0.0	0.0	Optional(false)	route link type=209
interface	2026-10-03T03:49:44.690Z	965109.9499537917	download-recovery	Instant(_value: 3040512.856205083 seconds)	0	2	60	0	26	60	unknown	ap1#13#nil#13	0	0	0.0	0.0	nil	IORegistry provider unavailable; SC type=
interface	2026-10-03T03:49:44.690Z	965109.9499537917	download-recovery	Instant(_value: 3040512.856205083 seconds)	0	2	60	0	26	60	physicalWiFi	en0#14#4294971925#14	3199634432	2000040960	305923.54943961406	0.0	Optional(true)	SC Wi-Fi; hardware provider IOSkywalkLegacyEthernetInterface/IO80211Controller/IOUserNetworkWLAN/IOUserService/IOUserService/IOPCIDevice/ApplePCIEHostBridge/IOPCIDevice/AppleT6031PCIe/AppleARMIODevice/AppleH15IO/IOPlatformDevice/AppleARMPE/IOPlatformExpertDevice/IORegistryEntry
interface	2026-10-03T03:49:44.690Z	965109.9499537917	download-recovery	Instant(_value: 3040512.856205083 seconds)	0	2	60	0	26	60	virtual	awdl0#16#nil#15	8599552	8556544	0.0	0.0	Optional(true)	SIOCGIFFUNCTIONALTYPE=4
interface	2026-10-03T03:49:44.690Z	965109.9499537917	download-recovery	Instant(_value: 3040512.856205083 seconds)	0	2	60	0	26	60	unknown	llw0#17#nil#16	0	0	0.0	0.0	nil	IORegistry provider unavailable; SC type=
interface	2026-10-03T03:49:44.690Z	965109.9499537917	download-recovery	Instant(_value: 3040512.856205083 seconds)	0	2	60	0	26	60	tunnel	utun0#18#nil#17	0	0	0.0	0.0	nil	tunnel name; VPN service unconfirmed
interface	2026-10-03T03:49:44.690Z	965109.9499537917	download-recovery	Instant(_value: 3040512.856205083 seconds)	0	2	60	0	26	60	tunnel	utun1#19#nil#18	0	8192	0.0	0.0	nil	tunnel name; VPN service unconfirmed
interface	2026-10-03T03:49:44.690Z	965109.9499537917	download-recovery	Instant(_value: 3040512.856205083 seconds)	0	2	60	0	26	60	tunnel	utun2#20#nil#19	0	8192	0.0	0.0	nil	tunnel name; VPN service unconfirmed
interface	2026-10-03T03:49:44.690Z	965109.9499537917	download-recovery	Instant(_value: 3040512.856205083 seconds)	0	2	60	0	26	60	tunnel	utun3#21#nil#20	0	8192	0.0	0.0	nil	tunnel name; VPN service unconfirmed
interface	2026-10-03T03:49:44.690Z	965109.9499537917	download-recovery	Instant(_value: 3040512.856205083 seconds)	0	2	60	0	26	60	tunnel	utun4#24#nil#21	9216	4096	0.0	0.0	nil	tunnel name; VPN service unconfirmed
interface	2026-10-03T03:49:44.690Z	965109.9499537917	download-recovery	Instant(_value: 3040512.856205083 seconds)	0	2	60	0	26	60	tunnel	utun5#25#nil#22	166912	143360	0.0	0.0	nil	tunnel name; VPN service unconfirmed
interface	2026-10-03T03:49:44.690Z	965109.9499537917	download-recovery	Instant(_value: 3040512.856205083 seconds)	0	2	60	0	26	60	tunnel	utun6#26#nil#23	0	8192	0.0	0.0	nil	tunnel name; VPN service unconfirmed
interface	2026-10-03T03:49:44.690Z	965109.9499537917	download-recovery	Instant(_value: 3040512.856205083 seconds)	0	2	60	0	26	60	tunnel	utun7#27#nil#24	0	8192	0.0	0.0	nil	tunnel name; VPN service unconfirmed
interface	2026-10-03T03:49:44.690Z	965109.9499537917	download-recovery	Instant(_value: 3040512.856205083 seconds)	0	2	60	0	26	60	virtual	vmenet0#22#4295372070#25	5120	1833984	0.0	0.0	Optional(true)	virtual provider IOUserEthernetInterface/IOUserEthernetController/IOUserEthernetResourceUserClient/IOUserEthernetResource/IOResources/IOPlatformExpertDevice/IORegistryEntry
interface	2026-10-03T03:49:44.690Z	965109.9499537917	download-recovery	Instant(_value: 3040512.856205083 seconds)	0	2	60	0	26	60	logical	bridge100#23#nil#26	0	3668992	0.0	0.0	Optional(true)	route link type=209
delivery	2026-10-03T03:49:44.690Z	965109.9499537917	download-recovery	Instant(_value: 3040512.856205083 seconds)	0	2	60	0	26	60	delivered	networkActivity						sameReadAt=true
card	2026-10-03T03:49:44.690Z	965109.9499537917	download-recovery	Optional(Swift.ContinuousClock.Instant(_value: 3040512.856205083 seconds))					26		partial("물리 대상의 식별·연결·속도 일부를 확인하지 못했습니다")	NetworkCard			305923.54943961406	0.0	true	Network 카드, 일부 수집 실패: 물리 대상의 식별·연결·속도 일부를 확인하지 못했습니다, 확인된 일부 합계 다운로드 298.8 KB/s, 업로드 0.0 B/s, 일부 수집 실패: 대상 identity 또는 물리 정보 일부 미확인
sample	2026-10-03T03:49:45.741Z	965111.00026	download-recovery	Instant(_value: 3040513.8504685 seconds)	0	2	61	0	26	61	partial("물리 대상의 식별·연결·속도 일부를 확인하지 못했습니다")	knownPhysical			310002.354235266	0.0	false	representativeRX=-1.0;representativeTX=-1.0
interface	2026-10-03T03:49:45.741Z	965111.00026	download-recovery	Instant(_value: 3040513.8504685 seconds)	0	2	61	0	26	61	tunnel	gif0#2#nil#1	0	0	0.0	0.0	nil	route tunnel link type=55
interface	2026-10-03T03:49:45.741Z	965111.00026	download-recovery	Instant(_value: 3040513.8504685 seconds)	0	2	61	0	26	61	tunnel	stf0#3#nil#2	0	0	0.0	0.0	nil	route tunnel link type=57
interface	2026-10-03T03:49:45.741Z	965111.00026	download-recovery	Instant(_value: 3040513.8504685 seconds)	0	2	61	0	26	61	virtual	anpi1#4#4294970237#3	0	0	0.0	0.0	Optional(false)	private auxiliary network interface AppleUSBDeviceNCMPrivateEthernetInterface/AppleUSBDeviceNCMData/IOUSBDeviceInterface/AppleT8122USBXDCI/AppleARMIODevice/AppleH15IO/IOPlatformDevice/AppleARMPE/IOPlatformExpertDevice/IORegistryEntry
interface	2026-10-03T03:49:45.741Z	965111.00026	download-recovery	Instant(_value: 3040513.8504685 seconds)	0	2	61	0	26	61	virtual	anpi2#5#4294970293#4	0	0	0.0	0.0	Optional(false)	private auxiliary network interface AppleUSBDeviceNCMPrivateEthernetInterface/AppleUSBDeviceNCMData/IOUSBDeviceInterface/AppleT8122USBXDCI/AppleARMIODevice/AppleH15IO/IOPlatformDevice/AppleARMPE/IOPlatformExpertDevice/IORegistryEntry
interface	2026-10-03T03:49:45.741Z	965111.00026	download-recovery	Instant(_value: 3040513.8504685 seconds)	0	2	61	0	26	61	virtual	anpi0#6#4294970305#5	0	0	0.0	0.0	Optional(false)	private auxiliary network interface AppleUSBDeviceNCMPrivateEthernetInterface/AppleUSBDeviceNCMData/IOUSBDeviceInterface/AppleT8122USBXDCI/AppleARMIODevice/AppleH15IO/IOPlatformDevice/AppleARMPE/IOPlatformExpertDevice/IORegistryEntry
interface	2026-10-03T03:49:45.741Z	965111.00026	download-recovery	Instant(_value: 3040513.8504685 seconds)	0	2	61	0	26	61	physicalEthernet	en4#7#4294970257#6	0	0	0.0	0.0	Optional(false)	SC Ethernet; hardware provider IOEthernetInterface/AppleUSBDeviceNCMData/IOUSBDeviceInterface/AppleT8122USBXDCI/AppleARMIODevice/AppleH15IO/IOPlatformDevice/AppleARMPE/IOPlatformExpertDevice/IORegistryEntry
interface	2026-10-03T03:49:45.741Z	965111.00026	download-recovery	Instant(_value: 3040513.8504685 seconds)	0	2	61	0	26	61	physicalEthernet	en5#8#4294970175#7	0	0	0.0	0.0	Optional(false)	SC Ethernet; hardware provider IOEthernetInterface/AppleUSBDeviceNCMData/IOUSBDeviceInterface/AppleT8122USBXDCI/AppleARMIODevice/AppleH15IO/IOPlatformDevice/AppleARMPE/IOPlatformExpertDevice/IORegistryEntry
interface	2026-10-03T03:49:45.741Z	965111.00026	download-recovery	Instant(_value: 3040513.8504685 seconds)	0	2	61	0	26	61	physicalEthernet	en6#9#4294970236#8	0	0	0.0	0.0	Optional(false)	SC Ethernet; hardware provider IOEthernetInterface/AppleUSBDeviceNCMData/IOUSBDeviceInterface/AppleT8122USBXDCI/AppleARMIODevice/AppleH15IO/IOPlatformDevice/AppleARMPE/IOPlatformExpertDevice/IORegistryEntry
interface	2026-10-03T03:49:45.741Z	965111.00026	download-recovery	Instant(_value: 3040513.8504685 seconds)	0	2	61	0	26	61	physicalEthernet	en1#10#4294970312#9	0	0	0.0	0.0	Optional(false)	SC Ethernet; hardware provider IOEthernetInterface/AppleThunderboltIPPort/AppleThunderboltIPService/IOThunderboltLocalNode/IOThunderboltControllerType5/AppleThunderboltNHIType5/AppleThunderboltHALType5/AppleARMIODevice/AppleH15IO/IOPlatformDevice/AppleARMPE/IOPlatformExpertDevice/IORegistryEntry
interface	2026-10-03T03:49:45.741Z	965111.00026	download-recovery	Instant(_value: 3040513.8504685 seconds)	0	2	61	0	26	61	physicalEthernet	en2#11#4294970264#10	0	0	0.0	0.0	Optional(false)	SC Ethernet; hardware provider IOEthernetInterface/AppleThunderboltIPPort/AppleThunderboltIPService/IOThunderboltLocalNode/IOThunderboltControllerType5/AppleThunderboltNHIType5/AppleThunderboltHALType5/AppleARMIODevice/AppleH15IO/IOPlatformDevice/AppleARMPE/IOPlatformExpertDevice/IORegistryEntry
interface	2026-10-03T03:49:45.741Z	965111.00026	download-recovery	Instant(_value: 3040513.8504685 seconds)	0	2	61	0	26	61	physicalEthernet	en3#12#4294970379#11	0	0	0.0	0.0	Optional(false)	SC Ethernet; hardware provider IOEthernetInterface/AppleThunderboltIPPort/AppleThunderboltIPService/IOThunderboltLocalNode/IOThunderboltControllerType5/AppleThunderboltNHIType5/AppleThunderboltHALType5/AppleARMIODevice/AppleH15IO/IOPlatformDevice/AppleARMPE/IOPlatformExpertDevice/IORegistryEntry
interface	2026-10-03T03:49:45.741Z	965111.00026	download-recovery	Instant(_value: 3040513.8504685 seconds)	0	2	61	0	26	61	logical	bridge0#15#nil#12	0	0	0.0	0.0	Optional(false)	route link type=209
interface	2026-10-03T03:49:45.741Z	965111.00026	download-recovery	Instant(_value: 3040513.8504685 seconds)	0	2	61	0	26	61	unknown	ap1#13#nil#13	0	0	0.0	0.0	nil	IORegistry provider unavailable; SC type=
interface	2026-10-03T03:49:45.741Z	965111.00026	download-recovery	Instant(_value: 3040513.8504685 seconds)	0	2	61	0	26	61	physicalWiFi	en0#14#4294971925#14	3199942656	2000040960	310002.354235266	0.0	Optional(true)	SC Wi-Fi; hardware provider IOSkywalkLegacyEthernetInterface/IO80211Controller/IOUserNetworkWLAN/IOUserService/IOUserService/IOPCIDevice/ApplePCIEHostBridge/IOPCIDevice/AppleT6031PCIe/AppleARMIODevice/AppleH15IO/IOPlatformDevice/AppleARMPE/IOPlatformExpertDevice/IORegistryEntry
interface	2026-10-03T03:49:45.741Z	965111.00026	download-recovery	Instant(_value: 3040513.8504685 seconds)	0	2	61	0	26	61	virtual	awdl0#16#nil#15	8599552	8556544	0.0	0.0	Optional(true)	SIOCGIFFUNCTIONALTYPE=4
interface	2026-10-03T03:49:45.741Z	965111.00026	download-recovery	Instant(_value: 3040513.8504685 seconds)	0	2	61	0	26	61	unknown	llw0#17#nil#16	0	0	0.0	0.0	nil	IORegistry provider unavailable; SC type=
interface	2026-10-03T03:49:45.741Z	965111.00026	download-recovery	Instant(_value: 3040513.8504685 seconds)	0	2	61	0	26	61	tunnel	utun0#18#nil#17	0	0	0.0	0.0	nil	tunnel name; VPN service unconfirmed
interface	2026-10-03T03:49:45.741Z	965111.00026	download-recovery	Instant(_value: 3040513.8504685 seconds)	0	2	61	0	26	61	tunnel	utun1#19#nil#18	0	8192	0.0	0.0	nil	tunnel name; VPN service unconfirmed
interface	2026-10-03T03:49:45.741Z	965111.00026	download-recovery	Instant(_value: 3040513.8504685 seconds)	0	2	61	0	26	61	tunnel	utun2#20#nil#19	0	8192	0.0	0.0	nil	tunnel name; VPN service unconfirmed
interface	2026-10-03T03:49:45.741Z	965111.00026	download-recovery	Instant(_value: 3040513.8504685 seconds)	0	2	61	0	26	61	tunnel	utun3#21#nil#20	0	8192	0.0	0.0	nil	tunnel name; VPN service unconfirmed
interface	2026-10-03T03:49:45.741Z	965111.00026	download-recovery	Instant(_value: 3040513.8504685 seconds)	0	2	61	0	26	61	tunnel	utun4#24#nil#21	9216	4096	0.0	0.0	nil	tunnel name; VPN service unconfirmed
interface	2026-10-03T03:49:45.741Z	965111.00026	download-recovery	Instant(_value: 3040513.8504685 seconds)	0	2	61	0	26	61	tunnel	utun5#25#nil#22	166912	143360	0.0	0.0	nil	tunnel name; VPN service unconfirmed
interface	2026-10-03T03:49:45.741Z	965111.00026	download-recovery	Instant(_value: 3040513.8504685 seconds)	0	2	61	0	26	61	tunnel	utun6#26#nil#23	0	8192	0.0	0.0	nil	tunnel name; VPN service unconfirmed
interface	2026-10-03T03:49:45.741Z	965111.00026	download-recovery	Instant(_value: 3040513.8504685 seconds)	0	2	61	0	26	61	tunnel	utun7#27#nil#24	0	8192	0.0	0.0	nil	tunnel name; VPN service unconfirmed
interface	2026-10-03T03:49:45.741Z	965111.00026	download-recovery	Instant(_value: 3040513.8504685 seconds)	0	2	61	0	26	61	virtual	vmenet0#22#4295372070#25	5120	1833984	0.0	0.0	Optional(true)	virtual provider IOUserEthernetInterface/IOUserEthernetController/IOUserEthernetResourceUserClient/IOUserEthernetResource/IOResources/IOPlatformExpertDevice/IORegistryEntry
interface	2026-10-03T03:49:45.741Z	965111.00026	download-recovery	Instant(_value: 3040513.8504685 seconds)	0	2	61	0	26	61	logical	bridge100#23#nil#26	0	3668992	0.0	0.0	Optional(true)	route link type=209
delivery	2026-10-03T03:49:45.741Z	965111.00026	download-recovery	Instant(_value: 3040513.8504685 seconds)	0	2	61	0	26	61	delivered	networkActivity						sameReadAt=true
card	2026-10-03T03:49:45.741Z	965111.00026	download-recovery	Optional(Swift.ContinuousClock.Instant(_value: 3040513.8504685 seconds))					26		partial("물리 대상의 식별·연결·속도 일부를 확인하지 못했습니다")	NetworkCard			310002.354235266	0.0	true	Network 카드, 일부 수집 실패: 물리 대상의 식별·연결·속도 일부를 확인하지 못했습니다, 확인된 일부 합계 다운로드 302.7 KB/s, 업로드 0.0 B/s, 일부 수집 실패: 대상 identity 또는 물리 정보 일부 미확인
sample	2026-10-03T03:49:46.791Z	965112.0501996251	upload-idle	Instant(_value: 3040514.850004375 seconds)	0	2	62	0	26	62	partial("물리 대상의 식별·연결·속도 일부를 확인하지 못했습니다")	knownPhysical			309391.5963746674	13318.181300896278	false	representativeRX=-1.0;representativeTX=-1.0
interface	2026-10-03T03:49:46.791Z	965112.0501996251	upload-idle	Instant(_value: 3040514.850004375 seconds)	0	2	62	0	26	62	tunnel	gif0#2#nil#1	0	0	0.0	0.0	nil	route tunnel link type=55
interface	2026-10-03T03:49:46.791Z	965112.0501996251	upload-idle	Instant(_value: 3040514.850004375 seconds)	0	2	62	0	26	62	tunnel	stf0#3#nil#2	0	0	0.0	0.0	nil	route tunnel link type=57
interface	2026-10-03T03:49:46.791Z	965112.0501996251	upload-idle	Instant(_value: 3040514.850004375 seconds)	0	2	62	0	26	62	virtual	anpi1#4#4294970237#3	0	0	0.0	0.0	Optional(false)	private auxiliary network interface AppleUSBDeviceNCMPrivateEthernetInterface/AppleUSBDeviceNCMData/IOUSBDeviceInterface/AppleT8122USBXDCI/AppleARMIODevice/AppleH15IO/IOPlatformDevice/AppleARMPE/IOPlatformExpertDevice/IORegistryEntry
interface	2026-10-03T03:49:46.791Z	965112.0501996251	upload-idle	Instant(_value: 3040514.850004375 seconds)	0	2	62	0	26	62	virtual	anpi2#5#4294970293#4	0	0	0.0	0.0	Optional(false)	private auxiliary network interface AppleUSBDeviceNCMPrivateEthernetInterface/AppleUSBDeviceNCMData/IOUSBDeviceInterface/AppleT8122USBXDCI/AppleARMIODevice/AppleH15IO/IOPlatformDevice/AppleARMPE/IOPlatformExpertDevice/IORegistryEntry
interface	2026-10-03T03:49:46.791Z	965112.0501996251	upload-idle	Instant(_value: 3040514.850004375 seconds)	0	2	62	0	26	62	virtual	anpi0#6#4294970305#5	0	0	0.0	0.0	Optional(false)	private auxiliary network interface AppleUSBDeviceNCMPrivateEthernetInterface/AppleUSBDeviceNCMData/IOUSBDeviceInterface/AppleT8122USBXDCI/AppleARMIODevice/AppleH15IO/IOPlatformDevice/AppleARMPE/IOPlatformExpertDevice/IORegistryEntry
interface	2026-10-03T03:49:46.791Z	965112.0501996251	upload-idle	Instant(_value: 3040514.850004375 seconds)	0	2	62	0	26	62	physicalEthernet	en4#7#4294970257#6	0	0	0.0	0.0	Optional(false)	SC Ethernet; hardware provider IOEthernetInterface/AppleUSBDeviceNCMData/IOUSBDeviceInterface/AppleT8122USBXDCI/AppleARMIODevice/AppleH15IO/IOPlatformDevice/AppleARMPE/IOPlatformExpertDevice/IORegistryEntry
interface	2026-10-03T03:49:46.791Z	965112.0501996251	upload-idle	Instant(_value: 3040514.850004375 seconds)	0	2	62	0	26	62	physicalEthernet	en5#8#4294970175#7	0	0	0.0	0.0	Optional(false)	SC Ethernet; hardware provider IOEthernetInterface/AppleUSBDeviceNCMData/IOUSBDeviceInterface/AppleT8122USBXDCI/AppleARMIODevice/AppleH15IO/IOPlatformDevice/AppleARMPE/IOPlatformExpertDevice/IORegistryEntry
interface	2026-10-03T03:49:46.791Z	965112.0501996251	upload-idle	Instant(_value: 3040514.850004375 seconds)	0	2	62	0	26	62	physicalEthernet	en6#9#4294970236#8	0	0	0.0	0.0	Optional(false)	SC Ethernet; hardware provider IOEthernetInterface/AppleUSBDeviceNCMData/IOUSBDeviceInterface/AppleT8122USBXDCI/AppleARMIODevice/AppleH15IO/IOPlatformDevice/AppleARMPE/IOPlatformExpertDevice/IORegistryEntry
interface	2026-10-03T03:49:46.791Z	965112.0501996251	upload-idle	Instant(_value: 3040514.850004375 seconds)	0	2	62	0	26	62	physicalEthernet	en1#10#4294970312#9	0	0	0.0	0.0	Optional(false)	SC Ethernet; hardware provider IOEthernetInterface/AppleThunderboltIPPort/AppleThunderboltIPService/IOThunderboltLocalNode/IOThunderboltControllerType5/AppleThunderboltNHIType5/AppleThunderboltHALType5/AppleARMIODevice/AppleH15IO/IOPlatformDevice/AppleARMPE/IOPlatformExpertDevice/IORegistryEntry
interface	2026-10-03T03:49:46.791Z	965112.0501996251	upload-idle	Instant(_value: 3040514.850004375 seconds)	0	2	62	0	26	62	physicalEthernet	en2#11#4294970264#10	0	0	0.0	0.0	Optional(false)	SC Ethernet; hardware provider IOEthernetInterface/AppleThunderboltIPPort/AppleThunderboltIPService/IOThunderboltLocalNode/IOThunderboltControllerType5/AppleThunderboltNHIType5/AppleThunderboltHALType5/AppleARMIODevice/AppleH15IO/IOPlatformDevice/AppleARMPE/IOPlatformExpertDevice/IORegistryEntry
interface	2026-10-03T03:49:46.791Z	965112.0501996251	upload-idle	Instant(_value: 3040514.850004375 seconds)	0	2	62	0	26	62	physicalEthernet	en3#12#4294970379#11	0	0	0.0	0.0	Optional(false)	SC Ethernet; hardware provider IOEthernetInterface/AppleThunderboltIPPort/AppleThunderboltIPService/IOThunderboltLocalNode/IOThunderboltControllerType5/AppleThunderboltNHIType5/AppleThunderboltHALType5/AppleARMIODevice/AppleH15IO/IOPlatformDevice/AppleARMPE/IOPlatformExpertDevice/IORegistryEntry
interface	2026-10-03T03:49:46.791Z	965112.0501996251	upload-idle	Instant(_value: 3040514.850004375 seconds)	0	2	62	0	26	62	logical	bridge0#15#nil#12	0	0	0.0	0.0	Optional(false)	route link type=209
interface	2026-10-03T03:49:46.791Z	965112.0501996251	upload-idle	Instant(_value: 3040514.850004375 seconds)	0	2	62	0	26	62	unknown	ap1#13#nil#13	0	0	0.0	0.0	nil	IORegistry provider unavailable; SC type=
interface	2026-10-03T03:49:46.791Z	965112.0501996251	upload-idle	Instant(_value: 3040514.850004375 seconds)	0	2	62	0	26	62	physicalWiFi	en0#14#4294971925#14	3200251904	2000054272	309391.5963746674	13318.181300896278	Optional(true)	SC Wi-Fi; hardware provider IOSkywalkLegacyEthernetInterface/IO80211Controller/IOUserNetworkWLAN/IOUserService/IOUserService/IOPCIDevice/ApplePCIEHostBridge/IOPCIDevice/AppleT6031PCIe/AppleARMIODevice/AppleH15IO/IOPlatformDevice/AppleARMPE/IOPlatformExpertDevice/IORegistryEntry
interface	2026-10-03T03:49:46.791Z	965112.0501996251	upload-idle	Instant(_value: 3040514.850004375 seconds)	0	2	62	0	26	62	virtual	awdl0#16#nil#15	8599552	8556544	0.0	0.0	Optional(true)	SIOCGIFFUNCTIONALTYPE=4
interface	2026-10-03T03:49:46.791Z	965112.0501996251	upload-idle	Instant(_value: 3040514.850004375 seconds)	0	2	62	0	26	62	unknown	llw0#17#nil#16	0	0	0.0	0.0	nil	IORegistry provider unavailable; SC type=
interface	2026-10-03T03:49:46.791Z	965112.0501996251	upload-idle	Instant(_value: 3040514.850004375 seconds)	0	2	62	0	26	62	tunnel	utun0#18#nil#17	0	0	0.0	0.0	nil	tunnel name; VPN service unconfirmed
interface	2026-10-03T03:49:46.791Z	965112.0501996251	upload-idle	Instant(_value: 3040514.850004375 seconds)	0	2	62	0	26	62	tunnel	utun1#19#nil#18	0	8192	0.0	0.0	nil	tunnel name; VPN service unconfirmed
interface	2026-10-03T03:49:46.791Z	965112.0501996251	upload-idle	Instant(_value: 3040514.850004375 seconds)	0	2	62	0	26	62	tunnel	utun2#20#nil#19	0	8192	0.0	0.0	nil	tunnel name; VPN service unconfirmed
interface	2026-10-03T03:49:46.791Z	965112.0501996251	upload-idle	Instant(_value: 3040514.850004375 seconds)	0	2	62	0	26	62	tunnel	utun3#21#nil#20	0	8192	0.0	0.0	nil	tunnel name; VPN service unconfirmed
interface	2026-10-03T03:49:46.791Z	965112.0501996251	upload-idle	Instant(_value: 3040514.850004375 seconds)	0	2	62	0	26	62	tunnel	utun4#24#nil#21	9216	4096	0.0	0.0	nil	tunnel name; VPN service unconfirmed
interface	2026-10-03T03:49:46.791Z	965112.0501996251	upload-idle	Instant(_value: 3040514.850004375 seconds)	0	2	62	0	26	62	tunnel	utun5#25#nil#22	166912	143360	0.0	0.0	nil	tunnel name; VPN service unconfirmed
interface	2026-10-03T03:49:46.791Z	965112.0501996251	upload-idle	Instant(_value: 3040514.850004375 seconds)	0	2	62	0	26	62	tunnel	utun6#26#nil#23	0	8192	0.0	0.0	nil	tunnel name; VPN service unconfirmed
interface	2026-10-03T03:49:46.791Z	965112.0501996251	upload-idle	Instant(_value: 3040514.850004375 seconds)	0	2	62	0	26	62	tunnel	utun7#27#nil#24	0	8192	0.0	0.0	nil	tunnel name; VPN service unconfirmed
interface	2026-10-03T03:49:46.791Z	965112.0501996251	upload-idle	Instant(_value: 3040514.850004375 seconds)	0	2	62	0	26	62	virtual	vmenet0#22#4295372070#25	5120	1833984	0.0	0.0	Optional(true)	virtual provider IOUserEthernetInterface/IOUserEthernetController/IOUserEthernetResourceUserClient/IOUserEthernetResource/IOResources/IOPlatformExpertDevice/IORegistryEntry
interface	2026-10-03T03:49:46.791Z	965112.0501996251	upload-idle	Instant(_value: 3040514.850004375 seconds)	0	2	62	0	26	62	logical	bridge100#23#nil#26	0	3668992	0.0	0.0	Optional(true)	route link type=209
delivery	2026-10-03T03:49:46.791Z	965112.0501996251	upload-idle	Instant(_value: 3040514.850004375 seconds)	0	2	62	0	26	62	delivered	networkActivity						sameReadAt=true
card	2026-10-03T03:49:46.791Z	965112.0501996251	upload-idle	Optional(Swift.ContinuousClock.Instant(_value: 3040514.850004375 seconds))					26		partial("물리 대상의 식별·연결·속도 일부를 확인하지 못했습니다")	NetworkCard			309391.5963746674	13318.181300896278	true	Network 카드, 일부 수집 실패: 물리 대상의 식별·연결·속도 일부를 확인하지 못했습니다, 확인된 일부 합계 다운로드 302.1 KB/s, 업로드 13.0 KB/s, 일부 수집 실패: 대상 identity 또는 물리 정보 일부 미확인
sample	2026-10-03T03:49:47.841Z	965113.1000212501	upload-idle	Instant(_value: 3040515.8528325004 seconds)	0	2	63	0	26	63	partial("물리 대상의 식별·연결·속도 일부를 확인하지 못했습니다")	knownPhysical			314502.5474828999	0.0	false	representativeRX=-1.0;representativeTX=-1.0
interface	2026-10-03T03:49:47.841Z	965113.1000212501	upload-idle	Instant(_value: 3040515.8528325004 seconds)	0	2	63	0	26	63	tunnel	gif0#2#nil#1	0	0	0.0	0.0	nil	route tunnel link type=55
interface	2026-10-03T03:49:47.841Z	965113.1000212501	upload-idle	Instant(_value: 3040515.8528325004 seconds)	0	2	63	0	26	63	tunnel	stf0#3#nil#2	0	0	0.0	0.0	nil	route tunnel link type=57
interface	2026-10-03T03:49:47.841Z	965113.1000212501	upload-idle	Instant(_value: 3040515.8528325004 seconds)	0	2	63	0	26	63	virtual	anpi1#4#4294970237#3	0	0	0.0	0.0	Optional(false)	private auxiliary network interface AppleUSBDeviceNCMPrivateEthernetInterface/AppleUSBDeviceNCMData/IOUSBDeviceInterface/AppleT8122USBXDCI/AppleARMIODevice/AppleH15IO/IOPlatformDevice/AppleARMPE/IOPlatformExpertDevice/IORegistryEntry
interface	2026-10-03T03:49:47.841Z	965113.1000212501	upload-idle	Instant(_value: 3040515.8528325004 seconds)	0	2	63	0	26	63	virtual	anpi2#5#4294970293#4	0	0	0.0	0.0	Optional(false)	private auxiliary network interface AppleUSBDeviceNCMPrivateEthernetInterface/AppleUSBDeviceNCMData/IOUSBDeviceInterface/AppleT8122USBXDCI/AppleARMIODevice/AppleH15IO/IOPlatformDevice/AppleARMPE/IOPlatformExpertDevice/IORegistryEntry
interface	2026-10-03T03:49:47.841Z	965113.1000212501	upload-idle	Instant(_value: 3040515.8528325004 seconds)	0	2	63	0	26	63	virtual	anpi0#6#4294970305#5	0	0	0.0	0.0	Optional(false)	private auxiliary network interface AppleUSBDeviceNCMPrivateEthernetInterface/AppleUSBDeviceNCMData/IOUSBDeviceInterface/AppleT8122USBXDCI/AppleARMIODevice/AppleH15IO/IOPlatformDevice/AppleARMPE/IOPlatformExpertDevice/IORegistryEntry
interface	2026-10-03T03:49:47.841Z	965113.1000212501	upload-idle	Instant(_value: 3040515.8528325004 seconds)	0	2	63	0	26	63	physicalEthernet	en4#7#4294970257#6	0	0	0.0	0.0	Optional(false)	SC Ethernet; hardware provider IOEthernetInterface/AppleUSBDeviceNCMData/IOUSBDeviceInterface/AppleT8122USBXDCI/AppleARMIODevice/AppleH15IO/IOPlatformDevice/AppleARMPE/IOPlatformExpertDevice/IORegistryEntry
interface	2026-10-03T03:49:47.841Z	965113.1000212501	upload-idle	Instant(_value: 3040515.8528325004 seconds)	0	2	63	0	26	63	physicalEthernet	en5#8#4294970175#7	0	0	0.0	0.0	Optional(false)	SC Ethernet; hardware provider IOEthernetInterface/AppleUSBDeviceNCMData/IOUSBDeviceInterface/AppleT8122USBXDCI/AppleARMIODevice/AppleH15IO/IOPlatformDevice/AppleARMPE/IOPlatformExpertDevice/IORegistryEntry
interface	2026-10-03T03:49:47.841Z	965113.1000212501	upload-idle	Instant(_value: 3040515.8528325004 seconds)	0	2	63	0	26	63	physicalEthernet	en6#9#4294970236#8	0	0	0.0	0.0	Optional(false)	SC Ethernet; hardware provider IOEthernetInterface/AppleUSBDeviceNCMData/IOUSBDeviceInterface/AppleT8122USBXDCI/AppleARMIODevice/AppleH15IO/IOPlatformDevice/AppleARMPE/IOPlatformExpertDevice/IORegistryEntry
interface	2026-10-03T03:49:47.841Z	965113.1000212501	upload-idle	Instant(_value: 3040515.8528325004 seconds)	0	2	63	0	26	63	physicalEthernet	en1#10#4294970312#9	0	0	0.0	0.0	Optional(false)	SC Ethernet; hardware provider IOEthernetInterface/AppleThunderboltIPPort/AppleThunderboltIPService/IOThunderboltLocalNode/IOThunderboltControllerType5/AppleThunderboltNHIType5/AppleThunderboltHALType5/AppleARMIODevice/AppleH15IO/IOPlatformDevice/AppleARMPE/IOPlatformExpertDevice/IORegistryEntry
interface	2026-10-03T03:49:47.841Z	965113.1000212501	upload-idle	Instant(_value: 3040515.8528325004 seconds)	0	2	63	0	26	63	physicalEthernet	en2#11#4294970264#10	0	0	0.0	0.0	Optional(false)	SC Ethernet; hardware provider IOEthernetInterface/AppleThunderboltIPPort/AppleThunderboltIPService/IOThunderboltLocalNode/IOThunderboltControllerType5/AppleThunderboltNHIType5/AppleThunderboltHALType5/AppleARMIODevice/AppleH15IO/IOPlatformDevice/AppleARMPE/IOPlatformExpertDevice/IORegistryEntry
interface	2026-10-03T03:49:47.841Z	965113.1000212501	upload-idle	Instant(_value: 3040515.8528325004 seconds)	0	2	63	0	26	63	physicalEthernet	en3#12#4294970379#11	0	0	0.0	0.0	Optional(false)	SC Ethernet; hardware provider IOEthernetInterface/AppleThunderboltIPPort/AppleThunderboltIPService/IOThunderboltLocalNode/IOThunderboltControllerType5/AppleThunderboltNHIType5/AppleThunderboltHALType5/AppleARMIODevice/AppleH15IO/IOPlatformDevice/AppleARMPE/IOPlatformExpertDevice/IORegistryEntry
interface	2026-10-03T03:49:47.841Z	965113.1000212501	upload-idle	Instant(_value: 3040515.8528325004 seconds)	0	2	63	0	26	63	logical	bridge0#15#nil#12	0	0	0.0	0.0	Optional(false)	route link type=209
interface	2026-10-03T03:49:47.841Z	965113.1000212501	upload-idle	Instant(_value: 3040515.8528325004 seconds)	0	2	63	0	26	63	unknown	ap1#13#nil#13	0	0	0.0	0.0	nil	IORegistry provider unavailable; SC type=
interface	2026-10-03T03:49:47.841Z	965113.1000212501	upload-idle	Instant(_value: 3040515.8528325004 seconds)	0	2	63	0	26	63	physicalWiFi	en0#14#4294971925#14	3200567296	2000054272	314502.5474828999	0.0	Optional(true)	SC Wi-Fi; hardware provider IOSkywalkLegacyEthernetInterface/IO80211Controller/IOUserNetworkWLAN/IOUserService/IOUserService/IOPCIDevice/ApplePCIEHostBridge/IOPCIDevice/AppleT6031PCIe/AppleARMIODevice/AppleH15IO/IOPlatformDevice/AppleARMPE/IOPlatformExpertDevice/IORegistryEntry
interface	2026-10-03T03:49:47.841Z	965113.1000212501	upload-idle	Instant(_value: 3040515.8528325004 seconds)	0	2	63	0	26	63	virtual	awdl0#16#nil#15	8599552	8556544	0.0	0.0	Optional(true)	SIOCGIFFUNCTIONALTYPE=4
interface	2026-10-03T03:49:47.841Z	965113.1000212501	upload-idle	Instant(_value: 3040515.8528325004 seconds)	0	2	63	0	26	63	unknown	llw0#17#nil#16	0	0	0.0	0.0	nil	IORegistry provider unavailable; SC type=
interface	2026-10-03T03:49:47.841Z	965113.1000212501	upload-idle	Instant(_value: 3040515.8528325004 seconds)	0	2	63	0	26	63	tunnel	utun0#18#nil#17	0	0	0.0	0.0	nil	tunnel name; VPN service unconfirmed
interface	2026-10-03T03:49:47.841Z	965113.1000212501	upload-idle	Instant(_value: 3040515.8528325004 seconds)	0	2	63	0	26	63	tunnel	utun1#19#nil#18	0	8192	0.0	0.0	nil	tunnel name; VPN service unconfirmed
interface	2026-10-03T03:49:47.841Z	965113.1000212501	upload-idle	Instant(_value: 3040515.8528325004 seconds)	0	2	63	0	26	63	tunnel	utun2#20#nil#19	0	8192	0.0	0.0	nil	tunnel name; VPN service unconfirmed
interface	2026-10-03T03:49:47.841Z	965113.1000212501	upload-idle	Instant(_value: 3040515.8528325004 seconds)	0	2	63	0	26	63	tunnel	utun3#21#nil#20	0	8192	0.0	0.0	nil	tunnel name; VPN service unconfirmed
interface	2026-10-03T03:49:47.841Z	965113.1000212501	upload-idle	Instant(_value: 3040515.8528325004 seconds)	0	2	63	0	26	63	tunnel	utun4#24#nil#21	9216	4096	0.0	0.0	nil	tunnel name; VPN service unconfirmed
interface	2026-10-03T03:49:47.841Z	965113.1000212501	upload-idle	Instant(_value: 3040515.8528325004 seconds)	0	2	63	0	26	63	tunnel	utun5#25#nil#22	166912	143360	0.0	0.0	nil	tunnel name; VPN service unconfirmed
interface	2026-10-03T03:49:47.841Z	965113.1000212501	upload-idle	Instant(_value: 3040515.8528325004 seconds)	0	2	63	0	26	63	tunnel	utun6#26#nil#23	0	8192	0.0	0.0	nil	tunnel name; VPN service unconfirmed
interface	2026-10-03T03:49:47.841Z	965113.1000212501	upload-idle	Instant(_value: 3040515.8528325004 seconds)	0	2	63	0	26	63	tunnel	utun7#27#nil#24	0	8192	0.0	0.0	nil	tunnel name; VPN service unconfirmed
interface	2026-10-03T03:49:47.841Z	965113.1000212501	upload-idle	Instant(_value: 3040515.8528325004 seconds)	0	2	63	0	26	63	virtual	vmenet0#22#4295372070#25	5120	1833984	0.0	0.0	Optional(true)	virtual provider IOUserEthernetInterface/IOUserEthernetController/IOUserEthernetResourceUserClient/IOUserEthernetResource/IOResources/IOPlatformExpertDevice/IORegistryEntry
interface	2026-10-03T03:49:47.841Z	965113.1000212501	upload-idle	Instant(_value: 3040515.8528325004 seconds)	0	2	63	0	26	63	logical	bridge100#23#nil#26	0	3668992	0.0	0.0	Optional(true)	route link type=209
delivery	2026-10-03T03:49:47.841Z	965113.1000212501	upload-idle	Instant(_value: 3040515.8528325004 seconds)	0	2	63	0	26	63	delivered	networkActivity						sameReadAt=true
card	2026-10-03T03:49:47.841Z	965113.1000212501	upload-idle	Optional(Swift.ContinuousClock.Instant(_value: 3040515.8528325004 seconds))					26		partial("물리 대상의 식별·연결·속도 일부를 확인하지 못했습니다")	NetworkCard			314502.5474828999	0.0	true	Network 카드, 일부 수집 실패: 물리 대상의 식별·연결·속도 일부를 확인하지 못했습니다, 확인된 일부 합계 다운로드 307.1 KB/s, 업로드 0.0 B/s, 일부 수집 실패: 대상 identity 또는 물리 정보 일부 미확인
sample	2026-10-03T03:49:48.891Z	965114.1502374584	upload-idle	Instant(_value: 3040516.8476589583 seconds)	0	2	64	0	26	64	partial("물리 대상의 식별·연결·속도 일부를 확인하지 못했습니다")	knownPhysical			313944.2035225806	4117.3010298043355	false	representativeRX=-1.0;representativeTX=-1.0
interface	2026-10-03T03:49:48.891Z	965114.1502374584	upload-idle	Instant(_value: 3040516.8476589583 seconds)	0	2	64	0	26	64	tunnel	gif0#2#nil#1	0	0	0.0	0.0	nil	route tunnel link type=55
interface	2026-10-03T03:49:48.891Z	965114.1502374584	upload-idle	Instant(_value: 3040516.8476589583 seconds)	0	2	64	0	26	64	tunnel	stf0#3#nil#2	0	0	0.0	0.0	nil	route tunnel link type=57
interface	2026-10-03T03:49:48.891Z	965114.1502374584	upload-idle	Instant(_value: 3040516.8476589583 seconds)	0	2	64	0	26	64	virtual	anpi1#4#4294970237#3	0	0	0.0	0.0	Optional(false)	private auxiliary network interface AppleUSBDeviceNCMPrivateEthernetInterface/AppleUSBDeviceNCMData/IOUSBDeviceInterface/AppleT8122USBXDCI/AppleARMIODevice/AppleH15IO/IOPlatformDevice/AppleARMPE/IOPlatformExpertDevice/IORegistryEntry
interface	2026-10-03T03:49:48.891Z	965114.1502374584	upload-idle	Instant(_value: 3040516.8476589583 seconds)	0	2	64	0	26	64	virtual	anpi2#5#4294970293#4	0	0	0.0	0.0	Optional(false)	private auxiliary network interface AppleUSBDeviceNCMPrivateEthernetInterface/AppleUSBDeviceNCMData/IOUSBDeviceInterface/AppleT8122USBXDCI/AppleARMIODevice/AppleH15IO/IOPlatformDevice/AppleARMPE/IOPlatformExpertDevice/IORegistryEntry
interface	2026-10-03T03:49:48.891Z	965114.1502374584	upload-idle	Instant(_value: 3040516.8476589583 seconds)	0	2	64	0	26	64	virtual	anpi0#6#4294970305#5	0	0	0.0	0.0	Optional(false)	private auxiliary network interface AppleUSBDeviceNCMPrivateEthernetInterface/AppleUSBDeviceNCMData/IOUSBDeviceInterface/AppleT8122USBXDCI/AppleARMIODevice/AppleH15IO/IOPlatformDevice/AppleARMPE/IOPlatformExpertDevice/IORegistryEntry
interface	2026-10-03T03:49:48.891Z	965114.1502374584	upload-idle	Instant(_value: 3040516.8476589583 seconds)	0	2	64	0	26	64	physicalEthernet	en4#7#4294970257#6	0	0	0.0	0.0	Optional(false)	SC Ethernet; hardware provider IOEthernetInterface/AppleUSBDeviceNCMData/IOUSBDeviceInterface/AppleT8122USBXDCI/AppleARMIODevice/AppleH15IO/IOPlatformDevice/AppleARMPE/IOPlatformExpertDevice/IORegistryEntry
interface	2026-10-03T03:49:48.891Z	965114.1502374584	upload-idle	Instant(_value: 3040516.8476589583 seconds)	0	2	64	0	26	64	physicalEthernet	en5#8#4294970175#7	0	0	0.0	0.0	Optional(false)	SC Ethernet; hardware provider IOEthernetInterface/AppleUSBDeviceNCMData/IOUSBDeviceInterface/AppleT8122USBXDCI/AppleARMIODevice/AppleH15IO/IOPlatformDevice/AppleARMPE/IOPlatformExpertDevice/IORegistryEntry
interface	2026-10-03T03:49:48.891Z	965114.1502374584	upload-idle	Instant(_value: 3040516.8476589583 seconds)	0	2	64	0	26	64	physicalEthernet	en6#9#4294970236#8	0	0	0.0	0.0	Optional(false)	SC Ethernet; hardware provider IOEthernetInterface/AppleUSBDeviceNCMData/IOUSBDeviceInterface/AppleT8122USBXDCI/AppleARMIODevice/AppleH15IO/IOPlatformDevice/AppleARMPE/IOPlatformExpertDevice/IORegistryEntry
interface	2026-10-03T03:49:48.891Z	965114.1502374584	upload-idle	Instant(_value: 3040516.8476589583 seconds)	0	2	64	0	26	64	physicalEthernet	en1#10#4294970312#9	0	0	0.0	0.0	Optional(false)	SC Ethernet; hardware provider IOEthernetInterface/AppleThunderboltIPPort/AppleThunderboltIPService/IOThunderboltLocalNode/IOThunderboltControllerType5/AppleThunderboltNHIType5/AppleThunderboltHALType5/AppleARMIODevice/AppleH15IO/IOPlatformDevice/AppleARMPE/IOPlatformExpertDevice/IORegistryEntry
interface	2026-10-03T03:49:48.891Z	965114.1502374584	upload-idle	Instant(_value: 3040516.8476589583 seconds)	0	2	64	0	26	64	physicalEthernet	en2#11#4294970264#10	0	0	0.0	0.0	Optional(false)	SC Ethernet; hardware provider IOEthernetInterface/AppleThunderboltIPPort/AppleThunderboltIPService/IOThunderboltLocalNode/IOThunderboltControllerType5/AppleThunderboltNHIType5/AppleThunderboltHALType5/AppleARMIODevice/AppleH15IO/IOPlatformDevice/AppleARMPE/IOPlatformExpertDevice/IORegistryEntry
interface	2026-10-03T03:49:48.891Z	965114.1502374584	upload-idle	Instant(_value: 3040516.8476589583 seconds)	0	2	64	0	26	64	physicalEthernet	en3#12#4294970379#11	0	0	0.0	0.0	Optional(false)	SC Ethernet; hardware provider IOEthernetInterface/AppleThunderboltIPPort/AppleThunderboltIPService/IOThunderboltLocalNode/IOThunderboltControllerType5/AppleThunderboltNHIType5/AppleThunderboltHALType5/AppleARMIODevice/AppleH15IO/IOPlatformDevice/AppleARMPE/IOPlatformExpertDevice/IORegistryEntry
interface	2026-10-03T03:49:48.891Z	965114.1502374584	upload-idle	Instant(_value: 3040516.8476589583 seconds)	0	2	64	0	26	64	logical	bridge0#15#nil#12	0	0	0.0	0.0	Optional(false)	route link type=209
interface	2026-10-03T03:49:48.891Z	965114.1502374584	upload-idle	Instant(_value: 3040516.8476589583 seconds)	0	2	64	0	26	64	unknown	ap1#13#nil#13	0	0	0.0	0.0	nil	IORegistry provider unavailable; SC type=
interface	2026-10-03T03:49:48.891Z	965114.1502374584	upload-idle	Instant(_value: 3040516.8476589583 seconds)	0	2	64	0	26	64	physicalWiFi	en0#14#4294971925#14	3200879616	2000058368	313944.2035225806	4117.3010298043355	Optional(true)	SC Wi-Fi; hardware provider IOSkywalkLegacyEthernetInterface/IO80211Controller/IOUserNetworkWLAN/IOUserService/IOUserService/IOPCIDevice/ApplePCIEHostBridge/IOPCIDevice/AppleT6031PCIe/AppleARMIODevice/AppleH15IO/IOPlatformDevice/AppleARMPE/IOPlatformExpertDevice/IORegistryEntry
interface	2026-10-03T03:49:48.891Z	965114.1502374584	upload-idle	Instant(_value: 3040516.8476589583 seconds)	0	2	64	0	26	64	virtual	awdl0#16#nil#15	8599552	8556544	0.0	0.0	Optional(true)	SIOCGIFFUNCTIONALTYPE=4
interface	2026-10-03T03:49:48.891Z	965114.1502374584	upload-idle	Instant(_value: 3040516.8476589583 seconds)	0	2	64	0	26	64	unknown	llw0#17#nil#16	0	0	0.0	0.0	nil	IORegistry provider unavailable; SC type=
interface	2026-10-03T03:49:48.891Z	965114.1502374584	upload-idle	Instant(_value: 3040516.8476589583 seconds)	0	2	64	0	26	64	tunnel	utun0#18#nil#17	0	0	0.0	0.0	nil	tunnel name; VPN service unconfirmed
interface	2026-10-03T03:49:48.891Z	965114.1502374584	upload-idle	Instant(_value: 3040516.8476589583 seconds)	0	2	64	0	26	64	tunnel	utun1#19#nil#18	0	8192	0.0	0.0	nil	tunnel name; VPN service unconfirmed
interface	2026-10-03T03:49:48.891Z	965114.1502374584	upload-idle	Instant(_value: 3040516.8476589583 seconds)	0	2	64	0	26	64	tunnel	utun2#20#nil#19	0	8192	0.0	0.0	nil	tunnel name; VPN service unconfirmed
interface	2026-10-03T03:49:48.891Z	965114.1502374584	upload-idle	Instant(_value: 3040516.8476589583 seconds)	0	2	64	0	26	64	tunnel	utun3#21#nil#20	0	8192	0.0	0.0	nil	tunnel name; VPN service unconfirmed
interface	2026-10-03T03:49:48.891Z	965114.1502374584	upload-idle	Instant(_value: 3040516.8476589583 seconds)	0	2	64	0	26	64	tunnel	utun4#24#nil#21	9216	4096	0.0	0.0	nil	tunnel name; VPN service unconfirmed
interface	2026-10-03T03:49:48.891Z	965114.1502374584	upload-idle	Instant(_value: 3040516.8476589583 seconds)	0	2	64	0	26	64	tunnel	utun5#25#nil#22	166912	143360	0.0	0.0	nil	tunnel name; VPN service unconfirmed
interface	2026-10-03T03:49:48.891Z	965114.1502374584	upload-idle	Instant(_value: 3040516.8476589583 seconds)	0	2	64	0	26	64	tunnel	utun6#26#nil#23	0	8192	0.0	0.0	nil	tunnel name; VPN service unconfirmed
interface	2026-10-03T03:49:48.891Z	965114.1502374584	upload-idle	Instant(_value: 3040516.8476589583 seconds)	0	2	64	0	26	64	tunnel	utun7#27#nil#24	0	8192	0.0	0.0	nil	tunnel name; VPN service unconfirmed
interface	2026-10-03T03:49:48.891Z	965114.1502374584	upload-idle	Instant(_value: 3040516.8476589583 seconds)	0	2	64	0	26	64	virtual	vmenet0#22#4295372070#25	5120	1833984	0.0	0.0	Optional(true)	virtual provider IOUserEthernetInterface/IOUserEthernetController/IOUserEthernetResourceUserClient/IOUserEthernetResource/IOResources/IOPlatformExpertDevice/IORegistryEntry
interface	2026-10-03T03:49:48.891Z	965114.1502374584	upload-idle	Instant(_value: 3040516.8476589583 seconds)	0	2	64	0	26	64	logical	bridge100#23#nil#26	0	3668992	0.0	0.0	Optional(true)	route link type=209
delivery	2026-10-03T03:49:48.891Z	965114.1502374584	upload-idle	Instant(_value: 3040516.8476589583 seconds)	0	2	64	0	26	64	delivered	networkActivity						sameReadAt=true
card	2026-10-03T03:49:48.891Z	965114.1502374584	upload-idle	Optional(Swift.ContinuousClock.Instant(_value: 3040516.8476589583 seconds))					26		partial("물리 대상의 식별·연결·속도 일부를 확인하지 못했습니다")	NetworkCard			313944.2035225806	4117.3010298043355	true	Network 카드, 일부 수집 실패: 물리 대상의 식별·연결·속도 일부를 확인하지 못했습니다, 확인된 일부 합계 다운로드 306.6 KB/s, 업로드 4.0 KB/s, 일부 수집 실패: 대상 identity 또는 물리 정보 일부 미확인
sample	2026-10-03T03:49:49.940Z	965115.1999079584	upload-idle	Instant(_value: 3040517.85656 seconds)	0	2	65	0	26	65	partial("물리 대상의 식별·연결·속도 일부를 확인하지 못했습니다")	knownPhysical			315654.34739634255	2029.9314945102417	false	representativeRX=-1.0;representativeTX=-1.0
interface	2026-10-03T03:49:49.940Z	965115.1999079584	upload-idle	Instant(_value: 3040517.85656 seconds)	0	2	65	0	26	65	tunnel	gif0#2#nil#1	0	0	0.0	0.0	nil	route tunnel link type=55
interface	2026-10-03T03:49:49.940Z	965115.1999079584	upload-idle	Instant(_value: 3040517.85656 seconds)	0	2	65	0	26	65	tunnel	stf0#3#nil#2	0	0	0.0	0.0	nil	route tunnel link type=57
interface	2026-10-03T03:49:49.940Z	965115.1999079584	upload-idle	Instant(_value: 3040517.85656 seconds)	0	2	65	0	26	65	virtual	anpi1#4#4294970237#3	0	0	0.0	0.0	Optional(false)	private auxiliary network interface AppleUSBDeviceNCMPrivateEthernetInterface/AppleUSBDeviceNCMData/IOUSBDeviceInterface/AppleT8122USBXDCI/AppleARMIODevice/AppleH15IO/IOPlatformDevice/AppleARMPE/IOPlatformExpertDevice/IORegistryEntry
interface	2026-10-03T03:49:49.940Z	965115.1999079584	upload-idle	Instant(_value: 3040517.85656 seconds)	0	2	65	0	26	65	virtual	anpi2#5#4294970293#4	0	0	0.0	0.0	Optional(false)	private auxiliary network interface AppleUSBDeviceNCMPrivateEthernetInterface/AppleUSBDeviceNCMData/IOUSBDeviceInterface/AppleT8122USBXDCI/AppleARMIODevice/AppleH15IO/IOPlatformDevice/AppleARMPE/IOPlatformExpertDevice/IORegistryEntry
interface	2026-10-03T03:49:49.940Z	965115.1999079584	upload-idle	Instant(_value: 3040517.85656 seconds)	0	2	65	0	26	65	virtual	anpi0#6#4294970305#5	0	0	0.0	0.0	Optional(false)	private auxiliary network interface AppleUSBDeviceNCMPrivateEthernetInterface/AppleUSBDeviceNCMData/IOUSBDeviceInterface/AppleT8122USBXDCI/AppleARMIODevice/AppleH15IO/IOPlatformDevice/AppleARMPE/IOPlatformExpertDevice/IORegistryEntry
interface	2026-10-03T03:49:49.940Z	965115.1999079584	upload-idle	Instant(_value: 3040517.85656 seconds)	0	2	65	0	26	65	physicalEthernet	en4#7#4294970257#6	0	0	0.0	0.0	Optional(false)	SC Ethernet; hardware provider IOEthernetInterface/AppleUSBDeviceNCMData/IOUSBDeviceInterface/AppleT8122USBXDCI/AppleARMIODevice/AppleH15IO/IOPlatformDevice/AppleARMPE/IOPlatformExpertDevice/IORegistryEntry
interface	2026-10-03T03:49:49.940Z	965115.1999079584	upload-idle	Instant(_value: 3040517.85656 seconds)	0	2	65	0	26	65	physicalEthernet	en5#8#4294970175#7	0	0	0.0	0.0	Optional(false)	SC Ethernet; hardware provider IOEthernetInterface/AppleUSBDeviceNCMData/IOUSBDeviceInterface/AppleT8122USBXDCI/AppleARMIODevice/AppleH15IO/IOPlatformDevice/AppleARMPE/IOPlatformExpertDevice/IORegistryEntry
interface	2026-10-03T03:49:49.940Z	965115.1999079584	upload-idle	Instant(_value: 3040517.85656 seconds)	0	2	65	0	26	65	physicalEthernet	en6#9#4294970236#8	0	0	0.0	0.0	Optional(false)	SC Ethernet; hardware provider IOEthernetInterface/AppleUSBDeviceNCMData/IOUSBDeviceInterface/AppleT8122USBXDCI/AppleARMIODevice/AppleH15IO/IOPlatformDevice/AppleARMPE/IOPlatformExpertDevice/IORegistryEntry
interface	2026-10-03T03:49:49.940Z	965115.1999079584	upload-idle	Instant(_value: 3040517.85656 seconds)	0	2	65	0	26	65	physicalEthernet	en1#10#4294970312#9	0	0	0.0	0.0	Optional(false)	SC Ethernet; hardware provider IOEthernetInterface/AppleThunderboltIPPort/AppleThunderboltIPService/IOThunderboltLocalNode/IOThunderboltControllerType5/AppleThunderboltNHIType5/AppleThunderboltHALType5/AppleARMIODevice/AppleH15IO/IOPlatformDevice/AppleARMPE/IOPlatformExpertDevice/IORegistryEntry
interface	2026-10-03T03:49:49.940Z	965115.1999079584	upload-idle	Instant(_value: 3040517.85656 seconds)	0	2	65	0	26	65	physicalEthernet	en2#11#4294970264#10	0	0	0.0	0.0	Optional(false)	SC Ethernet; hardware provider IOEthernetInterface/AppleThunderboltIPPort/AppleThunderboltIPService/IOThunderboltLocalNode/IOThunderboltControllerType5/AppleThunderboltNHIType5/AppleThunderboltHALType5/AppleARMIODevice/AppleH15IO/IOPlatformDevice/AppleARMPE/IOPlatformExpertDevice/IORegistryEntry
interface	2026-10-03T03:49:49.940Z	965115.1999079584	upload-idle	Instant(_value: 3040517.85656 seconds)	0	2	65	0	26	65	physicalEthernet	en3#12#4294970379#11	0	0	0.0	0.0	Optional(false)	SC Ethernet; hardware provider IOEthernetInterface/AppleThunderboltIPPort/AppleThunderboltIPService/IOThunderboltLocalNode/IOThunderboltControllerType5/AppleThunderboltNHIType5/AppleThunderboltHALType5/AppleARMIODevice/AppleH15IO/IOPlatformDevice/AppleARMPE/IOPlatformExpertDevice/IORegistryEntry
interface	2026-10-03T03:49:49.940Z	965115.1999079584	upload-idle	Instant(_value: 3040517.85656 seconds)	0	2	65	0	26	65	logical	bridge0#15#nil#12	0	0	0.0	0.0	Optional(false)	route link type=209
interface	2026-10-03T03:49:49.940Z	965115.1999079584	upload-idle	Instant(_value: 3040517.85656 seconds)	0	2	65	0	26	65	unknown	ap1#13#nil#13	0	0	0.0	0.0	nil	IORegistry provider unavailable; SC type=
interface	2026-10-03T03:49:49.940Z	965115.1999079584	upload-idle	Instant(_value: 3040517.85656 seconds)	0	2	65	0	26	65	physicalWiFi	en0#14#4294971925#14	3201198080	2000060416	315654.34739634255	2029.9314945102417	Optional(true)	SC Wi-Fi; hardware provider IOSkywalkLegacyEthernetInterface/IO80211Controller/IOUserNetworkWLAN/IOUserService/IOUserService/IOPCIDevice/ApplePCIEHostBridge/IOPCIDevice/AppleT6031PCIe/AppleARMIODevice/AppleH15IO/IOPlatformDevice/AppleARMPE/IOPlatformExpertDevice/IORegistryEntry
interface	2026-10-03T03:49:49.940Z	965115.1999079584	upload-idle	Instant(_value: 3040517.85656 seconds)	0	2	65	0	26	65	virtual	awdl0#16#nil#15	8599552	8556544	0.0	0.0	Optional(true)	SIOCGIFFUNCTIONALTYPE=4
interface	2026-10-03T03:49:49.940Z	965115.1999079584	upload-idle	Instant(_value: 3040517.85656 seconds)	0	2	65	0	26	65	unknown	llw0#17#nil#16	0	0	0.0	0.0	nil	IORegistry provider unavailable; SC type=
interface	2026-10-03T03:49:49.940Z	965115.1999079584	upload-idle	Instant(_value: 3040517.85656 seconds)	0	2	65	0	26	65	tunnel	utun0#18#nil#17	0	0	0.0	0.0	nil	tunnel name; VPN service unconfirmed
interface	2026-10-03T03:49:49.940Z	965115.1999079584	upload-idle	Instant(_value: 3040517.85656 seconds)	0	2	65	0	26	65	tunnel	utun1#19#nil#18	0	8192	0.0	0.0	nil	tunnel name; VPN service unconfirmed
interface	2026-10-03T03:49:49.940Z	965115.1999079584	upload-idle	Instant(_value: 3040517.85656 seconds)	0	2	65	0	26	65	tunnel	utun2#20#nil#19	0	8192	0.0	0.0	nil	tunnel name; VPN service unconfirmed
interface	2026-10-03T03:49:49.940Z	965115.1999079584	upload-idle	Instant(_value: 3040517.85656 seconds)	0	2	65	0	26	65	tunnel	utun3#21#nil#20	0	8192	0.0	0.0	nil	tunnel name; VPN service unconfirmed
interface	2026-10-03T03:49:49.940Z	965115.1999079584	upload-idle	Instant(_value: 3040517.85656 seconds)	0	2	65	0	26	65	tunnel	utun4#24#nil#21	9216	4096	0.0	0.0	nil	tunnel name; VPN service unconfirmed
interface	2026-10-03T03:49:49.940Z	965115.1999079584	upload-idle	Instant(_value: 3040517.85656 seconds)	0	2	65	0	26	65	tunnel	utun5#25#nil#22	166912	143360	0.0	0.0	nil	tunnel name; VPN service unconfirmed
interface	2026-10-03T03:49:49.940Z	965115.1999079584	upload-idle	Instant(_value: 3040517.85656 seconds)	0	2	65	0	26	65	tunnel	utun6#26#nil#23	0	8192	0.0	0.0	nil	tunnel name; VPN service unconfirmed
interface	2026-10-03T03:49:49.940Z	965115.1999079584	upload-idle	Instant(_value: 3040517.85656 seconds)	0	2	65	0	26	65	tunnel	utun7#27#nil#24	0	8192	0.0	0.0	nil	tunnel name; VPN service unconfirmed
interface	2026-10-03T03:49:49.940Z	965115.1999079584	upload-idle	Instant(_value: 3040517.85656 seconds)	0	2	65	0	26	65	virtual	vmenet0#22#4295372070#25	5120	1833984	0.0	0.0	Optional(true)	virtual provider IOUserEthernetInterface/IOUserEthernetController/IOUserEthernetResourceUserClient/IOUserEthernetResource/IOResources/IOPlatformExpertDevice/IORegistryEntry
interface	2026-10-03T03:49:49.940Z	965115.1999079584	upload-idle	Instant(_value: 3040517.85656 seconds)	0	2	65	0	26	65	logical	bridge100#23#nil#26	0	3668992	0.0	0.0	Optional(true)	route link type=209
delivery	2026-10-03T03:49:49.940Z	965115.1999079584	upload-idle	Instant(_value: 3040517.85656 seconds)	0	2	65	0	26	65	delivered	networkActivity						sameReadAt=true
card	2026-10-03T03:49:49.940Z	965115.1999079584	upload-idle	Optional(Swift.ContinuousClock.Instant(_value: 3040517.85656 seconds))					26		partial("물리 대상의 식별·연결·속도 일부를 확인하지 못했습니다")	NetworkCard			315654.34739634255	2029.9314945102417	true	Network 카드, 일부 수집 실패: 물리 대상의 식별·연결·속도 일부를 확인하지 못했습니다, 확인된 일부 합계 다운로드 308.3 KB/s, 업로드 2.0 KB/s, 일부 수집 실패: 대상 identity 또는 물리 정보 일부 미확인
sample	2026-10-03T03:49:50.991Z	965116.2501085417	upload-idle	Instant(_value: 3040518.855476541 seconds)	0	2	66	0	26	66	partial("물리 대상의 식별·연결·속도 일부를 확인하지 못했습니다")	knownPhysical			310608.5316090486	1025.110665376398	false	representativeRX=-1.0;representativeTX=-1.0
interface	2026-10-03T03:49:50.991Z	965116.2501085417	upload-idle	Instant(_value: 3040518.855476541 seconds)	0	2	66	0	26	66	tunnel	gif0#2#nil#1	0	0	0.0	0.0	nil	route tunnel link type=55
interface	2026-10-03T03:49:50.991Z	965116.2501085417	upload-idle	Instant(_value: 3040518.855476541 seconds)	0	2	66	0	26	66	tunnel	stf0#3#nil#2	0	0	0.0	0.0	nil	route tunnel link type=57
interface	2026-10-03T03:49:50.991Z	965116.2501085417	upload-idle	Instant(_value: 3040518.855476541 seconds)	0	2	66	0	26	66	virtual	anpi1#4#4294970237#3	0	0	0.0	0.0	Optional(false)	private auxiliary network interface AppleUSBDeviceNCMPrivateEthernetInterface/AppleUSBDeviceNCMData/IOUSBDeviceInterface/AppleT8122USBXDCI/AppleARMIODevice/AppleH15IO/IOPlatformDevice/AppleARMPE/IOPlatformExpertDevice/IORegistryEntry
interface	2026-10-03T03:49:50.991Z	965116.2501085417	upload-idle	Instant(_value: 3040518.855476541 seconds)	0	2	66	0	26	66	virtual	anpi2#5#4294970293#4	0	0	0.0	0.0	Optional(false)	private auxiliary network interface AppleUSBDeviceNCMPrivateEthernetInterface/AppleUSBDeviceNCMData/IOUSBDeviceInterface/AppleT8122USBXDCI/AppleARMIODevice/AppleH15IO/IOPlatformDevice/AppleARMPE/IOPlatformExpertDevice/IORegistryEntry
interface	2026-10-03T03:49:50.991Z	965116.2501085417	upload-idle	Instant(_value: 3040518.855476541 seconds)	0	2	66	0	26	66	virtual	anpi0#6#4294970305#5	0	0	0.0	0.0	Optional(false)	private auxiliary network interface AppleUSBDeviceNCMPrivateEthernetInterface/AppleUSBDeviceNCMData/IOUSBDeviceInterface/AppleT8122USBXDCI/AppleARMIODevice/AppleH15IO/IOPlatformDevice/AppleARMPE/IOPlatformExpertDevice/IORegistryEntry
interface	2026-10-03T03:49:50.991Z	965116.2501085417	upload-idle	Instant(_value: 3040518.855476541 seconds)	0	2	66	0	26	66	physicalEthernet	en4#7#4294970257#6	0	0	0.0	0.0	Optional(false)	SC Ethernet; hardware provider IOEthernetInterface/AppleUSBDeviceNCMData/IOUSBDeviceInterface/AppleT8122USBXDCI/AppleARMIODevice/AppleH15IO/IOPlatformDevice/AppleARMPE/IOPlatformExpertDevice/IORegistryEntry
interface	2026-10-03T03:49:50.991Z	965116.2501085417	upload-idle	Instant(_value: 3040518.855476541 seconds)	0	2	66	0	26	66	physicalEthernet	en5#8#4294970175#7	0	0	0.0	0.0	Optional(false)	SC Ethernet; hardware provider IOEthernetInterface/AppleUSBDeviceNCMData/IOUSBDeviceInterface/AppleT8122USBXDCI/AppleARMIODevice/AppleH15IO/IOPlatformDevice/AppleARMPE/IOPlatformExpertDevice/IORegistryEntry
interface	2026-10-03T03:49:50.991Z	965116.2501085417	upload-idle	Instant(_value: 3040518.855476541 seconds)	0	2	66	0	26	66	physicalEthernet	en6#9#4294970236#8	0	0	0.0	0.0	Optional(false)	SC Ethernet; hardware provider IOEthernetInterface/AppleUSBDeviceNCMData/IOUSBDeviceInterface/AppleT8122USBXDCI/AppleARMIODevice/AppleH15IO/IOPlatformDevice/AppleARMPE/IOPlatformExpertDevice/IORegistryEntry
interface	2026-10-03T03:49:50.991Z	965116.2501085417	upload-idle	Instant(_value: 3040518.855476541 seconds)	0	2	66	0	26	66	physicalEthernet	en1#10#4294970312#9	0	0	0.0	0.0	Optional(false)	SC Ethernet; hardware provider IOEthernetInterface/AppleThunderboltIPPort/AppleThunderboltIPService/IOThunderboltLocalNode/IOThunderboltControllerType5/AppleThunderboltNHIType5/AppleThunderboltHALType5/AppleARMIODevice/AppleH15IO/IOPlatformDevice/AppleARMPE/IOPlatformExpertDevice/IORegistryEntry
interface	2026-10-03T03:49:50.991Z	965116.2501085417	upload-idle	Instant(_value: 3040518.855476541 seconds)	0	2	66	0	26	66	physicalEthernet	en2#11#4294970264#10	0	0	0.0	0.0	Optional(false)	SC Ethernet; hardware provider IOEthernetInterface/AppleThunderboltIPPort/AppleThunderboltIPService/IOThunderboltLocalNode/IOThunderboltControllerType5/AppleThunderboltNHIType5/AppleThunderboltHALType5/AppleARMIODevice/AppleH15IO/IOPlatformDevice/AppleARMPE/IOPlatformExpertDevice/IORegistryEntry
interface	2026-10-03T03:49:50.991Z	965116.2501085417	upload-idle	Instant(_value: 3040518.855476541 seconds)	0	2	66	0	26	66	physicalEthernet	en3#12#4294970379#11	0	0	0.0	0.0	Optional(false)	SC Ethernet; hardware provider IOEthernetInterface/AppleThunderboltIPPort/AppleThunderboltIPService/IOThunderboltLocalNode/IOThunderboltControllerType5/AppleThunderboltNHIType5/AppleThunderboltHALType5/AppleARMIODevice/AppleH15IO/IOPlatformDevice/AppleARMPE/IOPlatformExpertDevice/IORegistryEntry
interface	2026-10-03T03:49:50.991Z	965116.2501085417	upload-idle	Instant(_value: 3040518.855476541 seconds)	0	2	66	0	26	66	logical	bridge0#15#nil#12	0	0	0.0	0.0	Optional(false)	route link type=209
interface	2026-10-03T03:49:50.991Z	965116.2501085417	upload-idle	Instant(_value: 3040518.855476541 seconds)	0	2	66	0	26	66	unknown	ap1#13#nil#13	0	0	0.0	0.0	nil	IORegistry provider unavailable; SC type=
interface	2026-10-03T03:49:50.991Z	965116.2501085417	upload-idle	Instant(_value: 3040518.855476541 seconds)	0	2	66	0	26	66	physicalWiFi	en0#14#4294971925#14	3201508352	2000061440	310608.5316090486	1025.110665376398	Optional(true)	SC Wi-Fi; hardware provider IOSkywalkLegacyEthernetInterface/IO80211Controller/IOUserNetworkWLAN/IOUserService/IOUserService/IOPCIDevice/ApplePCIEHostBridge/IOPCIDevice/AppleT6031PCIe/AppleARMIODevice/AppleH15IO/IOPlatformDevice/AppleARMPE/IOPlatformExpertDevice/IORegistryEntry
interface	2026-10-03T03:49:50.991Z	965116.2501085417	upload-idle	Instant(_value: 3040518.855476541 seconds)	0	2	66	0	26	66	virtual	awdl0#16#nil#15	8599552	8556544	0.0	0.0	Optional(true)	SIOCGIFFUNCTIONALTYPE=4
interface	2026-10-03T03:49:50.991Z	965116.2501085417	upload-idle	Instant(_value: 3040518.855476541 seconds)	0	2	66	0	26	66	unknown	llw0#17#nil#16	0	0	0.0	0.0	nil	IORegistry provider unavailable; SC type=
interface	2026-10-03T03:49:50.991Z	965116.2501085417	upload-idle	Instant(_value: 3040518.855476541 seconds)	0	2	66	0	26	66	tunnel	utun0#18#nil#17	0	0	0.0	0.0	nil	tunnel name; VPN service unconfirmed
interface	2026-10-03T03:49:50.991Z	965116.2501085417	upload-idle	Instant(_value: 3040518.855476541 seconds)	0	2	66	0	26	66	tunnel	utun1#19#nil#18	0	8192	0.0	0.0	nil	tunnel name; VPN service unconfirmed
interface	2026-10-03T03:49:50.991Z	965116.2501085417	upload-idle	Instant(_value: 3040518.855476541 seconds)	0	2	66	0	26	66	tunnel	utun2#20#nil#19	0	8192	0.0	0.0	nil	tunnel name; VPN service unconfirmed
interface	2026-10-03T03:49:50.991Z	965116.2501085417	upload-idle	Instant(_value: 3040518.855476541 seconds)	0	2	66	0	26	66	tunnel	utun3#21#nil#20	0	8192	0.0	0.0	nil	tunnel name; VPN service unconfirmed
interface	2026-10-03T03:49:50.991Z	965116.2501085417	upload-idle	Instant(_value: 3040518.855476541 seconds)	0	2	66	0	26	66	tunnel	utun4#24#nil#21	9216	4096	0.0	0.0	nil	tunnel name; VPN service unconfirmed
interface	2026-10-03T03:49:50.991Z	965116.2501085417	upload-idle	Instant(_value: 3040518.855476541 seconds)	0	2	66	0	26	66	tunnel	utun5#25#nil#22	166912	143360	0.0	0.0	nil	tunnel name; VPN service unconfirmed
interface	2026-10-03T03:49:50.991Z	965116.2501085417	upload-idle	Instant(_value: 3040518.855476541 seconds)	0	2	66	0	26	66	tunnel	utun6#26#nil#23	0	8192	0.0	0.0	nil	tunnel name; VPN service unconfirmed
interface	2026-10-03T03:49:50.991Z	965116.2501085417	upload-idle	Instant(_value: 3040518.855476541 seconds)	0	2	66	0	26	66	tunnel	utun7#27#nil#24	0	8192	0.0	0.0	nil	tunnel name; VPN service unconfirmed
interface	2026-10-03T03:49:50.991Z	965116.2501085417	upload-idle	Instant(_value: 3040518.855476541 seconds)	0	2	66	0	26	66	virtual	vmenet0#22#4295372070#25	5120	1833984	0.0	0.0	Optional(true)	virtual provider IOUserEthernetInterface/IOUserEthernetController/IOUserEthernetResourceUserClient/IOUserEthernetResource/IOResources/IOPlatformExpertDevice/IORegistryEntry
interface	2026-10-03T03:49:50.991Z	965116.2501085417	upload-idle	Instant(_value: 3040518.855476541 seconds)	0	2	66	0	26	66	logical	bridge100#23#nil#26	0	3668992	0.0	0.0	Optional(true)	route link type=209
delivery	2026-10-03T03:49:50.991Z	965116.2501085417	upload-idle	Instant(_value: 3040518.855476541 seconds)	0	2	66	0	26	66	delivered	networkActivity						sameReadAt=true
card	2026-10-03T03:49:50.991Z	965116.2501085417	upload-idle	Optional(Swift.ContinuousClock.Instant(_value: 3040518.855476541 seconds))					26		partial("물리 대상의 식별·연결·속도 일부를 확인하지 못했습니다")	NetworkCard			310608.5316090486	1025.110665376398	true	Network 카드, 일부 수집 실패: 물리 대상의 식별·연결·속도 일부를 확인하지 못했습니다, 확인된 일부 합계 다운로드 303.3 KB/s, 업로드 1.0 KB/s, 일부 수집 실패: 대상 identity 또는 물리 정보 일부 미확인
sample	2026-10-03T03:49:52.040Z	965117.2999309584	upload-idle	Instant(_value: 3040519.854971833 seconds)	0	2	67	0	26	67	partial("물리 대상의 식별·연결·속도 일부를 확인하지 못했습니다")	knownPhysical			310428.67583612393	0.0	false	representativeRX=-1.0;representativeTX=-1.0
interface	2026-10-03T03:49:52.040Z	965117.2999309584	upload-idle	Instant(_value: 3040519.854971833 seconds)	0	2	67	0	26	67	tunnel	gif0#2#nil#1	0	0	0.0	0.0	nil	route tunnel link type=55
interface	2026-10-03T03:49:52.040Z	965117.2999309584	upload-idle	Instant(_value: 3040519.854971833 seconds)	0	2	67	0	26	67	tunnel	stf0#3#nil#2	0	0	0.0	0.0	nil	route tunnel link type=57
interface	2026-10-03T03:49:52.040Z	965117.2999309584	upload-idle	Instant(_value: 3040519.854971833 seconds)	0	2	67	0	26	67	virtual	anpi1#4#4294970237#3	0	0	0.0	0.0	Optional(false)	private auxiliary network interface AppleUSBDeviceNCMPrivateEthernetInterface/AppleUSBDeviceNCMData/IOUSBDeviceInterface/AppleT8122USBXDCI/AppleARMIODevice/AppleH15IO/IOPlatformDevice/AppleARMPE/IOPlatformExpertDevice/IORegistryEntry
interface	2026-10-03T03:49:52.040Z	965117.2999309584	upload-idle	Instant(_value: 3040519.854971833 seconds)	0	2	67	0	26	67	virtual	anpi2#5#4294970293#4	0	0	0.0	0.0	Optional(false)	private auxiliary network interface AppleUSBDeviceNCMPrivateEthernetInterface/AppleUSBDeviceNCMData/IOUSBDeviceInterface/AppleT8122USBXDCI/AppleARMIODevice/AppleH15IO/IOPlatformDevice/AppleARMPE/IOPlatformExpertDevice/IORegistryEntry
interface	2026-10-03T03:49:52.040Z	965117.2999309584	upload-idle	Instant(_value: 3040519.854971833 seconds)	0	2	67	0	26	67	virtual	anpi0#6#4294970305#5	0	0	0.0	0.0	Optional(false)	private auxiliary network interface AppleUSBDeviceNCMPrivateEthernetInterface/AppleUSBDeviceNCMData/IOUSBDeviceInterface/AppleT8122USBXDCI/AppleARMIODevice/AppleH15IO/IOPlatformDevice/AppleARMPE/IOPlatformExpertDevice/IORegistryEntry
interface	2026-10-03T03:49:52.040Z	965117.2999309584	upload-idle	Instant(_value: 3040519.854971833 seconds)	0	2	67	0	26	67	physicalEthernet	en4#7#4294970257#6	0	0	0.0	0.0	Optional(false)	SC Ethernet; hardware provider IOEthernetInterface/AppleUSBDeviceNCMData/IOUSBDeviceInterface/AppleT8122USBXDCI/AppleARMIODevice/AppleH15IO/IOPlatformDevice/AppleARMPE/IOPlatformExpertDevice/IORegistryEntry
interface	2026-10-03T03:49:52.040Z	965117.2999309584	upload-idle	Instant(_value: 3040519.854971833 seconds)	0	2	67	0	26	67	physicalEthernet	en5#8#4294970175#7	0	0	0.0	0.0	Optional(false)	SC Ethernet; hardware provider IOEthernetInterface/AppleUSBDeviceNCMData/IOUSBDeviceInterface/AppleT8122USBXDCI/AppleARMIODevice/AppleH15IO/IOPlatformDevice/AppleARMPE/IOPlatformExpertDevice/IORegistryEntry
interface	2026-10-03T03:49:52.040Z	965117.2999309584	upload-idle	Instant(_value: 3040519.854971833 seconds)	0	2	67	0	26	67	physicalEthernet	en6#9#4294970236#8	0	0	0.0	0.0	Optional(false)	SC Ethernet; hardware provider IOEthernetInterface/AppleUSBDeviceNCMData/IOUSBDeviceInterface/AppleT8122USBXDCI/AppleARMIODevice/AppleH15IO/IOPlatformDevice/AppleARMPE/IOPlatformExpertDevice/IORegistryEntry
interface	2026-10-03T03:49:52.040Z	965117.2999309584	upload-idle	Instant(_value: 3040519.854971833 seconds)	0	2	67	0	26	67	physicalEthernet	en1#10#4294970312#9	0	0	0.0	0.0	Optional(false)	SC Ethernet; hardware provider IOEthernetInterface/AppleThunderboltIPPort/AppleThunderboltIPService/IOThunderboltLocalNode/IOThunderboltControllerType5/AppleThunderboltNHIType5/AppleThunderboltHALType5/AppleARMIODevice/AppleH15IO/IOPlatformDevice/AppleARMPE/IOPlatformExpertDevice/IORegistryEntry
interface	2026-10-03T03:49:52.040Z	965117.2999309584	upload-idle	Instant(_value: 3040519.854971833 seconds)	0	2	67	0	26	67	physicalEthernet	en2#11#4294970264#10	0	0	0.0	0.0	Optional(false)	SC Ethernet; hardware provider IOEthernetInterface/AppleThunderboltIPPort/AppleThunderboltIPService/IOThunderboltLocalNode/IOThunderboltControllerType5/AppleThunderboltNHIType5/AppleThunderboltHALType5/AppleARMIODevice/AppleH15IO/IOPlatformDevice/AppleARMPE/IOPlatformExpertDevice/IORegistryEntry
interface	2026-10-03T03:49:52.040Z	965117.2999309584	upload-idle	Instant(_value: 3040519.854971833 seconds)	0	2	67	0	26	67	physicalEthernet	en3#12#4294970379#11	0	0	0.0	0.0	Optional(false)	SC Ethernet; hardware provider IOEthernetInterface/AppleThunderboltIPPort/AppleThunderboltIPService/IOThunderboltLocalNode/IOThunderboltControllerType5/AppleThunderboltNHIType5/AppleThunderboltHALType5/AppleARMIODevice/AppleH15IO/IOPlatformDevice/AppleARMPE/IOPlatformExpertDevice/IORegistryEntry
interface	2026-10-03T03:49:52.040Z	965117.2999309584	upload-idle	Instant(_value: 3040519.854971833 seconds)	0	2	67	0	26	67	logical	bridge0#15#nil#12	0	0	0.0	0.0	Optional(false)	route link type=209
interface	2026-10-03T03:49:52.040Z	965117.2999309584	upload-idle	Instant(_value: 3040519.854971833 seconds)	0	2	67	0	26	67	unknown	ap1#13#nil#13	0	0	0.0	0.0	nil	IORegistry provider unavailable; SC type=
interface	2026-10-03T03:49:52.040Z	965117.2999309584	upload-idle	Instant(_value: 3040519.854971833 seconds)	0	2	67	0	26	67	physicalWiFi	en0#14#4294971925#14	3201818624	2000061440	310428.67583612393	0.0	Optional(true)	SC Wi-Fi; hardware provider IOSkywalkLegacyEthernetInterface/IO80211Controller/IOUserNetworkWLAN/IOUserService/IOUserService/IOPCIDevice/ApplePCIEHostBridge/IOPCIDevice/AppleT6031PCIe/AppleARMIODevice/AppleH15IO/IOPlatformDevice/AppleARMPE/IOPlatformExpertDevice/IORegistryEntry
interface	2026-10-03T03:49:52.040Z	965117.2999309584	upload-idle	Instant(_value: 3040519.854971833 seconds)	0	2	67	0	26	67	virtual	awdl0#16#nil#15	8599552	8556544	0.0	0.0	Optional(true)	SIOCGIFFUNCTIONALTYPE=4
interface	2026-10-03T03:49:52.040Z	965117.2999309584	upload-idle	Instant(_value: 3040519.854971833 seconds)	0	2	67	0	26	67	unknown	llw0#17#nil#16	0	0	0.0	0.0	nil	IORegistry provider unavailable; SC type=
interface	2026-10-03T03:49:52.040Z	965117.2999309584	upload-idle	Instant(_value: 3040519.854971833 seconds)	0	2	67	0	26	67	tunnel	utun0#18#nil#17	0	0	0.0	0.0	nil	tunnel name; VPN service unconfirmed
interface	2026-10-03T03:49:52.040Z	965117.2999309584	upload-idle	Instant(_value: 3040519.854971833 seconds)	0	2	67	0	26	67	tunnel	utun1#19#nil#18	0	8192	0.0	0.0	nil	tunnel name; VPN service unconfirmed
interface	2026-10-03T03:49:52.040Z	965117.2999309584	upload-idle	Instant(_value: 3040519.854971833 seconds)	0	2	67	0	26	67	tunnel	utun2#20#nil#19	0	8192	0.0	0.0	nil	tunnel name; VPN service unconfirmed
interface	2026-10-03T03:49:52.040Z	965117.2999309584	upload-idle	Instant(_value: 3040519.854971833 seconds)	0	2	67	0	26	67	tunnel	utun3#21#nil#20	0	8192	0.0	0.0	nil	tunnel name; VPN service unconfirmed
interface	2026-10-03T03:49:52.040Z	965117.2999309584	upload-idle	Instant(_value: 3040519.854971833 seconds)	0	2	67	0	26	67	tunnel	utun4#24#nil#21	9216	4096	0.0	0.0	nil	tunnel name; VPN service unconfirmed
interface	2026-10-03T03:49:52.040Z	965117.2999309584	upload-idle	Instant(_value: 3040519.854971833 seconds)	0	2	67	0	26	67	tunnel	utun5#25#nil#22	166912	143360	0.0	0.0	nil	tunnel name; VPN service unconfirmed
interface	2026-10-03T03:49:52.040Z	965117.2999309584	upload-idle	Instant(_value: 3040519.854971833 seconds)	0	2	67	0	26	67	tunnel	utun6#26#nil#23	0	8192	0.0	0.0	nil	tunnel name; VPN service unconfirmed
interface	2026-10-03T03:49:52.040Z	965117.2999309584	upload-idle	Instant(_value: 3040519.854971833 seconds)	0	2	67	0	26	67	tunnel	utun7#27#nil#24	0	8192	0.0	0.0	nil	tunnel name; VPN service unconfirmed
interface	2026-10-03T03:49:52.040Z	965117.2999309584	upload-idle	Instant(_value: 3040519.854971833 seconds)	0	2	67	0	26	67	virtual	vmenet0#22#4295372070#25	5120	1833984	0.0	0.0	Optional(true)	virtual provider IOUserEthernetInterface/IOUserEthernetController/IOUserEthernetResourceUserClient/IOUserEthernetResource/IOResources/IOPlatformExpertDevice/IORegistryEntry
interface	2026-10-03T03:49:52.040Z	965117.2999309584	upload-idle	Instant(_value: 3040519.854971833 seconds)	0	2	67	0	26	67	logical	bridge100#23#nil#26	0	3668992	0.0	0.0	Optional(true)	route link type=209
delivery	2026-10-03T03:49:52.040Z	965117.2999309584	upload-idle	Instant(_value: 3040519.854971833 seconds)	0	2	67	0	26	67	delivered	networkActivity						sameReadAt=true
card	2026-10-03T03:49:52.040Z	965117.2999309584	upload-idle	Optional(Swift.ContinuousClock.Instant(_value: 3040519.854971833 seconds))					26		partial("물리 대상의 식별·연결·속도 일부를 확인하지 못했습니다")	NetworkCard			310428.67583612393	0.0	true	Network 카드, 일부 수집 실패: 물리 대상의 식별·연결·속도 일부를 확인하지 못했습니다, 확인된 일부 합계 다운로드 303.2 KB/s, 업로드 0.0 B/s, 일부 수집 실패: 대상 identity 또는 물리 정보 일부 미확인
sample	2026-10-03T03:49:53.091Z	965118.3500900834	upload-idle	Instant(_value: 3040520.8196625 seconds)	0	2	68	0	26	68	partial("물리 대상의 식별·연결·속도 일부를 확인하지 못했습니다")	knownPhysical			314198.12626838655	0.0	false	representativeRX=-1.0;representativeTX=-1.0
interface	2026-10-03T03:49:53.091Z	965118.3500900834	upload-idle	Instant(_value: 3040520.8196625 seconds)	0	2	68	0	26	68	tunnel	gif0#2#nil#1	0	0	0.0	0.0	nil	route tunnel link type=55
interface	2026-10-03T03:49:53.091Z	965118.3500900834	upload-idle	Instant(_value: 3040520.8196625 seconds)	0	2	68	0	26	68	tunnel	stf0#3#nil#2	0	0	0.0	0.0	nil	route tunnel link type=57
interface	2026-10-03T03:49:53.091Z	965118.3500900834	upload-idle	Instant(_value: 3040520.8196625 seconds)	0	2	68	0	26	68	virtual	anpi1#4#4294970237#3	0	0	0.0	0.0	Optional(false)	private auxiliary network interface AppleUSBDeviceNCMPrivateEthernetInterface/AppleUSBDeviceNCMData/IOUSBDeviceInterface/AppleT8122USBXDCI/AppleARMIODevice/AppleH15IO/IOPlatformDevice/AppleARMPE/IOPlatformExpertDevice/IORegistryEntry
interface	2026-10-03T03:49:53.091Z	965118.3500900834	upload-idle	Instant(_value: 3040520.8196625 seconds)	0	2	68	0	26	68	virtual	anpi2#5#4294970293#4	0	0	0.0	0.0	Optional(false)	private auxiliary network interface AppleUSBDeviceNCMPrivateEthernetInterface/AppleUSBDeviceNCMData/IOUSBDeviceInterface/AppleT8122USBXDCI/AppleARMIODevice/AppleH15IO/IOPlatformDevice/AppleARMPE/IOPlatformExpertDevice/IORegistryEntry
interface	2026-10-03T03:49:53.091Z	965118.3500900834	upload-idle	Instant(_value: 3040520.8196625 seconds)	0	2	68	0	26	68	virtual	anpi0#6#4294970305#5	0	0	0.0	0.0	Optional(false)	private auxiliary network interface AppleUSBDeviceNCMPrivateEthernetInterface/AppleUSBDeviceNCMData/IOUSBDeviceInterface/AppleT8122USBXDCI/AppleARMIODevice/AppleH15IO/IOPlatformDevice/AppleARMPE/IOPlatformExpertDevice/IORegistryEntry
interface	2026-10-03T03:49:53.091Z	965118.3500900834	upload-idle	Instant(_value: 3040520.8196625 seconds)	0	2	68	0	26	68	physicalEthernet	en4#7#4294970257#6	0	0	0.0	0.0	Optional(false)	SC Ethernet; hardware provider IOEthernetInterface/AppleUSBDeviceNCMData/IOUSBDeviceInterface/AppleT8122USBXDCI/AppleARMIODevice/AppleH15IO/IOPlatformDevice/AppleARMPE/IOPlatformExpertDevice/IORegistryEntry
interface	2026-10-03T03:49:53.091Z	965118.3500900834	upload-idle	Instant(_value: 3040520.8196625 seconds)	0	2	68	0	26	68	physicalEthernet	en5#8#4294970175#7	0	0	0.0	0.0	Optional(false)	SC Ethernet; hardware provider IOEthernetInterface/AppleUSBDeviceNCMData/IOUSBDeviceInterface/AppleT8122USBXDCI/AppleARMIODevice/AppleH15IO/IOPlatformDevice/AppleARMPE/IOPlatformExpertDevice/IORegistryEntry
interface	2026-10-03T03:49:53.091Z	965118.3500900834	upload-idle	Instant(_value: 3040520.8196625 seconds)	0	2	68	0	26	68	physicalEthernet	en6#9#4294970236#8	0	0	0.0	0.0	Optional(false)	SC Ethernet; hardware provider IOEthernetInterface/AppleUSBDeviceNCMData/IOUSBDeviceInterface/AppleT8122USBXDCI/AppleARMIODevice/AppleH15IO/IOPlatformDevice/AppleARMPE/IOPlatformExpertDevice/IORegistryEntry
interface	2026-10-03T03:49:53.091Z	965118.3500900834	upload-idle	Instant(_value: 3040520.8196625 seconds)	0	2	68	0	26	68	physicalEthernet	en1#10#4294970312#9	0	0	0.0	0.0	Optional(false)	SC Ethernet; hardware provider IOEthernetInterface/AppleThunderboltIPPort/AppleThunderboltIPService/IOThunderboltLocalNode/IOThunderboltControllerType5/AppleThunderboltNHIType5/AppleThunderboltHALType5/AppleARMIODevice/AppleH15IO/IOPlatformDevice/AppleARMPE/IOPlatformExpertDevice/IORegistryEntry
interface	2026-10-03T03:49:53.091Z	965118.3500900834	upload-idle	Instant(_value: 3040520.8196625 seconds)	0	2	68	0	26	68	physicalEthernet	en2#11#4294970264#10	0	0	0.0	0.0	Optional(false)	SC Ethernet; hardware provider IOEthernetInterface/AppleThunderboltIPPort/AppleThunderboltIPService/IOThunderboltLocalNode/IOThunderboltControllerType5/AppleThunderboltNHIType5/AppleThunderboltHALType5/AppleARMIODevice/AppleH15IO/IOPlatformDevice/AppleARMPE/IOPlatformExpertDevice/IORegistryEntry
interface	2026-10-03T03:49:53.091Z	965118.3500900834	upload-idle	Instant(_value: 3040520.8196625 seconds)	0	2	68	0	26	68	physicalEthernet	en3#12#4294970379#11	0	0	0.0	0.0	Optional(false)	SC Ethernet; hardware provider IOEthernetInterface/AppleThunderboltIPPort/AppleThunderboltIPService/IOThunderboltLocalNode/IOThunderboltControllerType5/AppleThunderboltNHIType5/AppleThunderboltHALType5/AppleARMIODevice/AppleH15IO/IOPlatformDevice/AppleARMPE/IOPlatformExpertDevice/IORegistryEntry
interface	2026-10-03T03:49:53.091Z	965118.3500900834	upload-idle	Instant(_value: 3040520.8196625 seconds)	0	2	68	0	26	68	logical	bridge0#15#nil#12	0	0	0.0	0.0	Optional(false)	route link type=209
interface	2026-10-03T03:49:53.091Z	965118.3500900834	upload-idle	Instant(_value: 3040520.8196625 seconds)	0	2	68	0	26	68	unknown	ap1#13#nil#13	0	0	0.0	0.0	nil	IORegistry provider unavailable; SC type=
interface	2026-10-03T03:49:53.091Z	965118.3500900834	upload-idle	Instant(_value: 3040520.8196625 seconds)	0	2	68	0	26	68	physicalWiFi	en0#14#4294971925#14	3202121728	2000061440	314198.12626838655	0.0	Optional(true)	SC Wi-Fi; hardware provider IOSkywalkLegacyEthernetInterface/IO80211Controller/IOUserNetworkWLAN/IOUserService/IOUserService/IOPCIDevice/ApplePCIEHostBridge/IOPCIDevice/AppleT6031PCIe/AppleARMIODevice/AppleH15IO/IOPlatformDevice/AppleARMPE/IOPlatformExpertDevice/IORegistryEntry
interface	2026-10-03T03:49:53.091Z	965118.3500900834	upload-idle	Instant(_value: 3040520.8196625 seconds)	0	2	68	0	26	68	virtual	awdl0#16#nil#15	8599552	8556544	0.0	0.0	Optional(true)	SIOCGIFFUNCTIONALTYPE=4
interface	2026-10-03T03:49:53.091Z	965118.3500900834	upload-idle	Instant(_value: 3040520.8196625 seconds)	0	2	68	0	26	68	unknown	llw0#17#nil#16	0	0	0.0	0.0	nil	IORegistry provider unavailable; SC type=
interface	2026-10-03T03:49:53.091Z	965118.3500900834	upload-idle	Instant(_value: 3040520.8196625 seconds)	0	2	68	0	26	68	tunnel	utun0#18#nil#17	0	0	0.0	0.0	nil	tunnel name; VPN service unconfirmed
interface	2026-10-03T03:49:53.091Z	965118.3500900834	upload-idle	Instant(_value: 3040520.8196625 seconds)	0	2	68	0	26	68	tunnel	utun1#19#nil#18	0	8192	0.0	0.0	nil	tunnel name; VPN service unconfirmed
interface	2026-10-03T03:49:53.091Z	965118.3500900834	upload-idle	Instant(_value: 3040520.8196625 seconds)	0	2	68	0	26	68	tunnel	utun2#20#nil#19	0	8192	0.0	0.0	nil	tunnel name; VPN service unconfirmed
interface	2026-10-03T03:49:53.091Z	965118.3500900834	upload-idle	Instant(_value: 3040520.8196625 seconds)	0	2	68	0	26	68	tunnel	utun3#21#nil#20	0	8192	0.0	0.0	nil	tunnel name; VPN service unconfirmed
interface	2026-10-03T03:49:53.091Z	965118.3500900834	upload-idle	Instant(_value: 3040520.8196625 seconds)	0	2	68	0	26	68	tunnel	utun4#24#nil#21	9216	4096	0.0	0.0	nil	tunnel name; VPN service unconfirmed
interface	2026-10-03T03:49:53.091Z	965118.3500900834	upload-idle	Instant(_value: 3040520.8196625 seconds)	0	2	68	0	26	68	tunnel	utun5#25#nil#22	166912	143360	0.0	0.0	nil	tunnel name; VPN service unconfirmed
interface	2026-10-03T03:49:53.091Z	965118.3500900834	upload-idle	Instant(_value: 3040520.8196625 seconds)	0	2	68	0	26	68	tunnel	utun6#26#nil#23	0	8192	0.0	0.0	nil	tunnel name; VPN service unconfirmed
interface	2026-10-03T03:49:53.091Z	965118.3500900834	upload-idle	Instant(_value: 3040520.8196625 seconds)	0	2	68	0	26	68	tunnel	utun7#27#nil#24	0	8192	0.0	0.0	nil	tunnel name; VPN service unconfirmed
interface	2026-10-03T03:49:53.091Z	965118.3500900834	upload-idle	Instant(_value: 3040520.8196625 seconds)	0	2	68	0	26	68	virtual	vmenet0#22#4295372070#25	5120	1833984	0.0	0.0	Optional(true)	virtual provider IOUserEthernetInterface/IOUserEthernetController/IOUserEthernetResourceUserClient/IOUserEthernetResource/IOResources/IOPlatformExpertDevice/IORegistryEntry
interface	2026-10-03T03:49:53.091Z	965118.3500900834	upload-idle	Instant(_value: 3040520.8196625 seconds)	0	2	68	0	26	68	logical	bridge100#23#nil#26	0	3668992	0.0	0.0	Optional(true)	route link type=209
delivery	2026-10-03T03:49:53.091Z	965118.3500900834	upload-idle	Instant(_value: 3040520.8196625 seconds)	0	2	68	0	26	68	delivered	networkActivity						sameReadAt=true
card	2026-10-03T03:49:53.091Z	965118.3500900834	upload-idle	Optional(Swift.ContinuousClock.Instant(_value: 3040520.8196625 seconds))					26		partial("물리 대상의 식별·연결·속도 일부를 확인하지 못했습니다")	NetworkCard			314198.12626838655	0.0	true	Network 카드, 일부 수집 실패: 물리 대상의 식별·연결·속도 일부를 확인하지 못했습니다, 확인된 일부 합계 다운로드 306.8 KB/s, 업로드 0.0 B/s, 일부 수집 실패: 대상 identity 또는 물리 정보 일부 미확인
sample	2026-10-03T03:49:54.141Z	965119.4000324584	upload-idle	Instant(_value: 3040521.857767875 seconds)	0	2	69	0	26	69	partial("물리 대상의 식별·연결·속도 일부를 확인하지 못했습니다")	knownPhysical			303815.0149256283	986.4123861221699	false	representativeRX=-1.0;representativeTX=-1.0
interface	2026-10-03T03:49:54.141Z	965119.4000324584	upload-idle	Instant(_value: 3040521.857767875 seconds)	0	2	69	0	26	69	tunnel	gif0#2#nil#1	0	0	0.0	0.0	nil	route tunnel link type=55
interface	2026-10-03T03:49:54.141Z	965119.4000324584	upload-idle	Instant(_value: 3040521.857767875 seconds)	0	2	69	0	26	69	tunnel	stf0#3#nil#2	0	0	0.0	0.0	nil	route tunnel link type=57
interface	2026-10-03T03:49:54.141Z	965119.4000324584	upload-idle	Instant(_value: 3040521.857767875 seconds)	0	2	69	0	26	69	virtual	anpi1#4#4294970237#3	0	0	0.0	0.0	Optional(false)	private auxiliary network interface AppleUSBDeviceNCMPrivateEthernetInterface/AppleUSBDeviceNCMData/IOUSBDeviceInterface/AppleT8122USBXDCI/AppleARMIODevice/AppleH15IO/IOPlatformDevice/AppleARMPE/IOPlatformExpertDevice/IORegistryEntry
interface	2026-10-03T03:49:54.141Z	965119.4000324584	upload-idle	Instant(_value: 3040521.857767875 seconds)	0	2	69	0	26	69	virtual	anpi2#5#4294970293#4	0	0	0.0	0.0	Optional(false)	private auxiliary network interface AppleUSBDeviceNCMPrivateEthernetInterface/AppleUSBDeviceNCMData/IOUSBDeviceInterface/AppleT8122USBXDCI/AppleARMIODevice/AppleH15IO/IOPlatformDevice/AppleARMPE/IOPlatformExpertDevice/IORegistryEntry
interface	2026-10-03T03:49:54.141Z	965119.4000324584	upload-idle	Instant(_value: 3040521.857767875 seconds)	0	2	69	0	26	69	virtual	anpi0#6#4294970305#5	0	0	0.0	0.0	Optional(false)	private auxiliary network interface AppleUSBDeviceNCMPrivateEthernetInterface/AppleUSBDeviceNCMData/IOUSBDeviceInterface/AppleT8122USBXDCI/AppleARMIODevice/AppleH15IO/IOPlatformDevice/AppleARMPE/IOPlatformExpertDevice/IORegistryEntry
interface	2026-10-03T03:49:54.141Z	965119.4000324584	upload-idle	Instant(_value: 3040521.857767875 seconds)	0	2	69	0	26	69	physicalEthernet	en4#7#4294970257#6	0	0	0.0	0.0	Optional(false)	SC Ethernet; hardware provider IOEthernetInterface/AppleUSBDeviceNCMData/IOUSBDeviceInterface/AppleT8122USBXDCI/AppleARMIODevice/AppleH15IO/IOPlatformDevice/AppleARMPE/IOPlatformExpertDevice/IORegistryEntry
interface	2026-10-03T03:49:54.141Z	965119.4000324584	upload-idle	Instant(_value: 3040521.857767875 seconds)	0	2	69	0	26	69	physicalEthernet	en5#8#4294970175#7	0	0	0.0	0.0	Optional(false)	SC Ethernet; hardware provider IOEthernetInterface/AppleUSBDeviceNCMData/IOUSBDeviceInterface/AppleT8122USBXDCI/AppleARMIODevice/AppleH15IO/IOPlatformDevice/AppleARMPE/IOPlatformExpertDevice/IORegistryEntry
interface	2026-10-03T03:49:54.141Z	965119.4000324584	upload-idle	Instant(_value: 3040521.857767875 seconds)	0	2	69	0	26	69	physicalEthernet	en6#9#4294970236#8	0	0	0.0	0.0	Optional(false)	SC Ethernet; hardware provider IOEthernetInterface/AppleUSBDeviceNCMData/IOUSBDeviceInterface/AppleT8122USBXDCI/AppleARMIODevice/AppleH15IO/IOPlatformDevice/AppleARMPE/IOPlatformExpertDevice/IORegistryEntry
interface	2026-10-03T03:49:54.141Z	965119.4000324584	upload-idle	Instant(_value: 3040521.857767875 seconds)	0	2	69	0	26	69	physicalEthernet	en1#10#4294970312#9	0	0	0.0	0.0	Optional(false)	SC Ethernet; hardware provider IOEthernetInterface/AppleThunderboltIPPort/AppleThunderboltIPService/IOThunderboltLocalNode/IOThunderboltControllerType5/AppleThunderboltNHIType5/AppleThunderboltHALType5/AppleARMIODevice/AppleH15IO/IOPlatformDevice/AppleARMPE/IOPlatformExpertDevice/IORegistryEntry
interface	2026-10-03T03:49:54.141Z	965119.4000324584	upload-idle	Instant(_value: 3040521.857767875 seconds)	0	2	69	0	26	69	physicalEthernet	en2#11#4294970264#10	0	0	0.0	0.0	Optional(false)	SC Ethernet; hardware provider IOEthernetInterface/AppleThunderboltIPPort/AppleThunderboltIPService/IOThunderboltLocalNode/IOThunderboltControllerType5/AppleThunderboltNHIType5/AppleThunderboltHALType5/AppleARMIODevice/AppleH15IO/IOPlatformDevice/AppleARMPE/IOPlatformExpertDevice/IORegistryEntry
interface	2026-10-03T03:49:54.141Z	965119.4000324584	upload-idle	Instant(_value: 3040521.857767875 seconds)	0	2	69	0	26	69	physicalEthernet	en3#12#4294970379#11	0	0	0.0	0.0	Optional(false)	SC Ethernet; hardware provider IOEthernetInterface/AppleThunderboltIPPort/AppleThunderboltIPService/IOThunderboltLocalNode/IOThunderboltControllerType5/AppleThunderboltNHIType5/AppleThunderboltHALType5/AppleARMIODevice/AppleH15IO/IOPlatformDevice/AppleARMPE/IOPlatformExpertDevice/IORegistryEntry
interface	2026-10-03T03:49:54.141Z	965119.4000324584	upload-idle	Instant(_value: 3040521.857767875 seconds)	0	2	69	0	26	69	logical	bridge0#15#nil#12	0	0	0.0	0.0	Optional(false)	route link type=209
interface	2026-10-03T03:49:54.141Z	965119.4000324584	upload-idle	Instant(_value: 3040521.857767875 seconds)	0	2	69	0	26	69	unknown	ap1#13#nil#13	0	0	0.0	0.0	nil	IORegistry provider unavailable; SC type=
interface	2026-10-03T03:49:54.141Z	965119.4000324584	upload-idle	Instant(_value: 3040521.857767875 seconds)	0	2	69	0	26	69	physicalWiFi	en0#14#4294971925#14	3202437120	2000062464	303815.0149256283	986.4123861221699	Optional(true)	SC Wi-Fi; hardware provider IOSkywalkLegacyEthernetInterface/IO80211Controller/IOUserNetworkWLAN/IOUserService/IOUserService/IOPCIDevice/ApplePCIEHostBridge/IOPCIDevice/AppleT6031PCIe/AppleARMIODevice/AppleH15IO/IOPlatformDevice/AppleARMPE/IOPlatformExpertDevice/IORegistryEntry
interface	2026-10-03T03:49:54.141Z	965119.4000324584	upload-idle	Instant(_value: 3040521.857767875 seconds)	0	2	69	0	26	69	virtual	awdl0#16#nil#15	8599552	8556544	0.0	0.0	Optional(true)	SIOCGIFFUNCTIONALTYPE=4
interface	2026-10-03T03:49:54.141Z	965119.4000324584	upload-idle	Instant(_value: 3040521.857767875 seconds)	0	2	69	0	26	69	unknown	llw0#17#nil#16	0	0	0.0	0.0	nil	IORegistry provider unavailable; SC type=
interface	2026-10-03T03:49:54.141Z	965119.4000324584	upload-idle	Instant(_value: 3040521.857767875 seconds)	0	2	69	0	26	69	tunnel	utun0#18#nil#17	0	0	0.0	0.0	nil	tunnel name; VPN service unconfirmed
interface	2026-10-03T03:49:54.141Z	965119.4000324584	upload-idle	Instant(_value: 3040521.857767875 seconds)	0	2	69	0	26	69	tunnel	utun1#19#nil#18	0	8192	0.0	0.0	nil	tunnel name; VPN service unconfirmed
interface	2026-10-03T03:49:54.141Z	965119.4000324584	upload-idle	Instant(_value: 3040521.857767875 seconds)	0	2	69	0	26	69	tunnel	utun2#20#nil#19	0	8192	0.0	0.0	nil	tunnel name; VPN service unconfirmed
interface	2026-10-03T03:49:54.141Z	965119.4000324584	upload-idle	Instant(_value: 3040521.857767875 seconds)	0	2	69	0	26	69	tunnel	utun3#21#nil#20	0	8192	0.0	0.0	nil	tunnel name; VPN service unconfirmed
interface	2026-10-03T03:49:54.141Z	965119.4000324584	upload-idle	Instant(_value: 3040521.857767875 seconds)	0	2	69	0	26	69	tunnel	utun4#24#nil#21	9216	4096	0.0	0.0	nil	tunnel name; VPN service unconfirmed
interface	2026-10-03T03:49:54.141Z	965119.4000324584	upload-idle	Instant(_value: 3040521.857767875 seconds)	0	2	69	0	26	69	tunnel	utun5#25#nil#22	166912	143360	0.0	0.0	nil	tunnel name; VPN service unconfirmed
interface	2026-10-03T03:49:54.141Z	965119.4000324584	upload-idle	Instant(_value: 3040521.857767875 seconds)	0	2	69	0	26	69	tunnel	utun6#26#nil#23	0	8192	0.0	0.0	nil	tunnel name; VPN service unconfirmed
interface	2026-10-03T03:49:54.141Z	965119.4000324584	upload-idle	Instant(_value: 3040521.857767875 seconds)	0	2	69	0	26	69	tunnel	utun7#27#nil#24	0	8192	0.0	0.0	nil	tunnel name; VPN service unconfirmed
interface	2026-10-03T03:49:54.141Z	965119.4000324584	upload-idle	Instant(_value: 3040521.857767875 seconds)	0	2	69	0	26	69	virtual	vmenet0#22#4295372070#25	5120	1833984	0.0	0.0	Optional(true)	virtual provider IOUserEthernetInterface/IOUserEthernetController/IOUserEthernetResourceUserClient/IOUserEthernetResource/IOResources/IOPlatformExpertDevice/IORegistryEntry
interface	2026-10-03T03:49:54.141Z	965119.4000324584	upload-idle	Instant(_value: 3040521.857767875 seconds)	0	2	69	0	26	69	logical	bridge100#23#nil#26	0	3668992	0.0	0.0	Optional(true)	route link type=209
delivery	2026-10-03T03:49:54.141Z	965119.4000324584	upload-idle	Instant(_value: 3040521.857767875 seconds)	0	2	69	0	26	69	delivered	networkActivity						sameReadAt=true
card	2026-10-03T03:49:54.141Z	965119.4000324584	upload-idle	Optional(Swift.ContinuousClock.Instant(_value: 3040521.857767875 seconds))					26		partial("물리 대상의 식별·연결·속도 일부를 확인하지 못했습니다")	NetworkCard			303815.0149256283	986.4123861221699	true	Network 카드, 일부 수집 실패: 물리 대상의 식별·연결·속도 일부를 확인하지 못했습니다, 확인된 일부 합계 다운로드 296.7 KB/s, 업로드 986.4 B/s, 일부 수집 실패: 대상 identity 또는 물리 정보 일부 미확인
sample	2026-10-03T03:49:55.191Z	965120.4502725417	upload-idle	Instant(_value: 3040522.8529307907 seconds)	0	2	70	0	26	70	partial("물리 대상의 식별·연결·속도 일부를 확인하지 못했습니다")	knownPhysical			309722.15206620505	0.0	false	representativeRX=-1.0;representativeTX=-1.0
interface	2026-10-03T03:49:55.191Z	965120.4502725417	upload-idle	Instant(_value: 3040522.8529307907 seconds)	0	2	70	0	26	70	tunnel	gif0#2#nil#1	0	0	0.0	0.0	nil	route tunnel link type=55
interface	2026-10-03T03:49:55.191Z	965120.4502725417	upload-idle	Instant(_value: 3040522.8529307907 seconds)	0	2	70	0	26	70	tunnel	stf0#3#nil#2	0	0	0.0	0.0	nil	route tunnel link type=57
interface	2026-10-03T03:49:55.191Z	965120.4502725417	upload-idle	Instant(_value: 3040522.8529307907 seconds)	0	2	70	0	26	70	virtual	anpi1#4#4294970237#3	0	0	0.0	0.0	Optional(false)	private auxiliary network interface AppleUSBDeviceNCMPrivateEthernetInterface/AppleUSBDeviceNCMData/IOUSBDeviceInterface/AppleT8122USBXDCI/AppleARMIODevice/AppleH15IO/IOPlatformDevice/AppleARMPE/IOPlatformExpertDevice/IORegistryEntry
interface	2026-10-03T03:49:55.191Z	965120.4502725417	upload-idle	Instant(_value: 3040522.8529307907 seconds)	0	2	70	0	26	70	virtual	anpi2#5#4294970293#4	0	0	0.0	0.0	Optional(false)	private auxiliary network interface AppleUSBDeviceNCMPrivateEthernetInterface/AppleUSBDeviceNCMData/IOUSBDeviceInterface/AppleT8122USBXDCI/AppleARMIODevice/AppleH15IO/IOPlatformDevice/AppleARMPE/IOPlatformExpertDevice/IORegistryEntry
interface	2026-10-03T03:49:55.191Z	965120.4502725417	upload-idle	Instant(_value: 3040522.8529307907 seconds)	0	2	70	0	26	70	virtual	anpi0#6#4294970305#5	0	0	0.0	0.0	Optional(false)	private auxiliary network interface AppleUSBDeviceNCMPrivateEthernetInterface/AppleUSBDeviceNCMData/IOUSBDeviceInterface/AppleT8122USBXDCI/AppleARMIODevice/AppleH15IO/IOPlatformDevice/AppleARMPE/IOPlatformExpertDevice/IORegistryEntry
interface	2026-10-03T03:49:55.191Z	965120.4502725417	upload-idle	Instant(_value: 3040522.8529307907 seconds)	0	2	70	0	26	70	physicalEthernet	en4#7#4294970257#6	0	0	0.0	0.0	Optional(false)	SC Ethernet; hardware provider IOEthernetInterface/AppleUSBDeviceNCMData/IOUSBDeviceInterface/AppleT8122USBXDCI/AppleARMIODevice/AppleH15IO/IOPlatformDevice/AppleARMPE/IOPlatformExpertDevice/IORegistryEntry
interface	2026-10-03T03:49:55.191Z	965120.4502725417	upload-idle	Instant(_value: 3040522.8529307907 seconds)	0	2	70	0	26	70	physicalEthernet	en5#8#4294970175#7	0	0	0.0	0.0	Optional(false)	SC Ethernet; hardware provider IOEthernetInterface/AppleUSBDeviceNCMData/IOUSBDeviceInterface/AppleT8122USBXDCI/AppleARMIODevice/AppleH15IO/IOPlatformDevice/AppleARMPE/IOPlatformExpertDevice/IORegistryEntry
interface	2026-10-03T03:49:55.191Z	965120.4502725417	upload-idle	Instant(_value: 3040522.8529307907 seconds)	0	2	70	0	26	70	physicalEthernet	en6#9#4294970236#8	0	0	0.0	0.0	Optional(false)	SC Ethernet; hardware provider IOEthernetInterface/AppleUSBDeviceNCMData/IOUSBDeviceInterface/AppleT8122USBXDCI/AppleARMIODevice/AppleH15IO/IOPlatformDevice/AppleARMPE/IOPlatformExpertDevice/IORegistryEntry
interface	2026-10-03T03:49:55.191Z	965120.4502725417	upload-idle	Instant(_value: 3040522.8529307907 seconds)	0	2	70	0	26	70	physicalEthernet	en1#10#4294970312#9	0	0	0.0	0.0	Optional(false)	SC Ethernet; hardware provider IOEthernetInterface/AppleThunderboltIPPort/AppleThunderboltIPService/IOThunderboltLocalNode/IOThunderboltControllerType5/AppleThunderboltNHIType5/AppleThunderboltHALType5/AppleARMIODevice/AppleH15IO/IOPlatformDevice/AppleARMPE/IOPlatformExpertDevice/IORegistryEntry
interface	2026-10-03T03:49:55.191Z	965120.4502725417	upload-idle	Instant(_value: 3040522.8529307907 seconds)	0	2	70	0	26	70	physicalEthernet	en2#11#4294970264#10	0	0	0.0	0.0	Optional(false)	SC Ethernet; hardware provider IOEthernetInterface/AppleThunderboltIPPort/AppleThunderboltIPService/IOThunderboltLocalNode/IOThunderboltControllerType5/AppleThunderboltNHIType5/AppleThunderboltHALType5/AppleARMIODevice/AppleH15IO/IOPlatformDevice/AppleARMPE/IOPlatformExpertDevice/IORegistryEntry
interface	2026-10-03T03:49:55.191Z	965120.4502725417	upload-idle	Instant(_value: 3040522.8529307907 seconds)	0	2	70	0	26	70	physicalEthernet	en3#12#4294970379#11	0	0	0.0	0.0	Optional(false)	SC Ethernet; hardware provider IOEthernetInterface/AppleThunderboltIPPort/AppleThunderboltIPService/IOThunderboltLocalNode/IOThunderboltControllerType5/AppleThunderboltNHIType5/AppleThunderboltHALType5/AppleARMIODevice/AppleH15IO/IOPlatformDevice/AppleARMPE/IOPlatformExpertDevice/IORegistryEntry
interface	2026-10-03T03:49:55.191Z	965120.4502725417	upload-idle	Instant(_value: 3040522.8529307907 seconds)	0	2	70	0	26	70	logical	bridge0#15#nil#12	0	0	0.0	0.0	Optional(false)	route link type=209
interface	2026-10-03T03:49:55.191Z	965120.4502725417	upload-idle	Instant(_value: 3040522.8529307907 seconds)	0	2	70	0	26	70	unknown	ap1#13#nil#13	0	0	0.0	0.0	nil	IORegistry provider unavailable; SC type=
interface	2026-10-03T03:49:55.191Z	965120.4502725417	upload-idle	Instant(_value: 3040522.8529307907 seconds)	0	2	70	0	26	70	physicalWiFi	en0#14#4294971925#14	3202745344	2000062464	309722.15206620505	0.0	Optional(true)	SC Wi-Fi; hardware provider IOSkywalkLegacyEthernetInterface/IO80211Controller/IOUserNetworkWLAN/IOUserService/IOUserService/IOPCIDevice/ApplePCIEHostBridge/IOPCIDevice/AppleT6031PCIe/AppleARMIODevice/AppleH15IO/IOPlatformDevice/AppleARMPE/IOPlatformExpertDevice/IORegistryEntry
interface	2026-10-03T03:49:55.191Z	965120.4502725417	upload-idle	Instant(_value: 3040522.8529307907 seconds)	0	2	70	0	26	70	virtual	awdl0#16#nil#15	8599552	8556544	0.0	0.0	Optional(true)	SIOCGIFFUNCTIONALTYPE=4
interface	2026-10-03T03:49:55.191Z	965120.4502725417	upload-idle	Instant(_value: 3040522.8529307907 seconds)	0	2	70	0	26	70	unknown	llw0#17#nil#16	0	0	0.0	0.0	nil	IORegistry provider unavailable; SC type=
interface	2026-10-03T03:49:55.191Z	965120.4502725417	upload-idle	Instant(_value: 3040522.8529307907 seconds)	0	2	70	0	26	70	tunnel	utun0#18#nil#17	0	0	0.0	0.0	nil	tunnel name; VPN service unconfirmed
interface	2026-10-03T03:49:55.191Z	965120.4502725417	upload-idle	Instant(_value: 3040522.8529307907 seconds)	0	2	70	0	26	70	tunnel	utun1#19#nil#18	0	8192	0.0	0.0	nil	tunnel name; VPN service unconfirmed
interface	2026-10-03T03:49:55.191Z	965120.4502725417	upload-idle	Instant(_value: 3040522.8529307907 seconds)	0	2	70	0	26	70	tunnel	utun2#20#nil#19	0	8192	0.0	0.0	nil	tunnel name; VPN service unconfirmed
interface	2026-10-03T03:49:55.191Z	965120.4502725417	upload-idle	Instant(_value: 3040522.8529307907 seconds)	0	2	70	0	26	70	tunnel	utun3#21#nil#20	0	8192	0.0	0.0	nil	tunnel name; VPN service unconfirmed
interface	2026-10-03T03:49:55.191Z	965120.4502725417	upload-idle	Instant(_value: 3040522.8529307907 seconds)	0	2	70	0	26	70	tunnel	utun4#24#nil#21	9216	4096	0.0	0.0	nil	tunnel name; VPN service unconfirmed
interface	2026-10-03T03:49:55.191Z	965120.4502725417	upload-idle	Instant(_value: 3040522.8529307907 seconds)	0	2	70	0	26	70	tunnel	utun5#25#nil#22	166912	143360	0.0	0.0	nil	tunnel name; VPN service unconfirmed
interface	2026-10-03T03:49:55.191Z	965120.4502725417	upload-idle	Instant(_value: 3040522.8529307907 seconds)	0	2	70	0	26	70	tunnel	utun6#26#nil#23	0	8192	0.0	0.0	nil	tunnel name; VPN service unconfirmed
interface	2026-10-03T03:49:55.191Z	965120.4502725417	upload-idle	Instant(_value: 3040522.8529307907 seconds)	0	2	70	0	26	70	tunnel	utun7#27#nil#24	0	8192	0.0	0.0	nil	tunnel name; VPN service unconfirmed
interface	2026-10-03T03:49:55.191Z	965120.4502725417	upload-idle	Instant(_value: 3040522.8529307907 seconds)	0	2	70	0	26	70	virtual	vmenet0#22#4295372070#25	5120	1833984	0.0	0.0	Optional(true)	virtual provider IOUserEthernetInterface/IOUserEthernetController/IOUserEthernetResourceUserClient/IOUserEthernetResource/IOResources/IOPlatformExpertDevice/IORegistryEntry
interface	2026-10-03T03:49:55.191Z	965120.4502725417	upload-idle	Instant(_value: 3040522.8529307907 seconds)	0	2	70	0	26	70	logical	bridge100#23#nil#26	0	3668992	0.0	0.0	Optional(true)	route link type=209
delivery	2026-10-03T03:49:55.191Z	965120.4502725417	upload-idle	Instant(_value: 3040522.8529307907 seconds)	0	2	70	0	26	70	delivered	networkActivity						sameReadAt=true
card	2026-10-03T03:49:55.191Z	965120.4502725417	upload-idle	Optional(Swift.ContinuousClock.Instant(_value: 3040522.8529307907 seconds))					26		partial("물리 대상의 식별·연결·속도 일부를 확인하지 못했습니다")	NetworkCard			309722.15206620505	0.0	true	Network 카드, 일부 수집 실패: 물리 대상의 식별·연결·속도 일부를 확인하지 못했습니다, 확인된 일부 합계 다운로드 302.5 KB/s, 업로드 0.0 B/s, 일부 수집 실패: 대상 identity 또는 물리 정보 일부 미확인
sample	2026-10-03T03:49:56.361Z	965121.6202804167	upload-idle	Instant(_value: 3040524.819777916 seconds)	0	2	72	0	26	72	partial("물리 대상의 식별·연결·속도 일부를 확인하지 못했습니다")	knownPhysical			313509.52503684483	3177.4614024004545	false	representativeRX=-1.0;representativeTX=-1.0
interface	2026-10-03T03:49:56.361Z	965121.6202804167	upload-idle	Instant(_value: 3040524.819777916 seconds)	0	2	72	0	26	72	tunnel	gif0#2#nil#1	0	0	0.0	0.0	nil	route tunnel link type=55
interface	2026-10-03T03:49:56.361Z	965121.6202804167	upload-idle	Instant(_value: 3040524.819777916 seconds)	0	2	72	0	26	72	tunnel	stf0#3#nil#2	0	0	0.0	0.0	nil	route tunnel link type=57
interface	2026-10-03T03:49:56.361Z	965121.6202804167	upload-idle	Instant(_value: 3040524.819777916 seconds)	0	2	72	0	26	72	virtual	anpi1#4#4294970237#3	0	0	0.0	0.0	Optional(false)	private auxiliary network interface AppleUSBDeviceNCMPrivateEthernetInterface/AppleUSBDeviceNCMData/IOUSBDeviceInterface/AppleT8122USBXDCI/AppleARMIODevice/AppleH15IO/IOPlatformDevice/AppleARMPE/IOPlatformExpertDevice/IORegistryEntry
interface	2026-10-03T03:49:56.361Z	965121.6202804167	upload-idle	Instant(_value: 3040524.819777916 seconds)	0	2	72	0	26	72	virtual	anpi2#5#4294970293#4	0	0	0.0	0.0	Optional(false)	private auxiliary network interface AppleUSBDeviceNCMPrivateEthernetInterface/AppleUSBDeviceNCMData/IOUSBDeviceInterface/AppleT8122USBXDCI/AppleARMIODevice/AppleH15IO/IOPlatformDevice/AppleARMPE/IOPlatformExpertDevice/IORegistryEntry
interface	2026-10-03T03:49:56.361Z	965121.6202804167	upload-idle	Instant(_value: 3040524.819777916 seconds)	0	2	72	0	26	72	virtual	anpi0#6#4294970305#5	0	0	0.0	0.0	Optional(false)	private auxiliary network interface AppleUSBDeviceNCMPrivateEthernetInterface/AppleUSBDeviceNCMData/IOUSBDeviceInterface/AppleT8122USBXDCI/AppleARMIODevice/AppleH15IO/IOPlatformDevice/AppleARMPE/IOPlatformExpertDevice/IORegistryEntry
interface	2026-10-03T03:49:56.361Z	965121.6202804167	upload-idle	Instant(_value: 3040524.819777916 seconds)	0	2	72	0	26	72	physicalEthernet	en4#7#4294970257#6	0	0	0.0	0.0	Optional(false)	SC Ethernet; hardware provider IOEthernetInterface/AppleUSBDeviceNCMData/IOUSBDeviceInterface/AppleT8122USBXDCI/AppleARMIODevice/AppleH15IO/IOPlatformDevice/AppleARMPE/IOPlatformExpertDevice/IORegistryEntry
interface	2026-10-03T03:49:56.361Z	965121.6202804167	upload-idle	Instant(_value: 3040524.819777916 seconds)	0	2	72	0	26	72	physicalEthernet	en5#8#4294970175#7	0	0	0.0	0.0	Optional(false)	SC Ethernet; hardware provider IOEthernetInterface/AppleUSBDeviceNCMData/IOUSBDeviceInterface/AppleT8122USBXDCI/AppleARMIODevice/AppleH15IO/IOPlatformDevice/AppleARMPE/IOPlatformExpertDevice/IORegistryEntry
interface	2026-10-03T03:49:56.361Z	965121.6202804167	upload-idle	Instant(_value: 3040524.819777916 seconds)	0	2	72	0	26	72	physicalEthernet	en6#9#4294970236#8	0	0	0.0	0.0	Optional(false)	SC Ethernet; hardware provider IOEthernetInterface/AppleUSBDeviceNCMData/IOUSBDeviceInterface/AppleT8122USBXDCI/AppleARMIODevice/AppleH15IO/IOPlatformDevice/AppleARMPE/IOPlatformExpertDevice/IORegistryEntry
interface	2026-10-03T03:49:56.361Z	965121.6202804167	upload-idle	Instant(_value: 3040524.819777916 seconds)	0	2	72	0	26	72	physicalEthernet	en1#10#4294970312#9	0	0	0.0	0.0	Optional(false)	SC Ethernet; hardware provider IOEthernetInterface/AppleThunderboltIPPort/AppleThunderboltIPService/IOThunderboltLocalNode/IOThunderboltControllerType5/AppleThunderboltNHIType5/AppleThunderboltHALType5/AppleARMIODevice/AppleH15IO/IOPlatformDevice/AppleARMPE/IOPlatformExpertDevice/IORegistryEntry
interface	2026-10-03T03:49:56.361Z	965121.6202804167	upload-idle	Instant(_value: 3040524.819777916 seconds)	0	2	72	0	26	72	physicalEthernet	en2#11#4294970264#10	0	0	0.0	0.0	Optional(false)	SC Ethernet; hardware provider IOEthernetInterface/AppleThunderboltIPPort/AppleThunderboltIPService/IOThunderboltLocalNode/IOThunderboltControllerType5/AppleThunderboltNHIType5/AppleThunderboltHALType5/AppleARMIODevice/AppleH15IO/IOPlatformDevice/AppleARMPE/IOPlatformExpertDevice/IORegistryEntry
interface	2026-10-03T03:49:56.361Z	965121.6202804167	upload-idle	Instant(_value: 3040524.819777916 seconds)	0	2	72	0	26	72	physicalEthernet	en3#12#4294970379#11	0	0	0.0	0.0	Optional(false)	SC Ethernet; hardware provider IOEthernetInterface/AppleThunderboltIPPort/AppleThunderboltIPService/IOThunderboltLocalNode/IOThunderboltControllerType5/AppleThunderboltNHIType5/AppleThunderboltHALType5/AppleARMIODevice/AppleH15IO/IOPlatformDevice/AppleARMPE/IOPlatformExpertDevice/IORegistryEntry
interface	2026-10-03T03:49:56.361Z	965121.6202804167	upload-idle	Instant(_value: 3040524.819777916 seconds)	0	2	72	0	26	72	logical	bridge0#15#nil#12	0	0	0.0	0.0	Optional(false)	route link type=209
interface	2026-10-03T03:49:56.361Z	965121.6202804167	upload-idle	Instant(_value: 3040524.819777916 seconds)	0	2	72	0	26	72	unknown	ap1#13#nil#13	0	0	0.0	0.0	nil	IORegistry provider unavailable; SC type=
interface	2026-10-03T03:49:56.361Z	965121.6202804167	upload-idle	Instant(_value: 3040524.819777916 seconds)	0	2	72	0	26	72	physicalWiFi	en0#14#4294971925#14	3203358720	2000065536	313509.52503684483	3177.4614024004545	Optional(true)	SC Wi-Fi; hardware provider IOSkywalkLegacyEthernetInterface/IO80211Controller/IOUserNetworkWLAN/IOUserService/IOUserService/IOPCIDevice/ApplePCIEHostBridge/IOPCIDevice/AppleT6031PCIe/AppleARMIODevice/AppleH15IO/IOPlatformDevice/AppleARMPE/IOPlatformExpertDevice/IORegistryEntry
interface	2026-10-03T03:49:56.361Z	965121.6202804167	upload-idle	Instant(_value: 3040524.819777916 seconds)	0	2	72	0	26	72	virtual	awdl0#16#nil#15	8599552	8556544	0.0	0.0	Optional(true)	SIOCGIFFUNCTIONALTYPE=4
interface	2026-10-03T03:49:56.361Z	965121.6202804167	upload-idle	Instant(_value: 3040524.819777916 seconds)	0	2	72	0	26	72	unknown	llw0#17#nil#16	0	0	0.0	0.0	nil	IORegistry provider unavailable; SC type=
interface	2026-10-03T03:49:56.361Z	965121.6202804167	upload-idle	Instant(_value: 3040524.819777916 seconds)	0	2	72	0	26	72	tunnel	utun0#18#nil#17	0	0	0.0	0.0	nil	tunnel name; VPN service unconfirmed
interface	2026-10-03T03:49:56.361Z	965121.6202804167	upload-idle	Instant(_value: 3040524.819777916 seconds)	0	2	72	0	26	72	tunnel	utun1#19#nil#18	0	8192	0.0	0.0	nil	tunnel name; VPN service unconfirmed
interface	2026-10-03T03:49:56.361Z	965121.6202804167	upload-idle	Instant(_value: 3040524.819777916 seconds)	0	2	72	0	26	72	tunnel	utun2#20#nil#19	0	8192	0.0	0.0	nil	tunnel name; VPN service unconfirmed
interface	2026-10-03T03:49:56.361Z	965121.6202804167	upload-idle	Instant(_value: 3040524.819777916 seconds)	0	2	72	0	26	72	tunnel	utun3#21#nil#20	0	8192	0.0	0.0	nil	tunnel name; VPN service unconfirmed
interface	2026-10-03T03:49:56.361Z	965121.6202804167	upload-idle	Instant(_value: 3040524.819777916 seconds)	0	2	72	0	26	72	tunnel	utun4#24#nil#21	9216	4096	0.0	0.0	nil	tunnel name; VPN service unconfirmed
interface	2026-10-03T03:49:56.361Z	965121.6202804167	upload-idle	Instant(_value: 3040524.819777916 seconds)	0	2	72	0	26	72	tunnel	utun5#25#nil#22	166912	143360	0.0	0.0	nil	tunnel name; VPN service unconfirmed
interface	2026-10-03T03:49:56.361Z	965121.6202804167	upload-idle	Instant(_value: 3040524.819777916 seconds)	0	2	72	0	26	72	tunnel	utun6#26#nil#23	0	8192	0.0	0.0	nil	tunnel name; VPN service unconfirmed
interface	2026-10-03T03:49:56.361Z	965121.6202804167	upload-idle	Instant(_value: 3040524.819777916 seconds)	0	2	72	0	26	72	tunnel	utun7#27#nil#24	0	8192	0.0	0.0	nil	tunnel name; VPN service unconfirmed
interface	2026-10-03T03:49:56.361Z	965121.6202804167	upload-idle	Instant(_value: 3040524.819777916 seconds)	0	2	72	0	26	72	virtual	vmenet0#22#4295372070#25	5120	1833984	0.0	0.0	Optional(true)	virtual provider IOUserEthernetInterface/IOUserEthernetController/IOUserEthernetResourceUserClient/IOUserEthernetResource/IOResources/IOPlatformExpertDevice/IORegistryEntry
interface	2026-10-03T03:49:56.361Z	965121.6202804167	upload-idle	Instant(_value: 3040524.819777916 seconds)	0	2	72	0	26	72	logical	bridge100#23#nil#26	0	3668992	0.0	0.0	Optional(true)	route link type=209
delivery	2026-10-03T03:49:56.361Z	965121.6202804167	upload-idle	Instant(_value: 3040524.819777916 seconds)	0	2	72	0	26	72	delivered	networkActivity						sameReadAt=true
card	2026-10-03T03:49:56.361Z	965121.6202804167	upload-idle	Optional(Swift.ContinuousClock.Instant(_value: 3040524.819777916 seconds))					26		partial("물리 대상의 식별·연결·속도 일부를 확인하지 못했습니다")	NetworkCard			313509.52503684483	3177.4614024004545	true	Network 카드, 일부 수집 실패: 물리 대상의 식별·연결·속도 일부를 확인하지 못했습니다, 확인된 일부 합계 다운로드 306.2 KB/s, 업로드 3.1 KB/s, 일부 수집 실패: 대상 identity 또는 물리 정보 일부 미확인
sample	2026-10-03T03:49:57.367Z	965122.6262974584	upload-idle	Instant(_value: 3040525.8461694163 seconds)	0	2	73	0	26	73	partial("물리 대상의 식별·연결·속도 일부를 확인하지 못했습니다")	knownPhysical			317259.0575818292	6983.689946769825	false	representativeRX=-1.0;representativeTX=-1.0
interface	2026-10-03T03:49:57.367Z	965122.6262974584	upload-idle	Instant(_value: 3040525.8461694163 seconds)	0	2	73	0	26	73	tunnel	gif0#2#nil#1	0	0	0.0	0.0	nil	route tunnel link type=55
interface	2026-10-03T03:49:57.367Z	965122.6262974584	upload-idle	Instant(_value: 3040525.8461694163 seconds)	0	2	73	0	26	73	tunnel	stf0#3#nil#2	0	0	0.0	0.0	nil	route tunnel link type=57
interface	2026-10-03T03:49:57.367Z	965122.6262974584	upload-idle	Instant(_value: 3040525.8461694163 seconds)	0	2	73	0	26	73	virtual	anpi1#4#4294970237#3	0	0	0.0	0.0	Optional(false)	private auxiliary network interface AppleUSBDeviceNCMPrivateEthernetInterface/AppleUSBDeviceNCMData/IOUSBDeviceInterface/AppleT8122USBXDCI/AppleARMIODevice/AppleH15IO/IOPlatformDevice/AppleARMPE/IOPlatformExpertDevice/IORegistryEntry
interface	2026-10-03T03:49:57.367Z	965122.6262974584	upload-idle	Instant(_value: 3040525.8461694163 seconds)	0	2	73	0	26	73	virtual	anpi2#5#4294970293#4	0	0	0.0	0.0	Optional(false)	private auxiliary network interface AppleUSBDeviceNCMPrivateEthernetInterface/AppleUSBDeviceNCMData/IOUSBDeviceInterface/AppleT8122USBXDCI/AppleARMIODevice/AppleH15IO/IOPlatformDevice/AppleARMPE/IOPlatformExpertDevice/IORegistryEntry
interface	2026-10-03T03:49:57.367Z	965122.6262974584	upload-idle	Instant(_value: 3040525.8461694163 seconds)	0	2	73	0	26	73	virtual	anpi0#6#4294970305#5	0	0	0.0	0.0	Optional(false)	private auxiliary network interface AppleUSBDeviceNCMPrivateEthernetInterface/AppleUSBDeviceNCMData/IOUSBDeviceInterface/AppleT8122USBXDCI/AppleARMIODevice/AppleH15IO/IOPlatformDevice/AppleARMPE/IOPlatformExpertDevice/IORegistryEntry
interface	2026-10-03T03:49:57.367Z	965122.6262974584	upload-idle	Instant(_value: 3040525.8461694163 seconds)	0	2	73	0	26	73	physicalEthernet	en4#7#4294970257#6	0	0	0.0	0.0	Optional(false)	SC Ethernet; hardware provider IOEthernetInterface/AppleUSBDeviceNCMData/IOUSBDeviceInterface/AppleT8122USBXDCI/AppleARMIODevice/AppleH15IO/IOPlatformDevice/AppleARMPE/IOPlatformExpertDevice/IORegistryEntry
interface	2026-10-03T03:49:57.367Z	965122.6262974584	upload-idle	Instant(_value: 3040525.8461694163 seconds)	0	2	73	0	26	73	physicalEthernet	en5#8#4294970175#7	0	0	0.0	0.0	Optional(false)	SC Ethernet; hardware provider IOEthernetInterface/AppleUSBDeviceNCMData/IOUSBDeviceInterface/AppleT8122USBXDCI/AppleARMIODevice/AppleH15IO/IOPlatformDevice/AppleARMPE/IOPlatformExpertDevice/IORegistryEntry
interface	2026-10-03T03:49:57.367Z	965122.6262974584	upload-idle	Instant(_value: 3040525.8461694163 seconds)	0	2	73	0	26	73	physicalEthernet	en6#9#4294970236#8	0	0	0.0	0.0	Optional(false)	SC Ethernet; hardware provider IOEthernetInterface/AppleUSBDeviceNCMData/IOUSBDeviceInterface/AppleT8122USBXDCI/AppleARMIODevice/AppleH15IO/IOPlatformDevice/AppleARMPE/IOPlatformExpertDevice/IORegistryEntry
interface	2026-10-03T03:49:57.367Z	965122.6262974584	upload-idle	Instant(_value: 3040525.8461694163 seconds)	0	2	73	0	26	73	physicalEthernet	en1#10#4294970312#9	0	0	0.0	0.0	Optional(false)	SC Ethernet; hardware provider IOEthernetInterface/AppleThunderboltIPPort/AppleThunderboltIPService/IOThunderboltLocalNode/IOThunderboltControllerType5/AppleThunderboltNHIType5/AppleThunderboltHALType5/AppleARMIODevice/AppleH15IO/IOPlatformDevice/AppleARMPE/IOPlatformExpertDevice/IORegistryEntry
interface	2026-10-03T03:49:57.367Z	965122.6262974584	upload-idle	Instant(_value: 3040525.8461694163 seconds)	0	2	73	0	26	73	physicalEthernet	en2#11#4294970264#10	0	0	0.0	0.0	Optional(false)	SC Ethernet; hardware provider IOEthernetInterface/AppleThunderboltIPPort/AppleThunderboltIPService/IOThunderboltLocalNode/IOThunderboltControllerType5/AppleThunderboltNHIType5/AppleThunderboltHALType5/AppleARMIODevice/AppleH15IO/IOPlatformDevice/AppleARMPE/IOPlatformExpertDevice/IORegistryEntry
interface	2026-10-03T03:49:57.367Z	965122.6262974584	upload-idle	Instant(_value: 3040525.8461694163 seconds)	0	2	73	0	26	73	physicalEthernet	en3#12#4294970379#11	0	0	0.0	0.0	Optional(false)	SC Ethernet; hardware provider IOEthernetInterface/AppleThunderboltIPPort/AppleThunderboltIPService/IOThunderboltLocalNode/IOThunderboltControllerType5/AppleThunderboltNHIType5/AppleThunderboltHALType5/AppleARMIODevice/AppleH15IO/IOPlatformDevice/AppleARMPE/IOPlatformExpertDevice/IORegistryEntry
interface	2026-10-03T03:49:57.367Z	965122.6262974584	upload-idle	Instant(_value: 3040525.8461694163 seconds)	0	2	73	0	26	73	logical	bridge0#15#nil#12	0	0	0.0	0.0	Optional(false)	route link type=209
interface	2026-10-03T03:49:57.367Z	965122.6262974584	upload-idle	Instant(_value: 3040525.8461694163 seconds)	0	2	73	0	26	73	unknown	ap1#13#nil#13	0	0	0.0	0.0	nil	IORegistry provider unavailable; SC type=
interface	2026-10-03T03:49:57.367Z	965122.6262974584	upload-idle	Instant(_value: 3040525.8461694163 seconds)	0	2	73	0	26	73	physicalWiFi	en0#14#4294971925#14	3203684352	2000072704	317259.0575818292	6983.689946769825	Optional(true)	SC Wi-Fi; hardware provider IOSkywalkLegacyEthernetInterface/IO80211Controller/IOUserNetworkWLAN/IOUserService/IOUserService/IOPCIDevice/ApplePCIEHostBridge/IOPCIDevice/AppleT6031PCIe/AppleARMIODevice/AppleH15IO/IOPlatformDevice/AppleARMPE/IOPlatformExpertDevice/IORegistryEntry
interface	2026-10-03T03:49:57.367Z	965122.6262974584	upload-idle	Instant(_value: 3040525.8461694163 seconds)	0	2	73	0	26	73	virtual	awdl0#16#nil#15	8599552	8556544	0.0	0.0	Optional(true)	SIOCGIFFUNCTIONALTYPE=4
interface	2026-10-03T03:49:57.367Z	965122.6262974584	upload-idle	Instant(_value: 3040525.8461694163 seconds)	0	2	73	0	26	73	unknown	llw0#17#nil#16	0	0	0.0	0.0	nil	IORegistry provider unavailable; SC type=
interface	2026-10-03T03:49:57.367Z	965122.6262974584	upload-idle	Instant(_value: 3040525.8461694163 seconds)	0	2	73	0	26	73	tunnel	utun0#18#nil#17	0	0	0.0	0.0	nil	tunnel name; VPN service unconfirmed
interface	2026-10-03T03:49:57.367Z	965122.6262974584	upload-idle	Instant(_value: 3040525.8461694163 seconds)	0	2	73	0	26	73	tunnel	utun1#19#nil#18	0	8192	0.0	0.0	nil	tunnel name; VPN service unconfirmed
interface	2026-10-03T03:49:57.367Z	965122.6262974584	upload-idle	Instant(_value: 3040525.8461694163 seconds)	0	2	73	0	26	73	tunnel	utun2#20#nil#19	0	8192	0.0	0.0	nil	tunnel name; VPN service unconfirmed
interface	2026-10-03T03:49:57.367Z	965122.6262974584	upload-idle	Instant(_value: 3040525.8461694163 seconds)	0	2	73	0	26	73	tunnel	utun3#21#nil#20	0	8192	0.0	0.0	nil	tunnel name; VPN service unconfirmed
interface	2026-10-03T03:49:57.367Z	965122.6262974584	upload-idle	Instant(_value: 3040525.8461694163 seconds)	0	2	73	0	26	73	tunnel	utun4#24#nil#21	9216	4096	0.0	0.0	nil	tunnel name; VPN service unconfirmed
interface	2026-10-03T03:49:57.367Z	965122.6262974584	upload-idle	Instant(_value: 3040525.8461694163 seconds)	0	2	73	0	26	73	tunnel	utun5#25#nil#22	166912	143360	0.0	0.0	nil	tunnel name; VPN service unconfirmed
interface	2026-10-03T03:49:57.367Z	965122.6262974584	upload-idle	Instant(_value: 3040525.8461694163 seconds)	0	2	73	0	26	73	tunnel	utun6#26#nil#23	0	8192	0.0	0.0	nil	tunnel name; VPN service unconfirmed
interface	2026-10-03T03:49:57.367Z	965122.6262974584	upload-idle	Instant(_value: 3040525.8461694163 seconds)	0	2	73	0	26	73	tunnel	utun7#27#nil#24	0	8192	0.0	0.0	nil	tunnel name; VPN service unconfirmed
interface	2026-10-03T03:49:57.367Z	965122.6262974584	upload-idle	Instant(_value: 3040525.8461694163 seconds)	0	2	73	0	26	73	virtual	vmenet0#22#4295372070#25	5120	1833984	0.0	0.0	Optional(true)	virtual provider IOUserEthernetInterface/IOUserEthernetController/IOUserEthernetResourceUserClient/IOUserEthernetResource/IOResources/IOPlatformExpertDevice/IORegistryEntry
interface	2026-10-03T03:49:57.367Z	965122.6262974584	upload-idle	Instant(_value: 3040525.8461694163 seconds)	0	2	73	0	26	73	logical	bridge100#23#nil#26	0	3668992	0.0	0.0	Optional(true)	route link type=209
delivery	2026-10-03T03:49:57.367Z	965122.6262974584	upload-idle	Instant(_value: 3040525.8461694163 seconds)	0	2	73	0	26	73	delivered	networkActivity						sameReadAt=true
card	2026-10-03T03:49:57.367Z	965122.6262974584	upload-idle	Optional(Swift.ContinuousClock.Instant(_value: 3040525.8461694163 seconds))					26		partial("물리 대상의 식별·연결·속도 일부를 확인하지 못했습니다")	NetworkCard			317259.0575818292	6983.689946769825	true	Network 카드, 일부 수집 실패: 물리 대상의 식별·연결·속도 일부를 확인하지 못했습니다, 확인된 일부 합계 다운로드 309.8 KB/s, 업로드 6.8 KB/s, 일부 수집 실패: 대상 identity 또는 물리 정보 일부 미확인
sample	2026-10-03T03:49:58.429Z	965123.68840975	upload-idle	Instant(_value: 3040526.846369125 seconds)	0	2	74	0	26	74	partial("물리 대상의 식별·연결·속도 일부를 확인하지 못했습니다")	knownPhysical			318400.41257200565	3071.386616450215	false	representativeRX=-1.0;representativeTX=-1.0
interface	2026-10-03T03:49:58.429Z	965123.68840975	upload-idle	Instant(_value: 3040526.846369125 seconds)	0	2	74	0	26	74	tunnel	gif0#2#nil#1	0	0	0.0	0.0	nil	route tunnel link type=55
interface	2026-10-03T03:49:58.429Z	965123.68840975	upload-idle	Instant(_value: 3040526.846369125 seconds)	0	2	74	0	26	74	tunnel	stf0#3#nil#2	0	0	0.0	0.0	nil	route tunnel link type=57
interface	2026-10-03T03:49:58.429Z	965123.68840975	upload-idle	Instant(_value: 3040526.846369125 seconds)	0	2	74	0	26	74	virtual	anpi1#4#4294970237#3	0	0	0.0	0.0	Optional(false)	private auxiliary network interface AppleUSBDeviceNCMPrivateEthernetInterface/AppleUSBDeviceNCMData/IOUSBDeviceInterface/AppleT8122USBXDCI/AppleARMIODevice/AppleH15IO/IOPlatformDevice/AppleARMPE/IOPlatformExpertDevice/IORegistryEntry
interface	2026-10-03T03:49:58.429Z	965123.68840975	upload-idle	Instant(_value: 3040526.846369125 seconds)	0	2	74	0	26	74	virtual	anpi2#5#4294970293#4	0	0	0.0	0.0	Optional(false)	private auxiliary network interface AppleUSBDeviceNCMPrivateEthernetInterface/AppleUSBDeviceNCMData/IOUSBDeviceInterface/AppleT8122USBXDCI/AppleARMIODevice/AppleH15IO/IOPlatformDevice/AppleARMPE/IOPlatformExpertDevice/IORegistryEntry
interface	2026-10-03T03:49:58.429Z	965123.68840975	upload-idle	Instant(_value: 3040526.846369125 seconds)	0	2	74	0	26	74	virtual	anpi0#6#4294970305#5	0	0	0.0	0.0	Optional(false)	private auxiliary network interface AppleUSBDeviceNCMPrivateEthernetInterface/AppleUSBDeviceNCMData/IOUSBDeviceInterface/AppleT8122USBXDCI/AppleARMIODevice/AppleH15IO/IOPlatformDevice/AppleARMPE/IOPlatformExpertDevice/IORegistryEntry
interface	2026-10-03T03:49:58.429Z	965123.68840975	upload-idle	Instant(_value: 3040526.846369125 seconds)	0	2	74	0	26	74	physicalEthernet	en4#7#4294970257#6	0	0	0.0	0.0	Optional(false)	SC Ethernet; hardware provider IOEthernetInterface/AppleUSBDeviceNCMData/IOUSBDeviceInterface/AppleT8122USBXDCI/AppleARMIODevice/AppleH15IO/IOPlatformDevice/AppleARMPE/IOPlatformExpertDevice/IORegistryEntry
interface	2026-10-03T03:49:58.429Z	965123.68840975	upload-idle	Instant(_value: 3040526.846369125 seconds)	0	2	74	0	26	74	physicalEthernet	en5#8#4294970175#7	0	0	0.0	0.0	Optional(false)	SC Ethernet; hardware provider IOEthernetInterface/AppleUSBDeviceNCMData/IOUSBDeviceInterface/AppleT8122USBXDCI/AppleARMIODevice/AppleH15IO/IOPlatformDevice/AppleARMPE/IOPlatformExpertDevice/IORegistryEntry
interface	2026-10-03T03:49:58.429Z	965123.68840975	upload-idle	Instant(_value: 3040526.846369125 seconds)	0	2	74	0	26	74	physicalEthernet	en6#9#4294970236#8	0	0	0.0	0.0	Optional(false)	SC Ethernet; hardware provider IOEthernetInterface/AppleUSBDeviceNCMData/IOUSBDeviceInterface/AppleT8122USBXDCI/AppleARMIODevice/AppleH15IO/IOPlatformDevice/AppleARMPE/IOPlatformExpertDevice/IORegistryEntry
interface	2026-10-03T03:49:58.429Z	965123.68840975	upload-idle	Instant(_value: 3040526.846369125 seconds)	0	2	74	0	26	74	physicalEthernet	en1#10#4294970312#9	0	0	0.0	0.0	Optional(false)	SC Ethernet; hardware provider IOEthernetInterface/AppleThunderboltIPPort/AppleThunderboltIPService/IOThunderboltLocalNode/IOThunderboltControllerType5/AppleThunderboltNHIType5/AppleThunderboltHALType5/AppleARMIODevice/AppleH15IO/IOPlatformDevice/AppleARMPE/IOPlatformExpertDevice/IORegistryEntry
interface	2026-10-03T03:49:58.429Z	965123.68840975	upload-idle	Instant(_value: 3040526.846369125 seconds)	0	2	74	0	26	74	physicalEthernet	en2#11#4294970264#10	0	0	0.0	0.0	Optional(false)	SC Ethernet; hardware provider IOEthernetInterface/AppleThunderboltIPPort/AppleThunderboltIPService/IOThunderboltLocalNode/IOThunderboltControllerType5/AppleThunderboltNHIType5/AppleThunderboltHALType5/AppleARMIODevice/AppleH15IO/IOPlatformDevice/AppleARMPE/IOPlatformExpertDevice/IORegistryEntry
interface	2026-10-03T03:49:58.429Z	965123.68840975	upload-idle	Instant(_value: 3040526.846369125 seconds)	0	2	74	0	26	74	physicalEthernet	en3#12#4294970379#11	0	0	0.0	0.0	Optional(false)	SC Ethernet; hardware provider IOEthernetInterface/AppleThunderboltIPPort/AppleThunderboltIPService/IOThunderboltLocalNode/IOThunderboltControllerType5/AppleThunderboltNHIType5/AppleThunderboltHALType5/AppleARMIODevice/AppleH15IO/IOPlatformDevice/AppleARMPE/IOPlatformExpertDevice/IORegistryEntry
interface	2026-10-03T03:49:58.429Z	965123.68840975	upload-idle	Instant(_value: 3040526.846369125 seconds)	0	2	74	0	26	74	logical	bridge0#15#nil#12	0	0	0.0	0.0	Optional(false)	route link type=209
interface	2026-10-03T03:49:58.429Z	965123.68840975	upload-idle	Instant(_value: 3040526.846369125 seconds)	0	2	74	0	26	74	unknown	ap1#13#nil#13	0	0	0.0	0.0	nil	IORegistry provider unavailable; SC type=
interface	2026-10-03T03:49:58.429Z	965123.68840975	upload-idle	Instant(_value: 3040526.846369125 seconds)	0	2	74	0	26	74	physicalWiFi	en0#14#4294971925#14	3204002816	2000075776	318400.41257200565	3071.386616450215	Optional(true)	SC Wi-Fi; hardware provider IOSkywalkLegacyEthernetInterface/IO80211Controller/IOUserNetworkWLAN/IOUserService/IOUserService/IOPCIDevice/ApplePCIEHostBridge/IOPCIDevice/AppleT6031PCIe/AppleARMIODevice/AppleH15IO/IOPlatformDevice/AppleARMPE/IOPlatformExpertDevice/IORegistryEntry
interface	2026-10-03T03:49:58.429Z	965123.68840975	upload-idle	Instant(_value: 3040526.846369125 seconds)	0	2	74	0	26	74	virtual	awdl0#16#nil#15	8599552	8556544	0.0	0.0	Optional(true)	SIOCGIFFUNCTIONALTYPE=4
interface	2026-10-03T03:49:58.429Z	965123.68840975	upload-idle	Instant(_value: 3040526.846369125 seconds)	0	2	74	0	26	74	unknown	llw0#17#nil#16	0	0	0.0	0.0	nil	IORegistry provider unavailable; SC type=
interface	2026-10-03T03:49:58.429Z	965123.68840975	upload-idle	Instant(_value: 3040526.846369125 seconds)	0	2	74	0	26	74	tunnel	utun0#18#nil#17	0	0	0.0	0.0	nil	tunnel name; VPN service unconfirmed
interface	2026-10-03T03:49:58.429Z	965123.68840975	upload-idle	Instant(_value: 3040526.846369125 seconds)	0	2	74	0	26	74	tunnel	utun1#19#nil#18	0	8192	0.0	0.0	nil	tunnel name; VPN service unconfirmed
interface	2026-10-03T03:49:58.429Z	965123.68840975	upload-idle	Instant(_value: 3040526.846369125 seconds)	0	2	74	0	26	74	tunnel	utun2#20#nil#19	0	8192	0.0	0.0	nil	tunnel name; VPN service unconfirmed
interface	2026-10-03T03:49:58.429Z	965123.68840975	upload-idle	Instant(_value: 3040526.846369125 seconds)	0	2	74	0	26	74	tunnel	utun3#21#nil#20	0	8192	0.0	0.0	nil	tunnel name; VPN service unconfirmed
interface	2026-10-03T03:49:58.429Z	965123.68840975	upload-idle	Instant(_value: 3040526.846369125 seconds)	0	2	74	0	26	74	tunnel	utun4#24#nil#21	9216	4096	0.0	0.0	nil	tunnel name; VPN service unconfirmed
interface	2026-10-03T03:49:58.429Z	965123.68840975	upload-idle	Instant(_value: 3040526.846369125 seconds)	0	2	74	0	26	74	tunnel	utun5#25#nil#22	166912	143360	0.0	0.0	nil	tunnel name; VPN service unconfirmed
interface	2026-10-03T03:49:58.429Z	965123.68840975	upload-idle	Instant(_value: 3040526.846369125 seconds)	0	2	74	0	26	74	tunnel	utun6#26#nil#23	0	8192	0.0	0.0	nil	tunnel name; VPN service unconfirmed
interface	2026-10-03T03:49:58.429Z	965123.68840975	upload-idle	Instant(_value: 3040526.846369125 seconds)	0	2	74	0	26	74	tunnel	utun7#27#nil#24	0	8192	0.0	0.0	nil	tunnel name; VPN service unconfirmed
interface	2026-10-03T03:49:58.429Z	965123.68840975	upload-idle	Instant(_value: 3040526.846369125 seconds)	0	2	74	0	26	74	virtual	vmenet0#22#4295372070#25	5120	1833984	0.0	0.0	Optional(true)	virtual provider IOUserEthernetInterface/IOUserEthernetController/IOUserEthernetResourceUserClient/IOUserEthernetResource/IOResources/IOPlatformExpertDevice/IORegistryEntry
interface	2026-10-03T03:49:58.429Z	965123.68840975	upload-idle	Instant(_value: 3040526.846369125 seconds)	0	2	74	0	26	74	logical	bridge100#23#nil#26	0	3668992	0.0	0.0	Optional(true)	route link type=209
delivery	2026-10-03T03:49:58.429Z	965123.68840975	upload-idle	Instant(_value: 3040526.846369125 seconds)	0	2	74	0	26	74	delivered	networkActivity						sameReadAt=true
card	2026-10-03T03:49:58.429Z	965123.68840975	upload-idle	Optional(Swift.ContinuousClock.Instant(_value: 3040526.846369125 seconds))					26		partial("물리 대상의 식별·연결·속도 일부를 확인하지 못했습니다")	NetworkCard			318400.41257200565	3071.386616450215	true	Network 카드, 일부 수집 실패: 물리 대상의 식별·연결·속도 일부를 확인하지 못했습니다, 확인된 일부 합계 다운로드 310.9 KB/s, 업로드 3.0 KB/s, 일부 수집 실패: 대상 identity 또는 물리 정보 일부 미확인
sample	2026-10-03T03:49:59.492Z	965124.7514104167	upload-idle	Instant(_value: 3040527.830036833 seconds)	0	2	75	0	26	75	partial("물리 대상의 식별·연결·속도 일부를 확인하지 못했습니다")	knownPhysical			315423.59017848334	13533.025321189052	false	representativeRX=-1.0;representativeTX=-1.0
interface	2026-10-03T03:49:59.492Z	965124.7514104167	upload-idle	Instant(_value: 3040527.830036833 seconds)	0	2	75	0	26	75	tunnel	gif0#2#nil#1	0	0	0.0	0.0	nil	route tunnel link type=55
interface	2026-10-03T03:49:59.492Z	965124.7514104167	upload-idle	Instant(_value: 3040527.830036833 seconds)	0	2	75	0	26	75	tunnel	stf0#3#nil#2	0	0	0.0	0.0	nil	route tunnel link type=57
interface	2026-10-03T03:49:59.492Z	965124.7514104167	upload-idle	Instant(_value: 3040527.830036833 seconds)	0	2	75	0	26	75	virtual	anpi1#4#4294970237#3	0	0	0.0	0.0	Optional(false)	private auxiliary network interface AppleUSBDeviceNCMPrivateEthernetInterface/AppleUSBDeviceNCMData/IOUSBDeviceInterface/AppleT8122USBXDCI/AppleARMIODevice/AppleH15IO/IOPlatformDevice/AppleARMPE/IOPlatformExpertDevice/IORegistryEntry
interface	2026-10-03T03:49:59.492Z	965124.7514104167	upload-idle	Instant(_value: 3040527.830036833 seconds)	0	2	75	0	26	75	virtual	anpi2#5#4294970293#4	0	0	0.0	0.0	Optional(false)	private auxiliary network interface AppleUSBDeviceNCMPrivateEthernetInterface/AppleUSBDeviceNCMData/IOUSBDeviceInterface/AppleT8122USBXDCI/AppleARMIODevice/AppleH15IO/IOPlatformDevice/AppleARMPE/IOPlatformExpertDevice/IORegistryEntry
interface	2026-10-03T03:49:59.492Z	965124.7514104167	upload-idle	Instant(_value: 3040527.830036833 seconds)	0	2	75	0	26	75	virtual	anpi0#6#4294970305#5	0	0	0.0	0.0	Optional(false)	private auxiliary network interface AppleUSBDeviceNCMPrivateEthernetInterface/AppleUSBDeviceNCMData/IOUSBDeviceInterface/AppleT8122USBXDCI/AppleARMIODevice/AppleH15IO/IOPlatformDevice/AppleARMPE/IOPlatformExpertDevice/IORegistryEntry
interface	2026-10-03T03:49:59.492Z	965124.7514104167	upload-idle	Instant(_value: 3040527.830036833 seconds)	0	2	75	0	26	75	physicalEthernet	en4#7#4294970257#6	0	0	0.0	0.0	Optional(false)	SC Ethernet; hardware provider IOEthernetInterface/AppleUSBDeviceNCMData/IOUSBDeviceInterface/AppleT8122USBXDCI/AppleARMIODevice/AppleH15IO/IOPlatformDevice/AppleARMPE/IOPlatformExpertDevice/IORegistryEntry
interface	2026-10-03T03:49:59.492Z	965124.7514104167	upload-idle	Instant(_value: 3040527.830036833 seconds)	0	2	75	0	26	75	physicalEthernet	en5#8#4294970175#7	0	0	0.0	0.0	Optional(false)	SC Ethernet; hardware provider IOEthernetInterface/AppleUSBDeviceNCMData/IOUSBDeviceInterface/AppleT8122USBXDCI/AppleARMIODevice/AppleH15IO/IOPlatformDevice/AppleARMPE/IOPlatformExpertDevice/IORegistryEntry
interface	2026-10-03T03:49:59.492Z	965124.7514104167	upload-idle	Instant(_value: 3040527.830036833 seconds)	0	2	75	0	26	75	physicalEthernet	en6#9#4294970236#8	0	0	0.0	0.0	Optional(false)	SC Ethernet; hardware provider IOEthernetInterface/AppleUSBDeviceNCMData/IOUSBDeviceInterface/AppleT8122USBXDCI/AppleARMIODevice/AppleH15IO/IOPlatformDevice/AppleARMPE/IOPlatformExpertDevice/IORegistryEntry
interface	2026-10-03T03:49:59.492Z	965124.7514104167	upload-idle	Instant(_value: 3040527.830036833 seconds)	0	2	75	0	26	75	physicalEthernet	en1#10#4294970312#9	0	0	0.0	0.0	Optional(false)	SC Ethernet; hardware provider IOEthernetInterface/AppleThunderboltIPPort/AppleThunderboltIPService/IOThunderboltLocalNode/IOThunderboltControllerType5/AppleThunderboltNHIType5/AppleThunderboltHALType5/AppleARMIODevice/AppleH15IO/IOPlatformDevice/AppleARMPE/IOPlatformExpertDevice/IORegistryEntry
interface	2026-10-03T03:49:59.492Z	965124.7514104167	upload-idle	Instant(_value: 3040527.830036833 seconds)	0	2	75	0	26	75	physicalEthernet	en2#11#4294970264#10	0	0	0.0	0.0	Optional(false)	SC Ethernet; hardware provider IOEthernetInterface/AppleThunderboltIPPort/AppleThunderboltIPService/IOThunderboltLocalNode/IOThunderboltControllerType5/AppleThunderboltNHIType5/AppleThunderboltHALType5/AppleARMIODevice/AppleH15IO/IOPlatformDevice/AppleARMPE/IOPlatformExpertDevice/IORegistryEntry
interface	2026-10-03T03:49:59.492Z	965124.7514104167	upload-idle	Instant(_value: 3040527.830036833 seconds)	0	2	75	0	26	75	physicalEthernet	en3#12#4294970379#11	0	0	0.0	0.0	Optional(false)	SC Ethernet; hardware provider IOEthernetInterface/AppleThunderboltIPPort/AppleThunderboltIPService/IOThunderboltLocalNode/IOThunderboltControllerType5/AppleThunderboltNHIType5/AppleThunderboltHALType5/AppleARMIODevice/AppleH15IO/IOPlatformDevice/AppleARMPE/IOPlatformExpertDevice/IORegistryEntry
interface	2026-10-03T03:49:59.492Z	965124.7514104167	upload-idle	Instant(_value: 3040527.830036833 seconds)	0	2	75	0	26	75	logical	bridge0#15#nil#12	0	0	0.0	0.0	Optional(false)	route link type=209
interface	2026-10-03T03:49:59.492Z	965124.7514104167	upload-idle	Instant(_value: 3040527.830036833 seconds)	0	2	75	0	26	75	unknown	ap1#13#nil#13	0	0	0.0	0.0	nil	IORegistry provider unavailable; SC type=
interface	2026-10-03T03:49:59.492Z	965124.7514104167	upload-idle	Instant(_value: 3040527.830036833 seconds)	0	2	75	0	26	75	physicalWiFi	en0#14#4294971925#14	3204313088	2000089088	315423.59017848334	13533.025321189052	Optional(true)	SC Wi-Fi; hardware provider IOSkywalkLegacyEthernetInterface/IO80211Controller/IOUserNetworkWLAN/IOUserService/IOUserService/IOPCIDevice/ApplePCIEHostBridge/IOPCIDevice/AppleT6031PCIe/AppleARMIODevice/AppleH15IO/IOPlatformDevice/AppleARMPE/IOPlatformExpertDevice/IORegistryEntry
interface	2026-10-03T03:49:59.492Z	965124.7514104167	upload-idle	Instant(_value: 3040527.830036833 seconds)	0	2	75	0	26	75	virtual	awdl0#16#nil#15	8599552	8556544	0.0	0.0	Optional(true)	SIOCGIFFUNCTIONALTYPE=4
interface	2026-10-03T03:49:59.492Z	965124.7514104167	upload-idle	Instant(_value: 3040527.830036833 seconds)	0	2	75	0	26	75	unknown	llw0#17#nil#16	0	0	0.0	0.0	nil	IORegistry provider unavailable; SC type=
interface	2026-10-03T03:49:59.492Z	965124.7514104167	upload-idle	Instant(_value: 3040527.830036833 seconds)	0	2	75	0	26	75	tunnel	utun0#18#nil#17	0	0	0.0	0.0	nil	tunnel name; VPN service unconfirmed
interface	2026-10-03T03:49:59.492Z	965124.7514104167	upload-idle	Instant(_value: 3040527.830036833 seconds)	0	2	75	0	26	75	tunnel	utun1#19#nil#18	0	8192	0.0	0.0	nil	tunnel name; VPN service unconfirmed
interface	2026-10-03T03:49:59.492Z	965124.7514104167	upload-idle	Instant(_value: 3040527.830036833 seconds)	0	2	75	0	26	75	tunnel	utun2#20#nil#19	0	8192	0.0	0.0	nil	tunnel name; VPN service unconfirmed
interface	2026-10-03T03:49:59.492Z	965124.7514104167	upload-idle	Instant(_value: 3040527.830036833 seconds)	0	2	75	0	26	75	tunnel	utun3#21#nil#20	0	8192	0.0	0.0	nil	tunnel name; VPN service unconfirmed
interface	2026-10-03T03:49:59.492Z	965124.7514104167	upload-idle	Instant(_value: 3040527.830036833 seconds)	0	2	75	0	26	75	tunnel	utun4#24#nil#21	9216	4096	0.0	0.0	nil	tunnel name; VPN service unconfirmed
interface	2026-10-03T03:49:59.492Z	965124.7514104167	upload-idle	Instant(_value: 3040527.830036833 seconds)	0	2	75	0	26	75	tunnel	utun5#25#nil#22	166912	143360	0.0	0.0	nil	tunnel name; VPN service unconfirmed
interface	2026-10-03T03:49:59.492Z	965124.7514104167	upload-idle	Instant(_value: 3040527.830036833 seconds)	0	2	75	0	26	75	tunnel	utun6#26#nil#23	0	8192	0.0	0.0	nil	tunnel name; VPN service unconfirmed
interface	2026-10-03T03:49:59.492Z	965124.7514104167	upload-idle	Instant(_value: 3040527.830036833 seconds)	0	2	75	0	26	75	tunnel	utun7#27#nil#24	0	8192	0.0	0.0	nil	tunnel name; VPN service unconfirmed
interface	2026-10-03T03:49:59.492Z	965124.7514104167	upload-idle	Instant(_value: 3040527.830036833 seconds)	0	2	75	0	26	75	virtual	vmenet0#22#4295372070#25	5120	1833984	0.0	0.0	Optional(true)	virtual provider IOUserEthernetInterface/IOUserEthernetController/IOUserEthernetResourceUserClient/IOUserEthernetResource/IOResources/IOPlatformExpertDevice/IORegistryEntry
interface	2026-10-03T03:49:59.492Z	965124.7514104167	upload-idle	Instant(_value: 3040527.830036833 seconds)	0	2	75	0	26	75	logical	bridge100#23#nil#26	0	3668992	0.0	0.0	Optional(true)	route link type=209
delivery	2026-10-03T03:49:59.492Z	965124.7514104167	upload-idle	Instant(_value: 3040527.830036833 seconds)	0	2	75	0	26	75	delivered	networkActivity						sameReadAt=true
card	2026-10-03T03:49:59.492Z	965124.7514104167	upload-idle	Optional(Swift.ContinuousClock.Instant(_value: 3040527.830036833 seconds))					26		partial("물리 대상의 식별·연결·속도 일부를 확인하지 못했습니다")	NetworkCard			315423.59017848334	13533.025321189052	true	Network 카드, 일부 수집 실패: 물리 대상의 식별·연결·속도 일부를 확인하지 못했습니다, 확인된 일부 합계 다운로드 308.0 KB/s, 업로드 13.2 KB/s, 일부 수집 실패: 대상 identity 또는 물리 정보 일부 미확인
sample	2026-10-03T03:50:00.522Z	965125.7811734168	upload-idle	Instant(_value: 3040528.853592041 seconds)	0	2	76	0	26	76	partial("물리 대상의 식별·연결·속도 일부를 확인하지 못했습니다")	knownPhysical			320139.05790218984	5002.172779721716	false	representativeRX=-1.0;representativeTX=-1.0
interface	2026-10-03T03:50:00.522Z	965125.7811734168	upload-idle	Instant(_value: 3040528.853592041 seconds)	0	2	76	0	26	76	tunnel	gif0#2#nil#1	0	0	0.0	0.0	nil	route tunnel link type=55
interface	2026-10-03T03:50:00.522Z	965125.7811734168	upload-idle	Instant(_value: 3040528.853592041 seconds)	0	2	76	0	26	76	tunnel	stf0#3#nil#2	0	0	0.0	0.0	nil	route tunnel link type=57
interface	2026-10-03T03:50:00.522Z	965125.7811734168	upload-idle	Instant(_value: 3040528.853592041 seconds)	0	2	76	0	26	76	virtual	anpi1#4#4294970237#3	0	0	0.0	0.0	Optional(false)	private auxiliary network interface AppleUSBDeviceNCMPrivateEthernetInterface/AppleUSBDeviceNCMData/IOUSBDeviceInterface/AppleT8122USBXDCI/AppleARMIODevice/AppleH15IO/IOPlatformDevice/AppleARMPE/IOPlatformExpertDevice/IORegistryEntry
interface	2026-10-03T03:50:00.522Z	965125.7811734168	upload-idle	Instant(_value: 3040528.853592041 seconds)	0	2	76	0	26	76	virtual	anpi2#5#4294970293#4	0	0	0.0	0.0	Optional(false)	private auxiliary network interface AppleUSBDeviceNCMPrivateEthernetInterface/AppleUSBDeviceNCMData/IOUSBDeviceInterface/AppleT8122USBXDCI/AppleARMIODevice/AppleH15IO/IOPlatformDevice/AppleARMPE/IOPlatformExpertDevice/IORegistryEntry
interface	2026-10-03T03:50:00.522Z	965125.7811734168	upload-idle	Instant(_value: 3040528.853592041 seconds)	0	2	76	0	26	76	virtual	anpi0#6#4294970305#5	0	0	0.0	0.0	Optional(false)	private auxiliary network interface AppleUSBDeviceNCMPrivateEthernetInterface/AppleUSBDeviceNCMData/IOUSBDeviceInterface/AppleT8122USBXDCI/AppleARMIODevice/AppleH15IO/IOPlatformDevice/AppleARMPE/IOPlatformExpertDevice/IORegistryEntry
interface	2026-10-03T03:50:00.522Z	965125.7811734168	upload-idle	Instant(_value: 3040528.853592041 seconds)	0	2	76	0	26	76	physicalEthernet	en4#7#4294970257#6	0	0	0.0	0.0	Optional(false)	SC Ethernet; hardware provider IOEthernetInterface/AppleUSBDeviceNCMData/IOUSBDeviceInterface/AppleT8122USBXDCI/AppleARMIODevice/AppleH15IO/IOPlatformDevice/AppleARMPE/IOPlatformExpertDevice/IORegistryEntry
interface	2026-10-03T03:50:00.522Z	965125.7811734168	upload-idle	Instant(_value: 3040528.853592041 seconds)	0	2	76	0	26	76	physicalEthernet	en5#8#4294970175#7	0	0	0.0	0.0	Optional(false)	SC Ethernet; hardware provider IOEthernetInterface/AppleUSBDeviceNCMData/IOUSBDeviceInterface/AppleT8122USBXDCI/AppleARMIODevice/AppleH15IO/IOPlatformDevice/AppleARMPE/IOPlatformExpertDevice/IORegistryEntry
interface	2026-10-03T03:50:00.522Z	965125.7811734168	upload-idle	Instant(_value: 3040528.853592041 seconds)	0	2	76	0	26	76	physicalEthernet	en6#9#4294970236#8	0	0	0.0	0.0	Optional(false)	SC Ethernet; hardware provider IOEthernetInterface/AppleUSBDeviceNCMData/IOUSBDeviceInterface/AppleT8122USBXDCI/AppleARMIODevice/AppleH15IO/IOPlatformDevice/AppleARMPE/IOPlatformExpertDevice/IORegistryEntry
interface	2026-10-03T03:50:00.522Z	965125.7811734168	upload-idle	Instant(_value: 3040528.853592041 seconds)	0	2	76	0	26	76	physicalEthernet	en1#10#4294970312#9	0	0	0.0	0.0	Optional(false)	SC Ethernet; hardware provider IOEthernetInterface/AppleThunderboltIPPort/AppleThunderboltIPService/IOThunderboltLocalNode/IOThunderboltControllerType5/AppleThunderboltNHIType5/AppleThunderboltHALType5/AppleARMIODevice/AppleH15IO/IOPlatformDevice/AppleARMPE/IOPlatformExpertDevice/IORegistryEntry
interface	2026-10-03T03:50:00.522Z	965125.7811734168	upload-idle	Instant(_value: 3040528.853592041 seconds)	0	2	76	0	26	76	physicalEthernet	en2#11#4294970264#10	0	0	0.0	0.0	Optional(false)	SC Ethernet; hardware provider IOEthernetInterface/AppleThunderboltIPPort/AppleThunderboltIPService/IOThunderboltLocalNode/IOThunderboltControllerType5/AppleThunderboltNHIType5/AppleThunderboltHALType5/AppleARMIODevice/AppleH15IO/IOPlatformDevice/AppleARMPE/IOPlatformExpertDevice/IORegistryEntry
interface	2026-10-03T03:50:00.522Z	965125.7811734168	upload-idle	Instant(_value: 3040528.853592041 seconds)	0	2	76	0	26	76	physicalEthernet	en3#12#4294970379#11	0	0	0.0	0.0	Optional(false)	SC Ethernet; hardware provider IOEthernetInterface/AppleThunderboltIPPort/AppleThunderboltIPService/IOThunderboltLocalNode/IOThunderboltControllerType5/AppleThunderboltNHIType5/AppleThunderboltHALType5/AppleARMIODevice/AppleH15IO/IOPlatformDevice/AppleARMPE/IOPlatformExpertDevice/IORegistryEntry
interface	2026-10-03T03:50:00.522Z	965125.7811734168	upload-idle	Instant(_value: 3040528.853592041 seconds)	0	2	76	0	26	76	logical	bridge0#15#nil#12	0	0	0.0	0.0	Optional(false)	route link type=209
interface	2026-10-03T03:50:00.522Z	965125.7811734168	upload-idle	Instant(_value: 3040528.853592041 seconds)	0	2	76	0	26	76	unknown	ap1#13#nil#13	0	0	0.0	0.0	nil	IORegistry provider unavailable; SC type=
interface	2026-10-03T03:50:00.522Z	965125.7811734168	upload-idle	Instant(_value: 3040528.853592041 seconds)	0	2	76	0	26	76	physicalWiFi	en0#14#4294971925#14	3204640768	2000094208	320139.05790218984	5002.172779721716	Optional(true)	SC Wi-Fi; hardware provider IOSkywalkLegacyEthernetInterface/IO80211Controller/IOUserNetworkWLAN/IOUserService/IOUserService/IOPCIDevice/ApplePCIEHostBridge/IOPCIDevice/AppleT6031PCIe/AppleARMIODevice/AppleH15IO/IOPlatformDevice/AppleARMPE/IOPlatformExpertDevice/IORegistryEntry
interface	2026-10-03T03:50:00.522Z	965125.7811734168	upload-idle	Instant(_value: 3040528.853592041 seconds)	0	2	76	0	26	76	virtual	awdl0#16#nil#15	8599552	8556544	0.0	0.0	Optional(true)	SIOCGIFFUNCTIONALTYPE=4
interface	2026-10-03T03:50:00.522Z	965125.7811734168	upload-idle	Instant(_value: 3040528.853592041 seconds)	0	2	76	0	26	76	unknown	llw0#17#nil#16	0	0	0.0	0.0	nil	IORegistry provider unavailable; SC type=
interface	2026-10-03T03:50:00.522Z	965125.7811734168	upload-idle	Instant(_value: 3040528.853592041 seconds)	0	2	76	0	26	76	tunnel	utun0#18#nil#17	0	0	0.0	0.0	nil	tunnel name; VPN service unconfirmed
interface	2026-10-03T03:50:00.522Z	965125.7811734168	upload-idle	Instant(_value: 3040528.853592041 seconds)	0	2	76	0	26	76	tunnel	utun1#19#nil#18	0	8192	0.0	0.0	nil	tunnel name; VPN service unconfirmed
interface	2026-10-03T03:50:00.522Z	965125.7811734168	upload-idle	Instant(_value: 3040528.853592041 seconds)	0	2	76	0	26	76	tunnel	utun2#20#nil#19	0	8192	0.0	0.0	nil	tunnel name; VPN service unconfirmed
interface	2026-10-03T03:50:00.522Z	965125.7811734168	upload-idle	Instant(_value: 3040528.853592041 seconds)	0	2	76	0	26	76	tunnel	utun3#21#nil#20	0	8192	0.0	0.0	nil	tunnel name; VPN service unconfirmed
interface	2026-10-03T03:50:00.522Z	965125.7811734168	upload-idle	Instant(_value: 3040528.853592041 seconds)	0	2	76	0	26	76	tunnel	utun4#24#nil#21	9216	4096	0.0	0.0	nil	tunnel name; VPN service unconfirmed
interface	2026-10-03T03:50:00.522Z	965125.7811734168	upload-idle	Instant(_value: 3040528.853592041 seconds)	0	2	76	0	26	76	tunnel	utun5#25#nil#22	166912	143360	0.0	0.0	nil	tunnel name; VPN service unconfirmed
interface	2026-10-03T03:50:00.522Z	965125.7811734168	upload-idle	Instant(_value: 3040528.853592041 seconds)	0	2	76	0	26	76	tunnel	utun6#26#nil#23	0	8192	0.0	0.0	nil	tunnel name; VPN service unconfirmed
interface	2026-10-03T03:50:00.522Z	965125.7811734168	upload-idle	Instant(_value: 3040528.853592041 seconds)	0	2	76	0	26	76	tunnel	utun7#27#nil#24	0	8192	0.0	0.0	nil	tunnel name; VPN service unconfirmed
interface	2026-10-03T03:50:00.522Z	965125.7811734168	upload-idle	Instant(_value: 3040528.853592041 seconds)	0	2	76	0	26	76	virtual	vmenet0#22#4295372070#25	5120	1833984	0.0	0.0	Optional(true)	virtual provider IOUserEthernetInterface/IOUserEthernetController/IOUserEthernetResourceUserClient/IOUserEthernetResource/IOResources/IOPlatformExpertDevice/IORegistryEntry
interface	2026-10-03T03:50:00.522Z	965125.7811734168	upload-idle	Instant(_value: 3040528.853592041 seconds)	0	2	76	0	26	76	logical	bridge100#23#nil#26	0	3668992	0.0	0.0	Optional(true)	route link type=209
delivery	2026-10-03T03:50:00.522Z	965125.7811734168	upload-idle	Instant(_value: 3040528.853592041 seconds)	0	2	76	0	26	76	delivered	networkActivity						sameReadAt=true
card	2026-10-03T03:50:00.522Z	965125.7811734168	upload-idle	Optional(Swift.ContinuousClock.Instant(_value: 3040528.853592041 seconds))					26		partial("물리 대상의 식별·연결·속도 일부를 확인하지 못했습니다")	NetworkCard			320139.05790218984	5002.172779721716	true	Network 카드, 일부 수집 실패: 물리 대상의 식별·연결·속도 일부를 확인하지 못했습니다, 확인된 일부 합계 다운로드 312.6 KB/s, 업로드 4.9 KB/s, 일부 수집 실패: 대상 identity 또는 물리 정보 일부 미확인
sample	2026-10-03T03:50:01.588Z	965126.8474601251	upload-load	Instant(_value: 3040529.848793458 seconds)	0	2	77	0	26	77	partial("물리 대상의 식별·연결·속도 일부를 확인하지 못했습니다")	knownPhysical			311768.04483991204	5144.687208579407	false	representativeRX=-1.0;representativeTX=-1.0
interface	2026-10-03T03:50:01.588Z	965126.8474601251	upload-load	Instant(_value: 3040529.848793458 seconds)	0	2	77	0	26	77	tunnel	gif0#2#nil#1	0	0	0.0	0.0	nil	route tunnel link type=55
interface	2026-10-03T03:50:01.588Z	965126.8474601251	upload-load	Instant(_value: 3040529.848793458 seconds)	0	2	77	0	26	77	tunnel	stf0#3#nil#2	0	0	0.0	0.0	nil	route tunnel link type=57
interface	2026-10-03T03:50:01.588Z	965126.8474601251	upload-load	Instant(_value: 3040529.848793458 seconds)	0	2	77	0	26	77	virtual	anpi1#4#4294970237#3	0	0	0.0	0.0	Optional(false)	private auxiliary network interface AppleUSBDeviceNCMPrivateEthernetInterface/AppleUSBDeviceNCMData/IOUSBDeviceInterface/AppleT8122USBXDCI/AppleARMIODevice/AppleH15IO/IOPlatformDevice/AppleARMPE/IOPlatformExpertDevice/IORegistryEntry
interface	2026-10-03T03:50:01.588Z	965126.8474601251	upload-load	Instant(_value: 3040529.848793458 seconds)	0	2	77	0	26	77	virtual	anpi2#5#4294970293#4	0	0	0.0	0.0	Optional(false)	private auxiliary network interface AppleUSBDeviceNCMPrivateEthernetInterface/AppleUSBDeviceNCMData/IOUSBDeviceInterface/AppleT8122USBXDCI/AppleARMIODevice/AppleH15IO/IOPlatformDevice/AppleARMPE/IOPlatformExpertDevice/IORegistryEntry
interface	2026-10-03T03:50:01.588Z	965126.8474601251	upload-load	Instant(_value: 3040529.848793458 seconds)	0	2	77	0	26	77	virtual	anpi0#6#4294970305#5	0	0	0.0	0.0	Optional(false)	private auxiliary network interface AppleUSBDeviceNCMPrivateEthernetInterface/AppleUSBDeviceNCMData/IOUSBDeviceInterface/AppleT8122USBXDCI/AppleARMIODevice/AppleH15IO/IOPlatformDevice/AppleARMPE/IOPlatformExpertDevice/IORegistryEntry
interface	2026-10-03T03:50:01.588Z	965126.8474601251	upload-load	Instant(_value: 3040529.848793458 seconds)	0	2	77	0	26	77	physicalEthernet	en4#7#4294970257#6	0	0	0.0	0.0	Optional(false)	SC Ethernet; hardware provider IOEthernetInterface/AppleUSBDeviceNCMData/IOUSBDeviceInterface/AppleT8122USBXDCI/AppleARMIODevice/AppleH15IO/IOPlatformDevice/AppleARMPE/IOPlatformExpertDevice/IORegistryEntry
interface	2026-10-03T03:50:01.588Z	965126.8474601251	upload-load	Instant(_value: 3040529.848793458 seconds)	0	2	77	0	26	77	physicalEthernet	en5#8#4294970175#7	0	0	0.0	0.0	Optional(false)	SC Ethernet; hardware provider IOEthernetInterface/AppleUSBDeviceNCMData/IOUSBDeviceInterface/AppleT8122USBXDCI/AppleARMIODevice/AppleH15IO/IOPlatformDevice/AppleARMPE/IOPlatformExpertDevice/IORegistryEntry
interface	2026-10-03T03:50:01.588Z	965126.8474601251	upload-load	Instant(_value: 3040529.848793458 seconds)	0	2	77	0	26	77	physicalEthernet	en6#9#4294970236#8	0	0	0.0	0.0	Optional(false)	SC Ethernet; hardware provider IOEthernetInterface/AppleUSBDeviceNCMData/IOUSBDeviceInterface/AppleT8122USBXDCI/AppleARMIODevice/AppleH15IO/IOPlatformDevice/AppleARMPE/IOPlatformExpertDevice/IORegistryEntry
interface	2026-10-03T03:50:01.588Z	965126.8474601251	upload-load	Instant(_value: 3040529.848793458 seconds)	0	2	77	0	26	77	physicalEthernet	en1#10#4294970312#9	0	0	0.0	0.0	Optional(false)	SC Ethernet; hardware provider IOEthernetInterface/AppleThunderboltIPPort/AppleThunderboltIPService/IOThunderboltLocalNode/IOThunderboltControllerType5/AppleThunderboltNHIType5/AppleThunderboltHALType5/AppleARMIODevice/AppleH15IO/IOPlatformDevice/AppleARMPE/IOPlatformExpertDevice/IORegistryEntry
interface	2026-10-03T03:50:01.588Z	965126.8474601251	upload-load	Instant(_value: 3040529.848793458 seconds)	0	2	77	0	26	77	physicalEthernet	en2#11#4294970264#10	0	0	0.0	0.0	Optional(false)	SC Ethernet; hardware provider IOEthernetInterface/AppleThunderboltIPPort/AppleThunderboltIPService/IOThunderboltLocalNode/IOThunderboltControllerType5/AppleThunderboltNHIType5/AppleThunderboltHALType5/AppleARMIODevice/AppleH15IO/IOPlatformDevice/AppleARMPE/IOPlatformExpertDevice/IORegistryEntry
interface	2026-10-03T03:50:01.588Z	965126.8474601251	upload-load	Instant(_value: 3040529.848793458 seconds)	0	2	77	0	26	77	physicalEthernet	en3#12#4294970379#11	0	0	0.0	0.0	Optional(false)	SC Ethernet; hardware provider IOEthernetInterface/AppleThunderboltIPPort/AppleThunderboltIPService/IOThunderboltLocalNode/IOThunderboltControllerType5/AppleThunderboltNHIType5/AppleThunderboltHALType5/AppleARMIODevice/AppleH15IO/IOPlatformDevice/AppleARMPE/IOPlatformExpertDevice/IORegistryEntry
interface	2026-10-03T03:50:01.588Z	965126.8474601251	upload-load	Instant(_value: 3040529.848793458 seconds)	0	2	77	0	26	77	logical	bridge0#15#nil#12	0	0	0.0	0.0	Optional(false)	route link type=209
interface	2026-10-03T03:50:01.588Z	965126.8474601251	upload-load	Instant(_value: 3040529.848793458 seconds)	0	2	77	0	26	77	unknown	ap1#13#nil#13	0	0	0.0	0.0	nil	IORegistry provider unavailable; SC type=
interface	2026-10-03T03:50:01.588Z	965126.8474601251	upload-load	Instant(_value: 3040529.848793458 seconds)	0	2	77	0	26	77	physicalWiFi	en0#14#4294971925#14	3204951040	2000099328	311768.04483991204	5144.687208579407	Optional(true)	SC Wi-Fi; hardware provider IOSkywalkLegacyEthernetInterface/IO80211Controller/IOUserNetworkWLAN/IOUserService/IOUserService/IOPCIDevice/ApplePCIEHostBridge/IOPCIDevice/AppleT6031PCIe/AppleARMIODevice/AppleH15IO/IOPlatformDevice/AppleARMPE/IOPlatformExpertDevice/IORegistryEntry
interface	2026-10-03T03:50:01.588Z	965126.8474601251	upload-load	Instant(_value: 3040529.848793458 seconds)	0	2	77	0	26	77	virtual	awdl0#16#nil#15	8599552	8556544	0.0	0.0	Optional(true)	SIOCGIFFUNCTIONALTYPE=4
interface	2026-10-03T03:50:01.588Z	965126.8474601251	upload-load	Instant(_value: 3040529.848793458 seconds)	0	2	77	0	26	77	unknown	llw0#17#nil#16	0	0	0.0	0.0	nil	IORegistry provider unavailable; SC type=
interface	2026-10-03T03:50:01.588Z	965126.8474601251	upload-load	Instant(_value: 3040529.848793458 seconds)	0	2	77	0	26	77	tunnel	utun0#18#nil#17	0	0	0.0	0.0	nil	tunnel name; VPN service unconfirmed
interface	2026-10-03T03:50:01.588Z	965126.8474601251	upload-load	Instant(_value: 3040529.848793458 seconds)	0	2	77	0	26	77	tunnel	utun1#19#nil#18	0	8192	0.0	0.0	nil	tunnel name; VPN service unconfirmed
interface	2026-10-03T03:50:01.588Z	965126.8474601251	upload-load	Instant(_value: 3040529.848793458 seconds)	0	2	77	0	26	77	tunnel	utun2#20#nil#19	0	8192	0.0	0.0	nil	tunnel name; VPN service unconfirmed
interface	2026-10-03T03:50:01.588Z	965126.8474601251	upload-load	Instant(_value: 3040529.848793458 seconds)	0	2	77	0	26	77	tunnel	utun3#21#nil#20	0	8192	0.0	0.0	nil	tunnel name; VPN service unconfirmed
interface	2026-10-03T03:50:01.588Z	965126.8474601251	upload-load	Instant(_value: 3040529.848793458 seconds)	0	2	77	0	26	77	tunnel	utun4#24#nil#21	9216	4096	0.0	0.0	nil	tunnel name; VPN service unconfirmed
interface	2026-10-03T03:50:01.588Z	965126.8474601251	upload-load	Instant(_value: 3040529.848793458 seconds)	0	2	77	0	26	77	tunnel	utun5#25#nil#22	166912	143360	0.0	0.0	nil	tunnel name; VPN service unconfirmed
interface	2026-10-03T03:50:01.588Z	965126.8474601251	upload-load	Instant(_value: 3040529.848793458 seconds)	0	2	77	0	26	77	tunnel	utun6#26#nil#23	0	8192	0.0	0.0	nil	tunnel name; VPN service unconfirmed
interface	2026-10-03T03:50:01.588Z	965126.8474601251	upload-load	Instant(_value: 3040529.848793458 seconds)	0	2	77	0	26	77	tunnel	utun7#27#nil#24	0	8192	0.0	0.0	nil	tunnel name; VPN service unconfirmed
interface	2026-10-03T03:50:01.588Z	965126.8474601251	upload-load	Instant(_value: 3040529.848793458 seconds)	0	2	77	0	26	77	virtual	vmenet0#22#4295372070#25	5120	1833984	0.0	0.0	Optional(true)	virtual provider IOUserEthernetInterface/IOUserEthernetController/IOUserEthernetResourceUserClient/IOUserEthernetResource/IOResources/IOPlatformExpertDevice/IORegistryEntry
interface	2026-10-03T03:50:01.588Z	965126.8474601251	upload-load	Instant(_value: 3040529.848793458 seconds)	0	2	77	0	26	77	logical	bridge100#23#nil#26	0	3668992	0.0	0.0	Optional(true)	route link type=209
delivery	2026-10-03T03:50:01.588Z	965126.8474601251	upload-load	Instant(_value: 3040529.848793458 seconds)	0	2	77	0	26	77	delivered	networkActivity						sameReadAt=true
card	2026-10-03T03:50:01.588Z	965126.8474601251	upload-load	Optional(Swift.ContinuousClock.Instant(_value: 3040529.848793458 seconds))					26		partial("물리 대상의 식별·연결·속도 일부를 확인하지 못했습니다")	NetworkCard			311768.04483991204	5144.687208579407	true	Network 카드, 일부 수집 실패: 물리 대상의 식별·연결·속도 일부를 확인하지 못했습니다, 확인된 일부 합계 다운로드 304.5 KB/s, 업로드 5.0 KB/s, 일부 수집 실패: 대상 identity 또는 물리 정보 일부 미확인
sample	2026-10-03T03:50:02.596Z	965127.8559240834	upload-load	Instant(_value: 3040530.8082815 seconds)	0	2	78	0	26	78	partial("물리 대상의 식별·연결·속도 일부를 확인하지 못했습니다")	knownPhysical			368196.3552808926	2297758.7041152515	false	representativeRX=-1.0;representativeTX=-1.0
interface	2026-10-03T03:50:02.596Z	965127.8559240834	upload-load	Instant(_value: 3040530.8082815 seconds)	0	2	78	0	26	78	tunnel	gif0#2#nil#1	0	0	0.0	0.0	nil	route tunnel link type=55
interface	2026-10-03T03:50:02.596Z	965127.8559240834	upload-load	Instant(_value: 3040530.8082815 seconds)	0	2	78	0	26	78	tunnel	stf0#3#nil#2	0	0	0.0	0.0	nil	route tunnel link type=57
interface	2026-10-03T03:50:02.596Z	965127.8559240834	upload-load	Instant(_value: 3040530.8082815 seconds)	0	2	78	0	26	78	virtual	anpi1#4#4294970237#3	0	0	0.0	0.0	Optional(false)	private auxiliary network interface AppleUSBDeviceNCMPrivateEthernetInterface/AppleUSBDeviceNCMData/IOUSBDeviceInterface/AppleT8122USBXDCI/AppleARMIODevice/AppleH15IO/IOPlatformDevice/AppleARMPE/IOPlatformExpertDevice/IORegistryEntry
interface	2026-10-03T03:50:02.596Z	965127.8559240834	upload-load	Instant(_value: 3040530.8082815 seconds)	0	2	78	0	26	78	virtual	anpi2#5#4294970293#4	0	0	0.0	0.0	Optional(false)	private auxiliary network interface AppleUSBDeviceNCMPrivateEthernetInterface/AppleUSBDeviceNCMData/IOUSBDeviceInterface/AppleT8122USBXDCI/AppleARMIODevice/AppleH15IO/IOPlatformDevice/AppleARMPE/IOPlatformExpertDevice/IORegistryEntry
interface	2026-10-03T03:50:02.596Z	965127.8559240834	upload-load	Instant(_value: 3040530.8082815 seconds)	0	2	78	0	26	78	virtual	anpi0#6#4294970305#5	0	0	0.0	0.0	Optional(false)	private auxiliary network interface AppleUSBDeviceNCMPrivateEthernetInterface/AppleUSBDeviceNCMData/IOUSBDeviceInterface/AppleT8122USBXDCI/AppleARMIODevice/AppleH15IO/IOPlatformDevice/AppleARMPE/IOPlatformExpertDevice/IORegistryEntry
interface	2026-10-03T03:50:02.596Z	965127.8559240834	upload-load	Instant(_value: 3040530.8082815 seconds)	0	2	78	0	26	78	physicalEthernet	en4#7#4294970257#6	0	0	0.0	0.0	Optional(false)	SC Ethernet; hardware provider IOEthernetInterface/AppleUSBDeviceNCMData/IOUSBDeviceInterface/AppleT8122USBXDCI/AppleARMIODevice/AppleH15IO/IOPlatformDevice/AppleARMPE/IOPlatformExpertDevice/IORegistryEntry
interface	2026-10-03T03:50:02.596Z	965127.8559240834	upload-load	Instant(_value: 3040530.8082815 seconds)	0	2	78	0	26	78	physicalEthernet	en5#8#4294970175#7	0	0	0.0	0.0	Optional(false)	SC Ethernet; hardware provider IOEthernetInterface/AppleUSBDeviceNCMData/IOUSBDeviceInterface/AppleT8122USBXDCI/AppleARMIODevice/AppleH15IO/IOPlatformDevice/AppleARMPE/IOPlatformExpertDevice/IORegistryEntry
interface	2026-10-03T03:50:02.596Z	965127.8559240834	upload-load	Instant(_value: 3040530.8082815 seconds)	0	2	78	0	26	78	physicalEthernet	en6#9#4294970236#8	0	0	0.0	0.0	Optional(false)	SC Ethernet; hardware provider IOEthernetInterface/AppleUSBDeviceNCMData/IOUSBDeviceInterface/AppleT8122USBXDCI/AppleARMIODevice/AppleH15IO/IOPlatformDevice/AppleARMPE/IOPlatformExpertDevice/IORegistryEntry
interface	2026-10-03T03:50:02.596Z	965127.8559240834	upload-load	Instant(_value: 3040530.8082815 seconds)	0	2	78	0	26	78	physicalEthernet	en1#10#4294970312#9	0	0	0.0	0.0	Optional(false)	SC Ethernet; hardware provider IOEthernetInterface/AppleThunderboltIPPort/AppleThunderboltIPService/IOThunderboltLocalNode/IOThunderboltControllerType5/AppleThunderboltNHIType5/AppleThunderboltHALType5/AppleARMIODevice/AppleH15IO/IOPlatformDevice/AppleARMPE/IOPlatformExpertDevice/IORegistryEntry
interface	2026-10-03T03:50:02.596Z	965127.8559240834	upload-load	Instant(_value: 3040530.8082815 seconds)	0	2	78	0	26	78	physicalEthernet	en2#11#4294970264#10	0	0	0.0	0.0	Optional(false)	SC Ethernet; hardware provider IOEthernetInterface/AppleThunderboltIPPort/AppleThunderboltIPService/IOThunderboltLocalNode/IOThunderboltControllerType5/AppleThunderboltNHIType5/AppleThunderboltHALType5/AppleARMIODevice/AppleH15IO/IOPlatformDevice/AppleARMPE/IOPlatformExpertDevice/IORegistryEntry
interface	2026-10-03T03:50:02.596Z	965127.8559240834	upload-load	Instant(_value: 3040530.8082815 seconds)	0	2	78	0	26	78	physicalEthernet	en3#12#4294970379#11	0	0	0.0	0.0	Optional(false)	SC Ethernet; hardware provider IOEthernetInterface/AppleThunderboltIPPort/AppleThunderboltIPService/IOThunderboltLocalNode/IOThunderboltControllerType5/AppleThunderboltNHIType5/AppleThunderboltHALType5/AppleARMIODevice/AppleH15IO/IOPlatformDevice/AppleARMPE/IOPlatformExpertDevice/IORegistryEntry
interface	2026-10-03T03:50:02.596Z	965127.8559240834	upload-load	Instant(_value: 3040530.8082815 seconds)	0	2	78	0	26	78	logical	bridge0#15#nil#12	0	0	0.0	0.0	Optional(false)	route link type=209
interface	2026-10-03T03:50:02.596Z	965127.8559240834	upload-load	Instant(_value: 3040530.8082815 seconds)	0	2	78	0	26	78	unknown	ap1#13#nil#13	0	0	0.0	0.0	nil	IORegistry provider unavailable; SC type=
interface	2026-10-03T03:50:02.596Z	965127.8559240834	upload-load	Instant(_value: 3040530.8082815 seconds)	0	2	78	0	26	78	physicalWiFi	en0#14#4294971925#14	3205304320	2002304000	368196.3552808926	2297758.7041152515	Optional(true)	SC Wi-Fi; hardware provider IOSkywalkLegacyEthernetInterface/IO80211Controller/IOUserNetworkWLAN/IOUserService/IOUserService/IOPCIDevice/ApplePCIEHostBridge/IOPCIDevice/AppleT6031PCIe/AppleARMIODevice/AppleH15IO/IOPlatformDevice/AppleARMPE/IOPlatformExpertDevice/IORegistryEntry
interface	2026-10-03T03:50:02.596Z	965127.8559240834	upload-load	Instant(_value: 3040530.8082815 seconds)	0	2	78	0	26	78	virtual	awdl0#16#nil#15	8599552	8556544	0.0	0.0	Optional(true)	SIOCGIFFUNCTIONALTYPE=4
interface	2026-10-03T03:50:02.596Z	965127.8559240834	upload-load	Instant(_value: 3040530.8082815 seconds)	0	2	78	0	26	78	unknown	llw0#17#nil#16	0	0	0.0	0.0	nil	IORegistry provider unavailable; SC type=
interface	2026-10-03T03:50:02.596Z	965127.8559240834	upload-load	Instant(_value: 3040530.8082815 seconds)	0	2	78	0	26	78	tunnel	utun0#18#nil#17	0	0	0.0	0.0	nil	tunnel name; VPN service unconfirmed
interface	2026-10-03T03:50:02.596Z	965127.8559240834	upload-load	Instant(_value: 3040530.8082815 seconds)	0	2	78	0	26	78	tunnel	utun1#19#nil#18	0	8192	0.0	0.0	nil	tunnel name; VPN service unconfirmed
interface	2026-10-03T03:50:02.596Z	965127.8559240834	upload-load	Instant(_value: 3040530.8082815 seconds)	0	2	78	0	26	78	tunnel	utun2#20#nil#19	0	8192	0.0	0.0	nil	tunnel name; VPN service unconfirmed
interface	2026-10-03T03:50:02.596Z	965127.8559240834	upload-load	Instant(_value: 3040530.8082815 seconds)	0	2	78	0	26	78	tunnel	utun3#21#nil#20	0	8192	0.0	0.0	nil	tunnel name; VPN service unconfirmed
interface	2026-10-03T03:50:02.596Z	965127.8559240834	upload-load	Instant(_value: 3040530.8082815 seconds)	0	2	78	0	26	78	tunnel	utun4#24#nil#21	9216	4096	0.0	0.0	nil	tunnel name; VPN service unconfirmed
interface	2026-10-03T03:50:02.596Z	965127.8559240834	upload-load	Instant(_value: 3040530.8082815 seconds)	0	2	78	0	26	78	tunnel	utun5#25#nil#22	166912	143360	0.0	0.0	nil	tunnel name; VPN service unconfirmed
interface	2026-10-03T03:50:02.596Z	965127.8559240834	upload-load	Instant(_value: 3040530.8082815 seconds)	0	2	78	0	26	78	tunnel	utun6#26#nil#23	0	8192	0.0	0.0	nil	tunnel name; VPN service unconfirmed
interface	2026-10-03T03:50:02.596Z	965127.8559240834	upload-load	Instant(_value: 3040530.8082815 seconds)	0	2	78	0	26	78	tunnel	utun7#27#nil#24	0	8192	0.0	0.0	nil	tunnel name; VPN service unconfirmed
interface	2026-10-03T03:50:02.596Z	965127.8559240834	upload-load	Instant(_value: 3040530.8082815 seconds)	0	2	78	0	26	78	virtual	vmenet0#22#4295372070#25	5120	1833984	0.0	0.0	Optional(true)	virtual provider IOUserEthernetInterface/IOUserEthernetController/IOUserEthernetResourceUserClient/IOUserEthernetResource/IOResources/IOPlatformExpertDevice/IORegistryEntry
interface	2026-10-03T03:50:02.596Z	965127.8559240834	upload-load	Instant(_value: 3040530.8082815 seconds)	0	2	78	0	26	78	logical	bridge100#23#nil#26	0	3668992	0.0	0.0	Optional(true)	route link type=209
delivery	2026-10-03T03:50:02.596Z	965127.8559240834	upload-load	Instant(_value: 3040530.8082815 seconds)	0	2	78	0	26	78	delivered	networkActivity						sameReadAt=true
card	2026-10-03T03:50:02.596Z	965127.8559240834	upload-load	Optional(Swift.ContinuousClock.Instant(_value: 3040530.8082815 seconds))					26		partial("물리 대상의 식별·연결·속도 일부를 확인하지 못했습니다")	NetworkCard			368196.3552808926	2297758.7041152515	true	Network 카드, 일부 수집 실패: 물리 대상의 식별·연결·속도 일부를 확인하지 못했습니다, 확인된 일부 합계 다운로드 359.6 KB/s, 업로드 2.2 MB/s, 일부 수집 실패: 대상 identity 또는 물리 정보 일부 미확인
sample	2026-10-03T03:50:03.665Z	965128.924655125	upload-load	Instant(_value: 3040531.857419583 seconds)	0	2	79	0	26	79	partial("물리 대상의 식별·연결·속도 일부를 확인하지 못했습니다")	knownPhysical			363086.61955225206	2105316.769823139	false	representativeRX=-1.0;representativeTX=-1.0
interface	2026-10-03T03:50:03.665Z	965128.924655125	upload-load	Instant(_value: 3040531.857419583 seconds)	0	2	79	0	26	79	tunnel	gif0#2#nil#1	0	0	0.0	0.0	nil	route tunnel link type=55
interface	2026-10-03T03:50:03.665Z	965128.924655125	upload-load	Instant(_value: 3040531.857419583 seconds)	0	2	79	0	26	79	tunnel	stf0#3#nil#2	0	0	0.0	0.0	nil	route tunnel link type=57
interface	2026-10-03T03:50:03.665Z	965128.924655125	upload-load	Instant(_value: 3040531.857419583 seconds)	0	2	79	0	26	79	virtual	anpi1#4#4294970237#3	0	0	0.0	0.0	Optional(false)	private auxiliary network interface AppleUSBDeviceNCMPrivateEthernetInterface/AppleUSBDeviceNCMData/IOUSBDeviceInterface/AppleT8122USBXDCI/AppleARMIODevice/AppleH15IO/IOPlatformDevice/AppleARMPE/IOPlatformExpertDevice/IORegistryEntry
interface	2026-10-03T03:50:03.665Z	965128.924655125	upload-load	Instant(_value: 3040531.857419583 seconds)	0	2	79	0	26	79	virtual	anpi2#5#4294970293#4	0	0	0.0	0.0	Optional(false)	private auxiliary network interface AppleUSBDeviceNCMPrivateEthernetInterface/AppleUSBDeviceNCMData/IOUSBDeviceInterface/AppleT8122USBXDCI/AppleARMIODevice/AppleH15IO/IOPlatformDevice/AppleARMPE/IOPlatformExpertDevice/IORegistryEntry
interface	2026-10-03T03:50:03.665Z	965128.924655125	upload-load	Instant(_value: 3040531.857419583 seconds)	0	2	79	0	26	79	virtual	anpi0#6#4294970305#5	0	0	0.0	0.0	Optional(false)	private auxiliary network interface AppleUSBDeviceNCMPrivateEthernetInterface/AppleUSBDeviceNCMData/IOUSBDeviceInterface/AppleT8122USBXDCI/AppleARMIODevice/AppleH15IO/IOPlatformDevice/AppleARMPE/IOPlatformExpertDevice/IORegistryEntry
interface	2026-10-03T03:50:03.665Z	965128.924655125	upload-load	Instant(_value: 3040531.857419583 seconds)	0	2	79	0	26	79	physicalEthernet	en4#7#4294970257#6	0	0	0.0	0.0	Optional(false)	SC Ethernet; hardware provider IOEthernetInterface/AppleUSBDeviceNCMData/IOUSBDeviceInterface/AppleT8122USBXDCI/AppleARMIODevice/AppleH15IO/IOPlatformDevice/AppleARMPE/IOPlatformExpertDevice/IORegistryEntry
interface	2026-10-03T03:50:03.665Z	965128.924655125	upload-load	Instant(_value: 3040531.857419583 seconds)	0	2	79	0	26	79	physicalEthernet	en5#8#4294970175#7	0	0	0.0	0.0	Optional(false)	SC Ethernet; hardware provider IOEthernetInterface/AppleUSBDeviceNCMData/IOUSBDeviceInterface/AppleT8122USBXDCI/AppleARMIODevice/AppleH15IO/IOPlatformDevice/AppleARMPE/IOPlatformExpertDevice/IORegistryEntry
interface	2026-10-03T03:50:03.665Z	965128.924655125	upload-load	Instant(_value: 3040531.857419583 seconds)	0	2	79	0	26	79	physicalEthernet	en6#9#4294970236#8	0	0	0.0	0.0	Optional(false)	SC Ethernet; hardware provider IOEthernetInterface/AppleUSBDeviceNCMData/IOUSBDeviceInterface/AppleT8122USBXDCI/AppleARMIODevice/AppleH15IO/IOPlatformDevice/AppleARMPE/IOPlatformExpertDevice/IORegistryEntry
interface	2026-10-03T03:50:03.665Z	965128.924655125	upload-load	Instant(_value: 3040531.857419583 seconds)	0	2	79	0	26	79	physicalEthernet	en1#10#4294970312#9	0	0	0.0	0.0	Optional(false)	SC Ethernet; hardware provider IOEthernetInterface/AppleThunderboltIPPort/AppleThunderboltIPService/IOThunderboltLocalNode/IOThunderboltControllerType5/AppleThunderboltNHIType5/AppleThunderboltHALType5/AppleARMIODevice/AppleH15IO/IOPlatformDevice/AppleARMPE/IOPlatformExpertDevice/IORegistryEntry
interface	2026-10-03T03:50:03.665Z	965128.924655125	upload-load	Instant(_value: 3040531.857419583 seconds)	0	2	79	0	26	79	physicalEthernet	en2#11#4294970264#10	0	0	0.0	0.0	Optional(false)	SC Ethernet; hardware provider IOEthernetInterface/AppleThunderboltIPPort/AppleThunderboltIPService/IOThunderboltLocalNode/IOThunderboltControllerType5/AppleThunderboltNHIType5/AppleThunderboltHALType5/AppleARMIODevice/AppleH15IO/IOPlatformDevice/AppleARMPE/IOPlatformExpertDevice/IORegistryEntry
interface	2026-10-03T03:50:03.665Z	965128.924655125	upload-load	Instant(_value: 3040531.857419583 seconds)	0	2	79	0	26	79	physicalEthernet	en3#12#4294970379#11	0	0	0.0	0.0	Optional(false)	SC Ethernet; hardware provider IOEthernetInterface/AppleThunderboltIPPort/AppleThunderboltIPService/IOThunderboltLocalNode/IOThunderboltControllerType5/AppleThunderboltNHIType5/AppleThunderboltHALType5/AppleARMIODevice/AppleH15IO/IOPlatformDevice/AppleARMPE/IOPlatformExpertDevice/IORegistryEntry
interface	2026-10-03T03:50:03.665Z	965128.924655125	upload-load	Instant(_value: 3040531.857419583 seconds)	0	2	79	0	26	79	logical	bridge0#15#nil#12	0	0	0.0	0.0	Optional(false)	route link type=209
interface	2026-10-03T03:50:03.665Z	965128.924655125	upload-load	Instant(_value: 3040531.857419583 seconds)	0	2	79	0	26	79	unknown	ap1#13#nil#13	0	0	0.0	0.0	nil	IORegistry provider unavailable; SC type=
interface	2026-10-03T03:50:03.665Z	965128.924655125	upload-load	Instant(_value: 3040531.857419583 seconds)	0	2	79	0	26	79	physicalWiFi	en0#14#4294971925#14	3205685248	2004512768	363086.61955225206	2105316.769823139	Optional(true)	SC Wi-Fi; hardware provider IOSkywalkLegacyEthernetInterface/IO80211Controller/IOUserNetworkWLAN/IOUserService/IOUserService/IOPCIDevice/ApplePCIEHostBridge/IOPCIDevice/AppleT6031PCIe/AppleARMIODevice/AppleH15IO/IOPlatformDevice/AppleARMPE/IOPlatformExpertDevice/IORegistryEntry
interface	2026-10-03T03:50:03.665Z	965128.924655125	upload-load	Instant(_value: 3040531.857419583 seconds)	0	2	79	0	26	79	virtual	awdl0#16#nil#15	8599552	8556544	0.0	0.0	Optional(true)	SIOCGIFFUNCTIONALTYPE=4
interface	2026-10-03T03:50:03.665Z	965128.924655125	upload-load	Instant(_value: 3040531.857419583 seconds)	0	2	79	0	26	79	unknown	llw0#17#nil#16	0	0	0.0	0.0	nil	IORegistry provider unavailable; SC type=
interface	2026-10-03T03:50:03.665Z	965128.924655125	upload-load	Instant(_value: 3040531.857419583 seconds)	0	2	79	0	26	79	tunnel	utun0#18#nil#17	0	0	0.0	0.0	nil	tunnel name; VPN service unconfirmed
interface	2026-10-03T03:50:03.665Z	965128.924655125	upload-load	Instant(_value: 3040531.857419583 seconds)	0	2	79	0	26	79	tunnel	utun1#19#nil#18	0	8192	0.0	0.0	nil	tunnel name; VPN service unconfirmed
interface	2026-10-03T03:50:03.665Z	965128.924655125	upload-load	Instant(_value: 3040531.857419583 seconds)	0	2	79	0	26	79	tunnel	utun2#20#nil#19	0	8192	0.0	0.0	nil	tunnel name; VPN service unconfirmed
interface	2026-10-03T03:50:03.665Z	965128.924655125	upload-load	Instant(_value: 3040531.857419583 seconds)	0	2	79	0	26	79	tunnel	utun3#21#nil#20	0	8192	0.0	0.0	nil	tunnel name; VPN service unconfirmed
interface	2026-10-03T03:50:03.665Z	965128.924655125	upload-load	Instant(_value: 3040531.857419583 seconds)	0	2	79	0	26	79	tunnel	utun4#24#nil#21	9216	4096	0.0	0.0	nil	tunnel name; VPN service unconfirmed
interface	2026-10-03T03:50:03.665Z	965128.924655125	upload-load	Instant(_value: 3040531.857419583 seconds)	0	2	79	0	26	79	tunnel	utun5#25#nil#22	166912	143360	0.0	0.0	nil	tunnel name; VPN service unconfirmed
interface	2026-10-03T03:50:03.665Z	965128.924655125	upload-load	Instant(_value: 3040531.857419583 seconds)	0	2	79	0	26	79	tunnel	utun6#26#nil#23	0	8192	0.0	0.0	nil	tunnel name; VPN service unconfirmed
interface	2026-10-03T03:50:03.665Z	965128.924655125	upload-load	Instant(_value: 3040531.857419583 seconds)	0	2	79	0	26	79	tunnel	utun7#27#nil#24	0	8192	0.0	0.0	nil	tunnel name; VPN service unconfirmed
interface	2026-10-03T03:50:03.665Z	965128.924655125	upload-load	Instant(_value: 3040531.857419583 seconds)	0	2	79	0	26	79	virtual	vmenet0#22#4295372070#25	5120	1833984	0.0	0.0	Optional(true)	virtual provider IOUserEthernetInterface/IOUserEthernetController/IOUserEthernetResourceUserClient/IOUserEthernetResource/IOResources/IOPlatformExpertDevice/IORegistryEntry
interface	2026-10-03T03:50:03.665Z	965128.924655125	upload-load	Instant(_value: 3040531.857419583 seconds)	0	2	79	0	26	79	logical	bridge100#23#nil#26	0	3668992	0.0	0.0	Optional(true)	route link type=209
delivery	2026-10-03T03:50:03.665Z	965128.924655125	upload-load	Instant(_value: 3040531.857419583 seconds)	0	2	79	0	26	79	delivered	networkActivity						sameReadAt=true
card	2026-10-03T03:50:03.665Z	965128.924655125	upload-load	Optional(Swift.ContinuousClock.Instant(_value: 3040531.857419583 seconds))					26		partial("물리 대상의 식별·연결·속도 일부를 확인하지 못했습니다")	NetworkCard			363086.61955225206	2105316.769823139	true	Network 카드, 일부 수집 실패: 물리 대상의 식별·연결·속도 일부를 확인하지 못했습니다, 확인된 일부 합계 다운로드 354.6 KB/s, 업로드 2.0 MB/s, 일부 수집 실패: 대상 identity 또는 물리 정보 일부 미확인
sample	2026-10-03T03:50:04.678Z	965129.9378301668	upload-load	Instant(_value: 3040532.853406833 seconds)	0	2	80	0	26	80	partial("물리 대상의 식별·연결·속도 일부를 확인하지 못했습니다")	knownPhysical			356759.58703286614	2213554.4405814433	false	representativeRX=-1.0;representativeTX=-1.0
interface	2026-10-03T03:50:04.678Z	965129.9378301668	upload-load	Instant(_value: 3040532.853406833 seconds)	0	2	80	0	26	80	tunnel	gif0#2#nil#1	0	0	0.0	0.0	nil	route tunnel link type=55
interface	2026-10-03T03:50:04.678Z	965129.9378301668	upload-load	Instant(_value: 3040532.853406833 seconds)	0	2	80	0	26	80	tunnel	stf0#3#nil#2	0	0	0.0	0.0	nil	route tunnel link type=57
interface	2026-10-03T03:50:04.678Z	965129.9378301668	upload-load	Instant(_value: 3040532.853406833 seconds)	0	2	80	0	26	80	virtual	anpi1#4#4294970237#3	0	0	0.0	0.0	Optional(false)	private auxiliary network interface AppleUSBDeviceNCMPrivateEthernetInterface/AppleUSBDeviceNCMData/IOUSBDeviceInterface/AppleT8122USBXDCI/AppleARMIODevice/AppleH15IO/IOPlatformDevice/AppleARMPE/IOPlatformExpertDevice/IORegistryEntry
interface	2026-10-03T03:50:04.678Z	965129.9378301668	upload-load	Instant(_value: 3040532.853406833 seconds)	0	2	80	0	26	80	virtual	anpi2#5#4294970293#4	0	0	0.0	0.0	Optional(false)	private auxiliary network interface AppleUSBDeviceNCMPrivateEthernetInterface/AppleUSBDeviceNCMData/IOUSBDeviceInterface/AppleT8122USBXDCI/AppleARMIODevice/AppleH15IO/IOPlatformDevice/AppleARMPE/IOPlatformExpertDevice/IORegistryEntry
interface	2026-10-03T03:50:04.678Z	965129.9378301668	upload-load	Instant(_value: 3040532.853406833 seconds)	0	2	80	0	26	80	virtual	anpi0#6#4294970305#5	0	0	0.0	0.0	Optional(false)	private auxiliary network interface AppleUSBDeviceNCMPrivateEthernetInterface/AppleUSBDeviceNCMData/IOUSBDeviceInterface/AppleT8122USBXDCI/AppleARMIODevice/AppleH15IO/IOPlatformDevice/AppleARMPE/IOPlatformExpertDevice/IORegistryEntry
interface	2026-10-03T03:50:04.678Z	965129.9378301668	upload-load	Instant(_value: 3040532.853406833 seconds)	0	2	80	0	26	80	physicalEthernet	en4#7#4294970257#6	0	0	0.0	0.0	Optional(false)	SC Ethernet; hardware provider IOEthernetInterface/AppleUSBDeviceNCMData/IOUSBDeviceInterface/AppleT8122USBXDCI/AppleARMIODevice/AppleH15IO/IOPlatformDevice/AppleARMPE/IOPlatformExpertDevice/IORegistryEntry
interface	2026-10-03T03:50:04.678Z	965129.9378301668	upload-load	Instant(_value: 3040532.853406833 seconds)	0	2	80	0	26	80	physicalEthernet	en5#8#4294970175#7	0	0	0.0	0.0	Optional(false)	SC Ethernet; hardware provider IOEthernetInterface/AppleUSBDeviceNCMData/IOUSBDeviceInterface/AppleT8122USBXDCI/AppleARMIODevice/AppleH15IO/IOPlatformDevice/AppleARMPE/IOPlatformExpertDevice/IORegistryEntry
interface	2026-10-03T03:50:04.678Z	965129.9378301668	upload-load	Instant(_value: 3040532.853406833 seconds)	0	2	80	0	26	80	physicalEthernet	en6#9#4294970236#8	0	0	0.0	0.0	Optional(false)	SC Ethernet; hardware provider IOEthernetInterface/AppleUSBDeviceNCMData/IOUSBDeviceInterface/AppleT8122USBXDCI/AppleARMIODevice/AppleH15IO/IOPlatformDevice/AppleARMPE/IOPlatformExpertDevice/IORegistryEntry
interface	2026-10-03T03:50:04.678Z	965129.9378301668	upload-load	Instant(_value: 3040532.853406833 seconds)	0	2	80	0	26	80	physicalEthernet	en1#10#4294970312#9	0	0	0.0	0.0	Optional(false)	SC Ethernet; hardware provider IOEthernetInterface/AppleThunderboltIPPort/AppleThunderboltIPService/IOThunderboltLocalNode/IOThunderboltControllerType5/AppleThunderboltNHIType5/AppleThunderboltHALType5/AppleARMIODevice/AppleH15IO/IOPlatformDevice/AppleARMPE/IOPlatformExpertDevice/IORegistryEntry
interface	2026-10-03T03:50:04.678Z	965129.9378301668	upload-load	Instant(_value: 3040532.853406833 seconds)	0	2	80	0	26	80	physicalEthernet	en2#11#4294970264#10	0	0	0.0	0.0	Optional(false)	SC Ethernet; hardware provider IOEthernetInterface/AppleThunderboltIPPort/AppleThunderboltIPService/IOThunderboltLocalNode/IOThunderboltControllerType5/AppleThunderboltNHIType5/AppleThunderboltHALType5/AppleARMIODevice/AppleH15IO/IOPlatformDevice/AppleARMPE/IOPlatformExpertDevice/IORegistryEntry
interface	2026-10-03T03:50:04.678Z	965129.9378301668	upload-load	Instant(_value: 3040532.853406833 seconds)	0	2	80	0	26	80	physicalEthernet	en3#12#4294970379#11	0	0	0.0	0.0	Optional(false)	SC Ethernet; hardware provider IOEthernetInterface/AppleThunderboltIPPort/AppleThunderboltIPService/IOThunderboltLocalNode/IOThunderboltControllerType5/AppleThunderboltNHIType5/AppleThunderboltHALType5/AppleARMIODevice/AppleH15IO/IOPlatformDevice/AppleARMPE/IOPlatformExpertDevice/IORegistryEntry
interface	2026-10-03T03:50:04.678Z	965129.9378301668	upload-load	Instant(_value: 3040532.853406833 seconds)	0	2	80	0	26	80	logical	bridge0#15#nil#12	0	0	0.0	0.0	Optional(false)	route link type=209
interface	2026-10-03T03:50:04.678Z	965129.9378301668	upload-load	Instant(_value: 3040532.853406833 seconds)	0	2	80	0	26	80	unknown	ap1#13#nil#13	0	0	0.0	0.0	nil	IORegistry provider unavailable; SC type=
interface	2026-10-03T03:50:04.678Z	965129.9378301668	upload-load	Instant(_value: 3040532.853406833 seconds)	0	2	80	0	26	80	physicalWiFi	en0#14#4294971925#14	3206040576	2006717440	356759.58703286614	2213554.4405814433	Optional(true)	SC Wi-Fi; hardware provider IOSkywalkLegacyEthernetInterface/IO80211Controller/IOUserNetworkWLAN/IOUserService/IOUserService/IOPCIDevice/ApplePCIEHostBridge/IOPCIDevice/AppleT6031PCIe/AppleARMIODevice/AppleH15IO/IOPlatformDevice/AppleARMPE/IOPlatformExpertDevice/IORegistryEntry
interface	2026-10-03T03:50:04.678Z	965129.9378301668	upload-load	Instant(_value: 3040532.853406833 seconds)	0	2	80	0	26	80	virtual	awdl0#16#nil#15	8599552	8556544	0.0	0.0	Optional(true)	SIOCGIFFUNCTIONALTYPE=4
interface	2026-10-03T03:50:04.678Z	965129.9378301668	upload-load	Instant(_value: 3040532.853406833 seconds)	0	2	80	0	26	80	unknown	llw0#17#nil#16	0	0	0.0	0.0	nil	IORegistry provider unavailable; SC type=
interface	2026-10-03T03:50:04.678Z	965129.9378301668	upload-load	Instant(_value: 3040532.853406833 seconds)	0	2	80	0	26	80	tunnel	utun0#18#nil#17	0	0	0.0	0.0	nil	tunnel name; VPN service unconfirmed
interface	2026-10-03T03:50:04.678Z	965129.9378301668	upload-load	Instant(_value: 3040532.853406833 seconds)	0	2	80	0	26	80	tunnel	utun1#19#nil#18	0	8192	0.0	0.0	nil	tunnel name; VPN service unconfirmed
interface	2026-10-03T03:50:04.678Z	965129.9378301668	upload-load	Instant(_value: 3040532.853406833 seconds)	0	2	80	0	26	80	tunnel	utun2#20#nil#19	0	8192	0.0	0.0	nil	tunnel name; VPN service unconfirmed
interface	2026-10-03T03:50:04.678Z	965129.9378301668	upload-load	Instant(_value: 3040532.853406833 seconds)	0	2	80	0	26	80	tunnel	utun3#21#nil#20	0	8192	0.0	0.0	nil	tunnel name; VPN service unconfirmed
interface	2026-10-03T03:50:04.678Z	965129.9378301668	upload-load	Instant(_value: 3040532.853406833 seconds)	0	2	80	0	26	80	tunnel	utun4#24#nil#21	9216	4096	0.0	0.0	nil	tunnel name; VPN service unconfirmed
interface	2026-10-03T03:50:04.678Z	965129.9378301668	upload-load	Instant(_value: 3040532.853406833 seconds)	0	2	80	0	26	80	tunnel	utun5#25#nil#22	166912	143360	0.0	0.0	nil	tunnel name; VPN service unconfirmed
interface	2026-10-03T03:50:04.678Z	965129.9378301668	upload-load	Instant(_value: 3040532.853406833 seconds)	0	2	80	0	26	80	tunnel	utun6#26#nil#23	0	8192	0.0	0.0	nil	tunnel name; VPN service unconfirmed
interface	2026-10-03T03:50:04.678Z	965129.9378301668	upload-load	Instant(_value: 3040532.853406833 seconds)	0	2	80	0	26	80	tunnel	utun7#27#nil#24	0	8192	0.0	0.0	nil	tunnel name; VPN service unconfirmed
interface	2026-10-03T03:50:04.678Z	965129.9378301668	upload-load	Instant(_value: 3040532.853406833 seconds)	0	2	80	0	26	80	virtual	vmenet0#22#4295372070#25	5120	1833984	0.0	0.0	Optional(true)	virtual provider IOUserEthernetInterface/IOUserEthernetController/IOUserEthernetResourceUserClient/IOUserEthernetResource/IOResources/IOPlatformExpertDevice/IORegistryEntry
interface	2026-10-03T03:50:04.678Z	965129.9378301668	upload-load	Instant(_value: 3040532.853406833 seconds)	0	2	80	0	26	80	logical	bridge100#23#nil#26	0	3668992	0.0	0.0	Optional(true)	route link type=209
delivery	2026-10-03T03:50:04.678Z	965129.9378301668	upload-load	Instant(_value: 3040532.853406833 seconds)	0	2	80	0	26	80	delivered	networkActivity						sameReadAt=true
card	2026-10-03T03:50:04.678Z	965129.9378301668	upload-load	Optional(Swift.ContinuousClock.Instant(_value: 3040532.853406833 seconds))					26		partial("물리 대상의 식별·연결·속도 일부를 확인하지 못했습니다")	NetworkCard			356759.58703286614	2213554.4405814433	true	Network 카드, 일부 수집 실패: 물리 대상의 식별·연결·속도 일부를 확인하지 못했습니다, 확인된 일부 합계 다운로드 348.4 KB/s, 업로드 2.1 MB/s, 일부 수집 실패: 대상 identity 또는 물리 정보 일부 미확인
sample	2026-10-03T03:50:05.691Z	965130.9502423333	upload-load	Instant(_value: 3040533.851385916 seconds)	0	2	81	0	26	81	partial("물리 대상의 식별·연결·속도 일부를 확인하지 못했습니다")	knownPhysical			355021.4689219092	2208110.4078611233	false	representativeRX=-1.0;representativeTX=-1.0
interface	2026-10-03T03:50:05.691Z	965130.9502423333	upload-load	Instant(_value: 3040533.851385916 seconds)	0	2	81	0	26	81	tunnel	gif0#2#nil#1	0	0	0.0	0.0	nil	route tunnel link type=55
interface	2026-10-03T03:50:05.691Z	965130.9502423333	upload-load	Instant(_value: 3040533.851385916 seconds)	0	2	81	0	26	81	tunnel	stf0#3#nil#2	0	0	0.0	0.0	nil	route tunnel link type=57
interface	2026-10-03T03:50:05.691Z	965130.9502423333	upload-load	Instant(_value: 3040533.851385916 seconds)	0	2	81	0	26	81	virtual	anpi1#4#4294970237#3	0	0	0.0	0.0	Optional(false)	private auxiliary network interface AppleUSBDeviceNCMPrivateEthernetInterface/AppleUSBDeviceNCMData/IOUSBDeviceInterface/AppleT8122USBXDCI/AppleARMIODevice/AppleH15IO/IOPlatformDevice/AppleARMPE/IOPlatformExpertDevice/IORegistryEntry
interface	2026-10-03T03:50:05.691Z	965130.9502423333	upload-load	Instant(_value: 3040533.851385916 seconds)	0	2	81	0	26	81	virtual	anpi2#5#4294970293#4	0	0	0.0	0.0	Optional(false)	private auxiliary network interface AppleUSBDeviceNCMPrivateEthernetInterface/AppleUSBDeviceNCMData/IOUSBDeviceInterface/AppleT8122USBXDCI/AppleARMIODevice/AppleH15IO/IOPlatformDevice/AppleARMPE/IOPlatformExpertDevice/IORegistryEntry
interface	2026-10-03T03:50:05.691Z	965130.9502423333	upload-load	Instant(_value: 3040533.851385916 seconds)	0	2	81	0	26	81	virtual	anpi0#6#4294970305#5	0	0	0.0	0.0	Optional(false)	private auxiliary network interface AppleUSBDeviceNCMPrivateEthernetInterface/AppleUSBDeviceNCMData/IOUSBDeviceInterface/AppleT8122USBXDCI/AppleARMIODevice/AppleH15IO/IOPlatformDevice/AppleARMPE/IOPlatformExpertDevice/IORegistryEntry
interface	2026-10-03T03:50:05.691Z	965130.9502423333	upload-load	Instant(_value: 3040533.851385916 seconds)	0	2	81	0	26	81	physicalEthernet	en4#7#4294970257#6	0	0	0.0	0.0	Optional(false)	SC Ethernet; hardware provider IOEthernetInterface/AppleUSBDeviceNCMData/IOUSBDeviceInterface/AppleT8122USBXDCI/AppleARMIODevice/AppleH15IO/IOPlatformDevice/AppleARMPE/IOPlatformExpertDevice/IORegistryEntry
interface	2026-10-03T03:50:05.691Z	965130.9502423333	upload-load	Instant(_value: 3040533.851385916 seconds)	0	2	81	0	26	81	physicalEthernet	en5#8#4294970175#7	0	0	0.0	0.0	Optional(false)	SC Ethernet; hardware provider IOEthernetInterface/AppleUSBDeviceNCMData/IOUSBDeviceInterface/AppleT8122USBXDCI/AppleARMIODevice/AppleH15IO/IOPlatformDevice/AppleARMPE/IOPlatformExpertDevice/IORegistryEntry
interface	2026-10-03T03:50:05.691Z	965130.9502423333	upload-load	Instant(_value: 3040533.851385916 seconds)	0	2	81	0	26	81	physicalEthernet	en6#9#4294970236#8	0	0	0.0	0.0	Optional(false)	SC Ethernet; hardware provider IOEthernetInterface/AppleUSBDeviceNCMData/IOUSBDeviceInterface/AppleT8122USBXDCI/AppleARMIODevice/AppleH15IO/IOPlatformDevice/AppleARMPE/IOPlatformExpertDevice/IORegistryEntry
interface	2026-10-03T03:50:05.691Z	965130.9502423333	upload-load	Instant(_value: 3040533.851385916 seconds)	0	2	81	0	26	81	physicalEthernet	en1#10#4294970312#9	0	0	0.0	0.0	Optional(false)	SC Ethernet; hardware provider IOEthernetInterface/AppleThunderboltIPPort/AppleThunderboltIPService/IOThunderboltLocalNode/IOThunderboltControllerType5/AppleThunderboltNHIType5/AppleThunderboltHALType5/AppleARMIODevice/AppleH15IO/IOPlatformDevice/AppleARMPE/IOPlatformExpertDevice/IORegistryEntry
interface	2026-10-03T03:50:05.691Z	965130.9502423333	upload-load	Instant(_value: 3040533.851385916 seconds)	0	2	81	0	26	81	physicalEthernet	en2#11#4294970264#10	0	0	0.0	0.0	Optional(false)	SC Ethernet; hardware provider IOEthernetInterface/AppleThunderboltIPPort/AppleThunderboltIPService/IOThunderboltLocalNode/IOThunderboltControllerType5/AppleThunderboltNHIType5/AppleThunderboltHALType5/AppleARMIODevice/AppleH15IO/IOPlatformDevice/AppleARMPE/IOPlatformExpertDevice/IORegistryEntry
interface	2026-10-03T03:50:05.691Z	965130.9502423333	upload-load	Instant(_value: 3040533.851385916 seconds)	0	2	81	0	26	81	physicalEthernet	en3#12#4294970379#11	0	0	0.0	0.0	Optional(false)	SC Ethernet; hardware provider IOEthernetInterface/AppleThunderboltIPPort/AppleThunderboltIPService/IOThunderboltLocalNode/IOThunderboltControllerType5/AppleThunderboltNHIType5/AppleThunderboltHALType5/AppleARMIODevice/AppleH15IO/IOPlatformDevice/AppleARMPE/IOPlatformExpertDevice/IORegistryEntry
interface	2026-10-03T03:50:05.691Z	965130.9502423333	upload-load	Instant(_value: 3040533.851385916 seconds)	0	2	81	0	26	81	logical	bridge0#15#nil#12	0	0	0.0	0.0	Optional(false)	route link type=209
interface	2026-10-03T03:50:05.691Z	965130.9502423333	upload-load	Instant(_value: 3040533.851385916 seconds)	0	2	81	0	26	81	unknown	ap1#13#nil#13	0	0	0.0	0.0	nil	IORegistry provider unavailable; SC type=
interface	2026-10-03T03:50:05.691Z	965130.9502423333	upload-load	Instant(_value: 3040533.851385916 seconds)	0	2	81	0	26	81	physicalWiFi	en0#14#4294971925#14	3206394880	2008921088	355021.4689219092	2208110.4078611233	Optional(true)	SC Wi-Fi; hardware provider IOSkywalkLegacyEthernetInterface/IO80211Controller/IOUserNetworkWLAN/IOUserService/IOUserService/IOPCIDevice/ApplePCIEHostBridge/IOPCIDevice/AppleT6031PCIe/AppleARMIODevice/AppleH15IO/IOPlatformDevice/AppleARMPE/IOPlatformExpertDevice/IORegistryEntry
interface	2026-10-03T03:50:05.691Z	965130.9502423333	upload-load	Instant(_value: 3040533.851385916 seconds)	0	2	81	0	26	81	virtual	awdl0#16#nil#15	8599552	8556544	0.0	0.0	Optional(true)	SIOCGIFFUNCTIONALTYPE=4
interface	2026-10-03T03:50:05.691Z	965130.9502423333	upload-load	Instant(_value: 3040533.851385916 seconds)	0	2	81	0	26	81	unknown	llw0#17#nil#16	0	0	0.0	0.0	nil	IORegistry provider unavailable; SC type=
interface	2026-10-03T03:50:05.691Z	965130.9502423333	upload-load	Instant(_value: 3040533.851385916 seconds)	0	2	81	0	26	81	tunnel	utun0#18#nil#17	0	0	0.0	0.0	nil	tunnel name; VPN service unconfirmed
interface	2026-10-03T03:50:05.691Z	965130.9502423333	upload-load	Instant(_value: 3040533.851385916 seconds)	0	2	81	0	26	81	tunnel	utun1#19#nil#18	0	8192	0.0	0.0	nil	tunnel name; VPN service unconfirmed
interface	2026-10-03T03:50:05.691Z	965130.9502423333	upload-load	Instant(_value: 3040533.851385916 seconds)	0	2	81	0	26	81	tunnel	utun2#20#nil#19	0	8192	0.0	0.0	nil	tunnel name; VPN service unconfirmed
interface	2026-10-03T03:50:05.691Z	965130.9502423333	upload-load	Instant(_value: 3040533.851385916 seconds)	0	2	81	0	26	81	tunnel	utun3#21#nil#20	0	8192	0.0	0.0	nil	tunnel name; VPN service unconfirmed
interface	2026-10-03T03:50:05.691Z	965130.9502423333	upload-load	Instant(_value: 3040533.851385916 seconds)	0	2	81	0	26	81	tunnel	utun4#24#nil#21	9216	4096	0.0	0.0	nil	tunnel name; VPN service unconfirmed
interface	2026-10-03T03:50:05.691Z	965130.9502423333	upload-load	Instant(_value: 3040533.851385916 seconds)	0	2	81	0	26	81	tunnel	utun5#25#nil#22	166912	143360	0.0	0.0	nil	tunnel name; VPN service unconfirmed
interface	2026-10-03T03:50:05.691Z	965130.9502423333	upload-load	Instant(_value: 3040533.851385916 seconds)	0	2	81	0	26	81	tunnel	utun6#26#nil#23	0	8192	0.0	0.0	nil	tunnel name; VPN service unconfirmed
interface	2026-10-03T03:50:05.691Z	965130.9502423333	upload-load	Instant(_value: 3040533.851385916 seconds)	0	2	81	0	26	81	tunnel	utun7#27#nil#24	0	8192	0.0	0.0	nil	tunnel name; VPN service unconfirmed
interface	2026-10-03T03:50:05.691Z	965130.9502423333	upload-load	Instant(_value: 3040533.851385916 seconds)	0	2	81	0	26	81	virtual	vmenet0#22#4295372070#25	5120	1833984	0.0	0.0	Optional(true)	virtual provider IOUserEthernetInterface/IOUserEthernetController/IOUserEthernetResourceUserClient/IOUserEthernetResource/IOResources/IOPlatformExpertDevice/IORegistryEntry
interface	2026-10-03T03:50:05.691Z	965130.9502423333	upload-load	Instant(_value: 3040533.851385916 seconds)	0	2	81	0	26	81	logical	bridge100#23#nil#26	0	3668992	0.0	0.0	Optional(true)	route link type=209
delivery	2026-10-03T03:50:05.691Z	965130.9502423333	upload-load	Instant(_value: 3040533.851385916 seconds)	0	2	81	0	26	81	delivered	networkActivity						sameReadAt=true
card	2026-10-03T03:50:05.691Z	965130.9502423333	upload-load	Optional(Swift.ContinuousClock.Instant(_value: 3040533.851385916 seconds))					26		partial("물리 대상의 식별·연결·속도 일부를 확인하지 못했습니다")	NetworkCard			355021.4689219092	2208110.4078611233	true	Network 카드, 일부 수집 실패: 물리 대상의 식별·연결·속도 일부를 확인하지 못했습니다, 확인된 일부 합계 다운로드 346.7 KB/s, 업로드 2.1 MB/s, 일부 수집 실패: 대상 identity 또는 물리 정보 일부 미확인
sample	2026-10-03T03:50:06.760Z	965132.0195616668	upload-load	Instant(_value: 3040534.831417625 seconds)	0	2	82	0	26	82	partial("물리 대상의 식별·연결·속도 일부를 확인하지 못했습니다")	knownPhysical			341670.57751801785	2252727.110485769	false	representativeRX=-1.0;representativeTX=-1.0
interface	2026-10-03T03:50:06.760Z	965132.0195616668	upload-load	Instant(_value: 3040534.831417625 seconds)	0	2	82	0	26	82	tunnel	gif0#2#nil#1	0	0	0.0	0.0	nil	route tunnel link type=55
interface	2026-10-03T03:50:06.760Z	965132.0195616668	upload-load	Instant(_value: 3040534.831417625 seconds)	0	2	82	0	26	82	tunnel	stf0#3#nil#2	0	0	0.0	0.0	nil	route tunnel link type=57
interface	2026-10-03T03:50:06.760Z	965132.0195616668	upload-load	Instant(_value: 3040534.831417625 seconds)	0	2	82	0	26	82	virtual	anpi1#4#4294970237#3	0	0	0.0	0.0	Optional(false)	private auxiliary network interface AppleUSBDeviceNCMPrivateEthernetInterface/AppleUSBDeviceNCMData/IOUSBDeviceInterface/AppleT8122USBXDCI/AppleARMIODevice/AppleH15IO/IOPlatformDevice/AppleARMPE/IOPlatformExpertDevice/IORegistryEntry
interface	2026-10-03T03:50:06.760Z	965132.0195616668	upload-load	Instant(_value: 3040534.831417625 seconds)	0	2	82	0	26	82	virtual	anpi2#5#4294970293#4	0	0	0.0	0.0	Optional(false)	private auxiliary network interface AppleUSBDeviceNCMPrivateEthernetInterface/AppleUSBDeviceNCMData/IOUSBDeviceInterface/AppleT8122USBXDCI/AppleARMIODevice/AppleH15IO/IOPlatformDevice/AppleARMPE/IOPlatformExpertDevice/IORegistryEntry
interface	2026-10-03T03:50:06.760Z	965132.0195616668	upload-load	Instant(_value: 3040534.831417625 seconds)	0	2	82	0	26	82	virtual	anpi0#6#4294970305#5	0	0	0.0	0.0	Optional(false)	private auxiliary network interface AppleUSBDeviceNCMPrivateEthernetInterface/AppleUSBDeviceNCMData/IOUSBDeviceInterface/AppleT8122USBXDCI/AppleARMIODevice/AppleH15IO/IOPlatformDevice/AppleARMPE/IOPlatformExpertDevice/IORegistryEntry
interface	2026-10-03T03:50:06.760Z	965132.0195616668	upload-load	Instant(_value: 3040534.831417625 seconds)	0	2	82	0	26	82	physicalEthernet	en4#7#4294970257#6	0	0	0.0	0.0	Optional(false)	SC Ethernet; hardware provider IOEthernetInterface/AppleUSBDeviceNCMData/IOUSBDeviceInterface/AppleT8122USBXDCI/AppleARMIODevice/AppleH15IO/IOPlatformDevice/AppleARMPE/IOPlatformExpertDevice/IORegistryEntry
interface	2026-10-03T03:50:06.760Z	965132.0195616668	upload-load	Instant(_value: 3040534.831417625 seconds)	0	2	82	0	26	82	physicalEthernet	en5#8#4294970175#7	0	0	0.0	0.0	Optional(false)	SC Ethernet; hardware provider IOEthernetInterface/AppleUSBDeviceNCMData/IOUSBDeviceInterface/AppleT8122USBXDCI/AppleARMIODevice/AppleH15IO/IOPlatformDevice/AppleARMPE/IOPlatformExpertDevice/IORegistryEntry
interface	2026-10-03T03:50:06.760Z	965132.0195616668	upload-load	Instant(_value: 3040534.831417625 seconds)	0	2	82	0	26	82	physicalEthernet	en6#9#4294970236#8	0	0	0.0	0.0	Optional(false)	SC Ethernet; hardware provider IOEthernetInterface/AppleUSBDeviceNCMData/IOUSBDeviceInterface/AppleT8122USBXDCI/AppleARMIODevice/AppleH15IO/IOPlatformDevice/AppleARMPE/IOPlatformExpertDevice/IORegistryEntry
interface	2026-10-03T03:50:06.760Z	965132.0195616668	upload-load	Instant(_value: 3040534.831417625 seconds)	0	2	82	0	26	82	physicalEthernet	en1#10#4294970312#9	0	0	0.0	0.0	Optional(false)	SC Ethernet; hardware provider IOEthernetInterface/AppleThunderboltIPPort/AppleThunderboltIPService/IOThunderboltLocalNode/IOThunderboltControllerType5/AppleThunderboltNHIType5/AppleThunderboltHALType5/AppleARMIODevice/AppleH15IO/IOPlatformDevice/AppleARMPE/IOPlatformExpertDevice/IORegistryEntry
interface	2026-10-03T03:50:06.760Z	965132.0195616668	upload-load	Instant(_value: 3040534.831417625 seconds)	0	2	82	0	26	82	physicalEthernet	en2#11#4294970264#10	0	0	0.0	0.0	Optional(false)	SC Ethernet; hardware provider IOEthernetInterface/AppleThunderboltIPPort/AppleThunderboltIPService/IOThunderboltLocalNode/IOThunderboltControllerType5/AppleThunderboltNHIType5/AppleThunderboltHALType5/AppleARMIODevice/AppleH15IO/IOPlatformDevice/AppleARMPE/IOPlatformExpertDevice/IORegistryEntry
interface	2026-10-03T03:50:06.760Z	965132.0195616668	upload-load	Instant(_value: 3040534.831417625 seconds)	0	2	82	0	26	82	physicalEthernet	en3#12#4294970379#11	0	0	0.0	0.0	Optional(false)	SC Ethernet; hardware provider IOEthernetInterface/AppleThunderboltIPPort/AppleThunderboltIPService/IOThunderboltLocalNode/IOThunderboltControllerType5/AppleThunderboltNHIType5/AppleThunderboltHALType5/AppleARMIODevice/AppleH15IO/IOPlatformDevice/AppleARMPE/IOPlatformExpertDevice/IORegistryEntry
interface	2026-10-03T03:50:06.760Z	965132.0195616668	upload-load	Instant(_value: 3040534.831417625 seconds)	0	2	82	0	26	82	logical	bridge0#15#nil#12	0	0	0.0	0.0	Optional(false)	route link type=209
interface	2026-10-03T03:50:06.760Z	965132.0195616668	upload-load	Instant(_value: 3040534.831417625 seconds)	0	2	82	0	26	82	unknown	ap1#13#nil#13	0	0	0.0	0.0	nil	IORegistry provider unavailable; SC type=
interface	2026-10-03T03:50:06.760Z	965132.0195616668	upload-load	Instant(_value: 3040534.831417625 seconds)	0	2	82	0	26	82	physicalWiFi	en0#14#4294971925#14	3206729728	2011128832	341670.57751801785	2252727.110485769	Optional(true)	SC Wi-Fi; hardware provider IOSkywalkLegacyEthernetInterface/IO80211Controller/IOUserNetworkWLAN/IOUserService/IOUserService/IOPCIDevice/ApplePCIEHostBridge/IOPCIDevice/AppleT6031PCIe/AppleARMIODevice/AppleH15IO/IOPlatformDevice/AppleARMPE/IOPlatformExpertDevice/IORegistryEntry
interface	2026-10-03T03:50:06.760Z	965132.0195616668	upload-load	Instant(_value: 3040534.831417625 seconds)	0	2	82	0	26	82	virtual	awdl0#16#nil#15	8599552	8556544	0.0	0.0	Optional(true)	SIOCGIFFUNCTIONALTYPE=4
interface	2026-10-03T03:50:06.760Z	965132.0195616668	upload-load	Instant(_value: 3040534.831417625 seconds)	0	2	82	0	26	82	unknown	llw0#17#nil#16	0	0	0.0	0.0	nil	IORegistry provider unavailable; SC type=
interface	2026-10-03T03:50:06.760Z	965132.0195616668	upload-load	Instant(_value: 3040534.831417625 seconds)	0	2	82	0	26	82	tunnel	utun0#18#nil#17	0	0	0.0	0.0	nil	tunnel name; VPN service unconfirmed
interface	2026-10-03T03:50:06.760Z	965132.0195616668	upload-load	Instant(_value: 3040534.831417625 seconds)	0	2	82	0	26	82	tunnel	utun1#19#nil#18	0	8192	0.0	0.0	nil	tunnel name; VPN service unconfirmed
interface	2026-10-03T03:50:06.760Z	965132.0195616668	upload-load	Instant(_value: 3040534.831417625 seconds)	0	2	82	0	26	82	tunnel	utun2#20#nil#19	0	8192	0.0	0.0	nil	tunnel name; VPN service unconfirmed
interface	2026-10-03T03:50:06.760Z	965132.0195616668	upload-load	Instant(_value: 3040534.831417625 seconds)	0	2	82	0	26	82	tunnel	utun3#21#nil#20	0	8192	0.0	0.0	nil	tunnel name; VPN service unconfirmed
interface	2026-10-03T03:50:06.760Z	965132.0195616668	upload-load	Instant(_value: 3040534.831417625 seconds)	0	2	82	0	26	82	tunnel	utun4#24#nil#21	9216	4096	0.0	0.0	nil	tunnel name; VPN service unconfirmed
interface	2026-10-03T03:50:06.760Z	965132.0195616668	upload-load	Instant(_value: 3040534.831417625 seconds)	0	2	82	0	26	82	tunnel	utun5#25#nil#22	166912	143360	0.0	0.0	nil	tunnel name; VPN service unconfirmed
interface	2026-10-03T03:50:06.760Z	965132.0195616668	upload-load	Instant(_value: 3040534.831417625 seconds)	0	2	82	0	26	82	tunnel	utun6#26#nil#23	0	8192	0.0	0.0	nil	tunnel name; VPN service unconfirmed
interface	2026-10-03T03:50:06.760Z	965132.0195616668	upload-load	Instant(_value: 3040534.831417625 seconds)	0	2	82	0	26	82	tunnel	utun7#27#nil#24	0	8192	0.0	0.0	nil	tunnel name; VPN service unconfirmed
interface	2026-10-03T03:50:06.760Z	965132.0195616668	upload-load	Instant(_value: 3040534.831417625 seconds)	0	2	82	0	26	82	virtual	vmenet0#22#4295372070#25	5120	1833984	0.0	0.0	Optional(true)	virtual provider IOUserEthernetInterface/IOUserEthernetController/IOUserEthernetResourceUserClient/IOUserEthernetResource/IOResources/IOPlatformExpertDevice/IORegistryEntry
interface	2026-10-03T03:50:06.760Z	965132.0195616668	upload-load	Instant(_value: 3040534.831417625 seconds)	0	2	82	0	26	82	logical	bridge100#23#nil#26	0	3668992	0.0	0.0	Optional(true)	route link type=209
delivery	2026-10-03T03:50:06.760Z	965132.0195616668	upload-load	Instant(_value: 3040534.831417625 seconds)	0	2	82	0	26	82	delivered	networkActivity						sameReadAt=true
card	2026-10-03T03:50:06.760Z	965132.0195616668	upload-load	Optional(Swift.ContinuousClock.Instant(_value: 3040534.831417625 seconds))					26		partial("물리 대상의 식별·연결·속도 일부를 확인하지 못했습니다")	NetworkCard			341670.57751801785	2252727.110485769	true	Network 카드, 일부 수집 실패: 물리 대상의 식별·연결·속도 일부를 확인하지 못했습니다, 확인된 일부 합계 다운로드 333.7 KB/s, 업로드 2.1 MB/s, 일부 수집 실패: 대상 identity 또는 물리 정보 일부 미확인
sample	2026-10-03T03:50:07.763Z	965133.0227092918	upload-load	Instant(_value: 3040535.803448625 seconds)	0	2	83	0	26	83	partial("물리 대상의 식별·연결·속도 일부를 확인하지 못했습니다")	knownPhysical			386621.41433760856	2283910.69832135	false	representativeRX=-1.0;representativeTX=-1.0
interface	2026-10-03T03:50:07.763Z	965133.0227092918	upload-load	Instant(_value: 3040535.803448625 seconds)	0	2	83	0	26	83	tunnel	gif0#2#nil#1	0	0	0.0	0.0	nil	route tunnel link type=55
interface	2026-10-03T03:50:07.763Z	965133.0227092918	upload-load	Instant(_value: 3040535.803448625 seconds)	0	2	83	0	26	83	tunnel	stf0#3#nil#2	0	0	0.0	0.0	nil	route tunnel link type=57
interface	2026-10-03T03:50:07.763Z	965133.0227092918	upload-load	Instant(_value: 3040535.803448625 seconds)	0	2	83	0	26	83	virtual	anpi1#4#4294970237#3	0	0	0.0	0.0	Optional(false)	private auxiliary network interface AppleUSBDeviceNCMPrivateEthernetInterface/AppleUSBDeviceNCMData/IOUSBDeviceInterface/AppleT8122USBXDCI/AppleARMIODevice/AppleH15IO/IOPlatformDevice/AppleARMPE/IOPlatformExpertDevice/IORegistryEntry
interface	2026-10-03T03:50:07.763Z	965133.0227092918	upload-load	Instant(_value: 3040535.803448625 seconds)	0	2	83	0	26	83	virtual	anpi2#5#4294970293#4	0	0	0.0	0.0	Optional(false)	private auxiliary network interface AppleUSBDeviceNCMPrivateEthernetInterface/AppleUSBDeviceNCMData/IOUSBDeviceInterface/AppleT8122USBXDCI/AppleARMIODevice/AppleH15IO/IOPlatformDevice/AppleARMPE/IOPlatformExpertDevice/IORegistryEntry
interface	2026-10-03T03:50:07.763Z	965133.0227092918	upload-load	Instant(_value: 3040535.803448625 seconds)	0	2	83	0	26	83	virtual	anpi0#6#4294970305#5	0	0	0.0	0.0	Optional(false)	private auxiliary network interface AppleUSBDeviceNCMPrivateEthernetInterface/AppleUSBDeviceNCMData/IOUSBDeviceInterface/AppleT8122USBXDCI/AppleARMIODevice/AppleH15IO/IOPlatformDevice/AppleARMPE/IOPlatformExpertDevice/IORegistryEntry
interface	2026-10-03T03:50:07.763Z	965133.0227092918	upload-load	Instant(_value: 3040535.803448625 seconds)	0	2	83	0	26	83	physicalEthernet	en4#7#4294970257#6	0	0	0.0	0.0	Optional(false)	SC Ethernet; hardware provider IOEthernetInterface/AppleUSBDeviceNCMData/IOUSBDeviceInterface/AppleT8122USBXDCI/AppleARMIODevice/AppleH15IO/IOPlatformDevice/AppleARMPE/IOPlatformExpertDevice/IORegistryEntry
interface	2026-10-03T03:50:07.763Z	965133.0227092918	upload-load	Instant(_value: 3040535.803448625 seconds)	0	2	83	0	26	83	physicalEthernet	en5#8#4294970175#7	0	0	0.0	0.0	Optional(false)	SC Ethernet; hardware provider IOEthernetInterface/AppleUSBDeviceNCMData/IOUSBDeviceInterface/AppleT8122USBXDCI/AppleARMIODevice/AppleH15IO/IOPlatformDevice/AppleARMPE/IOPlatformExpertDevice/IORegistryEntry
interface	2026-10-03T03:50:07.763Z	965133.0227092918	upload-load	Instant(_value: 3040535.803448625 seconds)	0	2	83	0	26	83	physicalEthernet	en6#9#4294970236#8	0	0	0.0	0.0	Optional(false)	SC Ethernet; hardware provider IOEthernetInterface/AppleUSBDeviceNCMData/IOUSBDeviceInterface/AppleT8122USBXDCI/AppleARMIODevice/AppleH15IO/IOPlatformDevice/AppleARMPE/IOPlatformExpertDevice/IORegistryEntry
interface	2026-10-03T03:50:07.763Z	965133.0227092918	upload-load	Instant(_value: 3040535.803448625 seconds)	0	2	83	0	26	83	physicalEthernet	en1#10#4294970312#9	0	0	0.0	0.0	Optional(false)	SC Ethernet; hardware provider IOEthernetInterface/AppleThunderboltIPPort/AppleThunderboltIPService/IOThunderboltLocalNode/IOThunderboltControllerType5/AppleThunderboltNHIType5/AppleThunderboltHALType5/AppleARMIODevice/AppleH15IO/IOPlatformDevice/AppleARMPE/IOPlatformExpertDevice/IORegistryEntry
interface	2026-10-03T03:50:07.763Z	965133.0227092918	upload-load	Instant(_value: 3040535.803448625 seconds)	0	2	83	0	26	83	physicalEthernet	en2#11#4294970264#10	0	0	0.0	0.0	Optional(false)	SC Ethernet; hardware provider IOEthernetInterface/AppleThunderboltIPPort/AppleThunderboltIPService/IOThunderboltLocalNode/IOThunderboltControllerType5/AppleThunderboltNHIType5/AppleThunderboltHALType5/AppleARMIODevice/AppleH15IO/IOPlatformDevice/AppleARMPE/IOPlatformExpertDevice/IORegistryEntry
interface	2026-10-03T03:50:07.763Z	965133.0227092918	upload-load	Instant(_value: 3040535.803448625 seconds)	0	2	83	0	26	83	physicalEthernet	en3#12#4294970379#11	0	0	0.0	0.0	Optional(false)	SC Ethernet; hardware provider IOEthernetInterface/AppleThunderboltIPPort/AppleThunderboltIPService/IOThunderboltLocalNode/IOThunderboltControllerType5/AppleThunderboltNHIType5/AppleThunderboltHALType5/AppleARMIODevice/AppleH15IO/IOPlatformDevice/AppleARMPE/IOPlatformExpertDevice/IORegistryEntry
interface	2026-10-03T03:50:07.763Z	965133.0227092918	upload-load	Instant(_value: 3040535.803448625 seconds)	0	2	83	0	26	83	logical	bridge0#15#nil#12	0	0	0.0	0.0	Optional(false)	route link type=209
interface	2026-10-03T03:50:07.763Z	965133.0227092918	upload-load	Instant(_value: 3040535.803448625 seconds)	0	2	83	0	26	83	unknown	ap1#13#nil#13	0	0	0.0	0.0	nil	IORegistry provider unavailable; SC type=
interface	2026-10-03T03:50:07.763Z	965133.0227092918	upload-load	Instant(_value: 3040535.803448625 seconds)	0	2	83	0	26	83	physicalWiFi	en0#14#4294971925#14	3207105536	2013348864	386621.41433760856	2283910.69832135	Optional(true)	SC Wi-Fi; hardware provider IOSkywalkLegacyEthernetInterface/IO80211Controller/IOUserNetworkWLAN/IOUserService/IOUserService/IOPCIDevice/ApplePCIEHostBridge/IOPCIDevice/AppleT6031PCIe/AppleARMIODevice/AppleH15IO/IOPlatformDevice/AppleARMPE/IOPlatformExpertDevice/IORegistryEntry
interface	2026-10-03T03:50:07.763Z	965133.0227092918	upload-load	Instant(_value: 3040535.803448625 seconds)	0	2	83	0	26	83	virtual	awdl0#16#nil#15	8599552	8556544	0.0	0.0	Optional(true)	SIOCGIFFUNCTIONALTYPE=4
interface	2026-10-03T03:50:07.763Z	965133.0227092918	upload-load	Instant(_value: 3040535.803448625 seconds)	0	2	83	0	26	83	unknown	llw0#17#nil#16	0	0	0.0	0.0	nil	IORegistry provider unavailable; SC type=
interface	2026-10-03T03:50:07.763Z	965133.0227092918	upload-load	Instant(_value: 3040535.803448625 seconds)	0	2	83	0	26	83	tunnel	utun0#18#nil#17	0	0	0.0	0.0	nil	tunnel name; VPN service unconfirmed
interface	2026-10-03T03:50:07.763Z	965133.0227092918	upload-load	Instant(_value: 3040535.803448625 seconds)	0	2	83	0	26	83	tunnel	utun1#19#nil#18	0	8192	0.0	0.0	nil	tunnel name; VPN service unconfirmed
interface	2026-10-03T03:50:07.763Z	965133.0227092918	upload-load	Instant(_value: 3040535.803448625 seconds)	0	2	83	0	26	83	tunnel	utun2#20#nil#19	0	8192	0.0	0.0	nil	tunnel name; VPN service unconfirmed
interface	2026-10-03T03:50:07.763Z	965133.0227092918	upload-load	Instant(_value: 3040535.803448625 seconds)	0	2	83	0	26	83	tunnel	utun3#21#nil#20	0	8192	0.0	0.0	nil	tunnel name; VPN service unconfirmed
interface	2026-10-03T03:50:07.763Z	965133.0227092918	upload-load	Instant(_value: 3040535.803448625 seconds)	0	2	83	0	26	83	tunnel	utun4#24#nil#21	9216	4096	0.0	0.0	nil	tunnel name; VPN service unconfirmed
interface	2026-10-03T03:50:07.763Z	965133.0227092918	upload-load	Instant(_value: 3040535.803448625 seconds)	0	2	83	0	26	83	tunnel	utun5#25#nil#22	166912	143360	0.0	0.0	nil	tunnel name; VPN service unconfirmed
interface	2026-10-03T03:50:07.763Z	965133.0227092918	upload-load	Instant(_value: 3040535.803448625 seconds)	0	2	83	0	26	83	tunnel	utun6#26#nil#23	0	8192	0.0	0.0	nil	tunnel name; VPN service unconfirmed
interface	2026-10-03T03:50:07.763Z	965133.0227092918	upload-load	Instant(_value: 3040535.803448625 seconds)	0	2	83	0	26	83	tunnel	utun7#27#nil#24	0	8192	0.0	0.0	nil	tunnel name; VPN service unconfirmed
interface	2026-10-03T03:50:07.763Z	965133.0227092918	upload-load	Instant(_value: 3040535.803448625 seconds)	0	2	83	0	26	83	virtual	vmenet0#22#4295372070#25	5120	1833984	0.0	0.0	Optional(true)	virtual provider IOUserEthernetInterface/IOUserEthernetController/IOUserEthernetResourceUserClient/IOUserEthernetResource/IOResources/IOPlatformExpertDevice/IORegistryEntry
interface	2026-10-03T03:50:07.763Z	965133.0227092918	upload-load	Instant(_value: 3040535.803448625 seconds)	0	2	83	0	26	83	logical	bridge100#23#nil#26	0	3668992	0.0	0.0	Optional(true)	route link type=209
delivery	2026-10-03T03:50:07.763Z	965133.0227092918	upload-load	Instant(_value: 3040535.803448625 seconds)	0	2	83	0	26	83	delivered	networkActivity						sameReadAt=true
card	2026-10-03T03:50:07.763Z	965133.0227092918	upload-load	Optional(Swift.ContinuousClock.Instant(_value: 3040535.803448625 seconds))					26		partial("물리 대상의 식별·연결·속도 일부를 확인하지 못했습니다")	NetworkCard			386621.41433760856	2283910.69832135	true	Network 카드, 일부 수집 실패: 물리 대상의 식별·연결·속도 일부를 확인하지 못했습니다, 확인된 일부 합계 다운로드 377.6 KB/s, 업로드 2.2 MB/s, 일부 수집 실패: 대상 identity 또는 물리 정보 일부 미확인
sample	2026-10-03T03:50:08.829Z	965134.0886820834	upload-load	Instant(_value: 3040536.859404333 seconds)	0	2	84	0	26	84	partial("물리 대상의 식별·연결·속도 일부를 확인하지 못했습니다")	knownPhysical			363651.6163422264	2088814.8842697483	false	representativeRX=-1.0;representativeTX=-1.0
interface	2026-10-03T03:50:08.829Z	965134.0886820834	upload-load	Instant(_value: 3040536.859404333 seconds)	0	2	84	0	26	84	tunnel	gif0#2#nil#1	0	0	0.0	0.0	nil	route tunnel link type=55
interface	2026-10-03T03:50:08.829Z	965134.0886820834	upload-load	Instant(_value: 3040536.859404333 seconds)	0	2	84	0	26	84	tunnel	stf0#3#nil#2	0	0	0.0	0.0	nil	route tunnel link type=57
interface	2026-10-03T03:50:08.829Z	965134.0886820834	upload-load	Instant(_value: 3040536.859404333 seconds)	0	2	84	0	26	84	virtual	anpi1#4#4294970237#3	0	0	0.0	0.0	Optional(false)	private auxiliary network interface AppleUSBDeviceNCMPrivateEthernetInterface/AppleUSBDeviceNCMData/IOUSBDeviceInterface/AppleT8122USBXDCI/AppleARMIODevice/AppleH15IO/IOPlatformDevice/AppleARMPE/IOPlatformExpertDevice/IORegistryEntry
interface	2026-10-03T03:50:08.829Z	965134.0886820834	upload-load	Instant(_value: 3040536.859404333 seconds)	0	2	84	0	26	84	virtual	anpi2#5#4294970293#4	0	0	0.0	0.0	Optional(false)	private auxiliary network interface AppleUSBDeviceNCMPrivateEthernetInterface/AppleUSBDeviceNCMData/IOUSBDeviceInterface/AppleT8122USBXDCI/AppleARMIODevice/AppleH15IO/IOPlatformDevice/AppleARMPE/IOPlatformExpertDevice/IORegistryEntry
interface	2026-10-03T03:50:08.829Z	965134.0886820834	upload-load	Instant(_value: 3040536.859404333 seconds)	0	2	84	0	26	84	virtual	anpi0#6#4294970305#5	0	0	0.0	0.0	Optional(false)	private auxiliary network interface AppleUSBDeviceNCMPrivateEthernetInterface/AppleUSBDeviceNCMData/IOUSBDeviceInterface/AppleT8122USBXDCI/AppleARMIODevice/AppleH15IO/IOPlatformDevice/AppleARMPE/IOPlatformExpertDevice/IORegistryEntry
interface	2026-10-03T03:50:08.829Z	965134.0886820834	upload-load	Instant(_value: 3040536.859404333 seconds)	0	2	84	0	26	84	physicalEthernet	en4#7#4294970257#6	0	0	0.0	0.0	Optional(false)	SC Ethernet; hardware provider IOEthernetInterface/AppleUSBDeviceNCMData/IOUSBDeviceInterface/AppleT8122USBXDCI/AppleARMIODevice/AppleH15IO/IOPlatformDevice/AppleARMPE/IOPlatformExpertDevice/IORegistryEntry
interface	2026-10-03T03:50:08.829Z	965134.0886820834	upload-load	Instant(_value: 3040536.859404333 seconds)	0	2	84	0	26	84	physicalEthernet	en5#8#4294970175#7	0	0	0.0	0.0	Optional(false)	SC Ethernet; hardware provider IOEthernetInterface/AppleUSBDeviceNCMData/IOUSBDeviceInterface/AppleT8122USBXDCI/AppleARMIODevice/AppleH15IO/IOPlatformDevice/AppleARMPE/IOPlatformExpertDevice/IORegistryEntry
interface	2026-10-03T03:50:08.829Z	965134.0886820834	upload-load	Instant(_value: 3040536.859404333 seconds)	0	2	84	0	26	84	physicalEthernet	en6#9#4294970236#8	0	0	0.0	0.0	Optional(false)	SC Ethernet; hardware provider IOEthernetInterface/AppleUSBDeviceNCMData/IOUSBDeviceInterface/AppleT8122USBXDCI/AppleARMIODevice/AppleH15IO/IOPlatformDevice/AppleARMPE/IOPlatformExpertDevice/IORegistryEntry
interface	2026-10-03T03:50:08.829Z	965134.0886820834	upload-load	Instant(_value: 3040536.859404333 seconds)	0	2	84	0	26	84	physicalEthernet	en1#10#4294970312#9	0	0	0.0	0.0	Optional(false)	SC Ethernet; hardware provider IOEthernetInterface/AppleThunderboltIPPort/AppleThunderboltIPService/IOThunderboltLocalNode/IOThunderboltControllerType5/AppleThunderboltNHIType5/AppleThunderboltHALType5/AppleARMIODevice/AppleH15IO/IOPlatformDevice/AppleARMPE/IOPlatformExpertDevice/IORegistryEntry
interface	2026-10-03T03:50:08.829Z	965134.0886820834	upload-load	Instant(_value: 3040536.859404333 seconds)	0	2	84	0	26	84	physicalEthernet	en2#11#4294970264#10	0	0	0.0	0.0	Optional(false)	SC Ethernet; hardware provider IOEthernetInterface/AppleThunderboltIPPort/AppleThunderboltIPService/IOThunderboltLocalNode/IOThunderboltControllerType5/AppleThunderboltNHIType5/AppleThunderboltHALType5/AppleARMIODevice/AppleH15IO/IOPlatformDevice/AppleARMPE/IOPlatformExpertDevice/IORegistryEntry
interface	2026-10-03T03:50:08.829Z	965134.0886820834	upload-load	Instant(_value: 3040536.859404333 seconds)	0	2	84	0	26	84	physicalEthernet	en3#12#4294970379#11	0	0	0.0	0.0	Optional(false)	SC Ethernet; hardware provider IOEthernetInterface/AppleThunderboltIPPort/AppleThunderboltIPService/IOThunderboltLocalNode/IOThunderboltControllerType5/AppleThunderboltNHIType5/AppleThunderboltHALType5/AppleARMIODevice/AppleH15IO/IOPlatformDevice/AppleARMPE/IOPlatformExpertDevice/IORegistryEntry
interface	2026-10-03T03:50:08.829Z	965134.0886820834	upload-load	Instant(_value: 3040536.859404333 seconds)	0	2	84	0	26	84	logical	bridge0#15#nil#12	0	0	0.0	0.0	Optional(false)	route link type=209
interface	2026-10-03T03:50:08.829Z	965134.0886820834	upload-load	Instant(_value: 3040536.859404333 seconds)	0	2	84	0	26	84	unknown	ap1#13#nil#13	0	0	0.0	0.0	nil	IORegistry provider unavailable; SC type=
interface	2026-10-03T03:50:08.829Z	965134.0886820834	upload-load	Instant(_value: 3040536.859404333 seconds)	0	2	84	0	26	84	physicalWiFi	en0#14#4294971925#14	3207489536	2015554560	363651.6163422264	2088814.8842697483	Optional(true)	SC Wi-Fi; hardware provider IOSkywalkLegacyEthernetInterface/IO80211Controller/IOUserNetworkWLAN/IOUserService/IOUserService/IOPCIDevice/ApplePCIEHostBridge/IOPCIDevice/AppleT6031PCIe/AppleARMIODevice/AppleH15IO/IOPlatformDevice/AppleARMPE/IOPlatformExpertDevice/IORegistryEntry
interface	2026-10-03T03:50:08.829Z	965134.0886820834	upload-load	Instant(_value: 3040536.859404333 seconds)	0	2	84	0	26	84	virtual	awdl0#16#nil#15	8599552	8556544	0.0	0.0	Optional(true)	SIOCGIFFUNCTIONALTYPE=4
interface	2026-10-03T03:50:08.829Z	965134.0886820834	upload-load	Instant(_value: 3040536.859404333 seconds)	0	2	84	0	26	84	unknown	llw0#17#nil#16	0	0	0.0	0.0	nil	IORegistry provider unavailable; SC type=
interface	2026-10-03T03:50:08.829Z	965134.0886820834	upload-load	Instant(_value: 3040536.859404333 seconds)	0	2	84	0	26	84	tunnel	utun0#18#nil#17	0	0	0.0	0.0	nil	tunnel name; VPN service unconfirmed
interface	2026-10-03T03:50:08.829Z	965134.0886820834	upload-load	Instant(_value: 3040536.859404333 seconds)	0	2	84	0	26	84	tunnel	utun1#19#nil#18	0	8192	0.0	0.0	nil	tunnel name; VPN service unconfirmed
interface	2026-10-03T03:50:08.829Z	965134.0886820834	upload-load	Instant(_value: 3040536.859404333 seconds)	0	2	84	0	26	84	tunnel	utun2#20#nil#19	0	8192	0.0	0.0	nil	tunnel name; VPN service unconfirmed
interface	2026-10-03T03:50:08.829Z	965134.0886820834	upload-load	Instant(_value: 3040536.859404333 seconds)	0	2	84	0	26	84	tunnel	utun3#21#nil#20	0	8192	0.0	0.0	nil	tunnel name; VPN service unconfirmed
interface	2026-10-03T03:50:08.829Z	965134.0886820834	upload-load	Instant(_value: 3040536.859404333 seconds)	0	2	84	0	26	84	tunnel	utun4#24#nil#21	9216	4096	0.0	0.0	nil	tunnel name; VPN service unconfirmed
interface	2026-10-03T03:50:08.829Z	965134.0886820834	upload-load	Instant(_value: 3040536.859404333 seconds)	0	2	84	0	26	84	tunnel	utun5#25#nil#22	166912	143360	0.0	0.0	nil	tunnel name; VPN service unconfirmed
interface	2026-10-03T03:50:08.829Z	965134.0886820834	upload-load	Instant(_value: 3040536.859404333 seconds)	0	2	84	0	26	84	tunnel	utun6#26#nil#23	0	8192	0.0	0.0	nil	tunnel name; VPN service unconfirmed
interface	2026-10-03T03:50:08.829Z	965134.0886820834	upload-load	Instant(_value: 3040536.859404333 seconds)	0	2	84	0	26	84	tunnel	utun7#27#nil#24	0	8192	0.0	0.0	nil	tunnel name; VPN service unconfirmed
interface	2026-10-03T03:50:08.829Z	965134.0886820834	upload-load	Instant(_value: 3040536.859404333 seconds)	0	2	84	0	26	84	virtual	vmenet0#22#4295372070#25	5120	1833984	0.0	0.0	Optional(true)	virtual provider IOUserEthernetInterface/IOUserEthernetController/IOUserEthernetResourceUserClient/IOUserEthernetResource/IOResources/IOPlatformExpertDevice/IORegistryEntry
interface	2026-10-03T03:50:08.829Z	965134.0886820834	upload-load	Instant(_value: 3040536.859404333 seconds)	0	2	84	0	26	84	logical	bridge100#23#nil#26	0	3668992	0.0	0.0	Optional(true)	route link type=209
delivery	2026-10-03T03:50:08.829Z	965134.0886820834	upload-load	Instant(_value: 3040536.859404333 seconds)	0	2	84	0	26	84	delivered	networkActivity						sameReadAt=true
card	2026-10-03T03:50:08.829Z	965134.0886820834	upload-load	Optional(Swift.ContinuousClock.Instant(_value: 3040536.859404333 seconds))					26		partial("물리 대상의 식별·연결·속도 일부를 확인하지 못했습니다")	NetworkCard			363651.6163422264	2088814.8842697483	true	Network 카드, 일부 수집 실패: 물리 대상의 식별·연결·속도 일부를 확인하지 못했습니다, 확인된 일부 합계 다운로드 355.1 KB/s, 업로드 2.0 MB/s, 일부 수집 실패: 대상 identity 또는 물리 정보 일부 미확인
sample	2026-10-03T03:50:09.874Z	965135.1332294584	upload-load	Instant(_value: 3040537.849269208 seconds)	0	2	85	0	26	85	partial("물리 대상의 식별·연결·속도 일부를 확인하지 못했습니다")	knownPhysical			356897.1977109502	2226210.9260114925	false	representativeRX=-1.0;representativeTX=-1.0
interface	2026-10-03T03:50:09.874Z	965135.1332294584	upload-load	Instant(_value: 3040537.849269208 seconds)	0	2	85	0	26	85	tunnel	gif0#2#nil#1	0	0	0.0	0.0	nil	route tunnel link type=55
interface	2026-10-03T03:50:09.874Z	965135.1332294584	upload-load	Instant(_value: 3040537.849269208 seconds)	0	2	85	0	26	85	tunnel	stf0#3#nil#2	0	0	0.0	0.0	nil	route tunnel link type=57
interface	2026-10-03T03:50:09.874Z	965135.1332294584	upload-load	Instant(_value: 3040537.849269208 seconds)	0	2	85	0	26	85	virtual	anpi1#4#4294970237#3	0	0	0.0	0.0	Optional(false)	private auxiliary network interface AppleUSBDeviceNCMPrivateEthernetInterface/AppleUSBDeviceNCMData/IOUSBDeviceInterface/AppleT8122USBXDCI/AppleARMIODevice/AppleH15IO/IOPlatformDevice/AppleARMPE/IOPlatformExpertDevice/IORegistryEntry
interface	2026-10-03T03:50:09.874Z	965135.1332294584	upload-load	Instant(_value: 3040537.849269208 seconds)	0	2	85	0	26	85	virtual	anpi2#5#4294970293#4	0	0	0.0	0.0	Optional(false)	private auxiliary network interface AppleUSBDeviceNCMPrivateEthernetInterface/AppleUSBDeviceNCMData/IOUSBDeviceInterface/AppleT8122USBXDCI/AppleARMIODevice/AppleH15IO/IOPlatformDevice/AppleARMPE/IOPlatformExpertDevice/IORegistryEntry
interface	2026-10-03T03:50:09.874Z	965135.1332294584	upload-load	Instant(_value: 3040537.849269208 seconds)	0	2	85	0	26	85	virtual	anpi0#6#4294970305#5	0	0	0.0	0.0	Optional(false)	private auxiliary network interface AppleUSBDeviceNCMPrivateEthernetInterface/AppleUSBDeviceNCMData/IOUSBDeviceInterface/AppleT8122USBXDCI/AppleARMIODevice/AppleH15IO/IOPlatformDevice/AppleARMPE/IOPlatformExpertDevice/IORegistryEntry
interface	2026-10-03T03:50:09.874Z	965135.1332294584	upload-load	Instant(_value: 3040537.849269208 seconds)	0	2	85	0	26	85	physicalEthernet	en4#7#4294970257#6	0	0	0.0	0.0	Optional(false)	SC Ethernet; hardware provider IOEthernetInterface/AppleUSBDeviceNCMData/IOUSBDeviceInterface/AppleT8122USBXDCI/AppleARMIODevice/AppleH15IO/IOPlatformDevice/AppleARMPE/IOPlatformExpertDevice/IORegistryEntry
interface	2026-10-03T03:50:09.874Z	965135.1332294584	upload-load	Instant(_value: 3040537.849269208 seconds)	0	2	85	0	26	85	physicalEthernet	en5#8#4294970175#7	0	0	0.0	0.0	Optional(false)	SC Ethernet; hardware provider IOEthernetInterface/AppleUSBDeviceNCMData/IOUSBDeviceInterface/AppleT8122USBXDCI/AppleARMIODevice/AppleH15IO/IOPlatformDevice/AppleARMPE/IOPlatformExpertDevice/IORegistryEntry
interface	2026-10-03T03:50:09.874Z	965135.1332294584	upload-load	Instant(_value: 3040537.849269208 seconds)	0	2	85	0	26	85	physicalEthernet	en6#9#4294970236#8	0	0	0.0	0.0	Optional(false)	SC Ethernet; hardware provider IOEthernetInterface/AppleUSBDeviceNCMData/IOUSBDeviceInterface/AppleT8122USBXDCI/AppleARMIODevice/AppleH15IO/IOPlatformDevice/AppleARMPE/IOPlatformExpertDevice/IORegistryEntry
interface	2026-10-03T03:50:09.874Z	965135.1332294584	upload-load	Instant(_value: 3040537.849269208 seconds)	0	2	85	0	26	85	physicalEthernet	en1#10#4294970312#9	0	0	0.0	0.0	Optional(false)	SC Ethernet; hardware provider IOEthernetInterface/AppleThunderboltIPPort/AppleThunderboltIPService/IOThunderboltLocalNode/IOThunderboltControllerType5/AppleThunderboltNHIType5/AppleThunderboltHALType5/AppleARMIODevice/AppleH15IO/IOPlatformDevice/AppleARMPE/IOPlatformExpertDevice/IORegistryEntry
interface	2026-10-03T03:50:09.874Z	965135.1332294584	upload-load	Instant(_value: 3040537.849269208 seconds)	0	2	85	0	26	85	physicalEthernet	en2#11#4294970264#10	0	0	0.0	0.0	Optional(false)	SC Ethernet; hardware provider IOEthernetInterface/AppleThunderboltIPPort/AppleThunderboltIPService/IOThunderboltLocalNode/IOThunderboltControllerType5/AppleThunderboltNHIType5/AppleThunderboltHALType5/AppleARMIODevice/AppleH15IO/IOPlatformDevice/AppleARMPE/IOPlatformExpertDevice/IORegistryEntry
interface	2026-10-03T03:50:09.874Z	965135.1332294584	upload-load	Instant(_value: 3040537.849269208 seconds)	0	2	85	0	26	85	physicalEthernet	en3#12#4294970379#11	0	0	0.0	0.0	Optional(false)	SC Ethernet; hardware provider IOEthernetInterface/AppleThunderboltIPPort/AppleThunderboltIPService/IOThunderboltLocalNode/IOThunderboltControllerType5/AppleThunderboltNHIType5/AppleThunderboltHALType5/AppleARMIODevice/AppleH15IO/IOPlatformDevice/AppleARMPE/IOPlatformExpertDevice/IORegistryEntry
interface	2026-10-03T03:50:09.874Z	965135.1332294584	upload-load	Instant(_value: 3040537.849269208 seconds)	0	2	85	0	26	85	logical	bridge0#15#nil#12	0	0	0.0	0.0	Optional(false)	route link type=209
interface	2026-10-03T03:50:09.874Z	965135.1332294584	upload-load	Instant(_value: 3040537.849269208 seconds)	0	2	85	0	26	85	unknown	ap1#13#nil#13	0	0	0.0	0.0	nil	IORegistry provider unavailable; SC type=
interface	2026-10-03T03:50:09.874Z	965135.1332294584	upload-load	Instant(_value: 3040537.849269208 seconds)	0	2	85	0	26	85	physicalWiFi	en0#14#4294971925#14	3207842816	2017758208	356897.1977109502	2226210.9260114925	Optional(true)	SC Wi-Fi; hardware provider IOSkywalkLegacyEthernetInterface/IO80211Controller/IOUserNetworkWLAN/IOUserService/IOUserService/IOPCIDevice/ApplePCIEHostBridge/IOPCIDevice/AppleT6031PCIe/AppleARMIODevice/AppleH15IO/IOPlatformDevice/AppleARMPE/IOPlatformExpertDevice/IORegistryEntry
interface	2026-10-03T03:50:09.874Z	965135.1332294584	upload-load	Instant(_value: 3040537.849269208 seconds)	0	2	85	0	26	85	virtual	awdl0#16#nil#15	8599552	8556544	0.0	0.0	Optional(true)	SIOCGIFFUNCTIONALTYPE=4
interface	2026-10-03T03:50:09.874Z	965135.1332294584	upload-load	Instant(_value: 3040537.849269208 seconds)	0	2	85	0	26	85	unknown	llw0#17#nil#16	0	0	0.0	0.0	nil	IORegistry provider unavailable; SC type=
interface	2026-10-03T03:50:09.874Z	965135.1332294584	upload-load	Instant(_value: 3040537.849269208 seconds)	0	2	85	0	26	85	tunnel	utun0#18#nil#17	0	0	0.0	0.0	nil	tunnel name; VPN service unconfirmed
interface	2026-10-03T03:50:09.874Z	965135.1332294584	upload-load	Instant(_value: 3040537.849269208 seconds)	0	2	85	0	26	85	tunnel	utun1#19#nil#18	0	8192	0.0	0.0	nil	tunnel name; VPN service unconfirmed
interface	2026-10-03T03:50:09.874Z	965135.1332294584	upload-load	Instant(_value: 3040537.849269208 seconds)	0	2	85	0	26	85	tunnel	utun2#20#nil#19	0	8192	0.0	0.0	nil	tunnel name; VPN service unconfirmed
interface	2026-10-03T03:50:09.874Z	965135.1332294584	upload-load	Instant(_value: 3040537.849269208 seconds)	0	2	85	0	26	85	tunnel	utun3#21#nil#20	0	8192	0.0	0.0	nil	tunnel name; VPN service unconfirmed
interface	2026-10-03T03:50:09.874Z	965135.1332294584	upload-load	Instant(_value: 3040537.849269208 seconds)	0	2	85	0	26	85	tunnel	utun4#24#nil#21	9216	4096	0.0	0.0	nil	tunnel name; VPN service unconfirmed
interface	2026-10-03T03:50:09.874Z	965135.1332294584	upload-load	Instant(_value: 3040537.849269208 seconds)	0	2	85	0	26	85	tunnel	utun5#25#nil#22	166912	143360	0.0	0.0	nil	tunnel name; VPN service unconfirmed
interface	2026-10-03T03:50:09.874Z	965135.1332294584	upload-load	Instant(_value: 3040537.849269208 seconds)	0	2	85	0	26	85	tunnel	utun6#26#nil#23	0	8192	0.0	0.0	nil	tunnel name; VPN service unconfirmed
interface	2026-10-03T03:50:09.874Z	965135.1332294584	upload-load	Instant(_value: 3040537.849269208 seconds)	0	2	85	0	26	85	tunnel	utun7#27#nil#24	0	8192	0.0	0.0	nil	tunnel name; VPN service unconfirmed
interface	2026-10-03T03:50:09.874Z	965135.1332294584	upload-load	Instant(_value: 3040537.849269208 seconds)	0	2	85	0	26	85	virtual	vmenet0#22#4295372070#25	5120	1833984	0.0	0.0	Optional(true)	virtual provider IOUserEthernetInterface/IOUserEthernetController/IOUserEthernetResourceUserClient/IOUserEthernetResource/IOResources/IOPlatformExpertDevice/IORegistryEntry
interface	2026-10-03T03:50:09.874Z	965135.1332294584	upload-load	Instant(_value: 3040537.849269208 seconds)	0	2	85	0	26	85	logical	bridge100#23#nil#26	0	3668992	0.0	0.0	Optional(true)	route link type=209
delivery	2026-10-03T03:50:09.874Z	965135.1332294584	upload-load	Instant(_value: 3040537.849269208 seconds)	0	2	85	0	26	85	delivered	networkActivity						sameReadAt=true
card	2026-10-03T03:50:09.874Z	965135.1332294584	upload-load	Optional(Swift.ContinuousClock.Instant(_value: 3040537.849269208 seconds))					26		partial("물리 대상의 식별·연결·속도 일부를 확인하지 못했습니다")	NetworkCard			356897.1977109502	2226210.9260114925	true	Network 카드, 일부 수집 실패: 물리 대상의 식별·연결·속도 일부를 확인하지 못했습니다, 확인된 일부 합계 다운로드 348.5 KB/s, 업로드 2.1 MB/s, 일부 수집 실패: 대상 identity 또는 물리 정보 일부 미확인
sample	2026-10-03T03:50:11.048Z	965136.3075557083	upload-load	Instant(_value: 3040538.8552180827 seconds)	0	2	86	0	26	86	partial("물리 대상의 식별·연결·속도 일부를 확인하지 못했습니다")	knownPhysical			362388.1979091631	2203849.5743633094	false	representativeRX=-1.0;representativeTX=-1.0
interface	2026-10-03T03:50:11.048Z	965136.3075557083	upload-load	Instant(_value: 3040538.8552180827 seconds)	0	2	86	0	26	86	tunnel	gif0#2#nil#1	0	0	0.0	0.0	nil	route tunnel link type=55
interface	2026-10-03T03:50:11.048Z	965136.3075557083	upload-load	Instant(_value: 3040538.8552180827 seconds)	0	2	86	0	26	86	tunnel	stf0#3#nil#2	0	0	0.0	0.0	nil	route tunnel link type=57
interface	2026-10-03T03:50:11.048Z	965136.3075557083	upload-load	Instant(_value: 3040538.8552180827 seconds)	0	2	86	0	26	86	virtual	anpi1#4#4294970237#3	0	0	0.0	0.0	Optional(false)	private auxiliary network interface AppleUSBDeviceNCMPrivateEthernetInterface/AppleUSBDeviceNCMData/IOUSBDeviceInterface/AppleT8122USBXDCI/AppleARMIODevice/AppleH15IO/IOPlatformDevice/AppleARMPE/IOPlatformExpertDevice/IORegistryEntry
interface	2026-10-03T03:50:11.048Z	965136.3075557083	upload-load	Instant(_value: 3040538.8552180827 seconds)	0	2	86	0	26	86	virtual	anpi2#5#4294970293#4	0	0	0.0	0.0	Optional(false)	private auxiliary network interface AppleUSBDeviceNCMPrivateEthernetInterface/AppleUSBDeviceNCMData/IOUSBDeviceInterface/AppleT8122USBXDCI/AppleARMIODevice/AppleH15IO/IOPlatformDevice/AppleARMPE/IOPlatformExpertDevice/IORegistryEntry
interface	2026-10-03T03:50:11.048Z	965136.3075557083	upload-load	Instant(_value: 3040538.8552180827 seconds)	0	2	86	0	26	86	virtual	anpi0#6#4294970305#5	0	0	0.0	0.0	Optional(false)	private auxiliary network interface AppleUSBDeviceNCMPrivateEthernetInterface/AppleUSBDeviceNCMData/IOUSBDeviceInterface/AppleT8122USBXDCI/AppleARMIODevice/AppleH15IO/IOPlatformDevice/AppleARMPE/IOPlatformExpertDevice/IORegistryEntry
interface	2026-10-03T03:50:11.048Z	965136.3075557083	upload-load	Instant(_value: 3040538.8552180827 seconds)	0	2	86	0	26	86	physicalEthernet	en4#7#4294970257#6	0	0	0.0	0.0	Optional(false)	SC Ethernet; hardware provider IOEthernetInterface/AppleUSBDeviceNCMData/IOUSBDeviceInterface/AppleT8122USBXDCI/AppleARMIODevice/AppleH15IO/IOPlatformDevice/AppleARMPE/IOPlatformExpertDevice/IORegistryEntry
interface	2026-10-03T03:50:11.048Z	965136.3075557083	upload-load	Instant(_value: 3040538.8552180827 seconds)	0	2	86	0	26	86	physicalEthernet	en5#8#4294970175#7	0	0	0.0	0.0	Optional(false)	SC Ethernet; hardware provider IOEthernetInterface/AppleUSBDeviceNCMData/IOUSBDeviceInterface/AppleT8122USBXDCI/AppleARMIODevice/AppleH15IO/IOPlatformDevice/AppleARMPE/IOPlatformExpertDevice/IORegistryEntry
interface	2026-10-03T03:50:11.048Z	965136.3075557083	upload-load	Instant(_value: 3040538.8552180827 seconds)	0	2	86	0	26	86	physicalEthernet	en6#9#4294970236#8	0	0	0.0	0.0	Optional(false)	SC Ethernet; hardware provider IOEthernetInterface/AppleUSBDeviceNCMData/IOUSBDeviceInterface/AppleT8122USBXDCI/AppleARMIODevice/AppleH15IO/IOPlatformDevice/AppleARMPE/IOPlatformExpertDevice/IORegistryEntry
interface	2026-10-03T03:50:11.048Z	965136.3075557083	upload-load	Instant(_value: 3040538.8552180827 seconds)	0	2	86	0	26	86	physicalEthernet	en1#10#4294970312#9	0	0	0.0	0.0	Optional(false)	SC Ethernet; hardware provider IOEthernetInterface/AppleThunderboltIPPort/AppleThunderboltIPService/IOThunderboltLocalNode/IOThunderboltControllerType5/AppleThunderboltNHIType5/AppleThunderboltHALType5/AppleARMIODevice/AppleH15IO/IOPlatformDevice/AppleARMPE/IOPlatformExpertDevice/IORegistryEntry
interface	2026-10-03T03:50:11.048Z	965136.3075557083	upload-load	Instant(_value: 3040538.8552180827 seconds)	0	2	86	0	26	86	physicalEthernet	en2#11#4294970264#10	0	0	0.0	0.0	Optional(false)	SC Ethernet; hardware provider IOEthernetInterface/AppleThunderboltIPPort/AppleThunderboltIPService/IOThunderboltLocalNode/IOThunderboltControllerType5/AppleThunderboltNHIType5/AppleThunderboltHALType5/AppleARMIODevice/AppleH15IO/IOPlatformDevice/AppleARMPE/IOPlatformExpertDevice/IORegistryEntry
interface	2026-10-03T03:50:11.048Z	965136.3075557083	upload-load	Instant(_value: 3040538.8552180827 seconds)	0	2	86	0	26	86	physicalEthernet	en3#12#4294970379#11	0	0	0.0	0.0	Optional(false)	SC Ethernet; hardware provider IOEthernetInterface/AppleThunderboltIPPort/AppleThunderboltIPService/IOThunderboltLocalNode/IOThunderboltControllerType5/AppleThunderboltNHIType5/AppleThunderboltHALType5/AppleARMIODevice/AppleH15IO/IOPlatformDevice/AppleARMPE/IOPlatformExpertDevice/IORegistryEntry
interface	2026-10-03T03:50:11.048Z	965136.3075557083	upload-load	Instant(_value: 3040538.8552180827 seconds)	0	2	86	0	26	86	logical	bridge0#15#nil#12	0	0	0.0	0.0	Optional(false)	route link type=209
interface	2026-10-03T03:50:11.048Z	965136.3075557083	upload-load	Instant(_value: 3040538.8552180827 seconds)	0	2	86	0	26	86	unknown	ap1#13#nil#13	0	0	0.0	0.0	nil	IORegistry provider unavailable; SC type=
interface	2026-10-03T03:50:11.048Z	965136.3075557083	upload-load	Instant(_value: 3040538.8552180827 seconds)	0	2	86	0	26	86	physicalWiFi	en0#14#4294971925#14	3208207360	2019975168	362388.1979091631	2203849.5743633094	Optional(true)	SC Wi-Fi; hardware provider IOSkywalkLegacyEthernetInterface/IO80211Controller/IOUserNetworkWLAN/IOUserService/IOUserService/IOPCIDevice/ApplePCIEHostBridge/IOPCIDevice/AppleT6031PCIe/AppleARMIODevice/AppleH15IO/IOPlatformDevice/AppleARMPE/IOPlatformExpertDevice/IORegistryEntry
interface	2026-10-03T03:50:11.048Z	965136.3075557083	upload-load	Instant(_value: 3040538.8552180827 seconds)	0	2	86	0	26	86	virtual	awdl0#16#nil#15	8599552	8556544	0.0	0.0	Optional(true)	SIOCGIFFUNCTIONALTYPE=4
interface	2026-10-03T03:50:11.048Z	965136.3075557083	upload-load	Instant(_value: 3040538.8552180827 seconds)	0	2	86	0	26	86	unknown	llw0#17#nil#16	0	0	0.0	0.0	nil	IORegistry provider unavailable; SC type=
interface	2026-10-03T03:50:11.048Z	965136.3075557083	upload-load	Instant(_value: 3040538.8552180827 seconds)	0	2	86	0	26	86	tunnel	utun0#18#nil#17	0	0	0.0	0.0	nil	tunnel name; VPN service unconfirmed
interface	2026-10-03T03:50:11.048Z	965136.3075557083	upload-load	Instant(_value: 3040538.8552180827 seconds)	0	2	86	0	26	86	tunnel	utun1#19#nil#18	0	8192	0.0	0.0	nil	tunnel name; VPN service unconfirmed
interface	2026-10-03T03:50:11.048Z	965136.3075557083	upload-load	Instant(_value: 3040538.8552180827 seconds)	0	2	86	0	26	86	tunnel	utun2#20#nil#19	0	8192	0.0	0.0	nil	tunnel name; VPN service unconfirmed
interface	2026-10-03T03:50:11.048Z	965136.3075557083	upload-load	Instant(_value: 3040538.8552180827 seconds)	0	2	86	0	26	86	tunnel	utun3#21#nil#20	0	8192	0.0	0.0	nil	tunnel name; VPN service unconfirmed
interface	2026-10-03T03:50:11.048Z	965136.3075557083	upload-load	Instant(_value: 3040538.8552180827 seconds)	0	2	86	0	26	86	tunnel	utun4#24#nil#21	9216	4096	0.0	0.0	nil	tunnel name; VPN service unconfirmed
interface	2026-10-03T03:50:11.048Z	965136.3075557083	upload-load	Instant(_value: 3040538.8552180827 seconds)	0	2	86	0	26	86	tunnel	utun5#25#nil#22	166912	143360	0.0	0.0	nil	tunnel name; VPN service unconfirmed
interface	2026-10-03T03:50:11.048Z	965136.3075557083	upload-load	Instant(_value: 3040538.8552180827 seconds)	0	2	86	0	26	86	tunnel	utun6#26#nil#23	0	8192	0.0	0.0	nil	tunnel name; VPN service unconfirmed
interface	2026-10-03T03:50:11.048Z	965136.3075557083	upload-load	Instant(_value: 3040538.8552180827 seconds)	0	2	86	0	26	86	tunnel	utun7#27#nil#24	0	8192	0.0	0.0	nil	tunnel name; VPN service unconfirmed
interface	2026-10-03T03:50:11.048Z	965136.3075557083	upload-load	Instant(_value: 3040538.8552180827 seconds)	0	2	86	0	26	86	virtual	vmenet0#22#4295372070#25	5120	1833984	0.0	0.0	Optional(true)	virtual provider IOUserEthernetInterface/IOUserEthernetController/IOUserEthernetResourceUserClient/IOUserEthernetResource/IOResources/IOPlatformExpertDevice/IORegistryEntry
interface	2026-10-03T03:50:11.048Z	965136.3075557083	upload-load	Instant(_value: 3040538.8552180827 seconds)	0	2	86	0	26	86	logical	bridge100#23#nil#26	0	3668992	0.0	0.0	Optional(true)	route link type=209
delivery	2026-10-03T03:50:11.048Z	965136.3075557083	upload-load	Instant(_value: 3040538.8552180827 seconds)	0	2	86	0	26	86	delivered	networkActivity						sameReadAt=true
card	2026-10-03T03:50:11.048Z	965136.3075557083	upload-load	Optional(Swift.ContinuousClock.Instant(_value: 3040538.8552180827 seconds))					26		partial("물리 대상의 식별·연결·속도 일부를 확인하지 못했습니다")	NetworkCard			362388.1979091631	2203849.5743633094	true	Network 카드, 일부 수집 실패: 물리 대상의 식별·연결·속도 일부를 확인하지 못했습니다, 확인된 일부 합계 다운로드 353.9 KB/s, 업로드 2.1 MB/s, 일부 수집 실패: 대상 identity 또는 물리 정보 일부 미확인
sample	2026-10-03T03:50:12.053Z	965137.31260225	upload-load	Instant(_value: 3040539.8028785 seconds)	0	2	87	0	26	87	partial("물리 대상의 식별·연결·속도 일부를 확인하지 못했습니다")	knownPhysical			387919.5473456184	2359933.959339361	false	representativeRX=-1.0;representativeTX=-1.0
interface	2026-10-03T03:50:12.053Z	965137.31260225	upload-load	Instant(_value: 3040539.8028785 seconds)	0	2	87	0	26	87	tunnel	gif0#2#nil#1	0	0	0.0	0.0	nil	route tunnel link type=55
interface	2026-10-03T03:50:12.053Z	965137.31260225	upload-load	Instant(_value: 3040539.8028785 seconds)	0	2	87	0	26	87	tunnel	stf0#3#nil#2	0	0	0.0	0.0	nil	route tunnel link type=57
interface	2026-10-03T03:50:12.053Z	965137.31260225	upload-load	Instant(_value: 3040539.8028785 seconds)	0	2	87	0	26	87	virtual	anpi1#4#4294970237#3	0	0	0.0	0.0	Optional(false)	private auxiliary network interface AppleUSBDeviceNCMPrivateEthernetInterface/AppleUSBDeviceNCMData/IOUSBDeviceInterface/AppleT8122USBXDCI/AppleARMIODevice/AppleH15IO/IOPlatformDevice/AppleARMPE/IOPlatformExpertDevice/IORegistryEntry
interface	2026-10-03T03:50:12.053Z	965137.31260225	upload-load	Instant(_value: 3040539.8028785 seconds)	0	2	87	0	26	87	virtual	anpi2#5#4294970293#4	0	0	0.0	0.0	Optional(false)	private auxiliary network interface AppleUSBDeviceNCMPrivateEthernetInterface/AppleUSBDeviceNCMData/IOUSBDeviceInterface/AppleT8122USBXDCI/AppleARMIODevice/AppleH15IO/IOPlatformDevice/AppleARMPE/IOPlatformExpertDevice/IORegistryEntry
interface	2026-10-03T03:50:12.053Z	965137.31260225	upload-load	Instant(_value: 3040539.8028785 seconds)	0	2	87	0	26	87	virtual	anpi0#6#4294970305#5	0	0	0.0	0.0	Optional(false)	private auxiliary network interface AppleUSBDeviceNCMPrivateEthernetInterface/AppleUSBDeviceNCMData/IOUSBDeviceInterface/AppleT8122USBXDCI/AppleARMIODevice/AppleH15IO/IOPlatformDevice/AppleARMPE/IOPlatformExpertDevice/IORegistryEntry
interface	2026-10-03T03:50:12.053Z	965137.31260225	upload-load	Instant(_value: 3040539.8028785 seconds)	0	2	87	0	26	87	physicalEthernet	en4#7#4294970257#6	0	0	0.0	0.0	Optional(false)	SC Ethernet; hardware provider IOEthernetInterface/AppleUSBDeviceNCMData/IOUSBDeviceInterface/AppleT8122USBXDCI/AppleARMIODevice/AppleH15IO/IOPlatformDevice/AppleARMPE/IOPlatformExpertDevice/IORegistryEntry
interface	2026-10-03T03:50:12.053Z	965137.31260225	upload-load	Instant(_value: 3040539.8028785 seconds)	0	2	87	0	26	87	physicalEthernet	en5#8#4294970175#7	0	0	0.0	0.0	Optional(false)	SC Ethernet; hardware provider IOEthernetInterface/AppleUSBDeviceNCMData/IOUSBDeviceInterface/AppleT8122USBXDCI/AppleARMIODevice/AppleH15IO/IOPlatformDevice/AppleARMPE/IOPlatformExpertDevice/IORegistryEntry
interface	2026-10-03T03:50:12.053Z	965137.31260225	upload-load	Instant(_value: 3040539.8028785 seconds)	0	2	87	0	26	87	physicalEthernet	en6#9#4294970236#8	0	0	0.0	0.0	Optional(false)	SC Ethernet; hardware provider IOEthernetInterface/AppleUSBDeviceNCMData/IOUSBDeviceInterface/AppleT8122USBXDCI/AppleARMIODevice/AppleH15IO/IOPlatformDevice/AppleARMPE/IOPlatformExpertDevice/IORegistryEntry
interface	2026-10-03T03:50:12.053Z	965137.31260225	upload-load	Instant(_value: 3040539.8028785 seconds)	0	2	87	0	26	87	physicalEthernet	en1#10#4294970312#9	0	0	0.0	0.0	Optional(false)	SC Ethernet; hardware provider IOEthernetInterface/AppleThunderboltIPPort/AppleThunderboltIPService/IOThunderboltLocalNode/IOThunderboltControllerType5/AppleThunderboltNHIType5/AppleThunderboltHALType5/AppleARMIODevice/AppleH15IO/IOPlatformDevice/AppleARMPE/IOPlatformExpertDevice/IORegistryEntry
interface	2026-10-03T03:50:12.053Z	965137.31260225	upload-load	Instant(_value: 3040539.8028785 seconds)	0	2	87	0	26	87	physicalEthernet	en2#11#4294970264#10	0	0	0.0	0.0	Optional(false)	SC Ethernet; hardware provider IOEthernetInterface/AppleThunderboltIPPort/AppleThunderboltIPService/IOThunderboltLocalNode/IOThunderboltControllerType5/AppleThunderboltNHIType5/AppleThunderboltHALType5/AppleARMIODevice/AppleH15IO/IOPlatformDevice/AppleARMPE/IOPlatformExpertDevice/IORegistryEntry
interface	2026-10-03T03:50:12.053Z	965137.31260225	upload-load	Instant(_value: 3040539.8028785 seconds)	0	2	87	0	26	87	physicalEthernet	en3#12#4294970379#11	0	0	0.0	0.0	Optional(false)	SC Ethernet; hardware provider IOEthernetInterface/AppleThunderboltIPPort/AppleThunderboltIPService/IOThunderboltLocalNode/IOThunderboltControllerType5/AppleThunderboltNHIType5/AppleThunderboltHALType5/AppleARMIODevice/AppleH15IO/IOPlatformDevice/AppleARMPE/IOPlatformExpertDevice/IORegistryEntry
interface	2026-10-03T03:50:12.053Z	965137.31260225	upload-load	Instant(_value: 3040539.8028785 seconds)	0	2	87	0	26	87	logical	bridge0#15#nil#12	0	0	0.0	0.0	Optional(false)	route link type=209
interface	2026-10-03T03:50:12.053Z	965137.31260225	upload-load	Instant(_value: 3040539.8028785 seconds)	0	2	87	0	26	87	unknown	ap1#13#nil#13	0	0	0.0	0.0	nil	IORegistry provider unavailable; SC type=
interface	2026-10-03T03:50:12.053Z	965137.31260225	upload-load	Instant(_value: 3040539.8028785 seconds)	0	2	87	0	26	87	physicalWiFi	en0#14#4294971925#14	3208574976	2022211584	387919.5473456184	2359933.959339361	Optional(true)	SC Wi-Fi; hardware provider IOSkywalkLegacyEthernetInterface/IO80211Controller/IOUserNetworkWLAN/IOUserService/IOUserService/IOPCIDevice/ApplePCIEHostBridge/IOPCIDevice/AppleT6031PCIe/AppleARMIODevice/AppleH15IO/IOPlatformDevice/AppleARMPE/IOPlatformExpertDevice/IORegistryEntry
interface	2026-10-03T03:50:12.053Z	965137.31260225	upload-load	Instant(_value: 3040539.8028785 seconds)	0	2	87	0	26	87	virtual	awdl0#16#nil#15	8599552	8556544	0.0	0.0	Optional(true)	SIOCGIFFUNCTIONALTYPE=4
interface	2026-10-03T03:50:12.053Z	965137.31260225	upload-load	Instant(_value: 3040539.8028785 seconds)	0	2	87	0	26	87	unknown	llw0#17#nil#16	0	0	0.0	0.0	nil	IORegistry provider unavailable; SC type=
interface	2026-10-03T03:50:12.053Z	965137.31260225	upload-load	Instant(_value: 3040539.8028785 seconds)	0	2	87	0	26	87	tunnel	utun0#18#nil#17	0	0	0.0	0.0	nil	tunnel name; VPN service unconfirmed
interface	2026-10-03T03:50:12.053Z	965137.31260225	upload-load	Instant(_value: 3040539.8028785 seconds)	0	2	87	0	26	87	tunnel	utun1#19#nil#18	0	8192	0.0	0.0	nil	tunnel name; VPN service unconfirmed
interface	2026-10-03T03:50:12.053Z	965137.31260225	upload-load	Instant(_value: 3040539.8028785 seconds)	0	2	87	0	26	87	tunnel	utun2#20#nil#19	0	8192	0.0	0.0	nil	tunnel name; VPN service unconfirmed
interface	2026-10-03T03:50:12.053Z	965137.31260225	upload-load	Instant(_value: 3040539.8028785 seconds)	0	2	87	0	26	87	tunnel	utun3#21#nil#20	0	8192	0.0	0.0	nil	tunnel name; VPN service unconfirmed
interface	2026-10-03T03:50:12.053Z	965137.31260225	upload-load	Instant(_value: 3040539.8028785 seconds)	0	2	87	0	26	87	tunnel	utun4#24#nil#21	9216	4096	0.0	0.0	nil	tunnel name; VPN service unconfirmed
interface	2026-10-03T03:50:12.053Z	965137.31260225	upload-load	Instant(_value: 3040539.8028785 seconds)	0	2	87	0	26	87	tunnel	utun5#25#nil#22	166912	143360	0.0	0.0	nil	tunnel name; VPN service unconfirmed
interface	2026-10-03T03:50:12.053Z	965137.31260225	upload-load	Instant(_value: 3040539.8028785 seconds)	0	2	87	0	26	87	tunnel	utun6#26#nil#23	0	8192	0.0	0.0	nil	tunnel name; VPN service unconfirmed
interface	2026-10-03T03:50:12.053Z	965137.31260225	upload-load	Instant(_value: 3040539.8028785 seconds)	0	2	87	0	26	87	tunnel	utun7#27#nil#24	0	8192	0.0	0.0	nil	tunnel name; VPN service unconfirmed
interface	2026-10-03T03:50:12.053Z	965137.31260225	upload-load	Instant(_value: 3040539.8028785 seconds)	0	2	87	0	26	87	virtual	vmenet0#22#4295372070#25	5120	1833984	0.0	0.0	Optional(true)	virtual provider IOUserEthernetInterface/IOUserEthernetController/IOUserEthernetResourceUserClient/IOUserEthernetResource/IOResources/IOPlatformExpertDevice/IORegistryEntry
interface	2026-10-03T03:50:12.053Z	965137.31260225	upload-load	Instant(_value: 3040539.8028785 seconds)	0	2	87	0	26	87	logical	bridge100#23#nil#26	0	3668992	0.0	0.0	Optional(true)	route link type=209
delivery	2026-10-03T03:50:12.053Z	965137.31260225	upload-load	Instant(_value: 3040539.8028785 seconds)	0	2	87	0	26	87	delivered	networkActivity						sameReadAt=true
card	2026-10-03T03:50:12.053Z	965137.31260225	upload-load	Optional(Swift.ContinuousClock.Instant(_value: 3040539.8028785 seconds))					26		partial("물리 대상의 식별·연결·속도 일부를 확인하지 못했습니다")	NetworkCard			387919.5473456184	2359933.959339361	true	Network 카드, 일부 수집 실패: 물리 대상의 식별·연결·속도 일부를 확인하지 못했습니다, 확인된 일부 합계 다운로드 378.8 KB/s, 업로드 2.3 MB/s, 일부 수집 실패: 대상 identity 또는 물리 정보 일부 미확인
sample	2026-10-03T03:50:13.095Z	965138.3542220833	upload-load	Instant(_value: 3040540.860062291 seconds)	0	2	88	0	26	88	partial("물리 대상의 식별·연결·속도 일부를 확인하지 못했습니다")	knownPhysical			372915.2899961555	2088325.6239784707	false	representativeRX=-1.0;representativeTX=-1.0
interface	2026-10-03T03:50:13.095Z	965138.3542220833	upload-load	Instant(_value: 3040540.860062291 seconds)	0	2	88	0	26	88	tunnel	gif0#2#nil#1	0	0	0.0	0.0	nil	route tunnel link type=55
interface	2026-10-03T03:50:13.095Z	965138.3542220833	upload-load	Instant(_value: 3040540.860062291 seconds)	0	2	88	0	26	88	tunnel	stf0#3#nil#2	0	0	0.0	0.0	nil	route tunnel link type=57
interface	2026-10-03T03:50:13.095Z	965138.3542220833	upload-load	Instant(_value: 3040540.860062291 seconds)	0	2	88	0	26	88	virtual	anpi1#4#4294970237#3	0	0	0.0	0.0	Optional(false)	private auxiliary network interface AppleUSBDeviceNCMPrivateEthernetInterface/AppleUSBDeviceNCMData/IOUSBDeviceInterface/AppleT8122USBXDCI/AppleARMIODevice/AppleH15IO/IOPlatformDevice/AppleARMPE/IOPlatformExpertDevice/IORegistryEntry
interface	2026-10-03T03:50:13.095Z	965138.3542220833	upload-load	Instant(_value: 3040540.860062291 seconds)	0	2	88	0	26	88	virtual	anpi2#5#4294970293#4	0	0	0.0	0.0	Optional(false)	private auxiliary network interface AppleUSBDeviceNCMPrivateEthernetInterface/AppleUSBDeviceNCMData/IOUSBDeviceInterface/AppleT8122USBXDCI/AppleARMIODevice/AppleH15IO/IOPlatformDevice/AppleARMPE/IOPlatformExpertDevice/IORegistryEntry
interface	2026-10-03T03:50:13.095Z	965138.3542220833	upload-load	Instant(_value: 3040540.860062291 seconds)	0	2	88	0	26	88	virtual	anpi0#6#4294970305#5	0	0	0.0	0.0	Optional(false)	private auxiliary network interface AppleUSBDeviceNCMPrivateEthernetInterface/AppleUSBDeviceNCMData/IOUSBDeviceInterface/AppleT8122USBXDCI/AppleARMIODevice/AppleH15IO/IOPlatformDevice/AppleARMPE/IOPlatformExpertDevice/IORegistryEntry
interface	2026-10-03T03:50:13.095Z	965138.3542220833	upload-load	Instant(_value: 3040540.860062291 seconds)	0	2	88	0	26	88	physicalEthernet	en4#7#4294970257#6	0	0	0.0	0.0	Optional(false)	SC Ethernet; hardware provider IOEthernetInterface/AppleUSBDeviceNCMData/IOUSBDeviceInterface/AppleT8122USBXDCI/AppleARMIODevice/AppleH15IO/IOPlatformDevice/AppleARMPE/IOPlatformExpertDevice/IORegistryEntry
interface	2026-10-03T03:50:13.095Z	965138.3542220833	upload-load	Instant(_value: 3040540.860062291 seconds)	0	2	88	0	26	88	physicalEthernet	en5#8#4294970175#7	0	0	0.0	0.0	Optional(false)	SC Ethernet; hardware provider IOEthernetInterface/AppleUSBDeviceNCMData/IOUSBDeviceInterface/AppleT8122USBXDCI/AppleARMIODevice/AppleH15IO/IOPlatformDevice/AppleARMPE/IOPlatformExpertDevice/IORegistryEntry
interface	2026-10-03T03:50:13.095Z	965138.3542220833	upload-load	Instant(_value: 3040540.860062291 seconds)	0	2	88	0	26	88	physicalEthernet	en6#9#4294970236#8	0	0	0.0	0.0	Optional(false)	SC Ethernet; hardware provider IOEthernetInterface/AppleUSBDeviceNCMData/IOUSBDeviceInterface/AppleT8122USBXDCI/AppleARMIODevice/AppleH15IO/IOPlatformDevice/AppleARMPE/IOPlatformExpertDevice/IORegistryEntry
interface	2026-10-03T03:50:13.095Z	965138.3542220833	upload-load	Instant(_value: 3040540.860062291 seconds)	0	2	88	0	26	88	physicalEthernet	en1#10#4294970312#9	0	0	0.0	0.0	Optional(false)	SC Ethernet; hardware provider IOEthernetInterface/AppleThunderboltIPPort/AppleThunderboltIPService/IOThunderboltLocalNode/IOThunderboltControllerType5/AppleThunderboltNHIType5/AppleThunderboltHALType5/AppleARMIODevice/AppleH15IO/IOPlatformDevice/AppleARMPE/IOPlatformExpertDevice/IORegistryEntry
interface	2026-10-03T03:50:13.095Z	965138.3542220833	upload-load	Instant(_value: 3040540.860062291 seconds)	0	2	88	0	26	88	physicalEthernet	en2#11#4294970264#10	0	0	0.0	0.0	Optional(false)	SC Ethernet; hardware provider IOEthernetInterface/AppleThunderboltIPPort/AppleThunderboltIPService/IOThunderboltLocalNode/IOThunderboltControllerType5/AppleThunderboltNHIType5/AppleThunderboltHALType5/AppleARMIODevice/AppleH15IO/IOPlatformDevice/AppleARMPE/IOPlatformExpertDevice/IORegistryEntry
interface	2026-10-03T03:50:13.095Z	965138.3542220833	upload-load	Instant(_value: 3040540.860062291 seconds)	0	2	88	0	26	88	physicalEthernet	en3#12#4294970379#11	0	0	0.0	0.0	Optional(false)	SC Ethernet; hardware provider IOEthernetInterface/AppleThunderboltIPPort/AppleThunderboltIPService/IOThunderboltLocalNode/IOThunderboltControllerType5/AppleThunderboltNHIType5/AppleThunderboltHALType5/AppleARMIODevice/AppleH15IO/IOPlatformDevice/AppleARMPE/IOPlatformExpertDevice/IORegistryEntry
interface	2026-10-03T03:50:13.095Z	965138.3542220833	upload-load	Instant(_value: 3040540.860062291 seconds)	0	2	88	0	26	88	logical	bridge0#15#nil#12	0	0	0.0	0.0	Optional(false)	route link type=209
interface	2026-10-03T03:50:13.095Z	965138.3542220833	upload-load	Instant(_value: 3040540.860062291 seconds)	0	2	88	0	26	88	unknown	ap1#13#nil#13	0	0	0.0	0.0	nil	IORegistry provider unavailable; SC type=
interface	2026-10-03T03:50:13.095Z	965138.3542220833	upload-load	Instant(_value: 3040540.860062291 seconds)	0	2	88	0	26	88	physicalWiFi	en0#14#4294971925#14	3208969216	2024419328	372915.2899961555	2088325.6239784707	Optional(true)	SC Wi-Fi; hardware provider IOSkywalkLegacyEthernetInterface/IO80211Controller/IOUserNetworkWLAN/IOUserService/IOUserService/IOPCIDevice/ApplePCIEHostBridge/IOPCIDevice/AppleT6031PCIe/AppleARMIODevice/AppleH15IO/IOPlatformDevice/AppleARMPE/IOPlatformExpertDevice/IORegistryEntry
interface	2026-10-03T03:50:13.095Z	965138.3542220833	upload-load	Instant(_value: 3040540.860062291 seconds)	0	2	88	0	26	88	virtual	awdl0#16#nil#15	8599552	8556544	0.0	0.0	Optional(true)	SIOCGIFFUNCTIONALTYPE=4
interface	2026-10-03T03:50:13.095Z	965138.3542220833	upload-load	Instant(_value: 3040540.860062291 seconds)	0	2	88	0	26	88	unknown	llw0#17#nil#16	0	0	0.0	0.0	nil	IORegistry provider unavailable; SC type=
interface	2026-10-03T03:50:13.095Z	965138.3542220833	upload-load	Instant(_value: 3040540.860062291 seconds)	0	2	88	0	26	88	tunnel	utun0#18#nil#17	0	0	0.0	0.0	nil	tunnel name; VPN service unconfirmed
interface	2026-10-03T03:50:13.095Z	965138.3542220833	upload-load	Instant(_value: 3040540.860062291 seconds)	0	2	88	0	26	88	tunnel	utun1#19#nil#18	0	8192	0.0	0.0	nil	tunnel name; VPN service unconfirmed
interface	2026-10-03T03:50:13.095Z	965138.3542220833	upload-load	Instant(_value: 3040540.860062291 seconds)	0	2	88	0	26	88	tunnel	utun2#20#nil#19	0	8192	0.0	0.0	nil	tunnel name; VPN service unconfirmed
interface	2026-10-03T03:50:13.095Z	965138.3542220833	upload-load	Instant(_value: 3040540.860062291 seconds)	0	2	88	0	26	88	tunnel	utun3#21#nil#20	0	8192	0.0	0.0	nil	tunnel name; VPN service unconfirmed
interface	2026-10-03T03:50:13.095Z	965138.3542220833	upload-load	Instant(_value: 3040540.860062291 seconds)	0	2	88	0	26	88	tunnel	utun4#24#nil#21	9216	4096	0.0	0.0	nil	tunnel name; VPN service unconfirmed
interface	2026-10-03T03:50:13.095Z	965138.3542220833	upload-load	Instant(_value: 3040540.860062291 seconds)	0	2	88	0	26	88	tunnel	utun5#25#nil#22	166912	143360	0.0	0.0	nil	tunnel name; VPN service unconfirmed
interface	2026-10-03T03:50:13.095Z	965138.3542220833	upload-load	Instant(_value: 3040540.860062291 seconds)	0	2	88	0	26	88	tunnel	utun6#26#nil#23	0	8192	0.0	0.0	nil	tunnel name; VPN service unconfirmed
interface	2026-10-03T03:50:13.095Z	965138.3542220833	upload-load	Instant(_value: 3040540.860062291 seconds)	0	2	88	0	26	88	tunnel	utun7#27#nil#24	0	8192	0.0	0.0	nil	tunnel name; VPN service unconfirmed
interface	2026-10-03T03:50:13.095Z	965138.3542220833	upload-load	Instant(_value: 3040540.860062291 seconds)	0	2	88	0	26	88	virtual	vmenet0#22#4295372070#25	5120	1833984	0.0	0.0	Optional(true)	virtual provider IOUserEthernetInterface/IOUserEthernetController/IOUserEthernetResourceUserClient/IOUserEthernetResource/IOResources/IOPlatformExpertDevice/IORegistryEntry
interface	2026-10-03T03:50:13.095Z	965138.3542220833	upload-load	Instant(_value: 3040540.860062291 seconds)	0	2	88	0	26	88	logical	bridge100#23#nil#26	0	3668992	0.0	0.0	Optional(true)	route link type=209
delivery	2026-10-03T03:50:13.095Z	965138.3542220833	upload-load	Instant(_value: 3040540.860062291 seconds)	0	2	88	0	26	88	delivered	networkActivity						sameReadAt=true
card	2026-10-03T03:50:13.095Z	965138.3542220833	upload-load	Optional(Swift.ContinuousClock.Instant(_value: 3040540.860062291 seconds))					26		partial("물리 대상의 식별·연결·속도 일부를 확인하지 못했습니다")	NetworkCard			372915.2899961555	2088325.6239784707	true	Network 카드, 일부 수집 실패: 물리 대상의 식별·연결·속도 일부를 확인하지 못했습니다, 확인된 일부 합계 다운로드 364.2 KB/s, 업로드 2.0 MB/s, 일부 수집 실패: 대상 identity 또는 물리 정보 일부 미확인
sample	2026-10-03T03:50:14.162Z	965139.4217620834	upload-load	Instant(_value: 3040541.853421 seconds)	0	2	89	0	26	89	partial("물리 대상의 식별·연결·속도 일부를 확인하지 못했습니다")	knownPhysical			345333.4599998962	2222504.2977903765	false	representativeRX=-1.0;representativeTX=-1.0
interface	2026-10-03T03:50:14.162Z	965139.4217620834	upload-load	Instant(_value: 3040541.853421 seconds)	0	2	89	0	26	89	tunnel	gif0#2#nil#1	0	0	0.0	0.0	nil	route tunnel link type=55
interface	2026-10-03T03:50:14.162Z	965139.4217620834	upload-load	Instant(_value: 3040541.853421 seconds)	0	2	89	0	26	89	tunnel	stf0#3#nil#2	0	0	0.0	0.0	nil	route tunnel link type=57
interface	2026-10-03T03:50:14.162Z	965139.4217620834	upload-load	Instant(_value: 3040541.853421 seconds)	0	2	89	0	26	89	virtual	anpi1#4#4294970237#3	0	0	0.0	0.0	Optional(false)	private auxiliary network interface AppleUSBDeviceNCMPrivateEthernetInterface/AppleUSBDeviceNCMData/IOUSBDeviceInterface/AppleT8122USBXDCI/AppleARMIODevice/AppleH15IO/IOPlatformDevice/AppleARMPE/IOPlatformExpertDevice/IORegistryEntry
interface	2026-10-03T03:50:14.162Z	965139.4217620834	upload-load	Instant(_value: 3040541.853421 seconds)	0	2	89	0	26	89	virtual	anpi2#5#4294970293#4	0	0	0.0	0.0	Optional(false)	private auxiliary network interface AppleUSBDeviceNCMPrivateEthernetInterface/AppleUSBDeviceNCMData/IOUSBDeviceInterface/AppleT8122USBXDCI/AppleARMIODevice/AppleH15IO/IOPlatformDevice/AppleARMPE/IOPlatformExpertDevice/IORegistryEntry
interface	2026-10-03T03:50:14.162Z	965139.4217620834	upload-load	Instant(_value: 3040541.853421 seconds)	0	2	89	0	26	89	virtual	anpi0#6#4294970305#5	0	0	0.0	0.0	Optional(false)	private auxiliary network interface AppleUSBDeviceNCMPrivateEthernetInterface/AppleUSBDeviceNCMData/IOUSBDeviceInterface/AppleT8122USBXDCI/AppleARMIODevice/AppleH15IO/IOPlatformDevice/AppleARMPE/IOPlatformExpertDevice/IORegistryEntry
interface	2026-10-03T03:50:14.162Z	965139.4217620834	upload-load	Instant(_value: 3040541.853421 seconds)	0	2	89	0	26	89	physicalEthernet	en4#7#4294970257#6	0	0	0.0	0.0	Optional(false)	SC Ethernet; hardware provider IOEthernetInterface/AppleUSBDeviceNCMData/IOUSBDeviceInterface/AppleT8122USBXDCI/AppleARMIODevice/AppleH15IO/IOPlatformDevice/AppleARMPE/IOPlatformExpertDevice/IORegistryEntry
interface	2026-10-03T03:50:14.162Z	965139.4217620834	upload-load	Instant(_value: 3040541.853421 seconds)	0	2	89	0	26	89	physicalEthernet	en5#8#4294970175#7	0	0	0.0	0.0	Optional(false)	SC Ethernet; hardware provider IOEthernetInterface/AppleUSBDeviceNCMData/IOUSBDeviceInterface/AppleT8122USBXDCI/AppleARMIODevice/AppleH15IO/IOPlatformDevice/AppleARMPE/IOPlatformExpertDevice/IORegistryEntry
interface	2026-10-03T03:50:14.162Z	965139.4217620834	upload-load	Instant(_value: 3040541.853421 seconds)	0	2	89	0	26	89	physicalEthernet	en6#9#4294970236#8	0	0	0.0	0.0	Optional(false)	SC Ethernet; hardware provider IOEthernetInterface/AppleUSBDeviceNCMData/IOUSBDeviceInterface/AppleT8122USBXDCI/AppleARMIODevice/AppleH15IO/IOPlatformDevice/AppleARMPE/IOPlatformExpertDevice/IORegistryEntry
interface	2026-10-03T03:50:14.162Z	965139.4217620834	upload-load	Instant(_value: 3040541.853421 seconds)	0	2	89	0	26	89	physicalEthernet	en1#10#4294970312#9	0	0	0.0	0.0	Optional(false)	SC Ethernet; hardware provider IOEthernetInterface/AppleThunderboltIPPort/AppleThunderboltIPService/IOThunderboltLocalNode/IOThunderboltControllerType5/AppleThunderboltNHIType5/AppleThunderboltHALType5/AppleARMIODevice/AppleH15IO/IOPlatformDevice/AppleARMPE/IOPlatformExpertDevice/IORegistryEntry
interface	2026-10-03T03:50:14.162Z	965139.4217620834	upload-load	Instant(_value: 3040541.853421 seconds)	0	2	89	0	26	89	physicalEthernet	en2#11#4294970264#10	0	0	0.0	0.0	Optional(false)	SC Ethernet; hardware provider IOEthernetInterface/AppleThunderboltIPPort/AppleThunderboltIPService/IOThunderboltLocalNode/IOThunderboltControllerType5/AppleThunderboltNHIType5/AppleThunderboltHALType5/AppleARMIODevice/AppleH15IO/IOPlatformDevice/AppleARMPE/IOPlatformExpertDevice/IORegistryEntry
interface	2026-10-03T03:50:14.162Z	965139.4217620834	upload-load	Instant(_value: 3040541.853421 seconds)	0	2	89	0	26	89	physicalEthernet	en3#12#4294970379#11	0	0	0.0	0.0	Optional(false)	SC Ethernet; hardware provider IOEthernetInterface/AppleThunderboltIPPort/AppleThunderboltIPService/IOThunderboltLocalNode/IOThunderboltControllerType5/AppleThunderboltNHIType5/AppleThunderboltHALType5/AppleARMIODevice/AppleH15IO/IOPlatformDevice/AppleARMPE/IOPlatformExpertDevice/IORegistryEntry
interface	2026-10-03T03:50:14.162Z	965139.4217620834	upload-load	Instant(_value: 3040541.853421 seconds)	0	2	89	0	26	89	logical	bridge0#15#nil#12	0	0	0.0	0.0	Optional(false)	route link type=209
interface	2026-10-03T03:50:14.162Z	965139.4217620834	upload-load	Instant(_value: 3040541.853421 seconds)	0	2	89	0	26	89	unknown	ap1#13#nil#13	0	0	0.0	0.0	nil	IORegistry provider unavailable; SC type=
interface	2026-10-03T03:50:14.162Z	965139.4217620834	upload-load	Instant(_value: 3040541.853421 seconds)	0	2	89	0	26	89	physicalWiFi	en0#14#4294971925#14	3209312256	2026627072	345333.4599998962	2222504.2977903765	Optional(true)	SC Wi-Fi; hardware provider IOSkywalkLegacyEthernetInterface/IO80211Controller/IOUserNetworkWLAN/IOUserService/IOUserService/IOPCIDevice/ApplePCIEHostBridge/IOPCIDevice/AppleT6031PCIe/AppleARMIODevice/AppleH15IO/IOPlatformDevice/AppleARMPE/IOPlatformExpertDevice/IORegistryEntry
interface	2026-10-03T03:50:14.162Z	965139.4217620834	upload-load	Instant(_value: 3040541.853421 seconds)	0	2	89	0	26	89	virtual	awdl0#16#nil#15	8599552	8556544	0.0	0.0	Optional(true)	SIOCGIFFUNCTIONALTYPE=4
interface	2026-10-03T03:50:14.162Z	965139.4217620834	upload-load	Instant(_value: 3040541.853421 seconds)	0	2	89	0	26	89	unknown	llw0#17#nil#16	0	0	0.0	0.0	nil	IORegistry provider unavailable; SC type=
interface	2026-10-03T03:50:14.162Z	965139.4217620834	upload-load	Instant(_value: 3040541.853421 seconds)	0	2	89	0	26	89	tunnel	utun0#18#nil#17	0	0	0.0	0.0	nil	tunnel name; VPN service unconfirmed
interface	2026-10-03T03:50:14.162Z	965139.4217620834	upload-load	Instant(_value: 3040541.853421 seconds)	0	2	89	0	26	89	tunnel	utun1#19#nil#18	0	8192	0.0	0.0	nil	tunnel name; VPN service unconfirmed
interface	2026-10-03T03:50:14.162Z	965139.4217620834	upload-load	Instant(_value: 3040541.853421 seconds)	0	2	89	0	26	89	tunnel	utun2#20#nil#19	0	8192	0.0	0.0	nil	tunnel name; VPN service unconfirmed
interface	2026-10-03T03:50:14.162Z	965139.4217620834	upload-load	Instant(_value: 3040541.853421 seconds)	0	2	89	0	26	89	tunnel	utun3#21#nil#20	0	8192	0.0	0.0	nil	tunnel name; VPN service unconfirmed
interface	2026-10-03T03:50:14.162Z	965139.4217620834	upload-load	Instant(_value: 3040541.853421 seconds)	0	2	89	0	26	89	tunnel	utun4#24#nil#21	9216	4096	0.0	0.0	nil	tunnel name; VPN service unconfirmed
interface	2026-10-03T03:50:14.162Z	965139.4217620834	upload-load	Instant(_value: 3040541.853421 seconds)	0	2	89	0	26	89	tunnel	utun5#25#nil#22	166912	143360	0.0	0.0	nil	tunnel name; VPN service unconfirmed
interface	2026-10-03T03:50:14.162Z	965139.4217620834	upload-load	Instant(_value: 3040541.853421 seconds)	0	2	89	0	26	89	tunnel	utun6#26#nil#23	0	8192	0.0	0.0	nil	tunnel name; VPN service unconfirmed
interface	2026-10-03T03:50:14.162Z	965139.4217620834	upload-load	Instant(_value: 3040541.853421 seconds)	0	2	89	0	26	89	tunnel	utun7#27#nil#24	0	8192	0.0	0.0	nil	tunnel name; VPN service unconfirmed
interface	2026-10-03T03:50:14.162Z	965139.4217620834	upload-load	Instant(_value: 3040541.853421 seconds)	0	2	89	0	26	89	virtual	vmenet0#22#4295372070#25	5120	1833984	0.0	0.0	Optional(true)	virtual provider IOUserEthernetInterface/IOUserEthernetController/IOUserEthernetResourceUserClient/IOUserEthernetResource/IOResources/IOPlatformExpertDevice/IORegistryEntry
interface	2026-10-03T03:50:14.162Z	965139.4217620834	upload-load	Instant(_value: 3040541.853421 seconds)	0	2	89	0	26	89	logical	bridge100#23#nil#26	0	3668992	0.0	0.0	Optional(true)	route link type=209
delivery	2026-10-03T03:50:14.162Z	965139.4217620834	upload-load	Instant(_value: 3040541.853421 seconds)	0	2	89	0	26	89	delivered	networkActivity						sameReadAt=true
card	2026-10-03T03:50:14.162Z	965139.4217620834	upload-load	Optional(Swift.ContinuousClock.Instant(_value: 3040541.853421 seconds))					26		partial("물리 대상의 식별·연결·속도 일부를 확인하지 못했습니다")	NetworkCard			345333.4599998962	2222504.2977903765	true	Network 카드, 일부 수집 실패: 물리 대상의 식별·연결·속도 일부를 확인하지 못했습니다, 확인된 일부 합계 다운로드 337.2 KB/s, 업로드 2.1 MB/s, 일부 수집 실패: 대상 identity 또는 물리 정보 일부 미확인
sample	2026-10-03T03:50:15.229Z	965140.4884860833	upload-load	Instant(_value: 3040542.8413355 seconds)	0	2	90	0	26	90	partial("물리 대상의 식별·연결·속도 일부를 확인하지 못했습니다")	knownPhysical			353455.68872609927	2234752.0964617888	false	representativeRX=-1.0;representativeTX=-1.0
interface	2026-10-03T03:50:15.229Z	965140.4884860833	upload-load	Instant(_value: 3040542.8413355 seconds)	0	2	90	0	26	90	tunnel	gif0#2#nil#1	0	0	0.0	0.0	nil	route tunnel link type=55
interface	2026-10-03T03:50:15.229Z	965140.4884860833	upload-load	Instant(_value: 3040542.8413355 seconds)	0	2	90	0	26	90	tunnel	stf0#3#nil#2	0	0	0.0	0.0	nil	route tunnel link type=57
interface	2026-10-03T03:50:15.229Z	965140.4884860833	upload-load	Instant(_value: 3040542.8413355 seconds)	0	2	90	0	26	90	virtual	anpi1#4#4294970237#3	0	0	0.0	0.0	Optional(false)	private auxiliary network interface AppleUSBDeviceNCMPrivateEthernetInterface/AppleUSBDeviceNCMData/IOUSBDeviceInterface/AppleT8122USBXDCI/AppleARMIODevice/AppleH15IO/IOPlatformDevice/AppleARMPE/IOPlatformExpertDevice/IORegistryEntry
interface	2026-10-03T03:50:15.229Z	965140.4884860833	upload-load	Instant(_value: 3040542.8413355 seconds)	0	2	90	0	26	90	virtual	anpi2#5#4294970293#4	0	0	0.0	0.0	Optional(false)	private auxiliary network interface AppleUSBDeviceNCMPrivateEthernetInterface/AppleUSBDeviceNCMData/IOUSBDeviceInterface/AppleT8122USBXDCI/AppleARMIODevice/AppleH15IO/IOPlatformDevice/AppleARMPE/IOPlatformExpertDevice/IORegistryEntry
interface	2026-10-03T03:50:15.229Z	965140.4884860833	upload-load	Instant(_value: 3040542.8413355 seconds)	0	2	90	0	26	90	virtual	anpi0#6#4294970305#5	0	0	0.0	0.0	Optional(false)	private auxiliary network interface AppleUSBDeviceNCMPrivateEthernetInterface/AppleUSBDeviceNCMData/IOUSBDeviceInterface/AppleT8122USBXDCI/AppleARMIODevice/AppleH15IO/IOPlatformDevice/AppleARMPE/IOPlatformExpertDevice/IORegistryEntry
interface	2026-10-03T03:50:15.229Z	965140.4884860833	upload-load	Instant(_value: 3040542.8413355 seconds)	0	2	90	0	26	90	physicalEthernet	en4#7#4294970257#6	0	0	0.0	0.0	Optional(false)	SC Ethernet; hardware provider IOEthernetInterface/AppleUSBDeviceNCMData/IOUSBDeviceInterface/AppleT8122USBXDCI/AppleARMIODevice/AppleH15IO/IOPlatformDevice/AppleARMPE/IOPlatformExpertDevice/IORegistryEntry
interface	2026-10-03T03:50:15.229Z	965140.4884860833	upload-load	Instant(_value: 3040542.8413355 seconds)	0	2	90	0	26	90	physicalEthernet	en5#8#4294970175#7	0	0	0.0	0.0	Optional(false)	SC Ethernet; hardware provider IOEthernetInterface/AppleUSBDeviceNCMData/IOUSBDeviceInterface/AppleT8122USBXDCI/AppleARMIODevice/AppleH15IO/IOPlatformDevice/AppleARMPE/IOPlatformExpertDevice/IORegistryEntry
interface	2026-10-03T03:50:15.229Z	965140.4884860833	upload-load	Instant(_value: 3040542.8413355 seconds)	0	2	90	0	26	90	physicalEthernet	en6#9#4294970236#8	0	0	0.0	0.0	Optional(false)	SC Ethernet; hardware provider IOEthernetInterface/AppleUSBDeviceNCMData/IOUSBDeviceInterface/AppleT8122USBXDCI/AppleARMIODevice/AppleH15IO/IOPlatformDevice/AppleARMPE/IOPlatformExpertDevice/IORegistryEntry
interface	2026-10-03T03:50:15.229Z	965140.4884860833	upload-load	Instant(_value: 3040542.8413355 seconds)	0	2	90	0	26	90	physicalEthernet	en1#10#4294970312#9	0	0	0.0	0.0	Optional(false)	SC Ethernet; hardware provider IOEthernetInterface/AppleThunderboltIPPort/AppleThunderboltIPService/IOThunderboltLocalNode/IOThunderboltControllerType5/AppleThunderboltNHIType5/AppleThunderboltHALType5/AppleARMIODevice/AppleH15IO/IOPlatformDevice/AppleARMPE/IOPlatformExpertDevice/IORegistryEntry
interface	2026-10-03T03:50:15.229Z	965140.4884860833	upload-load	Instant(_value: 3040542.8413355 seconds)	0	2	90	0	26	90	physicalEthernet	en2#11#4294970264#10	0	0	0.0	0.0	Optional(false)	SC Ethernet; hardware provider IOEthernetInterface/AppleThunderboltIPPort/AppleThunderboltIPService/IOThunderboltLocalNode/IOThunderboltControllerType5/AppleThunderboltNHIType5/AppleThunderboltHALType5/AppleARMIODevice/AppleH15IO/IOPlatformDevice/AppleARMPE/IOPlatformExpertDevice/IORegistryEntry
interface	2026-10-03T03:50:15.229Z	965140.4884860833	upload-load	Instant(_value: 3040542.8413355 seconds)	0	2	90	0	26	90	physicalEthernet	en3#12#4294970379#11	0	0	0.0	0.0	Optional(false)	SC Ethernet; hardware provider IOEthernetInterface/AppleThunderboltIPPort/AppleThunderboltIPService/IOThunderboltLocalNode/IOThunderboltControllerType5/AppleThunderboltNHIType5/AppleThunderboltHALType5/AppleARMIODevice/AppleH15IO/IOPlatformDevice/AppleARMPE/IOPlatformExpertDevice/IORegistryEntry
interface	2026-10-03T03:50:15.229Z	965140.4884860833	upload-load	Instant(_value: 3040542.8413355 seconds)	0	2	90	0	26	90	logical	bridge0#15#nil#12	0	0	0.0	0.0	Optional(false)	route link type=209
interface	2026-10-03T03:50:15.229Z	965140.4884860833	upload-load	Instant(_value: 3040542.8413355 seconds)	0	2	90	0	26	90	unknown	ap1#13#nil#13	0	0	0.0	0.0	nil	IORegistry provider unavailable; SC type=
interface	2026-10-03T03:50:15.229Z	965140.4884860833	upload-load	Instant(_value: 3040542.8413355 seconds)	0	2	90	0	26	90	physicalWiFi	en0#14#4294971925#14	3209661440	2028834816	353455.68872609927	2234752.0964617888	Optional(true)	SC Wi-Fi; hardware provider IOSkywalkLegacyEthernetInterface/IO80211Controller/IOUserNetworkWLAN/IOUserService/IOUserService/IOPCIDevice/ApplePCIEHostBridge/IOPCIDevice/AppleT6031PCIe/AppleARMIODevice/AppleH15IO/IOPlatformDevice/AppleARMPE/IOPlatformExpertDevice/IORegistryEntry
interface	2026-10-03T03:50:15.229Z	965140.4884860833	upload-load	Instant(_value: 3040542.8413355 seconds)	0	2	90	0	26	90	virtual	awdl0#16#nil#15	8599552	8556544	0.0	0.0	Optional(true)	SIOCGIFFUNCTIONALTYPE=4
interface	2026-10-03T03:50:15.229Z	965140.4884860833	upload-load	Instant(_value: 3040542.8413355 seconds)	0	2	90	0	26	90	unknown	llw0#17#nil#16	0	0	0.0	0.0	nil	IORegistry provider unavailable; SC type=
interface	2026-10-03T03:50:15.229Z	965140.4884860833	upload-load	Instant(_value: 3040542.8413355 seconds)	0	2	90	0	26	90	tunnel	utun0#18#nil#17	0	0	0.0	0.0	nil	tunnel name; VPN service unconfirmed
interface	2026-10-03T03:50:15.229Z	965140.4884860833	upload-load	Instant(_value: 3040542.8413355 seconds)	0	2	90	0	26	90	tunnel	utun1#19#nil#18	0	8192	0.0	0.0	nil	tunnel name; VPN service unconfirmed
interface	2026-10-03T03:50:15.229Z	965140.4884860833	upload-load	Instant(_value: 3040542.8413355 seconds)	0	2	90	0	26	90	tunnel	utun2#20#nil#19	0	8192	0.0	0.0	nil	tunnel name; VPN service unconfirmed
interface	2026-10-03T03:50:15.229Z	965140.4884860833	upload-load	Instant(_value: 3040542.8413355 seconds)	0	2	90	0	26	90	tunnel	utun3#21#nil#20	0	8192	0.0	0.0	nil	tunnel name; VPN service unconfirmed
interface	2026-10-03T03:50:15.229Z	965140.4884860833	upload-load	Instant(_value: 3040542.8413355 seconds)	0	2	90	0	26	90	tunnel	utun4#24#nil#21	9216	4096	0.0	0.0	nil	tunnel name; VPN service unconfirmed
interface	2026-10-03T03:50:15.229Z	965140.4884860833	upload-load	Instant(_value: 3040542.8413355 seconds)	0	2	90	0	26	90	tunnel	utun5#25#nil#22	166912	143360	0.0	0.0	nil	tunnel name; VPN service unconfirmed
interface	2026-10-03T03:50:15.229Z	965140.4884860833	upload-load	Instant(_value: 3040542.8413355 seconds)	0	2	90	0	26	90	tunnel	utun6#26#nil#23	0	8192	0.0	0.0	nil	tunnel name; VPN service unconfirmed
interface	2026-10-03T03:50:15.229Z	965140.4884860833	upload-load	Instant(_value: 3040542.8413355 seconds)	0	2	90	0	26	90	tunnel	utun7#27#nil#24	0	8192	0.0	0.0	nil	tunnel name; VPN service unconfirmed
interface	2026-10-03T03:50:15.229Z	965140.4884860833	upload-load	Instant(_value: 3040542.8413355 seconds)	0	2	90	0	26	90	virtual	vmenet0#22#4295372070#25	5120	1833984	0.0	0.0	Optional(true)	virtual provider IOUserEthernetInterface/IOUserEthernetController/IOUserEthernetResourceUserClient/IOUserEthernetResource/IOResources/IOPlatformExpertDevice/IORegistryEntry
interface	2026-10-03T03:50:15.229Z	965140.4884860833	upload-load	Instant(_value: 3040542.8413355 seconds)	0	2	90	0	26	90	logical	bridge100#23#nil#26	0	3668992	0.0	0.0	Optional(true)	route link type=209
delivery	2026-10-03T03:50:15.229Z	965140.4884860833	upload-load	Instant(_value: 3040542.8413355 seconds)	0	2	90	0	26	90	delivered	networkActivity						sameReadAt=true
card	2026-10-03T03:50:15.229Z	965140.4884860833	upload-load	Optional(Swift.ContinuousClock.Instant(_value: 3040542.8413355 seconds))					26		partial("물리 대상의 식별·연결·속도 일부를 확인하지 못했습니다")	NetworkCard			353455.68872609927	2234752.0964617888	true	Network 카드, 일부 수집 실패: 물리 대상의 식별·연결·속도 일부를 확인하지 못했습니다, 확인된 일부 합계 다운로드 345.2 KB/s, 업로드 2.1 MB/s, 일부 수집 실패: 대상 identity 또는 물리 정보 일부 미확인
sample	2026-10-03T03:50:16.282Z	965141.5412882917	upload-load	Instant(_value: 3040543.806836666 seconds)	0	2	91	0	26	91	partial("물리 대상의 식별·연결·속도 일부를 확인하지 못했습니다")	knownPhysical			341509.6859655165	2284508.8930736724	false	representativeRX=-1.0;representativeTX=-1.0
interface	2026-10-03T03:50:16.282Z	965141.5412882917	upload-load	Instant(_value: 3040543.806836666 seconds)	0	2	91	0	26	91	tunnel	gif0#2#nil#1	0	0	0.0	0.0	nil	route tunnel link type=55
interface	2026-10-03T03:50:16.282Z	965141.5412882917	upload-load	Instant(_value: 3040543.806836666 seconds)	0	2	91	0	26	91	tunnel	stf0#3#nil#2	0	0	0.0	0.0	nil	route tunnel link type=57
interface	2026-10-03T03:50:16.282Z	965141.5412882917	upload-load	Instant(_value: 3040543.806836666 seconds)	0	2	91	0	26	91	virtual	anpi1#4#4294970237#3	0	0	0.0	0.0	Optional(false)	private auxiliary network interface AppleUSBDeviceNCMPrivateEthernetInterface/AppleUSBDeviceNCMData/IOUSBDeviceInterface/AppleT8122USBXDCI/AppleARMIODevice/AppleH15IO/IOPlatformDevice/AppleARMPE/IOPlatformExpertDevice/IORegistryEntry
interface	2026-10-03T03:50:16.282Z	965141.5412882917	upload-load	Instant(_value: 3040543.806836666 seconds)	0	2	91	0	26	91	virtual	anpi2#5#4294970293#4	0	0	0.0	0.0	Optional(false)	private auxiliary network interface AppleUSBDeviceNCMPrivateEthernetInterface/AppleUSBDeviceNCMData/IOUSBDeviceInterface/AppleT8122USBXDCI/AppleARMIODevice/AppleH15IO/IOPlatformDevice/AppleARMPE/IOPlatformExpertDevice/IORegistryEntry
interface	2026-10-03T03:50:16.282Z	965141.5412882917	upload-load	Instant(_value: 3040543.806836666 seconds)	0	2	91	0	26	91	virtual	anpi0#6#4294970305#5	0	0	0.0	0.0	Optional(false)	private auxiliary network interface AppleUSBDeviceNCMPrivateEthernetInterface/AppleUSBDeviceNCMData/IOUSBDeviceInterface/AppleT8122USBXDCI/AppleARMIODevice/AppleH15IO/IOPlatformDevice/AppleARMPE/IOPlatformExpertDevice/IORegistryEntry
interface	2026-10-03T03:50:16.282Z	965141.5412882917	upload-load	Instant(_value: 3040543.806836666 seconds)	0	2	91	0	26	91	physicalEthernet	en4#7#4294970257#6	0	0	0.0	0.0	Optional(false)	SC Ethernet; hardware provider IOEthernetInterface/AppleUSBDeviceNCMData/IOUSBDeviceInterface/AppleT8122USBXDCI/AppleARMIODevice/AppleH15IO/IOPlatformDevice/AppleARMPE/IOPlatformExpertDevice/IORegistryEntry
interface	2026-10-03T03:50:16.282Z	965141.5412882917	upload-load	Instant(_value: 3040543.806836666 seconds)	0	2	91	0	26	91	physicalEthernet	en5#8#4294970175#7	0	0	0.0	0.0	Optional(false)	SC Ethernet; hardware provider IOEthernetInterface/AppleUSBDeviceNCMData/IOUSBDeviceInterface/AppleT8122USBXDCI/AppleARMIODevice/AppleH15IO/IOPlatformDevice/AppleARMPE/IOPlatformExpertDevice/IORegistryEntry
interface	2026-10-03T03:50:16.282Z	965141.5412882917	upload-load	Instant(_value: 3040543.806836666 seconds)	0	2	91	0	26	91	physicalEthernet	en6#9#4294970236#8	0	0	0.0	0.0	Optional(false)	SC Ethernet; hardware provider IOEthernetInterface/AppleUSBDeviceNCMData/IOUSBDeviceInterface/AppleT8122USBXDCI/AppleARMIODevice/AppleH15IO/IOPlatformDevice/AppleARMPE/IOPlatformExpertDevice/IORegistryEntry
interface	2026-10-03T03:50:16.282Z	965141.5412882917	upload-load	Instant(_value: 3040543.806836666 seconds)	0	2	91	0	26	91	physicalEthernet	en1#10#4294970312#9	0	0	0.0	0.0	Optional(false)	SC Ethernet; hardware provider IOEthernetInterface/AppleThunderboltIPPort/AppleThunderboltIPService/IOThunderboltLocalNode/IOThunderboltControllerType5/AppleThunderboltNHIType5/AppleThunderboltHALType5/AppleARMIODevice/AppleH15IO/IOPlatformDevice/AppleARMPE/IOPlatformExpertDevice/IORegistryEntry
interface	2026-10-03T03:50:16.282Z	965141.5412882917	upload-load	Instant(_value: 3040543.806836666 seconds)	0	2	91	0	26	91	physicalEthernet	en2#11#4294970264#10	0	0	0.0	0.0	Optional(false)	SC Ethernet; hardware provider IOEthernetInterface/AppleThunderboltIPPort/AppleThunderboltIPService/IOThunderboltLocalNode/IOThunderboltControllerType5/AppleThunderboltNHIType5/AppleThunderboltHALType5/AppleARMIODevice/AppleH15IO/IOPlatformDevice/AppleARMPE/IOPlatformExpertDevice/IORegistryEntry
interface	2026-10-03T03:50:16.282Z	965141.5412882917	upload-load	Instant(_value: 3040543.806836666 seconds)	0	2	91	0	26	91	physicalEthernet	en3#12#4294970379#11	0	0	0.0	0.0	Optional(false)	SC Ethernet; hardware provider IOEthernetInterface/AppleThunderboltIPPort/AppleThunderboltIPService/IOThunderboltLocalNode/IOThunderboltControllerType5/AppleThunderboltNHIType5/AppleThunderboltHALType5/AppleARMIODevice/AppleH15IO/IOPlatformDevice/AppleARMPE/IOPlatformExpertDevice/IORegistryEntry
interface	2026-10-03T03:50:16.282Z	965141.5412882917	upload-load	Instant(_value: 3040543.806836666 seconds)	0	2	91	0	26	91	logical	bridge0#15#nil#12	0	0	0.0	0.0	Optional(false)	route link type=209
interface	2026-10-03T03:50:16.282Z	965141.5412882917	upload-load	Instant(_value: 3040543.806836666 seconds)	0	2	91	0	26	91	unknown	ap1#13#nil#13	0	0	0.0	0.0	nil	IORegistry provider unavailable; SC type=
interface	2026-10-03T03:50:16.282Z	965141.5412882917	upload-load	Instant(_value: 3040543.806836666 seconds)	0	2	91	0	26	91	physicalWiFi	en0#14#4294971925#14	3209991168	2031040512	341509.6859655165	2284508.8930736724	Optional(true)	SC Wi-Fi; hardware provider IOSkywalkLegacyEthernetInterface/IO80211Controller/IOUserNetworkWLAN/IOUserService/IOUserService/IOPCIDevice/ApplePCIEHostBridge/IOPCIDevice/AppleT6031PCIe/AppleARMIODevice/AppleH15IO/IOPlatformDevice/AppleARMPE/IOPlatformExpertDevice/IORegistryEntry
interface	2026-10-03T03:50:16.282Z	965141.5412882917	upload-load	Instant(_value: 3040543.806836666 seconds)	0	2	91	0	26	91	virtual	awdl0#16#nil#15	8599552	8556544	0.0	0.0	Optional(true)	SIOCGIFFUNCTIONALTYPE=4
interface	2026-10-03T03:50:16.282Z	965141.5412882917	upload-load	Instant(_value: 3040543.806836666 seconds)	0	2	91	0	26	91	unknown	llw0#17#nil#16	0	0	0.0	0.0	nil	IORegistry provider unavailable; SC type=
interface	2026-10-03T03:50:16.282Z	965141.5412882917	upload-load	Instant(_value: 3040543.806836666 seconds)	0	2	91	0	26	91	tunnel	utun0#18#nil#17	0	0	0.0	0.0	nil	tunnel name; VPN service unconfirmed
interface	2026-10-03T03:50:16.282Z	965141.5412882917	upload-load	Instant(_value: 3040543.806836666 seconds)	0	2	91	0	26	91	tunnel	utun1#19#nil#18	0	8192	0.0	0.0	nil	tunnel name; VPN service unconfirmed
interface	2026-10-03T03:50:16.282Z	965141.5412882917	upload-load	Instant(_value: 3040543.806836666 seconds)	0	2	91	0	26	91	tunnel	utun2#20#nil#19	0	8192	0.0	0.0	nil	tunnel name; VPN service unconfirmed
interface	2026-10-03T03:50:16.282Z	965141.5412882917	upload-load	Instant(_value: 3040543.806836666 seconds)	0	2	91	0	26	91	tunnel	utun3#21#nil#20	0	8192	0.0	0.0	nil	tunnel name; VPN service unconfirmed
interface	2026-10-03T03:50:16.282Z	965141.5412882917	upload-load	Instant(_value: 3040543.806836666 seconds)	0	2	91	0	26	91	tunnel	utun4#24#nil#21	9216	4096	0.0	0.0	nil	tunnel name; VPN service unconfirmed
interface	2026-10-03T03:50:16.282Z	965141.5412882917	upload-load	Instant(_value: 3040543.806836666 seconds)	0	2	91	0	26	91	tunnel	utun5#25#nil#22	166912	143360	0.0	0.0	nil	tunnel name; VPN service unconfirmed
interface	2026-10-03T03:50:16.282Z	965141.5412882917	upload-load	Instant(_value: 3040543.806836666 seconds)	0	2	91	0	26	91	tunnel	utun6#26#nil#23	0	8192	0.0	0.0	nil	tunnel name; VPN service unconfirmed
interface	2026-10-03T03:50:16.282Z	965141.5412882917	upload-load	Instant(_value: 3040543.806836666 seconds)	0	2	91	0	26	91	tunnel	utun7#27#nil#24	0	8192	0.0	0.0	nil	tunnel name; VPN service unconfirmed
interface	2026-10-03T03:50:16.282Z	965141.5412882917	upload-load	Instant(_value: 3040543.806836666 seconds)	0	2	91	0	26	91	virtual	vmenet0#22#4295372070#25	5120	1833984	0.0	0.0	Optional(true)	virtual provider IOUserEthernetInterface/IOUserEthernetController/IOUserEthernetResourceUserClient/IOUserEthernetResource/IOResources/IOPlatformExpertDevice/IORegistryEntry
interface	2026-10-03T03:50:16.282Z	965141.5412882917	upload-load	Instant(_value: 3040543.806836666 seconds)	0	2	91	0	26	91	logical	bridge100#23#nil#26	0	3668992	0.0	0.0	Optional(true)	route link type=209
delivery	2026-10-03T03:50:16.282Z	965141.5412882917	upload-load	Instant(_value: 3040543.806836666 seconds)	0	2	91	0	26	91	delivered	networkActivity						sameReadAt=true
card	2026-10-03T03:50:16.282Z	965141.5412882917	upload-load	Optional(Swift.ContinuousClock.Instant(_value: 3040543.806836666 seconds))					26		partial("물리 대상의 식별·연결·속도 일부를 확인하지 못했습니다")	NetworkCard			341509.6859655165	2284508.8930736724	true	Network 카드, 일부 수집 실패: 물리 대상의 식별·연결·속도 일부를 확인하지 못했습니다, 확인된 일부 합계 다운로드 333.5 KB/s, 업로드 2.2 MB/s, 일부 수집 실패: 대상 identity 또는 물리 정보 일부 미확인
sample	2026-10-03T03:50:17.325Z	965142.5839877501	upload-load	Instant(_value: 3040545.808048791 seconds)	0	2	93	0	26	93	partial("물리 대상의 식별·연결·속도 일부를 확인하지 못했습니다")	knownPhysical			357718.38776754076	2325709.8805913827	false	representativeRX=-1.0;representativeTX=-1.0
interface	2026-10-03T03:50:17.325Z	965142.5839877501	upload-load	Instant(_value: 3040545.808048791 seconds)	0	2	93	0	26	93	tunnel	gif0#2#nil#1	0	0	0.0	0.0	nil	route tunnel link type=55
interface	2026-10-03T03:50:17.325Z	965142.5839877501	upload-load	Instant(_value: 3040545.808048791 seconds)	0	2	93	0	26	93	tunnel	stf0#3#nil#2	0	0	0.0	0.0	nil	route tunnel link type=57
interface	2026-10-03T03:50:17.325Z	965142.5839877501	upload-load	Instant(_value: 3040545.808048791 seconds)	0	2	93	0	26	93	virtual	anpi1#4#4294970237#3	0	0	0.0	0.0	Optional(false)	private auxiliary network interface AppleUSBDeviceNCMPrivateEthernetInterface/AppleUSBDeviceNCMData/IOUSBDeviceInterface/AppleT8122USBXDCI/AppleARMIODevice/AppleH15IO/IOPlatformDevice/AppleARMPE/IOPlatformExpertDevice/IORegistryEntry
interface	2026-10-03T03:50:17.325Z	965142.5839877501	upload-load	Instant(_value: 3040545.808048791 seconds)	0	2	93	0	26	93	virtual	anpi2#5#4294970293#4	0	0	0.0	0.0	Optional(false)	private auxiliary network interface AppleUSBDeviceNCMPrivateEthernetInterface/AppleUSBDeviceNCMData/IOUSBDeviceInterface/AppleT8122USBXDCI/AppleARMIODevice/AppleH15IO/IOPlatformDevice/AppleARMPE/IOPlatformExpertDevice/IORegistryEntry
interface	2026-10-03T03:50:17.325Z	965142.5839877501	upload-load	Instant(_value: 3040545.808048791 seconds)	0	2	93	0	26	93	virtual	anpi0#6#4294970305#5	0	0	0.0	0.0	Optional(false)	private auxiliary network interface AppleUSBDeviceNCMPrivateEthernetInterface/AppleUSBDeviceNCMData/IOUSBDeviceInterface/AppleT8122USBXDCI/AppleARMIODevice/AppleH15IO/IOPlatformDevice/AppleARMPE/IOPlatformExpertDevice/IORegistryEntry
interface	2026-10-03T03:50:17.325Z	965142.5839877501	upload-load	Instant(_value: 3040545.808048791 seconds)	0	2	93	0	26	93	physicalEthernet	en4#7#4294970257#6	0	0	0.0	0.0	Optional(false)	SC Ethernet; hardware provider IOEthernetInterface/AppleUSBDeviceNCMData/IOUSBDeviceInterface/AppleT8122USBXDCI/AppleARMIODevice/AppleH15IO/IOPlatformDevice/AppleARMPE/IOPlatformExpertDevice/IORegistryEntry
interface	2026-10-03T03:50:17.325Z	965142.5839877501	upload-load	Instant(_value: 3040545.808048791 seconds)	0	2	93	0	26	93	physicalEthernet	en5#8#4294970175#7	0	0	0.0	0.0	Optional(false)	SC Ethernet; hardware provider IOEthernetInterface/AppleUSBDeviceNCMData/IOUSBDeviceInterface/AppleT8122USBXDCI/AppleARMIODevice/AppleH15IO/IOPlatformDevice/AppleARMPE/IOPlatformExpertDevice/IORegistryEntry
interface	2026-10-03T03:50:17.325Z	965142.5839877501	upload-load	Instant(_value: 3040545.808048791 seconds)	0	2	93	0	26	93	physicalEthernet	en6#9#4294970236#8	0	0	0.0	0.0	Optional(false)	SC Ethernet; hardware provider IOEthernetInterface/AppleUSBDeviceNCMData/IOUSBDeviceInterface/AppleT8122USBXDCI/AppleARMIODevice/AppleH15IO/IOPlatformDevice/AppleARMPE/IOPlatformExpertDevice/IORegistryEntry
interface	2026-10-03T03:50:17.325Z	965142.5839877501	upload-load	Instant(_value: 3040545.808048791 seconds)	0	2	93	0	26	93	physicalEthernet	en1#10#4294970312#9	0	0	0.0	0.0	Optional(false)	SC Ethernet; hardware provider IOEthernetInterface/AppleThunderboltIPPort/AppleThunderboltIPService/IOThunderboltLocalNode/IOThunderboltControllerType5/AppleThunderboltNHIType5/AppleThunderboltHALType5/AppleARMIODevice/AppleH15IO/IOPlatformDevice/AppleARMPE/IOPlatformExpertDevice/IORegistryEntry
interface	2026-10-03T03:50:17.325Z	965142.5839877501	upload-load	Instant(_value: 3040545.808048791 seconds)	0	2	93	0	26	93	physicalEthernet	en2#11#4294970264#10	0	0	0.0	0.0	Optional(false)	SC Ethernet; hardware provider IOEthernetInterface/AppleThunderboltIPPort/AppleThunderboltIPService/IOThunderboltLocalNode/IOThunderboltControllerType5/AppleThunderboltNHIType5/AppleThunderboltHALType5/AppleARMIODevice/AppleH15IO/IOPlatformDevice/AppleARMPE/IOPlatformExpertDevice/IORegistryEntry
interface	2026-10-03T03:50:17.325Z	965142.5839877501	upload-load	Instant(_value: 3040545.808048791 seconds)	0	2	93	0	26	93	physicalEthernet	en3#12#4294970379#11	0	0	0.0	0.0	Optional(false)	SC Ethernet; hardware provider IOEthernetInterface/AppleThunderboltIPPort/AppleThunderboltIPService/IOThunderboltLocalNode/IOThunderboltControllerType5/AppleThunderboltNHIType5/AppleThunderboltHALType5/AppleARMIODevice/AppleH15IO/IOPlatformDevice/AppleARMPE/IOPlatformExpertDevice/IORegistryEntry
interface	2026-10-03T03:50:17.325Z	965142.5839877501	upload-load	Instant(_value: 3040545.808048791 seconds)	0	2	93	0	26	93	logical	bridge0#15#nil#12	0	0	0.0	0.0	Optional(false)	route link type=209
interface	2026-10-03T03:50:17.325Z	965142.5839877501	upload-load	Instant(_value: 3040545.808048791 seconds)	0	2	93	0	26	93	unknown	ap1#13#nil#13	0	0	0.0	0.0	nil	IORegistry provider unavailable; SC type=
interface	2026-10-03T03:50:17.325Z	965142.5839877501	upload-load	Instant(_value: 3040545.808048791 seconds)	0	2	93	0	26	93	physicalWiFi	en0#14#4294971925#14	3210702848	2035461120	357718.38776754076	2325709.8805913827	Optional(true)	SC Wi-Fi; hardware provider IOSkywalkLegacyEthernetInterface/IO80211Controller/IOUserNetworkWLAN/IOUserService/IOUserService/IOPCIDevice/ApplePCIEHostBridge/IOPCIDevice/AppleT6031PCIe/AppleARMIODevice/AppleH15IO/IOPlatformDevice/AppleARMPE/IOPlatformExpertDevice/IORegistryEntry
interface	2026-10-03T03:50:17.325Z	965142.5839877501	upload-load	Instant(_value: 3040545.808048791 seconds)	0	2	93	0	26	93	virtual	awdl0#16#nil#15	8599552	8556544	0.0	0.0	Optional(true)	SIOCGIFFUNCTIONALTYPE=4
interface	2026-10-03T03:50:17.325Z	965142.5839877501	upload-load	Instant(_value: 3040545.808048791 seconds)	0	2	93	0	26	93	unknown	llw0#17#nil#16	0	0	0.0	0.0	nil	IORegistry provider unavailable; SC type=
interface	2026-10-03T03:50:17.325Z	965142.5839877501	upload-load	Instant(_value: 3040545.808048791 seconds)	0	2	93	0	26	93	tunnel	utun0#18#nil#17	0	0	0.0	0.0	nil	tunnel name; VPN service unconfirmed
interface	2026-10-03T03:50:17.325Z	965142.5839877501	upload-load	Instant(_value: 3040545.808048791 seconds)	0	2	93	0	26	93	tunnel	utun1#19#nil#18	0	8192	0.0	0.0	nil	tunnel name; VPN service unconfirmed
interface	2026-10-03T03:50:17.325Z	965142.5839877501	upload-load	Instant(_value: 3040545.808048791 seconds)	0	2	93	0	26	93	tunnel	utun2#20#nil#19	0	8192	0.0	0.0	nil	tunnel name; VPN service unconfirmed
interface	2026-10-03T03:50:17.325Z	965142.5839877501	upload-load	Instant(_value: 3040545.808048791 seconds)	0	2	93	0	26	93	tunnel	utun3#21#nil#20	0	8192	0.0	0.0	nil	tunnel name; VPN service unconfirmed
interface	2026-10-03T03:50:17.325Z	965142.5839877501	upload-load	Instant(_value: 3040545.808048791 seconds)	0	2	93	0	26	93	tunnel	utun4#24#nil#21	9216	4096	0.0	0.0	nil	tunnel name; VPN service unconfirmed
interface	2026-10-03T03:50:17.325Z	965142.5839877501	upload-load	Instant(_value: 3040545.808048791 seconds)	0	2	93	0	26	93	tunnel	utun5#25#nil#22	166912	143360	0.0	0.0	nil	tunnel name; VPN service unconfirmed
interface	2026-10-03T03:50:17.325Z	965142.5839877501	upload-load	Instant(_value: 3040545.808048791 seconds)	0	2	93	0	26	93	tunnel	utun6#26#nil#23	0	8192	0.0	0.0	nil	tunnel name; VPN service unconfirmed
interface	2026-10-03T03:50:17.325Z	965142.5839877501	upload-load	Instant(_value: 3040545.808048791 seconds)	0	2	93	0	26	93	tunnel	utun7#27#nil#24	0	8192	0.0	0.0	nil	tunnel name; VPN service unconfirmed
interface	2026-10-03T03:50:17.325Z	965142.5839877501	upload-load	Instant(_value: 3040545.808048791 seconds)	0	2	93	0	26	93	virtual	vmenet0#22#4295372070#25	5120	1833984	0.0	0.0	Optional(true)	virtual provider IOUserEthernetInterface/IOUserEthernetController/IOUserEthernetResourceUserClient/IOUserEthernetResource/IOResources/IOPlatformExpertDevice/IORegistryEntry
interface	2026-10-03T03:50:17.325Z	965142.5839877501	upload-load	Instant(_value: 3040545.808048791 seconds)	0	2	93	0	26	93	logical	bridge100#23#nil#26	0	3668992	0.0	0.0	Optional(true)	route link type=209
delivery	2026-10-03T03:50:17.325Z	965142.5839877501	upload-load	Instant(_value: 3040545.808048791 seconds)	0	2	93	0	26	93	delivered	networkActivity						sameReadAt=true
card	2026-10-03T03:50:17.325Z	965142.5839877501	upload-load	Optional(Swift.ContinuousClock.Instant(_value: 3040545.808048791 seconds))					26		partial("물리 대상의 식별·연결·속도 일부를 확인하지 못했습니다")	NetworkCard			357718.38776754076	2325709.8805913827	true	Network 카드, 일부 수집 실패: 물리 대상의 식별·연결·속도 일부를 확인하지 못했습니다, 확인된 일부 합계 다운로드 349.3 KB/s, 업로드 2.2 MB/s, 일부 수집 실패: 대상 identity 또는 물리 정보 일부 미확인
sample	2026-10-03T03:50:18.369Z	965143.6279231667	upload-load	Instant(_value: 3040546.858661458 seconds)	0	2	94	0	26	94	partial("물리 대상의 식별·연결·속도 일부를 확인하지 못했습니다")	knownPhysical			353804.9860577209	2111133.883749376	false	representativeRX=-1.0;representativeTX=-1.0
interface	2026-10-03T03:50:18.369Z	965143.6279231667	upload-load	Instant(_value: 3040546.858661458 seconds)	0	2	94	0	26	94	tunnel	gif0#2#nil#1	0	0	0.0	0.0	nil	route tunnel link type=55
interface	2026-10-03T03:50:18.369Z	965143.6279231667	upload-load	Instant(_value: 3040546.858661458 seconds)	0	2	94	0	26	94	tunnel	stf0#3#nil#2	0	0	0.0	0.0	nil	route tunnel link type=57
interface	2026-10-03T03:50:18.369Z	965143.6279231667	upload-load	Instant(_value: 3040546.858661458 seconds)	0	2	94	0	26	94	virtual	anpi1#4#4294970237#3	0	0	0.0	0.0	Optional(false)	private auxiliary network interface AppleUSBDeviceNCMPrivateEthernetInterface/AppleUSBDeviceNCMData/IOUSBDeviceInterface/AppleT8122USBXDCI/AppleARMIODevice/AppleH15IO/IOPlatformDevice/AppleARMPE/IOPlatformExpertDevice/IORegistryEntry
interface	2026-10-03T03:50:18.369Z	965143.6279231667	upload-load	Instant(_value: 3040546.858661458 seconds)	0	2	94	0	26	94	virtual	anpi2#5#4294970293#4	0	0	0.0	0.0	Optional(false)	private auxiliary network interface AppleUSBDeviceNCMPrivateEthernetInterface/AppleUSBDeviceNCMData/IOUSBDeviceInterface/AppleT8122USBXDCI/AppleARMIODevice/AppleH15IO/IOPlatformDevice/AppleARMPE/IOPlatformExpertDevice/IORegistryEntry
interface	2026-10-03T03:50:18.369Z	965143.6279231667	upload-load	Instant(_value: 3040546.858661458 seconds)	0	2	94	0	26	94	virtual	anpi0#6#4294970305#5	0	0	0.0	0.0	Optional(false)	private auxiliary network interface AppleUSBDeviceNCMPrivateEthernetInterface/AppleUSBDeviceNCMData/IOUSBDeviceInterface/AppleT8122USBXDCI/AppleARMIODevice/AppleH15IO/IOPlatformDevice/AppleARMPE/IOPlatformExpertDevice/IORegistryEntry
interface	2026-10-03T03:50:18.369Z	965143.6279231667	upload-load	Instant(_value: 3040546.858661458 seconds)	0	2	94	0	26	94	physicalEthernet	en4#7#4294970257#6	0	0	0.0	0.0	Optional(false)	SC Ethernet; hardware provider IOEthernetInterface/AppleUSBDeviceNCMData/IOUSBDeviceInterface/AppleT8122USBXDCI/AppleARMIODevice/AppleH15IO/IOPlatformDevice/AppleARMPE/IOPlatformExpertDevice/IORegistryEntry
interface	2026-10-03T03:50:18.369Z	965143.6279231667	upload-load	Instant(_value: 3040546.858661458 seconds)	0	2	94	0	26	94	physicalEthernet	en5#8#4294970175#7	0	0	0.0	0.0	Optional(false)	SC Ethernet; hardware provider IOEthernetInterface/AppleUSBDeviceNCMData/IOUSBDeviceInterface/AppleT8122USBXDCI/AppleARMIODevice/AppleH15IO/IOPlatformDevice/AppleARMPE/IOPlatformExpertDevice/IORegistryEntry
interface	2026-10-03T03:50:18.369Z	965143.6279231667	upload-load	Instant(_value: 3040546.858661458 seconds)	0	2	94	0	26	94	physicalEthernet	en6#9#4294970236#8	0	0	0.0	0.0	Optional(false)	SC Ethernet; hardware provider IOEthernetInterface/AppleUSBDeviceNCMData/IOUSBDeviceInterface/AppleT8122USBXDCI/AppleARMIODevice/AppleH15IO/IOPlatformDevice/AppleARMPE/IOPlatformExpertDevice/IORegistryEntry
interface	2026-10-03T03:50:18.369Z	965143.6279231667	upload-load	Instant(_value: 3040546.858661458 seconds)	0	2	94	0	26	94	physicalEthernet	en1#10#4294970312#9	0	0	0.0	0.0	Optional(false)	SC Ethernet; hardware provider IOEthernetInterface/AppleThunderboltIPPort/AppleThunderboltIPService/IOThunderboltLocalNode/IOThunderboltControllerType5/AppleThunderboltNHIType5/AppleThunderboltHALType5/AppleARMIODevice/AppleH15IO/IOPlatformDevice/AppleARMPE/IOPlatformExpertDevice/IORegistryEntry
interface	2026-10-03T03:50:18.369Z	965143.6279231667	upload-load	Instant(_value: 3040546.858661458 seconds)	0	2	94	0	26	94	physicalEthernet	en2#11#4294970264#10	0	0	0.0	0.0	Optional(false)	SC Ethernet; hardware provider IOEthernetInterface/AppleThunderboltIPPort/AppleThunderboltIPService/IOThunderboltLocalNode/IOThunderboltControllerType5/AppleThunderboltNHIType5/AppleThunderboltHALType5/AppleARMIODevice/AppleH15IO/IOPlatformDevice/AppleARMPE/IOPlatformExpertDevice/IORegistryEntry
interface	2026-10-03T03:50:18.369Z	965143.6279231667	upload-load	Instant(_value: 3040546.858661458 seconds)	0	2	94	0	26	94	physicalEthernet	en3#12#4294970379#11	0	0	0.0	0.0	Optional(false)	SC Ethernet; hardware provider IOEthernetInterface/AppleThunderboltIPPort/AppleThunderboltIPService/IOThunderboltLocalNode/IOThunderboltControllerType5/AppleThunderboltNHIType5/AppleThunderboltHALType5/AppleARMIODevice/AppleH15IO/IOPlatformDevice/AppleARMPE/IOPlatformExpertDevice/IORegistryEntry
interface	2026-10-03T03:50:18.369Z	965143.6279231667	upload-load	Instant(_value: 3040546.858661458 seconds)	0	2	94	0	26	94	logical	bridge0#15#nil#12	0	0	0.0	0.0	Optional(false)	route link type=209
interface	2026-10-03T03:50:18.369Z	965143.6279231667	upload-load	Instant(_value: 3040546.858661458 seconds)	0	2	94	0	26	94	unknown	ap1#13#nil#13	0	0	0.0	0.0	nil	IORegistry provider unavailable; SC type=
interface	2026-10-03T03:50:18.369Z	965143.6279231667	upload-load	Instant(_value: 3040546.858661458 seconds)	0	2	94	0	26	94	physicalWiFi	en0#14#4294971925#14	3211074560	2037679104	353804.9860577209	2111133.883749376	Optional(true)	SC Wi-Fi; hardware provider IOSkywalkLegacyEthernetInterface/IO80211Controller/IOUserNetworkWLAN/IOUserService/IOUserService/IOPCIDevice/ApplePCIEHostBridge/IOPCIDevice/AppleT6031PCIe/AppleARMIODevice/AppleH15IO/IOPlatformDevice/AppleARMPE/IOPlatformExpertDevice/IORegistryEntry
interface	2026-10-03T03:50:18.369Z	965143.6279231667	upload-load	Instant(_value: 3040546.858661458 seconds)	0	2	94	0	26	94	virtual	awdl0#16#nil#15	8599552	8556544	0.0	0.0	Optional(true)	SIOCGIFFUNCTIONALTYPE=4
interface	2026-10-03T03:50:18.369Z	965143.6279231667	upload-load	Instant(_value: 3040546.858661458 seconds)	0	2	94	0	26	94	unknown	llw0#17#nil#16	0	0	0.0	0.0	nil	IORegistry provider unavailable; SC type=
interface	2026-10-03T03:50:18.369Z	965143.6279231667	upload-load	Instant(_value: 3040546.858661458 seconds)	0	2	94	0	26	94	tunnel	utun0#18#nil#17	0	0	0.0	0.0	nil	tunnel name; VPN service unconfirmed
interface	2026-10-03T03:50:18.369Z	965143.6279231667	upload-load	Instant(_value: 3040546.858661458 seconds)	0	2	94	0	26	94	tunnel	utun1#19#nil#18	0	8192	0.0	0.0	nil	tunnel name; VPN service unconfirmed
interface	2026-10-03T03:50:18.369Z	965143.6279231667	upload-load	Instant(_value: 3040546.858661458 seconds)	0	2	94	0	26	94	tunnel	utun2#20#nil#19	0	8192	0.0	0.0	nil	tunnel name; VPN service unconfirmed
interface	2026-10-03T03:50:18.369Z	965143.6279231667	upload-load	Instant(_value: 3040546.858661458 seconds)	0	2	94	0	26	94	tunnel	utun3#21#nil#20	0	8192	0.0	0.0	nil	tunnel name; VPN service unconfirmed
interface	2026-10-03T03:50:18.369Z	965143.6279231667	upload-load	Instant(_value: 3040546.858661458 seconds)	0	2	94	0	26	94	tunnel	utun4#24#nil#21	9216	4096	0.0	0.0	nil	tunnel name; VPN service unconfirmed
interface	2026-10-03T03:50:18.369Z	965143.6279231667	upload-load	Instant(_value: 3040546.858661458 seconds)	0	2	94	0	26	94	tunnel	utun5#25#nil#22	166912	143360	0.0	0.0	nil	tunnel name; VPN service unconfirmed
interface	2026-10-03T03:50:18.369Z	965143.6279231667	upload-load	Instant(_value: 3040546.858661458 seconds)	0	2	94	0	26	94	tunnel	utun6#26#nil#23	0	8192	0.0	0.0	nil	tunnel name; VPN service unconfirmed
interface	2026-10-03T03:50:18.369Z	965143.6279231667	upload-load	Instant(_value: 3040546.858661458 seconds)	0	2	94	0	26	94	tunnel	utun7#27#nil#24	0	8192	0.0	0.0	nil	tunnel name; VPN service unconfirmed
interface	2026-10-03T03:50:18.369Z	965143.6279231667	upload-load	Instant(_value: 3040546.858661458 seconds)	0	2	94	0	26	94	virtual	vmenet0#22#4295372070#25	5120	1833984	0.0	0.0	Optional(true)	virtual provider IOUserEthernetInterface/IOUserEthernetController/IOUserEthernetResourceUserClient/IOUserEthernetResource/IOResources/IOPlatformExpertDevice/IORegistryEntry
interface	2026-10-03T03:50:18.369Z	965143.6279231667	upload-load	Instant(_value: 3040546.858661458 seconds)	0	2	94	0	26	94	logical	bridge100#23#nil#26	0	3668992	0.0	0.0	Optional(true)	route link type=209
delivery	2026-10-03T03:50:18.369Z	965143.6279231667	upload-load	Instant(_value: 3040546.858661458 seconds)	0	2	94	0	26	94	delivered	networkActivity						sameReadAt=true
card	2026-10-03T03:50:18.369Z	965143.6279231667	upload-load	Optional(Swift.ContinuousClock.Instant(_value: 3040546.858661458 seconds))					26		partial("물리 대상의 식별·연결·속도 일부를 확인하지 못했습니다")	NetworkCard			353804.9860577209	2111133.883749376	true	Network 카드, 일부 수집 실패: 물리 대상의 식별·연결·속도 일부를 확인하지 못했습니다, 확인된 일부 합계 다운로드 345.5 KB/s, 업로드 2.0 MB/s, 일부 수집 실패: 대상 identity 또는 물리 정보 일부 미확인
sample	2026-10-03T03:50:19.431Z	965144.6903483334	upload-load	Instant(_value: 3040547.8383205 seconds)	0	2	95	0	26	95	partial("물리 대상의 식별·연결·속도 일부를 확인하지 못했습니다")	knownPhysical			363751.0447231701	2251493.535441691	false	representativeRX=-1.0;representativeTX=-1.0
interface	2026-10-03T03:50:19.431Z	965144.6903483334	upload-load	Instant(_value: 3040547.8383205 seconds)	0	2	95	0	26	95	tunnel	gif0#2#nil#1	0	0	0.0	0.0	nil	route tunnel link type=55
interface	2026-10-03T03:50:19.431Z	965144.6903483334	upload-load	Instant(_value: 3040547.8383205 seconds)	0	2	95	0	26	95	tunnel	stf0#3#nil#2	0	0	0.0	0.0	nil	route tunnel link type=57
interface	2026-10-03T03:50:19.431Z	965144.6903483334	upload-load	Instant(_value: 3040547.8383205 seconds)	0	2	95	0	26	95	virtual	anpi1#4#4294970237#3	0	0	0.0	0.0	Optional(false)	private auxiliary network interface AppleUSBDeviceNCMPrivateEthernetInterface/AppleUSBDeviceNCMData/IOUSBDeviceInterface/AppleT8122USBXDCI/AppleARMIODevice/AppleH15IO/IOPlatformDevice/AppleARMPE/IOPlatformExpertDevice/IORegistryEntry
interface	2026-10-03T03:50:19.431Z	965144.6903483334	upload-load	Instant(_value: 3040547.8383205 seconds)	0	2	95	0	26	95	virtual	anpi2#5#4294970293#4	0	0	0.0	0.0	Optional(false)	private auxiliary network interface AppleUSBDeviceNCMPrivateEthernetInterface/AppleUSBDeviceNCMData/IOUSBDeviceInterface/AppleT8122USBXDCI/AppleARMIODevice/AppleH15IO/IOPlatformDevice/AppleARMPE/IOPlatformExpertDevice/IORegistryEntry
interface	2026-10-03T03:50:19.431Z	965144.6903483334	upload-load	Instant(_value: 3040547.8383205 seconds)	0	2	95	0	26	95	virtual	anpi0#6#4294970305#5	0	0	0.0	0.0	Optional(false)	private auxiliary network interface AppleUSBDeviceNCMPrivateEthernetInterface/AppleUSBDeviceNCMData/IOUSBDeviceInterface/AppleT8122USBXDCI/AppleARMIODevice/AppleH15IO/IOPlatformDevice/AppleARMPE/IOPlatformExpertDevice/IORegistryEntry
interface	2026-10-03T03:50:19.431Z	965144.6903483334	upload-load	Instant(_value: 3040547.8383205 seconds)	0	2	95	0	26	95	physicalEthernet	en4#7#4294970257#6	0	0	0.0	0.0	Optional(false)	SC Ethernet; hardware provider IOEthernetInterface/AppleUSBDeviceNCMData/IOUSBDeviceInterface/AppleT8122USBXDCI/AppleARMIODevice/AppleH15IO/IOPlatformDevice/AppleARMPE/IOPlatformExpertDevice/IORegistryEntry
interface	2026-10-03T03:50:19.431Z	965144.6903483334	upload-load	Instant(_value: 3040547.8383205 seconds)	0	2	95	0	26	95	physicalEthernet	en5#8#4294970175#7	0	0	0.0	0.0	Optional(false)	SC Ethernet; hardware provider IOEthernetInterface/AppleUSBDeviceNCMData/IOUSBDeviceInterface/AppleT8122USBXDCI/AppleARMIODevice/AppleH15IO/IOPlatformDevice/AppleARMPE/IOPlatformExpertDevice/IORegistryEntry
interface	2026-10-03T03:50:19.431Z	965144.6903483334	upload-load	Instant(_value: 3040547.8383205 seconds)	0	2	95	0	26	95	physicalEthernet	en6#9#4294970236#8	0	0	0.0	0.0	Optional(false)	SC Ethernet; hardware provider IOEthernetInterface/AppleUSBDeviceNCMData/IOUSBDeviceInterface/AppleT8122USBXDCI/AppleARMIODevice/AppleH15IO/IOPlatformDevice/AppleARMPE/IOPlatformExpertDevice/IORegistryEntry
interface	2026-10-03T03:50:19.431Z	965144.6903483334	upload-load	Instant(_value: 3040547.8383205 seconds)	0	2	95	0	26	95	physicalEthernet	en1#10#4294970312#9	0	0	0.0	0.0	Optional(false)	SC Ethernet; hardware provider IOEthernetInterface/AppleThunderboltIPPort/AppleThunderboltIPService/IOThunderboltLocalNode/IOThunderboltControllerType5/AppleThunderboltNHIType5/AppleThunderboltHALType5/AppleARMIODevice/AppleH15IO/IOPlatformDevice/AppleARMPE/IOPlatformExpertDevice/IORegistryEntry
interface	2026-10-03T03:50:19.431Z	965144.6903483334	upload-load	Instant(_value: 3040547.8383205 seconds)	0	2	95	0	26	95	physicalEthernet	en2#11#4294970264#10	0	0	0.0	0.0	Optional(false)	SC Ethernet; hardware provider IOEthernetInterface/AppleThunderboltIPPort/AppleThunderboltIPService/IOThunderboltLocalNode/IOThunderboltControllerType5/AppleThunderboltNHIType5/AppleThunderboltHALType5/AppleARMIODevice/AppleH15IO/IOPlatformDevice/AppleARMPE/IOPlatformExpertDevice/IORegistryEntry
interface	2026-10-03T03:50:19.431Z	965144.6903483334	upload-load	Instant(_value: 3040547.8383205 seconds)	0	2	95	0	26	95	physicalEthernet	en3#12#4294970379#11	0	0	0.0	0.0	Optional(false)	SC Ethernet; hardware provider IOEthernetInterface/AppleThunderboltIPPort/AppleThunderboltIPService/IOThunderboltLocalNode/IOThunderboltControllerType5/AppleThunderboltNHIType5/AppleThunderboltHALType5/AppleARMIODevice/AppleH15IO/IOPlatformDevice/AppleARMPE/IOPlatformExpertDevice/IORegistryEntry
interface	2026-10-03T03:50:19.431Z	965144.6903483334	upload-load	Instant(_value: 3040547.8383205 seconds)	0	2	95	0	26	95	logical	bridge0#15#nil#12	0	0	0.0	0.0	Optional(false)	route link type=209
interface	2026-10-03T03:50:19.431Z	965144.6903483334	upload-load	Instant(_value: 3040547.8383205 seconds)	0	2	95	0	26	95	unknown	ap1#13#nil#13	0	0	0.0	0.0	nil	IORegistry provider unavailable; SC type=
interface	2026-10-03T03:50:19.431Z	965144.6903483334	upload-load	Instant(_value: 3040547.8383205 seconds)	0	2	95	0	26	95	physicalWiFi	en0#14#4294971925#14	3211430912	2039884800	363751.0447231701	2251493.535441691	Optional(true)	SC Wi-Fi; hardware provider IOSkywalkLegacyEthernetInterface/IO80211Controller/IOUserNetworkWLAN/IOUserService/IOUserService/IOPCIDevice/ApplePCIEHostBridge/IOPCIDevice/AppleT6031PCIe/AppleARMIODevice/AppleH15IO/IOPlatformDevice/AppleARMPE/IOPlatformExpertDevice/IORegistryEntry
interface	2026-10-03T03:50:19.431Z	965144.6903483334	upload-load	Instant(_value: 3040547.8383205 seconds)	0	2	95	0	26	95	virtual	awdl0#16#nil#15	8599552	8556544	0.0	0.0	Optional(true)	SIOCGIFFUNCTIONALTYPE=4
interface	2026-10-03T03:50:19.431Z	965144.6903483334	upload-load	Instant(_value: 3040547.8383205 seconds)	0	2	95	0	26	95	unknown	llw0#17#nil#16	0	0	0.0	0.0	nil	IORegistry provider unavailable; SC type=
interface	2026-10-03T03:50:19.431Z	965144.6903483334	upload-load	Instant(_value: 3040547.8383205 seconds)	0	2	95	0	26	95	tunnel	utun0#18#nil#17	0	0	0.0	0.0	nil	tunnel name; VPN service unconfirmed
interface	2026-10-03T03:50:19.431Z	965144.6903483334	upload-load	Instant(_value: 3040547.8383205 seconds)	0	2	95	0	26	95	tunnel	utun1#19#nil#18	0	8192	0.0	0.0	nil	tunnel name; VPN service unconfirmed
interface	2026-10-03T03:50:19.431Z	965144.6903483334	upload-load	Instant(_value: 3040547.8383205 seconds)	0	2	95	0	26	95	tunnel	utun2#20#nil#19	0	8192	0.0	0.0	nil	tunnel name; VPN service unconfirmed
interface	2026-10-03T03:50:19.431Z	965144.6903483334	upload-load	Instant(_value: 3040547.8383205 seconds)	0	2	95	0	26	95	tunnel	utun3#21#nil#20	0	8192	0.0	0.0	nil	tunnel name; VPN service unconfirmed
interface	2026-10-03T03:50:19.431Z	965144.6903483334	upload-load	Instant(_value: 3040547.8383205 seconds)	0	2	95	0	26	95	tunnel	utun4#24#nil#21	9216	4096	0.0	0.0	nil	tunnel name; VPN service unconfirmed
interface	2026-10-03T03:50:19.431Z	965144.6903483334	upload-load	Instant(_value: 3040547.8383205 seconds)	0	2	95	0	26	95	tunnel	utun5#25#nil#22	166912	143360	0.0	0.0	nil	tunnel name; VPN service unconfirmed
interface	2026-10-03T03:50:19.431Z	965144.6903483334	upload-load	Instant(_value: 3040547.8383205 seconds)	0	2	95	0	26	95	tunnel	utun6#26#nil#23	0	8192	0.0	0.0	nil	tunnel name; VPN service unconfirmed
interface	2026-10-03T03:50:19.431Z	965144.6903483334	upload-load	Instant(_value: 3040547.8383205 seconds)	0	2	95	0	26	95	tunnel	utun7#27#nil#24	0	8192	0.0	0.0	nil	tunnel name; VPN service unconfirmed
interface	2026-10-03T03:50:19.431Z	965144.6903483334	upload-load	Instant(_value: 3040547.8383205 seconds)	0	2	95	0	26	95	virtual	vmenet0#22#4295372070#25	5120	1833984	0.0	0.0	Optional(true)	virtual provider IOUserEthernetInterface/IOUserEthernetController/IOUserEthernetResourceUserClient/IOUserEthernetResource/IOResources/IOPlatformExpertDevice/IORegistryEntry
interface	2026-10-03T03:50:19.431Z	965144.6903483334	upload-load	Instant(_value: 3040547.8383205 seconds)	0	2	95	0	26	95	logical	bridge100#23#nil#26	0	3668992	0.0	0.0	Optional(true)	route link type=209
delivery	2026-10-03T03:50:19.431Z	965144.6903483334	upload-load	Instant(_value: 3040547.8383205 seconds)	0	2	95	0	26	95	delivered	networkActivity						sameReadAt=true
card	2026-10-03T03:50:19.431Z	965144.6903483334	upload-load	Optional(Swift.ContinuousClock.Instant(_value: 3040547.8383205 seconds))					26		partial("물리 대상의 식별·연결·속도 일부를 확인하지 못했습니다")	NetworkCard			363751.0447231701	2251493.535441691	true	Network 카드, 일부 수집 실패: 물리 대상의 식별·연결·속도 일부를 확인하지 못했습니다, 확인된 일부 합계 다운로드 355.2 KB/s, 업로드 2.1 MB/s, 일부 수집 실패: 대상 identity 또는 물리 정보 일부 미확인
sample	2026-10-03T03:50:20.480Z	965145.7392937083	upload-load	Instant(_value: 3040548.8505776664 seconds)	0	2	96	0	26	96	partial("물리 대상의 식별·연결·속도 일부를 확인하지 못했습니다")	knownPhysical			353048.62440460117	2176964.5837212084	false	representativeRX=-1.0;representativeTX=-1.0
interface	2026-10-03T03:50:20.480Z	965145.7392937083	upload-load	Instant(_value: 3040548.8505776664 seconds)	0	2	96	0	26	96	tunnel	gif0#2#nil#1	0	0	0.0	0.0	nil	route tunnel link type=55
interface	2026-10-03T03:50:20.480Z	965145.7392937083	upload-load	Instant(_value: 3040548.8505776664 seconds)	0	2	96	0	26	96	tunnel	stf0#3#nil#2	0	0	0.0	0.0	nil	route tunnel link type=57
interface	2026-10-03T03:50:20.480Z	965145.7392937083	upload-load	Instant(_value: 3040548.8505776664 seconds)	0	2	96	0	26	96	virtual	anpi1#4#4294970237#3	0	0	0.0	0.0	Optional(false)	private auxiliary network interface AppleUSBDeviceNCMPrivateEthernetInterface/AppleUSBDeviceNCMData/IOUSBDeviceInterface/AppleT8122USBXDCI/AppleARMIODevice/AppleH15IO/IOPlatformDevice/AppleARMPE/IOPlatformExpertDevice/IORegistryEntry
interface	2026-10-03T03:50:20.480Z	965145.7392937083	upload-load	Instant(_value: 3040548.8505776664 seconds)	0	2	96	0	26	96	virtual	anpi2#5#4294970293#4	0	0	0.0	0.0	Optional(false)	private auxiliary network interface AppleUSBDeviceNCMPrivateEthernetInterface/AppleUSBDeviceNCMData/IOUSBDeviceInterface/AppleT8122USBXDCI/AppleARMIODevice/AppleH15IO/IOPlatformDevice/AppleARMPE/IOPlatformExpertDevice/IORegistryEntry
interface	2026-10-03T03:50:20.480Z	965145.7392937083	upload-load	Instant(_value: 3040548.8505776664 seconds)	0	2	96	0	26	96	virtual	anpi0#6#4294970305#5	0	0	0.0	0.0	Optional(false)	private auxiliary network interface AppleUSBDeviceNCMPrivateEthernetInterface/AppleUSBDeviceNCMData/IOUSBDeviceInterface/AppleT8122USBXDCI/AppleARMIODevice/AppleH15IO/IOPlatformDevice/AppleARMPE/IOPlatformExpertDevice/IORegistryEntry
interface	2026-10-03T03:50:20.480Z	965145.7392937083	upload-load	Instant(_value: 3040548.8505776664 seconds)	0	2	96	0	26	96	physicalEthernet	en4#7#4294970257#6	0	0	0.0	0.0	Optional(false)	SC Ethernet; hardware provider IOEthernetInterface/AppleUSBDeviceNCMData/IOUSBDeviceInterface/AppleT8122USBXDCI/AppleARMIODevice/AppleH15IO/IOPlatformDevice/AppleARMPE/IOPlatformExpertDevice/IORegistryEntry
interface	2026-10-03T03:50:20.480Z	965145.7392937083	upload-load	Instant(_value: 3040548.8505776664 seconds)	0	2	96	0	26	96	physicalEthernet	en5#8#4294970175#7	0	0	0.0	0.0	Optional(false)	SC Ethernet; hardware provider IOEthernetInterface/AppleUSBDeviceNCMData/IOUSBDeviceInterface/AppleT8122USBXDCI/AppleARMIODevice/AppleH15IO/IOPlatformDevice/AppleARMPE/IOPlatformExpertDevice/IORegistryEntry
interface	2026-10-03T03:50:20.480Z	965145.7392937083	upload-load	Instant(_value: 3040548.8505776664 seconds)	0	2	96	0	26	96	physicalEthernet	en6#9#4294970236#8	0	0	0.0	0.0	Optional(false)	SC Ethernet; hardware provider IOEthernetInterface/AppleUSBDeviceNCMData/IOUSBDeviceInterface/AppleT8122USBXDCI/AppleARMIODevice/AppleH15IO/IOPlatformDevice/AppleARMPE/IOPlatformExpertDevice/IORegistryEntry
interface	2026-10-03T03:50:20.480Z	965145.7392937083	upload-load	Instant(_value: 3040548.8505776664 seconds)	0	2	96	0	26	96	physicalEthernet	en1#10#4294970312#9	0	0	0.0	0.0	Optional(false)	SC Ethernet; hardware provider IOEthernetInterface/AppleThunderboltIPPort/AppleThunderboltIPService/IOThunderboltLocalNode/IOThunderboltControllerType5/AppleThunderboltNHIType5/AppleThunderboltHALType5/AppleARMIODevice/AppleH15IO/IOPlatformDevice/AppleARMPE/IOPlatformExpertDevice/IORegistryEntry
interface	2026-10-03T03:50:20.480Z	965145.7392937083	upload-load	Instant(_value: 3040548.8505776664 seconds)	0	2	96	0	26	96	physicalEthernet	en2#11#4294970264#10	0	0	0.0	0.0	Optional(false)	SC Ethernet; hardware provider IOEthernetInterface/AppleThunderboltIPPort/AppleThunderboltIPService/IOThunderboltLocalNode/IOThunderboltControllerType5/AppleThunderboltNHIType5/AppleThunderboltHALType5/AppleARMIODevice/AppleH15IO/IOPlatformDevice/AppleARMPE/IOPlatformExpertDevice/IORegistryEntry
interface	2026-10-03T03:50:20.480Z	965145.7392937083	upload-load	Instant(_value: 3040548.8505776664 seconds)	0	2	96	0	26	96	physicalEthernet	en3#12#4294970379#11	0	0	0.0	0.0	Optional(false)	SC Ethernet; hardware provider IOEthernetInterface/AppleThunderboltIPPort/AppleThunderboltIPService/IOThunderboltLocalNode/IOThunderboltControllerType5/AppleThunderboltNHIType5/AppleThunderboltHALType5/AppleARMIODevice/AppleH15IO/IOPlatformDevice/AppleARMPE/IOPlatformExpertDevice/IORegistryEntry
interface	2026-10-03T03:50:20.480Z	965145.7392937083	upload-load	Instant(_value: 3040548.8505776664 seconds)	0	2	96	0	26	96	logical	bridge0#15#nil#12	0	0	0.0	0.0	Optional(false)	route link type=209
interface	2026-10-03T03:50:20.480Z	965145.7392937083	upload-load	Instant(_value: 3040548.8505776664 seconds)	0	2	96	0	26	96	unknown	ap1#13#nil#13	0	0	0.0	0.0	nil	IORegistry provider unavailable; SC type=
interface	2026-10-03T03:50:20.480Z	965145.7392937083	upload-load	Instant(_value: 3040548.8505776664 seconds)	0	2	96	0	26	96	physicalWiFi	en0#14#4294971925#14	3211788288	2042088448	353048.62440460117	2176964.5837212084	Optional(true)	SC Wi-Fi; hardware provider IOSkywalkLegacyEthernetInterface/IO80211Controller/IOUserNetworkWLAN/IOUserService/IOUserService/IOPCIDevice/ApplePCIEHostBridge/IOPCIDevice/AppleT6031PCIe/AppleARMIODevice/AppleH15IO/IOPlatformDevice/AppleARMPE/IOPlatformExpertDevice/IORegistryEntry
interface	2026-10-03T03:50:20.480Z	965145.7392937083	upload-load	Instant(_value: 3040548.8505776664 seconds)	0	2	96	0	26	96	virtual	awdl0#16#nil#15	8599552	8556544	0.0	0.0	Optional(true)	SIOCGIFFUNCTIONALTYPE=4
interface	2026-10-03T03:50:20.480Z	965145.7392937083	upload-load	Instant(_value: 3040548.8505776664 seconds)	0	2	96	0	26	96	unknown	llw0#17#nil#16	0	0	0.0	0.0	nil	IORegistry provider unavailable; SC type=
interface	2026-10-03T03:50:20.480Z	965145.7392937083	upload-load	Instant(_value: 3040548.8505776664 seconds)	0	2	96	0	26	96	tunnel	utun0#18#nil#17	0	0	0.0	0.0	nil	tunnel name; VPN service unconfirmed
interface	2026-10-03T03:50:20.480Z	965145.7392937083	upload-load	Instant(_value: 3040548.8505776664 seconds)	0	2	96	0	26	96	tunnel	utun1#19#nil#18	0	8192	0.0	0.0	nil	tunnel name; VPN service unconfirmed
interface	2026-10-03T03:50:20.480Z	965145.7392937083	upload-load	Instant(_value: 3040548.8505776664 seconds)	0	2	96	0	26	96	tunnel	utun2#20#nil#19	0	8192	0.0	0.0	nil	tunnel name; VPN service unconfirmed
interface	2026-10-03T03:50:20.480Z	965145.7392937083	upload-load	Instant(_value: 3040548.8505776664 seconds)	0	2	96	0	26	96	tunnel	utun3#21#nil#20	0	8192	0.0	0.0	nil	tunnel name; VPN service unconfirmed
interface	2026-10-03T03:50:20.480Z	965145.7392937083	upload-load	Instant(_value: 3040548.8505776664 seconds)	0	2	96	0	26	96	tunnel	utun4#24#nil#21	9216	4096	0.0	0.0	nil	tunnel name; VPN service unconfirmed
interface	2026-10-03T03:50:20.480Z	965145.7392937083	upload-load	Instant(_value: 3040548.8505776664 seconds)	0	2	96	0	26	96	tunnel	utun5#25#nil#22	166912	143360	0.0	0.0	nil	tunnel name; VPN service unconfirmed
interface	2026-10-03T03:50:20.480Z	965145.7392937083	upload-load	Instant(_value: 3040548.8505776664 seconds)	0	2	96	0	26	96	tunnel	utun6#26#nil#23	0	8192	0.0	0.0	nil	tunnel name; VPN service unconfirmed
interface	2026-10-03T03:50:20.480Z	965145.7392937083	upload-load	Instant(_value: 3040548.8505776664 seconds)	0	2	96	0	26	96	tunnel	utun7#27#nil#24	0	8192	0.0	0.0	nil	tunnel name; VPN service unconfirmed
interface	2026-10-03T03:50:20.480Z	965145.7392937083	upload-load	Instant(_value: 3040548.8505776664 seconds)	0	2	96	0	26	96	virtual	vmenet0#22#4295372070#25	5120	1833984	0.0	0.0	Optional(true)	virtual provider IOUserEthernetInterface/IOUserEthernetController/IOUserEthernetResourceUserClient/IOUserEthernetResource/IOResources/IOPlatformExpertDevice/IORegistryEntry
interface	2026-10-03T03:50:20.480Z	965145.7392937083	upload-load	Instant(_value: 3040548.8505776664 seconds)	0	2	96	0	26	96	logical	bridge100#23#nil#26	0	3668992	0.0	0.0	Optional(true)	route link type=209
delivery	2026-10-03T03:50:20.480Z	965145.7392937083	upload-load	Instant(_value: 3040548.8505776664 seconds)	0	2	96	0	26	96	delivered	networkActivity						sameReadAt=true
card	2026-10-03T03:50:20.480Z	965145.7392937083	upload-load	Optional(Swift.ContinuousClock.Instant(_value: 3040548.8505776664 seconds))					26		partial("물리 대상의 식별·연결·속도 일부를 확인하지 못했습니다")	NetworkCard			353048.62440460117	2176964.5837212084	true	Network 카드, 일부 수집 실패: 물리 대상의 식별·연결·속도 일부를 확인하지 못했습니다, 확인된 일부 합계 다운로드 344.8 KB/s, 업로드 2.1 MB/s, 일부 수집 실패: 대상 identity 또는 물리 정보 일부 미확인
sample	2026-10-03T03:50:21.487Z	965146.7468604584	upload-load	Instant(_value: 3040549.800956458 seconds)	0	2	97	0	26	97	partial("물리 대상의 식별·연결·속도 일부를 확인하지 못했습니다")	knownPhysical			365260.67597686884	2319782.4052454233	false	representativeRX=-1.0;representativeTX=-1.0
interface	2026-10-03T03:50:21.487Z	965146.7468604584	upload-load	Instant(_value: 3040549.800956458 seconds)	0	2	97	0	26	97	tunnel	gif0#2#nil#1	0	0	0.0	0.0	nil	route tunnel link type=55
interface	2026-10-03T03:50:21.487Z	965146.7468604584	upload-load	Instant(_value: 3040549.800956458 seconds)	0	2	97	0	26	97	tunnel	stf0#3#nil#2	0	0	0.0	0.0	nil	route tunnel link type=57
interface	2026-10-03T03:50:21.487Z	965146.7468604584	upload-load	Instant(_value: 3040549.800956458 seconds)	0	2	97	0	26	97	virtual	anpi1#4#4294970237#3	0	0	0.0	0.0	Optional(false)	private auxiliary network interface AppleUSBDeviceNCMPrivateEthernetInterface/AppleUSBDeviceNCMData/IOUSBDeviceInterface/AppleT8122USBXDCI/AppleARMIODevice/AppleH15IO/IOPlatformDevice/AppleARMPE/IOPlatformExpertDevice/IORegistryEntry
interface	2026-10-03T03:50:21.487Z	965146.7468604584	upload-load	Instant(_value: 3040549.800956458 seconds)	0	2	97	0	26	97	virtual	anpi2#5#4294970293#4	0	0	0.0	0.0	Optional(false)	private auxiliary network interface AppleUSBDeviceNCMPrivateEthernetInterface/AppleUSBDeviceNCMData/IOUSBDeviceInterface/AppleT8122USBXDCI/AppleARMIODevice/AppleH15IO/IOPlatformDevice/AppleARMPE/IOPlatformExpertDevice/IORegistryEntry
interface	2026-10-03T03:50:21.487Z	965146.7468604584	upload-load	Instant(_value: 3040549.800956458 seconds)	0	2	97	0	26	97	virtual	anpi0#6#4294970305#5	0	0	0.0	0.0	Optional(false)	private auxiliary network interface AppleUSBDeviceNCMPrivateEthernetInterface/AppleUSBDeviceNCMData/IOUSBDeviceInterface/AppleT8122USBXDCI/AppleARMIODevice/AppleH15IO/IOPlatformDevice/AppleARMPE/IOPlatformExpertDevice/IORegistryEntry
interface	2026-10-03T03:50:21.487Z	965146.7468604584	upload-load	Instant(_value: 3040549.800956458 seconds)	0	2	97	0	26	97	physicalEthernet	en4#7#4294970257#6	0	0	0.0	0.0	Optional(false)	SC Ethernet; hardware provider IOEthernetInterface/AppleUSBDeviceNCMData/IOUSBDeviceInterface/AppleT8122USBXDCI/AppleARMIODevice/AppleH15IO/IOPlatformDevice/AppleARMPE/IOPlatformExpertDevice/IORegistryEntry
interface	2026-10-03T03:50:21.487Z	965146.7468604584	upload-load	Instant(_value: 3040549.800956458 seconds)	0	2	97	0	26	97	physicalEthernet	en5#8#4294970175#7	0	0	0.0	0.0	Optional(false)	SC Ethernet; hardware provider IOEthernetInterface/AppleUSBDeviceNCMData/IOUSBDeviceInterface/AppleT8122USBXDCI/AppleARMIODevice/AppleH15IO/IOPlatformDevice/AppleARMPE/IOPlatformExpertDevice/IORegistryEntry
interface	2026-10-03T03:50:21.487Z	965146.7468604584	upload-load	Instant(_value: 3040549.800956458 seconds)	0	2	97	0	26	97	physicalEthernet	en6#9#4294970236#8	0	0	0.0	0.0	Optional(false)	SC Ethernet; hardware provider IOEthernetInterface/AppleUSBDeviceNCMData/IOUSBDeviceInterface/AppleT8122USBXDCI/AppleARMIODevice/AppleH15IO/IOPlatformDevice/AppleARMPE/IOPlatformExpertDevice/IORegistryEntry
interface	2026-10-03T03:50:21.487Z	965146.7468604584	upload-load	Instant(_value: 3040549.800956458 seconds)	0	2	97	0	26	97	physicalEthernet	en1#10#4294970312#9	0	0	0.0	0.0	Optional(false)	SC Ethernet; hardware provider IOEthernetInterface/AppleThunderboltIPPort/AppleThunderboltIPService/IOThunderboltLocalNode/IOThunderboltControllerType5/AppleThunderboltNHIType5/AppleThunderboltHALType5/AppleARMIODevice/AppleH15IO/IOPlatformDevice/AppleARMPE/IOPlatformExpertDevice/IORegistryEntry
interface	2026-10-03T03:50:21.487Z	965146.7468604584	upload-load	Instant(_value: 3040549.800956458 seconds)	0	2	97	0	26	97	physicalEthernet	en2#11#4294970264#10	0	0	0.0	0.0	Optional(false)	SC Ethernet; hardware provider IOEthernetInterface/AppleThunderboltIPPort/AppleThunderboltIPService/IOThunderboltLocalNode/IOThunderboltControllerType5/AppleThunderboltNHIType5/AppleThunderboltHALType5/AppleARMIODevice/AppleH15IO/IOPlatformDevice/AppleARMPE/IOPlatformExpertDevice/IORegistryEntry
interface	2026-10-03T03:50:21.487Z	965146.7468604584	upload-load	Instant(_value: 3040549.800956458 seconds)	0	2	97	0	26	97	physicalEthernet	en3#12#4294970379#11	0	0	0.0	0.0	Optional(false)	SC Ethernet; hardware provider IOEthernetInterface/AppleThunderboltIPPort/AppleThunderboltIPService/IOThunderboltLocalNode/IOThunderboltControllerType5/AppleThunderboltNHIType5/AppleThunderboltHALType5/AppleARMIODevice/AppleH15IO/IOPlatformDevice/AppleARMPE/IOPlatformExpertDevice/IORegistryEntry
interface	2026-10-03T03:50:21.487Z	965146.7468604584	upload-load	Instant(_value: 3040549.800956458 seconds)	0	2	97	0	26	97	logical	bridge0#15#nil#12	0	0	0.0	0.0	Optional(false)	route link type=209
interface	2026-10-03T03:50:21.487Z	965146.7468604584	upload-load	Instant(_value: 3040549.800956458 seconds)	0	2	97	0	26	97	unknown	ap1#13#nil#13	0	0	0.0	0.0	nil	IORegistry provider unavailable; SC type=
interface	2026-10-03T03:50:21.487Z	965146.7468604584	upload-load	Instant(_value: 3040549.800956458 seconds)	0	2	97	0	26	97	physicalWiFi	en0#14#4294971925#14	3212135424	2044293120	365260.67597686884	2319782.4052454233	Optional(true)	SC Wi-Fi; hardware provider IOSkywalkLegacyEthernetInterface/IO80211Controller/IOUserNetworkWLAN/IOUserService/IOUserService/IOPCIDevice/ApplePCIEHostBridge/IOPCIDevice/AppleT6031PCIe/AppleARMIODevice/AppleH15IO/IOPlatformDevice/AppleARMPE/IOPlatformExpertDevice/IORegistryEntry
interface	2026-10-03T03:50:21.487Z	965146.7468604584	upload-load	Instant(_value: 3040549.800956458 seconds)	0	2	97	0	26	97	virtual	awdl0#16#nil#15	8599552	8556544	0.0	0.0	Optional(true)	SIOCGIFFUNCTIONALTYPE=4
interface	2026-10-03T03:50:21.487Z	965146.7468604584	upload-load	Instant(_value: 3040549.800956458 seconds)	0	2	97	0	26	97	unknown	llw0#17#nil#16	0	0	0.0	0.0	nil	IORegistry provider unavailable; SC type=
interface	2026-10-03T03:50:21.487Z	965146.7468604584	upload-load	Instant(_value: 3040549.800956458 seconds)	0	2	97	0	26	97	tunnel	utun0#18#nil#17	0	0	0.0	0.0	nil	tunnel name; VPN service unconfirmed
interface	2026-10-03T03:50:21.487Z	965146.7468604584	upload-load	Instant(_value: 3040549.800956458 seconds)	0	2	97	0	26	97	tunnel	utun1#19#nil#18	0	8192	0.0	0.0	nil	tunnel name; VPN service unconfirmed
interface	2026-10-03T03:50:21.487Z	965146.7468604584	upload-load	Instant(_value: 3040549.800956458 seconds)	0	2	97	0	26	97	tunnel	utun2#20#nil#19	0	8192	0.0	0.0	nil	tunnel name; VPN service unconfirmed
interface	2026-10-03T03:50:21.487Z	965146.7468604584	upload-load	Instant(_value: 3040549.800956458 seconds)	0	2	97	0	26	97	tunnel	utun3#21#nil#20	0	8192	0.0	0.0	nil	tunnel name; VPN service unconfirmed
interface	2026-10-03T03:50:21.487Z	965146.7468604584	upload-load	Instant(_value: 3040549.800956458 seconds)	0	2	97	0	26	97	tunnel	utun4#24#nil#21	9216	4096	0.0	0.0	nil	tunnel name; VPN service unconfirmed
interface	2026-10-03T03:50:21.487Z	965146.7468604584	upload-load	Instant(_value: 3040549.800956458 seconds)	0	2	97	0	26	97	tunnel	utun5#25#nil#22	166912	143360	0.0	0.0	nil	tunnel name; VPN service unconfirmed
interface	2026-10-03T03:50:21.487Z	965146.7468604584	upload-load	Instant(_value: 3040549.800956458 seconds)	0	2	97	0	26	97	tunnel	utun6#26#nil#23	0	8192	0.0	0.0	nil	tunnel name; VPN service unconfirmed
interface	2026-10-03T03:50:21.487Z	965146.7468604584	upload-load	Instant(_value: 3040549.800956458 seconds)	0	2	97	0	26	97	tunnel	utun7#27#nil#24	0	8192	0.0	0.0	nil	tunnel name; VPN service unconfirmed
interface	2026-10-03T03:50:21.487Z	965146.7468604584	upload-load	Instant(_value: 3040549.800956458 seconds)	0	2	97	0	26	97	virtual	vmenet0#22#4295372070#25	5120	1833984	0.0	0.0	Optional(true)	virtual provider IOUserEthernetInterface/IOUserEthernetController/IOUserEthernetResourceUserClient/IOUserEthernetResource/IOResources/IOPlatformExpertDevice/IORegistryEntry
interface	2026-10-03T03:50:21.487Z	965146.7468604584	upload-load	Instant(_value: 3040549.800956458 seconds)	0	2	97	0	26	97	logical	bridge100#23#nil#26	0	3668992	0.0	0.0	Optional(true)	route link type=209
delivery	2026-10-03T03:50:21.487Z	965146.7468604584	upload-load	Instant(_value: 3040549.800956458 seconds)	0	2	97	0	26	97	delivered	networkActivity						sameReadAt=true
card	2026-10-03T03:50:21.487Z	965146.7468604584	upload-load	Optional(Swift.ContinuousClock.Instant(_value: 3040549.800956458 seconds))					26		partial("물리 대상의 식별·연결·속도 일부를 확인하지 못했습니다")	NetworkCard			365260.67597686884	2319782.4052454233	true	Network 카드, 일부 수집 실패: 물리 대상의 식별·연결·속도 일부를 확인하지 못했습니다, 확인된 일부 합계 다운로드 356.7 KB/s, 업로드 2.2 MB/s, 일부 수집 실패: 대상 identity 또는 물리 정보 일부 미확인
sample	2026-10-03T03:50:22.503Z	965147.76247425	upload-load	Instant(_value: 3040550.8105620826 seconds)	0	2	98	0	26	98	partial("물리 대상의 식별·연결·속도 일부를 확인하지 못했습니다")	knownPhysical			357018.6130846884	2183696.2328731082	false	representativeRX=-1.0;representativeTX=-1.0
interface	2026-10-03T03:50:22.503Z	965147.76247425	upload-load	Instant(_value: 3040550.8105620826 seconds)	0	2	98	0	26	98	tunnel	gif0#2#nil#1	0	0	0.0	0.0	nil	route tunnel link type=55
interface	2026-10-03T03:50:22.503Z	965147.76247425	upload-load	Instant(_value: 3040550.8105620826 seconds)	0	2	98	0	26	98	tunnel	stf0#3#nil#2	0	0	0.0	0.0	nil	route tunnel link type=57
interface	2026-10-03T03:50:22.503Z	965147.76247425	upload-load	Instant(_value: 3040550.8105620826 seconds)	0	2	98	0	26	98	virtual	anpi1#4#4294970237#3	0	0	0.0	0.0	Optional(false)	private auxiliary network interface AppleUSBDeviceNCMPrivateEthernetInterface/AppleUSBDeviceNCMData/IOUSBDeviceInterface/AppleT8122USBXDCI/AppleARMIODevice/AppleH15IO/IOPlatformDevice/AppleARMPE/IOPlatformExpertDevice/IORegistryEntry
interface	2026-10-03T03:50:22.503Z	965147.76247425	upload-load	Instant(_value: 3040550.8105620826 seconds)	0	2	98	0	26	98	virtual	anpi2#5#4294970293#4	0	0	0.0	0.0	Optional(false)	private auxiliary network interface AppleUSBDeviceNCMPrivateEthernetInterface/AppleUSBDeviceNCMData/IOUSBDeviceInterface/AppleT8122USBXDCI/AppleARMIODevice/AppleH15IO/IOPlatformDevice/AppleARMPE/IOPlatformExpertDevice/IORegistryEntry
interface	2026-10-03T03:50:22.503Z	965147.76247425	upload-load	Instant(_value: 3040550.8105620826 seconds)	0	2	98	0	26	98	virtual	anpi0#6#4294970305#5	0	0	0.0	0.0	Optional(false)	private auxiliary network interface AppleUSBDeviceNCMPrivateEthernetInterface/AppleUSBDeviceNCMData/IOUSBDeviceInterface/AppleT8122USBXDCI/AppleARMIODevice/AppleH15IO/IOPlatformDevice/AppleARMPE/IOPlatformExpertDevice/IORegistryEntry
interface	2026-10-03T03:50:22.503Z	965147.76247425	upload-load	Instant(_value: 3040550.8105620826 seconds)	0	2	98	0	26	98	physicalEthernet	en4#7#4294970257#6	0	0	0.0	0.0	Optional(false)	SC Ethernet; hardware provider IOEthernetInterface/AppleUSBDeviceNCMData/IOUSBDeviceInterface/AppleT8122USBXDCI/AppleARMIODevice/AppleH15IO/IOPlatformDevice/AppleARMPE/IOPlatformExpertDevice/IORegistryEntry
interface	2026-10-03T03:50:22.503Z	965147.76247425	upload-load	Instant(_value: 3040550.8105620826 seconds)	0	2	98	0	26	98	physicalEthernet	en5#8#4294970175#7	0	0	0.0	0.0	Optional(false)	SC Ethernet; hardware provider IOEthernetInterface/AppleUSBDeviceNCMData/IOUSBDeviceInterface/AppleT8122USBXDCI/AppleARMIODevice/AppleH15IO/IOPlatformDevice/AppleARMPE/IOPlatformExpertDevice/IORegistryEntry
interface	2026-10-03T03:50:22.503Z	965147.76247425	upload-load	Instant(_value: 3040550.8105620826 seconds)	0	2	98	0	26	98	physicalEthernet	en6#9#4294970236#8	0	0	0.0	0.0	Optional(false)	SC Ethernet; hardware provider IOEthernetInterface/AppleUSBDeviceNCMData/IOUSBDeviceInterface/AppleT8122USBXDCI/AppleARMIODevice/AppleH15IO/IOPlatformDevice/AppleARMPE/IOPlatformExpertDevice/IORegistryEntry
interface	2026-10-03T03:50:22.503Z	965147.76247425	upload-load	Instant(_value: 3040550.8105620826 seconds)	0	2	98	0	26	98	physicalEthernet	en1#10#4294970312#9	0	0	0.0	0.0	Optional(false)	SC Ethernet; hardware provider IOEthernetInterface/AppleThunderboltIPPort/AppleThunderboltIPService/IOThunderboltLocalNode/IOThunderboltControllerType5/AppleThunderboltNHIType5/AppleThunderboltHALType5/AppleARMIODevice/AppleH15IO/IOPlatformDevice/AppleARMPE/IOPlatformExpertDevice/IORegistryEntry
interface	2026-10-03T03:50:22.503Z	965147.76247425	upload-load	Instant(_value: 3040550.8105620826 seconds)	0	2	98	0	26	98	physicalEthernet	en2#11#4294970264#10	0	0	0.0	0.0	Optional(false)	SC Ethernet; hardware provider IOEthernetInterface/AppleThunderboltIPPort/AppleThunderboltIPService/IOThunderboltLocalNode/IOThunderboltControllerType5/AppleThunderboltNHIType5/AppleThunderboltHALType5/AppleARMIODevice/AppleH15IO/IOPlatformDevice/AppleARMPE/IOPlatformExpertDevice/IORegistryEntry
interface	2026-10-03T03:50:22.503Z	965147.76247425	upload-load	Instant(_value: 3040550.8105620826 seconds)	0	2	98	0	26	98	physicalEthernet	en3#12#4294970379#11	0	0	0.0	0.0	Optional(false)	SC Ethernet; hardware provider IOEthernetInterface/AppleThunderboltIPPort/AppleThunderboltIPService/IOThunderboltLocalNode/IOThunderboltControllerType5/AppleThunderboltNHIType5/AppleThunderboltHALType5/AppleARMIODevice/AppleH15IO/IOPlatformDevice/AppleARMPE/IOPlatformExpertDevice/IORegistryEntry
interface	2026-10-03T03:50:22.503Z	965147.76247425	upload-load	Instant(_value: 3040550.8105620826 seconds)	0	2	98	0	26	98	logical	bridge0#15#nil#12	0	0	0.0	0.0	Optional(false)	route link type=209
interface	2026-10-03T03:50:22.503Z	965147.76247425	upload-load	Instant(_value: 3040550.8105620826 seconds)	0	2	98	0	26	98	unknown	ap1#13#nil#13	0	0	0.0	0.0	nil	IORegistry provider unavailable; SC type=
interface	2026-10-03T03:50:22.503Z	965147.76247425	upload-load	Instant(_value: 3040550.8105620826 seconds)	0	2	98	0	26	98	physicalWiFi	en0#14#4294971925#14	3212495872	2046497792	357018.6130846884	2183696.2328731082	Optional(true)	SC Wi-Fi; hardware provider IOSkywalkLegacyEthernetInterface/IO80211Controller/IOUserNetworkWLAN/IOUserService/IOUserService/IOPCIDevice/ApplePCIEHostBridge/IOPCIDevice/AppleT6031PCIe/AppleARMIODevice/AppleH15IO/IOPlatformDevice/AppleARMPE/IOPlatformExpertDevice/IORegistryEntry
interface	2026-10-03T03:50:22.503Z	965147.76247425	upload-load	Instant(_value: 3040550.8105620826 seconds)	0	2	98	0	26	98	virtual	awdl0#16#nil#15	8599552	8556544	0.0	0.0	Optional(true)	SIOCGIFFUNCTIONALTYPE=4
interface	2026-10-03T03:50:22.503Z	965147.76247425	upload-load	Instant(_value: 3040550.8105620826 seconds)	0	2	98	0	26	98	unknown	llw0#17#nil#16	0	0	0.0	0.0	nil	IORegistry provider unavailable; SC type=
interface	2026-10-03T03:50:22.503Z	965147.76247425	upload-load	Instant(_value: 3040550.8105620826 seconds)	0	2	98	0	26	98	tunnel	utun0#18#nil#17	0	0	0.0	0.0	nil	tunnel name; VPN service unconfirmed
interface	2026-10-03T03:50:22.503Z	965147.76247425	upload-load	Instant(_value: 3040550.8105620826 seconds)	0	2	98	0	26	98	tunnel	utun1#19#nil#18	0	8192	0.0	0.0	nil	tunnel name; VPN service unconfirmed
interface	2026-10-03T03:50:22.503Z	965147.76247425	upload-load	Instant(_value: 3040550.8105620826 seconds)	0	2	98	0	26	98	tunnel	utun2#20#nil#19	0	8192	0.0	0.0	nil	tunnel name; VPN service unconfirmed
interface	2026-10-03T03:50:22.503Z	965147.76247425	upload-load	Instant(_value: 3040550.8105620826 seconds)	0	2	98	0	26	98	tunnel	utun3#21#nil#20	0	8192	0.0	0.0	nil	tunnel name; VPN service unconfirmed
interface	2026-10-03T03:50:22.503Z	965147.76247425	upload-load	Instant(_value: 3040550.8105620826 seconds)	0	2	98	0	26	98	tunnel	utun4#24#nil#21	9216	4096	0.0	0.0	nil	tunnel name; VPN service unconfirmed
interface	2026-10-03T03:50:22.503Z	965147.76247425	upload-load	Instant(_value: 3040550.8105620826 seconds)	0	2	98	0	26	98	tunnel	utun5#25#nil#22	166912	143360	0.0	0.0	nil	tunnel name; VPN service unconfirmed
interface	2026-10-03T03:50:22.503Z	965147.76247425	upload-load	Instant(_value: 3040550.8105620826 seconds)	0	2	98	0	26	98	tunnel	utun6#26#nil#23	0	8192	0.0	0.0	nil	tunnel name; VPN service unconfirmed
interface	2026-10-03T03:50:22.503Z	965147.76247425	upload-load	Instant(_value: 3040550.8105620826 seconds)	0	2	98	0	26	98	tunnel	utun7#27#nil#24	0	8192	0.0	0.0	nil	tunnel name; VPN service unconfirmed
interface	2026-10-03T03:50:22.503Z	965147.76247425	upload-load	Instant(_value: 3040550.8105620826 seconds)	0	2	98	0	26	98	virtual	vmenet0#22#4295372070#25	5120	1833984	0.0	0.0	Optional(true)	virtual provider IOUserEthernetInterface/IOUserEthernetController/IOUserEthernetResourceUserClient/IOUserEthernetResource/IOResources/IOPlatformExpertDevice/IORegistryEntry
interface	2026-10-03T03:50:22.503Z	965147.76247425	upload-load	Instant(_value: 3040550.8105620826 seconds)	0	2	98	0	26	98	logical	bridge100#23#nil#26	0	3668992	0.0	0.0	Optional(true)	route link type=209
delivery	2026-10-03T03:50:22.503Z	965147.76247425	upload-load	Instant(_value: 3040550.8105620826 seconds)	0	2	98	0	26	98	delivered	networkActivity						sameReadAt=true
card	2026-10-03T03:50:22.503Z	965147.76247425	upload-load	Optional(Swift.ContinuousClock.Instant(_value: 3040550.8105620826 seconds))					26		partial("물리 대상의 식별·연결·속도 일부를 확인하지 못했습니다")	NetworkCard			357018.6130846884	2183696.2328731082	true	Network 카드, 일부 수집 실패: 물리 대상의 식별·연결·속도 일부를 확인하지 못했습니다, 확인된 일부 합계 다운로드 348.7 KB/s, 업로드 2.1 MB/s, 일부 수집 실패: 대상 identity 또는 물리 정보 일부 미확인
sample	2026-10-03T03:50:23.520Z	965148.779433	upload-load	Instant(_value: 3040551.860688541 seconds)	0	2	99	0	26	99	partial("물리 대상의 식별·연결·속도 일부를 확인하지 못했습니다")	knownPhysical			352018.5566070177	2099434.771121632	false	representativeRX=-1.0;representativeTX=-1.0
interface	2026-10-03T03:50:23.520Z	965148.779433	upload-load	Instant(_value: 3040551.860688541 seconds)	0	2	99	0	26	99	tunnel	gif0#2#nil#1	0	0	0.0	0.0	nil	route tunnel link type=55
interface	2026-10-03T03:50:23.520Z	965148.779433	upload-load	Instant(_value: 3040551.860688541 seconds)	0	2	99	0	26	99	tunnel	stf0#3#nil#2	0	0	0.0	0.0	nil	route tunnel link type=57
interface	2026-10-03T03:50:23.520Z	965148.779433	upload-load	Instant(_value: 3040551.860688541 seconds)	0	2	99	0	26	99	virtual	anpi1#4#4294970237#3	0	0	0.0	0.0	Optional(false)	private auxiliary network interface AppleUSBDeviceNCMPrivateEthernetInterface/AppleUSBDeviceNCMData/IOUSBDeviceInterface/AppleT8122USBXDCI/AppleARMIODevice/AppleH15IO/IOPlatformDevice/AppleARMPE/IOPlatformExpertDevice/IORegistryEntry
interface	2026-10-03T03:50:23.520Z	965148.779433	upload-load	Instant(_value: 3040551.860688541 seconds)	0	2	99	0	26	99	virtual	anpi2#5#4294970293#4	0	0	0.0	0.0	Optional(false)	private auxiliary network interface AppleUSBDeviceNCMPrivateEthernetInterface/AppleUSBDeviceNCMData/IOUSBDeviceInterface/AppleT8122USBXDCI/AppleARMIODevice/AppleH15IO/IOPlatformDevice/AppleARMPE/IOPlatformExpertDevice/IORegistryEntry
interface	2026-10-03T03:50:23.520Z	965148.779433	upload-load	Instant(_value: 3040551.860688541 seconds)	0	2	99	0	26	99	virtual	anpi0#6#4294970305#5	0	0	0.0	0.0	Optional(false)	private auxiliary network interface AppleUSBDeviceNCMPrivateEthernetInterface/AppleUSBDeviceNCMData/IOUSBDeviceInterface/AppleT8122USBXDCI/AppleARMIODevice/AppleH15IO/IOPlatformDevice/AppleARMPE/IOPlatformExpertDevice/IORegistryEntry
interface	2026-10-03T03:50:23.520Z	965148.779433	upload-load	Instant(_value: 3040551.860688541 seconds)	0	2	99	0	26	99	physicalEthernet	en4#7#4294970257#6	0	0	0.0	0.0	Optional(false)	SC Ethernet; hardware provider IOEthernetInterface/AppleUSBDeviceNCMData/IOUSBDeviceInterface/AppleT8122USBXDCI/AppleARMIODevice/AppleH15IO/IOPlatformDevice/AppleARMPE/IOPlatformExpertDevice/IORegistryEntry
interface	2026-10-03T03:50:23.520Z	965148.779433	upload-load	Instant(_value: 3040551.860688541 seconds)	0	2	99	0	26	99	physicalEthernet	en5#8#4294970175#7	0	0	0.0	0.0	Optional(false)	SC Ethernet; hardware provider IOEthernetInterface/AppleUSBDeviceNCMData/IOUSBDeviceInterface/AppleT8122USBXDCI/AppleARMIODevice/AppleH15IO/IOPlatformDevice/AppleARMPE/IOPlatformExpertDevice/IORegistryEntry
interface	2026-10-03T03:50:23.520Z	965148.779433	upload-load	Instant(_value: 3040551.860688541 seconds)	0	2	99	0	26	99	physicalEthernet	en6#9#4294970236#8	0	0	0.0	0.0	Optional(false)	SC Ethernet; hardware provider IOEthernetInterface/AppleUSBDeviceNCMData/IOUSBDeviceInterface/AppleT8122USBXDCI/AppleARMIODevice/AppleH15IO/IOPlatformDevice/AppleARMPE/IOPlatformExpertDevice/IORegistryEntry
interface	2026-10-03T03:50:23.520Z	965148.779433	upload-load	Instant(_value: 3040551.860688541 seconds)	0	2	99	0	26	99	physicalEthernet	en1#10#4294970312#9	0	0	0.0	0.0	Optional(false)	SC Ethernet; hardware provider IOEthernetInterface/AppleThunderboltIPPort/AppleThunderboltIPService/IOThunderboltLocalNode/IOThunderboltControllerType5/AppleThunderboltNHIType5/AppleThunderboltHALType5/AppleARMIODevice/AppleH15IO/IOPlatformDevice/AppleARMPE/IOPlatformExpertDevice/IORegistryEntry
interface	2026-10-03T03:50:23.520Z	965148.779433	upload-load	Instant(_value: 3040551.860688541 seconds)	0	2	99	0	26	99	physicalEthernet	en2#11#4294970264#10	0	0	0.0	0.0	Optional(false)	SC Ethernet; hardware provider IOEthernetInterface/AppleThunderboltIPPort/AppleThunderboltIPService/IOThunderboltLocalNode/IOThunderboltControllerType5/AppleThunderboltNHIType5/AppleThunderboltHALType5/AppleARMIODevice/AppleH15IO/IOPlatformDevice/AppleARMPE/IOPlatformExpertDevice/IORegistryEntry
interface	2026-10-03T03:50:23.520Z	965148.779433	upload-load	Instant(_value: 3040551.860688541 seconds)	0	2	99	0	26	99	physicalEthernet	en3#12#4294970379#11	0	0	0.0	0.0	Optional(false)	SC Ethernet; hardware provider IOEthernetInterface/AppleThunderboltIPPort/AppleThunderboltIPService/IOThunderboltLocalNode/IOThunderboltControllerType5/AppleThunderboltNHIType5/AppleThunderboltHALType5/AppleARMIODevice/AppleH15IO/IOPlatformDevice/AppleARMPE/IOPlatformExpertDevice/IORegistryEntry
interface	2026-10-03T03:50:23.520Z	965148.779433	upload-load	Instant(_value: 3040551.860688541 seconds)	0	2	99	0	26	99	logical	bridge0#15#nil#12	0	0	0.0	0.0	Optional(false)	route link type=209
interface	2026-10-03T03:50:23.520Z	965148.779433	upload-load	Instant(_value: 3040551.860688541 seconds)	0	2	99	0	26	99	unknown	ap1#13#nil#13	0	0	0.0	0.0	nil	IORegistry provider unavailable; SC type=
interface	2026-10-03T03:50:23.520Z	965148.779433	upload-load	Instant(_value: 3040551.860688541 seconds)	0	2	99	0	26	99	physicalWiFi	en0#14#4294971925#14	3212865536	2048702464	352018.5566070177	2099434.771121632	Optional(true)	SC Wi-Fi; hardware provider IOSkywalkLegacyEthernetInterface/IO80211Controller/IOUserNetworkWLAN/IOUserService/IOUserService/IOPCIDevice/ApplePCIEHostBridge/IOPCIDevice/AppleT6031PCIe/AppleARMIODevice/AppleH15IO/IOPlatformDevice/AppleARMPE/IOPlatformExpertDevice/IORegistryEntry
interface	2026-10-03T03:50:23.520Z	965148.779433	upload-load	Instant(_value: 3040551.860688541 seconds)	0	2	99	0	26	99	virtual	awdl0#16#nil#15	8599552	8556544	0.0	0.0	Optional(true)	SIOCGIFFUNCTIONALTYPE=4
interface	2026-10-03T03:50:23.520Z	965148.779433	upload-load	Instant(_value: 3040551.860688541 seconds)	0	2	99	0	26	99	unknown	llw0#17#nil#16	0	0	0.0	0.0	nil	IORegistry provider unavailable; SC type=
interface	2026-10-03T03:50:23.520Z	965148.779433	upload-load	Instant(_value: 3040551.860688541 seconds)	0	2	99	0	26	99	tunnel	utun0#18#nil#17	0	0	0.0	0.0	nil	tunnel name; VPN service unconfirmed
interface	2026-10-03T03:50:23.520Z	965148.779433	upload-load	Instant(_value: 3040551.860688541 seconds)	0	2	99	0	26	99	tunnel	utun1#19#nil#18	0	8192	0.0	0.0	nil	tunnel name; VPN service unconfirmed
interface	2026-10-03T03:50:23.520Z	965148.779433	upload-load	Instant(_value: 3040551.860688541 seconds)	0	2	99	0	26	99	tunnel	utun2#20#nil#19	0	8192	0.0	0.0	nil	tunnel name; VPN service unconfirmed
interface	2026-10-03T03:50:23.520Z	965148.779433	upload-load	Instant(_value: 3040551.860688541 seconds)	0	2	99	0	26	99	tunnel	utun3#21#nil#20	0	8192	0.0	0.0	nil	tunnel name; VPN service unconfirmed
interface	2026-10-03T03:50:23.520Z	965148.779433	upload-load	Instant(_value: 3040551.860688541 seconds)	0	2	99	0	26	99	tunnel	utun4#24#nil#21	9216	4096	0.0	0.0	nil	tunnel name; VPN service unconfirmed
interface	2026-10-03T03:50:23.520Z	965148.779433	upload-load	Instant(_value: 3040551.860688541 seconds)	0	2	99	0	26	99	tunnel	utun5#25#nil#22	166912	143360	0.0	0.0	nil	tunnel name; VPN service unconfirmed
interface	2026-10-03T03:50:23.520Z	965148.779433	upload-load	Instant(_value: 3040551.860688541 seconds)	0	2	99	0	26	99	tunnel	utun6#26#nil#23	0	8192	0.0	0.0	nil	tunnel name; VPN service unconfirmed
interface	2026-10-03T03:50:23.520Z	965148.779433	upload-load	Instant(_value: 3040551.860688541 seconds)	0	2	99	0	26	99	tunnel	utun7#27#nil#24	0	8192	0.0	0.0	nil	tunnel name; VPN service unconfirmed
interface	2026-10-03T03:50:23.520Z	965148.779433	upload-load	Instant(_value: 3040551.860688541 seconds)	0	2	99	0	26	99	virtual	vmenet0#22#4295372070#25	5120	1833984	0.0	0.0	Optional(true)	virtual provider IOUserEthernetInterface/IOUserEthernetController/IOUserEthernetResourceUserClient/IOUserEthernetResource/IOResources/IOPlatformExpertDevice/IORegistryEntry
interface	2026-10-03T03:50:23.520Z	965148.779433	upload-load	Instant(_value: 3040551.860688541 seconds)	0	2	99	0	26	99	logical	bridge100#23#nil#26	0	3668992	0.0	0.0	Optional(true)	route link type=209
delivery	2026-10-03T03:50:23.520Z	965148.779433	upload-load	Instant(_value: 3040551.860688541 seconds)	0	2	99	0	26	99	delivered	networkActivity						sameReadAt=true
card	2026-10-03T03:50:23.520Z	965148.779433	upload-load	Optional(Swift.ContinuousClock.Instant(_value: 3040551.860688541 seconds))					26		partial("물리 대상의 식별·연결·속도 일부를 확인하지 못했습니다")	NetworkCard			352018.5566070177	2099434.771121632	true	Network 카드, 일부 수집 실패: 물리 대상의 식별·연결·속도 일부를 확인하지 못했습니다, 확인된 일부 합계 다운로드 343.8 KB/s, 업로드 2.0 MB/s, 일부 수집 실패: 대상 identity 또는 물리 정보 일부 미확인
sample	2026-10-03T03:50:24.524Z	965149.7837664167	upload-load	Instant(_value: 3040552.821748541 seconds)	0	2	100	0	26	100	partial("물리 대상의 식별·연결·속도 일부를 확인하지 못했습니다")	knownPhysical			380379.9970865503	2295065.8647743114	false	representativeRX=-1.0;representativeTX=-1.0
interface	2026-10-03T03:50:24.524Z	965149.7837664167	upload-load	Instant(_value: 3040552.821748541 seconds)	0	2	100	0	26	100	tunnel	gif0#2#nil#1	0	0	0.0	0.0	nil	route tunnel link type=55
interface	2026-10-03T03:50:24.524Z	965149.7837664167	upload-load	Instant(_value: 3040552.821748541 seconds)	0	2	100	0	26	100	tunnel	stf0#3#nil#2	0	0	0.0	0.0	nil	route tunnel link type=57
interface	2026-10-03T03:50:24.524Z	965149.7837664167	upload-load	Instant(_value: 3040552.821748541 seconds)	0	2	100	0	26	100	virtual	anpi1#4#4294970237#3	0	0	0.0	0.0	Optional(false)	private auxiliary network interface AppleUSBDeviceNCMPrivateEthernetInterface/AppleUSBDeviceNCMData/IOUSBDeviceInterface/AppleT8122USBXDCI/AppleARMIODevice/AppleH15IO/IOPlatformDevice/AppleARMPE/IOPlatformExpertDevice/IORegistryEntry
interface	2026-10-03T03:50:24.524Z	965149.7837664167	upload-load	Instant(_value: 3040552.821748541 seconds)	0	2	100	0	26	100	virtual	anpi2#5#4294970293#4	0	0	0.0	0.0	Optional(false)	private auxiliary network interface AppleUSBDeviceNCMPrivateEthernetInterface/AppleUSBDeviceNCMData/IOUSBDeviceInterface/AppleT8122USBXDCI/AppleARMIODevice/AppleH15IO/IOPlatformDevice/AppleARMPE/IOPlatformExpertDevice/IORegistryEntry
interface	2026-10-03T03:50:24.524Z	965149.7837664167	upload-load	Instant(_value: 3040552.821748541 seconds)	0	2	100	0	26	100	virtual	anpi0#6#4294970305#5	0	0	0.0	0.0	Optional(false)	private auxiliary network interface AppleUSBDeviceNCMPrivateEthernetInterface/AppleUSBDeviceNCMData/IOUSBDeviceInterface/AppleT8122USBXDCI/AppleARMIODevice/AppleH15IO/IOPlatformDevice/AppleARMPE/IOPlatformExpertDevice/IORegistryEntry
interface	2026-10-03T03:50:24.524Z	965149.7837664167	upload-load	Instant(_value: 3040552.821748541 seconds)	0	2	100	0	26	100	physicalEthernet	en4#7#4294970257#6	0	0	0.0	0.0	Optional(false)	SC Ethernet; hardware provider IOEthernetInterface/AppleUSBDeviceNCMData/IOUSBDeviceInterface/AppleT8122USBXDCI/AppleARMIODevice/AppleH15IO/IOPlatformDevice/AppleARMPE/IOPlatformExpertDevice/IORegistryEntry
interface	2026-10-03T03:50:24.524Z	965149.7837664167	upload-load	Instant(_value: 3040552.821748541 seconds)	0	2	100	0	26	100	physicalEthernet	en5#8#4294970175#7	0	0	0.0	0.0	Optional(false)	SC Ethernet; hardware provider IOEthernetInterface/AppleUSBDeviceNCMData/IOUSBDeviceInterface/AppleT8122USBXDCI/AppleARMIODevice/AppleH15IO/IOPlatformDevice/AppleARMPE/IOPlatformExpertDevice/IORegistryEntry
interface	2026-10-03T03:50:24.524Z	965149.7837664167	upload-load	Instant(_value: 3040552.821748541 seconds)	0	2	100	0	26	100	physicalEthernet	en6#9#4294970236#8	0	0	0.0	0.0	Optional(false)	SC Ethernet; hardware provider IOEthernetInterface/AppleUSBDeviceNCMData/IOUSBDeviceInterface/AppleT8122USBXDCI/AppleARMIODevice/AppleH15IO/IOPlatformDevice/AppleARMPE/IOPlatformExpertDevice/IORegistryEntry
interface	2026-10-03T03:50:24.524Z	965149.7837664167	upload-load	Instant(_value: 3040552.821748541 seconds)	0	2	100	0	26	100	physicalEthernet	en1#10#4294970312#9	0	0	0.0	0.0	Optional(false)	SC Ethernet; hardware provider IOEthernetInterface/AppleThunderboltIPPort/AppleThunderboltIPService/IOThunderboltLocalNode/IOThunderboltControllerType5/AppleThunderboltNHIType5/AppleThunderboltHALType5/AppleARMIODevice/AppleH15IO/IOPlatformDevice/AppleARMPE/IOPlatformExpertDevice/IORegistryEntry
interface	2026-10-03T03:50:24.524Z	965149.7837664167	upload-load	Instant(_value: 3040552.821748541 seconds)	0	2	100	0	26	100	physicalEthernet	en2#11#4294970264#10	0	0	0.0	0.0	Optional(false)	SC Ethernet; hardware provider IOEthernetInterface/AppleThunderboltIPPort/AppleThunderboltIPService/IOThunderboltLocalNode/IOThunderboltControllerType5/AppleThunderboltNHIType5/AppleThunderboltHALType5/AppleARMIODevice/AppleH15IO/IOPlatformDevice/AppleARMPE/IOPlatformExpertDevice/IORegistryEntry
interface	2026-10-03T03:50:24.524Z	965149.7837664167	upload-load	Instant(_value: 3040552.821748541 seconds)	0	2	100	0	26	100	physicalEthernet	en3#12#4294970379#11	0	0	0.0	0.0	Optional(false)	SC Ethernet; hardware provider IOEthernetInterface/AppleThunderboltIPPort/AppleThunderboltIPService/IOThunderboltLocalNode/IOThunderboltControllerType5/AppleThunderboltNHIType5/AppleThunderboltHALType5/AppleARMIODevice/AppleH15IO/IOPlatformDevice/AppleARMPE/IOPlatformExpertDevice/IORegistryEntry
interface	2026-10-03T03:50:24.524Z	965149.7837664167	upload-load	Instant(_value: 3040552.821748541 seconds)	0	2	100	0	26	100	logical	bridge0#15#nil#12	0	0	0.0	0.0	Optional(false)	route link type=209
interface	2026-10-03T03:50:24.524Z	965149.7837664167	upload-load	Instant(_value: 3040552.821748541 seconds)	0	2	100	0	26	100	unknown	ap1#13#nil#13	0	0	0.0	0.0	nil	IORegistry provider unavailable; SC type=
interface	2026-10-03T03:50:24.524Z	965149.7837664167	upload-load	Instant(_value: 3040552.821748541 seconds)	0	2	100	0	26	100	physicalWiFi	en0#14#4294971925#14	3213231104	2050908160	380379.9970865503	2295065.8647743114	Optional(true)	SC Wi-Fi; hardware provider IOSkywalkLegacyEthernetInterface/IO80211Controller/IOUserNetworkWLAN/IOUserService/IOUserService/IOPCIDevice/ApplePCIEHostBridge/IOPCIDevice/AppleT6031PCIe/AppleARMIODevice/AppleH15IO/IOPlatformDevice/AppleARMPE/IOPlatformExpertDevice/IORegistryEntry
interface	2026-10-03T03:50:24.524Z	965149.7837664167	upload-load	Instant(_value: 3040552.821748541 seconds)	0	2	100	0	26	100	virtual	awdl0#16#nil#15	8599552	8556544	0.0	0.0	Optional(true)	SIOCGIFFUNCTIONALTYPE=4
interface	2026-10-03T03:50:24.524Z	965149.7837664167	upload-load	Instant(_value: 3040552.821748541 seconds)	0	2	100	0	26	100	unknown	llw0#17#nil#16	0	0	0.0	0.0	nil	IORegistry provider unavailable; SC type=
interface	2026-10-03T03:50:24.524Z	965149.7837664167	upload-load	Instant(_value: 3040552.821748541 seconds)	0	2	100	0	26	100	tunnel	utun0#18#nil#17	0	0	0.0	0.0	nil	tunnel name; VPN service unconfirmed
interface	2026-10-03T03:50:24.524Z	965149.7837664167	upload-load	Instant(_value: 3040552.821748541 seconds)	0	2	100	0	26	100	tunnel	utun1#19#nil#18	0	8192	0.0	0.0	nil	tunnel name; VPN service unconfirmed
interface	2026-10-03T03:50:24.524Z	965149.7837664167	upload-load	Instant(_value: 3040552.821748541 seconds)	0	2	100	0	26	100	tunnel	utun2#20#nil#19	0	8192	0.0	0.0	nil	tunnel name; VPN service unconfirmed
interface	2026-10-03T03:50:24.524Z	965149.7837664167	upload-load	Instant(_value: 3040552.821748541 seconds)	0	2	100	0	26	100	tunnel	utun3#21#nil#20	0	8192	0.0	0.0	nil	tunnel name; VPN service unconfirmed
interface	2026-10-03T03:50:24.524Z	965149.7837664167	upload-load	Instant(_value: 3040552.821748541 seconds)	0	2	100	0	26	100	tunnel	utun4#24#nil#21	9216	4096	0.0	0.0	nil	tunnel name; VPN service unconfirmed
interface	2026-10-03T03:50:24.524Z	965149.7837664167	upload-load	Instant(_value: 3040552.821748541 seconds)	0	2	100	0	26	100	tunnel	utun5#25#nil#22	166912	143360	0.0	0.0	nil	tunnel name; VPN service unconfirmed
interface	2026-10-03T03:50:24.524Z	965149.7837664167	upload-load	Instant(_value: 3040552.821748541 seconds)	0	2	100	0	26	100	tunnel	utun6#26#nil#23	0	8192	0.0	0.0	nil	tunnel name; VPN service unconfirmed
interface	2026-10-03T03:50:24.524Z	965149.7837664167	upload-load	Instant(_value: 3040552.821748541 seconds)	0	2	100	0	26	100	tunnel	utun7#27#nil#24	0	8192	0.0	0.0	nil	tunnel name; VPN service unconfirmed
interface	2026-10-03T03:50:24.524Z	965149.7837664167	upload-load	Instant(_value: 3040552.821748541 seconds)	0	2	100	0	26	100	virtual	vmenet0#22#4295372070#25	5120	1833984	0.0	0.0	Optional(true)	virtual provider IOUserEthernetInterface/IOUserEthernetController/IOUserEthernetResourceUserClient/IOUserEthernetResource/IOResources/IOPlatformExpertDevice/IORegistryEntry
interface	2026-10-03T03:50:24.524Z	965149.7837664167	upload-load	Instant(_value: 3040552.821748541 seconds)	0	2	100	0	26	100	logical	bridge100#23#nil#26	0	3668992	0.0	0.0	Optional(true)	route link type=209
delivery	2026-10-03T03:50:24.524Z	965149.7837664167	upload-load	Instant(_value: 3040552.821748541 seconds)	0	2	100	0	26	100	delivered	networkActivity						sameReadAt=true
card	2026-10-03T03:50:24.524Z	965149.7837664167	upload-load	Optional(Swift.ContinuousClock.Instant(_value: 3040552.821748541 seconds))					26		partial("물리 대상의 식별·연결·속도 일부를 확인하지 못했습니다")	NetworkCard			380379.9970865503	2295065.8647743114	true	Network 카드, 일부 수집 실패: 물리 대상의 식별·연결·속도 일부를 확인하지 못했습니다, 확인된 일부 합계 다운로드 371.5 KB/s, 업로드 2.2 MB/s, 일부 수집 실패: 대상 identity 또는 물리 정보 일부 미확인
sample	2026-10-03T03:50:25.588Z	965150.84729675	upload-load	Instant(_value: 3040553.8610758753 seconds)	0	2	101	0	26	101	partial("물리 대상의 식별·연결·속도 일부를 확인하지 못했습니다")	knownPhysical			358631.9610833982	2123219.439930558	false	representativeRX=-1.0;representativeTX=-1.0
interface	2026-10-03T03:50:25.588Z	965150.84729675	upload-load	Instant(_value: 3040553.8610758753 seconds)	0	2	101	0	26	101	tunnel	gif0#2#nil#1	0	0	0.0	0.0	nil	route tunnel link type=55
interface	2026-10-03T03:50:25.588Z	965150.84729675	upload-load	Instant(_value: 3040553.8610758753 seconds)	0	2	101	0	26	101	tunnel	stf0#3#nil#2	0	0	0.0	0.0	nil	route tunnel link type=57
interface	2026-10-03T03:50:25.588Z	965150.84729675	upload-load	Instant(_value: 3040553.8610758753 seconds)	0	2	101	0	26	101	virtual	anpi1#4#4294970237#3	0	0	0.0	0.0	Optional(false)	private auxiliary network interface AppleUSBDeviceNCMPrivateEthernetInterface/AppleUSBDeviceNCMData/IOUSBDeviceInterface/AppleT8122USBXDCI/AppleARMIODevice/AppleH15IO/IOPlatformDevice/AppleARMPE/IOPlatformExpertDevice/IORegistryEntry
interface	2026-10-03T03:50:25.588Z	965150.84729675	upload-load	Instant(_value: 3040553.8610758753 seconds)	0	2	101	0	26	101	virtual	anpi2#5#4294970293#4	0	0	0.0	0.0	Optional(false)	private auxiliary network interface AppleUSBDeviceNCMPrivateEthernetInterface/AppleUSBDeviceNCMData/IOUSBDeviceInterface/AppleT8122USBXDCI/AppleARMIODevice/AppleH15IO/IOPlatformDevice/AppleARMPE/IOPlatformExpertDevice/IORegistryEntry
interface	2026-10-03T03:50:25.588Z	965150.84729675	upload-load	Instant(_value: 3040553.8610758753 seconds)	0	2	101	0	26	101	virtual	anpi0#6#4294970305#5	0	0	0.0	0.0	Optional(false)	private auxiliary network interface AppleUSBDeviceNCMPrivateEthernetInterface/AppleUSBDeviceNCMData/IOUSBDeviceInterface/AppleT8122USBXDCI/AppleARMIODevice/AppleH15IO/IOPlatformDevice/AppleARMPE/IOPlatformExpertDevice/IORegistryEntry
interface	2026-10-03T03:50:25.588Z	965150.84729675	upload-load	Instant(_value: 3040553.8610758753 seconds)	0	2	101	0	26	101	physicalEthernet	en4#7#4294970257#6	0	0	0.0	0.0	Optional(false)	SC Ethernet; hardware provider IOEthernetInterface/AppleUSBDeviceNCMData/IOUSBDeviceInterface/AppleT8122USBXDCI/AppleARMIODevice/AppleH15IO/IOPlatformDevice/AppleARMPE/IOPlatformExpertDevice/IORegistryEntry
interface	2026-10-03T03:50:25.588Z	965150.84729675	upload-load	Instant(_value: 3040553.8610758753 seconds)	0	2	101	0	26	101	physicalEthernet	en5#8#4294970175#7	0	0	0.0	0.0	Optional(false)	SC Ethernet; hardware provider IOEthernetInterface/AppleUSBDeviceNCMData/IOUSBDeviceInterface/AppleT8122USBXDCI/AppleARMIODevice/AppleH15IO/IOPlatformDevice/AppleARMPE/IOPlatformExpertDevice/IORegistryEntry
interface	2026-10-03T03:50:25.588Z	965150.84729675	upload-load	Instant(_value: 3040553.8610758753 seconds)	0	2	101	0	26	101	physicalEthernet	en6#9#4294970236#8	0	0	0.0	0.0	Optional(false)	SC Ethernet; hardware provider IOEthernetInterface/AppleUSBDeviceNCMData/IOUSBDeviceInterface/AppleT8122USBXDCI/AppleARMIODevice/AppleH15IO/IOPlatformDevice/AppleARMPE/IOPlatformExpertDevice/IORegistryEntry
interface	2026-10-03T03:50:25.588Z	965150.84729675	upload-load	Instant(_value: 3040553.8610758753 seconds)	0	2	101	0	26	101	physicalEthernet	en1#10#4294970312#9	0	0	0.0	0.0	Optional(false)	SC Ethernet; hardware provider IOEthernetInterface/AppleThunderboltIPPort/AppleThunderboltIPService/IOThunderboltLocalNode/IOThunderboltControllerType5/AppleThunderboltNHIType5/AppleThunderboltHALType5/AppleARMIODevice/AppleH15IO/IOPlatformDevice/AppleARMPE/IOPlatformExpertDevice/IORegistryEntry
interface	2026-10-03T03:50:25.588Z	965150.84729675	upload-load	Instant(_value: 3040553.8610758753 seconds)	0	2	101	0	26	101	physicalEthernet	en2#11#4294970264#10	0	0	0.0	0.0	Optional(false)	SC Ethernet; hardware provider IOEthernetInterface/AppleThunderboltIPPort/AppleThunderboltIPService/IOThunderboltLocalNode/IOThunderboltControllerType5/AppleThunderboltNHIType5/AppleThunderboltHALType5/AppleARMIODevice/AppleH15IO/IOPlatformDevice/AppleARMPE/IOPlatformExpertDevice/IORegistryEntry
interface	2026-10-03T03:50:25.588Z	965150.84729675	upload-load	Instant(_value: 3040553.8610758753 seconds)	0	2	101	0	26	101	physicalEthernet	en3#12#4294970379#11	0	0	0.0	0.0	Optional(false)	SC Ethernet; hardware provider IOEthernetInterface/AppleThunderboltIPPort/AppleThunderboltIPService/IOThunderboltLocalNode/IOThunderboltControllerType5/AppleThunderboltNHIType5/AppleThunderboltHALType5/AppleARMIODevice/AppleH15IO/IOPlatformDevice/AppleARMPE/IOPlatformExpertDevice/IORegistryEntry
interface	2026-10-03T03:50:25.588Z	965150.84729675	upload-load	Instant(_value: 3040553.8610758753 seconds)	0	2	101	0	26	101	logical	bridge0#15#nil#12	0	0	0.0	0.0	Optional(false)	route link type=209
interface	2026-10-03T03:50:25.588Z	965150.84729675	upload-load	Instant(_value: 3040553.8610758753 seconds)	0	2	101	0	26	101	unknown	ap1#13#nil#13	0	0	0.0	0.0	nil	IORegistry provider unavailable; SC type=
interface	2026-10-03T03:50:25.588Z	965150.84729675	upload-load	Instant(_value: 3040553.8610758753 seconds)	0	2	101	0	26	101	physicalWiFi	en0#14#4294971925#14	3213603840	2053114880	358631.9610833982	2123219.439930558	Optional(true)	SC Wi-Fi; hardware provider IOSkywalkLegacyEthernetInterface/IO80211Controller/IOUserNetworkWLAN/IOUserService/IOUserService/IOPCIDevice/ApplePCIEHostBridge/IOPCIDevice/AppleT6031PCIe/AppleARMIODevice/AppleH15IO/IOPlatformDevice/AppleARMPE/IOPlatformExpertDevice/IORegistryEntry
interface	2026-10-03T03:50:25.588Z	965150.84729675	upload-load	Instant(_value: 3040553.8610758753 seconds)	0	2	101	0	26	101	virtual	awdl0#16#nil#15	8599552	8556544	0.0	0.0	Optional(true)	SIOCGIFFUNCTIONALTYPE=4
interface	2026-10-03T03:50:25.588Z	965150.84729675	upload-load	Instant(_value: 3040553.8610758753 seconds)	0	2	101	0	26	101	unknown	llw0#17#nil#16	0	0	0.0	0.0	nil	IORegistry provider unavailable; SC type=
interface	2026-10-03T03:50:25.588Z	965150.84729675	upload-load	Instant(_value: 3040553.8610758753 seconds)	0	2	101	0	26	101	tunnel	utun0#18#nil#17	0	0	0.0	0.0	nil	tunnel name; VPN service unconfirmed
interface	2026-10-03T03:50:25.588Z	965150.84729675	upload-load	Instant(_value: 3040553.8610758753 seconds)	0	2	101	0	26	101	tunnel	utun1#19#nil#18	0	8192	0.0	0.0	nil	tunnel name; VPN service unconfirmed
interface	2026-10-03T03:50:25.588Z	965150.84729675	upload-load	Instant(_value: 3040553.8610758753 seconds)	0	2	101	0	26	101	tunnel	utun2#20#nil#19	0	8192	0.0	0.0	nil	tunnel name; VPN service unconfirmed
interface	2026-10-03T03:50:25.588Z	965150.84729675	upload-load	Instant(_value: 3040553.8610758753 seconds)	0	2	101	0	26	101	tunnel	utun3#21#nil#20	0	8192	0.0	0.0	nil	tunnel name; VPN service unconfirmed
interface	2026-10-03T03:50:25.588Z	965150.84729675	upload-load	Instant(_value: 3040553.8610758753 seconds)	0	2	101	0	26	101	tunnel	utun4#24#nil#21	9216	4096	0.0	0.0	nil	tunnel name; VPN service unconfirmed
interface	2026-10-03T03:50:25.588Z	965150.84729675	upload-load	Instant(_value: 3040553.8610758753 seconds)	0	2	101	0	26	101	tunnel	utun5#25#nil#22	166912	143360	0.0	0.0	nil	tunnel name; VPN service unconfirmed
interface	2026-10-03T03:50:25.588Z	965150.84729675	upload-load	Instant(_value: 3040553.8610758753 seconds)	0	2	101	0	26	101	tunnel	utun6#26#nil#23	0	8192	0.0	0.0	nil	tunnel name; VPN service unconfirmed
interface	2026-10-03T03:50:25.588Z	965150.84729675	upload-load	Instant(_value: 3040553.8610758753 seconds)	0	2	101	0	26	101	tunnel	utun7#27#nil#24	0	8192	0.0	0.0	nil	tunnel name; VPN service unconfirmed
interface	2026-10-03T03:50:25.588Z	965150.84729675	upload-load	Instant(_value: 3040553.8610758753 seconds)	0	2	101	0	26	101	virtual	vmenet0#22#4295372070#25	5120	1833984	0.0	0.0	Optional(true)	virtual provider IOUserEthernetInterface/IOUserEthernetController/IOUserEthernetResourceUserClient/IOUserEthernetResource/IOResources/IOPlatformExpertDevice/IORegistryEntry
interface	2026-10-03T03:50:25.588Z	965150.84729675	upload-load	Instant(_value: 3040553.8610758753 seconds)	0	2	101	0	26	101	logical	bridge100#23#nil#26	0	3668992	0.0	0.0	Optional(true)	route link type=209
delivery	2026-10-03T03:50:25.588Z	965150.84729675	upload-load	Instant(_value: 3040553.8610758753 seconds)	0	2	101	0	26	101	delivered	networkActivity						sameReadAt=true
card	2026-10-03T03:50:25.588Z	965150.84729675	upload-load	Optional(Swift.ContinuousClock.Instant(_value: 3040553.8610758753 seconds))					26		partial("물리 대상의 식별·연결·속도 일부를 확인하지 못했습니다")	NetworkCard			358631.9610833982	2123219.439930558	true	Network 카드, 일부 수집 실패: 물리 대상의 식별·연결·속도 일부를 확인하지 못했습니다, 확인된 일부 합계 다운로드 350.2 KB/s, 업로드 2.0 MB/s, 일부 수집 실패: 대상 identity 또는 물리 정보 일부 미확인
sample	2026-10-03T03:50:26.653Z	965151.912106625	upload-load	Instant(_value: 3040554.856085375 seconds)	0	2	102	0	26	102	partial("물리 대상의 식별·연결·속도 일부를 확인하지 못했습니다")	knownPhysical			340643.9838011597	2226020.9575888473	false	representativeRX=-1.0;representativeTX=-1.0
interface	2026-10-03T03:50:26.653Z	965151.912106625	upload-load	Instant(_value: 3040554.856085375 seconds)	0	2	102	0	26	102	tunnel	gif0#2#nil#1	0	0	0.0	0.0	nil	route tunnel link type=55
interface	2026-10-03T03:50:26.653Z	965151.912106625	upload-load	Instant(_value: 3040554.856085375 seconds)	0	2	102	0	26	102	tunnel	stf0#3#nil#2	0	0	0.0	0.0	nil	route tunnel link type=57
interface	2026-10-03T03:50:26.653Z	965151.912106625	upload-load	Instant(_value: 3040554.856085375 seconds)	0	2	102	0	26	102	virtual	anpi1#4#4294970237#3	0	0	0.0	0.0	Optional(false)	private auxiliary network interface AppleUSBDeviceNCMPrivateEthernetInterface/AppleUSBDeviceNCMData/IOUSBDeviceInterface/AppleT8122USBXDCI/AppleARMIODevice/AppleH15IO/IOPlatformDevice/AppleARMPE/IOPlatformExpertDevice/IORegistryEntry
interface	2026-10-03T03:50:26.653Z	965151.912106625	upload-load	Instant(_value: 3040554.856085375 seconds)	0	2	102	0	26	102	virtual	anpi2#5#4294970293#4	0	0	0.0	0.0	Optional(false)	private auxiliary network interface AppleUSBDeviceNCMPrivateEthernetInterface/AppleUSBDeviceNCMData/IOUSBDeviceInterface/AppleT8122USBXDCI/AppleARMIODevice/AppleH15IO/IOPlatformDevice/AppleARMPE/IOPlatformExpertDevice/IORegistryEntry
interface	2026-10-03T03:50:26.653Z	965151.912106625	upload-load	Instant(_value: 3040554.856085375 seconds)	0	2	102	0	26	102	virtual	anpi0#6#4294970305#5	0	0	0.0	0.0	Optional(false)	private auxiliary network interface AppleUSBDeviceNCMPrivateEthernetInterface/AppleUSBDeviceNCMData/IOUSBDeviceInterface/AppleT8122USBXDCI/AppleARMIODevice/AppleH15IO/IOPlatformDevice/AppleARMPE/IOPlatformExpertDevice/IORegistryEntry
interface	2026-10-03T03:50:26.653Z	965151.912106625	upload-load	Instant(_value: 3040554.856085375 seconds)	0	2	102	0	26	102	physicalEthernet	en4#7#4294970257#6	0	0	0.0	0.0	Optional(false)	SC Ethernet; hardware provider IOEthernetInterface/AppleUSBDeviceNCMData/IOUSBDeviceInterface/AppleT8122USBXDCI/AppleARMIODevice/AppleH15IO/IOPlatformDevice/AppleARMPE/IOPlatformExpertDevice/IORegistryEntry
interface	2026-10-03T03:50:26.653Z	965151.912106625	upload-load	Instant(_value: 3040554.856085375 seconds)	0	2	102	0	26	102	physicalEthernet	en5#8#4294970175#7	0	0	0.0	0.0	Optional(false)	SC Ethernet; hardware provider IOEthernetInterface/AppleUSBDeviceNCMData/IOUSBDeviceInterface/AppleT8122USBXDCI/AppleARMIODevice/AppleH15IO/IOPlatformDevice/AppleARMPE/IOPlatformExpertDevice/IORegistryEntry
interface	2026-10-03T03:50:26.653Z	965151.912106625	upload-load	Instant(_value: 3040554.856085375 seconds)	0	2	102	0	26	102	physicalEthernet	en6#9#4294970236#8	0	0	0.0	0.0	Optional(false)	SC Ethernet; hardware provider IOEthernetInterface/AppleUSBDeviceNCMData/IOUSBDeviceInterface/AppleT8122USBXDCI/AppleARMIODevice/AppleH15IO/IOPlatformDevice/AppleARMPE/IOPlatformExpertDevice/IORegistryEntry
interface	2026-10-03T03:50:26.653Z	965151.912106625	upload-load	Instant(_value: 3040554.856085375 seconds)	0	2	102	0	26	102	physicalEthernet	en1#10#4294970312#9	0	0	0.0	0.0	Optional(false)	SC Ethernet; hardware provider IOEthernetInterface/AppleThunderboltIPPort/AppleThunderboltIPService/IOThunderboltLocalNode/IOThunderboltControllerType5/AppleThunderboltNHIType5/AppleThunderboltHALType5/AppleARMIODevice/AppleH15IO/IOPlatformDevice/AppleARMPE/IOPlatformExpertDevice/IORegistryEntry
interface	2026-10-03T03:50:26.653Z	965151.912106625	upload-load	Instant(_value: 3040554.856085375 seconds)	0	2	102	0	26	102	physicalEthernet	en2#11#4294970264#10	0	0	0.0	0.0	Optional(false)	SC Ethernet; hardware provider IOEthernetInterface/AppleThunderboltIPPort/AppleThunderboltIPService/IOThunderboltLocalNode/IOThunderboltControllerType5/AppleThunderboltNHIType5/AppleThunderboltHALType5/AppleARMIODevice/AppleH15IO/IOPlatformDevice/AppleARMPE/IOPlatformExpertDevice/IORegistryEntry
interface	2026-10-03T03:50:26.653Z	965151.912106625	upload-load	Instant(_value: 3040554.856085375 seconds)	0	2	102	0	26	102	physicalEthernet	en3#12#4294970379#11	0	0	0.0	0.0	Optional(false)	SC Ethernet; hardware provider IOEthernetInterface/AppleThunderboltIPPort/AppleThunderboltIPService/IOThunderboltLocalNode/IOThunderboltControllerType5/AppleThunderboltNHIType5/AppleThunderboltHALType5/AppleARMIODevice/AppleH15IO/IOPlatformDevice/AppleARMPE/IOPlatformExpertDevice/IORegistryEntry
interface	2026-10-03T03:50:26.653Z	965151.912106625	upload-load	Instant(_value: 3040554.856085375 seconds)	0	2	102	0	26	102	logical	bridge0#15#nil#12	0	0	0.0	0.0	Optional(false)	route link type=209
interface	2026-10-03T03:50:26.653Z	965151.912106625	upload-load	Instant(_value: 3040554.856085375 seconds)	0	2	102	0	26	102	unknown	ap1#13#nil#13	0	0	0.0	0.0	nil	IORegistry provider unavailable; SC type=
interface	2026-10-03T03:50:26.653Z	965151.912106625	upload-load	Instant(_value: 3040554.856085375 seconds)	0	2	102	0	26	102	physicalWiFi	en0#14#4294971925#14	3213942784	2055329792	340643.9838011597	2226020.9575888473	Optional(true)	SC Wi-Fi; hardware provider IOSkywalkLegacyEthernetInterface/IO80211Controller/IOUserNetworkWLAN/IOUserService/IOUserService/IOPCIDevice/ApplePCIEHostBridge/IOPCIDevice/AppleT6031PCIe/AppleARMIODevice/AppleH15IO/IOPlatformDevice/AppleARMPE/IOPlatformExpertDevice/IORegistryEntry
interface	2026-10-03T03:50:26.653Z	965151.912106625	upload-load	Instant(_value: 3040554.856085375 seconds)	0	2	102	0	26	102	virtual	awdl0#16#nil#15	8599552	8556544	0.0	0.0	Optional(true)	SIOCGIFFUNCTIONALTYPE=4
interface	2026-10-03T03:50:26.653Z	965151.912106625	upload-load	Instant(_value: 3040554.856085375 seconds)	0	2	102	0	26	102	unknown	llw0#17#nil#16	0	0	0.0	0.0	nil	IORegistry provider unavailable; SC type=
interface	2026-10-03T03:50:26.653Z	965151.912106625	upload-load	Instant(_value: 3040554.856085375 seconds)	0	2	102	0	26	102	tunnel	utun0#18#nil#17	0	0	0.0	0.0	nil	tunnel name; VPN service unconfirmed
interface	2026-10-03T03:50:26.653Z	965151.912106625	upload-load	Instant(_value: 3040554.856085375 seconds)	0	2	102	0	26	102	tunnel	utun1#19#nil#18	0	8192	0.0	0.0	nil	tunnel name; VPN service unconfirmed
interface	2026-10-03T03:50:26.653Z	965151.912106625	upload-load	Instant(_value: 3040554.856085375 seconds)	0	2	102	0	26	102	tunnel	utun2#20#nil#19	0	8192	0.0	0.0	nil	tunnel name; VPN service unconfirmed
interface	2026-10-03T03:50:26.653Z	965151.912106625	upload-load	Instant(_value: 3040554.856085375 seconds)	0	2	102	0	26	102	tunnel	utun3#21#nil#20	0	8192	0.0	0.0	nil	tunnel name; VPN service unconfirmed
interface	2026-10-03T03:50:26.653Z	965151.912106625	upload-load	Instant(_value: 3040554.856085375 seconds)	0	2	102	0	26	102	tunnel	utun4#24#nil#21	9216	4096	0.0	0.0	nil	tunnel name; VPN service unconfirmed
interface	2026-10-03T03:50:26.653Z	965151.912106625	upload-load	Instant(_value: 3040554.856085375 seconds)	0	2	102	0	26	102	tunnel	utun5#25#nil#22	166912	143360	0.0	0.0	nil	tunnel name; VPN service unconfirmed
interface	2026-10-03T03:50:26.653Z	965151.912106625	upload-load	Instant(_value: 3040554.856085375 seconds)	0	2	102	0	26	102	tunnel	utun6#26#nil#23	0	8192	0.0	0.0	nil	tunnel name; VPN service unconfirmed
interface	2026-10-03T03:50:26.653Z	965151.912106625	upload-load	Instant(_value: 3040554.856085375 seconds)	0	2	102	0	26	102	tunnel	utun7#27#nil#24	0	8192	0.0	0.0	nil	tunnel name; VPN service unconfirmed
interface	2026-10-03T03:50:26.653Z	965151.912106625	upload-load	Instant(_value: 3040554.856085375 seconds)	0	2	102	0	26	102	virtual	vmenet0#22#4295372070#25	5120	1833984	0.0	0.0	Optional(true)	virtual provider IOUserEthernetInterface/IOUserEthernetController/IOUserEthernetResourceUserClient/IOUserEthernetResource/IOResources/IOPlatformExpertDevice/IORegistryEntry
interface	2026-10-03T03:50:26.653Z	965151.912106625	upload-load	Instant(_value: 3040554.856085375 seconds)	0	2	102	0	26	102	logical	bridge100#23#nil#26	0	3668992	0.0	0.0	Optional(true)	route link type=209
delivery	2026-10-03T03:50:26.653Z	965151.912106625	upload-load	Instant(_value: 3040554.856085375 seconds)	0	2	102	0	26	102	delivered	networkActivity						sameReadAt=true
card	2026-10-03T03:50:26.653Z	965151.912106625	upload-load	Optional(Swift.ContinuousClock.Instant(_value: 3040554.856085375 seconds))					26		partial("물리 대상의 식별·연결·속도 일부를 확인하지 못했습니다")	NetworkCard			340643.9838011597	2226020.9575888473	true	Network 카드, 일부 수집 실패: 물리 대상의 식별·연결·속도 일부를 확인하지 못했습니다, 확인된 일부 합계 다운로드 332.7 KB/s, 업로드 2.1 MB/s, 일부 수집 실패: 대상 identity 또는 물리 정보 일부 미확인
sample	2026-10-03T03:50:27.691Z	965152.9504227501	upload-load	Instant(_value: 3040555.805313375 seconds)	0	2	103	0	26	103	partial("물리 대상의 식별·연결·속도 일부를 확인하지 못했습니다")	knownPhysical			360309.64109781844	2322594.782286237	false	representativeRX=-1.0;representativeTX=-1.0
interface	2026-10-03T03:50:27.691Z	965152.9504227501	upload-load	Instant(_value: 3040555.805313375 seconds)	0	2	103	0	26	103	tunnel	gif0#2#nil#1	0	0	0.0	0.0	nil	route tunnel link type=55
interface	2026-10-03T03:50:27.691Z	965152.9504227501	upload-load	Instant(_value: 3040555.805313375 seconds)	0	2	103	0	26	103	tunnel	stf0#3#nil#2	0	0	0.0	0.0	nil	route tunnel link type=57
interface	2026-10-03T03:50:27.691Z	965152.9504227501	upload-load	Instant(_value: 3040555.805313375 seconds)	0	2	103	0	26	103	virtual	anpi1#4#4294970237#3	0	0	0.0	0.0	Optional(false)	private auxiliary network interface AppleUSBDeviceNCMPrivateEthernetInterface/AppleUSBDeviceNCMData/IOUSBDeviceInterface/AppleT8122USBXDCI/AppleARMIODevice/AppleH15IO/IOPlatformDevice/AppleARMPE/IOPlatformExpertDevice/IORegistryEntry
interface	2026-10-03T03:50:27.691Z	965152.9504227501	upload-load	Instant(_value: 3040555.805313375 seconds)	0	2	103	0	26	103	virtual	anpi2#5#4294970293#4	0	0	0.0	0.0	Optional(false)	private auxiliary network interface AppleUSBDeviceNCMPrivateEthernetInterface/AppleUSBDeviceNCMData/IOUSBDeviceInterface/AppleT8122USBXDCI/AppleARMIODevice/AppleH15IO/IOPlatformDevice/AppleARMPE/IOPlatformExpertDevice/IORegistryEntry
interface	2026-10-03T03:50:27.691Z	965152.9504227501	upload-load	Instant(_value: 3040555.805313375 seconds)	0	2	103	0	26	103	virtual	anpi0#6#4294970305#5	0	0	0.0	0.0	Optional(false)	private auxiliary network interface AppleUSBDeviceNCMPrivateEthernetInterface/AppleUSBDeviceNCMData/IOUSBDeviceInterface/AppleT8122USBXDCI/AppleARMIODevice/AppleH15IO/IOPlatformDevice/AppleARMPE/IOPlatformExpertDevice/IORegistryEntry
interface	2026-10-03T03:50:27.691Z	965152.9504227501	upload-load	Instant(_value: 3040555.805313375 seconds)	0	2	103	0	26	103	physicalEthernet	en4#7#4294970257#6	0	0	0.0	0.0	Optional(false)	SC Ethernet; hardware provider IOEthernetInterface/AppleUSBDeviceNCMData/IOUSBDeviceInterface/AppleT8122USBXDCI/AppleARMIODevice/AppleH15IO/IOPlatformDevice/AppleARMPE/IOPlatformExpertDevice/IORegistryEntry
interface	2026-10-03T03:50:27.691Z	965152.9504227501	upload-load	Instant(_value: 3040555.805313375 seconds)	0	2	103	0	26	103	physicalEthernet	en5#8#4294970175#7	0	0	0.0	0.0	Optional(false)	SC Ethernet; hardware provider IOEthernetInterface/AppleUSBDeviceNCMData/IOUSBDeviceInterface/AppleT8122USBXDCI/AppleARMIODevice/AppleH15IO/IOPlatformDevice/AppleARMPE/IOPlatformExpertDevice/IORegistryEntry
interface	2026-10-03T03:50:27.691Z	965152.9504227501	upload-load	Instant(_value: 3040555.805313375 seconds)	0	2	103	0	26	103	physicalEthernet	en6#9#4294970236#8	0	0	0.0	0.0	Optional(false)	SC Ethernet; hardware provider IOEthernetInterface/AppleUSBDeviceNCMData/IOUSBDeviceInterface/AppleT8122USBXDCI/AppleARMIODevice/AppleH15IO/IOPlatformDevice/AppleARMPE/IOPlatformExpertDevice/IORegistryEntry
interface	2026-10-03T03:50:27.691Z	965152.9504227501	upload-load	Instant(_value: 3040555.805313375 seconds)	0	2	103	0	26	103	physicalEthernet	en1#10#4294970312#9	0	0	0.0	0.0	Optional(false)	SC Ethernet; hardware provider IOEthernetInterface/AppleThunderboltIPPort/AppleThunderboltIPService/IOThunderboltLocalNode/IOThunderboltControllerType5/AppleThunderboltNHIType5/AppleThunderboltHALType5/AppleARMIODevice/AppleH15IO/IOPlatformDevice/AppleARMPE/IOPlatformExpertDevice/IORegistryEntry
interface	2026-10-03T03:50:27.691Z	965152.9504227501	upload-load	Instant(_value: 3040555.805313375 seconds)	0	2	103	0	26	103	physicalEthernet	en2#11#4294970264#10	0	0	0.0	0.0	Optional(false)	SC Ethernet; hardware provider IOEthernetInterface/AppleThunderboltIPPort/AppleThunderboltIPService/IOThunderboltLocalNode/IOThunderboltControllerType5/AppleThunderboltNHIType5/AppleThunderboltHALType5/AppleARMIODevice/AppleH15IO/IOPlatformDevice/AppleARMPE/IOPlatformExpertDevice/IORegistryEntry
interface	2026-10-03T03:50:27.691Z	965152.9504227501	upload-load	Instant(_value: 3040555.805313375 seconds)	0	2	103	0	26	103	physicalEthernet	en3#12#4294970379#11	0	0	0.0	0.0	Optional(false)	SC Ethernet; hardware provider IOEthernetInterface/AppleThunderboltIPPort/AppleThunderboltIPService/IOThunderboltLocalNode/IOThunderboltControllerType5/AppleThunderboltNHIType5/AppleThunderboltHALType5/AppleARMIODevice/AppleH15IO/IOPlatformDevice/AppleARMPE/IOPlatformExpertDevice/IORegistryEntry
interface	2026-10-03T03:50:27.691Z	965152.9504227501	upload-load	Instant(_value: 3040555.805313375 seconds)	0	2	103	0	26	103	logical	bridge0#15#nil#12	0	0	0.0	0.0	Optional(false)	route link type=209
interface	2026-10-03T03:50:27.691Z	965152.9504227501	upload-load	Instant(_value: 3040555.805313375 seconds)	0	2	103	0	26	103	unknown	ap1#13#nil#13	0	0	0.0	0.0	nil	IORegistry provider unavailable; SC type=
interface	2026-10-03T03:50:27.691Z	965152.9504227501	upload-load	Instant(_value: 3040555.805313375 seconds)	0	2	103	0	26	103	physicalWiFi	en0#14#4294971925#14	3214284800	2057534464	360309.64109781844	2322594.782286237	Optional(true)	SC Wi-Fi; hardware provider IOSkywalkLegacyEthernetInterface/IO80211Controller/IOUserNetworkWLAN/IOUserService/IOUserService/IOPCIDevice/ApplePCIEHostBridge/IOPCIDevice/AppleT6031PCIe/AppleARMIODevice/AppleH15IO/IOPlatformDevice/AppleARMPE/IOPlatformExpertDevice/IORegistryEntry
interface	2026-10-03T03:50:27.691Z	965152.9504227501	upload-load	Instant(_value: 3040555.805313375 seconds)	0	2	103	0	26	103	virtual	awdl0#16#nil#15	8599552	8556544	0.0	0.0	Optional(true)	SIOCGIFFUNCTIONALTYPE=4
interface	2026-10-03T03:50:27.691Z	965152.9504227501	upload-load	Instant(_value: 3040555.805313375 seconds)	0	2	103	0	26	103	unknown	llw0#17#nil#16	0	0	0.0	0.0	nil	IORegistry provider unavailable; SC type=
interface	2026-10-03T03:50:27.691Z	965152.9504227501	upload-load	Instant(_value: 3040555.805313375 seconds)	0	2	103	0	26	103	tunnel	utun0#18#nil#17	0	0	0.0	0.0	nil	tunnel name; VPN service unconfirmed
interface	2026-10-03T03:50:27.691Z	965152.9504227501	upload-load	Instant(_value: 3040555.805313375 seconds)	0	2	103	0	26	103	tunnel	utun1#19#nil#18	0	8192	0.0	0.0	nil	tunnel name; VPN service unconfirmed
interface	2026-10-03T03:50:27.691Z	965152.9504227501	upload-load	Instant(_value: 3040555.805313375 seconds)	0	2	103	0	26	103	tunnel	utun2#20#nil#19	0	8192	0.0	0.0	nil	tunnel name; VPN service unconfirmed
interface	2026-10-03T03:50:27.691Z	965152.9504227501	upload-load	Instant(_value: 3040555.805313375 seconds)	0	2	103	0	26	103	tunnel	utun3#21#nil#20	0	8192	0.0	0.0	nil	tunnel name; VPN service unconfirmed
interface	2026-10-03T03:50:27.691Z	965152.9504227501	upload-load	Instant(_value: 3040555.805313375 seconds)	0	2	103	0	26	103	tunnel	utun4#24#nil#21	9216	4096	0.0	0.0	nil	tunnel name; VPN service unconfirmed
interface	2026-10-03T03:50:27.691Z	965152.9504227501	upload-load	Instant(_value: 3040555.805313375 seconds)	0	2	103	0	26	103	tunnel	utun5#25#nil#22	166912	143360	0.0	0.0	nil	tunnel name; VPN service unconfirmed
interface	2026-10-03T03:50:27.691Z	965152.9504227501	upload-load	Instant(_value: 3040555.805313375 seconds)	0	2	103	0	26	103	tunnel	utun6#26#nil#23	0	8192	0.0	0.0	nil	tunnel name; VPN service unconfirmed
interface	2026-10-03T03:50:27.691Z	965152.9504227501	upload-load	Instant(_value: 3040555.805313375 seconds)	0	2	103	0	26	103	tunnel	utun7#27#nil#24	0	8192	0.0	0.0	nil	tunnel name; VPN service unconfirmed
interface	2026-10-03T03:50:27.691Z	965152.9504227501	upload-load	Instant(_value: 3040555.805313375 seconds)	0	2	103	0	26	103	virtual	vmenet0#22#4295372070#25	5120	1833984	0.0	0.0	Optional(true)	virtual provider IOUserEthernetInterface/IOUserEthernetController/IOUserEthernetResourceUserClient/IOUserEthernetResource/IOResources/IOPlatformExpertDevice/IORegistryEntry
interface	2026-10-03T03:50:27.691Z	965152.9504227501	upload-load	Instant(_value: 3040555.805313375 seconds)	0	2	103	0	26	103	logical	bridge100#23#nil#26	0	3668992	0.0	0.0	Optional(true)	route link type=209
delivery	2026-10-03T03:50:27.691Z	965152.9504227501	upload-load	Instant(_value: 3040555.805313375 seconds)	0	2	103	0	26	103	delivered	networkActivity						sameReadAt=true
card	2026-10-03T03:50:27.691Z	965152.9504227501	upload-load	Optional(Swift.ContinuousClock.Instant(_value: 3040555.805313375 seconds))					26		partial("물리 대상의 식별·연결·속도 일부를 확인하지 못했습니다")	NetworkCard			360309.64109781844	2322594.782286237	true	Network 카드, 일부 수집 실패: 물리 대상의 식별·연결·속도 일부를 확인하지 못했습니다, 확인된 일부 합계 다운로드 351.9 KB/s, 업로드 2.2 MB/s, 일부 수집 실패: 대상 identity 또는 물리 정보 일부 미확인
sample	2026-10-03T03:50:28.761Z	965154.0207436667	upload-load	Instant(_value: 3040556.860046833 seconds)	0	2	104	0	26	104	partial("물리 대상의 식별·연결·속도 일부를 확인하지 못했습니다")	knownPhysical			356306.1332221434	2091235.4522084382	false	representativeRX=-1.0;representativeTX=-1.0
interface	2026-10-03T03:50:28.761Z	965154.0207436667	upload-load	Instant(_value: 3040556.860046833 seconds)	0	2	104	0	26	104	tunnel	gif0#2#nil#1	0	0	0.0	0.0	nil	route tunnel link type=55
interface	2026-10-03T03:50:28.761Z	965154.0207436667	upload-load	Instant(_value: 3040556.860046833 seconds)	0	2	104	0	26	104	tunnel	stf0#3#nil#2	0	0	0.0	0.0	nil	route tunnel link type=57
interface	2026-10-03T03:50:28.761Z	965154.0207436667	upload-load	Instant(_value: 3040556.860046833 seconds)	0	2	104	0	26	104	virtual	anpi1#4#4294970237#3	0	0	0.0	0.0	Optional(false)	private auxiliary network interface AppleUSBDeviceNCMPrivateEthernetInterface/AppleUSBDeviceNCMData/IOUSBDeviceInterface/AppleT8122USBXDCI/AppleARMIODevice/AppleH15IO/IOPlatformDevice/AppleARMPE/IOPlatformExpertDevice/IORegistryEntry
interface	2026-10-03T03:50:28.761Z	965154.0207436667	upload-load	Instant(_value: 3040556.860046833 seconds)	0	2	104	0	26	104	virtual	anpi2#5#4294970293#4	0	0	0.0	0.0	Optional(false)	private auxiliary network interface AppleUSBDeviceNCMPrivateEthernetInterface/AppleUSBDeviceNCMData/IOUSBDeviceInterface/AppleT8122USBXDCI/AppleARMIODevice/AppleH15IO/IOPlatformDevice/AppleARMPE/IOPlatformExpertDevice/IORegistryEntry
interface	2026-10-03T03:50:28.761Z	965154.0207436667	upload-load	Instant(_value: 3040556.860046833 seconds)	0	2	104	0	26	104	virtual	anpi0#6#4294970305#5	0	0	0.0	0.0	Optional(false)	private auxiliary network interface AppleUSBDeviceNCMPrivateEthernetInterface/AppleUSBDeviceNCMData/IOUSBDeviceInterface/AppleT8122USBXDCI/AppleARMIODevice/AppleH15IO/IOPlatformDevice/AppleARMPE/IOPlatformExpertDevice/IORegistryEntry
interface	2026-10-03T03:50:28.761Z	965154.0207436667	upload-load	Instant(_value: 3040556.860046833 seconds)	0	2	104	0	26	104	physicalEthernet	en4#7#4294970257#6	0	0	0.0	0.0	Optional(false)	SC Ethernet; hardware provider IOEthernetInterface/AppleUSBDeviceNCMData/IOUSBDeviceInterface/AppleT8122USBXDCI/AppleARMIODevice/AppleH15IO/IOPlatformDevice/AppleARMPE/IOPlatformExpertDevice/IORegistryEntry
interface	2026-10-03T03:50:28.761Z	965154.0207436667	upload-load	Instant(_value: 3040556.860046833 seconds)	0	2	104	0	26	104	physicalEthernet	en5#8#4294970175#7	0	0	0.0	0.0	Optional(false)	SC Ethernet; hardware provider IOEthernetInterface/AppleUSBDeviceNCMData/IOUSBDeviceInterface/AppleT8122USBXDCI/AppleARMIODevice/AppleH15IO/IOPlatformDevice/AppleARMPE/IOPlatformExpertDevice/IORegistryEntry
interface	2026-10-03T03:50:28.761Z	965154.0207436667	upload-load	Instant(_value: 3040556.860046833 seconds)	0	2	104	0	26	104	physicalEthernet	en6#9#4294970236#8	0	0	0.0	0.0	Optional(false)	SC Ethernet; hardware provider IOEthernetInterface/AppleUSBDeviceNCMData/IOUSBDeviceInterface/AppleT8122USBXDCI/AppleARMIODevice/AppleH15IO/IOPlatformDevice/AppleARMPE/IOPlatformExpertDevice/IORegistryEntry
interface	2026-10-03T03:50:28.761Z	965154.0207436667	upload-load	Instant(_value: 3040556.860046833 seconds)	0	2	104	0	26	104	physicalEthernet	en1#10#4294970312#9	0	0	0.0	0.0	Optional(false)	SC Ethernet; hardware provider IOEthernetInterface/AppleThunderboltIPPort/AppleThunderboltIPService/IOThunderboltLocalNode/IOThunderboltControllerType5/AppleThunderboltNHIType5/AppleThunderboltHALType5/AppleARMIODevice/AppleH15IO/IOPlatformDevice/AppleARMPE/IOPlatformExpertDevice/IORegistryEntry
interface	2026-10-03T03:50:28.761Z	965154.0207436667	upload-load	Instant(_value: 3040556.860046833 seconds)	0	2	104	0	26	104	physicalEthernet	en2#11#4294970264#10	0	0	0.0	0.0	Optional(false)	SC Ethernet; hardware provider IOEthernetInterface/AppleThunderboltIPPort/AppleThunderboltIPService/IOThunderboltLocalNode/IOThunderboltControllerType5/AppleThunderboltNHIType5/AppleThunderboltHALType5/AppleARMIODevice/AppleH15IO/IOPlatformDevice/AppleARMPE/IOPlatformExpertDevice/IORegistryEntry
interface	2026-10-03T03:50:28.761Z	965154.0207436667	upload-load	Instant(_value: 3040556.860046833 seconds)	0	2	104	0	26	104	physicalEthernet	en3#12#4294970379#11	0	0	0.0	0.0	Optional(false)	SC Ethernet; hardware provider IOEthernetInterface/AppleThunderboltIPPort/AppleThunderboltIPService/IOThunderboltLocalNode/IOThunderboltControllerType5/AppleThunderboltNHIType5/AppleThunderboltHALType5/AppleARMIODevice/AppleH15IO/IOPlatformDevice/AppleARMPE/IOPlatformExpertDevice/IORegistryEntry
interface	2026-10-03T03:50:28.761Z	965154.0207436667	upload-load	Instant(_value: 3040556.860046833 seconds)	0	2	104	0	26	104	logical	bridge0#15#nil#12	0	0	0.0	0.0	Optional(false)	route link type=209
interface	2026-10-03T03:50:28.761Z	965154.0207436667	upload-load	Instant(_value: 3040556.860046833 seconds)	0	2	104	0	26	104	unknown	ap1#13#nil#13	0	0	0.0	0.0	nil	IORegistry provider unavailable; SC type=
interface	2026-10-03T03:50:28.761Z	965154.0207436667	upload-load	Instant(_value: 3040556.860046833 seconds)	0	2	104	0	26	104	physicalWiFi	en0#14#4294971925#14	3214660608	2059740160	356306.1332221434	2091235.4522084382	Optional(true)	SC Wi-Fi; hardware provider IOSkywalkLegacyEthernetInterface/IO80211Controller/IOUserNetworkWLAN/IOUserService/IOUserService/IOPCIDevice/ApplePCIEHostBridge/IOPCIDevice/AppleT6031PCIe/AppleARMIODevice/AppleH15IO/IOPlatformDevice/AppleARMPE/IOPlatformExpertDevice/IORegistryEntry
interface	2026-10-03T03:50:28.761Z	965154.0207436667	upload-load	Instant(_value: 3040556.860046833 seconds)	0	2	104	0	26	104	virtual	awdl0#16#nil#15	8599552	8556544	0.0	0.0	Optional(true)	SIOCGIFFUNCTIONALTYPE=4
interface	2026-10-03T03:50:28.761Z	965154.0207436667	upload-load	Instant(_value: 3040556.860046833 seconds)	0	2	104	0	26	104	unknown	llw0#17#nil#16	0	0	0.0	0.0	nil	IORegistry provider unavailable; SC type=
interface	2026-10-03T03:50:28.761Z	965154.0207436667	upload-load	Instant(_value: 3040556.860046833 seconds)	0	2	104	0	26	104	tunnel	utun0#18#nil#17	0	0	0.0	0.0	nil	tunnel name; VPN service unconfirmed
interface	2026-10-03T03:50:28.761Z	965154.0207436667	upload-load	Instant(_value: 3040556.860046833 seconds)	0	2	104	0	26	104	tunnel	utun1#19#nil#18	0	8192	0.0	0.0	nil	tunnel name; VPN service unconfirmed
interface	2026-10-03T03:50:28.761Z	965154.0207436667	upload-load	Instant(_value: 3040556.860046833 seconds)	0	2	104	0	26	104	tunnel	utun2#20#nil#19	0	8192	0.0	0.0	nil	tunnel name; VPN service unconfirmed
interface	2026-10-03T03:50:28.761Z	965154.0207436667	upload-load	Instant(_value: 3040556.860046833 seconds)	0	2	104	0	26	104	tunnel	utun3#21#nil#20	0	8192	0.0	0.0	nil	tunnel name; VPN service unconfirmed
interface	2026-10-03T03:50:28.761Z	965154.0207436667	upload-load	Instant(_value: 3040556.860046833 seconds)	0	2	104	0	26	104	tunnel	utun4#24#nil#21	9216	4096	0.0	0.0	nil	tunnel name; VPN service unconfirmed
interface	2026-10-03T03:50:28.761Z	965154.0207436667	upload-load	Instant(_value: 3040556.860046833 seconds)	0	2	104	0	26	104	tunnel	utun5#25#nil#22	166912	143360	0.0	0.0	nil	tunnel name; VPN service unconfirmed
interface	2026-10-03T03:50:28.761Z	965154.0207436667	upload-load	Instant(_value: 3040556.860046833 seconds)	0	2	104	0	26	104	tunnel	utun6#26#nil#23	0	8192	0.0	0.0	nil	tunnel name; VPN service unconfirmed
interface	2026-10-03T03:50:28.761Z	965154.0207436667	upload-load	Instant(_value: 3040556.860046833 seconds)	0	2	104	0	26	104	tunnel	utun7#27#nil#24	0	8192	0.0	0.0	nil	tunnel name; VPN service unconfirmed
interface	2026-10-03T03:50:28.761Z	965154.0207436667	upload-load	Instant(_value: 3040556.860046833 seconds)	0	2	104	0	26	104	virtual	vmenet0#22#4295372070#25	5120	1833984	0.0	0.0	Optional(true)	virtual provider IOUserEthernetInterface/IOUserEthernetController/IOUserEthernetResourceUserClient/IOUserEthernetResource/IOResources/IOPlatformExpertDevice/IORegistryEntry
interface	2026-10-03T03:50:28.761Z	965154.0207436667	upload-load	Instant(_value: 3040556.860046833 seconds)	0	2	104	0	26	104	logical	bridge100#23#nil#26	0	3668992	0.0	0.0	Optional(true)	route link type=209
delivery	2026-10-03T03:50:28.761Z	965154.0207436667	upload-load	Instant(_value: 3040556.860046833 seconds)	0	2	104	0	26	104	delivered	networkActivity						sameReadAt=true
card	2026-10-03T03:50:28.761Z	965154.0207436667	upload-load	Optional(Swift.ContinuousClock.Instant(_value: 3040556.860046833 seconds))					26		partial("물리 대상의 식별·연결·속도 일부를 확인하지 못했습니다")	NetworkCard			356306.1332221434	2091235.4522084382	true	Network 카드, 일부 수집 실패: 물리 대상의 식별·연결·속도 일부를 확인하지 못했습니다, 확인된 일부 합계 다운로드 348.0 KB/s, 업로드 2.0 MB/s, 일부 수집 실패: 대상 identity 또는 물리 정보 일부 미확인
sample	2026-10-03T03:50:29.829Z	965155.0888253751	upload-load	Instant(_value: 3040557.853339083 seconds)	0	2	105	0	26	105	partial("물리 대상의 식별·연결·속도 일부를 확인하지 못했습니다")	knownPhysical			337109.24453502987	2219560.2553025056	false	representativeRX=-1.0;representativeTX=-1.0
interface	2026-10-03T03:50:29.829Z	965155.0888253751	upload-load	Instant(_value: 3040557.853339083 seconds)	0	2	105	0	26	105	tunnel	gif0#2#nil#1	0	0	0.0	0.0	nil	route tunnel link type=55
interface	2026-10-03T03:50:29.829Z	965155.0888253751	upload-load	Instant(_value: 3040557.853339083 seconds)	0	2	105	0	26	105	tunnel	stf0#3#nil#2	0	0	0.0	0.0	nil	route tunnel link type=57
interface	2026-10-03T03:50:29.829Z	965155.0888253751	upload-load	Instant(_value: 3040557.853339083 seconds)	0	2	105	0	26	105	virtual	anpi1#4#4294970237#3	0	0	0.0	0.0	Optional(false)	private auxiliary network interface AppleUSBDeviceNCMPrivateEthernetInterface/AppleUSBDeviceNCMData/IOUSBDeviceInterface/AppleT8122USBXDCI/AppleARMIODevice/AppleH15IO/IOPlatformDevice/AppleARMPE/IOPlatformExpertDevice/IORegistryEntry
interface	2026-10-03T03:50:29.829Z	965155.0888253751	upload-load	Instant(_value: 3040557.853339083 seconds)	0	2	105	0	26	105	virtual	anpi2#5#4294970293#4	0	0	0.0	0.0	Optional(false)	private auxiliary network interface AppleUSBDeviceNCMPrivateEthernetInterface/AppleUSBDeviceNCMData/IOUSBDeviceInterface/AppleT8122USBXDCI/AppleARMIODevice/AppleH15IO/IOPlatformDevice/AppleARMPE/IOPlatformExpertDevice/IORegistryEntry
interface	2026-10-03T03:50:29.829Z	965155.0888253751	upload-load	Instant(_value: 3040557.853339083 seconds)	0	2	105	0	26	105	virtual	anpi0#6#4294970305#5	0	0	0.0	0.0	Optional(false)	private auxiliary network interface AppleUSBDeviceNCMPrivateEthernetInterface/AppleUSBDeviceNCMData/IOUSBDeviceInterface/AppleT8122USBXDCI/AppleARMIODevice/AppleH15IO/IOPlatformDevice/AppleARMPE/IOPlatformExpertDevice/IORegistryEntry
interface	2026-10-03T03:50:29.829Z	965155.0888253751	upload-load	Instant(_value: 3040557.853339083 seconds)	0	2	105	0	26	105	physicalEthernet	en4#7#4294970257#6	0	0	0.0	0.0	Optional(false)	SC Ethernet; hardware provider IOEthernetInterface/AppleUSBDeviceNCMData/IOUSBDeviceInterface/AppleT8122USBXDCI/AppleARMIODevice/AppleH15IO/IOPlatformDevice/AppleARMPE/IOPlatformExpertDevice/IORegistryEntry
interface	2026-10-03T03:50:29.829Z	965155.0888253751	upload-load	Instant(_value: 3040557.853339083 seconds)	0	2	105	0	26	105	physicalEthernet	en5#8#4294970175#7	0	0	0.0	0.0	Optional(false)	SC Ethernet; hardware provider IOEthernetInterface/AppleUSBDeviceNCMData/IOUSBDeviceInterface/AppleT8122USBXDCI/AppleARMIODevice/AppleH15IO/IOPlatformDevice/AppleARMPE/IOPlatformExpertDevice/IORegistryEntry
interface	2026-10-03T03:50:29.829Z	965155.0888253751	upload-load	Instant(_value: 3040557.853339083 seconds)	0	2	105	0	26	105	physicalEthernet	en6#9#4294970236#8	0	0	0.0	0.0	Optional(false)	SC Ethernet; hardware provider IOEthernetInterface/AppleUSBDeviceNCMData/IOUSBDeviceInterface/AppleT8122USBXDCI/AppleARMIODevice/AppleH15IO/IOPlatformDevice/AppleARMPE/IOPlatformExpertDevice/IORegistryEntry
interface	2026-10-03T03:50:29.829Z	965155.0888253751	upload-load	Instant(_value: 3040557.853339083 seconds)	0	2	105	0	26	105	physicalEthernet	en1#10#4294970312#9	0	0	0.0	0.0	Optional(false)	SC Ethernet; hardware provider IOEthernetInterface/AppleThunderboltIPPort/AppleThunderboltIPService/IOThunderboltLocalNode/IOThunderboltControllerType5/AppleThunderboltNHIType5/AppleThunderboltHALType5/AppleARMIODevice/AppleH15IO/IOPlatformDevice/AppleARMPE/IOPlatformExpertDevice/IORegistryEntry
interface	2026-10-03T03:50:29.829Z	965155.0888253751	upload-load	Instant(_value: 3040557.853339083 seconds)	0	2	105	0	26	105	physicalEthernet	en2#11#4294970264#10	0	0	0.0	0.0	Optional(false)	SC Ethernet; hardware provider IOEthernetInterface/AppleThunderboltIPPort/AppleThunderboltIPService/IOThunderboltLocalNode/IOThunderboltControllerType5/AppleThunderboltNHIType5/AppleThunderboltHALType5/AppleARMIODevice/AppleH15IO/IOPlatformDevice/AppleARMPE/IOPlatformExpertDevice/IORegistryEntry
interface	2026-10-03T03:50:29.829Z	965155.0888253751	upload-load	Instant(_value: 3040557.853339083 seconds)	0	2	105	0	26	105	physicalEthernet	en3#12#4294970379#11	0	0	0.0	0.0	Optional(false)	SC Ethernet; hardware provider IOEthernetInterface/AppleThunderboltIPPort/AppleThunderboltIPService/IOThunderboltLocalNode/IOThunderboltControllerType5/AppleThunderboltNHIType5/AppleThunderboltHALType5/AppleARMIODevice/AppleH15IO/IOPlatformDevice/AppleARMPE/IOPlatformExpertDevice/IORegistryEntry
interface	2026-10-03T03:50:29.829Z	965155.0888253751	upload-load	Instant(_value: 3040557.853339083 seconds)	0	2	105	0	26	105	logical	bridge0#15#nil#12	0	0	0.0	0.0	Optional(false)	route link type=209
interface	2026-10-03T03:50:29.829Z	965155.0888253751	upload-load	Instant(_value: 3040557.853339083 seconds)	0	2	105	0	26	105	unknown	ap1#13#nil#13	0	0	0.0	0.0	nil	IORegistry provider unavailable; SC type=
interface	2026-10-03T03:50:29.829Z	965155.0888253751	upload-load	Instant(_value: 3040557.853339083 seconds)	0	2	105	0	26	105	physicalWiFi	en0#14#4294971925#14	3214995456	2061944832	337109.24453502987	2219560.2553025056	Optional(true)	SC Wi-Fi; hardware provider IOSkywalkLegacyEthernetInterface/IO80211Controller/IOUserNetworkWLAN/IOUserService/IOUserService/IOPCIDevice/ApplePCIEHostBridge/IOPCIDevice/AppleT6031PCIe/AppleARMIODevice/AppleH15IO/IOPlatformDevice/AppleARMPE/IOPlatformExpertDevice/IORegistryEntry
interface	2026-10-03T03:50:29.829Z	965155.0888253751	upload-load	Instant(_value: 3040557.853339083 seconds)	0	2	105	0	26	105	virtual	awdl0#16#nil#15	8599552	8556544	0.0	0.0	Optional(true)	SIOCGIFFUNCTIONALTYPE=4
interface	2026-10-03T03:50:29.829Z	965155.0888253751	upload-load	Instant(_value: 3040557.853339083 seconds)	0	2	105	0	26	105	unknown	llw0#17#nil#16	0	0	0.0	0.0	nil	IORegistry provider unavailable; SC type=
interface	2026-10-03T03:50:29.829Z	965155.0888253751	upload-load	Instant(_value: 3040557.853339083 seconds)	0	2	105	0	26	105	tunnel	utun0#18#nil#17	0	0	0.0	0.0	nil	tunnel name; VPN service unconfirmed
interface	2026-10-03T03:50:29.829Z	965155.0888253751	upload-load	Instant(_value: 3040557.853339083 seconds)	0	2	105	0	26	105	tunnel	utun1#19#nil#18	0	8192	0.0	0.0	nil	tunnel name; VPN service unconfirmed
interface	2026-10-03T03:50:29.829Z	965155.0888253751	upload-load	Instant(_value: 3040557.853339083 seconds)	0	2	105	0	26	105	tunnel	utun2#20#nil#19	0	8192	0.0	0.0	nil	tunnel name; VPN service unconfirmed
interface	2026-10-03T03:50:29.829Z	965155.0888253751	upload-load	Instant(_value: 3040557.853339083 seconds)	0	2	105	0	26	105	tunnel	utun3#21#nil#20	0	8192	0.0	0.0	nil	tunnel name; VPN service unconfirmed
interface	2026-10-03T03:50:29.829Z	965155.0888253751	upload-load	Instant(_value: 3040557.853339083 seconds)	0	2	105	0	26	105	tunnel	utun4#24#nil#21	9216	4096	0.0	0.0	nil	tunnel name; VPN service unconfirmed
interface	2026-10-03T03:50:29.829Z	965155.0888253751	upload-load	Instant(_value: 3040557.853339083 seconds)	0	2	105	0	26	105	tunnel	utun5#25#nil#22	166912	143360	0.0	0.0	nil	tunnel name; VPN service unconfirmed
interface	2026-10-03T03:50:29.829Z	965155.0888253751	upload-load	Instant(_value: 3040557.853339083 seconds)	0	2	105	0	26	105	tunnel	utun6#26#nil#23	0	8192	0.0	0.0	nil	tunnel name; VPN service unconfirmed
interface	2026-10-03T03:50:29.829Z	965155.0888253751	upload-load	Instant(_value: 3040557.853339083 seconds)	0	2	105	0	26	105	tunnel	utun7#27#nil#24	0	8192	0.0	0.0	nil	tunnel name; VPN service unconfirmed
interface	2026-10-03T03:50:29.829Z	965155.0888253751	upload-load	Instant(_value: 3040557.853339083 seconds)	0	2	105	0	26	105	virtual	vmenet0#22#4295372070#25	5120	1833984	0.0	0.0	Optional(true)	virtual provider IOUserEthernetInterface/IOUserEthernetController/IOUserEthernetResourceUserClient/IOUserEthernetResource/IOResources/IOPlatformExpertDevice/IORegistryEntry
interface	2026-10-03T03:50:29.829Z	965155.0888253751	upload-load	Instant(_value: 3040557.853339083 seconds)	0	2	105	0	26	105	logical	bridge100#23#nil#26	0	3668992	0.0	0.0	Optional(true)	route link type=209
delivery	2026-10-03T03:50:29.829Z	965155.0888253751	upload-load	Instant(_value: 3040557.853339083 seconds)	0	2	105	0	26	105	delivered	networkActivity						sameReadAt=true
card	2026-10-03T03:50:29.829Z	965155.0888253751	upload-load	Optional(Swift.ContinuousClock.Instant(_value: 3040557.853339083 seconds))					26		partial("물리 대상의 식별·연결·속도 일부를 확인하지 못했습니다")	NetworkCard			337109.24453502987	2219560.2553025056	true	Network 카드, 일부 수집 실패: 물리 대상의 식별·연결·속도 일부를 확인하지 못했습니다, 확인된 일부 합계 다운로드 329.2 KB/s, 업로드 2.1 MB/s, 일부 수집 실패: 대상 identity 또는 물리 정보 일부 미확인
sample	2026-10-03T03:50:30.895Z	965156.1542657501	upload-load	Instant(_value: 3040558.851959291 seconds)	0	2	106	0	26	106	partial("물리 대상의 식별·연결·속도 일부를 확인하지 못했습니다")	knownPhysical			354793.54128992354	2206692.777040218	false	representativeRX=-1.0;representativeTX=-1.0
interface	2026-10-03T03:50:30.895Z	965156.1542657501	upload-load	Instant(_value: 3040558.851959291 seconds)	0	2	106	0	26	106	tunnel	gif0#2#nil#1	0	0	0.0	0.0	nil	route tunnel link type=55
interface	2026-10-03T03:50:30.895Z	965156.1542657501	upload-load	Instant(_value: 3040558.851959291 seconds)	0	2	106	0	26	106	tunnel	stf0#3#nil#2	0	0	0.0	0.0	nil	route tunnel link type=57
interface	2026-10-03T03:50:30.895Z	965156.1542657501	upload-load	Instant(_value: 3040558.851959291 seconds)	0	2	106	0	26	106	virtual	anpi1#4#4294970237#3	0	0	0.0	0.0	Optional(false)	private auxiliary network interface AppleUSBDeviceNCMPrivateEthernetInterface/AppleUSBDeviceNCMData/IOUSBDeviceInterface/AppleT8122USBXDCI/AppleARMIODevice/AppleH15IO/IOPlatformDevice/AppleARMPE/IOPlatformExpertDevice/IORegistryEntry
interface	2026-10-03T03:50:30.895Z	965156.1542657501	upload-load	Instant(_value: 3040558.851959291 seconds)	0	2	106	0	26	106	virtual	anpi2#5#4294970293#4	0	0	0.0	0.0	Optional(false)	private auxiliary network interface AppleUSBDeviceNCMPrivateEthernetInterface/AppleUSBDeviceNCMData/IOUSBDeviceInterface/AppleT8122USBXDCI/AppleARMIODevice/AppleH15IO/IOPlatformDevice/AppleARMPE/IOPlatformExpertDevice/IORegistryEntry
interface	2026-10-03T03:50:30.895Z	965156.1542657501	upload-load	Instant(_value: 3040558.851959291 seconds)	0	2	106	0	26	106	virtual	anpi0#6#4294970305#5	0	0	0.0	0.0	Optional(false)	private auxiliary network interface AppleUSBDeviceNCMPrivateEthernetInterface/AppleUSBDeviceNCMData/IOUSBDeviceInterface/AppleT8122USBXDCI/AppleARMIODevice/AppleH15IO/IOPlatformDevice/AppleARMPE/IOPlatformExpertDevice/IORegistryEntry
interface	2026-10-03T03:50:30.895Z	965156.1542657501	upload-load	Instant(_value: 3040558.851959291 seconds)	0	2	106	0	26	106	physicalEthernet	en4#7#4294970257#6	0	0	0.0	0.0	Optional(false)	SC Ethernet; hardware provider IOEthernetInterface/AppleUSBDeviceNCMData/IOUSBDeviceInterface/AppleT8122USBXDCI/AppleARMIODevice/AppleH15IO/IOPlatformDevice/AppleARMPE/IOPlatformExpertDevice/IORegistryEntry
interface	2026-10-03T03:50:30.895Z	965156.1542657501	upload-load	Instant(_value: 3040558.851959291 seconds)	0	2	106	0	26	106	physicalEthernet	en5#8#4294970175#7	0	0	0.0	0.0	Optional(false)	SC Ethernet; hardware provider IOEthernetInterface/AppleUSBDeviceNCMData/IOUSBDeviceInterface/AppleT8122USBXDCI/AppleARMIODevice/AppleH15IO/IOPlatformDevice/AppleARMPE/IOPlatformExpertDevice/IORegistryEntry
interface	2026-10-03T03:50:30.895Z	965156.1542657501	upload-load	Instant(_value: 3040558.851959291 seconds)	0	2	106	0	26	106	physicalEthernet	en6#9#4294970236#8	0	0	0.0	0.0	Optional(false)	SC Ethernet; hardware provider IOEthernetInterface/AppleUSBDeviceNCMData/IOUSBDeviceInterface/AppleT8122USBXDCI/AppleARMIODevice/AppleH15IO/IOPlatformDevice/AppleARMPE/IOPlatformExpertDevice/IORegistryEntry
interface	2026-10-03T03:50:30.895Z	965156.1542657501	upload-load	Instant(_value: 3040558.851959291 seconds)	0	2	106	0	26	106	physicalEthernet	en1#10#4294970312#9	0	0	0.0	0.0	Optional(false)	SC Ethernet; hardware provider IOEthernetInterface/AppleThunderboltIPPort/AppleThunderboltIPService/IOThunderboltLocalNode/IOThunderboltControllerType5/AppleThunderboltNHIType5/AppleThunderboltHALType5/AppleARMIODevice/AppleH15IO/IOPlatformDevice/AppleARMPE/IOPlatformExpertDevice/IORegistryEntry
interface	2026-10-03T03:50:30.895Z	965156.1542657501	upload-load	Instant(_value: 3040558.851959291 seconds)	0	2	106	0	26	106	physicalEthernet	en2#11#4294970264#10	0	0	0.0	0.0	Optional(false)	SC Ethernet; hardware provider IOEthernetInterface/AppleThunderboltIPPort/AppleThunderboltIPService/IOThunderboltLocalNode/IOThunderboltControllerType5/AppleThunderboltNHIType5/AppleThunderboltHALType5/AppleARMIODevice/AppleH15IO/IOPlatformDevice/AppleARMPE/IOPlatformExpertDevice/IORegistryEntry
interface	2026-10-03T03:50:30.895Z	965156.1542657501	upload-load	Instant(_value: 3040558.851959291 seconds)	0	2	106	0	26	106	physicalEthernet	en3#12#4294970379#11	0	0	0.0	0.0	Optional(false)	SC Ethernet; hardware provider IOEthernetInterface/AppleThunderboltIPPort/AppleThunderboltIPService/IOThunderboltLocalNode/IOThunderboltControllerType5/AppleThunderboltNHIType5/AppleThunderboltHALType5/AppleARMIODevice/AppleH15IO/IOPlatformDevice/AppleARMPE/IOPlatformExpertDevice/IORegistryEntry
interface	2026-10-03T03:50:30.895Z	965156.1542657501	upload-load	Instant(_value: 3040558.851959291 seconds)	0	2	106	0	26	106	logical	bridge0#15#nil#12	0	0	0.0	0.0	Optional(false)	route link type=209
interface	2026-10-03T03:50:30.895Z	965156.1542657501	upload-load	Instant(_value: 3040558.851959291 seconds)	0	2	106	0	26	106	unknown	ap1#13#nil#13	0	0	0.0	0.0	nil	IORegistry provider unavailable; SC type=
interface	2026-10-03T03:50:30.895Z	965156.1542657501	upload-load	Instant(_value: 3040558.851959291 seconds)	0	2	106	0	26	106	physicalWiFi	en0#14#4294971925#14	3215349760	2064148480	354793.54128992354	2206692.777040218	Optional(true)	SC Wi-Fi; hardware provider IOSkywalkLegacyEthernetInterface/IO80211Controller/IOUserNetworkWLAN/IOUserService/IOUserService/IOPCIDevice/ApplePCIEHostBridge/IOPCIDevice/AppleT6031PCIe/AppleARMIODevice/AppleH15IO/IOPlatformDevice/AppleARMPE/IOPlatformExpertDevice/IORegistryEntry
interface	2026-10-03T03:50:30.895Z	965156.1542657501	upload-load	Instant(_value: 3040558.851959291 seconds)	0	2	106	0	26	106	virtual	awdl0#16#nil#15	8599552	8556544	0.0	0.0	Optional(true)	SIOCGIFFUNCTIONALTYPE=4
interface	2026-10-03T03:50:30.895Z	965156.1542657501	upload-load	Instant(_value: 3040558.851959291 seconds)	0	2	106	0	26	106	unknown	llw0#17#nil#16	0	0	0.0	0.0	nil	IORegistry provider unavailable; SC type=
interface	2026-10-03T03:50:30.895Z	965156.1542657501	upload-load	Instant(_value: 3040558.851959291 seconds)	0	2	106	0	26	106	tunnel	utun0#18#nil#17	0	0	0.0	0.0	nil	tunnel name; VPN service unconfirmed
interface	2026-10-03T03:50:30.895Z	965156.1542657501	upload-load	Instant(_value: 3040558.851959291 seconds)	0	2	106	0	26	106	tunnel	utun1#19#nil#18	0	8192	0.0	0.0	nil	tunnel name; VPN service unconfirmed
interface	2026-10-03T03:50:30.895Z	965156.1542657501	upload-load	Instant(_value: 3040558.851959291 seconds)	0	2	106	0	26	106	tunnel	utun2#20#nil#19	0	8192	0.0	0.0	nil	tunnel name; VPN service unconfirmed
interface	2026-10-03T03:50:30.895Z	965156.1542657501	upload-load	Instant(_value: 3040558.851959291 seconds)	0	2	106	0	26	106	tunnel	utun3#21#nil#20	0	8192	0.0	0.0	nil	tunnel name; VPN service unconfirmed
interface	2026-10-03T03:50:30.895Z	965156.1542657501	upload-load	Instant(_value: 3040558.851959291 seconds)	0	2	106	0	26	106	tunnel	utun4#24#nil#21	9216	4096	0.0	0.0	nil	tunnel name; VPN service unconfirmed
interface	2026-10-03T03:50:30.895Z	965156.1542657501	upload-load	Instant(_value: 3040558.851959291 seconds)	0	2	106	0	26	106	tunnel	utun5#25#nil#22	166912	143360	0.0	0.0	nil	tunnel name; VPN service unconfirmed
interface	2026-10-03T03:50:30.895Z	965156.1542657501	upload-load	Instant(_value: 3040558.851959291 seconds)	0	2	106	0	26	106	tunnel	utun6#26#nil#23	0	8192	0.0	0.0	nil	tunnel name; VPN service unconfirmed
interface	2026-10-03T03:50:30.895Z	965156.1542657501	upload-load	Instant(_value: 3040558.851959291 seconds)	0	2	106	0	26	106	tunnel	utun7#27#nil#24	0	8192	0.0	0.0	nil	tunnel name; VPN service unconfirmed
interface	2026-10-03T03:50:30.895Z	965156.1542657501	upload-load	Instant(_value: 3040558.851959291 seconds)	0	2	106	0	26	106	virtual	vmenet0#22#4295372070#25	5120	1833984	0.0	0.0	Optional(true)	virtual provider IOUserEthernetInterface/IOUserEthernetController/IOUserEthernetResourceUserClient/IOUserEthernetResource/IOResources/IOPlatformExpertDevice/IORegistryEntry
interface	2026-10-03T03:50:30.895Z	965156.1542657501	upload-load	Instant(_value: 3040558.851959291 seconds)	0	2	106	0	26	106	logical	bridge100#23#nil#26	0	3668992	0.0	0.0	Optional(true)	route link type=209
delivery	2026-10-03T03:50:30.895Z	965156.1542657501	upload-load	Instant(_value: 3040558.851959291 seconds)	0	2	106	0	26	106	delivered	networkActivity						sameReadAt=true
card	2026-10-03T03:50:30.895Z	965156.1542657501	upload-load	Optional(Swift.ContinuousClock.Instant(_value: 3040558.851959291 seconds))					26		partial("물리 대상의 식별·연결·속도 일부를 확인하지 못했습니다")	NetworkCard			354793.54128992354	2206692.777040218	true	Network 카드, 일부 수집 실패: 물리 대상의 식별·연결·속도 일부를 확인하지 못했습니다, 확인된 일부 합계 다운로드 346.5 KB/s, 업로드 2.1 MB/s, 일부 수집 실패: 대상 identity 또는 물리 정보 일부 미확인
sample	2026-10-03T03:50:31.913Z	965157.1724641668	upload-recovery	Instant(_value: 3040559.851058625 seconds)	0	2	107	0	26	107	partial("물리 대상의 식별·연결·속도 일부를 확인하지 못했습니다")	knownPhysical			359748.0128036999	2216908.694286048	false	representativeRX=-1.0;representativeTX=-1.0
interface	2026-10-03T03:50:31.913Z	965157.1724641668	upload-recovery	Instant(_value: 3040559.851058625 seconds)	0	2	107	0	26	107	tunnel	gif0#2#nil#1	0	0	0.0	0.0	nil	route tunnel link type=55
interface	2026-10-03T03:50:31.913Z	965157.1724641668	upload-recovery	Instant(_value: 3040559.851058625 seconds)	0	2	107	0	26	107	tunnel	stf0#3#nil#2	0	0	0.0	0.0	nil	route tunnel link type=57
interface	2026-10-03T03:50:31.913Z	965157.1724641668	upload-recovery	Instant(_value: 3040559.851058625 seconds)	0	2	107	0	26	107	virtual	anpi1#4#4294970237#3	0	0	0.0	0.0	Optional(false)	private auxiliary network interface AppleUSBDeviceNCMPrivateEthernetInterface/AppleUSBDeviceNCMData/IOUSBDeviceInterface/AppleT8122USBXDCI/AppleARMIODevice/AppleH15IO/IOPlatformDevice/AppleARMPE/IOPlatformExpertDevice/IORegistryEntry
interface	2026-10-03T03:50:31.913Z	965157.1724641668	upload-recovery	Instant(_value: 3040559.851058625 seconds)	0	2	107	0	26	107	virtual	anpi2#5#4294970293#4	0	0	0.0	0.0	Optional(false)	private auxiliary network interface AppleUSBDeviceNCMPrivateEthernetInterface/AppleUSBDeviceNCMData/IOUSBDeviceInterface/AppleT8122USBXDCI/AppleARMIODevice/AppleH15IO/IOPlatformDevice/AppleARMPE/IOPlatformExpertDevice/IORegistryEntry
interface	2026-10-03T03:50:31.913Z	965157.1724641668	upload-recovery	Instant(_value: 3040559.851058625 seconds)	0	2	107	0	26	107	virtual	anpi0#6#4294970305#5	0	0	0.0	0.0	Optional(false)	private auxiliary network interface AppleUSBDeviceNCMPrivateEthernetInterface/AppleUSBDeviceNCMData/IOUSBDeviceInterface/AppleT8122USBXDCI/AppleARMIODevice/AppleH15IO/IOPlatformDevice/AppleARMPE/IOPlatformExpertDevice/IORegistryEntry
interface	2026-10-03T03:50:31.913Z	965157.1724641668	upload-recovery	Instant(_value: 3040559.851058625 seconds)	0	2	107	0	26	107	physicalEthernet	en4#7#4294970257#6	0	0	0.0	0.0	Optional(false)	SC Ethernet; hardware provider IOEthernetInterface/AppleUSBDeviceNCMData/IOUSBDeviceInterface/AppleT8122USBXDCI/AppleARMIODevice/AppleH15IO/IOPlatformDevice/AppleARMPE/IOPlatformExpertDevice/IORegistryEntry
interface	2026-10-03T03:50:31.913Z	965157.1724641668	upload-recovery	Instant(_value: 3040559.851058625 seconds)	0	2	107	0	26	107	physicalEthernet	en5#8#4294970175#7	0	0	0.0	0.0	Optional(false)	SC Ethernet; hardware provider IOEthernetInterface/AppleUSBDeviceNCMData/IOUSBDeviceInterface/AppleT8122USBXDCI/AppleARMIODevice/AppleH15IO/IOPlatformDevice/AppleARMPE/IOPlatformExpertDevice/IORegistryEntry
interface	2026-10-03T03:50:31.913Z	965157.1724641668	upload-recovery	Instant(_value: 3040559.851058625 seconds)	0	2	107	0	26	107	physicalEthernet	en6#9#4294970236#8	0	0	0.0	0.0	Optional(false)	SC Ethernet; hardware provider IOEthernetInterface/AppleUSBDeviceNCMData/IOUSBDeviceInterface/AppleT8122USBXDCI/AppleARMIODevice/AppleH15IO/IOPlatformDevice/AppleARMPE/IOPlatformExpertDevice/IORegistryEntry
interface	2026-10-03T03:50:31.913Z	965157.1724641668	upload-recovery	Instant(_value: 3040559.851058625 seconds)	0	2	107	0	26	107	physicalEthernet	en1#10#4294970312#9	0	0	0.0	0.0	Optional(false)	SC Ethernet; hardware provider IOEthernetInterface/AppleThunderboltIPPort/AppleThunderboltIPService/IOThunderboltLocalNode/IOThunderboltControllerType5/AppleThunderboltNHIType5/AppleThunderboltHALType5/AppleARMIODevice/AppleH15IO/IOPlatformDevice/AppleARMPE/IOPlatformExpertDevice/IORegistryEntry
interface	2026-10-03T03:50:31.913Z	965157.1724641668	upload-recovery	Instant(_value: 3040559.851058625 seconds)	0	2	107	0	26	107	physicalEthernet	en2#11#4294970264#10	0	0	0.0	0.0	Optional(false)	SC Ethernet; hardware provider IOEthernetInterface/AppleThunderboltIPPort/AppleThunderboltIPService/IOThunderboltLocalNode/IOThunderboltControllerType5/AppleThunderboltNHIType5/AppleThunderboltHALType5/AppleARMIODevice/AppleH15IO/IOPlatformDevice/AppleARMPE/IOPlatformExpertDevice/IORegistryEntry
interface	2026-10-03T03:50:31.913Z	965157.1724641668	upload-recovery	Instant(_value: 3040559.851058625 seconds)	0	2	107	0	26	107	physicalEthernet	en3#12#4294970379#11	0	0	0.0	0.0	Optional(false)	SC Ethernet; hardware provider IOEthernetInterface/AppleThunderboltIPPort/AppleThunderboltIPService/IOThunderboltLocalNode/IOThunderboltControllerType5/AppleThunderboltNHIType5/AppleThunderboltHALType5/AppleARMIODevice/AppleH15IO/IOPlatformDevice/AppleARMPE/IOPlatformExpertDevice/IORegistryEntry
interface	2026-10-03T03:50:31.913Z	965157.1724641668	upload-recovery	Instant(_value: 3040559.851058625 seconds)	0	2	107	0	26	107	logical	bridge0#15#nil#12	0	0	0.0	0.0	Optional(false)	route link type=209
interface	2026-10-03T03:50:31.913Z	965157.1724641668	upload-recovery	Instant(_value: 3040559.851058625 seconds)	0	2	107	0	26	107	unknown	ap1#13#nil#13	0	0	0.0	0.0	nil	IORegistry provider unavailable; SC type=
interface	2026-10-03T03:50:31.913Z	965157.1724641668	upload-recovery	Instant(_value: 3040559.851058625 seconds)	0	2	107	0	26	107	physicalWiFi	en0#14#4294971925#14	3215709184	2066363392	359748.0128036999	2216908.694286048	Optional(true)	SC Wi-Fi; hardware provider IOSkywalkLegacyEthernetInterface/IO80211Controller/IOUserNetworkWLAN/IOUserService/IOUserService/IOPCIDevice/ApplePCIEHostBridge/IOPCIDevice/AppleT6031PCIe/AppleARMIODevice/AppleH15IO/IOPlatformDevice/AppleARMPE/IOPlatformExpertDevice/IORegistryEntry
interface	2026-10-03T03:50:31.913Z	965157.1724641668	upload-recovery	Instant(_value: 3040559.851058625 seconds)	0	2	107	0	26	107	virtual	awdl0#16#nil#15	8599552	8556544	0.0	0.0	Optional(true)	SIOCGIFFUNCTIONALTYPE=4
interface	2026-10-03T03:50:31.913Z	965157.1724641668	upload-recovery	Instant(_value: 3040559.851058625 seconds)	0	2	107	0	26	107	unknown	llw0#17#nil#16	0	0	0.0	0.0	nil	IORegistry provider unavailable; SC type=
interface	2026-10-03T03:50:31.913Z	965157.1724641668	upload-recovery	Instant(_value: 3040559.851058625 seconds)	0	2	107	0	26	107	tunnel	utun0#18#nil#17	0	0	0.0	0.0	nil	tunnel name; VPN service unconfirmed
interface	2026-10-03T03:50:31.913Z	965157.1724641668	upload-recovery	Instant(_value: 3040559.851058625 seconds)	0	2	107	0	26	107	tunnel	utun1#19#nil#18	0	8192	0.0	0.0	nil	tunnel name; VPN service unconfirmed
interface	2026-10-03T03:50:31.913Z	965157.1724641668	upload-recovery	Instant(_value: 3040559.851058625 seconds)	0	2	107	0	26	107	tunnel	utun2#20#nil#19	0	8192	0.0	0.0	nil	tunnel name; VPN service unconfirmed
interface	2026-10-03T03:50:31.913Z	965157.1724641668	upload-recovery	Instant(_value: 3040559.851058625 seconds)	0	2	107	0	26	107	tunnel	utun3#21#nil#20	0	8192	0.0	0.0	nil	tunnel name; VPN service unconfirmed
interface	2026-10-03T03:50:31.913Z	965157.1724641668	upload-recovery	Instant(_value: 3040559.851058625 seconds)	0	2	107	0	26	107	tunnel	utun4#24#nil#21	9216	4096	0.0	0.0	nil	tunnel name; VPN service unconfirmed
interface	2026-10-03T03:50:31.913Z	965157.1724641668	upload-recovery	Instant(_value: 3040559.851058625 seconds)	0	2	107	0	26	107	tunnel	utun5#25#nil#22	166912	143360	0.0	0.0	nil	tunnel name; VPN service unconfirmed
interface	2026-10-03T03:50:31.913Z	965157.1724641668	upload-recovery	Instant(_value: 3040559.851058625 seconds)	0	2	107	0	26	107	tunnel	utun6#26#nil#23	0	8192	0.0	0.0	nil	tunnel name; VPN service unconfirmed
interface	2026-10-03T03:50:31.913Z	965157.1724641668	upload-recovery	Instant(_value: 3040559.851058625 seconds)	0	2	107	0	26	107	tunnel	utun7#27#nil#24	0	8192	0.0	0.0	nil	tunnel name; VPN service unconfirmed
interface	2026-10-03T03:50:31.913Z	965157.1724641668	upload-recovery	Instant(_value: 3040559.851058625 seconds)	0	2	107	0	26	107	virtual	vmenet0#22#4295372070#25	5120	1833984	0.0	0.0	Optional(true)	virtual provider IOUserEthernetInterface/IOUserEthernetController/IOUserEthernetResourceUserClient/IOUserEthernetResource/IOResources/IOPlatformExpertDevice/IORegistryEntry
interface	2026-10-03T03:50:31.913Z	965157.1724641668	upload-recovery	Instant(_value: 3040559.851058625 seconds)	0	2	107	0	26	107	logical	bridge100#23#nil#26	0	3668992	0.0	0.0	Optional(true)	route link type=209
delivery	2026-10-03T03:50:31.913Z	965157.1724641668	upload-recovery	Instant(_value: 3040559.851058625 seconds)	0	2	107	0	26	107	delivered	networkActivity						sameReadAt=true
card	2026-10-03T03:50:31.913Z	965157.1724641668	upload-recovery	Optional(Swift.ContinuousClock.Instant(_value: 3040559.851058625 seconds))					26		partial("물리 대상의 식별·연결·속도 일부를 확인하지 못했습니다")	NetworkCard			359748.0128036999	2216908.694286048	true	Network 카드, 일부 수집 실패: 물리 대상의 식별·연결·속도 일부를 확인하지 못했습니다, 확인된 일부 합계 다운로드 351.3 KB/s, 업로드 2.1 MB/s, 일부 수집 실패: 대상 identity 또는 물리 정보 일부 미확인
sample	2026-10-03T03:50:32.978Z	965158.2373027501	upload-recovery	Instant(_value: 3040560.853590958 seconds)	0	2	108	0	26	108	partial("물리 대상의 식별·연결·속도 일부를 확인하지 못했습니다")	knownPhysical			317659.5801623886	13278.374733476052	false	representativeRX=-1.0;representativeTX=-1.0
interface	2026-10-03T03:50:32.978Z	965158.2373027501	upload-recovery	Instant(_value: 3040560.853590958 seconds)	0	2	108	0	26	108	tunnel	gif0#2#nil#1	0	0	0.0	0.0	nil	route tunnel link type=55
interface	2026-10-03T03:50:32.978Z	965158.2373027501	upload-recovery	Instant(_value: 3040560.853590958 seconds)	0	2	108	0	26	108	tunnel	stf0#3#nil#2	0	0	0.0	0.0	nil	route tunnel link type=57
interface	2026-10-03T03:50:32.978Z	965158.2373027501	upload-recovery	Instant(_value: 3040560.853590958 seconds)	0	2	108	0	26	108	virtual	anpi1#4#4294970237#3	0	0	0.0	0.0	Optional(false)	private auxiliary network interface AppleUSBDeviceNCMPrivateEthernetInterface/AppleUSBDeviceNCMData/IOUSBDeviceInterface/AppleT8122USBXDCI/AppleARMIODevice/AppleH15IO/IOPlatformDevice/AppleARMPE/IOPlatformExpertDevice/IORegistryEntry
interface	2026-10-03T03:50:32.978Z	965158.2373027501	upload-recovery	Instant(_value: 3040560.853590958 seconds)	0	2	108	0	26	108	virtual	anpi2#5#4294970293#4	0	0	0.0	0.0	Optional(false)	private auxiliary network interface AppleUSBDeviceNCMPrivateEthernetInterface/AppleUSBDeviceNCMData/IOUSBDeviceInterface/AppleT8122USBXDCI/AppleARMIODevice/AppleH15IO/IOPlatformDevice/AppleARMPE/IOPlatformExpertDevice/IORegistryEntry
interface	2026-10-03T03:50:32.978Z	965158.2373027501	upload-recovery	Instant(_value: 3040560.853590958 seconds)	0	2	108	0	26	108	virtual	anpi0#6#4294970305#5	0	0	0.0	0.0	Optional(false)	private auxiliary network interface AppleUSBDeviceNCMPrivateEthernetInterface/AppleUSBDeviceNCMData/IOUSBDeviceInterface/AppleT8122USBXDCI/AppleARMIODevice/AppleH15IO/IOPlatformDevice/AppleARMPE/IOPlatformExpertDevice/IORegistryEntry
interface	2026-10-03T03:50:32.978Z	965158.2373027501	upload-recovery	Instant(_value: 3040560.853590958 seconds)	0	2	108	0	26	108	physicalEthernet	en4#7#4294970257#6	0	0	0.0	0.0	Optional(false)	SC Ethernet; hardware provider IOEthernetInterface/AppleUSBDeviceNCMData/IOUSBDeviceInterface/AppleT8122USBXDCI/AppleARMIODevice/AppleH15IO/IOPlatformDevice/AppleARMPE/IOPlatformExpertDevice/IORegistryEntry
interface	2026-10-03T03:50:32.978Z	965158.2373027501	upload-recovery	Instant(_value: 3040560.853590958 seconds)	0	2	108	0	26	108	physicalEthernet	en5#8#4294970175#7	0	0	0.0	0.0	Optional(false)	SC Ethernet; hardware provider IOEthernetInterface/AppleUSBDeviceNCMData/IOUSBDeviceInterface/AppleT8122USBXDCI/AppleARMIODevice/AppleH15IO/IOPlatformDevice/AppleARMPE/IOPlatformExpertDevice/IORegistryEntry
interface	2026-10-03T03:50:32.978Z	965158.2373027501	upload-recovery	Instant(_value: 3040560.853590958 seconds)	0	2	108	0	26	108	physicalEthernet	en6#9#4294970236#8	0	0	0.0	0.0	Optional(false)	SC Ethernet; hardware provider IOEthernetInterface/AppleUSBDeviceNCMData/IOUSBDeviceInterface/AppleT8122USBXDCI/AppleARMIODevice/AppleH15IO/IOPlatformDevice/AppleARMPE/IOPlatformExpertDevice/IORegistryEntry
interface	2026-10-03T03:50:32.978Z	965158.2373027501	upload-recovery	Instant(_value: 3040560.853590958 seconds)	0	2	108	0	26	108	physicalEthernet	en1#10#4294970312#9	0	0	0.0	0.0	Optional(false)	SC Ethernet; hardware provider IOEthernetInterface/AppleThunderboltIPPort/AppleThunderboltIPService/IOThunderboltLocalNode/IOThunderboltControllerType5/AppleThunderboltNHIType5/AppleThunderboltHALType5/AppleARMIODevice/AppleH15IO/IOPlatformDevice/AppleARMPE/IOPlatformExpertDevice/IORegistryEntry
interface	2026-10-03T03:50:32.978Z	965158.2373027501	upload-recovery	Instant(_value: 3040560.853590958 seconds)	0	2	108	0	26	108	physicalEthernet	en2#11#4294970264#10	0	0	0.0	0.0	Optional(false)	SC Ethernet; hardware provider IOEthernetInterface/AppleThunderboltIPPort/AppleThunderboltIPService/IOThunderboltLocalNode/IOThunderboltControllerType5/AppleThunderboltNHIType5/AppleThunderboltHALType5/AppleARMIODevice/AppleH15IO/IOPlatformDevice/AppleARMPE/IOPlatformExpertDevice/IORegistryEntry
interface	2026-10-03T03:50:32.978Z	965158.2373027501	upload-recovery	Instant(_value: 3040560.853590958 seconds)	0	2	108	0	26	108	physicalEthernet	en3#12#4294970379#11	0	0	0.0	0.0	Optional(false)	SC Ethernet; hardware provider IOEthernetInterface/AppleThunderboltIPPort/AppleThunderboltIPService/IOThunderboltLocalNode/IOThunderboltControllerType5/AppleThunderboltNHIType5/AppleThunderboltHALType5/AppleARMIODevice/AppleH15IO/IOPlatformDevice/AppleARMPE/IOPlatformExpertDevice/IORegistryEntry
interface	2026-10-03T03:50:32.978Z	965158.2373027501	upload-recovery	Instant(_value: 3040560.853590958 seconds)	0	2	108	0	26	108	logical	bridge0#15#nil#12	0	0	0.0	0.0	Optional(false)	route link type=209
interface	2026-10-03T03:50:32.978Z	965158.2373027501	upload-recovery	Instant(_value: 3040560.853590958 seconds)	0	2	108	0	26	108	unknown	ap1#13#nil#13	0	0	0.0	0.0	nil	IORegistry provider unavailable; SC type=
interface	2026-10-03T03:50:32.978Z	965158.2373027501	upload-recovery	Instant(_value: 3040560.853590958 seconds)	0	2	108	0	26	108	physicalWiFi	en0#14#4294971925#14	3216027648	2066376704	317659.5801623886	13278.374733476052	Optional(true)	SC Wi-Fi; hardware provider IOSkywalkLegacyEthernetInterface/IO80211Controller/IOUserNetworkWLAN/IOUserService/IOUserService/IOPCIDevice/ApplePCIEHostBridge/IOPCIDevice/AppleT6031PCIe/AppleARMIODevice/AppleH15IO/IOPlatformDevice/AppleARMPE/IOPlatformExpertDevice/IORegistryEntry
interface	2026-10-03T03:50:32.978Z	965158.2373027501	upload-recovery	Instant(_value: 3040560.853590958 seconds)	0	2	108	0	26	108	virtual	awdl0#16#nil#15	8599552	8556544	0.0	0.0	Optional(true)	SIOCGIFFUNCTIONALTYPE=4
interface	2026-10-03T03:50:32.978Z	965158.2373027501	upload-recovery	Instant(_value: 3040560.853590958 seconds)	0	2	108	0	26	108	unknown	llw0#17#nil#16	0	0	0.0	0.0	nil	IORegistry provider unavailable; SC type=
interface	2026-10-03T03:50:32.978Z	965158.2373027501	upload-recovery	Instant(_value: 3040560.853590958 seconds)	0	2	108	0	26	108	tunnel	utun0#18#nil#17	0	0	0.0	0.0	nil	tunnel name; VPN service unconfirmed
interface	2026-10-03T03:50:32.978Z	965158.2373027501	upload-recovery	Instant(_value: 3040560.853590958 seconds)	0	2	108	0	26	108	tunnel	utun1#19#nil#18	0	8192	0.0	0.0	nil	tunnel name; VPN service unconfirmed
interface	2026-10-03T03:50:32.978Z	965158.2373027501	upload-recovery	Instant(_value: 3040560.853590958 seconds)	0	2	108	0	26	108	tunnel	utun2#20#nil#19	0	8192	0.0	0.0	nil	tunnel name; VPN service unconfirmed
interface	2026-10-03T03:50:32.978Z	965158.2373027501	upload-recovery	Instant(_value: 3040560.853590958 seconds)	0	2	108	0	26	108	tunnel	utun3#21#nil#20	0	8192	0.0	0.0	nil	tunnel name; VPN service unconfirmed
interface	2026-10-03T03:50:32.978Z	965158.2373027501	upload-recovery	Instant(_value: 3040560.853590958 seconds)	0	2	108	0	26	108	tunnel	utun4#24#nil#21	9216	4096	0.0	0.0	nil	tunnel name; VPN service unconfirmed
interface	2026-10-03T03:50:32.978Z	965158.2373027501	upload-recovery	Instant(_value: 3040560.853590958 seconds)	0	2	108	0	26	108	tunnel	utun5#25#nil#22	166912	143360	0.0	0.0	nil	tunnel name; VPN service unconfirmed
interface	2026-10-03T03:50:32.978Z	965158.2373027501	upload-recovery	Instant(_value: 3040560.853590958 seconds)	0	2	108	0	26	108	tunnel	utun6#26#nil#23	0	8192	0.0	0.0	nil	tunnel name; VPN service unconfirmed
interface	2026-10-03T03:50:32.978Z	965158.2373027501	upload-recovery	Instant(_value: 3040560.853590958 seconds)	0	2	108	0	26	108	tunnel	utun7#27#nil#24	0	8192	0.0	0.0	nil	tunnel name; VPN service unconfirmed
interface	2026-10-03T03:50:32.978Z	965158.2373027501	upload-recovery	Instant(_value: 3040560.853590958 seconds)	0	2	108	0	26	108	virtual	vmenet0#22#4295372070#25	5120	1833984	0.0	0.0	Optional(true)	virtual provider IOUserEthernetInterface/IOUserEthernetController/IOUserEthernetResourceUserClient/IOUserEthernetResource/IOResources/IOPlatformExpertDevice/IORegistryEntry
interface	2026-10-03T03:50:32.978Z	965158.2373027501	upload-recovery	Instant(_value: 3040560.853590958 seconds)	0	2	108	0	26	108	logical	bridge100#23#nil#26	0	3668992	0.0	0.0	Optional(true)	route link type=209
delivery	2026-10-03T03:50:32.978Z	965158.2373027501	upload-recovery	Instant(_value: 3040560.853590958 seconds)	0	2	108	0	26	108	delivered	networkActivity						sameReadAt=true
card	2026-10-03T03:50:32.978Z	965158.2373027501	upload-recovery	Optional(Swift.ContinuousClock.Instant(_value: 3040560.853590958 seconds))					26		partial("물리 대상의 식별·연결·속도 일부를 확인하지 못했습니다")	NetworkCard			317659.5801623886	13278.374733476052	true	Network 카드, 일부 수집 실패: 물리 대상의 식별·연결·속도 일부를 확인하지 못했습니다, 확인된 일부 합계 다운로드 310.2 KB/s, 업로드 13.0 KB/s, 일부 수집 실패: 대상 identity 또는 물리 정보 일부 미확인
sample	2026-10-03T03:50:33.981Z	965159.2400877083	upload-recovery	Instant(_value: 3040561.8391315 seconds)	0	2	109	0	26	109	partial("물리 대상의 식별·연결·속도 일부를 확인하지 못했습니다")	knownPhysical			320019.3057101044	2078.047439676003	false	representativeRX=-1.0;representativeTX=-1.0
interface	2026-10-03T03:50:33.981Z	965159.2400877083	upload-recovery	Instant(_value: 3040561.8391315 seconds)	0	2	109	0	26	109	tunnel	gif0#2#nil#1	0	0	0.0	0.0	nil	route tunnel link type=55
interface	2026-10-03T03:50:33.981Z	965159.2400877083	upload-recovery	Instant(_value: 3040561.8391315 seconds)	0	2	109	0	26	109	tunnel	stf0#3#nil#2	0	0	0.0	0.0	nil	route tunnel link type=57
interface	2026-10-03T03:50:33.981Z	965159.2400877083	upload-recovery	Instant(_value: 3040561.8391315 seconds)	0	2	109	0	26	109	virtual	anpi1#4#4294970237#3	0	0	0.0	0.0	Optional(false)	private auxiliary network interface AppleUSBDeviceNCMPrivateEthernetInterface/AppleUSBDeviceNCMData/IOUSBDeviceInterface/AppleT8122USBXDCI/AppleARMIODevice/AppleH15IO/IOPlatformDevice/AppleARMPE/IOPlatformExpertDevice/IORegistryEntry
interface	2026-10-03T03:50:33.981Z	965159.2400877083	upload-recovery	Instant(_value: 3040561.8391315 seconds)	0	2	109	0	26	109	virtual	anpi2#5#4294970293#4	0	0	0.0	0.0	Optional(false)	private auxiliary network interface AppleUSBDeviceNCMPrivateEthernetInterface/AppleUSBDeviceNCMData/IOUSBDeviceInterface/AppleT8122USBXDCI/AppleARMIODevice/AppleH15IO/IOPlatformDevice/AppleARMPE/IOPlatformExpertDevice/IORegistryEntry
interface	2026-10-03T03:50:33.981Z	965159.2400877083	upload-recovery	Instant(_value: 3040561.8391315 seconds)	0	2	109	0	26	109	virtual	anpi0#6#4294970305#5	0	0	0.0	0.0	Optional(false)	private auxiliary network interface AppleUSBDeviceNCMPrivateEthernetInterface/AppleUSBDeviceNCMData/IOUSBDeviceInterface/AppleT8122USBXDCI/AppleARMIODevice/AppleH15IO/IOPlatformDevice/AppleARMPE/IOPlatformExpertDevice/IORegistryEntry
interface	2026-10-03T03:50:33.981Z	965159.2400877083	upload-recovery	Instant(_value: 3040561.8391315 seconds)	0	2	109	0	26	109	physicalEthernet	en4#7#4294970257#6	0	0	0.0	0.0	Optional(false)	SC Ethernet; hardware provider IOEthernetInterface/AppleUSBDeviceNCMData/IOUSBDeviceInterface/AppleT8122USBXDCI/AppleARMIODevice/AppleH15IO/IOPlatformDevice/AppleARMPE/IOPlatformExpertDevice/IORegistryEntry
interface	2026-10-03T03:50:33.981Z	965159.2400877083	upload-recovery	Instant(_value: 3040561.8391315 seconds)	0	2	109	0	26	109	physicalEthernet	en5#8#4294970175#7	0	0	0.0	0.0	Optional(false)	SC Ethernet; hardware provider IOEthernetInterface/AppleUSBDeviceNCMData/IOUSBDeviceInterface/AppleT8122USBXDCI/AppleARMIODevice/AppleH15IO/IOPlatformDevice/AppleARMPE/IOPlatformExpertDevice/IORegistryEntry
interface	2026-10-03T03:50:33.981Z	965159.2400877083	upload-recovery	Instant(_value: 3040561.8391315 seconds)	0	2	109	0	26	109	physicalEthernet	en6#9#4294970236#8	0	0	0.0	0.0	Optional(false)	SC Ethernet; hardware provider IOEthernetInterface/AppleUSBDeviceNCMData/IOUSBDeviceInterface/AppleT8122USBXDCI/AppleARMIODevice/AppleH15IO/IOPlatformDevice/AppleARMPE/IOPlatformExpertDevice/IORegistryEntry
interface	2026-10-03T03:50:33.981Z	965159.2400877083	upload-recovery	Instant(_value: 3040561.8391315 seconds)	0	2	109	0	26	109	physicalEthernet	en1#10#4294970312#9	0	0	0.0	0.0	Optional(false)	SC Ethernet; hardware provider IOEthernetInterface/AppleThunderboltIPPort/AppleThunderboltIPService/IOThunderboltLocalNode/IOThunderboltControllerType5/AppleThunderboltNHIType5/AppleThunderboltHALType5/AppleARMIODevice/AppleH15IO/IOPlatformDevice/AppleARMPE/IOPlatformExpertDevice/IORegistryEntry
interface	2026-10-03T03:50:33.981Z	965159.2400877083	upload-recovery	Instant(_value: 3040561.8391315 seconds)	0	2	109	0	26	109	physicalEthernet	en2#11#4294970264#10	0	0	0.0	0.0	Optional(false)	SC Ethernet; hardware provider IOEthernetInterface/AppleThunderboltIPPort/AppleThunderboltIPService/IOThunderboltLocalNode/IOThunderboltControllerType5/AppleThunderboltNHIType5/AppleThunderboltHALType5/AppleARMIODevice/AppleH15IO/IOPlatformDevice/AppleARMPE/IOPlatformExpertDevice/IORegistryEntry
interface	2026-10-03T03:50:33.981Z	965159.2400877083	upload-recovery	Instant(_value: 3040561.8391315 seconds)	0	2	109	0	26	109	physicalEthernet	en3#12#4294970379#11	0	0	0.0	0.0	Optional(false)	SC Ethernet; hardware provider IOEthernetInterface/AppleThunderboltIPPort/AppleThunderboltIPService/IOThunderboltLocalNode/IOThunderboltControllerType5/AppleThunderboltNHIType5/AppleThunderboltHALType5/AppleARMIODevice/AppleH15IO/IOPlatformDevice/AppleARMPE/IOPlatformExpertDevice/IORegistryEntry
interface	2026-10-03T03:50:33.981Z	965159.2400877083	upload-recovery	Instant(_value: 3040561.8391315 seconds)	0	2	109	0	26	109	logical	bridge0#15#nil#12	0	0	0.0	0.0	Optional(false)	route link type=209
interface	2026-10-03T03:50:33.981Z	965159.2400877083	upload-recovery	Instant(_value: 3040561.8391315 seconds)	0	2	109	0	26	109	unknown	ap1#13#nil#13	0	0	0.0	0.0	nil	IORegistry provider unavailable; SC type=
interface	2026-10-03T03:50:33.981Z	965159.2400877083	upload-recovery	Instant(_value: 3040561.8391315 seconds)	0	2	109	0	26	109	physicalWiFi	en0#14#4294971925#14	3216343040	2066378752	320019.3057101044	2078.047439676003	Optional(true)	SC Wi-Fi; hardware provider IOSkywalkLegacyEthernetInterface/IO80211Controller/IOUserNetworkWLAN/IOUserService/IOUserService/IOPCIDevice/ApplePCIEHostBridge/IOPCIDevice/AppleT6031PCIe/AppleARMIODevice/AppleH15IO/IOPlatformDevice/AppleARMPE/IOPlatformExpertDevice/IORegistryEntry
interface	2026-10-03T03:50:33.981Z	965159.2400877083	upload-recovery	Instant(_value: 3040561.8391315 seconds)	0	2	109	0	26	109	virtual	awdl0#16#nil#15	8599552	8556544	0.0	0.0	Optional(true)	SIOCGIFFUNCTIONALTYPE=4
interface	2026-10-03T03:50:33.981Z	965159.2400877083	upload-recovery	Instant(_value: 3040561.8391315 seconds)	0	2	109	0	26	109	unknown	llw0#17#nil#16	0	0	0.0	0.0	nil	IORegistry provider unavailable; SC type=
interface	2026-10-03T03:50:33.981Z	965159.2400877083	upload-recovery	Instant(_value: 3040561.8391315 seconds)	0	2	109	0	26	109	tunnel	utun0#18#nil#17	0	0	0.0	0.0	nil	tunnel name; VPN service unconfirmed
interface	2026-10-03T03:50:33.981Z	965159.2400877083	upload-recovery	Instant(_value: 3040561.8391315 seconds)	0	2	109	0	26	109	tunnel	utun1#19#nil#18	0	8192	0.0	0.0	nil	tunnel name; VPN service unconfirmed
interface	2026-10-03T03:50:33.981Z	965159.2400877083	upload-recovery	Instant(_value: 3040561.8391315 seconds)	0	2	109	0	26	109	tunnel	utun2#20#nil#19	0	8192	0.0	0.0	nil	tunnel name; VPN service unconfirmed
interface	2026-10-03T03:50:33.981Z	965159.2400877083	upload-recovery	Instant(_value: 3040561.8391315 seconds)	0	2	109	0	26	109	tunnel	utun3#21#nil#20	0	8192	0.0	0.0	nil	tunnel name; VPN service unconfirmed
interface	2026-10-03T03:50:33.981Z	965159.2400877083	upload-recovery	Instant(_value: 3040561.8391315 seconds)	0	2	109	0	26	109	tunnel	utun4#24#nil#21	9216	4096	0.0	0.0	nil	tunnel name; VPN service unconfirmed
interface	2026-10-03T03:50:33.981Z	965159.2400877083	upload-recovery	Instant(_value: 3040561.8391315 seconds)	0	2	109	0	26	109	tunnel	utun5#25#nil#22	166912	143360	0.0	0.0	nil	tunnel name; VPN service unconfirmed
interface	2026-10-03T03:50:33.981Z	965159.2400877083	upload-recovery	Instant(_value: 3040561.8391315 seconds)	0	2	109	0	26	109	tunnel	utun6#26#nil#23	0	8192	0.0	0.0	nil	tunnel name; VPN service unconfirmed
interface	2026-10-03T03:50:33.981Z	965159.2400877083	upload-recovery	Instant(_value: 3040561.8391315 seconds)	0	2	109	0	26	109	tunnel	utun7#27#nil#24	0	8192	0.0	0.0	nil	tunnel name; VPN service unconfirmed
interface	2026-10-03T03:50:33.981Z	965159.2400877083	upload-recovery	Instant(_value: 3040561.8391315 seconds)	0	2	109	0	26	109	virtual	vmenet0#22#4295372070#25	5120	1833984	0.0	0.0	Optional(true)	virtual provider IOUserEthernetInterface/IOUserEthernetController/IOUserEthernetResourceUserClient/IOUserEthernetResource/IOResources/IOPlatformExpertDevice/IORegistryEntry
interface	2026-10-03T03:50:33.981Z	965159.2400877083	upload-recovery	Instant(_value: 3040561.8391315 seconds)	0	2	109	0	26	109	logical	bridge100#23#nil#26	0	3668992	0.0	0.0	Optional(true)	route link type=209
delivery	2026-10-03T03:50:33.981Z	965159.2400877083	upload-recovery	Instant(_value: 3040561.8391315 seconds)	0	2	109	0	26	109	delivered	networkActivity						sameReadAt=true
card	2026-10-03T03:50:33.981Z	965159.2400877083	upload-recovery	Optional(Swift.ContinuousClock.Instant(_value: 3040561.8391315 seconds))					26		partial("물리 대상의 식별·연결·속도 일부를 확인하지 못했습니다")	NetworkCard			320019.3057101044	2078.047439676003	true	Network 카드, 일부 수집 실패: 물리 대상의 식별·연결·속도 일부를 확인하지 못했습니다, 확인된 일부 합계 다운로드 312.5 KB/s, 업로드 2.0 KB/s, 일부 수집 실패: 대상 identity 또는 물리 정보 일부 미확인
sample	2026-10-03T03:50:35.049Z	965160.3084239167	upload-recovery	Instant(_value: 3040562.826510375 seconds)	0	2	110	0	26	110	partial("물리 대상의 식별·연결·속도 일부를 확인하지 못했습니다")	knownPhysical			315275.1267845385	13482.160026970398	false	representativeRX=-1.0;representativeTX=-1.0
interface	2026-10-03T03:50:35.049Z	965160.3084239167	upload-recovery	Instant(_value: 3040562.826510375 seconds)	0	2	110	0	26	110	tunnel	gif0#2#nil#1	0	0	0.0	0.0	nil	route tunnel link type=55
interface	2026-10-03T03:50:35.049Z	965160.3084239167	upload-recovery	Instant(_value: 3040562.826510375 seconds)	0	2	110	0	26	110	tunnel	stf0#3#nil#2	0	0	0.0	0.0	nil	route tunnel link type=57
interface	2026-10-03T03:50:35.049Z	965160.3084239167	upload-recovery	Instant(_value: 3040562.826510375 seconds)	0	2	110	0	26	110	virtual	anpi1#4#4294970237#3	0	0	0.0	0.0	Optional(false)	private auxiliary network interface AppleUSBDeviceNCMPrivateEthernetInterface/AppleUSBDeviceNCMData/IOUSBDeviceInterface/AppleT8122USBXDCI/AppleARMIODevice/AppleH15IO/IOPlatformDevice/AppleARMPE/IOPlatformExpertDevice/IORegistryEntry
interface	2026-10-03T03:50:35.049Z	965160.3084239167	upload-recovery	Instant(_value: 3040562.826510375 seconds)	0	2	110	0	26	110	virtual	anpi2#5#4294970293#4	0	0	0.0	0.0	Optional(false)	private auxiliary network interface AppleUSBDeviceNCMPrivateEthernetInterface/AppleUSBDeviceNCMData/IOUSBDeviceInterface/AppleT8122USBXDCI/AppleARMIODevice/AppleH15IO/IOPlatformDevice/AppleARMPE/IOPlatformExpertDevice/IORegistryEntry
interface	2026-10-03T03:50:35.049Z	965160.3084239167	upload-recovery	Instant(_value: 3040562.826510375 seconds)	0	2	110	0	26	110	virtual	anpi0#6#4294970305#5	0	0	0.0	0.0	Optional(false)	private auxiliary network interface AppleUSBDeviceNCMPrivateEthernetInterface/AppleUSBDeviceNCMData/IOUSBDeviceInterface/AppleT8122USBXDCI/AppleARMIODevice/AppleH15IO/IOPlatformDevice/AppleARMPE/IOPlatformExpertDevice/IORegistryEntry
interface	2026-10-03T03:50:35.049Z	965160.3084239167	upload-recovery	Instant(_value: 3040562.826510375 seconds)	0	2	110	0	26	110	physicalEthernet	en4#7#4294970257#6	0	0	0.0	0.0	Optional(false)	SC Ethernet; hardware provider IOEthernetInterface/AppleUSBDeviceNCMData/IOUSBDeviceInterface/AppleT8122USBXDCI/AppleARMIODevice/AppleH15IO/IOPlatformDevice/AppleARMPE/IOPlatformExpertDevice/IORegistryEntry
interface	2026-10-03T03:50:35.049Z	965160.3084239167	upload-recovery	Instant(_value: 3040562.826510375 seconds)	0	2	110	0	26	110	physicalEthernet	en5#8#4294970175#7	0	0	0.0	0.0	Optional(false)	SC Ethernet; hardware provider IOEthernetInterface/AppleUSBDeviceNCMData/IOUSBDeviceInterface/AppleT8122USBXDCI/AppleARMIODevice/AppleH15IO/IOPlatformDevice/AppleARMPE/IOPlatformExpertDevice/IORegistryEntry
interface	2026-10-03T03:50:35.049Z	965160.3084239167	upload-recovery	Instant(_value: 3040562.826510375 seconds)	0	2	110	0	26	110	physicalEthernet	en6#9#4294970236#8	0	0	0.0	0.0	Optional(false)	SC Ethernet; hardware provider IOEthernetInterface/AppleUSBDeviceNCMData/IOUSBDeviceInterface/AppleT8122USBXDCI/AppleARMIODevice/AppleH15IO/IOPlatformDevice/AppleARMPE/IOPlatformExpertDevice/IORegistryEntry
interface	2026-10-03T03:50:35.049Z	965160.3084239167	upload-recovery	Instant(_value: 3040562.826510375 seconds)	0	2	110	0	26	110	physicalEthernet	en1#10#4294970312#9	0	0	0.0	0.0	Optional(false)	SC Ethernet; hardware provider IOEthernetInterface/AppleThunderboltIPPort/AppleThunderboltIPService/IOThunderboltLocalNode/IOThunderboltControllerType5/AppleThunderboltNHIType5/AppleThunderboltHALType5/AppleARMIODevice/AppleH15IO/IOPlatformDevice/AppleARMPE/IOPlatformExpertDevice/IORegistryEntry
interface	2026-10-03T03:50:35.049Z	965160.3084239167	upload-recovery	Instant(_value: 3040562.826510375 seconds)	0	2	110	0	26	110	physicalEthernet	en2#11#4294970264#10	0	0	0.0	0.0	Optional(false)	SC Ethernet; hardware provider IOEthernetInterface/AppleThunderboltIPPort/AppleThunderboltIPService/IOThunderboltLocalNode/IOThunderboltControllerType5/AppleThunderboltNHIType5/AppleThunderboltHALType5/AppleARMIODevice/AppleH15IO/IOPlatformDevice/AppleARMPE/IOPlatformExpertDevice/IORegistryEntry
interface	2026-10-03T03:50:35.049Z	965160.3084239167	upload-recovery	Instant(_value: 3040562.826510375 seconds)	0	2	110	0	26	110	physicalEthernet	en3#12#4294970379#11	0	0	0.0	0.0	Optional(false)	SC Ethernet; hardware provider IOEthernetInterface/AppleThunderboltIPPort/AppleThunderboltIPService/IOThunderboltLocalNode/IOThunderboltControllerType5/AppleThunderboltNHIType5/AppleThunderboltHALType5/AppleARMIODevice/AppleH15IO/IOPlatformDevice/AppleARMPE/IOPlatformExpertDevice/IORegistryEntry
interface	2026-10-03T03:50:35.049Z	965160.3084239167	upload-recovery	Instant(_value: 3040562.826510375 seconds)	0	2	110	0	26	110	logical	bridge0#15#nil#12	0	0	0.0	0.0	Optional(false)	route link type=209
interface	2026-10-03T03:50:35.049Z	965160.3084239167	upload-recovery	Instant(_value: 3040562.826510375 seconds)	0	2	110	0	26	110	unknown	ap1#13#nil#13	0	0	0.0	0.0	nil	IORegistry provider unavailable; SC type=
interface	2026-10-03T03:50:35.049Z	965160.3084239167	upload-recovery	Instant(_value: 3040562.826510375 seconds)	0	2	110	0	26	110	physicalWiFi	en0#14#4294971925#14	3216654336	2066392064	315275.1267845385	13482.160026970398	Optional(true)	SC Wi-Fi; hardware provider IOSkywalkLegacyEthernetInterface/IO80211Controller/IOUserNetworkWLAN/IOUserService/IOUserService/IOPCIDevice/ApplePCIEHostBridge/IOPCIDevice/AppleT6031PCIe/AppleARMIODevice/AppleH15IO/IOPlatformDevice/AppleARMPE/IOPlatformExpertDevice/IORegistryEntry
interface	2026-10-03T03:50:35.049Z	965160.3084239167	upload-recovery	Instant(_value: 3040562.826510375 seconds)	0	2	110	0	26	110	virtual	awdl0#16#nil#15	8599552	8556544	0.0	0.0	Optional(true)	SIOCGIFFUNCTIONALTYPE=4
interface	2026-10-03T03:50:35.049Z	965160.3084239167	upload-recovery	Instant(_value: 3040562.826510375 seconds)	0	2	110	0	26	110	unknown	llw0#17#nil#16	0	0	0.0	0.0	nil	IORegistry provider unavailable; SC type=
interface	2026-10-03T03:50:35.049Z	965160.3084239167	upload-recovery	Instant(_value: 3040562.826510375 seconds)	0	2	110	0	26	110	tunnel	utun0#18#nil#17	0	0	0.0	0.0	nil	tunnel name; VPN service unconfirmed
interface	2026-10-03T03:50:35.049Z	965160.3084239167	upload-recovery	Instant(_value: 3040562.826510375 seconds)	0	2	110	0	26	110	tunnel	utun1#19#nil#18	0	8192	0.0	0.0	nil	tunnel name; VPN service unconfirmed
interface	2026-10-03T03:50:35.049Z	965160.3084239167	upload-recovery	Instant(_value: 3040562.826510375 seconds)	0	2	110	0	26	110	tunnel	utun2#20#nil#19	0	8192	0.0	0.0	nil	tunnel name; VPN service unconfirmed
interface	2026-10-03T03:50:35.049Z	965160.3084239167	upload-recovery	Instant(_value: 3040562.826510375 seconds)	0	2	110	0	26	110	tunnel	utun3#21#nil#20	0	8192	0.0	0.0	nil	tunnel name; VPN service unconfirmed
interface	2026-10-03T03:50:35.049Z	965160.3084239167	upload-recovery	Instant(_value: 3040562.826510375 seconds)	0	2	110	0	26	110	tunnel	utun4#24#nil#21	9216	4096	0.0	0.0	nil	tunnel name; VPN service unconfirmed
interface	2026-10-03T03:50:35.049Z	965160.3084239167	upload-recovery	Instant(_value: 3040562.826510375 seconds)	0	2	110	0	26	110	tunnel	utun5#25#nil#22	166912	143360	0.0	0.0	nil	tunnel name; VPN service unconfirmed
interface	2026-10-03T03:50:35.049Z	965160.3084239167	upload-recovery	Instant(_value: 3040562.826510375 seconds)	0	2	110	0	26	110	tunnel	utun6#26#nil#23	0	8192	0.0	0.0	nil	tunnel name; VPN service unconfirmed
interface	2026-10-03T03:50:35.049Z	965160.3084239167	upload-recovery	Instant(_value: 3040562.826510375 seconds)	0	2	110	0	26	110	tunnel	utun7#27#nil#24	0	8192	0.0	0.0	nil	tunnel name; VPN service unconfirmed
interface	2026-10-03T03:50:35.049Z	965160.3084239167	upload-recovery	Instant(_value: 3040562.826510375 seconds)	0	2	110	0	26	110	virtual	vmenet0#22#4295372070#25	5120	1833984	0.0	0.0	Optional(true)	virtual provider IOUserEthernetInterface/IOUserEthernetController/IOUserEthernetResourceUserClient/IOUserEthernetResource/IOResources/IOPlatformExpertDevice/IORegistryEntry
interface	2026-10-03T03:50:35.049Z	965160.3084239167	upload-recovery	Instant(_value: 3040562.826510375 seconds)	0	2	110	0	26	110	logical	bridge100#23#nil#26	0	3668992	0.0	0.0	Optional(true)	route link type=209
delivery	2026-10-03T03:50:35.049Z	965160.3084239167	upload-recovery	Instant(_value: 3040562.826510375 seconds)	0	2	110	0	26	110	delivered	networkActivity						sameReadAt=true
card	2026-10-03T03:50:35.049Z	965160.3084239167	upload-recovery	Optional(Swift.ContinuousClock.Instant(_value: 3040562.826510375 seconds))					26		partial("물리 대상의 식별·연결·속도 일부를 확인하지 못했습니다")	NetworkCard			315275.1267845385	13482.160026970398	true	Network 카드, 일부 수집 실패: 물리 대상의 식별·연결·속도 일부를 확인하지 못했습니다, 확인된 일부 합계 다운로드 307.9 KB/s, 업로드 13.2 KB/s, 일부 수집 실패: 대상 identity 또는 물리 정보 일부 미확인
sample	2026-10-03T03:50:36.119Z	965161.3788638334	upload-recovery	Instant(_value: 3040563.859185458 seconds)	0	2	111	0	26	111	partial("물리 대상의 식별·연결·속도 일부를 확인하지 못했습니다")	knownPhysical			328219.40374056646	18840.38873435276	false	representativeRX=-1.0;representativeTX=-1.0
interface	2026-10-03T03:50:36.119Z	965161.3788638334	upload-recovery	Instant(_value: 3040563.859185458 seconds)	0	2	111	0	26	111	tunnel	gif0#2#nil#1	0	0	0.0	0.0	nil	route tunnel link type=55
interface	2026-10-03T03:50:36.119Z	965161.3788638334	upload-recovery	Instant(_value: 3040563.859185458 seconds)	0	2	111	0	26	111	tunnel	stf0#3#nil#2	0	0	0.0	0.0	nil	route tunnel link type=57
interface	2026-10-03T03:50:36.119Z	965161.3788638334	upload-recovery	Instant(_value: 3040563.859185458 seconds)	0	2	111	0	26	111	virtual	anpi1#4#4294970237#3	0	0	0.0	0.0	Optional(false)	private auxiliary network interface AppleUSBDeviceNCMPrivateEthernetInterface/AppleUSBDeviceNCMData/IOUSBDeviceInterface/AppleT8122USBXDCI/AppleARMIODevice/AppleH15IO/IOPlatformDevice/AppleARMPE/IOPlatformExpertDevice/IORegistryEntry
interface	2026-10-03T03:50:36.119Z	965161.3788638334	upload-recovery	Instant(_value: 3040563.859185458 seconds)	0	2	111	0	26	111	virtual	anpi2#5#4294970293#4	0	0	0.0	0.0	Optional(false)	private auxiliary network interface AppleUSBDeviceNCMPrivateEthernetInterface/AppleUSBDeviceNCMData/IOUSBDeviceInterface/AppleT8122USBXDCI/AppleARMIODevice/AppleH15IO/IOPlatformDevice/AppleARMPE/IOPlatformExpertDevice/IORegistryEntry
interface	2026-10-03T03:50:36.119Z	965161.3788638334	upload-recovery	Instant(_value: 3040563.859185458 seconds)	0	2	111	0	26	111	virtual	anpi0#6#4294970305#5	0	0	0.0	0.0	Optional(false)	private auxiliary network interface AppleUSBDeviceNCMPrivateEthernetInterface/AppleUSBDeviceNCMData/IOUSBDeviceInterface/AppleT8122USBXDCI/AppleARMIODevice/AppleH15IO/IOPlatformDevice/AppleARMPE/IOPlatformExpertDevice/IORegistryEntry
interface	2026-10-03T03:50:36.119Z	965161.3788638334	upload-recovery	Instant(_value: 3040563.859185458 seconds)	0	2	111	0	26	111	physicalEthernet	en4#7#4294970257#6	0	0	0.0	0.0	Optional(false)	SC Ethernet; hardware provider IOEthernetInterface/AppleUSBDeviceNCMData/IOUSBDeviceInterface/AppleT8122USBXDCI/AppleARMIODevice/AppleH15IO/IOPlatformDevice/AppleARMPE/IOPlatformExpertDevice/IORegistryEntry
interface	2026-10-03T03:50:36.119Z	965161.3788638334	upload-recovery	Instant(_value: 3040563.859185458 seconds)	0	2	111	0	26	111	physicalEthernet	en5#8#4294970175#7	0	0	0.0	0.0	Optional(false)	SC Ethernet; hardware provider IOEthernetInterface/AppleUSBDeviceNCMData/IOUSBDeviceInterface/AppleT8122USBXDCI/AppleARMIODevice/AppleH15IO/IOPlatformDevice/AppleARMPE/IOPlatformExpertDevice/IORegistryEntry
interface	2026-10-03T03:50:36.119Z	965161.3788638334	upload-recovery	Instant(_value: 3040563.859185458 seconds)	0	2	111	0	26	111	physicalEthernet	en6#9#4294970236#8	0	0	0.0	0.0	Optional(false)	SC Ethernet; hardware provider IOEthernetInterface/AppleUSBDeviceNCMData/IOUSBDeviceInterface/AppleT8122USBXDCI/AppleARMIODevice/AppleH15IO/IOPlatformDevice/AppleARMPE/IOPlatformExpertDevice/IORegistryEntry
interface	2026-10-03T03:50:36.119Z	965161.3788638334	upload-recovery	Instant(_value: 3040563.859185458 seconds)	0	2	111	0	26	111	physicalEthernet	en1#10#4294970312#9	0	0	0.0	0.0	Optional(false)	SC Ethernet; hardware provider IOEthernetInterface/AppleThunderboltIPPort/AppleThunderboltIPService/IOThunderboltLocalNode/IOThunderboltControllerType5/AppleThunderboltNHIType5/AppleThunderboltHALType5/AppleARMIODevice/AppleH15IO/IOPlatformDevice/AppleARMPE/IOPlatformExpertDevice/IORegistryEntry
interface	2026-10-03T03:50:36.119Z	965161.3788638334	upload-recovery	Instant(_value: 3040563.859185458 seconds)	0	2	111	0	26	111	physicalEthernet	en2#11#4294970264#10	0	0	0.0	0.0	Optional(false)	SC Ethernet; hardware provider IOEthernetInterface/AppleThunderboltIPPort/AppleThunderboltIPService/IOThunderboltLocalNode/IOThunderboltControllerType5/AppleThunderboltNHIType5/AppleThunderboltHALType5/AppleARMIODevice/AppleH15IO/IOPlatformDevice/AppleARMPE/IOPlatformExpertDevice/IORegistryEntry
interface	2026-10-03T03:50:36.119Z	965161.3788638334	upload-recovery	Instant(_value: 3040563.859185458 seconds)	0	2	111	0	26	111	physicalEthernet	en3#12#4294970379#11	0	0	0.0	0.0	Optional(false)	SC Ethernet; hardware provider IOEthernetInterface/AppleThunderboltIPPort/AppleThunderboltIPService/IOThunderboltLocalNode/IOThunderboltControllerType5/AppleThunderboltNHIType5/AppleThunderboltHALType5/AppleARMIODevice/AppleH15IO/IOPlatformDevice/AppleARMPE/IOPlatformExpertDevice/IORegistryEntry
interface	2026-10-03T03:50:36.119Z	965161.3788638334	upload-recovery	Instant(_value: 3040563.859185458 seconds)	0	2	111	0	26	111	logical	bridge0#15#nil#12	0	0	0.0	0.0	Optional(false)	route link type=209
interface	2026-10-03T03:50:36.119Z	965161.3788638334	upload-recovery	Instant(_value: 3040563.859185458 seconds)	0	2	111	0	26	111	unknown	ap1#13#nil#13	0	0	0.0	0.0	nil	IORegistry provider unavailable; SC type=
interface	2026-10-03T03:50:36.119Z	965161.3788638334	upload-recovery	Instant(_value: 3040563.859185458 seconds)	0	2	111	0	26	111	physicalWiFi	en0#14#4294971925#14	3216993280	2066411520	328219.40374056646	18840.38873435276	Optional(true)	SC Wi-Fi; hardware provider IOSkywalkLegacyEthernetInterface/IO80211Controller/IOUserNetworkWLAN/IOUserService/IOUserService/IOPCIDevice/ApplePCIEHostBridge/IOPCIDevice/AppleT6031PCIe/AppleARMIODevice/AppleH15IO/IOPlatformDevice/AppleARMPE/IOPlatformExpertDevice/IORegistryEntry
interface	2026-10-03T03:50:36.119Z	965161.3788638334	upload-recovery	Instant(_value: 3040563.859185458 seconds)	0	2	111	0	26	111	virtual	awdl0#16#nil#15	8599552	8556544	0.0	0.0	Optional(true)	SIOCGIFFUNCTIONALTYPE=4
interface	2026-10-03T03:50:36.119Z	965161.3788638334	upload-recovery	Instant(_value: 3040563.859185458 seconds)	0	2	111	0	26	111	unknown	llw0#17#nil#16	0	0	0.0	0.0	nil	IORegistry provider unavailable; SC type=
interface	2026-10-03T03:50:36.119Z	965161.3788638334	upload-recovery	Instant(_value: 3040563.859185458 seconds)	0	2	111	0	26	111	tunnel	utun0#18#nil#17	0	0	0.0	0.0	nil	tunnel name; VPN service unconfirmed
interface	2026-10-03T03:50:36.119Z	965161.3788638334	upload-recovery	Instant(_value: 3040563.859185458 seconds)	0	2	111	0	26	111	tunnel	utun1#19#nil#18	0	8192	0.0	0.0	nil	tunnel name; VPN service unconfirmed
interface	2026-10-03T03:50:36.119Z	965161.3788638334	upload-recovery	Instant(_value: 3040563.859185458 seconds)	0	2	111	0	26	111	tunnel	utun2#20#nil#19	0	8192	0.0	0.0	nil	tunnel name; VPN service unconfirmed
interface	2026-10-03T03:50:36.119Z	965161.3788638334	upload-recovery	Instant(_value: 3040563.859185458 seconds)	0	2	111	0	26	111	tunnel	utun3#21#nil#20	0	8192	0.0	0.0	nil	tunnel name; VPN service unconfirmed
interface	2026-10-03T03:50:36.119Z	965161.3788638334	upload-recovery	Instant(_value: 3040563.859185458 seconds)	0	2	111	0	26	111	tunnel	utun4#24#nil#21	9216	4096	0.0	0.0	nil	tunnel name; VPN service unconfirmed
interface	2026-10-03T03:50:36.119Z	965161.3788638334	upload-recovery	Instant(_value: 3040563.859185458 seconds)	0	2	111	0	26	111	tunnel	utun5#25#nil#22	166912	143360	0.0	0.0	nil	tunnel name; VPN service unconfirmed
interface	2026-10-03T03:50:36.119Z	965161.3788638334	upload-recovery	Instant(_value: 3040563.859185458 seconds)	0	2	111	0	26	111	tunnel	utun6#26#nil#23	0	8192	0.0	0.0	nil	tunnel name; VPN service unconfirmed
interface	2026-10-03T03:50:36.119Z	965161.3788638334	upload-recovery	Instant(_value: 3040563.859185458 seconds)	0	2	111	0	26	111	tunnel	utun7#27#nil#24	0	8192	0.0	0.0	nil	tunnel name; VPN service unconfirmed
interface	2026-10-03T03:50:36.119Z	965161.3788638334	upload-recovery	Instant(_value: 3040563.859185458 seconds)	0	2	111	0	26	111	virtual	vmenet0#22#4295372070#25	5120	1833984	0.0	0.0	Optional(true)	virtual provider IOUserEthernetInterface/IOUserEthernetController/IOUserEthernetResourceUserClient/IOUserEthernetResource/IOResources/IOPlatformExpertDevice/IORegistryEntry
interface	2026-10-03T03:50:36.119Z	965161.3788638334	upload-recovery	Instant(_value: 3040563.859185458 seconds)	0	2	111	0	26	111	logical	bridge100#23#nil#26	0	3668992	0.0	0.0	Optional(true)	route link type=209
delivery	2026-10-03T03:50:36.119Z	965161.3788638334	upload-recovery	Instant(_value: 3040563.859185458 seconds)	0	2	111	0	26	111	delivered	networkActivity						sameReadAt=true
card	2026-10-03T03:50:36.119Z	965161.3788638334	upload-recovery	Optional(Swift.ContinuousClock.Instant(_value: 3040563.859185458 seconds))					26		partial("물리 대상의 식별·연결·속도 일부를 확인하지 못했습니다")	NetworkCard			328219.40374056646	18840.38873435276	true	Network 카드, 일부 수집 실패: 물리 대상의 식별·연결·속도 일부를 확인하지 못했습니다, 확인된 일부 합계 다운로드 320.5 KB/s, 업로드 18.4 KB/s, 일부 수집 실패: 대상 identity 또는 물리 정보 일부 미확인
sample	2026-10-03T03:50:37.184Z	965162.4438388334	upload-recovery	Instant(_value: 3040564.8541894997 seconds)	0	2	112	0	26	112	partial("물리 대상의 식별·연결·속도 일부를 확인하지 못했습니다")	knownPhysical			321092.1629602787	172895.78005553468	false	representativeRX=-1.0;representativeTX=-1.0
interface	2026-10-03T03:50:37.184Z	965162.4438388334	upload-recovery	Instant(_value: 3040564.8541894997 seconds)	0	2	112	0	26	112	tunnel	gif0#2#nil#1	0	0	0.0	0.0	nil	route tunnel link type=55
interface	2026-10-03T03:50:37.184Z	965162.4438388334	upload-recovery	Instant(_value: 3040564.8541894997 seconds)	0	2	112	0	26	112	tunnel	stf0#3#nil#2	0	0	0.0	0.0	nil	route tunnel link type=57
interface	2026-10-03T03:50:37.184Z	965162.4438388334	upload-recovery	Instant(_value: 3040564.8541894997 seconds)	0	2	112	0	26	112	virtual	anpi1#4#4294970237#3	0	0	0.0	0.0	Optional(false)	private auxiliary network interface AppleUSBDeviceNCMPrivateEthernetInterface/AppleUSBDeviceNCMData/IOUSBDeviceInterface/AppleT8122USBXDCI/AppleARMIODevice/AppleH15IO/IOPlatformDevice/AppleARMPE/IOPlatformExpertDevice/IORegistryEntry
interface	2026-10-03T03:50:37.184Z	965162.4438388334	upload-recovery	Instant(_value: 3040564.8541894997 seconds)	0	2	112	0	26	112	virtual	anpi2#5#4294970293#4	0	0	0.0	0.0	Optional(false)	private auxiliary network interface AppleUSBDeviceNCMPrivateEthernetInterface/AppleUSBDeviceNCMData/IOUSBDeviceInterface/AppleT8122USBXDCI/AppleARMIODevice/AppleH15IO/IOPlatformDevice/AppleARMPE/IOPlatformExpertDevice/IORegistryEntry
interface	2026-10-03T03:50:37.184Z	965162.4438388334	upload-recovery	Instant(_value: 3040564.8541894997 seconds)	0	2	112	0	26	112	virtual	anpi0#6#4294970305#5	0	0	0.0	0.0	Optional(false)	private auxiliary network interface AppleUSBDeviceNCMPrivateEthernetInterface/AppleUSBDeviceNCMData/IOUSBDeviceInterface/AppleT8122USBXDCI/AppleARMIODevice/AppleH15IO/IOPlatformDevice/AppleARMPE/IOPlatformExpertDevice/IORegistryEntry
interface	2026-10-03T03:50:37.184Z	965162.4438388334	upload-recovery	Instant(_value: 3040564.8541894997 seconds)	0	2	112	0	26	112	physicalEthernet	en4#7#4294970257#6	0	0	0.0	0.0	Optional(false)	SC Ethernet; hardware provider IOEthernetInterface/AppleUSBDeviceNCMData/IOUSBDeviceInterface/AppleT8122USBXDCI/AppleARMIODevice/AppleH15IO/IOPlatformDevice/AppleARMPE/IOPlatformExpertDevice/IORegistryEntry
interface	2026-10-03T03:50:37.184Z	965162.4438388334	upload-recovery	Instant(_value: 3040564.8541894997 seconds)	0	2	112	0	26	112	physicalEthernet	en5#8#4294970175#7	0	0	0.0	0.0	Optional(false)	SC Ethernet; hardware provider IOEthernetInterface/AppleUSBDeviceNCMData/IOUSBDeviceInterface/AppleT8122USBXDCI/AppleARMIODevice/AppleH15IO/IOPlatformDevice/AppleARMPE/IOPlatformExpertDevice/IORegistryEntry
interface	2026-10-03T03:50:37.184Z	965162.4438388334	upload-recovery	Instant(_value: 3040564.8541894997 seconds)	0	2	112	0	26	112	physicalEthernet	en6#9#4294970236#8	0	0	0.0	0.0	Optional(false)	SC Ethernet; hardware provider IOEthernetInterface/AppleUSBDeviceNCMData/IOUSBDeviceInterface/AppleT8122USBXDCI/AppleARMIODevice/AppleH15IO/IOPlatformDevice/AppleARMPE/IOPlatformExpertDevice/IORegistryEntry
interface	2026-10-03T03:50:37.184Z	965162.4438388334	upload-recovery	Instant(_value: 3040564.8541894997 seconds)	0	2	112	0	26	112	physicalEthernet	en1#10#4294970312#9	0	0	0.0	0.0	Optional(false)	SC Ethernet; hardware provider IOEthernetInterface/AppleThunderboltIPPort/AppleThunderboltIPService/IOThunderboltLocalNode/IOThunderboltControllerType5/AppleThunderboltNHIType5/AppleThunderboltHALType5/AppleARMIODevice/AppleH15IO/IOPlatformDevice/AppleARMPE/IOPlatformExpertDevice/IORegistryEntry
interface	2026-10-03T03:50:37.184Z	965162.4438388334	upload-recovery	Instant(_value: 3040564.8541894997 seconds)	0	2	112	0	26	112	physicalEthernet	en2#11#4294970264#10	0	0	0.0	0.0	Optional(false)	SC Ethernet; hardware provider IOEthernetInterface/AppleThunderboltIPPort/AppleThunderboltIPService/IOThunderboltLocalNode/IOThunderboltControllerType5/AppleThunderboltNHIType5/AppleThunderboltHALType5/AppleARMIODevice/AppleH15IO/IOPlatformDevice/AppleARMPE/IOPlatformExpertDevice/IORegistryEntry
interface	2026-10-03T03:50:37.184Z	965162.4438388334	upload-recovery	Instant(_value: 3040564.8541894997 seconds)	0	2	112	0	26	112	physicalEthernet	en3#12#4294970379#11	0	0	0.0	0.0	Optional(false)	SC Ethernet; hardware provider IOEthernetInterface/AppleThunderboltIPPort/AppleThunderboltIPService/IOThunderboltLocalNode/IOThunderboltControllerType5/AppleThunderboltNHIType5/AppleThunderboltHALType5/AppleARMIODevice/AppleH15IO/IOPlatformDevice/AppleARMPE/IOPlatformExpertDevice/IORegistryEntry
interface	2026-10-03T03:50:37.184Z	965162.4438388334	upload-recovery	Instant(_value: 3040564.8541894997 seconds)	0	2	112	0	26	112	logical	bridge0#15#nil#12	0	0	0.0	0.0	Optional(false)	route link type=209
interface	2026-10-03T03:50:37.184Z	965162.4438388334	upload-recovery	Instant(_value: 3040564.8541894997 seconds)	0	2	112	0	26	112	unknown	ap1#13#nil#13	0	0	0.0	0.0	nil	IORegistry provider unavailable; SC type=
interface	2026-10-03T03:50:37.184Z	965162.4438388334	upload-recovery	Instant(_value: 3040564.8541894997 seconds)	0	2	112	0	26	112	physicalWiFi	en0#14#4294971925#14	3217312768	2066583552	321092.1629602787	172895.78005553468	Optional(true)	SC Wi-Fi; hardware provider IOSkywalkLegacyEthernetInterface/IO80211Controller/IOUserNetworkWLAN/IOUserService/IOUserService/IOPCIDevice/ApplePCIEHostBridge/IOPCIDevice/AppleT6031PCIe/AppleARMIODevice/AppleH15IO/IOPlatformDevice/AppleARMPE/IOPlatformExpertDevice/IORegistryEntry
interface	2026-10-03T03:50:37.184Z	965162.4438388334	upload-recovery	Instant(_value: 3040564.8541894997 seconds)	0	2	112	0	26	112	virtual	awdl0#16#nil#15	8599552	8556544	0.0	0.0	Optional(true)	SIOCGIFFUNCTIONALTYPE=4
interface	2026-10-03T03:50:37.184Z	965162.4438388334	upload-recovery	Instant(_value: 3040564.8541894997 seconds)	0	2	112	0	26	112	unknown	llw0#17#nil#16	0	0	0.0	0.0	nil	IORegistry provider unavailable; SC type=
interface	2026-10-03T03:50:37.184Z	965162.4438388334	upload-recovery	Instant(_value: 3040564.8541894997 seconds)	0	2	112	0	26	112	tunnel	utun0#18#nil#17	0	0	0.0	0.0	nil	tunnel name; VPN service unconfirmed
interface	2026-10-03T03:50:37.184Z	965162.4438388334	upload-recovery	Instant(_value: 3040564.8541894997 seconds)	0	2	112	0	26	112	tunnel	utun1#19#nil#18	0	8192	0.0	0.0	nil	tunnel name; VPN service unconfirmed
interface	2026-10-03T03:50:37.184Z	965162.4438388334	upload-recovery	Instant(_value: 3040564.8541894997 seconds)	0	2	112	0	26	112	tunnel	utun2#20#nil#19	0	8192	0.0	0.0	nil	tunnel name; VPN service unconfirmed
interface	2026-10-03T03:50:37.184Z	965162.4438388334	upload-recovery	Instant(_value: 3040564.8541894997 seconds)	0	2	112	0	26	112	tunnel	utun3#21#nil#20	0	8192	0.0	0.0	nil	tunnel name; VPN service unconfirmed
interface	2026-10-03T03:50:37.184Z	965162.4438388334	upload-recovery	Instant(_value: 3040564.8541894997 seconds)	0	2	112	0	26	112	tunnel	utun4#24#nil#21	9216	4096	0.0	0.0	nil	tunnel name; VPN service unconfirmed
interface	2026-10-03T03:50:37.184Z	965162.4438388334	upload-recovery	Instant(_value: 3040564.8541894997 seconds)	0	2	112	0	26	112	tunnel	utun5#25#nil#22	166912	143360	0.0	0.0	nil	tunnel name; VPN service unconfirmed
interface	2026-10-03T03:50:37.184Z	965162.4438388334	upload-recovery	Instant(_value: 3040564.8541894997 seconds)	0	2	112	0	26	112	tunnel	utun6#26#nil#23	0	8192	0.0	0.0	nil	tunnel name; VPN service unconfirmed
interface	2026-10-03T03:50:37.184Z	965162.4438388334	upload-recovery	Instant(_value: 3040564.8541894997 seconds)	0	2	112	0	26	112	tunnel	utun7#27#nil#24	0	8192	0.0	0.0	nil	tunnel name; VPN service unconfirmed
interface	2026-10-03T03:50:37.184Z	965162.4438388334	upload-recovery	Instant(_value: 3040564.8541894997 seconds)	0	2	112	0	26	112	virtual	vmenet0#22#4295372070#25	5120	1833984	0.0	0.0	Optional(true)	virtual provider IOUserEthernetInterface/IOUserEthernetController/IOUserEthernetResourceUserClient/IOUserEthernetResource/IOResources/IOPlatformExpertDevice/IORegistryEntry
interface	2026-10-03T03:50:37.184Z	965162.4438388334	upload-recovery	Instant(_value: 3040564.8541894997 seconds)	0	2	112	0	26	112	logical	bridge100#23#nil#26	0	3668992	0.0	0.0	Optional(true)	route link type=209
delivery	2026-10-03T03:50:37.184Z	965162.4438388334	upload-recovery	Instant(_value: 3040564.8541894997 seconds)	0	2	112	0	26	112	delivered	networkActivity						sameReadAt=true
card	2026-10-03T03:50:37.184Z	965162.4438388334	upload-recovery	Optional(Swift.ContinuousClock.Instant(_value: 3040564.8541894997 seconds))					26		partial("물리 대상의 식별·연결·속도 일부를 확인하지 못했습니다")	NetworkCard			321092.1629602787	172895.78005553468	true	Network 카드, 일부 수집 실패: 물리 대상의 식별·연결·속도 일부를 확인하지 못했습니다, 확인된 일부 합계 다운로드 313.6 KB/s, 업로드 168.8 KB/s, 일부 수집 실패: 대상 identity 또는 물리 정보 일부 미확인
sample	2026-10-03T03:50:38.252Z	965163.5114059168	upload-recovery	Instant(_value: 3040565.823659958 seconds)	0	2	113	0	26	113	partial("물리 대상의 식별·연결·속도 일부를 확인하지 못했습니다")	knownPhysical			322155.2523057902	5281.233644357217	false	representativeRX=-1.0;representativeTX=-1.0
interface	2026-10-03T03:50:38.252Z	965163.5114059168	upload-recovery	Instant(_value: 3040565.823659958 seconds)	0	2	113	0	26	113	tunnel	gif0#2#nil#1	0	0	0.0	0.0	nil	route tunnel link type=55
interface	2026-10-03T03:50:38.252Z	965163.5114059168	upload-recovery	Instant(_value: 3040565.823659958 seconds)	0	2	113	0	26	113	tunnel	stf0#3#nil#2	0	0	0.0	0.0	nil	route tunnel link type=57
interface	2026-10-03T03:50:38.252Z	965163.5114059168	upload-recovery	Instant(_value: 3040565.823659958 seconds)	0	2	113	0	26	113	virtual	anpi1#4#4294970237#3	0	0	0.0	0.0	Optional(false)	private auxiliary network interface AppleUSBDeviceNCMPrivateEthernetInterface/AppleUSBDeviceNCMData/IOUSBDeviceInterface/AppleT8122USBXDCI/AppleARMIODevice/AppleH15IO/IOPlatformDevice/AppleARMPE/IOPlatformExpertDevice/IORegistryEntry
interface	2026-10-03T03:50:38.252Z	965163.5114059168	upload-recovery	Instant(_value: 3040565.823659958 seconds)	0	2	113	0	26	113	virtual	anpi2#5#4294970293#4	0	0	0.0	0.0	Optional(false)	private auxiliary network interface AppleUSBDeviceNCMPrivateEthernetInterface/AppleUSBDeviceNCMData/IOUSBDeviceInterface/AppleT8122USBXDCI/AppleARMIODevice/AppleH15IO/IOPlatformDevice/AppleARMPE/IOPlatformExpertDevice/IORegistryEntry
interface	2026-10-03T03:50:38.252Z	965163.5114059168	upload-recovery	Instant(_value: 3040565.823659958 seconds)	0	2	113	0	26	113	virtual	anpi0#6#4294970305#5	0	0	0.0	0.0	Optional(false)	private auxiliary network interface AppleUSBDeviceNCMPrivateEthernetInterface/AppleUSBDeviceNCMData/IOUSBDeviceInterface/AppleT8122USBXDCI/AppleARMIODevice/AppleH15IO/IOPlatformDevice/AppleARMPE/IOPlatformExpertDevice/IORegistryEntry
interface	2026-10-03T03:50:38.252Z	965163.5114059168	upload-recovery	Instant(_value: 3040565.823659958 seconds)	0	2	113	0	26	113	physicalEthernet	en4#7#4294970257#6	0	0	0.0	0.0	Optional(false)	SC Ethernet; hardware provider IOEthernetInterface/AppleUSBDeviceNCMData/IOUSBDeviceInterface/AppleT8122USBXDCI/AppleARMIODevice/AppleH15IO/IOPlatformDevice/AppleARMPE/IOPlatformExpertDevice/IORegistryEntry
interface	2026-10-03T03:50:38.252Z	965163.5114059168	upload-recovery	Instant(_value: 3040565.823659958 seconds)	0	2	113	0	26	113	physicalEthernet	en5#8#4294970175#7	0	0	0.0	0.0	Optional(false)	SC Ethernet; hardware provider IOEthernetInterface/AppleUSBDeviceNCMData/IOUSBDeviceInterface/AppleT8122USBXDCI/AppleARMIODevice/AppleH15IO/IOPlatformDevice/AppleARMPE/IOPlatformExpertDevice/IORegistryEntry
interface	2026-10-03T03:50:38.252Z	965163.5114059168	upload-recovery	Instant(_value: 3040565.823659958 seconds)	0	2	113	0	26	113	physicalEthernet	en6#9#4294970236#8	0	0	0.0	0.0	Optional(false)	SC Ethernet; hardware provider IOEthernetInterface/AppleUSBDeviceNCMData/IOUSBDeviceInterface/AppleT8122USBXDCI/AppleARMIODevice/AppleH15IO/IOPlatformDevice/AppleARMPE/IOPlatformExpertDevice/IORegistryEntry
interface	2026-10-03T03:50:38.252Z	965163.5114059168	upload-recovery	Instant(_value: 3040565.823659958 seconds)	0	2	113	0	26	113	physicalEthernet	en1#10#4294970312#9	0	0	0.0	0.0	Optional(false)	SC Ethernet; hardware provider IOEthernetInterface/AppleThunderboltIPPort/AppleThunderboltIPService/IOThunderboltLocalNode/IOThunderboltControllerType5/AppleThunderboltNHIType5/AppleThunderboltHALType5/AppleARMIODevice/AppleH15IO/IOPlatformDevice/AppleARMPE/IOPlatformExpertDevice/IORegistryEntry
interface	2026-10-03T03:50:38.252Z	965163.5114059168	upload-recovery	Instant(_value: 3040565.823659958 seconds)	0	2	113	0	26	113	physicalEthernet	en2#11#4294970264#10	0	0	0.0	0.0	Optional(false)	SC Ethernet; hardware provider IOEthernetInterface/AppleThunderboltIPPort/AppleThunderboltIPService/IOThunderboltLocalNode/IOThunderboltControllerType5/AppleThunderboltNHIType5/AppleThunderboltHALType5/AppleARMIODevice/AppleH15IO/IOPlatformDevice/AppleARMPE/IOPlatformExpertDevice/IORegistryEntry
interface	2026-10-03T03:50:38.252Z	965163.5114059168	upload-recovery	Instant(_value: 3040565.823659958 seconds)	0	2	113	0	26	113	physicalEthernet	en3#12#4294970379#11	0	0	0.0	0.0	Optional(false)	SC Ethernet; hardware provider IOEthernetInterface/AppleThunderboltIPPort/AppleThunderboltIPService/IOThunderboltLocalNode/IOThunderboltControllerType5/AppleThunderboltNHIType5/AppleThunderboltHALType5/AppleARMIODevice/AppleH15IO/IOPlatformDevice/AppleARMPE/IOPlatformExpertDevice/IORegistryEntry
interface	2026-10-03T03:50:38.252Z	965163.5114059168	upload-recovery	Instant(_value: 3040565.823659958 seconds)	0	2	113	0	26	113	logical	bridge0#15#nil#12	0	0	0.0	0.0	Optional(false)	route link type=209
interface	2026-10-03T03:50:38.252Z	965163.5114059168	upload-recovery	Instant(_value: 3040565.823659958 seconds)	0	2	113	0	26	113	unknown	ap1#13#nil#13	0	0	0.0	0.0	nil	IORegistry provider unavailable; SC type=
interface	2026-10-03T03:50:38.252Z	965163.5114059168	upload-recovery	Instant(_value: 3040565.823659958 seconds)	0	2	113	0	26	113	physicalWiFi	en0#14#4294971925#14	3217625088	2066588672	322155.2523057902	5281.233644357217	Optional(true)	SC Wi-Fi; hardware provider IOSkywalkLegacyEthernetInterface/IO80211Controller/IOUserNetworkWLAN/IOUserService/IOUserService/IOPCIDevice/ApplePCIEHostBridge/IOPCIDevice/AppleT6031PCIe/AppleARMIODevice/AppleH15IO/IOPlatformDevice/AppleARMPE/IOPlatformExpertDevice/IORegistryEntry
interface	2026-10-03T03:50:38.252Z	965163.5114059168	upload-recovery	Instant(_value: 3040565.823659958 seconds)	0	2	113	0	26	113	virtual	awdl0#16#nil#15	8599552	8556544	0.0	0.0	Optional(true)	SIOCGIFFUNCTIONALTYPE=4
interface	2026-10-03T03:50:38.252Z	965163.5114059168	upload-recovery	Instant(_value: 3040565.823659958 seconds)	0	2	113	0	26	113	unknown	llw0#17#nil#16	0	0	0.0	0.0	nil	IORegistry provider unavailable; SC type=
interface	2026-10-03T03:50:38.252Z	965163.5114059168	upload-recovery	Instant(_value: 3040565.823659958 seconds)	0	2	113	0	26	113	tunnel	utun0#18#nil#17	0	0	0.0	0.0	nil	tunnel name; VPN service unconfirmed
interface	2026-10-03T03:50:38.252Z	965163.5114059168	upload-recovery	Instant(_value: 3040565.823659958 seconds)	0	2	113	0	26	113	tunnel	utun1#19#nil#18	0	8192	0.0	0.0	nil	tunnel name; VPN service unconfirmed
interface	2026-10-03T03:50:38.252Z	965163.5114059168	upload-recovery	Instant(_value: 3040565.823659958 seconds)	0	2	113	0	26	113	tunnel	utun2#20#nil#19	0	8192	0.0	0.0	nil	tunnel name; VPN service unconfirmed
interface	2026-10-03T03:50:38.252Z	965163.5114059168	upload-recovery	Instant(_value: 3040565.823659958 seconds)	0	2	113	0	26	113	tunnel	utun3#21#nil#20	0	8192	0.0	0.0	nil	tunnel name; VPN service unconfirmed
interface	2026-10-03T03:50:38.252Z	965163.5114059168	upload-recovery	Instant(_value: 3040565.823659958 seconds)	0	2	113	0	26	113	tunnel	utun4#24#nil#21	9216	4096	0.0	0.0	nil	tunnel name; VPN service unconfirmed
interface	2026-10-03T03:50:38.252Z	965163.5114059168	upload-recovery	Instant(_value: 3040565.823659958 seconds)	0	2	113	0	26	113	tunnel	utun5#25#nil#22	166912	143360	0.0	0.0	nil	tunnel name; VPN service unconfirmed
interface	2026-10-03T03:50:38.252Z	965163.5114059168	upload-recovery	Instant(_value: 3040565.823659958 seconds)	0	2	113	0	26	113	tunnel	utun6#26#nil#23	0	8192	0.0	0.0	nil	tunnel name; VPN service unconfirmed
interface	2026-10-03T03:50:38.252Z	965163.5114059168	upload-recovery	Instant(_value: 3040565.823659958 seconds)	0	2	113	0	26	113	tunnel	utun7#27#nil#24	0	8192	0.0	0.0	nil	tunnel name; VPN service unconfirmed
interface	2026-10-03T03:50:38.252Z	965163.5114059168	upload-recovery	Instant(_value: 3040565.823659958 seconds)	0	2	113	0	26	113	virtual	vmenet0#22#4295372070#25	5120	1833984	0.0	0.0	Optional(true)	virtual provider IOUserEthernetInterface/IOUserEthernetController/IOUserEthernetResourceUserClient/IOUserEthernetResource/IOResources/IOPlatformExpertDevice/IORegistryEntry
interface	2026-10-03T03:50:38.252Z	965163.5114059168	upload-recovery	Instant(_value: 3040565.823659958 seconds)	0	2	113	0	26	113	logical	bridge100#23#nil#26	0	3668992	0.0	0.0	Optional(true)	route link type=209
delivery	2026-10-03T03:50:38.252Z	965163.5114059168	upload-recovery	Instant(_value: 3040565.823659958 seconds)	0	2	113	0	26	113	delivered	networkActivity						sameReadAt=true
card	2026-10-03T03:50:38.252Z	965163.5114059168	upload-recovery	Optional(Swift.ContinuousClock.Instant(_value: 3040565.823659958 seconds))					26		partial("물리 대상의 식별·연결·속도 일부를 확인하지 못했습니다")	NetworkCard			322155.2523057902	5281.233644357217	true	Network 카드, 일부 수집 실패: 물리 대상의 식별·연결·속도 일부를 확인하지 못했습니다, 확인된 일부 합계 다운로드 314.6 KB/s, 업로드 5.2 KB/s, 일부 수집 실패: 대상 identity 또는 물리 정보 일부 미확인
sample	2026-10-03T03:50:39.275Z	965164.5344673333	upload-recovery	Instant(_value: 3040566.831134541 seconds)	0	2	114	0	26	114	partial("물리 대상의 식별·연결·속도 일부를 확인하지 못했습니다")	knownPhysical			304920.8438442561	3049.2084384425607	false	representativeRX=-1.0;representativeTX=-1.0
interface	2026-10-03T03:50:39.275Z	965164.5344673333	upload-recovery	Instant(_value: 3040566.831134541 seconds)	0	2	114	0	26	114	tunnel	gif0#2#nil#1	0	0	0.0	0.0	nil	route tunnel link type=55
interface	2026-10-03T03:50:39.275Z	965164.5344673333	upload-recovery	Instant(_value: 3040566.831134541 seconds)	0	2	114	0	26	114	tunnel	stf0#3#nil#2	0	0	0.0	0.0	nil	route tunnel link type=57
interface	2026-10-03T03:50:39.275Z	965164.5344673333	upload-recovery	Instant(_value: 3040566.831134541 seconds)	0	2	114	0	26	114	virtual	anpi1#4#4294970237#3	0	0	0.0	0.0	Optional(false)	private auxiliary network interface AppleUSBDeviceNCMPrivateEthernetInterface/AppleUSBDeviceNCMData/IOUSBDeviceInterface/AppleT8122USBXDCI/AppleARMIODevice/AppleH15IO/IOPlatformDevice/AppleARMPE/IOPlatformExpertDevice/IORegistryEntry
interface	2026-10-03T03:50:39.275Z	965164.5344673333	upload-recovery	Instant(_value: 3040566.831134541 seconds)	0	2	114	0	26	114	virtual	anpi2#5#4294970293#4	0	0	0.0	0.0	Optional(false)	private auxiliary network interface AppleUSBDeviceNCMPrivateEthernetInterface/AppleUSBDeviceNCMData/IOUSBDeviceInterface/AppleT8122USBXDCI/AppleARMIODevice/AppleH15IO/IOPlatformDevice/AppleARMPE/IOPlatformExpertDevice/IORegistryEntry
interface	2026-10-03T03:50:39.275Z	965164.5344673333	upload-recovery	Instant(_value: 3040566.831134541 seconds)	0	2	114	0	26	114	virtual	anpi0#6#4294970305#5	0	0	0.0	0.0	Optional(false)	private auxiliary network interface AppleUSBDeviceNCMPrivateEthernetInterface/AppleUSBDeviceNCMData/IOUSBDeviceInterface/AppleT8122USBXDCI/AppleARMIODevice/AppleH15IO/IOPlatformDevice/AppleARMPE/IOPlatformExpertDevice/IORegistryEntry
interface	2026-10-03T03:50:39.275Z	965164.5344673333	upload-recovery	Instant(_value: 3040566.831134541 seconds)	0	2	114	0	26	114	physicalEthernet	en4#7#4294970257#6	0	0	0.0	0.0	Optional(false)	SC Ethernet; hardware provider IOEthernetInterface/AppleUSBDeviceNCMData/IOUSBDeviceInterface/AppleT8122USBXDCI/AppleARMIODevice/AppleH15IO/IOPlatformDevice/AppleARMPE/IOPlatformExpertDevice/IORegistryEntry
interface	2026-10-03T03:50:39.275Z	965164.5344673333	upload-recovery	Instant(_value: 3040566.831134541 seconds)	0	2	114	0	26	114	physicalEthernet	en5#8#4294970175#7	0	0	0.0	0.0	Optional(false)	SC Ethernet; hardware provider IOEthernetInterface/AppleUSBDeviceNCMData/IOUSBDeviceInterface/AppleT8122USBXDCI/AppleARMIODevice/AppleH15IO/IOPlatformDevice/AppleARMPE/IOPlatformExpertDevice/IORegistryEntry
interface	2026-10-03T03:50:39.275Z	965164.5344673333	upload-recovery	Instant(_value: 3040566.831134541 seconds)	0	2	114	0	26	114	physicalEthernet	en6#9#4294970236#8	0	0	0.0	0.0	Optional(false)	SC Ethernet; hardware provider IOEthernetInterface/AppleUSBDeviceNCMData/IOUSBDeviceInterface/AppleT8122USBXDCI/AppleARMIODevice/AppleH15IO/IOPlatformDevice/AppleARMPE/IOPlatformExpertDevice/IORegistryEntry
interface	2026-10-03T03:50:39.275Z	965164.5344673333	upload-recovery	Instant(_value: 3040566.831134541 seconds)	0	2	114	0	26	114	physicalEthernet	en1#10#4294970312#9	0	0	0.0	0.0	Optional(false)	SC Ethernet; hardware provider IOEthernetInterface/AppleThunderboltIPPort/AppleThunderboltIPService/IOThunderboltLocalNode/IOThunderboltControllerType5/AppleThunderboltNHIType5/AppleThunderboltHALType5/AppleARMIODevice/AppleH15IO/IOPlatformDevice/AppleARMPE/IOPlatformExpertDevice/IORegistryEntry
interface	2026-10-03T03:50:39.275Z	965164.5344673333	upload-recovery	Instant(_value: 3040566.831134541 seconds)	0	2	114	0	26	114	physicalEthernet	en2#11#4294970264#10	0	0	0.0	0.0	Optional(false)	SC Ethernet; hardware provider IOEthernetInterface/AppleThunderboltIPPort/AppleThunderboltIPService/IOThunderboltLocalNode/IOThunderboltControllerType5/AppleThunderboltNHIType5/AppleThunderboltHALType5/AppleARMIODevice/AppleH15IO/IOPlatformDevice/AppleARMPE/IOPlatformExpertDevice/IORegistryEntry
interface	2026-10-03T03:50:39.275Z	965164.5344673333	upload-recovery	Instant(_value: 3040566.831134541 seconds)	0	2	114	0	26	114	physicalEthernet	en3#12#4294970379#11	0	0	0.0	0.0	Optional(false)	SC Ethernet; hardware provider IOEthernetInterface/AppleThunderboltIPPort/AppleThunderboltIPService/IOThunderboltLocalNode/IOThunderboltControllerType5/AppleThunderboltNHIType5/AppleThunderboltHALType5/AppleARMIODevice/AppleH15IO/IOPlatformDevice/AppleARMPE/IOPlatformExpertDevice/IORegistryEntry
interface	2026-10-03T03:50:39.275Z	965164.5344673333	upload-recovery	Instant(_value: 3040566.831134541 seconds)	0	2	114	0	26	114	logical	bridge0#15#nil#12	0	0	0.0	0.0	Optional(false)	route link type=209
interface	2026-10-03T03:50:39.275Z	965164.5344673333	upload-recovery	Instant(_value: 3040566.831134541 seconds)	0	2	114	0	26	114	unknown	ap1#13#nil#13	0	0	0.0	0.0	nil	IORegistry provider unavailable; SC type=
interface	2026-10-03T03:50:39.275Z	965164.5344673333	upload-recovery	Instant(_value: 3040566.831134541 seconds)	0	2	114	0	26	114	physicalWiFi	en0#14#4294971925#14	3217932288	2066591744	304920.8438442561	3049.2084384425607	Optional(true)	SC Wi-Fi; hardware provider IOSkywalkLegacyEthernetInterface/IO80211Controller/IOUserNetworkWLAN/IOUserService/IOUserService/IOPCIDevice/ApplePCIEHostBridge/IOPCIDevice/AppleT6031PCIe/AppleARMIODevice/AppleH15IO/IOPlatformDevice/AppleARMPE/IOPlatformExpertDevice/IORegistryEntry
interface	2026-10-03T03:50:39.275Z	965164.5344673333	upload-recovery	Instant(_value: 3040566.831134541 seconds)	0	2	114	0	26	114	virtual	awdl0#16#nil#15	8599552	8556544	0.0	0.0	Optional(true)	SIOCGIFFUNCTIONALTYPE=4
interface	2026-10-03T03:50:39.275Z	965164.5344673333	upload-recovery	Instant(_value: 3040566.831134541 seconds)	0	2	114	0	26	114	unknown	llw0#17#nil#16	0	0	0.0	0.0	nil	IORegistry provider unavailable; SC type=
interface	2026-10-03T03:50:39.275Z	965164.5344673333	upload-recovery	Instant(_value: 3040566.831134541 seconds)	0	2	114	0	26	114	tunnel	utun0#18#nil#17	0	0	0.0	0.0	nil	tunnel name; VPN service unconfirmed
interface	2026-10-03T03:50:39.275Z	965164.5344673333	upload-recovery	Instant(_value: 3040566.831134541 seconds)	0	2	114	0	26	114	tunnel	utun1#19#nil#18	0	8192	0.0	0.0	nil	tunnel name; VPN service unconfirmed
interface	2026-10-03T03:50:39.275Z	965164.5344673333	upload-recovery	Instant(_value: 3040566.831134541 seconds)	0	2	114	0	26	114	tunnel	utun2#20#nil#19	0	8192	0.0	0.0	nil	tunnel name; VPN service unconfirmed
interface	2026-10-03T03:50:39.275Z	965164.5344673333	upload-recovery	Instant(_value: 3040566.831134541 seconds)	0	2	114	0	26	114	tunnel	utun3#21#nil#20	0	8192	0.0	0.0	nil	tunnel name; VPN service unconfirmed
interface	2026-10-03T03:50:39.275Z	965164.5344673333	upload-recovery	Instant(_value: 3040566.831134541 seconds)	0	2	114	0	26	114	tunnel	utun4#24#nil#21	9216	4096	0.0	0.0	nil	tunnel name; VPN service unconfirmed
interface	2026-10-03T03:50:39.275Z	965164.5344673333	upload-recovery	Instant(_value: 3040566.831134541 seconds)	0	2	114	0	26	114	tunnel	utun5#25#nil#22	166912	143360	0.0	0.0	nil	tunnel name; VPN service unconfirmed
interface	2026-10-03T03:50:39.275Z	965164.5344673333	upload-recovery	Instant(_value: 3040566.831134541 seconds)	0	2	114	0	26	114	tunnel	utun6#26#nil#23	0	8192	0.0	0.0	nil	tunnel name; VPN service unconfirmed
interface	2026-10-03T03:50:39.275Z	965164.5344673333	upload-recovery	Instant(_value: 3040566.831134541 seconds)	0	2	114	0	26	114	tunnel	utun7#27#nil#24	0	8192	0.0	0.0	nil	tunnel name; VPN service unconfirmed
interface	2026-10-03T03:50:39.275Z	965164.5344673333	upload-recovery	Instant(_value: 3040566.831134541 seconds)	0	2	114	0	26	114	virtual	vmenet0#22#4295372070#25	5120	1833984	0.0	0.0	Optional(true)	virtual provider IOUserEthernetInterface/IOUserEthernetController/IOUserEthernetResourceUserClient/IOUserEthernetResource/IOResources/IOPlatformExpertDevice/IORegistryEntry
interface	2026-10-03T03:50:39.275Z	965164.5344673333	upload-recovery	Instant(_value: 3040566.831134541 seconds)	0	2	114	0	26	114	logical	bridge100#23#nil#26	0	3668992	0.0	0.0	Optional(true)	route link type=209
delivery	2026-10-03T03:50:39.275Z	965164.5344673333	upload-recovery	Instant(_value: 3040566.831134541 seconds)	0	2	114	0	26	114	delivered	networkActivity						sameReadAt=true
card	2026-10-03T03:50:39.275Z	965164.5344673333	upload-recovery	Optional(Swift.ContinuousClock.Instant(_value: 3040566.831134541 seconds))					26		partial("물리 대상의 식별·연결·속도 일부를 확인하지 못했습니다")	NetworkCard			304920.8438442561	3049.2084384425607	true	Network 카드, 일부 수집 실패: 물리 대상의 식별·연결·속도 일부를 확인하지 못했습니다, 확인된 일부 합계 다운로드 297.8 KB/s, 업로드 3.0 KB/s, 일부 수집 실패: 대상 identity 또는 물리 정보 일부 미확인
sample	2026-10-03T03:50:40.355Z	965165.6141265418	upload-recovery	Instant(_value: 3040568.8541909163 seconds)	0	2	116	0	26	116	partial("물리 대상의 식별·연결·속도 일부를 확인하지 못했습니다")	knownPhysical			310910.2511640987	2045.4621787111755	false	representativeRX=-1.0;representativeTX=-1.0
interface	2026-10-03T03:50:40.355Z	965165.6141265418	upload-recovery	Instant(_value: 3040568.8541909163 seconds)	0	2	116	0	26	116	tunnel	gif0#2#nil#1	0	0	0.0	0.0	nil	route tunnel link type=55
interface	2026-10-03T03:50:40.355Z	965165.6141265418	upload-recovery	Instant(_value: 3040568.8541909163 seconds)	0	2	116	0	26	116	tunnel	stf0#3#nil#2	0	0	0.0	0.0	nil	route tunnel link type=57
interface	2026-10-03T03:50:40.355Z	965165.6141265418	upload-recovery	Instant(_value: 3040568.8541909163 seconds)	0	2	116	0	26	116	virtual	anpi1#4#4294970237#3	0	0	0.0	0.0	Optional(false)	private auxiliary network interface AppleUSBDeviceNCMPrivateEthernetInterface/AppleUSBDeviceNCMData/IOUSBDeviceInterface/AppleT8122USBXDCI/AppleARMIODevice/AppleH15IO/IOPlatformDevice/AppleARMPE/IOPlatformExpertDevice/IORegistryEntry
interface	2026-10-03T03:50:40.355Z	965165.6141265418	upload-recovery	Instant(_value: 3040568.8541909163 seconds)	0	2	116	0	26	116	virtual	anpi2#5#4294970293#4	0	0	0.0	0.0	Optional(false)	private auxiliary network interface AppleUSBDeviceNCMPrivateEthernetInterface/AppleUSBDeviceNCMData/IOUSBDeviceInterface/AppleT8122USBXDCI/AppleARMIODevice/AppleH15IO/IOPlatformDevice/AppleARMPE/IOPlatformExpertDevice/IORegistryEntry
interface	2026-10-03T03:50:40.355Z	965165.6141265418	upload-recovery	Instant(_value: 3040568.8541909163 seconds)	0	2	116	0	26	116	virtual	anpi0#6#4294970305#5	0	0	0.0	0.0	Optional(false)	private auxiliary network interface AppleUSBDeviceNCMPrivateEthernetInterface/AppleUSBDeviceNCMData/IOUSBDeviceInterface/AppleT8122USBXDCI/AppleARMIODevice/AppleH15IO/IOPlatformDevice/AppleARMPE/IOPlatformExpertDevice/IORegistryEntry
interface	2026-10-03T03:50:40.355Z	965165.6141265418	upload-recovery	Instant(_value: 3040568.8541909163 seconds)	0	2	116	0	26	116	physicalEthernet	en4#7#4294970257#6	0	0	0.0	0.0	Optional(false)	SC Ethernet; hardware provider IOEthernetInterface/AppleUSBDeviceNCMData/IOUSBDeviceInterface/AppleT8122USBXDCI/AppleARMIODevice/AppleH15IO/IOPlatformDevice/AppleARMPE/IOPlatformExpertDevice/IORegistryEntry
interface	2026-10-03T03:50:40.355Z	965165.6141265418	upload-recovery	Instant(_value: 3040568.8541909163 seconds)	0	2	116	0	26	116	physicalEthernet	en5#8#4294970175#7	0	0	0.0	0.0	Optional(false)	SC Ethernet; hardware provider IOEthernetInterface/AppleUSBDeviceNCMData/IOUSBDeviceInterface/AppleT8122USBXDCI/AppleARMIODevice/AppleH15IO/IOPlatformDevice/AppleARMPE/IOPlatformExpertDevice/IORegistryEntry
interface	2026-10-03T03:50:40.355Z	965165.6141265418	upload-recovery	Instant(_value: 3040568.8541909163 seconds)	0	2	116	0	26	116	physicalEthernet	en6#9#4294970236#8	0	0	0.0	0.0	Optional(false)	SC Ethernet; hardware provider IOEthernetInterface/AppleUSBDeviceNCMData/IOUSBDeviceInterface/AppleT8122USBXDCI/AppleARMIODevice/AppleH15IO/IOPlatformDevice/AppleARMPE/IOPlatformExpertDevice/IORegistryEntry
interface	2026-10-03T03:50:40.355Z	965165.6141265418	upload-recovery	Instant(_value: 3040568.8541909163 seconds)	0	2	116	0	26	116	physicalEthernet	en1#10#4294970312#9	0	0	0.0	0.0	Optional(false)	SC Ethernet; hardware provider IOEthernetInterface/AppleThunderboltIPPort/AppleThunderboltIPService/IOThunderboltLocalNode/IOThunderboltControllerType5/AppleThunderboltNHIType5/AppleThunderboltHALType5/AppleARMIODevice/AppleH15IO/IOPlatformDevice/AppleARMPE/IOPlatformExpertDevice/IORegistryEntry
interface	2026-10-03T03:50:40.355Z	965165.6141265418	upload-recovery	Instant(_value: 3040568.8541909163 seconds)	0	2	116	0	26	116	physicalEthernet	en2#11#4294970264#10	0	0	0.0	0.0	Optional(false)	SC Ethernet; hardware provider IOEthernetInterface/AppleThunderboltIPPort/AppleThunderboltIPService/IOThunderboltLocalNode/IOThunderboltControllerType5/AppleThunderboltNHIType5/AppleThunderboltHALType5/AppleARMIODevice/AppleH15IO/IOPlatformDevice/AppleARMPE/IOPlatformExpertDevice/IORegistryEntry
interface	2026-10-03T03:50:40.355Z	965165.6141265418	upload-recovery	Instant(_value: 3040568.8541909163 seconds)	0	2	116	0	26	116	physicalEthernet	en3#12#4294970379#11	0	0	0.0	0.0	Optional(false)	SC Ethernet; hardware provider IOEthernetInterface/AppleThunderboltIPPort/AppleThunderboltIPService/IOThunderboltLocalNode/IOThunderboltControllerType5/AppleThunderboltNHIType5/AppleThunderboltHALType5/AppleARMIODevice/AppleH15IO/IOPlatformDevice/AppleARMPE/IOPlatformExpertDevice/IORegistryEntry
interface	2026-10-03T03:50:40.355Z	965165.6141265418	upload-recovery	Instant(_value: 3040568.8541909163 seconds)	0	2	116	0	26	116	logical	bridge0#15#nil#12	0	0	0.0	0.0	Optional(false)	route link type=209
interface	2026-10-03T03:50:40.355Z	965165.6141265418	upload-recovery	Instant(_value: 3040568.8541909163 seconds)	0	2	116	0	26	116	unknown	ap1#13#nil#13	0	0	0.0	0.0	nil	IORegistry provider unavailable; SC type=
interface	2026-10-03T03:50:40.355Z	965165.6141265418	upload-recovery	Instant(_value: 3040568.8541909163 seconds)	0	2	116	0	26	116	physicalWiFi	en0#14#4294971925#14	3218562048	2066596864	310910.2511640987	2045.4621787111755	Optional(true)	SC Wi-Fi; hardware provider IOSkywalkLegacyEthernetInterface/IO80211Controller/IOUserNetworkWLAN/IOUserService/IOUserService/IOPCIDevice/ApplePCIEHostBridge/IOPCIDevice/AppleT6031PCIe/AppleARMIODevice/AppleH15IO/IOPlatformDevice/AppleARMPE/IOPlatformExpertDevice/IORegistryEntry
interface	2026-10-03T03:50:40.355Z	965165.6141265418	upload-recovery	Instant(_value: 3040568.8541909163 seconds)	0	2	116	0	26	116	virtual	awdl0#16#nil#15	8599552	8556544	0.0	0.0	Optional(true)	SIOCGIFFUNCTIONALTYPE=4
interface	2026-10-03T03:50:40.355Z	965165.6141265418	upload-recovery	Instant(_value: 3040568.8541909163 seconds)	0	2	116	0	26	116	unknown	llw0#17#nil#16	0	0	0.0	0.0	nil	IORegistry provider unavailable; SC type=
interface	2026-10-03T03:50:40.355Z	965165.6141265418	upload-recovery	Instant(_value: 3040568.8541909163 seconds)	0	2	116	0	26	116	tunnel	utun0#18#nil#17	0	0	0.0	0.0	nil	tunnel name; VPN service unconfirmed
interface	2026-10-03T03:50:40.355Z	965165.6141265418	upload-recovery	Instant(_value: 3040568.8541909163 seconds)	0	2	116	0	26	116	tunnel	utun1#19#nil#18	0	8192	0.0	0.0	nil	tunnel name; VPN service unconfirmed
interface	2026-10-03T03:50:40.355Z	965165.6141265418	upload-recovery	Instant(_value: 3040568.8541909163 seconds)	0	2	116	0	26	116	tunnel	utun2#20#nil#19	0	8192	0.0	0.0	nil	tunnel name; VPN service unconfirmed
interface	2026-10-03T03:50:40.355Z	965165.6141265418	upload-recovery	Instant(_value: 3040568.8541909163 seconds)	0	2	116	0	26	116	tunnel	utun3#21#nil#20	0	8192	0.0	0.0	nil	tunnel name; VPN service unconfirmed
interface	2026-10-03T03:50:40.355Z	965165.6141265418	upload-recovery	Instant(_value: 3040568.8541909163 seconds)	0	2	116	0	26	116	tunnel	utun4#24#nil#21	9216	4096	0.0	0.0	nil	tunnel name; VPN service unconfirmed
interface	2026-10-03T03:50:40.355Z	965165.6141265418	upload-recovery	Instant(_value: 3040568.8541909163 seconds)	0	2	116	0	26	116	tunnel	utun5#25#nil#22	166912	143360	0.0	0.0	nil	tunnel name; VPN service unconfirmed
interface	2026-10-03T03:50:40.355Z	965165.6141265418	upload-recovery	Instant(_value: 3040568.8541909163 seconds)	0	2	116	0	26	116	tunnel	utun6#26#nil#23	0	8192	0.0	0.0	nil	tunnel name; VPN service unconfirmed
interface	2026-10-03T03:50:40.355Z	965165.6141265418	upload-recovery	Instant(_value: 3040568.8541909163 seconds)	0	2	116	0	26	116	tunnel	utun7#27#nil#24	0	8192	0.0	0.0	nil	tunnel name; VPN service unconfirmed
interface	2026-10-03T03:50:40.355Z	965165.6141265418	upload-recovery	Instant(_value: 3040568.8541909163 seconds)	0	2	116	0	26	116	virtual	vmenet0#22#4295372070#25	5120	1833984	0.0	0.0	Optional(true)	virtual provider IOUserEthernetInterface/IOUserEthernetController/IOUserEthernetResourceUserClient/IOUserEthernetResource/IOResources/IOPlatformExpertDevice/IORegistryEntry
interface	2026-10-03T03:50:40.355Z	965165.6141265418	upload-recovery	Instant(_value: 3040568.8541909163 seconds)	0	2	116	0	26	116	logical	bridge100#23#nil#26	0	3668992	0.0	0.0	Optional(true)	route link type=209
delivery	2026-10-03T03:50:40.355Z	965165.6141265418	upload-recovery	Instant(_value: 3040568.8541909163 seconds)	0	2	116	0	26	116	delivered	networkActivity						sameReadAt=true
card	2026-10-03T03:50:40.355Z	965165.6141265418	upload-recovery	Optional(Swift.ContinuousClock.Instant(_value: 3040568.8541909163 seconds))					26		partial("물리 대상의 식별·연결·속도 일부를 확인하지 못했습니다")	NetworkCard			310910.2511640987	2045.4621787111755	true	Network 카드, 일부 수집 실패: 물리 대상의 식별·연결·속도 일부를 확인하지 못했습니다, 확인된 일부 합계 다운로드 303.6 KB/s, 업로드 2.0 KB/s, 일부 수집 실패: 대상 identity 또는 물리 정보 일부 미확인
sample	2026-10-03T03:50:41.516Z	965166.7751119584	upload-recovery	Instant(_value: 3040569.7951780832 seconds)	0	2	117	0	91	117	baselineOnly(ResourceRunner.NetworkBaselineReason.topologyChanged)	knownPhysical			-1.0	-1.0	false	representativeRX=-1.0;representativeTX=-1.0
interface	2026-10-03T03:50:41.516Z	965166.7751119584	upload-recovery	Instant(_value: 3040569.7951780832 seconds)	0	2	117	0	91	117	tunnel	gif0#2#nil#27	0	0	-1.0	-1.0	nil	route tunnel link type=55
interface	2026-10-03T03:50:41.516Z	965166.7751119584	upload-recovery	Instant(_value: 3040569.7951780832 seconds)	0	2	117	0	91	117	tunnel	stf0#3#nil#28	0	0	-1.0	-1.0	nil	route tunnel link type=57
interface	2026-10-03T03:50:41.516Z	965166.7751119584	upload-recovery	Instant(_value: 3040569.7951780832 seconds)	0	2	117	0	91	117	virtual	anpi1#4#4294970237#29	0	0	-1.0	-1.0	Optional(false)	private auxiliary network interface AppleUSBDeviceNCMPrivateEthernetInterface/AppleUSBDeviceNCMData/IOUSBDeviceInterface/AppleT8122USBXDCI/AppleARMIODevice/AppleH15IO/IOPlatformDevice/AppleARMPE/IOPlatformExpertDevice/IORegistryEntry
interface	2026-10-03T03:50:41.516Z	965166.7751119584	upload-recovery	Instant(_value: 3040569.7951780832 seconds)	0	2	117	0	91	117	virtual	anpi2#5#4294970293#30	0	0	-1.0	-1.0	Optional(false)	private auxiliary network interface AppleUSBDeviceNCMPrivateEthernetInterface/AppleUSBDeviceNCMData/IOUSBDeviceInterface/AppleT8122USBXDCI/AppleARMIODevice/AppleH15IO/IOPlatformDevice/AppleARMPE/IOPlatformExpertDevice/IORegistryEntry
interface	2026-10-03T03:50:41.516Z	965166.7751119584	upload-recovery	Instant(_value: 3040569.7951780832 seconds)	0	2	117	0	91	117	virtual	anpi0#6#4294970305#31	0	0	-1.0	-1.0	Optional(false)	private auxiliary network interface AppleUSBDeviceNCMPrivateEthernetInterface/AppleUSBDeviceNCMData/IOUSBDeviceInterface/AppleT8122USBXDCI/AppleARMIODevice/AppleH15IO/IOPlatformDevice/AppleARMPE/IOPlatformExpertDevice/IORegistryEntry
interface	2026-10-03T03:50:41.516Z	965166.7751119584	upload-recovery	Instant(_value: 3040569.7951780832 seconds)	0	2	117	0	91	117	physicalEthernet	en4#7#4294970257#32	0	0	-1.0	-1.0	Optional(false)	SC Ethernet; hardware provider IOEthernetInterface/AppleUSBDeviceNCMData/IOUSBDeviceInterface/AppleT8122USBXDCI/AppleARMIODevice/AppleH15IO/IOPlatformDevice/AppleARMPE/IOPlatformExpertDevice/IORegistryEntry
interface	2026-10-03T03:50:41.516Z	965166.7751119584	upload-recovery	Instant(_value: 3040569.7951780832 seconds)	0	2	117	0	91	117	physicalEthernet	en5#8#4294970175#33	0	0	-1.0	-1.0	Optional(false)	SC Ethernet; hardware provider IOEthernetInterface/AppleUSBDeviceNCMData/IOUSBDeviceInterface/AppleT8122USBXDCI/AppleARMIODevice/AppleH15IO/IOPlatformDevice/AppleARMPE/IOPlatformExpertDevice/IORegistryEntry
interface	2026-10-03T03:50:41.516Z	965166.7751119584	upload-recovery	Instant(_value: 3040569.7951780832 seconds)	0	2	117	0	91	117	physicalEthernet	en6#9#4294970236#34	0	0	-1.0	-1.0	Optional(false)	SC Ethernet; hardware provider IOEthernetInterface/AppleUSBDeviceNCMData/IOUSBDeviceInterface/AppleT8122USBXDCI/AppleARMIODevice/AppleH15IO/IOPlatformDevice/AppleARMPE/IOPlatformExpertDevice/IORegistryEntry
interface	2026-10-03T03:50:41.516Z	965166.7751119584	upload-recovery	Instant(_value: 3040569.7951780832 seconds)	0	2	117	0	91	117	physicalEthernet	en1#10#4294970312#35	0	0	-1.0	-1.0	Optional(false)	SC Ethernet; hardware provider IOEthernetInterface/AppleThunderboltIPPort/AppleThunderboltIPService/IOThunderboltLocalNode/IOThunderboltControllerType5/AppleThunderboltNHIType5/AppleThunderboltHALType5/AppleARMIODevice/AppleH15IO/IOPlatformDevice/AppleARMPE/IOPlatformExpertDevice/IORegistryEntry
interface	2026-10-03T03:50:41.516Z	965166.7751119584	upload-recovery	Instant(_value: 3040569.7951780832 seconds)	0	2	117	0	91	117	physicalEthernet	en2#11#4294970264#36	0	0	-1.0	-1.0	Optional(false)	SC Ethernet; hardware provider IOEthernetInterface/AppleThunderboltIPPort/AppleThunderboltIPService/IOThunderboltLocalNode/IOThunderboltControllerType5/AppleThunderboltNHIType5/AppleThunderboltHALType5/AppleARMIODevice/AppleH15IO/IOPlatformDevice/AppleARMPE/IOPlatformExpertDevice/IORegistryEntry
interface	2026-10-03T03:50:41.516Z	965166.7751119584	upload-recovery	Instant(_value: 3040569.7951780832 seconds)	0	2	117	0	91	117	physicalEthernet	en3#12#4294970379#37	0	0	-1.0	-1.0	Optional(false)	SC Ethernet; hardware provider IOEthernetInterface/AppleThunderboltIPPort/AppleThunderboltIPService/IOThunderboltLocalNode/IOThunderboltControllerType5/AppleThunderboltNHIType5/AppleThunderboltHALType5/AppleARMIODevice/AppleH15IO/IOPlatformDevice/AppleARMPE/IOPlatformExpertDevice/IORegistryEntry
interface	2026-10-03T03:50:41.516Z	965166.7751119584	upload-recovery	Instant(_value: 3040569.7951780832 seconds)	0	2	117	0	91	117	logical	bridge0#15#nil#38	0	0	-1.0	-1.0	Optional(false)	route link type=209
interface	2026-10-03T03:50:41.516Z	965166.7751119584	upload-recovery	Instant(_value: 3040569.7951780832 seconds)	0	2	117	0	91	117	unknown	ap1#13#nil#39	0	0	-1.0	-1.0	nil	IORegistry provider unavailable; SC type=
interface	2026-10-03T03:50:41.516Z	965166.7751119584	upload-recovery	Instant(_value: 3040569.7951780832 seconds)	0	2	117	0	91	117	physicalWiFi	en0#14#4294971925#40	3218870272	2066599936	-1.0	-1.0	Optional(true)	SC Wi-Fi; hardware provider IOSkywalkLegacyEthernetInterface/IO80211Controller/IOUserNetworkWLAN/IOUserService/IOUserService/IOPCIDevice/ApplePCIEHostBridge/IOPCIDevice/AppleT6031PCIe/AppleARMIODevice/AppleH15IO/IOPlatformDevice/AppleARMPE/IOPlatformExpertDevice/IORegistryEntry
interface	2026-10-03T03:50:41.516Z	965166.7751119584	upload-recovery	Instant(_value: 3040569.7951780832 seconds)	0	2	117	0	91	117	virtual	awdl0#16#nil#41	8599552	8556544	-1.0	-1.0	Optional(true)	SIOCGIFFUNCTIONALTYPE=4
interface	2026-10-03T03:50:41.516Z	965166.7751119584	upload-recovery	Instant(_value: 3040569.7951780832 seconds)	0	2	117	0	91	117	unknown	llw0#17#nil#42	0	0	-1.0	-1.0	nil	IORegistry provider unavailable; SC type=
interface	2026-10-03T03:50:41.516Z	965166.7751119584	upload-recovery	Instant(_value: 3040569.7951780832 seconds)	0	2	117	0	91	117	tunnel	utun0#18#nil#43	0	0	-1.0	-1.0	nil	tunnel name; VPN service unconfirmed
interface	2026-10-03T03:50:41.516Z	965166.7751119584	upload-recovery	Instant(_value: 3040569.7951780832 seconds)	0	2	117	0	91	117	tunnel	utun1#19#nil#44	0	8192	-1.0	-1.0	nil	tunnel name; VPN service unconfirmed
interface	2026-10-03T03:50:41.516Z	965166.7751119584	upload-recovery	Instant(_value: 3040569.7951780832 seconds)	0	2	117	0	91	117	tunnel	utun2#20#nil#45	0	8192	-1.0	-1.0	nil	tunnel name; VPN service unconfirmed
interface	2026-10-03T03:50:41.516Z	965166.7751119584	upload-recovery	Instant(_value: 3040569.7951780832 seconds)	0	2	117	0	91	117	tunnel	utun3#21#nil#46	0	8192	-1.0	-1.0	nil	tunnel name; VPN service unconfirmed
interface	2026-10-03T03:50:41.516Z	965166.7751119584	upload-recovery	Instant(_value: 3040569.7951780832 seconds)	0	2	117	0	91	117	tunnel	utun4#24#nil#47	9216	4096	-1.0	-1.0	nil	tunnel name; VPN service unconfirmed
interface	2026-10-03T03:50:41.516Z	965166.7751119584	upload-recovery	Instant(_value: 3040569.7951780832 seconds)	0	2	117	0	91	117	tunnel	utun5#25#nil#48	166912	143360	-1.0	-1.0	nil	tunnel name; VPN service unconfirmed
interface	2026-10-03T03:50:41.516Z	965166.7751119584	upload-recovery	Instant(_value: 3040569.7951780832 seconds)	0	2	117	0	91	117	tunnel	utun6#26#nil#49	0	8192	-1.0	-1.0	nil	tunnel name; VPN service unconfirmed
interface	2026-10-03T03:50:41.516Z	965166.7751119584	upload-recovery	Instant(_value: 3040569.7951780832 seconds)	0	2	117	0	91	117	tunnel	utun7#27#nil#50	0	8192	-1.0	-1.0	nil	tunnel name; VPN service unconfirmed
interface	2026-10-03T03:50:41.516Z	965166.7751119584	upload-recovery	Instant(_value: 3040569.7951780832 seconds)	0	2	117	0	91	117	virtual	vmenet0#22#4295372070#51	5120	1833984	-1.0	-1.0	Optional(true)	virtual provider IOUserEthernetInterface/IOUserEthernetController/IOUserEthernetResourceUserClient/IOUserEthernetResource/IOResources/IOPlatformExpertDevice/IORegistryEntry
interface	2026-10-03T03:50:41.516Z	965166.7751119584	upload-recovery	Instant(_value: 3040569.7951780832 seconds)	0	2	117	0	91	117	logical	bridge100#23#nil#52	0	3668992	-1.0	-1.0	Optional(true)	route link type=209
delivery	2026-10-03T03:50:41.516Z	965166.7751119584	upload-recovery	Instant(_value: 3040569.7951780832 seconds)	0	2	117	0	91	117	delivered	networkActivity						sameReadAt=true
card	2026-10-03T03:50:41.516Z	965166.7751119584	upload-recovery	Optional(Swift.ContinuousClock.Instant(_value: 3040569.7951780832 seconds))					91		baseline("topologyChanged")	NetworkCard			-1.0	-1.0	false	Network 카드, 기준점 갱신 중, 현재 속도 없음, 측정된 속도 없음, 일부 수집 실패: 대상 identity 또는 물리 정보 일부 미확인
sample	2026-10-03T03:50:42.579Z	965167.838543875	upload-recovery	Instant(_value: 3040570.812394833 seconds)	0	2	118	0	91	118	partial("물리 대상의 식별·연결·속도 일부를 확인하지 못했습니다")	knownPhysical			316093.89051055245	14093.358175629726	false	representativeRX=-1.0;representativeTX=-1.0
interface	2026-10-03T03:50:42.579Z	965167.838543875	upload-recovery	Instant(_value: 3040570.812394833 seconds)	0	2	118	0	91	118	tunnel	gif0#2#nil#27	0	0	0.0	0.0	nil	route tunnel link type=55
interface	2026-10-03T03:50:42.579Z	965167.838543875	upload-recovery	Instant(_value: 3040570.812394833 seconds)	0	2	118	0	91	118	tunnel	stf0#3#nil#28	0	0	0.0	0.0	nil	route tunnel link type=57
interface	2026-10-03T03:50:42.579Z	965167.838543875	upload-recovery	Instant(_value: 3040570.812394833 seconds)	0	2	118	0	91	118	virtual	anpi1#4#4294970237#29	0	0	0.0	0.0	Optional(false)	private auxiliary network interface AppleUSBDeviceNCMPrivateEthernetInterface/AppleUSBDeviceNCMData/IOUSBDeviceInterface/AppleT8122USBXDCI/AppleARMIODevice/AppleH15IO/IOPlatformDevice/AppleARMPE/IOPlatformExpertDevice/IORegistryEntry
interface	2026-10-03T03:50:42.579Z	965167.838543875	upload-recovery	Instant(_value: 3040570.812394833 seconds)	0	2	118	0	91	118	virtual	anpi2#5#4294970293#30	0	0	0.0	0.0	Optional(false)	private auxiliary network interface AppleUSBDeviceNCMPrivateEthernetInterface/AppleUSBDeviceNCMData/IOUSBDeviceInterface/AppleT8122USBXDCI/AppleARMIODevice/AppleH15IO/IOPlatformDevice/AppleARMPE/IOPlatformExpertDevice/IORegistryEntry
interface	2026-10-03T03:50:42.579Z	965167.838543875	upload-recovery	Instant(_value: 3040570.812394833 seconds)	0	2	118	0	91	118	virtual	anpi0#6#4294970305#31	0	0	0.0	0.0	Optional(false)	private auxiliary network interface AppleUSBDeviceNCMPrivateEthernetInterface/AppleUSBDeviceNCMData/IOUSBDeviceInterface/AppleT8122USBXDCI/AppleARMIODevice/AppleH15IO/IOPlatformDevice/AppleARMPE/IOPlatformExpertDevice/IORegistryEntry
interface	2026-10-03T03:50:42.579Z	965167.838543875	upload-recovery	Instant(_value: 3040570.812394833 seconds)	0	2	118	0	91	118	physicalEthernet	en4#7#4294970257#32	0	0	0.0	0.0	Optional(false)	SC Ethernet; hardware provider IOEthernetInterface/AppleUSBDeviceNCMData/IOUSBDeviceInterface/AppleT8122USBXDCI/AppleARMIODevice/AppleH15IO/IOPlatformDevice/AppleARMPE/IOPlatformExpertDevice/IORegistryEntry
interface	2026-10-03T03:50:42.579Z	965167.838543875	upload-recovery	Instant(_value: 3040570.812394833 seconds)	0	2	118	0	91	118	physicalEthernet	en5#8#4294970175#33	0	0	0.0	0.0	Optional(false)	SC Ethernet; hardware provider IOEthernetInterface/AppleUSBDeviceNCMData/IOUSBDeviceInterface/AppleT8122USBXDCI/AppleARMIODevice/AppleH15IO/IOPlatformDevice/AppleARMPE/IOPlatformExpertDevice/IORegistryEntry
interface	2026-10-03T03:50:42.579Z	965167.838543875	upload-recovery	Instant(_value: 3040570.812394833 seconds)	0	2	118	0	91	118	physicalEthernet	en6#9#4294970236#34	0	0	0.0	0.0	Optional(false)	SC Ethernet; hardware provider IOEthernetInterface/AppleUSBDeviceNCMData/IOUSBDeviceInterface/AppleT8122USBXDCI/AppleARMIODevice/AppleH15IO/IOPlatformDevice/AppleARMPE/IOPlatformExpertDevice/IORegistryEntry
interface	2026-10-03T03:50:42.579Z	965167.838543875	upload-recovery	Instant(_value: 3040570.812394833 seconds)	0	2	118	0	91	118	physicalEthernet	en1#10#4294970312#35	0	0	0.0	0.0	Optional(false)	SC Ethernet; hardware provider IOEthernetInterface/AppleThunderboltIPPort/AppleThunderboltIPService/IOThunderboltLocalNode/IOThunderboltControllerType5/AppleThunderboltNHIType5/AppleThunderboltHALType5/AppleARMIODevice/AppleH15IO/IOPlatformDevice/AppleARMPE/IOPlatformExpertDevice/IORegistryEntry
interface	2026-10-03T03:50:42.579Z	965167.838543875	upload-recovery	Instant(_value: 3040570.812394833 seconds)	0	2	118	0	91	118	physicalEthernet	en2#11#4294970264#36	0	0	0.0	0.0	Optional(false)	SC Ethernet; hardware provider IOEthernetInterface/AppleThunderboltIPPort/AppleThunderboltIPService/IOThunderboltLocalNode/IOThunderboltControllerType5/AppleThunderboltNHIType5/AppleThunderboltHALType5/AppleARMIODevice/AppleH15IO/IOPlatformDevice/AppleARMPE/IOPlatformExpertDevice/IORegistryEntry
interface	2026-10-03T03:50:42.579Z	965167.838543875	upload-recovery	Instant(_value: 3040570.812394833 seconds)	0	2	118	0	91	118	physicalEthernet	en3#12#4294970379#37	0	0	0.0	0.0	Optional(false)	SC Ethernet; hardware provider IOEthernetInterface/AppleThunderboltIPPort/AppleThunderboltIPService/IOThunderboltLocalNode/IOThunderboltControllerType5/AppleThunderboltNHIType5/AppleThunderboltHALType5/AppleARMIODevice/AppleH15IO/IOPlatformDevice/AppleARMPE/IOPlatformExpertDevice/IORegistryEntry
interface	2026-10-03T03:50:42.579Z	965167.838543875	upload-recovery	Instant(_value: 3040570.812394833 seconds)	0	2	118	0	91	118	logical	bridge0#15#nil#38	0	0	0.0	0.0	Optional(false)	route link type=209
interface	2026-10-03T03:50:42.579Z	965167.838543875	upload-recovery	Instant(_value: 3040570.812394833 seconds)	0	2	118	0	91	118	unknown	ap1#13#nil#39	0	0	0.0	0.0	nil	IORegistry provider unavailable; SC type=
interface	2026-10-03T03:50:42.579Z	965167.838543875	upload-recovery	Instant(_value: 3040570.812394833 seconds)	0	2	118	0	91	118	physicalWiFi	en0#14#4294971925#40	3219191808	2066614272	316093.89051055245	14093.358175629726	Optional(true)	SC Wi-Fi; hardware provider IOSkywalkLegacyEthernetInterface/IO80211Controller/IOUserNetworkWLAN/IOUserService/IOUserService/IOPCIDevice/ApplePCIEHostBridge/IOPCIDevice/AppleT6031PCIe/AppleARMIODevice/AppleH15IO/IOPlatformDevice/AppleARMPE/IOPlatformExpertDevice/IORegistryEntry
interface	2026-10-03T03:50:42.579Z	965167.838543875	upload-recovery	Instant(_value: 3040570.812394833 seconds)	0	2	118	0	91	118	virtual	awdl0#16#nil#41	8599552	8556544	0.0	0.0	Optional(true)	SIOCGIFFUNCTIONALTYPE=4
interface	2026-10-03T03:50:42.579Z	965167.838543875	upload-recovery	Instant(_value: 3040570.812394833 seconds)	0	2	118	0	91	118	unknown	llw0#17#nil#42	0	0	0.0	0.0	nil	IORegistry provider unavailable; SC type=
interface	2026-10-03T03:50:42.579Z	965167.838543875	upload-recovery	Instant(_value: 3040570.812394833 seconds)	0	2	118	0	91	118	tunnel	utun0#18#nil#43	0	0	0.0	0.0	nil	tunnel name; VPN service unconfirmed
interface	2026-10-03T03:50:42.579Z	965167.838543875	upload-recovery	Instant(_value: 3040570.812394833 seconds)	0	2	118	0	91	118	tunnel	utun1#19#nil#44	0	8192	0.0	0.0	nil	tunnel name; VPN service unconfirmed
interface	2026-10-03T03:50:42.579Z	965167.838543875	upload-recovery	Instant(_value: 3040570.812394833 seconds)	0	2	118	0	91	118	tunnel	utun2#20#nil#45	0	8192	0.0	0.0	nil	tunnel name; VPN service unconfirmed
interface	2026-10-03T03:50:42.579Z	965167.838543875	upload-recovery	Instant(_value: 3040570.812394833 seconds)	0	2	118	0	91	118	tunnel	utun3#21#nil#46	0	8192	0.0	0.0	nil	tunnel name; VPN service unconfirmed
interface	2026-10-03T03:50:42.579Z	965167.838543875	upload-recovery	Instant(_value: 3040570.812394833 seconds)	0	2	118	0	91	118	tunnel	utun4#24#nil#47	9216	4096	0.0	0.0	nil	tunnel name; VPN service unconfirmed
interface	2026-10-03T03:50:42.579Z	965167.838543875	upload-recovery	Instant(_value: 3040570.812394833 seconds)	0	2	118	0	91	118	tunnel	utun5#25#nil#48	166912	143360	0.0	0.0	nil	tunnel name; VPN service unconfirmed
interface	2026-10-03T03:50:42.579Z	965167.838543875	upload-recovery	Instant(_value: 3040570.812394833 seconds)	0	2	118	0	91	118	tunnel	utun6#26#nil#49	0	8192	0.0	0.0	nil	tunnel name; VPN service unconfirmed
interface	2026-10-03T03:50:42.579Z	965167.838543875	upload-recovery	Instant(_value: 3040570.812394833 seconds)	0	2	118	0	91	118	tunnel	utun7#27#nil#50	0	8192	0.0	0.0	nil	tunnel name; VPN service unconfirmed
interface	2026-10-03T03:50:42.579Z	965167.838543875	upload-recovery	Instant(_value: 3040570.812394833 seconds)	0	2	118	0	91	118	virtual	vmenet0#22#4295372070#51	5120	1833984	0.0	0.0	Optional(true)	virtual provider IOUserEthernetInterface/IOUserEthernetController/IOUserEthernetResourceUserClient/IOUserEthernetResource/IOResources/IOPlatformExpertDevice/IORegistryEntry
interface	2026-10-03T03:50:42.579Z	965167.838543875	upload-recovery	Instant(_value: 3040570.812394833 seconds)	0	2	118	0	91	118	logical	bridge100#23#nil#52	0	3668992	0.0	0.0	Optional(true)	route link type=209
delivery	2026-10-03T03:50:42.579Z	965167.838543875	upload-recovery	Instant(_value: 3040570.812394833 seconds)	0	2	118	0	91	118	delivered	networkActivity						sameReadAt=true
card	2026-10-03T03:50:42.579Z	965167.838543875	upload-recovery	Optional(Swift.ContinuousClock.Instant(_value: 3040570.812394833 seconds))					91		partial("물리 대상의 식별·연결·속도 일부를 확인하지 못했습니다")	NetworkCard			316093.89051055245	14093.358175629726	true	Network 카드, 일부 수집 실패: 물리 대상의 식별·연결·속도 일부를 확인하지 못했습니다, 확인된 일부 합계 다운로드 308.7 KB/s, 업로드 13.8 KB/s, 일부 수집 실패: 대상 identity 또는 물리 정보 일부 미확인
sample	2026-10-03T03:50:43.588Z	965168.8468587501	upload-recovery	Instant(_value: 3040571.8234961657 seconds)	0	2	119	0	91	119	partial("물리 대상의 식별·연결·속도 일부를 확인하지 못했습니다")	knownPhysical			308890.8992665723	3038.271140326941	false	representativeRX=-1.0;representativeTX=-1.0
interface	2026-10-03T03:50:43.588Z	965168.8468587501	upload-recovery	Instant(_value: 3040571.8234961657 seconds)	0	2	119	0	91	119	tunnel	gif0#2#nil#27	0	0	0.0	0.0	nil	route tunnel link type=55
interface	2026-10-03T03:50:43.588Z	965168.8468587501	upload-recovery	Instant(_value: 3040571.8234961657 seconds)	0	2	119	0	91	119	tunnel	stf0#3#nil#28	0	0	0.0	0.0	nil	route tunnel link type=57
interface	2026-10-03T03:50:43.588Z	965168.8468587501	upload-recovery	Instant(_value: 3040571.8234961657 seconds)	0	2	119	0	91	119	virtual	anpi1#4#4294970237#29	0	0	0.0	0.0	Optional(false)	private auxiliary network interface AppleUSBDeviceNCMPrivateEthernetInterface/AppleUSBDeviceNCMData/IOUSBDeviceInterface/AppleT8122USBXDCI/AppleARMIODevice/AppleH15IO/IOPlatformDevice/AppleARMPE/IOPlatformExpertDevice/IORegistryEntry
interface	2026-10-03T03:50:43.588Z	965168.8468587501	upload-recovery	Instant(_value: 3040571.8234961657 seconds)	0	2	119	0	91	119	virtual	anpi2#5#4294970293#30	0	0	0.0	0.0	Optional(false)	private auxiliary network interface AppleUSBDeviceNCMPrivateEthernetInterface/AppleUSBDeviceNCMData/IOUSBDeviceInterface/AppleT8122USBXDCI/AppleARMIODevice/AppleH15IO/IOPlatformDevice/AppleARMPE/IOPlatformExpertDevice/IORegistryEntry
interface	2026-10-03T03:50:43.588Z	965168.8468587501	upload-recovery	Instant(_value: 3040571.8234961657 seconds)	0	2	119	0	91	119	virtual	anpi0#6#4294970305#31	0	0	0.0	0.0	Optional(false)	private auxiliary network interface AppleUSBDeviceNCMPrivateEthernetInterface/AppleUSBDeviceNCMData/IOUSBDeviceInterface/AppleT8122USBXDCI/AppleARMIODevice/AppleH15IO/IOPlatformDevice/AppleARMPE/IOPlatformExpertDevice/IORegistryEntry
interface	2026-10-03T03:50:43.588Z	965168.8468587501	upload-recovery	Instant(_value: 3040571.8234961657 seconds)	0	2	119	0	91	119	physicalEthernet	en4#7#4294970257#32	0	0	0.0	0.0	Optional(false)	SC Ethernet; hardware provider IOEthernetInterface/AppleUSBDeviceNCMData/IOUSBDeviceInterface/AppleT8122USBXDCI/AppleARMIODevice/AppleH15IO/IOPlatformDevice/AppleARMPE/IOPlatformExpertDevice/IORegistryEntry
interface	2026-10-03T03:50:43.588Z	965168.8468587501	upload-recovery	Instant(_value: 3040571.8234961657 seconds)	0	2	119	0	91	119	physicalEthernet	en5#8#4294970175#33	0	0	0.0	0.0	Optional(false)	SC Ethernet; hardware provider IOEthernetInterface/AppleUSBDeviceNCMData/IOUSBDeviceInterface/AppleT8122USBXDCI/AppleARMIODevice/AppleH15IO/IOPlatformDevice/AppleARMPE/IOPlatformExpertDevice/IORegistryEntry
interface	2026-10-03T03:50:43.588Z	965168.8468587501	upload-recovery	Instant(_value: 3040571.8234961657 seconds)	0	2	119	0	91	119	physicalEthernet	en6#9#4294970236#34	0	0	0.0	0.0	Optional(false)	SC Ethernet; hardware provider IOEthernetInterface/AppleUSBDeviceNCMData/IOUSBDeviceInterface/AppleT8122USBXDCI/AppleARMIODevice/AppleH15IO/IOPlatformDevice/AppleARMPE/IOPlatformExpertDevice/IORegistryEntry
interface	2026-10-03T03:50:43.588Z	965168.8468587501	upload-recovery	Instant(_value: 3040571.8234961657 seconds)	0	2	119	0	91	119	physicalEthernet	en1#10#4294970312#35	0	0	0.0	0.0	Optional(false)	SC Ethernet; hardware provider IOEthernetInterface/AppleThunderboltIPPort/AppleThunderboltIPService/IOThunderboltLocalNode/IOThunderboltControllerType5/AppleThunderboltNHIType5/AppleThunderboltHALType5/AppleARMIODevice/AppleH15IO/IOPlatformDevice/AppleARMPE/IOPlatformExpertDevice/IORegistryEntry
interface	2026-10-03T03:50:43.588Z	965168.8468587501	upload-recovery	Instant(_value: 3040571.8234961657 seconds)	0	2	119	0	91	119	physicalEthernet	en2#11#4294970264#36	0	0	0.0	0.0	Optional(false)	SC Ethernet; hardware provider IOEthernetInterface/AppleThunderboltIPPort/AppleThunderboltIPService/IOThunderboltLocalNode/IOThunderboltControllerType5/AppleThunderboltNHIType5/AppleThunderboltHALType5/AppleARMIODevice/AppleH15IO/IOPlatformDevice/AppleARMPE/IOPlatformExpertDevice/IORegistryEntry
interface	2026-10-03T03:50:43.588Z	965168.8468587501	upload-recovery	Instant(_value: 3040571.8234961657 seconds)	0	2	119	0	91	119	physicalEthernet	en3#12#4294970379#37	0	0	0.0	0.0	Optional(false)	SC Ethernet; hardware provider IOEthernetInterface/AppleThunderboltIPPort/AppleThunderboltIPService/IOThunderboltLocalNode/IOThunderboltControllerType5/AppleThunderboltNHIType5/AppleThunderboltHALType5/AppleARMIODevice/AppleH15IO/IOPlatformDevice/AppleARMPE/IOPlatformExpertDevice/IORegistryEntry
interface	2026-10-03T03:50:43.588Z	965168.8468587501	upload-recovery	Instant(_value: 3040571.8234961657 seconds)	0	2	119	0	91	119	logical	bridge0#15#nil#38	0	0	0.0	0.0	Optional(false)	route link type=209
interface	2026-10-03T03:50:43.588Z	965168.8468587501	upload-recovery	Instant(_value: 3040571.8234961657 seconds)	0	2	119	0	91	119	unknown	ap1#13#nil#39	0	0	0.0	0.0	nil	IORegistry provider unavailable; SC type=
interface	2026-10-03T03:50:43.588Z	965168.8468587501	upload-recovery	Instant(_value: 3040571.8234961657 seconds)	0	2	119	0	91	119	physicalWiFi	en0#14#4294971925#40	3219504128	2066617344	308890.8992665723	3038.271140326941	Optional(true)	SC Wi-Fi; hardware provider IOSkywalkLegacyEthernetInterface/IO80211Controller/IOUserNetworkWLAN/IOUserService/IOUserService/IOPCIDevice/ApplePCIEHostBridge/IOPCIDevice/AppleT6031PCIe/AppleARMIODevice/AppleH15IO/IOPlatformDevice/AppleARMPE/IOPlatformExpertDevice/IORegistryEntry
interface	2026-10-03T03:50:43.588Z	965168.8468587501	upload-recovery	Instant(_value: 3040571.8234961657 seconds)	0	2	119	0	91	119	virtual	awdl0#16#nil#41	8599552	8556544	0.0	0.0	Optional(true)	SIOCGIFFUNCTIONALTYPE=4
interface	2026-10-03T03:50:43.588Z	965168.8468587501	upload-recovery	Instant(_value: 3040571.8234961657 seconds)	0	2	119	0	91	119	unknown	llw0#17#nil#42	0	0	0.0	0.0	nil	IORegistry provider unavailable; SC type=
interface	2026-10-03T03:50:43.588Z	965168.8468587501	upload-recovery	Instant(_value: 3040571.8234961657 seconds)	0	2	119	0	91	119	tunnel	utun0#18#nil#43	0	0	0.0	0.0	nil	tunnel name; VPN service unconfirmed
interface	2026-10-03T03:50:43.588Z	965168.8468587501	upload-recovery	Instant(_value: 3040571.8234961657 seconds)	0	2	119	0	91	119	tunnel	utun1#19#nil#44	0	8192	0.0	0.0	nil	tunnel name; VPN service unconfirmed
interface	2026-10-03T03:50:43.588Z	965168.8468587501	upload-recovery	Instant(_value: 3040571.8234961657 seconds)	0	2	119	0	91	119	tunnel	utun2#20#nil#45	0	8192	0.0	0.0	nil	tunnel name; VPN service unconfirmed
interface	2026-10-03T03:50:43.588Z	965168.8468587501	upload-recovery	Instant(_value: 3040571.8234961657 seconds)	0	2	119	0	91	119	tunnel	utun3#21#nil#46	0	8192	0.0	0.0	nil	tunnel name; VPN service unconfirmed
interface	2026-10-03T03:50:43.588Z	965168.8468587501	upload-recovery	Instant(_value: 3040571.8234961657 seconds)	0	2	119	0	91	119	tunnel	utun4#24#nil#47	9216	4096	0.0	0.0	nil	tunnel name; VPN service unconfirmed
interface	2026-10-03T03:50:43.588Z	965168.8468587501	upload-recovery	Instant(_value: 3040571.8234961657 seconds)	0	2	119	0	91	119	tunnel	utun5#25#nil#48	166912	143360	0.0	0.0	nil	tunnel name; VPN service unconfirmed
interface	2026-10-03T03:50:43.588Z	965168.8468587501	upload-recovery	Instant(_value: 3040571.8234961657 seconds)	0	2	119	0	91	119	tunnel	utun6#26#nil#49	0	8192	0.0	0.0	nil	tunnel name; VPN service unconfirmed
interface	2026-10-03T03:50:43.588Z	965168.8468587501	upload-recovery	Instant(_value: 3040571.8234961657 seconds)	0	2	119	0	91	119	tunnel	utun7#27#nil#50	0	8192	0.0	0.0	nil	tunnel name; VPN service unconfirmed
interface	2026-10-03T03:50:43.588Z	965168.8468587501	upload-recovery	Instant(_value: 3040571.8234961657 seconds)	0	2	119	0	91	119	virtual	vmenet0#22#4295372070#51	5120	1833984	0.0	0.0	Optional(true)	virtual provider IOUserEthernetInterface/IOUserEthernetController/IOUserEthernetResourceUserClient/IOUserEthernetResource/IOResources/IOPlatformExpertDevice/IORegistryEntry
interface	2026-10-03T03:50:43.588Z	965168.8468587501	upload-recovery	Instant(_value: 3040571.8234961657 seconds)	0	2	119	0	91	119	logical	bridge100#23#nil#52	0	3668992	0.0	0.0	Optional(true)	route link type=209
delivery	2026-10-03T03:50:43.588Z	965168.8468587501	upload-recovery	Instant(_value: 3040571.8234961657 seconds)	0	2	119	0	91	119	delivered	networkActivity						sameReadAt=true
card	2026-10-03T03:50:43.588Z	965168.8468587501	upload-recovery	Optional(Swift.ContinuousClock.Instant(_value: 3040571.8234961657 seconds))					91		partial("물리 대상의 식별·연결·속도 일부를 확인하지 못했습니다")	NetworkCard			308890.8992665723	3038.271140326941	true	Network 카드, 일부 수집 실패: 물리 대상의 식별·연결·속도 일부를 확인하지 못했습니다, 확인된 일부 합계 다운로드 301.7 KB/s, 업로드 3.0 KB/s, 일부 수집 실패: 대상 identity 또는 물리 정보 일부 미확인
sample	2026-10-03T03:50:44.657Z	965169.916837	upload-recovery	Instant(_value: 3040572.8578199996 seconds)	0	2	120	0	91	120	partial("물리 대상의 식별·연결·속도 일부를 확인하지 못했습니다")	knownPhysical			310865.8907689833	2970.056281232324	false	representativeRX=-1.0;representativeTX=-1.0
interface	2026-10-03T03:50:44.657Z	965169.916837	upload-recovery	Instant(_value: 3040572.8578199996 seconds)	0	2	120	0	91	120	tunnel	gif0#2#nil#27	0	0	0.0	0.0	nil	route tunnel link type=55
interface	2026-10-03T03:50:44.657Z	965169.916837	upload-recovery	Instant(_value: 3040572.8578199996 seconds)	0	2	120	0	91	120	tunnel	stf0#3#nil#28	0	0	0.0	0.0	nil	route tunnel link type=57
interface	2026-10-03T03:50:44.657Z	965169.916837	upload-recovery	Instant(_value: 3040572.8578199996 seconds)	0	2	120	0	91	120	virtual	anpi1#4#4294970237#29	0	0	0.0	0.0	Optional(false)	private auxiliary network interface AppleUSBDeviceNCMPrivateEthernetInterface/AppleUSBDeviceNCMData/IOUSBDeviceInterface/AppleT8122USBXDCI/AppleARMIODevice/AppleH15IO/IOPlatformDevice/AppleARMPE/IOPlatformExpertDevice/IORegistryEntry
interface	2026-10-03T03:50:44.657Z	965169.916837	upload-recovery	Instant(_value: 3040572.8578199996 seconds)	0	2	120	0	91	120	virtual	anpi2#5#4294970293#30	0	0	0.0	0.0	Optional(false)	private auxiliary network interface AppleUSBDeviceNCMPrivateEthernetInterface/AppleUSBDeviceNCMData/IOUSBDeviceInterface/AppleT8122USBXDCI/AppleARMIODevice/AppleH15IO/IOPlatformDevice/AppleARMPE/IOPlatformExpertDevice/IORegistryEntry
interface	2026-10-03T03:50:44.657Z	965169.916837	upload-recovery	Instant(_value: 3040572.8578199996 seconds)	0	2	120	0	91	120	virtual	anpi0#6#4294970305#31	0	0	0.0	0.0	Optional(false)	private auxiliary network interface AppleUSBDeviceNCMPrivateEthernetInterface/AppleUSBDeviceNCMData/IOUSBDeviceInterface/AppleT8122USBXDCI/AppleARMIODevice/AppleH15IO/IOPlatformDevice/AppleARMPE/IOPlatformExpertDevice/IORegistryEntry
interface	2026-10-03T03:50:44.657Z	965169.916837	upload-recovery	Instant(_value: 3040572.8578199996 seconds)	0	2	120	0	91	120	physicalEthernet	en4#7#4294970257#32	0	0	0.0	0.0	Optional(false)	SC Ethernet; hardware provider IOEthernetInterface/AppleUSBDeviceNCMData/IOUSBDeviceInterface/AppleT8122USBXDCI/AppleARMIODevice/AppleH15IO/IOPlatformDevice/AppleARMPE/IOPlatformExpertDevice/IORegistryEntry
interface	2026-10-03T03:50:44.657Z	965169.916837	upload-recovery	Instant(_value: 3040572.8578199996 seconds)	0	2	120	0	91	120	physicalEthernet	en5#8#4294970175#33	0	0	0.0	0.0	Optional(false)	SC Ethernet; hardware provider IOEthernetInterface/AppleUSBDeviceNCMData/IOUSBDeviceInterface/AppleT8122USBXDCI/AppleARMIODevice/AppleH15IO/IOPlatformDevice/AppleARMPE/IOPlatformExpertDevice/IORegistryEntry
interface	2026-10-03T03:50:44.657Z	965169.916837	upload-recovery	Instant(_value: 3040572.8578199996 seconds)	0	2	120	0	91	120	physicalEthernet	en6#9#4294970236#34	0	0	0.0	0.0	Optional(false)	SC Ethernet; hardware provider IOEthernetInterface/AppleUSBDeviceNCMData/IOUSBDeviceInterface/AppleT8122USBXDCI/AppleARMIODevice/AppleH15IO/IOPlatformDevice/AppleARMPE/IOPlatformExpertDevice/IORegistryEntry
interface	2026-10-03T03:50:44.657Z	965169.916837	upload-recovery	Instant(_value: 3040572.8578199996 seconds)	0	2	120	0	91	120	physicalEthernet	en1#10#4294970312#35	0	0	0.0	0.0	Optional(false)	SC Ethernet; hardware provider IOEthernetInterface/AppleThunderboltIPPort/AppleThunderboltIPService/IOThunderboltLocalNode/IOThunderboltControllerType5/AppleThunderboltNHIType5/AppleThunderboltHALType5/AppleARMIODevice/AppleH15IO/IOPlatformDevice/AppleARMPE/IOPlatformExpertDevice/IORegistryEntry
interface	2026-10-03T03:50:44.657Z	965169.916837	upload-recovery	Instant(_value: 3040572.8578199996 seconds)	0	2	120	0	91	120	physicalEthernet	en2#11#4294970264#36	0	0	0.0	0.0	Optional(false)	SC Ethernet; hardware provider IOEthernetInterface/AppleThunderboltIPPort/AppleThunderboltIPService/IOThunderboltLocalNode/IOThunderboltControllerType5/AppleThunderboltNHIType5/AppleThunderboltHALType5/AppleARMIODevice/AppleH15IO/IOPlatformDevice/AppleARMPE/IOPlatformExpertDevice/IORegistryEntry
interface	2026-10-03T03:50:44.657Z	965169.916837	upload-recovery	Instant(_value: 3040572.8578199996 seconds)	0	2	120	0	91	120	physicalEthernet	en3#12#4294970379#37	0	0	0.0	0.0	Optional(false)	SC Ethernet; hardware provider IOEthernetInterface/AppleThunderboltIPPort/AppleThunderboltIPService/IOThunderboltLocalNode/IOThunderboltControllerType5/AppleThunderboltNHIType5/AppleThunderboltHALType5/AppleARMIODevice/AppleH15IO/IOPlatformDevice/AppleARMPE/IOPlatformExpertDevice/IORegistryEntry
interface	2026-10-03T03:50:44.657Z	965169.916837	upload-recovery	Instant(_value: 3040572.8578199996 seconds)	0	2	120	0	91	120	logical	bridge0#15#nil#38	0	0	0.0	0.0	Optional(false)	route link type=209
interface	2026-10-03T03:50:44.657Z	965169.916837	upload-recovery	Instant(_value: 3040572.8578199996 seconds)	0	2	120	0	91	120	unknown	ap1#13#nil#39	0	0	0.0	0.0	nil	IORegistry provider unavailable; SC type=
interface	2026-10-03T03:50:44.657Z	965169.916837	upload-recovery	Instant(_value: 3040572.8578199996 seconds)	0	2	120	0	91	120	physicalWiFi	en0#14#4294971925#40	3219825664	2066620416	310865.8907689833	2970.056281232324	Optional(true)	SC Wi-Fi; hardware provider IOSkywalkLegacyEthernetInterface/IO80211Controller/IOUserNetworkWLAN/IOUserService/IOUserService/IOPCIDevice/ApplePCIEHostBridge/IOPCIDevice/AppleT6031PCIe/AppleARMIODevice/AppleH15IO/IOPlatformDevice/AppleARMPE/IOPlatformExpertDevice/IORegistryEntry
interface	2026-10-03T03:50:44.657Z	965169.916837	upload-recovery	Instant(_value: 3040572.8578199996 seconds)	0	2	120	0	91	120	virtual	awdl0#16#nil#41	8599552	8556544	0.0	0.0	Optional(true)	SIOCGIFFUNCTIONALTYPE=4
interface	2026-10-03T03:50:44.657Z	965169.916837	upload-recovery	Instant(_value: 3040572.8578199996 seconds)	0	2	120	0	91	120	unknown	llw0#17#nil#42	0	0	0.0	0.0	nil	IORegistry provider unavailable; SC type=
interface	2026-10-03T03:50:44.657Z	965169.916837	upload-recovery	Instant(_value: 3040572.8578199996 seconds)	0	2	120	0	91	120	tunnel	utun0#18#nil#43	0	0	0.0	0.0	nil	tunnel name; VPN service unconfirmed
interface	2026-10-03T03:50:44.657Z	965169.916837	upload-recovery	Instant(_value: 3040572.8578199996 seconds)	0	2	120	0	91	120	tunnel	utun1#19#nil#44	0	8192	0.0	0.0	nil	tunnel name; VPN service unconfirmed
interface	2026-10-03T03:50:44.657Z	965169.916837	upload-recovery	Instant(_value: 3040572.8578199996 seconds)	0	2	120	0	91	120	tunnel	utun2#20#nil#45	0	8192	0.0	0.0	nil	tunnel name; VPN service unconfirmed
interface	2026-10-03T03:50:44.657Z	965169.916837	upload-recovery	Instant(_value: 3040572.8578199996 seconds)	0	2	120	0	91	120	tunnel	utun3#21#nil#46	0	8192	0.0	0.0	nil	tunnel name; VPN service unconfirmed
interface	2026-10-03T03:50:44.657Z	965169.916837	upload-recovery	Instant(_value: 3040572.8578199996 seconds)	0	2	120	0	91	120	tunnel	utun4#24#nil#47	9216	4096	0.0	0.0	nil	tunnel name; VPN service unconfirmed
interface	2026-10-03T03:50:44.657Z	965169.916837	upload-recovery	Instant(_value: 3040572.8578199996 seconds)	0	2	120	0	91	120	tunnel	utun5#25#nil#48	166912	143360	0.0	0.0	nil	tunnel name; VPN service unconfirmed
interface	2026-10-03T03:50:44.657Z	965169.916837	upload-recovery	Instant(_value: 3040572.8578199996 seconds)	0	2	120	0	91	120	tunnel	utun6#26#nil#49	0	8192	0.0	0.0	nil	tunnel name; VPN service unconfirmed
interface	2026-10-03T03:50:44.657Z	965169.916837	upload-recovery	Instant(_value: 3040572.8578199996 seconds)	0	2	120	0	91	120	tunnel	utun7#27#nil#50	0	8192	0.0	0.0	nil	tunnel name; VPN service unconfirmed
interface	2026-10-03T03:50:44.657Z	965169.916837	upload-recovery	Instant(_value: 3040572.8578199996 seconds)	0	2	120	0	91	120	virtual	vmenet0#22#4295372070#51	5120	1833984	0.0	0.0	Optional(true)	virtual provider IOUserEthernetInterface/IOUserEthernetController/IOUserEthernetResourceUserClient/IOUserEthernetResource/IOResources/IOPlatformExpertDevice/IORegistryEntry
interface	2026-10-03T03:50:44.657Z	965169.916837	upload-recovery	Instant(_value: 3040572.8578199996 seconds)	0	2	120	0	91	120	logical	bridge100#23#nil#52	0	3668992	0.0	0.0	Optional(true)	route link type=209
delivery	2026-10-03T03:50:44.657Z	965169.916837	upload-recovery	Instant(_value: 3040572.8578199996 seconds)	0	2	120	0	91	120	delivered	networkActivity						sameReadAt=true
card	2026-10-03T03:50:44.657Z	965169.916837	upload-recovery	Optional(Swift.ContinuousClock.Instant(_value: 3040572.8578199996 seconds))					91		partial("물리 대상의 식별·연결·속도 일부를 확인하지 못했습니다")	NetworkCard			310865.8907689833	2970.056281232324	true	Network 카드, 일부 수집 실패: 물리 대상의 식별·연결·속도 일부를 확인하지 못했습니다, 확인된 일부 합계 다운로드 303.6 KB/s, 업로드 2.9 KB/s, 일부 수집 실패: 대상 identity 또는 물리 정보 일부 미확인
sample	2026-10-03T03:50:45.691Z	965170.9499488334	upload-recovery	Instant(_value: 3040573.855588458 seconds)	0	2	121	0	91	121	partial("물리 대상의 식별·연결·속도 일부를 확인하지 못했습니다")	knownPhysical			318149.96500921657	3078.8706291214507	false	representativeRX=-1.0;representativeTX=-1.0
interface	2026-10-03T03:50:45.691Z	965170.9499488334	upload-recovery	Instant(_value: 3040573.855588458 seconds)	0	2	121	0	91	121	tunnel	gif0#2#nil#27	0	0	0.0	0.0	nil	route tunnel link type=55
interface	2026-10-03T03:50:45.691Z	965170.9499488334	upload-recovery	Instant(_value: 3040573.855588458 seconds)	0	2	121	0	91	121	tunnel	stf0#3#nil#28	0	0	0.0	0.0	nil	route tunnel link type=57
interface	2026-10-03T03:50:45.691Z	965170.9499488334	upload-recovery	Instant(_value: 3040573.855588458 seconds)	0	2	121	0	91	121	virtual	anpi1#4#4294970237#29	0	0	0.0	0.0	Optional(false)	private auxiliary network interface AppleUSBDeviceNCMPrivateEthernetInterface/AppleUSBDeviceNCMData/IOUSBDeviceInterface/AppleT8122USBXDCI/AppleARMIODevice/AppleH15IO/IOPlatformDevice/AppleARMPE/IOPlatformExpertDevice/IORegistryEntry
interface	2026-10-03T03:50:45.691Z	965170.9499488334	upload-recovery	Instant(_value: 3040573.855588458 seconds)	0	2	121	0	91	121	virtual	anpi2#5#4294970293#30	0	0	0.0	0.0	Optional(false)	private auxiliary network interface AppleUSBDeviceNCMPrivateEthernetInterface/AppleUSBDeviceNCMData/IOUSBDeviceInterface/AppleT8122USBXDCI/AppleARMIODevice/AppleH15IO/IOPlatformDevice/AppleARMPE/IOPlatformExpertDevice/IORegistryEntry
interface	2026-10-03T03:50:45.691Z	965170.9499488334	upload-recovery	Instant(_value: 3040573.855588458 seconds)	0	2	121	0	91	121	virtual	anpi0#6#4294970305#31	0	0	0.0	0.0	Optional(false)	private auxiliary network interface AppleUSBDeviceNCMPrivateEthernetInterface/AppleUSBDeviceNCMData/IOUSBDeviceInterface/AppleT8122USBXDCI/AppleARMIODevice/AppleH15IO/IOPlatformDevice/AppleARMPE/IOPlatformExpertDevice/IORegistryEntry
interface	2026-10-03T03:50:45.691Z	965170.9499488334	upload-recovery	Instant(_value: 3040573.855588458 seconds)	0	2	121	0	91	121	physicalEthernet	en4#7#4294970257#32	0	0	0.0	0.0	Optional(false)	SC Ethernet; hardware provider IOEthernetInterface/AppleUSBDeviceNCMData/IOUSBDeviceInterface/AppleT8122USBXDCI/AppleARMIODevice/AppleH15IO/IOPlatformDevice/AppleARMPE/IOPlatformExpertDevice/IORegistryEntry
interface	2026-10-03T03:50:45.691Z	965170.9499488334	upload-recovery	Instant(_value: 3040573.855588458 seconds)	0	2	121	0	91	121	physicalEthernet	en5#8#4294970175#33	0	0	0.0	0.0	Optional(false)	SC Ethernet; hardware provider IOEthernetInterface/AppleUSBDeviceNCMData/IOUSBDeviceInterface/AppleT8122USBXDCI/AppleARMIODevice/AppleH15IO/IOPlatformDevice/AppleARMPE/IOPlatformExpertDevice/IORegistryEntry
interface	2026-10-03T03:50:45.691Z	965170.9499488334	upload-recovery	Instant(_value: 3040573.855588458 seconds)	0	2	121	0	91	121	physicalEthernet	en6#9#4294970236#34	0	0	0.0	0.0	Optional(false)	SC Ethernet; hardware provider IOEthernetInterface/AppleUSBDeviceNCMData/IOUSBDeviceInterface/AppleT8122USBXDCI/AppleARMIODevice/AppleH15IO/IOPlatformDevice/AppleARMPE/IOPlatformExpertDevice/IORegistryEntry
interface	2026-10-03T03:50:45.691Z	965170.9499488334	upload-recovery	Instant(_value: 3040573.855588458 seconds)	0	2	121	0	91	121	physicalEthernet	en1#10#4294970312#35	0	0	0.0	0.0	Optional(false)	SC Ethernet; hardware provider IOEthernetInterface/AppleThunderboltIPPort/AppleThunderboltIPService/IOThunderboltLocalNode/IOThunderboltControllerType5/AppleThunderboltNHIType5/AppleThunderboltHALType5/AppleARMIODevice/AppleH15IO/IOPlatformDevice/AppleARMPE/IOPlatformExpertDevice/IORegistryEntry
interface	2026-10-03T03:50:45.691Z	965170.9499488334	upload-recovery	Instant(_value: 3040573.855588458 seconds)	0	2	121	0	91	121	physicalEthernet	en2#11#4294970264#36	0	0	0.0	0.0	Optional(false)	SC Ethernet; hardware provider IOEthernetInterface/AppleThunderboltIPPort/AppleThunderboltIPService/IOThunderboltLocalNode/IOThunderboltControllerType5/AppleThunderboltNHIType5/AppleThunderboltHALType5/AppleARMIODevice/AppleH15IO/IOPlatformDevice/AppleARMPE/IOPlatformExpertDevice/IORegistryEntry
interface	2026-10-03T03:50:45.691Z	965170.9499488334	upload-recovery	Instant(_value: 3040573.855588458 seconds)	0	2	121	0	91	121	physicalEthernet	en3#12#4294970379#37	0	0	0.0	0.0	Optional(false)	SC Ethernet; hardware provider IOEthernetInterface/AppleThunderboltIPPort/AppleThunderboltIPService/IOThunderboltLocalNode/IOThunderboltControllerType5/AppleThunderboltNHIType5/AppleThunderboltHALType5/AppleARMIODevice/AppleH15IO/IOPlatformDevice/AppleARMPE/IOPlatformExpertDevice/IORegistryEntry
interface	2026-10-03T03:50:45.691Z	965170.9499488334	upload-recovery	Instant(_value: 3040573.855588458 seconds)	0	2	121	0	91	121	logical	bridge0#15#nil#38	0	0	0.0	0.0	Optional(false)	route link type=209
interface	2026-10-03T03:50:45.691Z	965170.9499488334	upload-recovery	Instant(_value: 3040573.855588458 seconds)	0	2	121	0	91	121	unknown	ap1#13#nil#39	0	0	0.0	0.0	nil	IORegistry provider unavailable; SC type=
interface	2026-10-03T03:50:45.691Z	965170.9499488334	upload-recovery	Instant(_value: 3040573.855588458 seconds)	0	2	121	0	91	121	physicalWiFi	en0#14#4294971925#40	3220143104	2066623488	318149.96500921657	3078.8706291214507	Optional(true)	SC Wi-Fi; hardware provider IOSkywalkLegacyEthernetInterface/IO80211Controller/IOUserNetworkWLAN/IOUserService/IOUserService/IOPCIDevice/ApplePCIEHostBridge/IOPCIDevice/AppleT6031PCIe/AppleARMIODevice/AppleH15IO/IOPlatformDevice/AppleARMPE/IOPlatformExpertDevice/IORegistryEntry
interface	2026-10-03T03:50:45.691Z	965170.9499488334	upload-recovery	Instant(_value: 3040573.855588458 seconds)	0	2	121	0	91	121	virtual	awdl0#16#nil#41	8599552	8556544	0.0	0.0	Optional(true)	SIOCGIFFUNCTIONALTYPE=4
interface	2026-10-03T03:50:45.691Z	965170.9499488334	upload-recovery	Instant(_value: 3040573.855588458 seconds)	0	2	121	0	91	121	unknown	llw0#17#nil#42	0	0	0.0	0.0	nil	IORegistry provider unavailable; SC type=
interface	2026-10-03T03:50:45.691Z	965170.9499488334	upload-recovery	Instant(_value: 3040573.855588458 seconds)	0	2	121	0	91	121	tunnel	utun0#18#nil#43	0	0	0.0	0.0	nil	tunnel name; VPN service unconfirmed
interface	2026-10-03T03:50:45.691Z	965170.9499488334	upload-recovery	Instant(_value: 3040573.855588458 seconds)	0	2	121	0	91	121	tunnel	utun1#19#nil#44	0	8192	0.0	0.0	nil	tunnel name; VPN service unconfirmed
interface	2026-10-03T03:50:45.691Z	965170.9499488334	upload-recovery	Instant(_value: 3040573.855588458 seconds)	0	2	121	0	91	121	tunnel	utun2#20#nil#45	0	8192	0.0	0.0	nil	tunnel name; VPN service unconfirmed
interface	2026-10-03T03:50:45.691Z	965170.9499488334	upload-recovery	Instant(_value: 3040573.855588458 seconds)	0	2	121	0	91	121	tunnel	utun3#21#nil#46	0	8192	0.0	0.0	nil	tunnel name; VPN service unconfirmed
interface	2026-10-03T03:50:45.691Z	965170.9499488334	upload-recovery	Instant(_value: 3040573.855588458 seconds)	0	2	121	0	91	121	tunnel	utun4#24#nil#47	9216	4096	0.0	0.0	nil	tunnel name; VPN service unconfirmed
interface	2026-10-03T03:50:45.691Z	965170.9499488334	upload-recovery	Instant(_value: 3040573.855588458 seconds)	0	2	121	0	91	121	tunnel	utun5#25#nil#48	166912	143360	0.0	0.0	nil	tunnel name; VPN service unconfirmed
interface	2026-10-03T03:50:45.691Z	965170.9499488334	upload-recovery	Instant(_value: 3040573.855588458 seconds)	0	2	121	0	91	121	tunnel	utun6#26#nil#49	0	8192	0.0	0.0	nil	tunnel name; VPN service unconfirmed
interface	2026-10-03T03:50:45.691Z	965170.9499488334	upload-recovery	Instant(_value: 3040573.855588458 seconds)	0	2	121	0	91	121	tunnel	utun7#27#nil#50	0	8192	0.0	0.0	nil	tunnel name; VPN service unconfirmed
interface	2026-10-03T03:50:45.691Z	965170.9499488334	upload-recovery	Instant(_value: 3040573.855588458 seconds)	0	2	121	0	91	121	virtual	vmenet0#22#4295372070#51	5120	1833984	0.0	0.0	Optional(true)	virtual provider IOUserEthernetInterface/IOUserEthernetController/IOUserEthernetResourceUserClient/IOUserEthernetResource/IOResources/IOPlatformExpertDevice/IORegistryEntry
interface	2026-10-03T03:50:45.691Z	965170.9499488334	upload-recovery	Instant(_value: 3040573.855588458 seconds)	0	2	121	0	91	121	logical	bridge100#23#nil#52	0	3668992	0.0	0.0	Optional(true)	route link type=209
delivery	2026-10-03T03:50:45.691Z	965170.9499488334	upload-recovery	Instant(_value: 3040573.855588458 seconds)	0	2	121	0	91	121	delivered	networkActivity						sameReadAt=true
card	2026-10-03T03:50:45.691Z	965170.9499488334	upload-recovery	Optional(Swift.ContinuousClock.Instant(_value: 3040573.855588458 seconds))					91		partial("물리 대상의 식별·연결·속도 일부를 확인하지 못했습니다")	NetworkCard			318149.96500921657	3078.8706291214507	true	Network 카드, 일부 수집 실패: 물리 대상의 식별·연결·속도 일부를 확인하지 못했습니다, 확인된 일부 합계 다운로드 310.7 KB/s, 업로드 3.0 KB/s, 일부 수집 실패: 대상 identity 또는 물리 정보 일부 미확인
