Timestamp               Ty Process[PID:TID]
2026-10-03 12:48:42.404 Df ResourceRunner[53720:2f5dade] [com.zipkero.ResourceRunner:MonitoringScheduler] apply axis=NetworkActivitySource schedule=running(2.0 seconds) generation=1 collectionEpoch=0 appendedTotal=0
2026-10-03 12:48:42.404 Df ResourceRunner[53720:2f5dac3] [com.zipkero.ResourceRunner:MonitoringScheduler] apply axis=SystemMetricsSampleSource schedule=running(2.0 seconds) generation=1 collectionEpoch=0 appendedTotal=0
2026-10-03 12:48:42.404 Df ResourceRunner[53720:2f5dad7] [com.zipkero.ResourceRunner:MonitoringScheduler] apply axis=ProcessSurveySampleSource schedule=running(5.0 seconds) generation=1 collectionEpoch=0 appendedTotal=0
2026-10-03 12:48:42.404 Df ResourceRunner[53720:2f5dade] [com.zipkero.ResourceRunner:MonitoringScheduler] apply axis=DiskActivitySource schedule=running(2.0 seconds) generation=1 collectionEpoch=0 appendedTotal=0
2026-10-03 12:48:42.409 Df ResourceRunner[53720:2f5daba] [com.zipkero.ResourceRunner:CollectionPipeline] delivered axis=storageMetadata epoch=0 result=available revision=1 devices=1
2026-10-03 12:48:42.411 Df ResourceRunner[53720:2f5daba] [com.zipkero.ResourceRunner:CollectionPipeline] delivered axis=networkMetadata epoch=0 result=available revision=26 records=26
2026-10-03 12:48:44.456 Df ResourceRunner[53720:2f5dad7] [com.zipkero.ResourceRunner:MonitoringScheduler] appended sample axis=SystemMetricsSampleSource generation=1 collectionEpoch=0 appendedTotal=1
2026-10-03 12:48:44.457 Df ResourceRunner[53720:2f5daee] [com.zipkero.ResourceRunner:MonitoringScheduler] appended sample axis=DiskActivitySource generation=1 collectionEpoch=0 appendedTotal=1
2026-10-03 12:48:44.457 Df ResourceRunner[53720:2f5daee] [com.zipkero.ResourceRunner:MonitoringScheduler] appended sample axis=NetworkActivitySource generation=1 collectionEpoch=0 appendedTotal=1
2026-10-03 12:48:44.599 Df ResourceRunner[53720:2f5daba] [com.zipkero.ResourceRunner:CollectionPipeline] delivered axis=diskActivity epoch=0 status=baselineOnly(ResourceRunner.DiskBaselineReason.first)
2026-10-03 12:48:44.599 Df ResourceRunner[53720:2f5daba] [com.zipkero.ResourceRunner:CollectionPipeline] delivered axis=networkActivity epoch=0 status=baselineOnly(ResourceRunner.NetworkBaselineReason.first)
2026-10-03 12:48:45.210 Df ResourceRunner[53720:2f5dad7] [com.zipkero.ResourceRunner:MonitoringScheduler] apply axis=ProcessSurveySampleSource schedule=running(2.0 seconds) generation=2 collectionEpoch=0 appendedTotal=0
2026-10-03 12:48:45.210 Df ResourceRunner[53720:2f5daee] [com.zipkero.ResourceRunner:MonitoringScheduler] apply axis=SystemMetricsSampleSource schedule=running(1.0 seconds) generation=2 collectionEpoch=0 appendedTotal=1
2026-10-03 12:48:45.210 Df ResourceRunner[53720:2f5daef] [com.zipkero.ResourceRunner:MonitoringScheduler] apply axis=NetworkActivitySource schedule=running(1.0 seconds) generation=2 collectionEpoch=0 appendedTotal=1
2026-10-03 12:48:45.210 Df ResourceRunner[53720:2f5daee] [com.zipkero.ResourceRunner:MonitoringScheduler] apply axis=DiskActivitySource schedule=running(1.0 seconds) generation=2 collectionEpoch=0 appendedTotal=1
2026-10-03 12:48:45.210 Df ResourceRunner[53720:2f5daba] [com.zipkero.ResourceRunner:CollectionPipeline] delivered axis=networkMetadata epoch=0 result=available revision=26 records=26
2026-10-03 12:48:45.230 Df ResourceRunner[53720:2f5daba] [com.zipkero.ResourceRunner:CollectionPipeline] delivered axis=storageMetadata epoch=0 result=available revision=1 devices=1
2026-10-03 12:48:46.274 Df ResourceRunner[53720:2f5dad7] [com.zipkero.ResourceRunner:MonitoringScheduler] appended sample axis=SystemMetricsSampleSource generation=2 collectionEpoch=0 appendedTotal=2
2026-10-03 12:48:46.274 Df ResourceRunner[53720:2f5dad7] [com.zipkero.ResourceRunner:MonitoringScheduler] appended sample axis=DiskActivitySource generation=2 collectionEpoch=0 appendedTotal=2
2026-10-03 12:48:46.275 Df ResourceRunner[53720:2f5dad7] [com.zipkero.ResourceRunner:MonitoringScheduler] appended sample axis=NetworkActivitySource generation=2 collectionEpoch=0 appendedTotal=2
2026-10-03 12:48:46.345 Df ResourceRunner[53720:2f5daba] [com.zipkero.ResourceRunner:CollectionPipeline] delivered axis=diskActivity epoch=0 status=rate
2026-10-03 12:48:46.345 Df ResourceRunner[53720:2f5daba] [com.zipkero.ResourceRunner:CollectionPipeline] delivered axis=networkActivity epoch=0 status=partial("물리 대상의 식별·연결·속도 일부를 확인하지 못했습니다")
2026-10-03 12:48:47.243 Df ResourceRunner[53720:2f5dade] [com.zipkero.ResourceRunner:MonitoringScheduler] appended sample axis=SystemMetricsSampleSource generation=2 collectionEpoch=0 appendedTotal=3
2026-10-03 12:48:47.243 Df ResourceRunner[53720:2f5dade] [com.zipkero.ResourceRunner:MonitoringScheduler] appended sample axis=DiskActivitySource generation=2 collectionEpoch=0 appendedTotal=3
2026-10-03 12:48:47.243 Df ResourceRunner[53720:2f5dade] [com.zipkero.ResourceRunner:MonitoringScheduler] appended sample axis=NetworkActivitySource generation=2 collectionEpoch=0 appendedTotal=3
2026-10-03 12:48:47.258 Df ResourceRunner[53720:2f5dade] [com.zipkero.ResourceRunner:MonitoringScheduler] appended sample axis=ProcessSurveySampleSource generation=2 collectionEpoch=0 appendedTotal=1
2026-10-03 12:48:47.290 Df ResourceRunner[53720:2f5daba] [com.zipkero.ResourceRunner:CollectionPipeline] delivered axis=diskActivity epoch=0 status=rate
2026-10-03 12:48:47.290 Df ResourceRunner[53720:2f5daba] [com.zipkero.ResourceRunner:CollectionPipeline] delivered axis=networkActivity epoch=0 status=partial("물리 대상의 식별·연결·속도 일부를 확인하지 못했습니다")
2026-10-03 12:48:47.320 Df ResourceRunner[53720:2f5daba] [com.zipkero.ResourceRunner:CollectionPipeline] delivered axis=processSurvey epoch=0 failed=false
2026-10-03 12:48:48.275 Df ResourceRunner[53720:2f5dac3] [com.zipkero.ResourceRunner:MonitoringScheduler] appended sample axis=SystemMetricsSampleSource generation=2 collectionEpoch=0 appendedTotal=4
2026-10-03 12:48:48.285 Df ResourceRunner[53720:2f5dad7] [com.zipkero.ResourceRunner:MonitoringScheduler] appended sample axis=DiskActivitySource generation=2 collectionEpoch=0 appendedTotal=4
2026-10-03 12:48:48.285 Df ResourceRunner[53720:2f5dad7] [com.zipkero.ResourceRunner:MonitoringScheduler] appended sample axis=NetworkActivitySource generation=2 collectionEpoch=0 appendedTotal=4
2026-10-03 12:48:48.381 Df ResourceRunner[53720:2f5daba] [com.zipkero.ResourceRunner:CollectionPipeline] delivered axis=diskActivity epoch=0 status=rate
2026-10-03 12:48:48.381 Df ResourceRunner[53720:2f5daba] [com.zipkero.ResourceRunner:CollectionPipeline] delivered axis=networkActivity epoch=0 status=partial("물리 대상의 식별·연결·속도 일부를 확인하지 못했습니다")
2026-10-03 12:48:49.224 Df ResourceRunner[53720:2f5dad7] [com.zipkero.ResourceRunner:MonitoringScheduler] appended sample axis=SystemMetricsSampleSource generation=2 collectionEpoch=0 appendedTotal=5
2026-10-03 12:48:49.234 Df ResourceRunner[53720:2f5dac4] [com.zipkero.ResourceRunner:MonitoringScheduler] appended sample axis=DiskActivitySource generation=2 collectionEpoch=0 appendedTotal=5
2026-10-03 12:48:49.234 Df ResourceRunner[53720:2f5dac4] [com.zipkero.ResourceRunner:MonitoringScheduler] appended sample axis=NetworkActivitySource generation=2 collectionEpoch=0 appendedTotal=5
2026-10-03 12:48:49.248 Df ResourceRunner[53720:2f5dac4] [com.zipkero.ResourceRunner:MonitoringScheduler] appended sample axis=ProcessSurveySampleSource generation=2 collectionEpoch=0 appendedTotal=2
2026-10-03 12:48:49.284 Df ResourceRunner[53720:2f5daba] [com.zipkero.ResourceRunner:CollectionPipeline] delivered axis=diskActivity epoch=0 status=rate
2026-10-03 12:48:49.284 Df ResourceRunner[53720:2f5daba] [com.zipkero.ResourceRunner:CollectionPipeline] delivered axis=networkActivity epoch=0 status=partial("물리 대상의 식별·연결·속도 일부를 확인하지 못했습니다")
2026-10-03 12:48:49.284 Df ResourceRunner[53720:2f5daba] [com.zipkero.ResourceRunner:CollectionPipeline] delivered axis=processSurvey epoch=0 failed=false
2026-10-03 12:48:50.254 Df ResourceRunner[53720:2f5daef] [com.zipkero.ResourceRunner:MonitoringScheduler] appended sample axis=SystemMetricsSampleSource generation=2 collectionEpoch=0 appendedTotal=6
2026-10-03 12:48:50.263 Df ResourceRunner[53720:2f5dade] [com.zipkero.ResourceRunner:MonitoringScheduler] appended sample axis=DiskActivitySource generation=2 collectionEpoch=0 appendedTotal=6
2026-10-03 12:48:50.267 Df ResourceRunner[53720:2f5dade] [com.zipkero.ResourceRunner:MonitoringScheduler] appended sample axis=NetworkActivitySource generation=2 collectionEpoch=0 appendedTotal=6
2026-10-03 12:48:50.333 Df ResourceRunner[53720:2f5daba] [com.zipkero.ResourceRunner:CollectionPipeline] delivered axis=diskActivity epoch=0 status=rate
2026-10-03 12:48:50.333 Df ResourceRunner[53720:2f5daba] [com.zipkero.ResourceRunner:CollectionPipeline] delivered axis=networkActivity epoch=0 status=partial("물리 대상의 식별·연결·속도 일부를 확인하지 못했습니다")
2026-10-03 12:48:51.277 Df ResourceRunner[53720:2f5dade] [com.zipkero.ResourceRunner:MonitoringScheduler] appended sample axis=SystemMetricsSampleSource generation=2 collectionEpoch=0 appendedTotal=7
2026-10-03 12:48:51.277 Df ResourceRunner[53720:2f5dade] [com.zipkero.ResourceRunner:MonitoringScheduler] appended sample axis=DiskActivitySource generation=2 collectionEpoch=0 appendedTotal=7
2026-10-03 12:48:51.279 Df ResourceRunner[53720:2f5daee] [com.zipkero.ResourceRunner:MonitoringScheduler] appended sample axis=NetworkActivitySource generation=2 collectionEpoch=0 appendedTotal=7
2026-10-03 12:48:51.289 Df ResourceRunner[53720:2f5daba] [com.zipkero.ResourceRunner:CollectionPipeline] delivered axis=diskActivity epoch=0 status=rate
2026-10-03 12:48:51.290 Df ResourceRunner[53720:2f5daba] [com.zipkero.ResourceRunner:CollectionPipeline] delivered axis=networkActivity epoch=0 status=partial("물리 대상의 식별·연결·속도 일부를 확인하지 못했습니다")
2026-10-03 12:48:51.299 Df ResourceRunner[53720:2f5daee] [com.zipkero.ResourceRunner:MonitoringScheduler] appended sample axis=ProcessSurveySampleSource generation=2 collectionEpoch=0 appendedTotal=3
2026-10-03 12:48:51.339 Df ResourceRunner[53720:2f5daba] [com.zipkero.ResourceRunner:CollectionPipeline] delivered axis=processSurvey epoch=0 failed=false
2026-10-03 12:48:52.252 Df ResourceRunner[53720:2f5dac3] [com.zipkero.ResourceRunner:MonitoringScheduler] appended sample axis=SystemMetricsSampleSource generation=2 collectionEpoch=0 appendedTotal=8
2026-10-03 12:48:52.260 Df ResourceRunner[53720:2f5daee] [com.zipkero.ResourceRunner:MonitoringScheduler] appended sample axis=DiskActivitySource generation=2 collectionEpoch=0 appendedTotal=8
2026-10-03 12:48:52.261 Df ResourceRunner[53720:2f5daee] [com.zipkero.ResourceRunner:MonitoringScheduler] appended sample axis=NetworkActivitySource generation=2 collectionEpoch=0 appendedTotal=8
2026-10-03 12:48:52.329 Df ResourceRunner[53720:2f5daba] [com.zipkero.ResourceRunner:CollectionPipeline] delivered axis=diskActivity epoch=0 status=rate
2026-10-03 12:48:52.329 Df ResourceRunner[53720:2f5daba] [com.zipkero.ResourceRunner:CollectionPipeline] delivered axis=networkActivity epoch=0 status=partial("물리 대상의 식별·연결·속도 일부를 확인하지 못했습니다")
2026-10-03 12:48:53.277 Df ResourceRunner[53720:2f5daef] [com.zipkero.ResourceRunner:MonitoringScheduler] appended sample axis=SystemMetricsSampleSource generation=2 collectionEpoch=0 appendedTotal=9
2026-10-03 12:48:53.277 Df ResourceRunner[53720:2f5daef] [com.zipkero.ResourceRunner:MonitoringScheduler] appended sample axis=DiskActivitySource generation=2 collectionEpoch=0 appendedTotal=9
2026-10-03 12:48:53.277 Df ResourceRunner[53720:2f5daef] [com.zipkero.ResourceRunner:MonitoringScheduler] appended sample axis=NetworkActivitySource generation=2 collectionEpoch=0 appendedTotal=9
2026-10-03 12:48:53.286 Df ResourceRunner[53720:2f5daba] [com.zipkero.ResourceRunner:CollectionPipeline] delivered axis=diskActivity epoch=0 status=rate
2026-10-03 12:48:53.286 Df ResourceRunner[53720:2f5daba] [com.zipkero.ResourceRunner:CollectionPipeline] delivered axis=networkActivity epoch=0 status=partial("물리 대상의 식별·연결·속도 일부를 확인하지 못했습니다")
2026-10-03 12:48:53.295 Df ResourceRunner[53720:2f5dac3] [com.zipkero.ResourceRunner:MonitoringScheduler] appended sample axis=ProcessSurveySampleSource generation=2 collectionEpoch=0 appendedTotal=4
2026-10-03 12:48:53.340 Df ResourceRunner[53720:2f5daba] [com.zipkero.ResourceRunner:CollectionPipeline] delivered axis=processSurvey epoch=0 failed=false
2026-10-03 12:48:54.223 Df ResourceRunner[53720:2f5dade] [com.zipkero.ResourceRunner:MonitoringScheduler] appended sample axis=SystemMetricsSampleSource generation=2 collectionEpoch=0 appendedTotal=10
2026-10-03 12:48:54.229 Df ResourceRunner[53720:2f5daee] [com.zipkero.ResourceRunner:MonitoringScheduler] appended sample axis=DiskActivitySource generation=2 collectionEpoch=0 appendedTotal=10
2026-10-03 12:48:54.229 Df ResourceRunner[53720:2f5daee] [com.zipkero.ResourceRunner:MonitoringScheduler] appended sample axis=NetworkActivitySource generation=2 collectionEpoch=0 appendedTotal=10
2026-10-03 12:48:54.268 Df ResourceRunner[53720:2f5daba] [com.zipkero.ResourceRunner:CollectionPipeline] delivered axis=diskActivity epoch=0 status=rate
2026-10-03 12:48:54.268 Df ResourceRunner[53720:2f5daba] [com.zipkero.ResourceRunner:CollectionPipeline] delivered axis=networkActivity epoch=0 status=partial("물리 대상의 식별·연결·속도 일부를 확인하지 못했습니다")
2026-10-03 12:48:55.239 Df ResourceRunner[53720:2f5dac3] [com.zipkero.ResourceRunner:MonitoringScheduler] appended sample axis=SystemMetricsSampleSource generation=2 collectionEpoch=0 appendedTotal=11
2026-10-03 12:48:55.239 Df ResourceRunner[53720:2f5dac3] [com.zipkero.ResourceRunner:MonitoringScheduler] appended sample axis=DiskActivitySource generation=2 collectionEpoch=0 appendedTotal=11
2026-10-03 12:48:55.239 Df ResourceRunner[53720:2f5dac3] [com.zipkero.ResourceRunner:MonitoringScheduler] appended sample axis=NetworkActivitySource generation=2 collectionEpoch=0 appendedTotal=11
2026-10-03 12:48:55.245 Df ResourceRunner[53720:2f5daba] [com.zipkero.ResourceRunner:CollectionPipeline] delivered axis=diskActivity epoch=0 status=rate
2026-10-03 12:48:55.245 Df ResourceRunner[53720:2f5daba] [com.zipkero.ResourceRunner:CollectionPipeline] delivered axis=networkActivity epoch=0 status=partial("물리 대상의 식별·연결·속도 일부를 확인하지 못했습니다")
2026-10-03 12:48:55.247 Df ResourceRunner[53720:2f5daee] [com.zipkero.ResourceRunner:MonitoringScheduler] appended sample axis=ProcessSurveySampleSource generation=2 collectionEpoch=0 appendedTotal=5
2026-10-03 12:48:55.276 Df ResourceRunner[53720:2f5daba] [com.zipkero.ResourceRunner:CollectionPipeline] delivered axis=processSurvey epoch=0 failed=false
2026-10-03 12:48:56.221 Df ResourceRunner[53720:2f5daef] [com.zipkero.ResourceRunner:MonitoringScheduler] appended sample axis=SystemMetricsSampleSource generation=2 collectionEpoch=0 appendedTotal=12
2026-10-03 12:48:56.231 Df ResourceRunner[53720:2f5daef] [com.zipkero.ResourceRunner:MonitoringScheduler] appended sample axis=NetworkActivitySource generation=2 collectionEpoch=0 appendedTotal=12
2026-10-03 12:48:56.231 Df ResourceRunner[53720:2f5dac3] [com.zipkero.ResourceRunner:MonitoringScheduler] appended sample axis=DiskActivitySource generation=2 collectionEpoch=0 appendedTotal=12
2026-10-03 12:48:56.248 Df ResourceRunner[53720:2f5daba] [com.zipkero.ResourceRunner:CollectionPipeline] delivered axis=networkActivity epoch=0 status=partial("물리 대상의 식별·연결·속도 일부를 확인하지 못했습니다")
2026-10-03 12:48:56.248 Df ResourceRunner[53720:2f5daba] [com.zipkero.ResourceRunner:CollectionPipeline] delivered axis=diskActivity epoch=0 status=rate
2026-10-03 12:48:57.255 Df ResourceRunner[53720:2f5dac4] [com.zipkero.ResourceRunner:MonitoringScheduler] appended sample axis=SystemMetricsSampleSource generation=2 collectionEpoch=0 appendedTotal=13
2026-10-03 12:48:57.255 Df ResourceRunner[53720:2f5dac4] [com.zipkero.ResourceRunner:MonitoringScheduler] appended sample axis=DiskActivitySource generation=2 collectionEpoch=0 appendedTotal=13
2026-10-03 12:48:57.261 Df ResourceRunner[53720:2f5daba] [com.zipkero.ResourceRunner:CollectionPipeline] delivered axis=diskActivity epoch=0 status=rate
2026-10-03 12:48:57.261 Df ResourceRunner[53720:2f5dad7] [com.zipkero.ResourceRunner:MonitoringScheduler] appended sample axis=NetworkActivitySource generation=2 collectionEpoch=0 appendedTotal=13
2026-10-03 12:48:57.273 Df ResourceRunner[53720:2f5dac3] [com.zipkero.ResourceRunner:MonitoringScheduler] appended sample axis=ProcessSurveySampleSource generation=2 collectionEpoch=0 appendedTotal=6
2026-10-03 12:48:57.325 Df ResourceRunner[53720:2f5daba] [com.zipkero.ResourceRunner:CollectionPipeline] delivered axis=networkActivity epoch=0 status=partial("물리 대상의 식별·연결·속도 일부를 확인하지 못했습니다")
2026-10-03 12:48:57.325 Df ResourceRunner[53720:2f5daba] [com.zipkero.ResourceRunner:CollectionPipeline] delivered axis=processSurvey epoch=0 failed=false
2026-10-03 12:48:58.275 Df ResourceRunner[53720:2f5dac3] [com.zipkero.ResourceRunner:MonitoringScheduler] appended sample axis=SystemMetricsSampleSource generation=2 collectionEpoch=0 appendedTotal=14
2026-10-03 12:48:58.284 Df ResourceRunner[53720:2f5dac3] [com.zipkero.ResourceRunner:MonitoringScheduler] appended sample axis=DiskActivitySource generation=2 collectionEpoch=0 appendedTotal=14
2026-10-03 12:48:58.284 Df ResourceRunner[53720:2f5dac3] [com.zipkero.ResourceRunner:MonitoringScheduler] appended sample axis=NetworkActivitySource generation=2 collectionEpoch=0 appendedTotal=14
2026-10-03 12:48:58.344 Df ResourceRunner[53720:2f5daba] [com.zipkero.ResourceRunner:CollectionPipeline] delivered axis=diskActivity epoch=0 status=rate
2026-10-03 12:48:58.345 Df ResourceRunner[53720:2f5daba] [com.zipkero.ResourceRunner:CollectionPipeline] delivered axis=networkActivity epoch=0 status=partial("물리 대상의 식별·연결·속도 일부를 확인하지 못했습니다")
2026-10-03 12:48:59.246 Df ResourceRunner[53720:2f5daee] [com.zipkero.ResourceRunner:MonitoringScheduler] appended sample axis=SystemMetricsSampleSource generation=2 collectionEpoch=0 appendedTotal=15
2026-10-03 12:48:59.259 Df ResourceRunner[53720:2f5dad7] [com.zipkero.ResourceRunner:MonitoringScheduler] appended sample axis=DiskActivitySource generation=2 collectionEpoch=0 appendedTotal=15
2026-10-03 12:48:59.259 Df ResourceRunner[53720:2f5dad7] [com.zipkero.ResourceRunner:MonitoringScheduler] appended sample axis=NetworkActivitySource generation=2 collectionEpoch=0 appendedTotal=15
2026-10-03 12:48:59.271 Df ResourceRunner[53720:2f5dad7] [com.zipkero.ResourceRunner:MonitoringScheduler] appended sample axis=ProcessSurveySampleSource generation=2 collectionEpoch=0 appendedTotal=7
2026-10-03 12:48:59.322 Df ResourceRunner[53720:2f5daba] [com.zipkero.ResourceRunner:CollectionPipeline] delivered axis=diskActivity epoch=0 status=rate
2026-10-03 12:48:59.322 Df ResourceRunner[53720:2f5daba] [com.zipkero.ResourceRunner:CollectionPipeline] delivered axis=networkActivity epoch=0 status=partial("물리 대상의 식별·연결·속도 일부를 확인하지 못했습니다")
2026-10-03 12:48:59.322 Df ResourceRunner[53720:2f5daba] [com.zipkero.ResourceRunner:CollectionPipeline] delivered axis=processSurvey epoch=0 failed=false
2026-10-03 12:49:00.244 Df ResourceRunner[53720:2f5dad7] [com.zipkero.ResourceRunner:MonitoringScheduler] appended sample axis=SystemMetricsSampleSource generation=2 collectionEpoch=0 appendedTotal=16
2026-10-03 12:49:00.257 Df ResourceRunner[53720:2f5daef] [com.zipkero.ResourceRunner:MonitoringScheduler] appended sample axis=NetworkActivitySource generation=2 collectionEpoch=0 appendedTotal=16
2026-10-03 12:49:00.257 Df ResourceRunner[53720:2f5dad7] [com.zipkero.ResourceRunner:MonitoringScheduler] appended sample axis=DiskActivitySource generation=2 collectionEpoch=0 appendedTotal=16
2026-10-03 12:49:00.324 Df ResourceRunner[53720:2f5daba] [com.zipkero.ResourceRunner:CollectionPipeline] delivered axis=diskActivity epoch=0 status=rate
2026-10-03 12:49:00.324 Df ResourceRunner[53720:2f5daba] [com.zipkero.ResourceRunner:CollectionPipeline] delivered axis=networkActivity epoch=0 status=partial("물리 대상의 식별·연결·속도 일부를 확인하지 못했습니다")
2026-10-03 12:49:01.219 Df ResourceRunner[53720:2f5daee] [com.zipkero.ResourceRunner:MonitoringScheduler] appended sample axis=SystemMetricsSampleSource generation=2 collectionEpoch=0 appendedTotal=17
2026-10-03 12:49:01.224 Df ResourceRunner[53720:2f5daee] [com.zipkero.ResourceRunner:MonitoringScheduler] appended sample axis=NetworkActivitySource generation=2 collectionEpoch=0 appendedTotal=17
2026-10-03 12:49:01.225 Df ResourceRunner[53720:2f5dac4] [com.zipkero.ResourceRunner:MonitoringScheduler] appended sample axis=DiskActivitySource generation=2 collectionEpoch=0 appendedTotal=17
2026-10-03 12:49:01.239 Df ResourceRunner[53720:2f5dac4] [com.zipkero.ResourceRunner:MonitoringScheduler] appended sample axis=ProcessSurveySampleSource generation=2 collectionEpoch=0 appendedTotal=8
2026-10-03 12:49:01.293 Df ResourceRunner[53720:2f5daba] [com.zipkero.ResourceRunner:CollectionPipeline] delivered axis=networkActivity epoch=0 status=partial("물리 대상의 식별·연결·속도 일부를 확인하지 못했습니다")
2026-10-03 12:49:01.293 Df ResourceRunner[53720:2f5daba] [com.zipkero.ResourceRunner:CollectionPipeline] delivered axis=diskActivity epoch=0 status=rate
2026-10-03 12:49:01.293 Df ResourceRunner[53720:2f5daba] [com.zipkero.ResourceRunner:CollectionPipeline] delivered axis=processSurvey epoch=0 failed=false
2026-10-03 12:49:02.225 Df ResourceRunner[53720:2f5dac4] [com.zipkero.ResourceRunner:MonitoringScheduler] appended sample axis=SystemMetricsSampleSource generation=2 collectionEpoch=0 appendedTotal=18
2026-10-03 12:49:02.234 Df ResourceRunner[53720:2f5dac3] [com.zipkero.ResourceRunner:MonitoringScheduler] appended sample axis=DiskActivitySource generation=2 collectionEpoch=0 appendedTotal=18
2026-10-03 12:49:02.235 Df ResourceRunner[53720:2f5dac4] [com.zipkero.ResourceRunner:MonitoringScheduler] appended sample axis=NetworkActivitySource generation=2 collectionEpoch=0 appendedTotal=18
2026-10-03 12:49:02.300 Df ResourceRunner[53720:2f5daba] [com.zipkero.ResourceRunner:CollectionPipeline] delivered axis=diskActivity epoch=0 status=rate
2026-10-03 12:49:02.300 Df ResourceRunner[53720:2f5daba] [com.zipkero.ResourceRunner:CollectionPipeline] delivered axis=networkActivity epoch=0 status=partial("물리 대상의 식별·연결·속도 일부를 확인하지 못했습니다")
2026-10-03 12:49:03.257 Df ResourceRunner[53720:2f5dac4] [com.zipkero.ResourceRunner:MonitoringScheduler] appended sample axis=SystemMetricsSampleSource generation=2 collectionEpoch=0 appendedTotal=19
2026-10-03 12:49:03.262 Df ResourceRunner[53720:2f5dac4] [com.zipkero.ResourceRunner:MonitoringScheduler] appended sample axis=DiskActivitySource generation=2 collectionEpoch=0 appendedTotal=19
2026-10-03 12:49:03.263 Df ResourceRunner[53720:2f5dac4] [com.zipkero.ResourceRunner:MonitoringScheduler] appended sample axis=NetworkActivitySource generation=2 collectionEpoch=0 appendedTotal=19
2026-10-03 12:49:03.285 Df ResourceRunner[53720:2f5dad7] [com.zipkero.ResourceRunner:MonitoringScheduler] appended sample axis=ProcessSurveySampleSource generation=2 collectionEpoch=0 appendedTotal=9
2026-10-03 12:49:03.333 Df ResourceRunner[53720:2f5daba] [com.zipkero.ResourceRunner:CollectionPipeline] delivered axis=diskActivity epoch=0 status=rate
2026-10-03 12:49:03.333 Df ResourceRunner[53720:2f5daba] [com.zipkero.ResourceRunner:CollectionPipeline] delivered axis=networkActivity epoch=0 status=partial("물리 대상의 식별·연결·속도 일부를 확인하지 못했습니다")
2026-10-03 12:49:03.333 Df ResourceRunner[53720:2f5daba] [com.zipkero.ResourceRunner:CollectionPipeline] delivered axis=processSurvey epoch=0 failed=false
2026-10-03 12:49:04.275 Df ResourceRunner[53720:2f5dac4] [com.zipkero.ResourceRunner:MonitoringScheduler] appended sample axis=SystemMetricsSampleSource generation=2 collectionEpoch=0 appendedTotal=20
2026-10-03 12:49:04.276 Df ResourceRunner[53720:2f5dac4] [com.zipkero.ResourceRunner:MonitoringScheduler] appended sample axis=DiskActivitySource generation=2 collectionEpoch=0 appendedTotal=20
2026-10-03 12:49:04.278 Df ResourceRunner[53720:2f5dac4] [com.zipkero.ResourceRunner:MonitoringScheduler] appended sample axis=NetworkActivitySource generation=2 collectionEpoch=0 appendedTotal=20
2026-10-03 12:49:04.289 Df ResourceRunner[53720:2f5daba] [com.zipkero.ResourceRunner:CollectionPipeline] delivered axis=diskActivity epoch=0 status=rate
2026-10-03 12:49:04.289 Df ResourceRunner[53720:2f5daba] [com.zipkero.ResourceRunner:CollectionPipeline] delivered axis=networkActivity epoch=0 status=partial("물리 대상의 식별·연결·속도 일부를 확인하지 못했습니다")
2026-10-03 12:49:05.244 Df ResourceRunner[53720:2f5dade] [com.zipkero.ResourceRunner:MonitoringScheduler] appended sample axis=SystemMetricsSampleSource generation=2 collectionEpoch=0 appendedTotal=21
2026-10-03 12:49:05.254 Df ResourceRunner[53720:2f5dac3] [com.zipkero.ResourceRunner:MonitoringScheduler] appended sample axis=DiskActivitySource generation=2 collectionEpoch=0 appendedTotal=21
2026-10-03 12:49:05.254 Df ResourceRunner[53720:2f5dac3] [com.zipkero.ResourceRunner:MonitoringScheduler] appended sample axis=NetworkActivitySource generation=2 collectionEpoch=0 appendedTotal=21
2026-10-03 12:49:05.267 Df ResourceRunner[53720:2f5dac4] [com.zipkero.ResourceRunner:MonitoringScheduler] appended sample axis=ProcessSurveySampleSource generation=2 collectionEpoch=0 appendedTotal=10
2026-10-03 12:49:05.321 Df ResourceRunner[53720:2f5daba] [com.zipkero.ResourceRunner:CollectionPipeline] delivered axis=diskActivity epoch=0 status=rate
2026-10-03 12:49:05.321 Df ResourceRunner[53720:2f5daba] [com.zipkero.ResourceRunner:CollectionPipeline] delivered axis=networkActivity epoch=0 status=partial("물리 대상의 식별·연결·속도 일부를 확인하지 못했습니다")
2026-10-03 12:49:05.321 Df ResourceRunner[53720:2f5daba] [com.zipkero.ResourceRunner:CollectionPipeline] delivered axis=processSurvey epoch=0 failed=false
2026-10-03 12:49:06.269 Df ResourceRunner[53720:2f5daee] [com.zipkero.ResourceRunner:MonitoringScheduler] appended sample axis=SystemMetricsSampleSource generation=2 collectionEpoch=0 appendedTotal=22
2026-10-03 12:49:06.269 Df ResourceRunner[53720:2f5daee] [com.zipkero.ResourceRunner:MonitoringScheduler] appended sample axis=DiskActivitySource generation=2 collectionEpoch=0 appendedTotal=22
2026-10-03 12:49:06.269 Df ResourceRunner[53720:2f5daee] [com.zipkero.ResourceRunner:MonitoringScheduler] appended sample axis=NetworkActivitySource generation=2 collectionEpoch=0 appendedTotal=22
2026-10-03 12:49:06.282 Df ResourceRunner[53720:2f5daba] [com.zipkero.ResourceRunner:CollectionPipeline] delivered axis=diskActivity epoch=0 status=rate
2026-10-03 12:49:06.283 Df ResourceRunner[53720:2f5daba] [com.zipkero.ResourceRunner:CollectionPipeline] delivered axis=networkActivity epoch=0 status=partial("물리 대상의 식별·연결·속도 일부를 확인하지 못했습니다")
2026-10-03 12:49:07.242 Df ResourceRunner[53720:2f5daee] [com.zipkero.ResourceRunner:MonitoringScheduler] appended sample axis=SystemMetricsSampleSource generation=2 collectionEpoch=0 appendedTotal=23
2026-10-03 12:49:07.246 Df ResourceRunner[53720:2f5daef] [com.zipkero.ResourceRunner:MonitoringScheduler] appended sample axis=DiskActivitySource generation=2 collectionEpoch=0 appendedTotal=23
2026-10-03 12:49:07.247 Df ResourceRunner[53720:2f5daef] [com.zipkero.ResourceRunner:MonitoringScheduler] appended sample axis=NetworkActivitySource generation=2 collectionEpoch=0 appendedTotal=23
2026-10-03 12:49:07.261 Df ResourceRunner[53720:2f5dad7] [com.zipkero.ResourceRunner:MonitoringScheduler] appended sample axis=ProcessSurveySampleSource generation=2 collectionEpoch=0 appendedTotal=11
2026-10-03 12:49:07.313 Df ResourceRunner[53720:2f5daba] [com.zipkero.ResourceRunner:CollectionPipeline] delivered axis=diskActivity epoch=0 status=rate
2026-10-03 12:49:07.313 Df ResourceRunner[53720:2f5daba] [com.zipkero.ResourceRunner:CollectionPipeline] delivered axis=networkActivity epoch=0 status=partial("물리 대상의 식별·연결·속도 일부를 확인하지 못했습니다")
2026-10-03 12:49:07.313 Df ResourceRunner[53720:2f5daba] [com.zipkero.ResourceRunner:CollectionPipeline] delivered axis=processSurvey epoch=0 failed=false
2026-10-03 12:49:08.216 Df ResourceRunner[53720:2f5dade] [com.zipkero.ResourceRunner:MonitoringScheduler] appended sample axis=SystemMetricsSampleSource generation=2 collectionEpoch=0 appendedTotal=24
2026-10-03 12:49:08.224 Df ResourceRunner[53720:2f5dac4] [com.zipkero.ResourceRunner:MonitoringScheduler] appended sample axis=DiskActivitySource generation=2 collectionEpoch=0 appendedTotal=24
2026-10-03 12:49:08.225 Df ResourceRunner[53720:2f5dac4] [com.zipkero.ResourceRunner:MonitoringScheduler] appended sample axis=NetworkActivitySource generation=2 collectionEpoch=0 appendedTotal=24
2026-10-03 12:49:08.282 Df ResourceRunner[53720:2f5daba] [com.zipkero.ResourceRunner:CollectionPipeline] delivered axis=diskActivity epoch=0 status=rate
2026-10-03 12:49:08.282 Df ResourceRunner[53720:2f5daba] [com.zipkero.ResourceRunner:CollectionPipeline] delivered axis=networkActivity epoch=0 status=partial("물리 대상의 식별·연결·속도 일부를 확인하지 못했습니다")
2026-10-03 12:49:09.271 Df ResourceRunner[53720:2f5daee] [com.zipkero.ResourceRunner:MonitoringScheduler] appended sample axis=SystemMetricsSampleSource generation=2 collectionEpoch=0 appendedTotal=25
2026-10-03 12:49:09.284 Df ResourceRunner[53720:2f5dac3] [com.zipkero.ResourceRunner:MonitoringScheduler] appended sample axis=DiskActivitySource generation=2 collectionEpoch=0 appendedTotal=25
2026-10-03 12:49:09.284 Df ResourceRunner[53720:2f5dac3] [com.zipkero.ResourceRunner:MonitoringScheduler] appended sample axis=NetworkActivitySource generation=2 collectionEpoch=0 appendedTotal=25
2026-10-03 12:49:09.295 Df ResourceRunner[53720:2f5dac3] [com.zipkero.ResourceRunner:MonitoringScheduler] appended sample axis=ProcessSurveySampleSource generation=2 collectionEpoch=0 appendedTotal=12
2026-10-03 12:49:09.343 Df ResourceRunner[53720:2f5daba] [com.zipkero.ResourceRunner:CollectionPipeline] delivered axis=diskActivity epoch=0 status=rate
2026-10-03 12:49:09.343 Df ResourceRunner[53720:2f5daba] [com.zipkero.ResourceRunner:CollectionPipeline] delivered axis=networkActivity epoch=0 status=partial("물리 대상의 식별·연결·속도 일부를 확인하지 못했습니다")
2026-10-03 12:49:09.343 Df ResourceRunner[53720:2f5daba] [com.zipkero.ResourceRunner:CollectionPipeline] delivered axis=processSurvey epoch=0 failed=false
2026-10-03 12:49:10.271 Df ResourceRunner[53720:2f5daee] [com.zipkero.ResourceRunner:MonitoringScheduler] appended sample axis=SystemMetricsSampleSource generation=2 collectionEpoch=0 appendedTotal=26
2026-10-03 12:49:10.279 Df ResourceRunner[53720:2f5dac4] [com.zipkero.ResourceRunner:MonitoringScheduler] appended sample axis=DiskActivitySource generation=2 collectionEpoch=0 appendedTotal=26
2026-10-03 12:49:10.279 Df ResourceRunner[53720:2f5dade] [com.zipkero.ResourceRunner:MonitoringScheduler] appended sample axis=NetworkActivitySource generation=2 collectionEpoch=0 appendedTotal=26
2026-10-03 12:49:10.351 Df ResourceRunner[53720:2f5daba] [com.zipkero.ResourceRunner:CollectionPipeline] delivered axis=diskActivity epoch=0 status=rate
2026-10-03 12:49:10.351 Df ResourceRunner[53720:2f5daba] [com.zipkero.ResourceRunner:CollectionPipeline] delivered axis=networkActivity epoch=0 status=partial("물리 대상의 식별·연결·속도 일부를 확인하지 못했습니다")
2026-10-03 12:49:11.267 Df ResourceRunner[53720:2f5dad7] [com.zipkero.ResourceRunner:MonitoringScheduler] appended sample axis=SystemMetricsSampleSource generation=2 collectionEpoch=0 appendedTotal=27
2026-10-03 12:49:11.279 Df ResourceRunner[53720:2f5daef] [com.zipkero.ResourceRunner:MonitoringScheduler] appended sample axis=DiskActivitySource generation=2 collectionEpoch=0 appendedTotal=27
2026-10-03 12:49:11.279 Df ResourceRunner[53720:2f5daef] [com.zipkero.ResourceRunner:MonitoringScheduler] appended sample axis=NetworkActivitySource generation=2 collectionEpoch=0 appendedTotal=27
2026-10-03 12:49:11.293 Df ResourceRunner[53720:2f5dac3] [com.zipkero.ResourceRunner:MonitoringScheduler] appended sample axis=ProcessSurveySampleSource generation=2 collectionEpoch=0 appendedTotal=13
2026-10-03 12:49:11.342 Df ResourceRunner[53720:2f5daba] [com.zipkero.ResourceRunner:CollectionPipeline] delivered axis=diskActivity epoch=0 status=rate
2026-10-03 12:49:11.342 Df ResourceRunner[53720:2f5daba] [com.zipkero.ResourceRunner:CollectionPipeline] delivered axis=networkActivity epoch=0 status=partial("물리 대상의 식별·연결·속도 일부를 확인하지 못했습니다")
2026-10-03 12:49:11.342 Df ResourceRunner[53720:2f5daba] [com.zipkero.ResourceRunner:CollectionPipeline] delivered axis=processSurvey epoch=0 failed=false
2026-10-03 12:49:12.265 Df ResourceRunner[53720:2f5dad7] [com.zipkero.ResourceRunner:MonitoringScheduler] appended sample axis=SystemMetricsSampleSource generation=2 collectionEpoch=0 appendedTotal=28
2026-10-03 12:49:12.274 Df ResourceRunner[53720:2f5dade] [com.zipkero.ResourceRunner:MonitoringScheduler] appended sample axis=DiskActivitySource generation=2 collectionEpoch=0 appendedTotal=28
2026-10-03 12:49:12.275 Df ResourceRunner[53720:2f5dade] [com.zipkero.ResourceRunner:MonitoringScheduler] appended sample axis=NetworkActivitySource generation=2 collectionEpoch=0 appendedTotal=28
2026-10-03 12:49:12.343 Df ResourceRunner[53720:2f5daba] [com.zipkero.ResourceRunner:CollectionPipeline] delivered axis=diskActivity epoch=0 status=rate
2026-10-03 12:49:12.343 Df ResourceRunner[53720:2f5daba] [com.zipkero.ResourceRunner:CollectionPipeline] delivered axis=networkActivity epoch=0 status=partial("물리 대상의 식별·연결·속도 일부를 확인하지 못했습니다")
2026-10-03 12:49:13.274 Df ResourceRunner[53720:2f5dade] [com.zipkero.ResourceRunner:MonitoringScheduler] appended sample axis=SystemMetricsSampleSource generation=2 collectionEpoch=0 appendedTotal=29
2026-10-03 12:49:13.279 Df ResourceRunner[53720:2f5dac4] [com.zipkero.ResourceRunner:MonitoringScheduler] appended sample axis=DiskActivitySource generation=2 collectionEpoch=0 appendedTotal=29
2026-10-03 12:49:13.280 Df ResourceRunner[53720:2f5dac4] [com.zipkero.ResourceRunner:MonitoringScheduler] appended sample axis=NetworkActivitySource generation=2 collectionEpoch=0 appendedTotal=29
2026-10-03 12:49:13.288 Df ResourceRunner[53720:2f5dac4] [com.zipkero.ResourceRunner:MonitoringScheduler] appended sample axis=ProcessSurveySampleSource generation=2 collectionEpoch=0 appendedTotal=14
2026-10-03 12:49:13.345 Df ResourceRunner[53720:2f5daba] [com.zipkero.ResourceRunner:CollectionPipeline] delivered axis=diskActivity epoch=0 status=rate
2026-10-03 12:49:13.345 Df ResourceRunner[53720:2f5daba] [com.zipkero.ResourceRunner:CollectionPipeline] delivered axis=networkActivity epoch=0 status=partial("물리 대상의 식별·연결·속도 일부를 확인하지 못했습니다")
2026-10-03 12:49:13.346 Df ResourceRunner[53720:2f5daba] [com.zipkero.ResourceRunner:CollectionPipeline] delivered axis=processSurvey epoch=0 failed=false
2026-10-03 12:49:14.219 Df ResourceRunner[53720:2f5daef] [com.zipkero.ResourceRunner:MonitoringScheduler] appended sample axis=SystemMetricsSampleSource generation=2 collectionEpoch=0 appendedTotal=30
2026-10-03 12:49:14.226 Df ResourceRunner[53720:2f5dac3] [com.zipkero.ResourceRunner:MonitoringScheduler] appended sample axis=DiskActivitySource generation=2 collectionEpoch=0 appendedTotal=30
2026-10-03 12:49:14.226 Df ResourceRunner[53720:2f5daef] [com.zipkero.ResourceRunner:MonitoringScheduler] appended sample axis=NetworkActivitySource generation=2 collectionEpoch=0 appendedTotal=30
2026-10-03 12:49:14.270 Df ResourceRunner[53720:2f5daba] [com.zipkero.ResourceRunner:CollectionPipeline] delivered axis=diskActivity epoch=0 status=rate
2026-10-03 12:49:14.270 Df ResourceRunner[53720:2f5daba] [com.zipkero.ResourceRunner:CollectionPipeline] delivered axis=networkActivity epoch=0 status=partial("물리 대상의 식별·연결·속도 일부를 확인하지 못했습니다")
2026-10-03 12:49:15.263 Df ResourceRunner[53720:2f5dad7] [com.zipkero.ResourceRunner:MonitoringScheduler] appended sample axis=SystemMetricsSampleSource generation=2 collectionEpoch=0 appendedTotal=31
2026-10-03 12:49:15.276 Df ResourceRunner[53720:2f5daee] [com.zipkero.ResourceRunner:MonitoringScheduler] appended sample axis=NetworkActivitySource generation=2 collectionEpoch=0 appendedTotal=31
2026-10-03 12:49:15.276 Df ResourceRunner[53720:2f5dac3] [com.zipkero.ResourceRunner:MonitoringScheduler] appended sample axis=DiskActivitySource generation=2 collectionEpoch=0 appendedTotal=31
2026-10-03 12:49:15.279 Df ResourceRunner[53720:2f5db96] [com.zipkero.ResourceRunner:MonitoringScheduler] appended sample axis=ProcessSurveySampleSource generation=2 collectionEpoch=0 appendedTotal=15
2026-10-03 12:49:15.331 Df ResourceRunner[53720:2f5daba] [com.zipkero.ResourceRunner:CollectionPipeline] delivered axis=diskActivity epoch=0 status=rate
2026-10-03 12:49:15.331 Df ResourceRunner[53720:2f5daba] [com.zipkero.ResourceRunner:CollectionPipeline] delivered axis=networkActivity epoch=0 status=partial("물리 대상의 식별·연결·속도 일부를 확인하지 못했습니다")
2026-10-03 12:49:15.331 Df ResourceRunner[53720:2f5daba] [com.zipkero.ResourceRunner:CollectionPipeline] delivered axis=storageMetadata epoch=0 result=available revision=1 devices=1
2026-10-03 12:49:15.331 Df ResourceRunner[53720:2f5daba] [com.zipkero.ResourceRunner:CollectionPipeline] delivered axis=networkMetadata epoch=0 result=available revision=26 records=26
2026-10-03 12:49:15.331 Df ResourceRunner[53720:2f5daba] [com.zipkero.ResourceRunner:CollectionPipeline] delivered axis=processSurvey epoch=0 failed=false
2026-10-03 12:49:16.276 Df ResourceRunner[53720:2f5daee] [com.zipkero.ResourceRunner:MonitoringScheduler] appended sample axis=SystemMetricsSampleSource generation=2 collectionEpoch=0 appendedTotal=32
2026-10-03 12:49:16.284 Df ResourceRunner[53720:2f5daee] [com.zipkero.ResourceRunner:MonitoringScheduler] appended sample axis=DiskActivitySource generation=2 collectionEpoch=0 appendedTotal=32
2026-10-03 12:49:16.284 Df ResourceRunner[53720:2f5daee] [com.zipkero.ResourceRunner:MonitoringScheduler] appended sample axis=NetworkActivitySource generation=2 collectionEpoch=0 appendedTotal=32
2026-10-03 12:49:16.352 Df ResourceRunner[53720:2f5daba] [com.zipkero.ResourceRunner:CollectionPipeline] delivered axis=diskActivity epoch=0 status=rate
2026-10-03 12:49:16.352 Df ResourceRunner[53720:2f5daba] [com.zipkero.ResourceRunner:CollectionPipeline] delivered axis=networkActivity epoch=0 status=partial("물리 대상의 식별·연결·속도 일부를 확인하지 못했습니다")
2026-10-03 12:49:17.276 Df ResourceRunner[53720:2f5daee] [com.zipkero.ResourceRunner:MonitoringScheduler] appended sample axis=SystemMetricsSampleSource generation=2 collectionEpoch=0 appendedTotal=33
2026-10-03 12:49:17.279 Df ResourceRunner[53720:2f5dac4] [com.zipkero.ResourceRunner:MonitoringScheduler] appended sample axis=DiskActivitySource generation=2 collectionEpoch=0 appendedTotal=33
2026-10-03 12:49:17.279 Df ResourceRunner[53720:2f5dade] [com.zipkero.ResourceRunner:MonitoringScheduler] appended sample axis=NetworkActivitySource generation=2 collectionEpoch=0 appendedTotal=33
2026-10-03 12:49:17.288 Df ResourceRunner[53720:2f5dac4] [com.zipkero.ResourceRunner:MonitoringScheduler] appended sample axis=ProcessSurveySampleSource generation=2 collectionEpoch=0 appendedTotal=16
2026-10-03 12:49:17.335 Df ResourceRunner[53720:2f5daba] [com.zipkero.ResourceRunner:CollectionPipeline] delivered axis=diskActivity epoch=0 status=rate
2026-10-03 12:49:17.335 Df ResourceRunner[53720:2f5daba] [com.zipkero.ResourceRunner:CollectionPipeline] delivered axis=networkActivity epoch=0 status=partial("물리 대상의 식별·연결·속도 일부를 확인하지 못했습니다")
2026-10-03 12:49:17.335 Df ResourceRunner[53720:2f5daba] [com.zipkero.ResourceRunner:CollectionPipeline] delivered axis=processSurvey epoch=0 failed=false
2026-10-03 12:49:18.258 Df ResourceRunner[53720:2f5daee] [com.zipkero.ResourceRunner:MonitoringScheduler] appended sample axis=SystemMetricsSampleSource generation=2 collectionEpoch=0 appendedTotal=34
2026-10-03 12:49:18.265 Df ResourceRunner[53720:2f5daee] [com.zipkero.ResourceRunner:MonitoringScheduler] appended sample axis=DiskActivitySource generation=2 collectionEpoch=0 appendedTotal=34
2026-10-03 12:49:18.267 Df ResourceRunner[53720:2f5db96] [com.zipkero.ResourceRunner:MonitoringScheduler] appended sample axis=NetworkActivitySource generation=2 collectionEpoch=0 appendedTotal=34
2026-10-03 12:49:18.336 Df ResourceRunner[53720:2f5daba] [com.zipkero.ResourceRunner:CollectionPipeline] delivered axis=diskActivity epoch=0 status=rate
2026-10-03 12:49:18.336 Df ResourceRunner[53720:2f5daba] [com.zipkero.ResourceRunner:CollectionPipeline] delivered axis=networkActivity epoch=0 status=partial("물리 대상의 식별·연결·속도 일부를 확인하지 못했습니다")
2026-10-03 12:49:19.259 Df ResourceRunner[53720:2f5dad7] [com.zipkero.ResourceRunner:MonitoringScheduler] appended sample axis=SystemMetricsSampleSource generation=2 collectionEpoch=0 appendedTotal=35
2026-10-03 12:49:19.268 Df ResourceRunner[53720:2f5dade] [com.zipkero.ResourceRunner:MonitoringScheduler] appended sample axis=DiskActivitySource generation=2 collectionEpoch=0 appendedTotal=35
2026-10-03 12:49:19.268 Df ResourceRunner[53720:2f5dade] [com.zipkero.ResourceRunner:MonitoringScheduler] appended sample axis=NetworkActivitySource generation=2 collectionEpoch=0 appendedTotal=35
2026-10-03 12:49:19.280 Df ResourceRunner[53720:2f5dade] [com.zipkero.ResourceRunner:MonitoringScheduler] appended sample axis=ProcessSurveySampleSource generation=2 collectionEpoch=0 appendedTotal=17
2026-10-03 12:49:19.337 Df ResourceRunner[53720:2f5daba] [com.zipkero.ResourceRunner:CollectionPipeline] delivered axis=diskActivity epoch=0 status=rate
2026-10-03 12:49:19.337 Df ResourceRunner[53720:2f5daba] [com.zipkero.ResourceRunner:CollectionPipeline] delivered axis=networkActivity epoch=0 status=partial("물리 대상의 식별·연결·속도 일부를 확인하지 못했습니다")
2026-10-03 12:49:19.337 Df ResourceRunner[53720:2f5daba] [com.zipkero.ResourceRunner:CollectionPipeline] delivered axis=processSurvey epoch=0 failed=false
2026-10-03 12:49:20.236 Df ResourceRunner[53720:2f5db97] [com.zipkero.ResourceRunner:MonitoringScheduler] appended sample axis=SystemMetricsSampleSource generation=2 collectionEpoch=0 appendedTotal=36
2026-10-03 12:49:20.246 Df ResourceRunner[53720:2f5daef] [com.zipkero.ResourceRunner:MonitoringScheduler] appended sample axis=DiskActivitySource generation=2 collectionEpoch=0 appendedTotal=36
2026-10-03 12:49:20.246 Df ResourceRunner[53720:2f5daef] [com.zipkero.ResourceRunner:MonitoringScheduler] appended sample axis=NetworkActivitySource generation=2 collectionEpoch=0 appendedTotal=36
2026-10-03 12:49:20.311 Df ResourceRunner[53720:2f5daba] [com.zipkero.ResourceRunner:CollectionPipeline] delivered axis=diskActivity epoch=0 status=rate
2026-10-03 12:49:20.311 Df ResourceRunner[53720:2f5daba] [com.zipkero.ResourceRunner:CollectionPipeline] delivered axis=networkActivity epoch=0 status=partial("물리 대상의 식별·연결·속도 일부를 확인하지 못했습니다")
2026-10-03 12:49:21.271 Df ResourceRunner[53720:2f5dac4] [com.zipkero.ResourceRunner:MonitoringScheduler] appended sample axis=SystemMetricsSampleSource generation=2 collectionEpoch=0 appendedTotal=37
2026-10-03 12:49:21.271 Df ResourceRunner[53720:2f5dac4] [com.zipkero.ResourceRunner:MonitoringScheduler] appended sample axis=DiskActivitySource generation=2 collectionEpoch=0 appendedTotal=37
2026-10-03 12:49:21.277 Df ResourceRunner[53720:2f5dac4] [com.zipkero.ResourceRunner:MonitoringScheduler] appended sample axis=NetworkActivitySource generation=2 collectionEpoch=0 appendedTotal=37
2026-10-03 12:49:21.288 Df ResourceRunner[53720:2f5dade] [com.zipkero.ResourceRunner:MonitoringScheduler] appended sample axis=ProcessSurveySampleSource generation=2 collectionEpoch=0 appendedTotal=18
2026-10-03 12:49:21.335 Df ResourceRunner[53720:2f5daba] [com.zipkero.ResourceRunner:CollectionPipeline] delivered axis=diskActivity epoch=0 status=rate
2026-10-03 12:49:21.335 Df ResourceRunner[53720:2f5daba] [com.zipkero.ResourceRunner:CollectionPipeline] delivered axis=networkActivity epoch=0 status=partial("물리 대상의 식별·연결·속도 일부를 확인하지 못했습니다")
2026-10-03 12:49:21.336 Df ResourceRunner[53720:2f5daba] [com.zipkero.ResourceRunner:CollectionPipeline] delivered axis=processSurvey epoch=0 failed=false
2026-10-03 12:49:22.272 Df ResourceRunner[53720:2f5dad7] [com.zipkero.ResourceRunner:MonitoringScheduler] appended sample axis=SystemMetricsSampleSource generation=2 collectionEpoch=0 appendedTotal=38
2026-10-03 12:49:22.280 Df ResourceRunner[53720:2f5dac4] [com.zipkero.ResourceRunner:MonitoringScheduler] appended sample axis=DiskActivitySource generation=2 collectionEpoch=0 appendedTotal=38
2026-10-03 12:49:22.281 Df ResourceRunner[53720:2f5dade] [com.zipkero.ResourceRunner:MonitoringScheduler] appended sample axis=NetworkActivitySource generation=2 collectionEpoch=0 appendedTotal=38
2026-10-03 12:49:22.346 Df ResourceRunner[53720:2f5daba] [com.zipkero.ResourceRunner:CollectionPipeline] delivered axis=diskActivity epoch=0 status=rate
2026-10-03 12:49:22.346 Df ResourceRunner[53720:2f5daba] [com.zipkero.ResourceRunner:CollectionPipeline] delivered axis=networkActivity epoch=0 status=partial("물리 대상의 식별·연결·속도 일부를 확인하지 못했습니다")
2026-10-03 12:49:23.276 Df ResourceRunner[53720:2f5daee] [com.zipkero.ResourceRunner:MonitoringScheduler] appended sample axis=SystemMetricsSampleSource generation=2 collectionEpoch=0 appendedTotal=39
2026-10-03 12:49:23.280 Df ResourceRunner[53720:2f5db97] [com.zipkero.ResourceRunner:MonitoringScheduler] appended sample axis=DiskActivitySource generation=2 collectionEpoch=0 appendedTotal=39
2026-10-03 12:49:23.282 Df ResourceRunner[53720:2f5db97] [com.zipkero.ResourceRunner:MonitoringScheduler] appended sample axis=NetworkActivitySource generation=2 collectionEpoch=0 appendedTotal=39
2026-10-03 12:49:23.288 Df ResourceRunner[53720:2f5dade] [com.zipkero.ResourceRunner:MonitoringScheduler] appended sample axis=ProcessSurveySampleSource generation=2 collectionEpoch=0 appendedTotal=19
2026-10-03 12:49:23.332 Df ResourceRunner[53720:2f5daba] [com.zipkero.ResourceRunner:CollectionPipeline] delivered axis=diskActivity epoch=0 status=rate
2026-10-03 12:49:23.332 Df ResourceRunner[53720:2f5daba] [com.zipkero.ResourceRunner:CollectionPipeline] delivered axis=networkActivity epoch=0 status=partial("물리 대상의 식별·연결·속도 일부를 확인하지 못했습니다")
2026-10-03 12:49:23.332 Df ResourceRunner[53720:2f5daba] [com.zipkero.ResourceRunner:CollectionPipeline] delivered axis=processSurvey epoch=0 failed=false
2026-10-03 12:49:24.229 Df ResourceRunner[53720:2f5dac4] [com.zipkero.ResourceRunner:MonitoringScheduler] appended sample axis=SystemMetricsSampleSource generation=2 collectionEpoch=0 appendedTotal=40
2026-10-03 12:49:24.243 Df ResourceRunner[53720:2f5daee] [com.zipkero.ResourceRunner:MonitoringScheduler] appended sample axis=NetworkActivitySource generation=2 collectionEpoch=0 appendedTotal=40
2026-10-03 12:49:24.243 Df ResourceRunner[53720:2f5daee] [com.zipkero.ResourceRunner:MonitoringScheduler] appended sample axis=DiskActivitySource generation=2 collectionEpoch=0 appendedTotal=40
2026-10-03 12:49:24.300 Df ResourceRunner[53720:2f5daba] [com.zipkero.ResourceRunner:CollectionPipeline] delivered axis=networkActivity epoch=0 status=partial("물리 대상의 식별·연결·속도 일부를 확인하지 못했습니다")
2026-10-03 12:49:24.300 Df ResourceRunner[53720:2f5daba] [com.zipkero.ResourceRunner:CollectionPipeline] delivered axis=diskActivity epoch=0 status=rate
2026-10-03 12:49:25.245 Df ResourceRunner[53720:2f5dac3] [com.zipkero.ResourceRunner:MonitoringScheduler] appended sample axis=SystemMetricsSampleSource generation=2 collectionEpoch=0 appendedTotal=41
2026-10-03 12:49:25.245 Df ResourceRunner[53720:2f5dac4] [com.zipkero.ResourceRunner:MonitoringScheduler] appended sample axis=DiskActivitySource generation=2 collectionEpoch=0 appendedTotal=41
2026-10-03 12:49:25.245 Df ResourceRunner[53720:2f5dac4] [com.zipkero.ResourceRunner:MonitoringScheduler] appended sample axis=NetworkActivitySource generation=2 collectionEpoch=0 appendedTotal=41
2026-10-03 12:49:25.254 Df ResourceRunner[53720:2f5dade] [com.zipkero.ResourceRunner:MonitoringScheduler] appended sample axis=ProcessSurveySampleSource generation=2 collectionEpoch=0 appendedTotal=20
2026-10-03 12:49:25.304 Df ResourceRunner[53720:2f5daba] [com.zipkero.ResourceRunner:CollectionPipeline] delivered axis=diskActivity epoch=0 status=rate
2026-10-03 12:49:25.305 Df ResourceRunner[53720:2f5daba] [com.zipkero.ResourceRunner:CollectionPipeline] delivered axis=networkActivity epoch=0 status=partial("물리 대상의 식별·연결·속도 일부를 확인하지 못했습니다")
2026-10-03 12:49:25.305 Df ResourceRunner[53720:2f5daba] [com.zipkero.ResourceRunner:CollectionPipeline] delivered axis=processSurvey epoch=0 failed=false
2026-10-03 12:49:26.229 Df ResourceRunner[53720:2f5dac4] [com.zipkero.ResourceRunner:MonitoringScheduler] appended sample axis=SystemMetricsSampleSource generation=2 collectionEpoch=0 appendedTotal=42
2026-10-03 12:49:26.239 Df ResourceRunner[53720:2f5dad7] [com.zipkero.ResourceRunner:MonitoringScheduler] appended sample axis=DiskActivitySource generation=2 collectionEpoch=0 appendedTotal=42
2026-10-03 12:49:26.239 Df ResourceRunner[53720:2f5dad7] [com.zipkero.ResourceRunner:MonitoringScheduler] appended sample axis=NetworkActivitySource generation=2 collectionEpoch=0 appendedTotal=42
2026-10-03 12:49:26.295 Df ResourceRunner[53720:2f5daba] [com.zipkero.ResourceRunner:CollectionPipeline] delivered axis=diskActivity epoch=0 status=rate
2026-10-03 12:49:26.296 Df ResourceRunner[53720:2f5daba] [com.zipkero.ResourceRunner:CollectionPipeline] delivered axis=networkActivity epoch=0 status=partial("물리 대상의 식별·연결·속도 일부를 확인하지 못했습니다")
2026-10-03 12:49:27.274 Df ResourceRunner[53720:2f5dade] [com.zipkero.ResourceRunner:MonitoringScheduler] appended sample axis=SystemMetricsSampleSource generation=2 collectionEpoch=0 appendedTotal=43
2026-10-03 12:49:27.284 Df ResourceRunner[53720:2f5daef] [com.zipkero.ResourceRunner:MonitoringScheduler] appended sample axis=DiskActivitySource generation=2 collectionEpoch=0 appendedTotal=43
2026-10-03 12:49:27.284 Df ResourceRunner[53720:2f5daef] [com.zipkero.ResourceRunner:MonitoringScheduler] appended sample axis=NetworkActivitySource generation=2 collectionEpoch=0 appendedTotal=43
2026-10-03 12:49:27.298 Df ResourceRunner[53720:2f5dac4] [com.zipkero.ResourceRunner:MonitoringScheduler] appended sample axis=ProcessSurveySampleSource generation=2 collectionEpoch=0 appendedTotal=21
2026-10-03 12:49:27.346 Df ResourceRunner[53720:2f5daba] [com.zipkero.ResourceRunner:CollectionPipeline] delivered axis=diskActivity epoch=0 status=rate
2026-10-03 12:49:27.346 Df ResourceRunner[53720:2f5daba] [com.zipkero.ResourceRunner:CollectionPipeline] delivered axis=networkActivity epoch=0 status=partial("물리 대상의 식별·연결·속도 일부를 확인하지 못했습니다")
2026-10-03 12:49:27.346 Df ResourceRunner[53720:2f5daba] [com.zipkero.ResourceRunner:CollectionPipeline] delivered axis=processSurvey epoch=0 failed=false
2026-10-03 12:49:28.274 Df ResourceRunner[53720:2f5daba] [com.zipkero.ResourceRunner:CollectionPipeline] delivered axis=diskActivity epoch=0 status=rate
2026-10-03 12:49:28.276 Df ResourceRunner[53720:2f5dac4] [com.zipkero.ResourceRunner:MonitoringScheduler] appended sample axis=DiskActivitySource generation=2 collectionEpoch=0 appendedTotal=44
2026-10-03 12:49:28.276 Df ResourceRunner[53720:2f5dac4] [com.zipkero.ResourceRunner:MonitoringScheduler] appended sample axis=SystemMetricsSampleSource generation=2 collectionEpoch=0 appendedTotal=44
2026-10-03 12:49:28.276 Df ResourceRunner[53720:2f5dac4] [com.zipkero.ResourceRunner:MonitoringScheduler] appended sample axis=NetworkActivitySource generation=2 collectionEpoch=0 appendedTotal=44
2026-10-03 12:49:28.342 Df ResourceRunner[53720:2f5daba] [com.zipkero.ResourceRunner:CollectionPipeline] delivered axis=networkActivity epoch=0 status=partial("물리 대상의 식별·연결·속도 일부를 확인하지 못했습니다")
2026-10-03 12:49:29.276 Df ResourceRunner[53720:2f5dac4] [com.zipkero.ResourceRunner:MonitoringScheduler] appended sample axis=SystemMetricsSampleSource generation=2 collectionEpoch=0 appendedTotal=45
2026-10-03 12:49:29.281 Df ResourceRunner[53720:2f5dade] [com.zipkero.ResourceRunner:MonitoringScheduler] appended sample axis=DiskActivitySource generation=2 collectionEpoch=0 appendedTotal=45
2026-10-03 12:49:29.281 Df ResourceRunner[53720:2f5dade] [com.zipkero.ResourceRunner:MonitoringScheduler] appended sample axis=NetworkActivitySource generation=2 collectionEpoch=0 appendedTotal=45
2026-10-03 12:49:29.290 Df ResourceRunner[53720:2f5dad7] [com.zipkero.ResourceRunner:MonitoringScheduler] appended sample axis=ProcessSurveySampleSource generation=2 collectionEpoch=0 appendedTotal=22
2026-10-03 12:49:29.343 Df ResourceRunner[53720:2f5daba] [com.zipkero.ResourceRunner:CollectionPipeline] delivered axis=diskActivity epoch=0 status=rate
2026-10-03 12:49:29.343 Df ResourceRunner[53720:2f5daba] [com.zipkero.ResourceRunner:CollectionPipeline] delivered axis=networkActivity epoch=0 status=partial("물리 대상의 식별·연결·속도 일부를 확인하지 못했습니다")
2026-10-03 12:49:29.343 Df ResourceRunner[53720:2f5daba] [com.zipkero.ResourceRunner:CollectionPipeline] delivered axis=processSurvey epoch=0 failed=false
2026-10-03 12:49:30.275 Df ResourceRunner[53720:2f5dac4] [com.zipkero.ResourceRunner:MonitoringScheduler] appended sample axis=SystemMetricsSampleSource generation=2 collectionEpoch=0 appendedTotal=46
2026-10-03 12:49:30.283 Df ResourceRunner[53720:2f5dac4] [com.zipkero.ResourceRunner:MonitoringScheduler] appended sample axis=DiskActivitySource generation=2 collectionEpoch=0 appendedTotal=46
2026-10-03 12:49:30.284 Df ResourceRunner[53720:2f5dac4] [com.zipkero.ResourceRunner:MonitoringScheduler] appended sample axis=NetworkActivitySource generation=2 collectionEpoch=0 appendedTotal=46
2026-10-03 12:49:30.351 Df ResourceRunner[53720:2f5daba] [com.zipkero.ResourceRunner:CollectionPipeline] delivered axis=diskActivity epoch=0 status=rate
2026-10-03 12:49:30.351 Df ResourceRunner[53720:2f5daba] [com.zipkero.ResourceRunner:CollectionPipeline] delivered axis=networkActivity epoch=0 status=partial("물리 대상의 식별·연결·속도 일부를 확인하지 못했습니다")
2026-10-03 12:49:31.269 Df ResourceRunner[53720:2f5daee] [com.zipkero.ResourceRunner:MonitoringScheduler] appended sample axis=SystemMetricsSampleSource generation=2 collectionEpoch=0 appendedTotal=47
2026-10-03 12:49:31.284 Df ResourceRunner[53720:2f5daee] [com.zipkero.ResourceRunner:MonitoringScheduler] appended sample axis=DiskActivitySource generation=2 collectionEpoch=0 appendedTotal=47
2026-10-03 12:49:31.284 Df ResourceRunner[53720:2f5daee] [com.zipkero.ResourceRunner:MonitoringScheduler] appended sample axis=NetworkActivitySource generation=2 collectionEpoch=0 appendedTotal=47
2026-10-03 12:49:31.294 Df ResourceRunner[53720:2f5daee] [com.zipkero.ResourceRunner:MonitoringScheduler] appended sample axis=ProcessSurveySampleSource generation=2 collectionEpoch=0 appendedTotal=23
2026-10-03 12:49:31.342 Df ResourceRunner[53720:2f5daba] [com.zipkero.ResourceRunner:CollectionPipeline] delivered axis=diskActivity epoch=0 status=rate
2026-10-03 12:49:31.343 Df ResourceRunner[53720:2f5daba] [com.zipkero.ResourceRunner:CollectionPipeline] delivered axis=networkActivity epoch=0 status=partial("물리 대상의 식별·연결·속도 일부를 확인하지 못했습니다")
2026-10-03 12:49:31.343 Df ResourceRunner[53720:2f5daba] [com.zipkero.ResourceRunner:CollectionPipeline] delivered axis=processSurvey epoch=0 failed=false
2026-10-03 12:49:32.270 Df ResourceRunner[53720:2f5daee] [com.zipkero.ResourceRunner:MonitoringScheduler] appended sample axis=SystemMetricsSampleSource generation=2 collectionEpoch=0 appendedTotal=48
2026-10-03 12:49:32.275 Df ResourceRunner[53720:2f5daee] [com.zipkero.ResourceRunner:MonitoringScheduler] appended sample axis=DiskActivitySource generation=2 collectionEpoch=0 appendedTotal=48
2026-10-03 12:49:32.276 Df ResourceRunner[53720:2f5daee] [com.zipkero.ResourceRunner:MonitoringScheduler] appended sample axis=NetworkActivitySource generation=2 collectionEpoch=0 appendedTotal=48
2026-10-03 12:49:32.323 Df ResourceRunner[53720:2f5daba] [com.zipkero.ResourceRunner:CollectionPipeline] delivered axis=diskActivity epoch=0 status=rate
2026-10-03 12:49:32.324 Df ResourceRunner[53720:2f5daba] [com.zipkero.ResourceRunner:CollectionPipeline] delivered axis=networkActivity epoch=0 status=partial("물리 대상의 식별·연결·속도 일부를 확인하지 못했습니다")
2026-10-03 12:49:33.266 Df ResourceRunner[53720:2f5daba] [com.zipkero.ResourceRunner:CollectionPipeline] delivered axis=diskActivity epoch=0 status=rate
2026-10-03 12:49:33.266 Df ResourceRunner[53720:2f5daef] [com.zipkero.ResourceRunner:MonitoringScheduler] appended sample axis=DiskActivitySource generation=2 collectionEpoch=0 appendedTotal=49
2026-10-03 12:49:33.267 Df ResourceRunner[53720:2f5dad7] [com.zipkero.ResourceRunner:MonitoringScheduler] appended sample axis=SystemMetricsSampleSource generation=2 collectionEpoch=0 appendedTotal=49
2026-10-03 12:49:33.268 Df ResourceRunner[53720:2f5daef] [com.zipkero.ResourceRunner:MonitoringScheduler] appended sample axis=NetworkActivitySource generation=2 collectionEpoch=0 appendedTotal=49
2026-10-03 12:49:33.292 Df ResourceRunner[53720:2f5dac4] [com.zipkero.ResourceRunner:MonitoringScheduler] appended sample axis=ProcessSurveySampleSource generation=2 collectionEpoch=0 appendedTotal=24
2026-10-03 12:49:33.342 Df ResourceRunner[53720:2f5daba] [com.zipkero.ResourceRunner:CollectionPipeline] delivered axis=networkActivity epoch=0 status=partial("물리 대상의 식별·연결·속도 일부를 확인하지 못했습니다")
2026-10-03 12:49:33.343 Df ResourceRunner[53720:2f5daba] [com.zipkero.ResourceRunner:CollectionPipeline] delivered axis=processSurvey epoch=0 failed=false
2026-10-03 12:49:34.266 Df ResourceRunner[53720:2f5daee] [com.zipkero.ResourceRunner:MonitoringScheduler] appended sample axis=SystemMetricsSampleSource generation=2 collectionEpoch=0 appendedTotal=50
2026-10-03 12:49:34.267 Df ResourceRunner[53720:2f5dad7] [com.zipkero.ResourceRunner:MonitoringScheduler] appended sample axis=DiskActivitySource generation=2 collectionEpoch=0 appendedTotal=50
2026-10-03 12:49:34.267 Df ResourceRunner[53720:2f5dad7] [com.zipkero.ResourceRunner:MonitoringScheduler] appended sample axis=NetworkActivitySource generation=2 collectionEpoch=0 appendedTotal=50
2026-10-03 12:49:34.346 Df ResourceRunner[53720:2f5daba] [com.zipkero.ResourceRunner:CollectionPipeline] delivered axis=diskActivity epoch=0 status=rate
2026-10-03 12:49:34.346 Df ResourceRunner[53720:2f5daba] [com.zipkero.ResourceRunner:CollectionPipeline] delivered axis=networkActivity epoch=0 status=partial("물리 대상의 식별·연결·속도 일부를 확인하지 못했습니다")
2026-10-03 12:49:35.270 Df ResourceRunner[53720:2f5dade] [com.zipkero.ResourceRunner:MonitoringScheduler] appended sample axis=SystemMetricsSampleSource generation=2 collectionEpoch=0 appendedTotal=51
2026-10-03 12:49:35.276 Df ResourceRunner[53720:2f5dade] [com.zipkero.ResourceRunner:MonitoringScheduler] appended sample axis=DiskActivitySource generation=2 collectionEpoch=0 appendedTotal=51
2026-10-03 12:49:35.276 Df ResourceRunner[53720:2f5dade] [com.zipkero.ResourceRunner:MonitoringScheduler] appended sample axis=NetworkActivitySource generation=2 collectionEpoch=0 appendedTotal=51
2026-10-03 12:49:35.283 Df ResourceRunner[53720:2f5dade] [com.zipkero.ResourceRunner:MonitoringScheduler] appended sample axis=ProcessSurveySampleSource generation=2 collectionEpoch=0 appendedTotal=25
2026-10-03 12:49:35.322 Df ResourceRunner[53720:2f5daba] [com.zipkero.ResourceRunner:CollectionPipeline] delivered axis=diskActivity epoch=0 status=rate
2026-10-03 12:49:35.323 Df ResourceRunner[53720:2f5daba] [com.zipkero.ResourceRunner:CollectionPipeline] delivered axis=networkActivity epoch=0 status=partial("물리 대상의 식별·연결·속도 일부를 확인하지 못했습니다")
2026-10-03 12:49:35.323 Df ResourceRunner[53720:2f5daba] [com.zipkero.ResourceRunner:CollectionPipeline] delivered axis=processSurvey epoch=0 failed=false
2026-10-03 12:49:36.268 Df ResourceRunner[53720:2f5daef] [com.zipkero.ResourceRunner:MonitoringScheduler] appended sample axis=SystemMetricsSampleSource generation=2 collectionEpoch=0 appendedTotal=52
2026-10-03 12:49:36.279 Df ResourceRunner[53720:2f5dad7] [com.zipkero.ResourceRunner:MonitoringScheduler] appended sample axis=DiskActivitySource generation=2 collectionEpoch=0 appendedTotal=52
2026-10-03 12:49:36.279 Df ResourceRunner[53720:2f5dad7] [com.zipkero.ResourceRunner:MonitoringScheduler] appended sample axis=NetworkActivitySource generation=2 collectionEpoch=0 appendedTotal=52
2026-10-03 12:49:36.348 Df ResourceRunner[53720:2f5daba] [com.zipkero.ResourceRunner:CollectionPipeline] delivered axis=diskActivity epoch=0 status=rate
2026-10-03 12:49:36.349 Df ResourceRunner[53720:2f5daba] [com.zipkero.ResourceRunner:CollectionPipeline] delivered axis=networkActivity epoch=0 status=partial("물리 대상의 식별·연결·속도 일부를 확인하지 못했습니다")
2026-10-03 12:49:37.276 Df ResourceRunner[53720:2f5dac4] [com.zipkero.ResourceRunner:MonitoringScheduler] appended sample axis=SystemMetricsSampleSource generation=2 collectionEpoch=0 appendedTotal=53
2026-10-03 12:49:37.280 Df ResourceRunner[53720:2f5daee] [com.zipkero.ResourceRunner:MonitoringScheduler] appended sample axis=DiskActivitySource generation=2 collectionEpoch=0 appendedTotal=53
2026-10-03 12:49:37.280 Df ResourceRunner[53720:2f5daee] [com.zipkero.ResourceRunner:MonitoringScheduler] appended sample axis=NetworkActivitySource generation=2 collectionEpoch=0 appendedTotal=53
2026-10-03 12:49:37.296 Df ResourceRunner[53720:2f5daee] [com.zipkero.ResourceRunner:MonitoringScheduler] appended sample axis=ProcessSurveySampleSource generation=2 collectionEpoch=0 appendedTotal=26
2026-10-03 12:49:37.346 Df ResourceRunner[53720:2f5daba] [com.zipkero.ResourceRunner:CollectionPipeline] delivered axis=diskActivity epoch=0 status=rate
2026-10-03 12:49:37.347 Df ResourceRunner[53720:2f5daba] [com.zipkero.ResourceRunner:CollectionPipeline] delivered axis=networkActivity epoch=0 status=partial("물리 대상의 식별·연결·속도 일부를 확인하지 못했습니다")
2026-10-03 12:49:37.347 Df ResourceRunner[53720:2f5daba] [com.zipkero.ResourceRunner:CollectionPipeline] delivered axis=processSurvey epoch=0 failed=false
2026-10-03 12:49:38.234 Df ResourceRunner[53720:2f5dac4] [com.zipkero.ResourceRunner:MonitoringScheduler] appended sample axis=SystemMetricsSampleSource generation=2 collectionEpoch=0 appendedTotal=54
2026-10-03 12:49:38.245 Df ResourceRunner[53720:2f5db97] [com.zipkero.ResourceRunner:MonitoringScheduler] appended sample axis=DiskActivitySource generation=2 collectionEpoch=0 appendedTotal=54
2026-10-03 12:49:38.245 Df ResourceRunner[53720:2f5dac4] [com.zipkero.ResourceRunner:MonitoringScheduler] appended sample axis=NetworkActivitySource generation=2 collectionEpoch=0 appendedTotal=54
2026-10-03 12:49:38.315 Df ResourceRunner[53720:2f5daba] [com.zipkero.ResourceRunner:CollectionPipeline] delivered axis=diskActivity epoch=0 status=rate
2026-10-03 12:49:38.315 Df ResourceRunner[53720:2f5daba] [com.zipkero.ResourceRunner:CollectionPipeline] delivered axis=networkActivity epoch=0 status=partial("물리 대상의 식별·연결·속도 일부를 확인하지 못했습니다")
2026-10-03 12:49:39.275 Df ResourceRunner[53720:2f5dad7] [com.zipkero.ResourceRunner:MonitoringScheduler] appended sample axis=SystemMetricsSampleSource generation=2 collectionEpoch=0 appendedTotal=55
2026-10-03 12:49:39.284 Df ResourceRunner[53720:2f5dade] [com.zipkero.ResourceRunner:MonitoringScheduler] appended sample axis=DiskActivitySource generation=2 collectionEpoch=0 appendedTotal=55
2026-10-03 12:49:39.286 Df ResourceRunner[53720:2f5dade] [com.zipkero.ResourceRunner:MonitoringScheduler] appended sample axis=NetworkActivitySource generation=2 collectionEpoch=0 appendedTotal=55
2026-10-03 12:49:39.300 Df ResourceRunner[53720:2f5daee] [com.zipkero.ResourceRunner:MonitoringScheduler] appended sample axis=ProcessSurveySampleSource generation=2 collectionEpoch=0 appendedTotal=27
2026-10-03 12:49:39.349 Df ResourceRunner[53720:2f5daba] [com.zipkero.ResourceRunner:CollectionPipeline] delivered axis=diskActivity epoch=0 status=rate
2026-10-03 12:49:39.349 Df ResourceRunner[53720:2f5daba] [com.zipkero.ResourceRunner:CollectionPipeline] delivered axis=networkActivity epoch=0 status=partial("물리 대상의 식별·연결·속도 일부를 확인하지 못했습니다")
2026-10-03 12:49:39.349 Df ResourceRunner[53720:2f5daba] [com.zipkero.ResourceRunner:CollectionPipeline] delivered axis=processSurvey epoch=0 failed=false
2026-10-03 12:49:40.269 Df ResourceRunner[53720:2f5dad7] [com.zipkero.ResourceRunner:MonitoringScheduler] appended sample axis=SystemMetricsSampleSource generation=2 collectionEpoch=0 appendedTotal=56
2026-10-03 12:49:40.282 Df ResourceRunner[53720:2f5daee] [com.zipkero.ResourceRunner:MonitoringScheduler] appended sample axis=NetworkActivitySource generation=2 collectionEpoch=0 appendedTotal=56
2026-10-03 12:49:40.282 Df ResourceRunner[53720:2f5dade] [com.zipkero.ResourceRunner:MonitoringScheduler] appended sample axis=DiskActivitySource generation=2 collectionEpoch=0 appendedTotal=56
2026-10-03 12:49:40.348 Df ResourceRunner[53720:2f5daba] [com.zipkero.ResourceRunner:CollectionPipeline] delivered axis=diskActivity epoch=0 status=rate
2026-10-03 12:49:40.348 Df ResourceRunner[53720:2f5daba] [com.zipkero.ResourceRunner:CollectionPipeline] delivered axis=networkActivity epoch=0 status=partial("물리 대상의 식별·연결·속도 일부를 확인하지 못했습니다")
2026-10-03 12:49:41.263 Df ResourceRunner[53720:2f5dac4] [com.zipkero.ResourceRunner:MonitoringScheduler] appended sample axis=SystemMetricsSampleSource generation=2 collectionEpoch=0 appendedTotal=57
2026-10-03 12:49:41.281 Df ResourceRunner[53720:2f5dade] [com.zipkero.ResourceRunner:MonitoringScheduler] appended sample axis=DiskActivitySource generation=2 collectionEpoch=0 appendedTotal=57
2026-10-03 12:49:41.281 Df ResourceRunner[53720:2f5dade] [com.zipkero.ResourceRunner:MonitoringScheduler] appended sample axis=NetworkActivitySource generation=2 collectionEpoch=0 appendedTotal=57
2026-10-03 12:49:41.298 Df ResourceRunner[53720:2f5dade] [com.zipkero.ResourceRunner:MonitoringScheduler] appended sample axis=ProcessSurveySampleSource generation=2 collectionEpoch=0 appendedTotal=28
2026-10-03 12:49:41.338 Df ResourceRunner[53720:2f5daba] [com.zipkero.ResourceRunner:CollectionPipeline] delivered axis=diskActivity epoch=0 status=rate
2026-10-03 12:49:41.338 Df ResourceRunner[53720:2f5daba] [com.zipkero.ResourceRunner:CollectionPipeline] delivered axis=networkActivity epoch=0 status=partial("물리 대상의 식별·연결·속도 일부를 확인하지 못했습니다")
2026-10-03 12:49:41.338 Df ResourceRunner[53720:2f5daba] [com.zipkero.ResourceRunner:CollectionPipeline] delivered axis=processSurvey epoch=0 failed=false
2026-10-03 12:49:42.269 Df ResourceRunner[53720:2f5dad7] [com.zipkero.ResourceRunner:MonitoringScheduler] appended sample axis=SystemMetricsSampleSource generation=2 collectionEpoch=0 appendedTotal=58
2026-10-03 12:49:42.279 Df ResourceRunner[53720:2f5dad7] [com.zipkero.ResourceRunner:MonitoringScheduler] appended sample axis=DiskActivitySource generation=2 collectionEpoch=0 appendedTotal=58
2026-10-03 12:49:42.281 Df ResourceRunner[53720:2f5dad7] [com.zipkero.ResourceRunner:MonitoringScheduler] appended sample axis=NetworkActivitySource generation=2 collectionEpoch=0 appendedTotal=58
2026-10-03 12:49:42.347 Df ResourceRunner[53720:2f5daba] [com.zipkero.ResourceRunner:CollectionPipeline] delivered axis=diskActivity epoch=0 status=rate
2026-10-03 12:49:42.347 Df ResourceRunner[53720:2f5daba] [com.zipkero.ResourceRunner:CollectionPipeline] delivered axis=networkActivity epoch=0 status=partial("물리 대상의 식별·연결·속도 일부를 확인하지 못했습니다")
2026-10-03 12:49:43.271 Df ResourceRunner[53720:2f5daef] [com.zipkero.ResourceRunner:MonitoringScheduler] appended sample axis=SystemMetricsSampleSource generation=2 collectionEpoch=0 appendedTotal=59
2026-10-03 12:49:43.279 Df ResourceRunner[53720:2f5dad7] [com.zipkero.ResourceRunner:MonitoringScheduler] appended sample axis=DiskActivitySource generation=2 collectionEpoch=0 appendedTotal=59
2026-10-03 12:49:43.280 Df ResourceRunner[53720:2f5dad7] [com.zipkero.ResourceRunner:MonitoringScheduler] appended sample axis=NetworkActivitySource generation=2 collectionEpoch=0 appendedTotal=59
2026-10-03 12:49:43.291 Df ResourceRunner[53720:2f5dac4] [com.zipkero.ResourceRunner:MonitoringScheduler] appended sample axis=ProcessSurveySampleSource generation=2 collectionEpoch=0 appendedTotal=29
2026-10-03 12:49:43.345 Df ResourceRunner[53720:2f5daba] [com.zipkero.ResourceRunner:CollectionPipeline] delivered axis=diskActivity epoch=0 status=rate
2026-10-03 12:49:43.345 Df ResourceRunner[53720:2f5daba] [com.zipkero.ResourceRunner:CollectionPipeline] delivered axis=networkActivity epoch=0 status=partial("물리 대상의 식별·연결·속도 일부를 확인하지 못했습니다")
2026-10-03 12:49:43.345 Df ResourceRunner[53720:2f5daba] [com.zipkero.ResourceRunner:CollectionPipeline] delivered axis=processSurvey epoch=0 failed=false
2026-10-03 12:49:44.273 Df ResourceRunner[53720:2f5daef] [com.zipkero.ResourceRunner:MonitoringScheduler] appended sample axis=SystemMetricsSampleSource generation=2 collectionEpoch=0 appendedTotal=60
2026-10-03 12:49:44.280 Df ResourceRunner[53720:2f5daef] [com.zipkero.ResourceRunner:MonitoringScheduler] appended sample axis=DiskActivitySource generation=2 collectionEpoch=0 appendedTotal=60
2026-10-03 12:49:44.280 Df ResourceRunner[53720:2f5daef] [com.zipkero.ResourceRunner:MonitoringScheduler] appended sample axis=NetworkActivitySource generation=2 collectionEpoch=0 appendedTotal=60
2026-10-03 12:49:44.350 Df ResourceRunner[53720:2f5daba] [com.zipkero.ResourceRunner:CollectionPipeline] delivered axis=diskActivity epoch=0 status=rate
2026-10-03 12:49:44.350 Df ResourceRunner[53720:2f5daba] [com.zipkero.ResourceRunner:CollectionPipeline] delivered axis=networkActivity epoch=0 status=partial("물리 대상의 식별·연결·속도 일부를 확인하지 못했습니다")
2026-10-03 12:49:45.268 Df ResourceRunner[53720:2f5e62c] [com.zipkero.ResourceRunner:MonitoringScheduler] appended sample axis=SystemMetricsSampleSource generation=2 collectionEpoch=0 appendedTotal=61
2026-10-03 12:49:45.272 Df ResourceRunner[53720:2f5e62c] [com.zipkero.ResourceRunner:MonitoringScheduler] appended sample axis=DiskActivitySource generation=2 collectionEpoch=0 appendedTotal=61
2026-10-03 12:49:45.273 Df ResourceRunner[53720:2f5dac4] [com.zipkero.ResourceRunner:MonitoringScheduler] appended sample axis=NetworkActivitySource generation=2 collectionEpoch=0 appendedTotal=61
2026-10-03 12:49:45.279 Df ResourceRunner[53720:2f5dac4] [com.zipkero.ResourceRunner:MonitoringScheduler] appended sample axis=ProcessSurveySampleSource generation=2 collectionEpoch=0 appendedTotal=30
2026-10-03 12:49:45.329 Df ResourceRunner[53720:2f5daba] [com.zipkero.ResourceRunner:CollectionPipeline] delivered axis=diskActivity epoch=0 status=rate
2026-10-03 12:49:45.329 Df ResourceRunner[53720:2f5daba] [com.zipkero.ResourceRunner:CollectionPipeline] delivered axis=networkActivity epoch=0 status=partial("물리 대상의 식별·연결·속도 일부를 확인하지 못했습니다")
2026-10-03 12:49:45.329 Df ResourceRunner[53720:2f5daba] [com.zipkero.ResourceRunner:CollectionPipeline] delivered axis=storageMetadata epoch=0 result=available revision=1 devices=1
2026-10-03 12:49:45.329 Df ResourceRunner[53720:2f5daba] [com.zipkero.ResourceRunner:CollectionPipeline] delivered axis=networkMetadata epoch=0 result=available revision=26 records=26
2026-10-03 12:49:45.329 Df ResourceRunner[53720:2f5daba] [com.zipkero.ResourceRunner:CollectionPipeline] delivered axis=processSurvey epoch=0 failed=false
2026-10-03 12:49:46.264 Df ResourceRunner[53720:2f5dade] [com.zipkero.ResourceRunner:MonitoringScheduler] appended sample axis=SystemMetricsSampleSource generation=2 collectionEpoch=0 appendedTotal=62
2026-10-03 12:49:46.274 Df ResourceRunner[53720:2f5daef] [com.zipkero.ResourceRunner:MonitoringScheduler] appended sample axis=DiskActivitySource generation=2 collectionEpoch=0 appendedTotal=62
2026-10-03 12:49:46.274 Df ResourceRunner[53720:2f5db97] [com.zipkero.ResourceRunner:MonitoringScheduler] appended sample axis=NetworkActivitySource generation=2 collectionEpoch=0 appendedTotal=62
2026-10-03 12:49:46.340 Df ResourceRunner[53720:2f5daba] [com.zipkero.ResourceRunner:CollectionPipeline] delivered axis=diskActivity epoch=0 status=rate
2026-10-03 12:49:46.340 Df ResourceRunner[53720:2f5daba] [com.zipkero.ResourceRunner:CollectionPipeline] delivered axis=networkActivity epoch=0 status=partial("물리 대상의 식별·연결·속도 일부를 확인하지 못했습니다")
2026-10-03 12:49:47.269 Df ResourceRunner[53720:2f5db97] [com.zipkero.ResourceRunner:MonitoringScheduler] appended sample axis=SystemMetricsSampleSource generation=2 collectionEpoch=0 appendedTotal=63
2026-10-03 12:49:47.280 Df ResourceRunner[53720:2f5daef] [com.zipkero.ResourceRunner:MonitoringScheduler] appended sample axis=DiskActivitySource generation=2 collectionEpoch=0 appendedTotal=63
2026-10-03 12:49:47.280 Df ResourceRunner[53720:2f5daef] [com.zipkero.ResourceRunner:MonitoringScheduler] appended sample axis=NetworkActivitySource generation=2 collectionEpoch=0 appendedTotal=63
2026-10-03 12:49:47.296 Df ResourceRunner[53720:2f5dade] [com.zipkero.ResourceRunner:MonitoringScheduler] appended sample axis=ProcessSurveySampleSource generation=2 collectionEpoch=0 appendedTotal=31
2026-10-03 12:49:47.347 Df ResourceRunner[53720:2f5daba] [com.zipkero.ResourceRunner:CollectionPipeline] delivered axis=diskActivity epoch=0 status=rate
2026-10-03 12:49:47.347 Df ResourceRunner[53720:2f5daba] [com.zipkero.ResourceRunner:CollectionPipeline] delivered axis=networkActivity epoch=0 status=partial("물리 대상의 식별·연결·속도 일부를 확인하지 못했습니다")
2026-10-03 12:49:47.347 Df ResourceRunner[53720:2f5daba] [com.zipkero.ResourceRunner:CollectionPipeline] delivered axis=processSurvey epoch=0 failed=false
2026-10-03 12:49:48.264 Df ResourceRunner[53720:2f5db97] [com.zipkero.ResourceRunner:MonitoringScheduler] appended sample axis=SystemMetricsSampleSource generation=2 collectionEpoch=0 appendedTotal=64
2026-10-03 12:49:48.270 Df ResourceRunner[53720:2f5daef] [com.zipkero.ResourceRunner:MonitoringScheduler] appended sample axis=DiskActivitySource generation=2 collectionEpoch=0 appendedTotal=64
2026-10-03 12:49:48.271 Df ResourceRunner[53720:2f5daef] [com.zipkero.ResourceRunner:MonitoringScheduler] appended sample axis=NetworkActivitySource generation=2 collectionEpoch=0 appendedTotal=64
2026-10-03 12:49:48.329 Df ResourceRunner[53720:2f5daba] [com.zipkero.ResourceRunner:CollectionPipeline] delivered axis=diskActivity epoch=0 status=rate
2026-10-03 12:49:48.329 Df ResourceRunner[53720:2f5daba] [com.zipkero.ResourceRunner:CollectionPipeline] delivered axis=networkActivity epoch=0 status=partial("물리 대상의 식별·연결·속도 일부를 확인하지 못했습니다")
2026-10-03 12:49:49.275 Df ResourceRunner[53720:2f5dac3] [com.zipkero.ResourceRunner:MonitoringScheduler] appended sample axis=SystemMetricsSampleSource generation=2 collectionEpoch=0 appendedTotal=65
2026-10-03 12:49:49.280 Df ResourceRunner[53720:2f5dad7] [com.zipkero.ResourceRunner:MonitoringScheduler] appended sample axis=DiskActivitySource generation=2 collectionEpoch=0 appendedTotal=65
2026-10-03 12:49:49.280 Df ResourceRunner[53720:2f5daef] [com.zipkero.ResourceRunner:MonitoringScheduler] appended sample axis=NetworkActivitySource generation=2 collectionEpoch=0 appendedTotal=65
2026-10-03 12:49:49.300 Df ResourceRunner[53720:2f5dad7] [com.zipkero.ResourceRunner:MonitoringScheduler] appended sample axis=ProcessSurveySampleSource generation=2 collectionEpoch=0 appendedTotal=32
2026-10-03 12:49:49.350 Df ResourceRunner[53720:2f5daba] [com.zipkero.ResourceRunner:CollectionPipeline] delivered axis=diskActivity epoch=0 status=rate
2026-10-03 12:49:49.350 Df ResourceRunner[53720:2f5daba] [com.zipkero.ResourceRunner:CollectionPipeline] delivered axis=networkActivity epoch=0 status=partial("물리 대상의 식별·연결·속도 일부를 확인하지 못했습니다")
2026-10-03 12:49:49.350 Df ResourceRunner[53720:2f5daba] [com.zipkero.ResourceRunner:CollectionPipeline] delivered axis=processSurvey epoch=0 failed=false
2026-10-03 12:49:50.271 Df ResourceRunner[53720:2f5daef] [com.zipkero.ResourceRunner:MonitoringScheduler] appended sample axis=SystemMetricsSampleSource generation=2 collectionEpoch=0 appendedTotal=66
2026-10-03 12:49:50.278 Df ResourceRunner[53720:2f5dad7] [com.zipkero.ResourceRunner:MonitoringScheduler] appended sample axis=DiskActivitySource generation=2 collectionEpoch=0 appendedTotal=66
2026-10-03 12:49:50.278 Df ResourceRunner[53720:2f5dad7] [com.zipkero.ResourceRunner:MonitoringScheduler] appended sample axis=NetworkActivitySource generation=2 collectionEpoch=0 appendedTotal=66
2026-10-03 12:49:50.345 Df ResourceRunner[53720:2f5daba] [com.zipkero.ResourceRunner:CollectionPipeline] delivered axis=diskActivity epoch=0 status=rate
2026-10-03 12:49:50.345 Df ResourceRunner[53720:2f5daba] [com.zipkero.ResourceRunner:CollectionPipeline] delivered axis=networkActivity epoch=0 status=partial("물리 대상의 식별·연결·속도 일부를 확인하지 못했습니다")
2026-10-03 12:49:51.270 Df ResourceRunner[53720:2f5db97] [com.zipkero.ResourceRunner:MonitoringScheduler] appended sample axis=SystemMetricsSampleSource generation=2 collectionEpoch=0 appendedTotal=67
2026-10-03 12:49:51.282 Df ResourceRunner[53720:2f5dade] [com.zipkero.ResourceRunner:MonitoringScheduler] appended sample axis=DiskActivitySource generation=2 collectionEpoch=0 appendedTotal=67
2026-10-03 12:49:51.282 Df ResourceRunner[53720:2f5dade] [com.zipkero.ResourceRunner:MonitoringScheduler] appended sample axis=NetworkActivitySource generation=2 collectionEpoch=0 appendedTotal=67
2026-10-03 12:49:51.294 Df ResourceRunner[53720:2f5daef] [com.zipkero.ResourceRunner:MonitoringScheduler] appended sample axis=ProcessSurveySampleSource generation=2 collectionEpoch=0 appendedTotal=33
2026-10-03 12:49:51.347 Df ResourceRunner[53720:2f5daba] [com.zipkero.ResourceRunner:CollectionPipeline] delivered axis=diskActivity epoch=0 status=rate
2026-10-03 12:49:51.347 Df ResourceRunner[53720:2f5daba] [com.zipkero.ResourceRunner:CollectionPipeline] delivered axis=networkActivity epoch=0 status=partial("물리 대상의 식별·연결·속도 일부를 확인하지 못했습니다")
2026-10-03 12:49:51.347 Df ResourceRunner[53720:2f5daba] [com.zipkero.ResourceRunner:CollectionPipeline] delivered axis=processSurvey epoch=0 failed=false
2026-10-03 12:49:52.234 Df ResourceRunner[53720:2f5db97] [com.zipkero.ResourceRunner:MonitoringScheduler] appended sample axis=SystemMetricsSampleSource generation=2 collectionEpoch=0 appendedTotal=68
2026-10-03 12:49:52.245 Df ResourceRunner[53720:2f5daef] [com.zipkero.ResourceRunner:MonitoringScheduler] appended sample axis=DiskActivitySource generation=2 collectionEpoch=0 appendedTotal=68
2026-10-03 12:49:52.246 Df ResourceRunner[53720:2f5db97] [com.zipkero.ResourceRunner:MonitoringScheduler] appended sample axis=NetworkActivitySource generation=2 collectionEpoch=0 appendedTotal=68
2026-10-03 12:49:52.312 Df ResourceRunner[53720:2f5daba] [com.zipkero.ResourceRunner:CollectionPipeline] delivered axis=diskActivity epoch=0 status=rate
2026-10-03 12:49:52.312 Df ResourceRunner[53720:2f5daba] [com.zipkero.ResourceRunner:CollectionPipeline] delivered axis=networkActivity epoch=0 status=partial("물리 대상의 식별·연결·속도 일부를 확인하지 못했습니다")
2026-10-03 12:49:53.276 Df ResourceRunner[53720:2f5dad7] [com.zipkero.ResourceRunner:MonitoringScheduler] appended sample axis=SystemMetricsSampleSource generation=2 collectionEpoch=0 appendedTotal=69
2026-10-03 12:49:53.276 Df ResourceRunner[53720:2f5dad7] [com.zipkero.ResourceRunner:MonitoringScheduler] appended sample axis=DiskActivitySource generation=2 collectionEpoch=0 appendedTotal=69
2026-10-03 12:49:53.283 Df ResourceRunner[53720:2f5dad7] [com.zipkero.ResourceRunner:MonitoringScheduler] appended sample axis=NetworkActivitySource generation=2 collectionEpoch=0 appendedTotal=69
2026-10-03 12:49:53.297 Df ResourceRunner[53720:2f5db97] [com.zipkero.ResourceRunner:MonitoringScheduler] appended sample axis=ProcessSurveySampleSource generation=2 collectionEpoch=0 appendedTotal=34
2026-10-03 12:49:53.346 Df ResourceRunner[53720:2f5daba] [com.zipkero.ResourceRunner:CollectionPipeline] delivered axis=diskActivity epoch=0 status=rate
2026-10-03 12:49:53.346 Df ResourceRunner[53720:2f5daba] [com.zipkero.ResourceRunner:CollectionPipeline] delivered axis=networkActivity epoch=0 status=partial("물리 대상의 식별·연결·속도 일부를 확인하지 못했습니다")
2026-10-03 12:49:53.346 Df ResourceRunner[53720:2f5daba] [com.zipkero.ResourceRunner:CollectionPipeline] delivered axis=processSurvey epoch=0 failed=false
2026-10-03 12:49:54.269 Df ResourceRunner[53720:2f5dad7] [com.zipkero.ResourceRunner:MonitoringScheduler] appended sample axis=SystemMetricsSampleSource generation=2 collectionEpoch=0 appendedTotal=70
2026-10-03 12:49:54.273 Df ResourceRunner[53720:2f5dad7] [com.zipkero.ResourceRunner:MonitoringScheduler] appended sample axis=DiskActivitySource generation=2 collectionEpoch=0 appendedTotal=70
2026-10-03 12:49:54.273 Df ResourceRunner[53720:2f5dad7] [com.zipkero.ResourceRunner:MonitoringScheduler] appended sample axis=NetworkActivitySource generation=2 collectionEpoch=0 appendedTotal=70
2026-10-03 12:49:54.315 Df ResourceRunner[53720:2f5daba] [com.zipkero.ResourceRunner:CollectionPipeline] delivered axis=diskActivity epoch=0 status=rate
2026-10-03 12:49:54.315 Df ResourceRunner[53720:2f5daba] [com.zipkero.ResourceRunner:CollectionPipeline] delivered axis=networkActivity epoch=0 status=partial("물리 대상의 식별·연결·속도 일부를 확인하지 못했습니다")
2026-10-03 12:49:55.269 Df ResourceRunner[53720:2f5dac4] [com.zipkero.ResourceRunner:MonitoringScheduler] appended sample axis=SystemMetricsSampleSource generation=2 collectionEpoch=0 appendedTotal=71
2026-10-03 12:49:55.270 Df ResourceRunner[53720:2f5dac4] [com.zipkero.ResourceRunner:MonitoringScheduler] appended sample axis=DiskActivitySource generation=2 collectionEpoch=0 appendedTotal=71
2026-10-03 12:49:55.270 Df ResourceRunner[53720:2f5daef] [com.zipkero.ResourceRunner:MonitoringScheduler] appended sample axis=NetworkActivitySource generation=2 collectionEpoch=0 appendedTotal=71
2026-10-03 12:49:55.279 Df ResourceRunner[53720:2f5dade] [com.zipkero.ResourceRunner:MonitoringScheduler] appended sample axis=ProcessSurveySampleSource generation=2 collectionEpoch=0 appendedTotal=35
2026-10-03 12:49:55.310 Df ResourceRunner[53720:2f5daba] [com.zipkero.ResourceRunner:CollectionPipeline] delivered axis=diskActivity epoch=0 status=rate
2026-10-03 12:49:55.310 Df ResourceRunner[53720:2f5daba] [com.zipkero.ResourceRunner:CollectionPipeline] delivered axis=networkActivity epoch=0 status=partial("물리 대상의 식별·연결·속도 일부를 확인하지 못했습니다")
2026-10-03 12:49:55.310 Df ResourceRunner[53720:2f5daba] [com.zipkero.ResourceRunner:CollectionPipeline] delivered axis=processSurvey epoch=0 failed=false
2026-10-03 12:49:56.235 Df ResourceRunner[53720:2f5dac4] [com.zipkero.ResourceRunner:MonitoringScheduler] appended sample axis=SystemMetricsSampleSource generation=2 collectionEpoch=0 appendedTotal=72
2026-10-03 12:49:56.248 Df ResourceRunner[53720:2f5dac3] [com.zipkero.ResourceRunner:MonitoringScheduler] appended sample axis=DiskActivitySource generation=2 collectionEpoch=0 appendedTotal=72
2026-10-03 12:49:56.248 Df ResourceRunner[53720:2f5dac3] [com.zipkero.ResourceRunner:MonitoringScheduler] appended sample axis=NetworkActivitySource generation=2 collectionEpoch=0 appendedTotal=72
2026-10-03 12:49:56.313 Df ResourceRunner[53720:2f5daba] [com.zipkero.ResourceRunner:CollectionPipeline] delivered axis=diskActivity epoch=0 status=rate
2026-10-03 12:49:56.313 Df ResourceRunner[53720:2f5daba] [com.zipkero.ResourceRunner:CollectionPipeline] delivered axis=networkActivity epoch=0 status=partial("물리 대상의 식별·연결·속도 일부를 확인하지 못했습니다")
2026-10-03 12:49:57.262 Df ResourceRunner[53720:2f5dad7] [com.zipkero.ResourceRunner:MonitoringScheduler] appended sample axis=SystemMetricsSampleSource generation=2 collectionEpoch=0 appendedTotal=73
2026-10-03 12:49:57.266 Df ResourceRunner[53720:2f5dac4] [com.zipkero.ResourceRunner:MonitoringScheduler] appended sample axis=DiskActivitySource generation=2 collectionEpoch=0 appendedTotal=73
2026-10-03 12:49:57.266 Df ResourceRunner[53720:2f5dac4] [com.zipkero.ResourceRunner:MonitoringScheduler] appended sample axis=NetworkActivitySource generation=2 collectionEpoch=0 appendedTotal=73
2026-10-03 12:49:57.273 Df ResourceRunner[53720:2f5daef] [com.zipkero.ResourceRunner:MonitoringScheduler] appended sample axis=ProcessSurveySampleSource generation=2 collectionEpoch=0 appendedTotal=36
2026-10-03 12:49:57.304 Df ResourceRunner[53720:2f5daba] [com.zipkero.ResourceRunner:CollectionPipeline] delivered axis=diskActivity epoch=0 status=rate
2026-10-03 12:49:57.304 Df ResourceRunner[53720:2f5daba] [com.zipkero.ResourceRunner:CollectionPipeline] delivered axis=networkActivity epoch=0 status=partial("물리 대상의 식별·연결·속도 일부를 확인하지 못했습니다")
2026-10-03 12:49:57.304 Df ResourceRunner[53720:2f5daba] [com.zipkero.ResourceRunner:CollectionPipeline] delivered axis=processSurvey epoch=0 failed=false
2026-10-03 12:49:58.262 Df ResourceRunner[53720:2f5db97] [com.zipkero.ResourceRunner:MonitoringScheduler] appended sample axis=SystemMetricsSampleSource generation=2 collectionEpoch=0 appendedTotal=74
2026-10-03 12:49:58.275 Df ResourceRunner[53720:2f5dac3] [com.zipkero.ResourceRunner:MonitoringScheduler] appended sample axis=DiskActivitySource generation=2 collectionEpoch=0 appendedTotal=74
2026-10-03 12:49:58.275 Df ResourceRunner[53720:2f5dac3] [com.zipkero.ResourceRunner:MonitoringScheduler] appended sample axis=NetworkActivitySource generation=2 collectionEpoch=0 appendedTotal=74
2026-10-03 12:49:58.340 Df ResourceRunner[53720:2f5daba] [com.zipkero.ResourceRunner:CollectionPipeline] delivered axis=diskActivity epoch=0 status=rate
2026-10-03 12:49:58.341 Df ResourceRunner[53720:2f5daba] [com.zipkero.ResourceRunner:CollectionPipeline] delivered axis=networkActivity epoch=0 status=partial("물리 대상의 식별·연결·속도 일부를 확인하지 못했습니다")
2026-10-03 12:49:59.245 Df ResourceRunner[53720:2f5dad7] [com.zipkero.ResourceRunner:MonitoringScheduler] appended sample axis=SystemMetricsSampleSource generation=2 collectionEpoch=0 appendedTotal=75
2026-10-03 12:49:59.258 Df ResourceRunner[53720:2f5daef] [com.zipkero.ResourceRunner:MonitoringScheduler] appended sample axis=DiskActivitySource generation=2 collectionEpoch=0 appendedTotal=75
2026-10-03 12:49:59.258 Df ResourceRunner[53720:2f5daef] [com.zipkero.ResourceRunner:MonitoringScheduler] appended sample axis=NetworkActivitySource generation=2 collectionEpoch=0 appendedTotal=75
2026-10-03 12:49:59.267 Df ResourceRunner[53720:2f5daef] [com.zipkero.ResourceRunner:MonitoringScheduler] appended sample axis=ProcessSurveySampleSource generation=2 collectionEpoch=0 appendedTotal=37
2026-10-03 12:49:59.319 Df ResourceRunner[53720:2f5daba] [com.zipkero.ResourceRunner:CollectionPipeline] delivered axis=diskActivity epoch=0 status=rate
2026-10-03 12:49:59.320 Df ResourceRunner[53720:2f5daba] [com.zipkero.ResourceRunner:CollectionPipeline] delivered axis=networkActivity epoch=0 status=partial("물리 대상의 식별·연결·속도 일부를 확인하지 못했습니다")
2026-10-03 12:49:59.320 Df ResourceRunner[53720:2f5daba] [com.zipkero.ResourceRunner:CollectionPipeline] delivered axis=processSurvey epoch=0 failed=false
2026-10-03 12:50:00.269 Df ResourceRunner[53720:2f5daef] [com.zipkero.ResourceRunner:MonitoringScheduler] appended sample axis=SystemMetricsSampleSource generation=2 collectionEpoch=0 appendedTotal=76
2026-10-03 12:50:00.273 Df ResourceRunner[53720:2f5dac3] [com.zipkero.ResourceRunner:MonitoringScheduler] appended sample axis=DiskActivitySource generation=2 collectionEpoch=0 appendedTotal=76
2026-10-03 12:50:00.273 Df ResourceRunner[53720:2f5dac3] [com.zipkero.ResourceRunner:MonitoringScheduler] appended sample axis=NetworkActivitySource generation=2 collectionEpoch=0 appendedTotal=76
2026-10-03 12:50:00.314 Df ResourceRunner[53720:2f5daba] [com.zipkero.ResourceRunner:CollectionPipeline] delivered axis=diskActivity epoch=0 status=rate
2026-10-03 12:50:00.314 Df ResourceRunner[53720:2f5daba] [com.zipkero.ResourceRunner:CollectionPipeline] delivered axis=networkActivity epoch=0 status=partial("물리 대상의 식별·연결·속도 일부를 확인하지 못했습니다")
2026-10-03 12:50:01.266 Df ResourceRunner[53720:2f5dade] [com.zipkero.ResourceRunner:MonitoringScheduler] appended sample axis=SystemMetricsSampleSource generation=2 collectionEpoch=0 appendedTotal=77
2026-10-03 12:50:01.276 Df ResourceRunner[53720:2f5dac3] [com.zipkero.ResourceRunner:MonitoringScheduler] appended sample axis=DiskActivitySource generation=2 collectionEpoch=0 appendedTotal=77
2026-10-03 12:50:01.276 Df ResourceRunner[53720:2f5dac3] [com.zipkero.ResourceRunner:MonitoringScheduler] appended sample axis=NetworkActivitySource generation=2 collectionEpoch=0 appendedTotal=77
2026-10-03 12:50:01.291 Df ResourceRunner[53720:2f5dad7] [com.zipkero.ResourceRunner:MonitoringScheduler] appended sample axis=ProcessSurveySampleSource generation=2 collectionEpoch=0 appendedTotal=38
2026-10-03 12:50:01.343 Df ResourceRunner[53720:2f5daba] [com.zipkero.ResourceRunner:CollectionPipeline] delivered axis=diskActivity epoch=0 status=rate
2026-10-03 12:50:01.343 Df ResourceRunner[53720:2f5daba] [com.zipkero.ResourceRunner:CollectionPipeline] delivered axis=networkActivity epoch=0 status=partial("물리 대상의 식별·연결·속도 일부를 확인하지 못했습니다")
2026-10-03 12:50:01.343 Df ResourceRunner[53720:2f5daba] [com.zipkero.ResourceRunner:CollectionPipeline] delivered axis=processSurvey epoch=0 failed=false
2026-10-03 12:50:02.222 Df ResourceRunner[53720:2f5dad7] [com.zipkero.ResourceRunner:MonitoringScheduler] appended sample axis=SystemMetricsSampleSource generation=2 collectionEpoch=0 appendedTotal=78
2026-10-03 12:50:02.234 Df ResourceRunner[53720:2f5daef] [com.zipkero.ResourceRunner:MonitoringScheduler] appended sample axis=DiskActivitySource generation=2 collectionEpoch=0 appendedTotal=78
2026-10-03 12:50:02.234 Df ResourceRunner[53720:2f5daef] [com.zipkero.ResourceRunner:MonitoringScheduler] appended sample axis=NetworkActivitySource generation=2 collectionEpoch=0 appendedTotal=78
2026-10-03 12:50:02.282 Df ResourceRunner[53720:2f5daba] [com.zipkero.ResourceRunner:CollectionPipeline] delivered axis=diskActivity epoch=0 status=rate
2026-10-03 12:50:02.282 Df ResourceRunner[53720:2f5daba] [com.zipkero.ResourceRunner:CollectionPipeline] delivered axis=networkActivity epoch=0 status=partial("물리 대상의 식별·연결·속도 일부를 확인하지 못했습니다")
2026-10-03 12:50:03.274 Df ResourceRunner[53720:2f5dac4] [com.zipkero.ResourceRunner:MonitoringScheduler] appended sample axis=SystemMetricsSampleSource generation=2 collectionEpoch=0 appendedTotal=79
2026-10-03 12:50:03.278 Df ResourceRunner[53720:2f5dac4] [com.zipkero.ResourceRunner:MonitoringScheduler] appended sample axis=DiskActivitySource generation=2 collectionEpoch=0 appendedTotal=79
2026-10-03 12:50:03.278 Df ResourceRunner[53720:2f5dac4] [com.zipkero.ResourceRunner:MonitoringScheduler] appended sample axis=NetworkActivitySource generation=2 collectionEpoch=0 appendedTotal=79
2026-10-03 12:50:03.284 Df ResourceRunner[53720:2f5dade] [com.zipkero.ResourceRunner:MonitoringScheduler] appended sample axis=ProcessSurveySampleSource generation=2 collectionEpoch=0 appendedTotal=39
2026-10-03 12:50:03.317 Df ResourceRunner[53720:2f5daba] [com.zipkero.ResourceRunner:CollectionPipeline] delivered axis=diskActivity epoch=0 status=rate
2026-10-03 12:50:03.318 Df ResourceRunner[53720:2f5daba] [com.zipkero.ResourceRunner:CollectionPipeline] delivered axis=networkActivity epoch=0 status=partial("물리 대상의 식별·연결·속도 일부를 확인하지 못했습니다")
2026-10-03 12:50:03.318 Df ResourceRunner[53720:2f5daba] [com.zipkero.ResourceRunner:CollectionPipeline] delivered axis=processSurvey epoch=0 failed=false
2026-10-03 12:50:04.268 Df ResourceRunner[53720:2f5dade] [com.zipkero.ResourceRunner:MonitoringScheduler] appended sample axis=SystemMetricsSampleSource generation=2 collectionEpoch=0 appendedTotal=80
2026-10-03 12:50:04.278 Df ResourceRunner[53720:2f5dac4] [com.zipkero.ResourceRunner:MonitoringScheduler] appended sample axis=DiskActivitySource generation=2 collectionEpoch=0 appendedTotal=80
2026-10-03 12:50:04.278 Df ResourceRunner[53720:2f5dac4] [com.zipkero.ResourceRunner:MonitoringScheduler] appended sample axis=NetworkActivitySource generation=2 collectionEpoch=0 appendedTotal=80
2026-10-03 12:50:04.346 Df ResourceRunner[53720:2f5daba] [com.zipkero.ResourceRunner:CollectionPipeline] delivered axis=diskActivity epoch=0 status=rate
2026-10-03 12:50:04.346 Df ResourceRunner[53720:2f5daba] [com.zipkero.ResourceRunner:CollectionPipeline] delivered axis=networkActivity epoch=0 status=partial("물리 대상의 식별·연결·속도 일부를 확인하지 못했습니다")
2026-10-03 12:50:05.267 Df ResourceRunner[53720:2f5db97] [com.zipkero.ResourceRunner:MonitoringScheduler] appended sample axis=SystemMetricsSampleSource generation=2 collectionEpoch=0 appendedTotal=81
2026-10-03 12:50:05.278 Df ResourceRunner[53720:2f5dac3] [com.zipkero.ResourceRunner:MonitoringScheduler] appended sample axis=DiskActivitySource generation=2 collectionEpoch=0 appendedTotal=81
2026-10-03 12:50:05.278 Df ResourceRunner[53720:2f5db97] [com.zipkero.ResourceRunner:MonitoringScheduler] appended sample axis=NetworkActivitySource generation=2 collectionEpoch=0 appendedTotal=81
2026-10-03 12:50:05.291 Df ResourceRunner[53720:2f5daba] [com.zipkero.ResourceRunner:CollectionPipeline] delivered axis=diskActivity epoch=0 status=rate
2026-10-03 12:50:05.291 Df ResourceRunner[53720:2f5dac4] [com.zipkero.ResourceRunner:MonitoringScheduler] appended sample axis=ProcessSurveySampleSource generation=2 collectionEpoch=0 appendedTotal=40
2026-10-03 12:50:05.292 Df ResourceRunner[53720:2f5daba] [com.zipkero.ResourceRunner:CollectionPipeline] delivered axis=networkActivity epoch=0 status=partial("물리 대상의 식별·연결·속도 일부를 확인하지 못했습니다")
2026-10-03 12:50:05.338 Df ResourceRunner[53720:2f5daba] [com.zipkero.ResourceRunner:CollectionPipeline] delivered axis=processSurvey epoch=0 failed=false
2026-10-03 12:50:06.247 Df ResourceRunner[53720:2f5dad7] [com.zipkero.ResourceRunner:MonitoringScheduler] appended sample axis=SystemMetricsSampleSource generation=2 collectionEpoch=0 appendedTotal=82
2026-10-03 12:50:06.252 Df ResourceRunner[53720:2f5db97] [com.zipkero.ResourceRunner:MonitoringScheduler] appended sample axis=DiskActivitySource generation=2 collectionEpoch=0 appendedTotal=82
2026-10-03 12:50:06.252 Df ResourceRunner[53720:2f5db97] [com.zipkero.ResourceRunner:MonitoringScheduler] appended sample axis=NetworkActivitySource generation=2 collectionEpoch=0 appendedTotal=82
2026-10-03 12:50:06.288 Df ResourceRunner[53720:2f5daba] [com.zipkero.ResourceRunner:CollectionPipeline] delivered axis=diskActivity epoch=0 status=rate
2026-10-03 12:50:06.288 Df ResourceRunner[53720:2f5daba] [com.zipkero.ResourceRunner:CollectionPipeline] delivered axis=networkActivity epoch=0 status=partial("물리 대상의 식별·연결·속도 일부를 확인하지 못했습니다")
2026-10-03 12:50:07.219 Df ResourceRunner[53720:2f5dad7] [com.zipkero.ResourceRunner:MonitoringScheduler] appended sample axis=SystemMetricsSampleSource generation=2 collectionEpoch=0 appendedTotal=83
2026-10-03 12:50:07.225 Df ResourceRunner[53720:2f5daef] [com.zipkero.ResourceRunner:MonitoringScheduler] appended sample axis=DiskActivitySource generation=2 collectionEpoch=0 appendedTotal=83
2026-10-03 12:50:07.225 Df ResourceRunner[53720:2f5daef] [com.zipkero.ResourceRunner:MonitoringScheduler] appended sample axis=NetworkActivitySource generation=2 collectionEpoch=0 appendedTotal=83
2026-10-03 12:50:07.233 Df ResourceRunner[53720:2f5dac3] [com.zipkero.ResourceRunner:MonitoringScheduler] appended sample axis=ProcessSurveySampleSource generation=2 collectionEpoch=0 appendedTotal=41
2026-10-03 12:50:07.275 Df ResourceRunner[53720:2f5daba] [com.zipkero.ResourceRunner:CollectionPipeline] delivered axis=diskActivity epoch=0 status=rate
2026-10-03 12:50:07.275 Df ResourceRunner[53720:2f5daba] [com.zipkero.ResourceRunner:CollectionPipeline] delivered axis=networkActivity epoch=0 status=partial("물리 대상의 식별·연결·속도 일부를 확인하지 못했습니다")
2026-10-03 12:50:07.275 Df ResourceRunner[53720:2f5daba] [com.zipkero.ResourceRunner:CollectionPipeline] delivered axis=processSurvey epoch=0 failed=false
2026-10-03 12:50:08.275 Df ResourceRunner[53720:2f5daef] [com.zipkero.ResourceRunner:MonitoringScheduler] appended sample axis=SystemMetricsSampleSource generation=2 collectionEpoch=0 appendedTotal=84
2026-10-03 12:50:08.287 Df ResourceRunner[53720:2f5daef] [com.zipkero.ResourceRunner:MonitoringScheduler] appended sample axis=DiskActivitySource generation=2 collectionEpoch=0 appendedTotal=84
2026-10-03 12:50:08.288 Df ResourceRunner[53720:2f5dad7] [com.zipkero.ResourceRunner:MonitoringScheduler] appended sample axis=NetworkActivitySource generation=2 collectionEpoch=0 appendedTotal=84
2026-10-03 12:50:08.354 Df ResourceRunner[53720:2f5daba] [com.zipkero.ResourceRunner:CollectionPipeline] delivered axis=diskActivity epoch=0 status=rate
2026-10-03 12:50:08.354 Df ResourceRunner[53720:2f5daba] [com.zipkero.ResourceRunner:CollectionPipeline] delivered axis=networkActivity epoch=0 status=partial("물리 대상의 식별·연결·속도 일부를 확인하지 못했습니다")
2026-10-03 12:50:09.265 Df ResourceRunner[53720:2f5dac3] [com.zipkero.ResourceRunner:MonitoringScheduler] appended sample axis=SystemMetricsSampleSource generation=2 collectionEpoch=0 appendedTotal=85
2026-10-03 12:50:09.272 Df ResourceRunner[53720:2f5e62c] [com.zipkero.ResourceRunner:MonitoringScheduler] appended sample axis=DiskActivitySource generation=2 collectionEpoch=0 appendedTotal=85
2026-10-03 12:50:09.272 Df ResourceRunner[53720:2f5dad7] [com.zipkero.ResourceRunner:MonitoringScheduler] appended sample axis=NetworkActivitySource generation=2 collectionEpoch=0 appendedTotal=85
2026-10-03 12:50:09.280 Df ResourceRunner[53720:2f5dac4] [com.zipkero.ResourceRunner:MonitoringScheduler] appended sample axis=ProcessSurveySampleSource generation=2 collectionEpoch=0 appendedTotal=42
2026-10-03 12:50:09.320 Df ResourceRunner[53720:2f5daba] [com.zipkero.ResourceRunner:CollectionPipeline] delivered axis=diskActivity epoch=0 status=rate
2026-10-03 12:50:09.320 Df ResourceRunner[53720:2f5daba] [com.zipkero.ResourceRunner:CollectionPipeline] delivered axis=networkActivity epoch=0 status=partial("물리 대상의 식별·연결·속도 일부를 확인하지 못했습니다")
2026-10-03 12:50:09.320 Df ResourceRunner[53720:2f5daba] [com.zipkero.ResourceRunner:CollectionPipeline] delivered axis=processSurvey epoch=0 failed=false
2026-10-03 12:50:10.272 Df ResourceRunner[53720:2f5dad7] [com.zipkero.ResourceRunner:MonitoringScheduler] appended sample axis=SystemMetricsSampleSource generation=2 collectionEpoch=0 appendedTotal=86
2026-10-03 12:50:10.284 Df ResourceRunner[53720:2f5dad7] [com.zipkero.ResourceRunner:MonitoringScheduler] appended sample axis=DiskActivitySource generation=2 collectionEpoch=0 appendedTotal=86
2026-10-03 12:50:10.284 Df ResourceRunner[53720:2f5dad7] [com.zipkero.ResourceRunner:MonitoringScheduler] appended sample axis=NetworkActivitySource generation=2 collectionEpoch=0 appendedTotal=86
2026-10-03 12:50:10.353 Df ResourceRunner[53720:2f5daba] [com.zipkero.ResourceRunner:CollectionPipeline] delivered axis=diskActivity epoch=0 status=rate
2026-10-03 12:50:10.353 Df ResourceRunner[53720:2f5daba] [com.zipkero.ResourceRunner:CollectionPipeline] delivered axis=networkActivity epoch=0 status=partial("물리 대상의 식별·연결·속도 일부를 확인하지 못했습니다")
2026-10-03 12:50:11.220 Df ResourceRunner[53720:2f5dade] [com.zipkero.ResourceRunner:MonitoringScheduler] appended sample axis=SystemMetricsSampleSource generation=2 collectionEpoch=0 appendedTotal=87
2026-10-03 12:50:11.228 Df ResourceRunner[53720:2f5e62c] [com.zipkero.ResourceRunner:MonitoringScheduler] appended sample axis=DiskActivitySource generation=2 collectionEpoch=0 appendedTotal=87
2026-10-03 12:50:11.228 Df ResourceRunner[53720:2f5e62c] [com.zipkero.ResourceRunner:MonitoringScheduler] appended sample axis=NetworkActivitySource generation=2 collectionEpoch=0 appendedTotal=87
2026-10-03 12:50:11.243 Df ResourceRunner[53720:2f5daba] [com.zipkero.ResourceRunner:CollectionPipeline] delivered axis=diskActivity epoch=0 status=rate
2026-10-03 12:50:11.243 Df ResourceRunner[53720:2f5daba] [com.zipkero.ResourceRunner:CollectionPipeline] delivered axis=networkActivity epoch=0 status=partial("물리 대상의 식별·연결·속도 일부를 확인하지 못했습니다")
2026-10-03 12:50:11.244 Df ResourceRunner[53720:2f5e62c] [com.zipkero.ResourceRunner:MonitoringScheduler] appended sample axis=ProcessSurveySampleSource generation=2 collectionEpoch=0 appendedTotal=43
2026-10-03 12:50:11.292 Df ResourceRunner[53720:2f5daba] [com.zipkero.ResourceRunner:CollectionPipeline] delivered axis=processSurvey epoch=0 failed=false
2026-10-03 12:50:12.275 Df ResourceRunner[53720:2f5dade] [com.zipkero.ResourceRunner:MonitoringScheduler] appended sample axis=SystemMetricsSampleSource generation=2 collectionEpoch=0 appendedTotal=88
2026-10-03 12:50:12.286 Df ResourceRunner[53720:2f5dade] [com.zipkero.ResourceRunner:MonitoringScheduler] appended sample axis=DiskActivitySource generation=2 collectionEpoch=0 appendedTotal=88
2026-10-03 12:50:12.286 Df ResourceRunner[53720:2f5dade] [com.zipkero.ResourceRunner:MonitoringScheduler] appended sample axis=NetworkActivitySource generation=2 collectionEpoch=0 appendedTotal=88
2026-10-03 12:50:12.357 Df ResourceRunner[53720:2f5daba] [com.zipkero.ResourceRunner:CollectionPipeline] delivered axis=diskActivity epoch=0 status=rate
2026-10-03 12:50:12.357 Df ResourceRunner[53720:2f5daba] [com.zipkero.ResourceRunner:CollectionPipeline] delivered axis=networkActivity epoch=0 status=partial("물리 대상의 식별·연결·속도 일부를 확인하지 못했습니다")
2026-10-03 12:50:13.269 Df ResourceRunner[53720:2f5dac4] [com.zipkero.ResourceRunner:MonitoringScheduler] appended sample axis=SystemMetricsSampleSource generation=2 collectionEpoch=0 appendedTotal=89
2026-10-03 12:50:13.280 Df ResourceRunner[53720:2f5dade] [com.zipkero.ResourceRunner:MonitoringScheduler] appended sample axis=DiskActivitySource generation=2 collectionEpoch=0 appendedTotal=89
2026-10-03 12:50:13.280 Df ResourceRunner[53720:2f5dade] [com.zipkero.ResourceRunner:MonitoringScheduler] appended sample axis=NetworkActivitySource generation=2 collectionEpoch=0 appendedTotal=89
2026-10-03 12:50:13.298 Df ResourceRunner[53720:2f5dad7] [com.zipkero.ResourceRunner:MonitoringScheduler] appended sample axis=ProcessSurveySampleSource generation=2 collectionEpoch=0 appendedTotal=44
2026-10-03 12:50:13.349 Df ResourceRunner[53720:2f5daba] [com.zipkero.ResourceRunner:CollectionPipeline] delivered axis=diskActivity epoch=0 status=rate
2026-10-03 12:50:13.349 Df ResourceRunner[53720:2f5daba] [com.zipkero.ResourceRunner:CollectionPipeline] delivered axis=networkActivity epoch=0 status=partial("물리 대상의 식별·연결·속도 일부를 확인하지 못했습니다")
2026-10-03 12:50:13.349 Df ResourceRunner[53720:2f5daba] [com.zipkero.ResourceRunner:CollectionPipeline] delivered axis=processSurvey epoch=0 failed=false
2026-10-03 12:50:14.257 Df ResourceRunner[53720:2f5dac3] [com.zipkero.ResourceRunner:MonitoringScheduler] appended sample axis=SystemMetricsSampleSource generation=2 collectionEpoch=0 appendedTotal=90
2026-10-03 12:50:14.268 Df ResourceRunner[53720:2f5dac4] [com.zipkero.ResourceRunner:MonitoringScheduler] appended sample axis=DiskActivitySource generation=2 collectionEpoch=0 appendedTotal=90
2026-10-03 12:50:14.269 Df ResourceRunner[53720:2f5dac4] [com.zipkero.ResourceRunner:MonitoringScheduler] appended sample axis=NetworkActivitySource generation=2 collectionEpoch=0 appendedTotal=90
2026-10-03 12:50:14.336 Df ResourceRunner[53720:2f5daba] [com.zipkero.ResourceRunner:CollectionPipeline] delivered axis=diskActivity epoch=0 status=rate
2026-10-03 12:50:14.336 Df ResourceRunner[53720:2f5daba] [com.zipkero.ResourceRunner:CollectionPipeline] delivered axis=networkActivity epoch=0 status=partial("물리 대상의 식별·연결·속도 일부를 확인하지 못했습니다")
2026-10-03 12:50:15.223 Df ResourceRunner[53720:2f5e62c] [com.zipkero.ResourceRunner:MonitoringScheduler] appended sample axis=SystemMetricsSampleSource generation=2 collectionEpoch=0 appendedTotal=91
2026-10-03 12:50:15.227 Df ResourceRunner[53720:2f5daef] [com.zipkero.ResourceRunner:MonitoringScheduler] appended sample axis=DiskActivitySource generation=2 collectionEpoch=0 appendedTotal=91
2026-10-03 12:50:15.228 Df ResourceRunner[53720:2f5daef] [com.zipkero.ResourceRunner:MonitoringScheduler] appended sample axis=NetworkActivitySource generation=2 collectionEpoch=0 appendedTotal=91
2026-10-03 12:50:15.234 Df ResourceRunner[53720:2f5dad7] [com.zipkero.ResourceRunner:MonitoringScheduler] appended sample axis=ProcessSurveySampleSource generation=2 collectionEpoch=0 appendedTotal=45
2026-10-03 12:50:15.261 Df ResourceRunner[53720:2f5daba] [com.zipkero.ResourceRunner:CollectionPipeline] delivered axis=diskActivity epoch=0 status=rate
2026-10-03 12:50:15.261 Df ResourceRunner[53720:2f5daba] [com.zipkero.ResourceRunner:CollectionPipeline] delivered axis=networkActivity epoch=0 status=partial("물리 대상의 식별·연결·속도 일부를 확인하지 못했습니다")
2026-10-03 12:50:15.261 Df ResourceRunner[53720:2f5daba] [com.zipkero.ResourceRunner:CollectionPipeline] delivered axis=processSurvey epoch=0 failed=false
2026-10-03 12:50:15.290 Df ResourceRunner[53720:2f5daba] [com.zipkero.ResourceRunner:CollectionPipeline] delivered axis=storageMetadata epoch=0 result=available revision=1 devices=1
2026-10-03 12:50:15.291 Df ResourceRunner[53720:2f5daba] [com.zipkero.ResourceRunner:CollectionPipeline] delivered axis=networkMetadata epoch=0 result=available revision=26 records=26
2026-10-03 12:50:16.277 Df ResourceRunner[53720:2f5dac4] [com.zipkero.ResourceRunner:MonitoringScheduler] appended sample axis=SystemMetricsSampleSource generation=2 collectionEpoch=0 appendedTotal=92
2026-10-03 12:50:16.277 Df ResourceRunner[53720:2f5dac4] [com.zipkero.ResourceRunner:MonitoringScheduler] appended sample axis=DiskActivitySource generation=2 collectionEpoch=0 appendedTotal=92
2026-10-03 12:50:16.278 Df ResourceRunner[53720:2f5dac3] [com.zipkero.ResourceRunner:MonitoringScheduler] appended sample axis=NetworkActivitySource generation=2 collectionEpoch=0 appendedTotal=92
2026-10-03 12:50:16.303 Df ResourceRunner[53720:2f5daba] [com.zipkero.ResourceRunner:CollectionPipeline] delivered axis=diskActivity epoch=0 status=rate
2026-10-03 12:50:16.304 Df ResourceRunner[53720:2f5daba] [com.zipkero.ResourceRunner:CollectionPipeline] delivered axis=networkActivity epoch=0 status=partial("물리 대상의 식별·연결·속도 일부를 확인하지 못했습니다")
2026-10-03 12:50:17.224 Df ResourceRunner[53720:2f5db97] [com.zipkero.ResourceRunner:MonitoringScheduler] appended sample axis=SystemMetricsSampleSource generation=2 collectionEpoch=0 appendedTotal=93
2026-10-03 12:50:17.235 Df ResourceRunner[53720:2f5dac4] [com.zipkero.ResourceRunner:MonitoringScheduler] appended sample axis=DiskActivitySource generation=2 collectionEpoch=0 appendedTotal=93
2026-10-03 12:50:17.235 Df ResourceRunner[53720:2f5dac4] [com.zipkero.ResourceRunner:MonitoringScheduler] appended sample axis=NetworkActivitySource generation=2 collectionEpoch=0 appendedTotal=93
2026-10-03 12:50:17.251 Df ResourceRunner[53720:2f5dac4] [com.zipkero.ResourceRunner:MonitoringScheduler] appended sample axis=ProcessSurveySampleSource generation=2 collectionEpoch=0 appendedTotal=46
2026-10-03 12:50:17.284 Df ResourceRunner[53720:2f5daba] [com.zipkero.ResourceRunner:CollectionPipeline] delivered axis=diskActivity epoch=0 status=rate
2026-10-03 12:50:17.284 Df ResourceRunner[53720:2f5daba] [com.zipkero.ResourceRunner:CollectionPipeline] delivered axis=networkActivity epoch=0 status=partial("물리 대상의 식별·연결·속도 일부를 확인하지 못했습니다")
2026-10-03 12:50:17.285 Df ResourceRunner[53720:2f5daba] [com.zipkero.ResourceRunner:CollectionPipeline] delivered axis=processSurvey epoch=0 failed=false
2026-10-03 12:50:18.275 Df ResourceRunner[53720:2f5dac4] [com.zipkero.ResourceRunner:MonitoringScheduler] appended sample axis=SystemMetricsSampleSource generation=2 collectionEpoch=0 appendedTotal=94
2026-10-03 12:50:18.280 Df ResourceRunner[53720:2f5dac4] [com.zipkero.ResourceRunner:MonitoringScheduler] appended sample axis=DiskActivitySource generation=2 collectionEpoch=0 appendedTotal=94
2026-10-03 12:50:18.280 Df ResourceRunner[53720:2f5dade] [com.zipkero.ResourceRunner:MonitoringScheduler] appended sample axis=NetworkActivitySource generation=2 collectionEpoch=0 appendedTotal=94
2026-10-03 12:50:18.326 Df ResourceRunner[53720:2f5daba] [com.zipkero.ResourceRunner:CollectionPipeline] delivered axis=diskActivity epoch=0 status=rate
2026-10-03 12:50:18.326 Df ResourceRunner[53720:2f5daba] [com.zipkero.ResourceRunner:CollectionPipeline] delivered axis=networkActivity epoch=0 status=partial("물리 대상의 식별·연결·속도 일부를 확인하지 못했습니다")
2026-10-03 12:50:19.256 Df ResourceRunner[53720:2f5daef] [com.zipkero.ResourceRunner:MonitoringScheduler] appended sample axis=SystemMetricsSampleSource generation=2 collectionEpoch=0 appendedTotal=95
2026-10-03 12:50:19.268 Df ResourceRunner[53720:2f5dac4] [com.zipkero.ResourceRunner:MonitoringScheduler] appended sample axis=DiskActivitySource generation=2 collectionEpoch=0 appendedTotal=95
2026-10-03 12:50:19.268 Df ResourceRunner[53720:2f5dad7] [com.zipkero.ResourceRunner:MonitoringScheduler] appended sample axis=NetworkActivitySource generation=2 collectionEpoch=0 appendedTotal=95
2026-10-03 12:50:19.280 Df ResourceRunner[53720:2f5dad7] [com.zipkero.ResourceRunner:MonitoringScheduler] appended sample axis=ProcessSurveySampleSource generation=2 collectionEpoch=0 appendedTotal=47
2026-10-03 12:50:19.335 Df ResourceRunner[53720:2f5daba] [com.zipkero.ResourceRunner:CollectionPipeline] delivered axis=diskActivity epoch=0 status=rate
2026-10-03 12:50:19.335 Df ResourceRunner[53720:2f5daba] [com.zipkero.ResourceRunner:CollectionPipeline] delivered axis=networkActivity epoch=0 status=partial("물리 대상의 식별·연결·속도 일부를 확인하지 못했습니다")
2026-10-03 12:50:19.335 Df ResourceRunner[53720:2f5daba] [com.zipkero.ResourceRunner:CollectionPipeline] delivered axis=processSurvey epoch=0 failed=false
2026-10-03 12:50:20.267 Df ResourceRunner[53720:2f5dade] [com.zipkero.ResourceRunner:MonitoringScheduler] appended sample axis=SystemMetricsSampleSource generation=2 collectionEpoch=0 appendedTotal=96
2026-10-03 12:50:20.275 Df ResourceRunner[53720:2f5dade] [com.zipkero.ResourceRunner:MonitoringScheduler] appended sample axis=NetworkActivitySource generation=2 collectionEpoch=0 appendedTotal=96
2026-10-03 12:50:20.275 Df ResourceRunner[53720:2f5dad7] [com.zipkero.ResourceRunner:MonitoringScheduler] appended sample axis=DiskActivitySource generation=2 collectionEpoch=0 appendedTotal=96
2026-10-03 12:50:20.345 Df ResourceRunner[53720:2f5daba] [com.zipkero.ResourceRunner:CollectionPipeline] delivered axis=networkActivity epoch=0 status=partial("물리 대상의 식별·연결·속도 일부를 확인하지 못했습니다")
2026-10-03 12:50:20.345 Df ResourceRunner[53720:2f5daba] [com.zipkero.ResourceRunner:CollectionPipeline] delivered axis=diskActivity epoch=0 status=rate
2026-10-03 12:50:21.217 Df ResourceRunner[53720:2f5daba] [com.zipkero.ResourceRunner:CollectionPipeline] delivered axis=diskActivity epoch=0 status=rate
2026-10-03 12:50:21.227 Df ResourceRunner[53720:2f5dac4] [com.zipkero.ResourceRunner:MonitoringScheduler] appended sample axis=DiskActivitySource generation=2 collectionEpoch=0 appendedTotal=97
2026-10-03 12:50:21.227 Df ResourceRunner[53720:2f5dac4] [com.zipkero.ResourceRunner:MonitoringScheduler] appended sample axis=SystemMetricsSampleSource generation=2 collectionEpoch=0 appendedTotal=97
2026-10-03 12:50:21.227 Df ResourceRunner[53720:2f5dac4] [com.zipkero.ResourceRunner:MonitoringScheduler] appended sample axis=NetworkActivitySource generation=2 collectionEpoch=0 appendedTotal=97
2026-10-03 12:50:21.241 Df ResourceRunner[53720:2f5dac4] [com.zipkero.ResourceRunner:MonitoringScheduler] appended sample axis=ProcessSurveySampleSource generation=2 collectionEpoch=0 appendedTotal=48
2026-10-03 12:50:21.278 Df ResourceRunner[53720:2f5daba] [com.zipkero.ResourceRunner:CollectionPipeline] delivered axis=networkActivity epoch=0 status=partial("물리 대상의 식별·연결·속도 일부를 확인하지 못했습니다")
2026-10-03 12:50:21.314 Df ResourceRunner[53720:2f5daba] [com.zipkero.ResourceRunner:CollectionPipeline] delivered axis=processSurvey epoch=0 failed=false
2026-10-03 12:50:22.227 Df ResourceRunner[53720:2f5db97] [com.zipkero.ResourceRunner:MonitoringScheduler] appended sample axis=DiskActivitySource generation=2 collectionEpoch=0 appendedTotal=98
2026-10-03 12:50:22.227 Df ResourceRunner[53720:2f5dac4] [com.zipkero.ResourceRunner:MonitoringScheduler] appended sample axis=SystemMetricsSampleSource generation=2 collectionEpoch=0 appendedTotal=98
2026-10-03 12:50:22.228 Df ResourceRunner[53720:2f5dac3] [com.zipkero.ResourceRunner:MonitoringScheduler] appended sample axis=NetworkActivitySource generation=2 collectionEpoch=0 appendedTotal=98
2026-10-03 12:50:22.240 Df ResourceRunner[53720:2f5daba] [com.zipkero.ResourceRunner:CollectionPipeline] delivered axis=diskActivity epoch=0 status=rate
2026-10-03 12:50:22.240 Df ResourceRunner[53720:2f5daba] [com.zipkero.ResourceRunner:CollectionPipeline] delivered axis=networkActivity epoch=0 status=partial("물리 대상의 식별·연결·속도 일부를 확인하지 못했습니다")
2026-10-03 12:50:23.277 Df ResourceRunner[53720:2f5dade] [com.zipkero.ResourceRunner:MonitoringScheduler] appended sample axis=SystemMetricsSampleSource generation=2 collectionEpoch=0 appendedTotal=99
2026-10-03 12:50:23.280 Df ResourceRunner[53720:2f5dade] [com.zipkero.ResourceRunner:MonitoringScheduler] appended sample axis=DiskActivitySource generation=2 collectionEpoch=0 appendedTotal=99
2026-10-03 12:50:23.280 Df ResourceRunner[53720:2f5e62c] [com.zipkero.ResourceRunner:MonitoringScheduler] appended sample axis=NetworkActivitySource generation=2 collectionEpoch=0 appendedTotal=99
2026-10-03 12:50:23.289 Df ResourceRunner[53720:2f5dac3] [com.zipkero.ResourceRunner:MonitoringScheduler] appended sample axis=ProcessSurveySampleSource generation=2 collectionEpoch=0 appendedTotal=49
2026-10-03 12:50:23.338 Df ResourceRunner[53720:2f5daba] [com.zipkero.ResourceRunner:CollectionPipeline] delivered axis=diskActivity epoch=0 status=rate
2026-10-03 12:50:23.338 Df ResourceRunner[53720:2f5daba] [com.zipkero.ResourceRunner:CollectionPipeline] delivered axis=networkActivity epoch=0 status=partial("물리 대상의 식별·연결·속도 일부를 확인하지 못했습니다")
2026-10-03 12:50:23.338 Df ResourceRunner[53720:2f5daba] [com.zipkero.ResourceRunner:CollectionPipeline] delivered axis=processSurvey epoch=0 failed=false
2026-10-03 12:50:24.237 Df ResourceRunner[53720:2f5dad7] [com.zipkero.ResourceRunner:MonitoringScheduler] appended sample axis=SystemMetricsSampleSource generation=2 collectionEpoch=0 appendedTotal=100
2026-10-03 12:50:24.247 Df ResourceRunner[53720:2f5dad7] [com.zipkero.ResourceRunner:MonitoringScheduler] appended sample axis=DiskActivitySource generation=2 collectionEpoch=0 appendedTotal=100
2026-10-03 12:50:24.247 Df ResourceRunner[53720:2f5dad7] [com.zipkero.ResourceRunner:MonitoringScheduler] appended sample axis=NetworkActivitySource generation=2 collectionEpoch=0 appendedTotal=100
2026-10-03 12:50:24.306 Df ResourceRunner[53720:2f5daba] [com.zipkero.ResourceRunner:CollectionPipeline] delivered axis=diskActivity epoch=0 status=rate
2026-10-03 12:50:24.306 Df ResourceRunner[53720:2f5daba] [com.zipkero.ResourceRunner:CollectionPipeline] delivered axis=networkActivity epoch=0 status=partial("물리 대상의 식별·연결·속도 일부를 확인하지 못했습니다")
2026-10-03 12:50:25.278 Df ResourceRunner[53720:2f5daef] [com.zipkero.ResourceRunner:MonitoringScheduler] appended sample axis=SystemMetricsSampleSource generation=2 collectionEpoch=0 appendedTotal=101
2026-10-03 12:50:25.286 Df ResourceRunner[53720:2f5dade] [com.zipkero.ResourceRunner:MonitoringScheduler] appended sample axis=DiskActivitySource generation=2 collectionEpoch=0 appendedTotal=101
2026-10-03 12:50:25.286 Df ResourceRunner[53720:2f5dade] [com.zipkero.ResourceRunner:MonitoringScheduler] appended sample axis=NetworkActivitySource generation=2 collectionEpoch=0 appendedTotal=101
2026-10-03 12:50:25.299 Df ResourceRunner[53720:2f5dade] [com.zipkero.ResourceRunner:MonitoringScheduler] appended sample axis=ProcessSurveySampleSource generation=2 collectionEpoch=0 appendedTotal=50
2026-10-03 12:50:25.350 Df ResourceRunner[53720:2f5daba] [com.zipkero.ResourceRunner:CollectionPipeline] delivered axis=diskActivity epoch=0 status=rate
2026-10-03 12:50:25.350 Df ResourceRunner[53720:2f5daba] [com.zipkero.ResourceRunner:CollectionPipeline] delivered axis=networkActivity epoch=0 status=partial("물리 대상의 식별·연결·속도 일부를 확인하지 못했습니다")
2026-10-03 12:50:25.351 Df ResourceRunner[53720:2f5daba] [com.zipkero.ResourceRunner:CollectionPipeline] delivered axis=processSurvey epoch=0 failed=false
2026-10-03 12:50:26.271 Df ResourceRunner[53720:2f5dad7] [com.zipkero.ResourceRunner:MonitoringScheduler] appended sample axis=SystemMetricsSampleSource generation=2 collectionEpoch=0 appendedTotal=102
2026-10-03 12:50:26.283 Df ResourceRunner[53720:2f5dad7] [com.zipkero.ResourceRunner:MonitoringScheduler] appended sample axis=DiskActivitySource generation=2 collectionEpoch=0 appendedTotal=102
2026-10-03 12:50:26.284 Df ResourceRunner[53720:2f5dad7] [com.zipkero.ResourceRunner:MonitoringScheduler] appended sample axis=NetworkActivitySource generation=2 collectionEpoch=0 appendedTotal=102
2026-10-03 12:50:26.350 Df ResourceRunner[53720:2f5daba] [com.zipkero.ResourceRunner:CollectionPipeline] delivered axis=diskActivity epoch=0 status=rate
2026-10-03 12:50:26.350 Df ResourceRunner[53720:2f5daba] [com.zipkero.ResourceRunner:CollectionPipeline] delivered axis=networkActivity epoch=0 status=partial("물리 대상의 식별·연결·속도 일부를 확인하지 못했습니다")
2026-10-03 12:50:27.221 Df ResourceRunner[53720:2f5daef] [com.zipkero.ResourceRunner:MonitoringScheduler] appended sample axis=SystemMetricsSampleSource generation=2 collectionEpoch=0 appendedTotal=103
2026-10-03 12:50:27.227 Df ResourceRunner[53720:2f5dade] [com.zipkero.ResourceRunner:MonitoringScheduler] appended sample axis=DiskActivitySource generation=2 collectionEpoch=0 appendedTotal=103
2026-10-03 12:50:27.227 Df ResourceRunner[53720:2f5daef] [com.zipkero.ResourceRunner:MonitoringScheduler] appended sample axis=NetworkActivitySource generation=2 collectionEpoch=0 appendedTotal=103
2026-10-03 12:50:27.234 Df ResourceRunner[53720:2f5db97] [com.zipkero.ResourceRunner:MonitoringScheduler] appended sample axis=ProcessSurveySampleSource generation=2 collectionEpoch=0 appendedTotal=51
2026-10-03 12:50:27.264 Df ResourceRunner[53720:2f5daba] [com.zipkero.ResourceRunner:CollectionPipeline] delivered axis=diskActivity epoch=0 status=rate
2026-10-03 12:50:27.264 Df ResourceRunner[53720:2f5daba] [com.zipkero.ResourceRunner:CollectionPipeline] delivered axis=networkActivity epoch=0 status=partial("물리 대상의 식별·연결·속도 일부를 확인하지 못했습니다")
2026-10-03 12:50:27.264 Df ResourceRunner[53720:2f5daba] [com.zipkero.ResourceRunner:CollectionPipeline] delivered axis=processSurvey epoch=0 failed=false
2026-10-03 12:50:28.275 Df ResourceRunner[53720:2f5daef] [com.zipkero.ResourceRunner:MonitoringScheduler] appended sample axis=SystemMetricsSampleSource generation=2 collectionEpoch=0 appendedTotal=104
2026-10-03 12:50:28.275 Df ResourceRunner[53720:2f5daef] [com.zipkero.ResourceRunner:MonitoringScheduler] appended sample axis=DiskActivitySource generation=2 collectionEpoch=0 appendedTotal=104
2026-10-03 12:50:28.277 Df ResourceRunner[53720:2f5daef] [com.zipkero.ResourceRunner:MonitoringScheduler] appended sample axis=NetworkActivitySource generation=2 collectionEpoch=0 appendedTotal=104
2026-10-03 12:50:28.288 Df ResourceRunner[53720:2f5daba] [com.zipkero.ResourceRunner:CollectionPipeline] delivered axis=diskActivity epoch=0 status=rate
2026-10-03 12:50:28.288 Df ResourceRunner[53720:2f5daba] [com.zipkero.ResourceRunner:CollectionPipeline] delivered axis=networkActivity epoch=0 status=partial("물리 대상의 식별·연결·속도 일부를 확인하지 못했습니다")
2026-10-03 12:50:29.269 Df ResourceRunner[53720:2f5e62c] [com.zipkero.ResourceRunner:MonitoringScheduler] appended sample axis=SystemMetricsSampleSource generation=2 collectionEpoch=0 appendedTotal=105
2026-10-03 12:50:29.287 Df ResourceRunner[53720:2f5dade] [com.zipkero.ResourceRunner:MonitoringScheduler] appended sample axis=DiskActivitySource generation=2 collectionEpoch=0 appendedTotal=105
2026-10-03 12:50:29.287 Df ResourceRunner[53720:2f5dade] [com.zipkero.ResourceRunner:MonitoringScheduler] appended sample axis=NetworkActivitySource generation=2 collectionEpoch=0 appendedTotal=105
2026-10-03 12:50:29.298 Df ResourceRunner[53720:2f5daef] [com.zipkero.ResourceRunner:MonitoringScheduler] appended sample axis=ProcessSurveySampleSource generation=2 collectionEpoch=0 appendedTotal=52
2026-10-03 12:50:29.350 Df ResourceRunner[53720:2f5daba] [com.zipkero.ResourceRunner:CollectionPipeline] delivered axis=diskActivity epoch=0 status=rate
2026-10-03 12:50:29.351 Df ResourceRunner[53720:2f5daba] [com.zipkero.ResourceRunner:CollectionPipeline] delivered axis=networkActivity epoch=0 status=partial("물리 대상의 식별·연결·속도 일부를 확인하지 못했습니다")
2026-10-03 12:50:29.351 Df ResourceRunner[53720:2f5daba] [com.zipkero.ResourceRunner:CollectionPipeline] delivered axis=processSurvey epoch=0 failed=false
2026-10-03 12:50:30.266 Df ResourceRunner[53720:2f5dade] [com.zipkero.ResourceRunner:MonitoringScheduler] appended sample axis=SystemMetricsSampleSource generation=2 collectionEpoch=0 appendedTotal=106
2026-10-03 12:50:30.281 Df ResourceRunner[53720:2f5dad7] [com.zipkero.ResourceRunner:MonitoringScheduler] appended sample axis=DiskActivitySource generation=2 collectionEpoch=0 appendedTotal=106
2026-10-03 12:50:30.281 Df ResourceRunner[53720:2f5dade] [com.zipkero.ResourceRunner:MonitoringScheduler] appended sample axis=NetworkActivitySource generation=2 collectionEpoch=0 appendedTotal=106
2026-10-03 12:50:30.347 Df ResourceRunner[53720:2f5daba] [com.zipkero.ResourceRunner:CollectionPipeline] delivered axis=diskActivity epoch=0 status=rate
2026-10-03 12:50:30.347 Df ResourceRunner[53720:2f5daba] [com.zipkero.ResourceRunner:CollectionPipeline] delivered axis=networkActivity epoch=0 status=partial("물리 대상의 식별·연결·속도 일부를 확인하지 못했습니다")
2026-10-03 12:50:31.268 Df ResourceRunner[53720:2f5dad7] [com.zipkero.ResourceRunner:MonitoringScheduler] appended sample axis=SystemMetricsSampleSource generation=2 collectionEpoch=0 appendedTotal=107
2026-10-03 12:50:31.276 Df ResourceRunner[53720:2f5db97] [com.zipkero.ResourceRunner:MonitoringScheduler] appended sample axis=DiskActivitySource generation=2 collectionEpoch=0 appendedTotal=107
2026-10-03 12:50:31.276 Df ResourceRunner[53720:2f5db97] [com.zipkero.ResourceRunner:MonitoringScheduler] appended sample axis=NetworkActivitySource generation=2 collectionEpoch=0 appendedTotal=107
2026-10-03 12:50:31.292 Df ResourceRunner[53720:2f5db97] [com.zipkero.ResourceRunner:MonitoringScheduler] appended sample axis=ProcessSurveySampleSource generation=2 collectionEpoch=0 appendedTotal=53
2026-10-03 12:50:31.343 Df ResourceRunner[53720:2f5daba] [com.zipkero.ResourceRunner:CollectionPipeline] delivered axis=diskActivity epoch=0 status=rate
2026-10-03 12:50:31.344 Df ResourceRunner[53720:2f5daba] [com.zipkero.ResourceRunner:CollectionPipeline] delivered axis=networkActivity epoch=0 status=partial("물리 대상의 식별·연결·속도 일부를 확인하지 못했습니다")
2026-10-03 12:50:31.344 Df ResourceRunner[53720:2f5daba] [com.zipkero.ResourceRunner:CollectionPipeline] delivered axis=processSurvey epoch=0 failed=false
2026-10-03 12:50:32.270 Df ResourceRunner[53720:2f5daef] [com.zipkero.ResourceRunner:MonitoringScheduler] appended sample axis=SystemMetricsSampleSource generation=2 collectionEpoch=0 appendedTotal=108
2026-10-03 12:50:32.279 Df ResourceRunner[53720:2f5dad7] [com.zipkero.ResourceRunner:MonitoringScheduler] appended sample axis=DiskActivitySource generation=2 collectionEpoch=0 appendedTotal=108
2026-10-03 12:50:32.279 Df ResourceRunner[53720:2f5dad7] [com.zipkero.ResourceRunner:MonitoringScheduler] appended sample axis=NetworkActivitySource generation=2 collectionEpoch=0 appendedTotal=108
2026-10-03 12:50:32.345 Df ResourceRunner[53720:2f5daba] [com.zipkero.ResourceRunner:CollectionPipeline] delivered axis=diskActivity epoch=0 status=rate
2026-10-03 12:50:32.345 Df ResourceRunner[53720:2f5daba] [com.zipkero.ResourceRunner:CollectionPipeline] delivered axis=networkActivity epoch=0 status=partial("물리 대상의 식별·연결·속도 일부를 확인하지 못했습니다")
2026-10-03 12:50:33.255 Df ResourceRunner[53720:2f5daef] [com.zipkero.ResourceRunner:MonitoringScheduler] appended sample axis=SystemMetricsSampleSource generation=2 collectionEpoch=0 appendedTotal=109
2026-10-03 12:50:33.263 Df ResourceRunner[53720:2f5daef] [com.zipkero.ResourceRunner:MonitoringScheduler] appended sample axis=NetworkActivitySource generation=2 collectionEpoch=0 appendedTotal=109
2026-10-03 12:50:33.264 Df ResourceRunner[53720:2f5daef] [com.zipkero.ResourceRunner:MonitoringScheduler] appended sample axis=DiskActivitySource generation=2 collectionEpoch=0 appendedTotal=109
2026-10-03 12:50:33.276 Df ResourceRunner[53720:2f5dade] [com.zipkero.ResourceRunner:MonitoringScheduler] appended sample axis=ProcessSurveySampleSource generation=2 collectionEpoch=0 appendedTotal=54
2026-10-03 12:50:33.327 Df ResourceRunner[53720:2f5daba] [com.zipkero.ResourceRunner:CollectionPipeline] delivered axis=networkActivity epoch=0 status=partial("물리 대상의 식별·연결·속도 일부를 확인하지 못했습니다")
2026-10-03 12:50:33.327 Df ResourceRunner[53720:2f5daba] [com.zipkero.ResourceRunner:CollectionPipeline] delivered axis=diskActivity epoch=0 status=rate
2026-10-03 12:50:33.328 Df ResourceRunner[53720:2f5daba] [com.zipkero.ResourceRunner:CollectionPipeline] delivered axis=processSurvey epoch=0 failed=false
2026-10-03 12:50:34.242 Df ResourceRunner[53720:2f5dad7] [com.zipkero.ResourceRunner:MonitoringScheduler] appended sample axis=SystemMetricsSampleSource generation=2 collectionEpoch=0 appendedTotal=110
2026-10-03 12:50:34.251 Df ResourceRunner[53720:2f5e62c] [com.zipkero.ResourceRunner:MonitoringScheduler] appended sample axis=DiskActivitySource generation=2 collectionEpoch=0 appendedTotal=110
2026-10-03 12:50:34.251 Df ResourceRunner[53720:2f5e62c] [com.zipkero.ResourceRunner:MonitoringScheduler] appended sample axis=NetworkActivitySource generation=2 collectionEpoch=0 appendedTotal=110
2026-10-03 12:50:34.324 Df ResourceRunner[53720:2f5daba] [com.zipkero.ResourceRunner:CollectionPipeline] delivered axis=diskActivity epoch=0 status=rate
2026-10-03 12:50:34.324 Df ResourceRunner[53720:2f5daba] [com.zipkero.ResourceRunner:CollectionPipeline] delivered axis=networkActivity epoch=0 status=partial("물리 대상의 식별·연결·속도 일부를 확인하지 못했습니다")
2026-10-03 12:50:35.277 Df ResourceRunner[53720:2f5dac3] [com.zipkero.ResourceRunner:MonitoringScheduler] appended sample axis=SystemMetricsSampleSource generation=2 collectionEpoch=0 appendedTotal=111
2026-10-03 12:50:35.284 Df ResourceRunner[53720:2f5dade] [com.zipkero.ResourceRunner:MonitoringScheduler] appended sample axis=NetworkActivitySource generation=2 collectionEpoch=0 appendedTotal=111
2026-10-03 12:50:35.284 Df ResourceRunner[53720:2f5dade] [com.zipkero.ResourceRunner:MonitoringScheduler] appended sample axis=DiskActivitySource generation=2 collectionEpoch=0 appendedTotal=111
2026-10-03 12:50:35.297 Df ResourceRunner[53720:2f5dade] [com.zipkero.ResourceRunner:MonitoringScheduler] appended sample axis=ProcessSurveySampleSource generation=2 collectionEpoch=0 appendedTotal=55
2026-10-03 12:50:35.297 Df ResourceRunner[53720:2f5daba] [com.zipkero.ResourceRunner:CollectionPipeline] delivered axis=networkActivity epoch=0 status=partial("물리 대상의 식별·연결·속도 일부를 확인하지 못했습니다")
2026-10-03 12:50:35.297 Df ResourceRunner[53720:2f5daba] [com.zipkero.ResourceRunner:CollectionPipeline] delivered axis=diskActivity epoch=0 status=rate
2026-10-03 12:50:35.341 Df ResourceRunner[53720:2f5daba] [com.zipkero.ResourceRunner:CollectionPipeline] delivered axis=processSurvey epoch=0 failed=false
2026-10-03 12:50:36.269 Df ResourceRunner[53720:2f5dac3] [com.zipkero.ResourceRunner:MonitoringScheduler] appended sample axis=SystemMetricsSampleSource generation=2 collectionEpoch=0 appendedTotal=112
2026-10-03 12:50:36.281 Df ResourceRunner[53720:2f5e62c] [com.zipkero.ResourceRunner:MonitoringScheduler] appended sample axis=DiskActivitySource generation=2 collectionEpoch=0 appendedTotal=112
2026-10-03 12:50:36.282 Df ResourceRunner[53720:2f5dac3] [com.zipkero.ResourceRunner:MonitoringScheduler] appended sample axis=NetworkActivitySource generation=2 collectionEpoch=0 appendedTotal=112
2026-10-03 12:50:36.353 Df ResourceRunner[53720:2f5daba] [com.zipkero.ResourceRunner:CollectionPipeline] delivered axis=diskActivity epoch=0 status=rate
2026-10-03 12:50:36.353 Df ResourceRunner[53720:2f5daba] [com.zipkero.ResourceRunner:CollectionPipeline] delivered axis=networkActivity epoch=0 status=partial("물리 대상의 식별·연결·속도 일부를 확인하지 못했습니다")
2026-10-03 12:50:37.229 Df ResourceRunner[53720:2f5db97] [com.zipkero.ResourceRunner:MonitoringScheduler] appended sample axis=SystemMetricsSampleSource generation=2 collectionEpoch=0 appendedTotal=113
2026-10-03 12:50:37.239 Df ResourceRunner[53720:2f5db97] [com.zipkero.ResourceRunner:MonitoringScheduler] appended sample axis=DiskActivitySource generation=2 collectionEpoch=0 appendedTotal=113
2026-10-03 12:50:37.241 Df ResourceRunner[53720:2f5db97] [com.zipkero.ResourceRunner:MonitoringScheduler] appended sample axis=NetworkActivitySource generation=2 collectionEpoch=0 appendedTotal=113
2026-10-03 12:50:37.253 Df ResourceRunner[53720:2f5dac3] [com.zipkero.ResourceRunner:MonitoringScheduler] appended sample axis=ProcessSurveySampleSource generation=2 collectionEpoch=0 appendedTotal=56
2026-10-03 12:50:37.293 Df ResourceRunner[53720:2f5daba] [com.zipkero.ResourceRunner:CollectionPipeline] delivered axis=diskActivity epoch=0 status=rate
2026-10-03 12:50:37.294 Df ResourceRunner[53720:2f5daba] [com.zipkero.ResourceRunner:CollectionPipeline] delivered axis=networkActivity epoch=0 status=partial("물리 대상의 식별·연결·속도 일부를 확인하지 못했습니다")
2026-10-03 12:50:37.294 Df ResourceRunner[53720:2f5daba] [com.zipkero.ResourceRunner:CollectionPipeline] delivered axis=processSurvey epoch=0 failed=false
2026-10-03 12:50:38.246 Df ResourceRunner[53720:2f5dad7] [com.zipkero.ResourceRunner:MonitoringScheduler] appended sample axis=SystemMetricsSampleSource generation=2 collectionEpoch=0 appendedTotal=114
2026-10-03 12:50:38.247 Df ResourceRunner[53720:2f5db97] [com.zipkero.ResourceRunner:MonitoringScheduler] appended sample axis=DiskActivitySource generation=2 collectionEpoch=0 appendedTotal=114
2026-10-03 12:50:38.248 Df ResourceRunner[53720:2f5daef] [com.zipkero.ResourceRunner:MonitoringScheduler] appended sample axis=NetworkActivitySource generation=2 collectionEpoch=0 appendedTotal=114
2026-10-03 12:50:38.256 Df ResourceRunner[53720:2f5daba] [com.zipkero.ResourceRunner:CollectionPipeline] delivered axis=diskActivity epoch=0 status=rate
2026-10-03 12:50:38.257 Df ResourceRunner[53720:2f5daba] [com.zipkero.ResourceRunner:CollectionPipeline] delivered axis=networkActivity epoch=0 status=partial("물리 대상의 식별·연결·속도 일부를 확인하지 못했습니다")
2026-10-03 12:50:39.269 Df ResourceRunner[53720:2f5dac4] [com.zipkero.ResourceRunner:MonitoringScheduler] appended sample axis=SystemMetricsSampleSource generation=2 collectionEpoch=0 appendedTotal=115
2026-10-03 12:50:39.274 Df ResourceRunner[53720:2f5dad7] [com.zipkero.ResourceRunner:MonitoringScheduler] appended sample axis=DiskActivitySource generation=2 collectionEpoch=0 appendedTotal=115
2026-10-03 12:50:39.274 Df ResourceRunner[53720:2f5dac3] [com.zipkero.ResourceRunner:MonitoringScheduler] appended sample axis=NetworkActivitySource generation=2 collectionEpoch=0 appendedTotal=115
2026-10-03 12:50:39.280 Df ResourceRunner[53720:2f5dac3] [com.zipkero.ResourceRunner:MonitoringScheduler] appended sample axis=ProcessSurveySampleSource generation=2 collectionEpoch=0 appendedTotal=57
2026-10-03 12:50:39.317 Df ResourceRunner[53720:2f5daba] [com.zipkero.ResourceRunner:CollectionPipeline] delivered axis=diskActivity epoch=0 status=rate
2026-10-03 12:50:39.317 Df ResourceRunner[53720:2f5daba] [com.zipkero.ResourceRunner:CollectionPipeline] delivered axis=networkActivity epoch=0 status=partial("물리 대상의 식별·연결·속도 일부를 확인하지 못했습니다")
2026-10-03 12:50:39.317 Df ResourceRunner[53720:2f5daba] [com.zipkero.ResourceRunner:CollectionPipeline] delivered axis=processSurvey epoch=0 failed=false
2026-10-03 12:50:40.270 Df ResourceRunner[53720:2f5e62c] [com.zipkero.ResourceRunner:MonitoringScheduler] appended sample axis=SystemMetricsSampleSource generation=2 collectionEpoch=0 appendedTotal=116
2026-10-03 12:50:40.280 Df ResourceRunner[53720:2f5daef] [com.zipkero.ResourceRunner:MonitoringScheduler] appended sample axis=DiskActivitySource generation=2 collectionEpoch=0 appendedTotal=116
2026-10-03 12:50:40.280 Df ResourceRunner[53720:2f5daef] [com.zipkero.ResourceRunner:MonitoringScheduler] appended sample axis=NetworkActivitySource generation=2 collectionEpoch=0 appendedTotal=116
2026-10-03 12:50:40.348 Df ResourceRunner[53720:2f5daba] [com.zipkero.ResourceRunner:CollectionPipeline] delivered axis=diskActivity epoch=0 status=rate
2026-10-03 12:50:40.348 Df ResourceRunner[53720:2f5daba] [com.zipkero.ResourceRunner:CollectionPipeline] delivered axis=networkActivity epoch=0 status=partial("물리 대상의 식별·연결·속도 일부를 확인하지 못했습니다")
2026-10-03 12:50:41.101 Df ResourceRunner[53720:2f5daba] [com.zipkero.ResourceRunner:CollectionPipeline] delivered axis=networkMetadata epoch=0 result=available revision=91 records=26
2026-10-03 12:50:41.139 Df ResourceRunner[53720:2f5daba] [com.zipkero.ResourceRunner:CollectionPipeline] delivered axis=networkMetadata epoch=0 result=available revision=91 records=26
2026-10-03 12:50:41.211 Df ResourceRunner[53720:2f5dade] [com.zipkero.ResourceRunner:MonitoringScheduler] appended sample axis=SystemMetricsSampleSource generation=2 collectionEpoch=0 appendedTotal=117
2026-10-03 12:50:41.217 Df ResourceRunner[53720:2f5daef] [com.zipkero.ResourceRunner:MonitoringScheduler] appended sample axis=DiskActivitySource generation=2 collectionEpoch=0 appendedTotal=117
2026-10-03 12:50:41.217 Df ResourceRunner[53720:2f5daef] [com.zipkero.ResourceRunner:MonitoringScheduler] appended sample axis=NetworkActivitySource generation=2 collectionEpoch=0 appendedTotal=117
2026-10-03 12:50:41.225 Df ResourceRunner[53720:2f5daef] [com.zipkero.ResourceRunner:MonitoringScheduler] appended sample axis=ProcessSurveySampleSource generation=2 collectionEpoch=0 appendedTotal=58
2026-10-03 12:50:41.232 Df ResourceRunner[53720:2f5daba] [com.zipkero.ResourceRunner:CollectionPipeline] delivered axis=diskActivity epoch=0 status=rate
2026-10-03 12:50:41.233 Df ResourceRunner[53720:2f5daba] [com.zipkero.ResourceRunner:CollectionPipeline] delivered axis=networkActivity epoch=0 status=baselineOnly(ResourceRunner.NetworkBaselineReason.topologyChanged)
2026-10-03 12:50:41.282 Df ResourceRunner[53720:2f5daba] [com.zipkero.ResourceRunner:CollectionPipeline] delivered axis=processSurvey epoch=0 failed=false
2026-10-03 12:50:42.225 Df ResourceRunner[53720:2f5dad7] [com.zipkero.ResourceRunner:MonitoringScheduler] appended sample axis=SystemMetricsSampleSource generation=2 collectionEpoch=0 appendedTotal=118
2026-10-03 12:50:42.225 Df ResourceRunner[53720:2f5dade] [com.zipkero.ResourceRunner:MonitoringScheduler] appended sample axis=DiskActivitySource generation=2 collectionEpoch=0 appendedTotal=118
2026-10-03 12:50:42.229 Df ResourceRunner[53720:2f5dad7] [com.zipkero.ResourceRunner:MonitoringScheduler] appended sample axis=NetworkActivitySource generation=2 collectionEpoch=0 appendedTotal=118
2026-10-03 12:50:42.241 Df ResourceRunner[53720:2f5daba] [com.zipkero.ResourceRunner:CollectionPipeline] delivered axis=diskActivity epoch=0 status=rate
2026-10-03 12:50:42.241 Df ResourceRunner[53720:2f5daba] [com.zipkero.ResourceRunner:CollectionPipeline] delivered axis=networkActivity epoch=0 status=partial("물리 대상의 식별·연결·속도 일부를 확인하지 못했습니다")
2026-10-03 12:50:43.240 Df ResourceRunner[53720:2f5dac4] [com.zipkero.ResourceRunner:MonitoringScheduler] appended sample axis=SystemMetricsSampleSource generation=2 collectionEpoch=0 appendedTotal=119
2026-10-03 12:50:43.256 Df ResourceRunner[53720:2f5e62c] [com.zipkero.ResourceRunner:MonitoringScheduler] appended sample axis=DiskActivitySource generation=2 collectionEpoch=0 appendedTotal=119
2026-10-03 12:50:43.256 Df ResourceRunner[53720:2f5e62c] [com.zipkero.ResourceRunner:MonitoringScheduler] appended sample axis=NetworkActivitySource generation=2 collectionEpoch=0 appendedTotal=119
2026-10-03 12:50:43.266 Df ResourceRunner[53720:2f5daef] [com.zipkero.ResourceRunner:MonitoringScheduler] appended sample axis=ProcessSurveySampleSource generation=2 collectionEpoch=0 appendedTotal=59
2026-10-03 12:50:43.317 Df ResourceRunner[53720:2f5daba] [com.zipkero.ResourceRunner:CollectionPipeline] delivered axis=diskActivity epoch=0 status=rate
2026-10-03 12:50:43.317 Df ResourceRunner[53720:2f5daba] [com.zipkero.ResourceRunner:CollectionPipeline] delivered axis=networkActivity epoch=0 status=partial("물리 대상의 식별·연결·속도 일부를 확인하지 못했습니다")
2026-10-03 12:50:43.317 Df ResourceRunner[53720:2f5daba] [com.zipkero.ResourceRunner:CollectionPipeline] delivered axis=processSurvey epoch=0 failed=false
2026-10-03 12:50:44.273 Df ResourceRunner[53720:2f5dade] [com.zipkero.ResourceRunner:MonitoringScheduler] appended sample axis=SystemMetricsSampleSource generation=2 collectionEpoch=0 appendedTotal=120
2026-10-03 12:50:44.274 Df ResourceRunner[53720:2f5dade] [com.zipkero.ResourceRunner:MonitoringScheduler] appended sample axis=DiskActivitySource generation=2 collectionEpoch=0 appendedTotal=120
2026-10-03 12:50:44.284 Df ResourceRunner[53720:2f5daba] [com.zipkero.ResourceRunner:CollectionPipeline] delivered axis=diskActivity epoch=0 status=rate
2026-10-03 12:50:44.284 Df ResourceRunner[53720:2f5dac4] [com.zipkero.ResourceRunner:MonitoringScheduler] appended sample axis=NetworkActivitySource generation=2 collectionEpoch=0 appendedTotal=120
2026-10-03 12:50:44.342 Df ResourceRunner[53720:2f5daba] [com.zipkero.ResourceRunner:CollectionPipeline] delivered axis=networkActivity epoch=0 status=partial("물리 대상의 식별·연결·속도 일부를 확인하지 못했습니다")
2026-10-03 12:50:45.271 Df ResourceRunner[53720:2f5dac3] [com.zipkero.ResourceRunner:MonitoringScheduler] appended sample axis=SystemMetricsSampleSource generation=2 collectionEpoch=0 appendedTotal=121
2026-10-03 12:50:45.290 Df ResourceRunner[53720:2f5dac4] [com.zipkero.ResourceRunner:MonitoringScheduler] appended sample axis=DiskActivitySource generation=2 collectionEpoch=0 appendedTotal=121
2026-10-03 12:50:45.290 Df ResourceRunner[53720:2f5dade] [com.zipkero.ResourceRunner:MonitoringScheduler] appended sample axis=NetworkActivitySource generation=2 collectionEpoch=0 appendedTotal=121
2026-10-03 12:50:45.303 Df ResourceRunner[53720:2f5daef] [com.zipkero.ResourceRunner:MonitoringScheduler] appended sample axis=ProcessSurveySampleSource generation=2 collectionEpoch=0 appendedTotal=60
2026-10-03 12:50:45.352 Df ResourceRunner[53720:2f5daba] [com.zipkero.ResourceRunner:CollectionPipeline] delivered axis=diskActivity epoch=0 status=rate
2026-10-03 12:50:45.352 Df ResourceRunner[53720:2f5daba] [com.zipkero.ResourceRunner:CollectionPipeline] delivered axis=networkActivity epoch=0 status=partial("물리 대상의 식별·연결·속도 일부를 확인하지 못했습니다")
2026-10-03 12:50:45.352 Df ResourceRunner[53720:2f5daba] [com.zipkero.ResourceRunner:CollectionPipeline] delivered axis=storageMetadata epoch=0 result=available revision=1 devices=1
2026-10-03 12:50:45.352 Df ResourceRunner[53720:2f5daba] [com.zipkero.ResourceRunner:CollectionPipeline] delivered axis=networkMetadata epoch=0 result=available revision=91 records=26
2026-10-03 12:50:45.352 Df ResourceRunner[53720:2f5daba] [com.zipkero.ResourceRunner:CollectionPipeline] delivered axis=processSurvey epoch=0 failed=false
2026-10-03 12:50:46.235 Df ResourceRunner[53720:2f5dade] [com.zipkero.ResourceRunner:MonitoringScheduler] appended sample axis=SystemMetricsSampleSource generation=2 collectionEpoch=0 appendedTotal=122
2026-10-03 12:50:46.250 Df ResourceRunner[53720:2f5dac3] [com.zipkero.ResourceRunner:MonitoringScheduler] appended sample axis=DiskActivitySource generation=2 collectionEpoch=0 appendedTotal=122
2026-10-03 12:50:46.250 Df ResourceRunner[53720:2f5dac3] [com.zipkero.ResourceRunner:MonitoringScheduler] appended sample axis=NetworkActivitySource generation=2 collectionEpoch=0 appendedTotal=122
2026-10-03 12:50:46.267 Df ResourceRunner[53720:2f5daba] [com.zipkero.ResourceRunner:CollectionPipeline] delivered axis=diskActivity epoch=0 status=rate
2026-10-03 12:50:46.267 Df ResourceRunner[53720:2f5daba] [com.zipkero.ResourceRunner:CollectionPipeline] delivered axis=networkActivity epoch=0 status=partial("물리 대상의 식별·연결·속도 일부를 확인하지 못했습니다")
2026-10-03 12:50:47.272 Df ResourceRunner[53720:2f5dade] [com.zipkero.ResourceRunner:MonitoringScheduler] appended sample axis=SystemMetricsSampleSource generation=2 collectionEpoch=0 appendedTotal=123
2026-10-03 12:50:47.280 Df ResourceRunner[53720:2f5dac4] [com.zipkero.ResourceRunner:MonitoringScheduler] appended sample axis=DiskActivitySource generation=2 collectionEpoch=0 appendedTotal=123
2026-10-03 12:50:47.280 Df ResourceRunner[53720:2f5dac4] [com.zipkero.ResourceRunner:MonitoringScheduler] appended sample axis=NetworkActivitySource generation=2 collectionEpoch=0 appendedTotal=123
2026-10-03 12:50:47.292 Df ResourceRunner[53720:2f5dac4] [com.zipkero.ResourceRunner:MonitoringScheduler] appended sample axis=ProcessSurveySampleSource generation=2 collectionEpoch=0 appendedTotal=61
2026-10-03 12:50:47.341 Df ResourceRunner[53720:2f5daba] [com.zipkero.ResourceRunner:CollectionPipeline] delivered axis=diskActivity epoch=0 status=rate
2026-10-03 12:50:47.341 Df ResourceRunner[53720:2f5daba] [com.zipkero.ResourceRunner:CollectionPipeline] delivered axis=networkActivity epoch=0 status=partial("물리 대상의 식별·연결·속도 일부를 확인하지 못했습니다")
2026-10-03 12:50:47.341 Df ResourceRunner[53720:2f5daba] [com.zipkero.ResourceRunner:CollectionPipeline] delivered axis=processSurvey epoch=0 failed=false
2026-10-03 12:50:48.236 Df ResourceRunner[53720:2f5dade] [com.zipkero.ResourceRunner:MonitoringScheduler] appended sample axis=SystemMetricsSampleSource generation=2 collectionEpoch=0 appendedTotal=124
2026-10-03 12:50:48.242 Df ResourceRunner[53720:2f5dac4] [com.zipkero.ResourceRunner:MonitoringScheduler] appended sample axis=NetworkActivitySource generation=2 collectionEpoch=0 appendedTotal=124
2026-10-03 12:50:48.243 Df ResourceRunner[53720:2f5dade] [com.zipkero.ResourceRunner:MonitoringScheduler] appended sample axis=DiskActivitySource generation=2 collectionEpoch=0 appendedTotal=124
2026-10-03 12:50:48.299 Df ResourceRunner[53720:2f5daba] [com.zipkero.ResourceRunner:CollectionPipeline] delivered axis=networkActivity epoch=0 status=partial("물리 대상의 식별·연결·속도 일부를 확인하지 못했습니다")
2026-10-03 12:50:48.299 Df ResourceRunner[53720:2f5daba] [com.zipkero.ResourceRunner:CollectionPipeline] delivered axis=diskActivity epoch=0 status=rate
2026-10-03 12:50:49.230 Df ResourceRunner[53720:2f5daef] [com.zipkero.ResourceRunner:MonitoringScheduler] appended sample axis=SystemMetricsSampleSource generation=2 collectionEpoch=0 appendedTotal=125
2026-10-03 12:50:49.233 Df ResourceRunner[53720:2f5daef] [com.zipkero.ResourceRunner:MonitoringScheduler] appended sample axis=DiskActivitySource generation=2 collectionEpoch=0 appendedTotal=125
2026-10-03 12:50:49.233 Df ResourceRunner[53720:2f5daef] [com.zipkero.ResourceRunner:MonitoringScheduler] appended sample axis=NetworkActivitySource generation=2 collectionEpoch=0 appendedTotal=125
2026-10-03 12:50:49.237 Df ResourceRunner[53720:2f5db97] [com.zipkero.ResourceRunner:MonitoringScheduler] appended sample axis=ProcessSurveySampleSource generation=2 collectionEpoch=0 appendedTotal=62
2026-10-03 12:50:49.265 Df ResourceRunner[53720:2f5daba] [com.zipkero.ResourceRunner:CollectionPipeline] delivered axis=diskActivity epoch=0 status=rate
2026-10-03 12:50:49.265 Df ResourceRunner[53720:2f5daba] [com.zipkero.ResourceRunner:CollectionPipeline] delivered axis=networkActivity epoch=0 status=partial("물리 대상의 식별·연결·속도 일부를 확인하지 못했습니다")
2026-10-03 12:50:49.265 Df ResourceRunner[53720:2f5daba] [com.zipkero.ResourceRunner:CollectionPipeline] delivered axis=processSurvey epoch=0 failed=false
