Command line invocation:
    /Applications/Xcode.app/Contents/Developer/usr/bin/xcodebuild -project ResourceRunner.xcodeproj -scheme ResourceRunner -configuration Debug -derivedDataPath /tmp/rr-task018-ui -resultBundlePath /tmp/rr-task018-ui-full.xcresult -parallel-testing-enabled NO "-only-testing:ResourceRunnerUITests" test

2026-10-03 13:19:25.986 xcodebuild[88366:49763615] [MT] IDERunDestination: Supported platforms for the buildables in the current scheme is empty.
Writing result bundle at path:
	/tmp/rr-task018-ui-full.xcresult

--- xcodebuild: WARNING: Using the first of multiple matching destinations:
{ platform:macOS, arch:arm64, id:00006034-000811520144001C, name:My Mac }
{ platform:macOS, name:Any Mac }
ComputePackagePrebuildTargetDependencyGraph

Prepare packages

CreateBuildRequest

SendProjectDescription

CreateBuildOperation

ComputeTargetDependencyGraph
note: Building targets in dependency order
note: Target dependency graph (3 targets)
    Target 'ResourceRunnerUITests' in project 'ResourceRunner'
        ➜ Explicit dependency on target 'ResourceRunner' in project 'ResourceRunner'
    Target 'ResourceRunnerTests' in project 'ResourceRunner'
        ➜ Explicit dependency on target 'ResourceRunner' in project 'ResourceRunner'
    Target 'ResourceRunner' in project 'ResourceRunner' (no dependencies)

GatherProvisioningInputs

CreateBuildDescription

ExecuteExternalTool /Applications/Xcode.app/Contents/Developer/Toolchains/XcodeDefault.xctoolchain/usr/bin/clang -v -E -dM -isysroot /Applications/Xcode.app/Contents/Developer/Platforms/MacOSX.platform/Developer/SDKs/MacOSX26.5.sdk -x c -c /dev/null

ExecuteExternalTool /Applications/Xcode.app/Contents/Developer/Toolchains/XcodeDefault.xctoolchain/usr/bin/swiftc --version

ExecuteExternalTool /Applications/Xcode.app/Contents/Developer/usr/bin/actool --version --output-format xml1

ExecuteExternalTool /Applications/Xcode.app/Contents/Developer/Toolchains/XcodeDefault.xctoolchain/usr/bin/ld -version_details

Build description signature: 6846f35366ff67b0a25f4f793766171e
Build description path: /tmp/rr-task018-ui/Build/Intermediates.noindex/XCBuildData/6846f35366ff67b0a25f4f793766171e.xcbuilddata
ClangStatCache /Applications/Xcode.app/Contents/Developer/Toolchains/XcodeDefault.xctoolchain/usr/bin/clang-stat-cache /Applications/Xcode.app/Contents/Developer/Platforms/MacOSX.platform/Developer/SDKs/MacOSX26.5.sdk /tmp/rr-task018-ui/SDKStatCaches.noindex/macosx26.5-25F70-e082c4a02f00227109f4ed75e425c832.sdkstatcache
    cd /Users/zipkero/XcodeProjects/ResourceRunner/ResourceRunner.xcodeproj
    /Applications/Xcode.app/Contents/Developer/Toolchains/XcodeDefault.xctoolchain/usr/bin/clang-stat-cache /Applications/Xcode.app/Contents/Developer/Platforms/MacOSX.platform/Developer/SDKs/MacOSX26.5.sdk -o /tmp/rr-task018-ui/SDKStatCaches.noindex/macosx26.5-25F70-e082c4a02f00227109f4ed75e425c832.sdkstatcache

CopySwiftLibs /tmp/rr-task018-ui/Build/Products/Debug/ResourceRunner.app (in target 'ResourceRunner' from project 'ResourceRunner')
    cd /Users/zipkero/XcodeProjects/ResourceRunner
    builtin-swiftStdLibTool --copy --verbose --sign - --scan-executable /tmp/rr-task018-ui/Build/Products/Debug/ResourceRunner.app/Contents/MacOS/ResourceRunner.debug.dylib --scan-folder /tmp/rr-task018-ui/Build/Products/Debug/ResourceRunner.app/Contents/Frameworks --scan-folder /tmp/rr-task018-ui/Build/Products/Debug/ResourceRunner.app/Contents/PlugIns --scan-folder /tmp/rr-task018-ui/Build/Products/Debug/ResourceRunner.app/Contents/Library/SystemExtensions --scan-folder /tmp/rr-task018-ui/Build/Products/Debug/ResourceRunner.app/Contents/Extensions --platform macosx --toolchain /Applications/Xcode.app/Contents/Developer/Toolchains/XcodeDefault.xctoolchain --destination /tmp/rr-task018-ui/Build/Products/Debug/ResourceRunner.app/Contents/Frameworks --strip-bitcode --strip-bitcode-tool /Applications/Xcode.app/Contents/Developer/Toolchains/XcodeDefault.xctoolchain/usr/bin/bitcode_strip --emit-dependency-info /tmp/rr-task018-ui/Build/Intermediates.noindex/ResourceRunner.build/Debug/ResourceRunner.build/SwiftStdLibToolInputDependencies.dep --filter-for-swift-os

ProcessInfoPlistFile /tmp/rr-task018-ui/Build/Products/Debug/ResourceRunner.app/Contents/Info.plist /tmp/rr-task018-ui/Build/Intermediates.noindex/ResourceRunner.build/Debug/ResourceRunner.build/empty-ResourceRunner.plist (in target 'ResourceRunner' from project 'ResourceRunner')
    cd /Users/zipkero/XcodeProjects/ResourceRunner
    builtin-infoPlistUtility /tmp/rr-task018-ui/Build/Intermediates.noindex/ResourceRunner.build/Debug/ResourceRunner.build/empty-ResourceRunner.plist -producttype com.apple.product-type.application -genpkginfo /tmp/rr-task018-ui/Build/Products/Debug/ResourceRunner.app/Contents/PkgInfo -expandbuildsettings -platform macosx -additionalcontentfile /tmp/rr-task018-ui/Build/Intermediates.noindex/ResourceRunner.build/Debug/ResourceRunner.build/assetcatalog_generated_info.plist -o /tmp/rr-task018-ui/Build/Products/Debug/ResourceRunner.app/Contents/Info.plist

ProcessInfoPlistFile /tmp/rr-task018-ui/Build/Products/Debug/ResourceRunner.app/Contents/PlugIns/ResourceRunnerTests.xctest/Contents/Info.plist /tmp/rr-task018-ui/Build/Intermediates.noindex/ResourceRunner.build/Debug/ResourceRunnerTests.build/empty-ResourceRunnerTests.plist (in target 'ResourceRunnerTests' from project 'ResourceRunner')
    cd /Users/zipkero/XcodeProjects/ResourceRunner
    builtin-infoPlistUtility /tmp/rr-task018-ui/Build/Intermediates.noindex/ResourceRunner.build/Debug/ResourceRunnerTests.build/empty-ResourceRunnerTests.plist -producttype com.apple.product-type.bundle.unit-test -expandbuildsettings -platform macosx -o /tmp/rr-task018-ui/Build/Products/Debug/ResourceRunner.app/Contents/PlugIns/ResourceRunnerTests.xctest/Contents/Info.plist

CopySwiftLibs /tmp/rr-task018-ui/Build/Products/Debug/ResourceRunner.app/Contents/PlugIns/ResourceRunnerTests.xctest (in target 'ResourceRunnerTests' from project 'ResourceRunner')
    cd /Users/zipkero/XcodeProjects/ResourceRunner
    builtin-swiftStdLibTool --copy --verbose --sign - --scan-executable /tmp/rr-task018-ui/Build/Products/Debug/ResourceRunner.app/Contents/PlugIns/ResourceRunnerTests.xctest/Contents/MacOS/ResourceRunnerTests --scan-folder /tmp/rr-task018-ui/Build/Products/Debug/ResourceRunner.app/Contents/PlugIns/ResourceRunnerTests.xctest/Contents/Frameworks --scan-folder /tmp/rr-task018-ui/Build/Products/Debug/ResourceRunner.app/Contents/PlugIns/ResourceRunnerTests.xctest/Contents/PlugIns --scan-folder /tmp/rr-task018-ui/Build/Products/Debug/ResourceRunner.app/Contents/PlugIns/ResourceRunnerTests.xctest/Contents/Library/SystemExtensions --scan-folder /tmp/rr-task018-ui/Build/Products/Debug/ResourceRunner.app/Contents/PlugIns/ResourceRunnerTests.xctest/Contents/Extensions --platform macosx --toolchain /Applications/Xcode.app/Contents/Developer/Toolchains/XcodeDefault.xctoolchain --destination /tmp/rr-task018-ui/Build/Products/Debug/ResourceRunner.app/Contents/PlugIns/ResourceRunnerTests.xctest/Contents/Frameworks --strip-bitcode --scan-executable /Applications/Xcode.app/Contents/Developer/Platforms/MacOSX.platform/Developer/usr/lib/libXCTestSwiftSupport.dylib --strip-bitcode-tool /Applications/Xcode.app/Contents/Developer/Toolchains/XcodeDefault.xctoolchain/usr/bin/bitcode_strip --emit-dependency-info /tmp/rr-task018-ui/Build/Intermediates.noindex/ResourceRunner.build/Debug/ResourceRunnerTests.build/SwiftStdLibToolInputDependencies.dep --filter-for-swift-os

CodeSign /tmp/rr-task018-ui/Build/Products/Debug/ResourceRunner.app/Contents/MacOS/ResourceRunner.debug.dylib (in target 'ResourceRunner' from project 'ResourceRunner')
    cd /Users/zipkero/XcodeProjects/ResourceRunner
    
    Signing Identity:     "Sign to Run Locally"
    
    /usr/bin/codesign --force --sign - --timestamp\=none --generate-entitlement-der /tmp/rr-task018-ui/Build/Products/Debug/ResourceRunner.app/Contents/MacOS/ResourceRunner.debug.dylib
/tmp/rr-task018-ui/Build/Products/Debug/ResourceRunner.app/Contents/MacOS/ResourceRunner.debug.dylib: replacing existing signature

CodeSign /tmp/rr-task018-ui/Build/Products/Debug/ResourceRunner.app/Contents/MacOS/__preview.dylib (in target 'ResourceRunner' from project 'ResourceRunner')
    cd /Users/zipkero/XcodeProjects/ResourceRunner
    
    Signing Identity:     "Sign to Run Locally"
    
    /usr/bin/codesign --force --sign - --timestamp\=none --generate-entitlement-der /tmp/rr-task018-ui/Build/Products/Debug/ResourceRunner.app/Contents/MacOS/__preview.dylib
/tmp/rr-task018-ui/Build/Products/Debug/ResourceRunner.app/Contents/MacOS/__preview.dylib: replacing existing signature

CodeSign /tmp/rr-task018-ui/Build/Products/Debug/ResourceRunner.app (in target 'ResourceRunner' from project 'ResourceRunner')
    cd /Users/zipkero/XcodeProjects/ResourceRunner
    
    Signing Identity:     "Sign to Run Locally"
    
    /usr/bin/codesign --force --sign - --entitlements /tmp/rr-task018-ui/Build/Intermediates.noindex/ResourceRunner.build/Debug/ResourceRunner.build/ResourceRunner.app.xcent --timestamp\=none --generate-entitlement-der /tmp/rr-task018-ui/Build/Products/Debug/ResourceRunner.app
/tmp/rr-task018-ui/Build/Products/Debug/ResourceRunner.app: replacing existing signature

Validate /tmp/rr-task018-ui/Build/Products/Debug/ResourceRunner.app (in target 'ResourceRunner' from project 'ResourceRunner')
    cd /Users/zipkero/XcodeProjects/ResourceRunner
    builtin-validationUtility /tmp/rr-task018-ui/Build/Products/Debug/ResourceRunner.app -no-validate-extension -infoplist-subpath Contents/Info.plist

RegisterWithLaunchServices /tmp/rr-task018-ui/Build/Products/Debug/ResourceRunner.app (in target 'ResourceRunner' from project 'ResourceRunner')
    cd /Users/zipkero/XcodeProjects/ResourceRunner
    /System/Library/Frameworks/CoreServices.framework/Versions/Current/Frameworks/LaunchServices.framework/Versions/Current/Support/lsregister -f -R -trusted /tmp/rr-task018-ui/Build/Products/Debug/ResourceRunner.app

note: Run script build phase 'Prepare expansion fixture' will be run during every build because the option to run the script phase "Based on dependency analysis" is unchecked. (in target 'ResourceRunnerUITests' from project 'ResourceRunner')
PhaseScriptExecution Prepare\ expansion\ fixture /tmp/rr-task018-ui/Build/Intermediates.noindex/ResourceRunner.build/Debug/ResourceRunnerUITests.build/Script-E20000000000000000000001.sh (in target 'ResourceRunnerUITests' from project 'ResourceRunner')
    cd /Users/zipkero/XcodeProjects/ResourceRunner
    export ACTION\=build
    export AD_HOC_CODE_SIGNING_ALLOWED\=YES
    export ALLOW_BUILD_REQUEST_OVERRIDES\=NO
    export ALLOW_TARGET_PLATFORM_SPECIALIZATION\=NO
    export ALTERNATE_GROUP\=staff
    export ALTERNATE_MODE\=u+w,go-w,a+rX
    export ALTERNATE_OWNER\=zipkero
    export ALTERNATIVE_DISTRIBUTION_WEB\=NO
    export ALWAYS_EMBED_SWIFT_STANDARD_LIBRARIES\=NO
    export ALWAYS_SEARCH_USER_PATHS\=NO
    export ALWAYS_USE_SEPARATE_HEADERMAPS\=NO
    export APPLICATION_EXTENSION_API_ONLY\=NO
    export APPLY_RULES_IN_COPY_FILES\=NO
    export APPLY_RULES_IN_COPY_HEADERS\=NO
    export APP_SHORTCUTS_ENABLE_FLEXIBLE_MATCHING\=YES
    export ARCHS\=arm64
    export ARCHS_BASE\=arm64
    export ARCHS_STANDARD\=arm64\ x86_64
    export ARCHS_STANDARD_32_64_BIT\=arm64\ x86_64\ i386
    export ARCHS_STANDARD_32_BIT\=i386
    export ARCHS_STANDARD_64_BIT\=arm64\ x86_64
    export ARCHS_STANDARD_INCLUDING_64_BIT\=arm64\ x86_64
    export ASSETCATALOG_COMPILER_GENERATE_SWIFT_ASSET_SYMBOL_EXTENSIONS\=YES
    export AUTOMATICALLY_MERGE_DEPENDENCIES\=NO
    export AUTOMATION_APPLE_EVENTS\=NO
    export AVAILABLE_PLATFORMS\=android\ appletvos\ appletvsimulator\ driverkit\ freebsd\ iphoneos\ iphonesimulator\ linux\ macosx\ none\ openbsd\ qnx\ watchos\ watchsimulator\ webassembly\ xros\ xrsimulator
    export BUILD_ACTIVE_RESOURCES_ONLY\=NO
    export BUILD_COMPONENTS\=headers\ build
    export BUILD_DIR\=/tmp/rr-task018-ui/Build/Products
    export BUILD_LIBRARY_FOR_DISTRIBUTION\=NO
    export BUILD_ONLY_KNOWN_LOCALIZATIONS\=NO
    export BUILD_ROOT\=/tmp/rr-task018-ui/Build/Products
    export BUILD_STYLE\=
    export BUILD_VARIANTS\=normal
    export BUILT_PRODUCTS_DIR\=/tmp/rr-task018-ui/Build/Products/Debug
    export BUNDLE_CONTENTS_FOLDER_PATH\=Contents/
    export BUNDLE_CONTENTS_FOLDER_PATH_deep\=Contents/
    export BUNDLE_EXECUTABLE_FOLDER_NAME_deep\=MacOS
    export BUNDLE_EXECUTABLE_FOLDER_PATH\=Contents/MacOS
    export BUNDLE_EXTENSIONS_FOLDER_PATH\=Contents/Extensions
    export BUNDLE_FORMAT\=deep
    export BUNDLE_FRAMEWORKS_FOLDER_PATH\=Contents/Frameworks
    export BUNDLE_PLUGINS_FOLDER_PATH\=Contents/PlugIns
    export BUNDLE_PRIVATE_HEADERS_FOLDER_PATH\=Contents/PrivateHeaders
    export BUNDLE_PUBLIC_HEADERS_FOLDER_PATH\=Contents/Headers
    export CACHE_ROOT\=/var/folders/dk/wdd8br81397gt8_3sby166cc0000gn/C/com.apple.DeveloperTools/26.6-17F113/Xcode
    export CCHROOT\=/var/folders/dk/wdd8br81397gt8_3sby166cc0000gn/C/com.apple.DeveloperTools/26.6-17F113/Xcode
    export CHMOD\=/bin/chmod
    export CHOWN\=chown
    export CLANG_ANALYZER_NONNULL\=YES
    export CLANG_ANALYZER_NUMBER_OBJECT_CONVERSION\=YES_AGGRESSIVE
    export CLANG_CACHE_FINE_GRAINED_OUTPUTS\=YES
    export CLANG_COVERAGE_MAPPING\=YES
    export CLANG_CXX_LANGUAGE_STANDARD\=gnu++20
    export CLANG_ENABLE_EXPLICIT_MODULES\=YES
    export CLANG_ENABLE_MODULES\=YES
    export CLANG_ENABLE_OBJC_ARC\=YES
    export CLANG_ENABLE_OBJC_WEAK\=YES
    export CLANG_MODULES_BUILD_SESSION_FILE\=/tmp/rr-task018-ui/ModuleCache.noindex/Session.modulevalidation
    export CLANG_PROFILE_DATA_DIRECTORY\=/tmp/rr-task018-ui/Build/ProfileData
    export CLANG_WARN_BLOCK_CAPTURE_AUTORELEASING\=YES
    export CLANG_WARN_BOOL_CONVERSION\=YES
    export CLANG_WARN_COMMA\=YES
    export CLANG_WARN_CONSTANT_CONVERSION\=YES
    export CLANG_WARN_DEPRECATED_OBJC_IMPLEMENTATIONS\=YES
    export CLANG_WARN_DIRECT_OBJC_ISA_USAGE\=YES_ERROR
    export CLANG_WARN_DOCUMENTATION_COMMENTS\=YES
    export CLANG_WARN_EMPTY_BODY\=YES
    export CLANG_WARN_ENUM_CONVERSION\=YES
    export CLANG_WARN_INFINITE_RECURSION\=YES
    export CLANG_WARN_INT_CONVERSION\=YES
    export CLANG_WARN_NON_LITERAL_NULL_CONVERSION\=YES
    export CLANG_WARN_OBJC_IMPLICIT_RETAIN_SELF\=YES
    export CLANG_WARN_OBJC_LITERAL_CONVERSION\=YES
    export CLANG_WARN_OBJC_ROOT_CLASS\=YES_ERROR
    export CLANG_WARN_QUOTED_INCLUDE_IN_FRAMEWORK_HEADER\=YES
    export CLANG_WARN_RANGE_LOOP_ANALYSIS\=YES
    export CLANG_WARN_STRICT_PROTOTYPES\=YES
    export CLANG_WARN_SUSPICIOUS_MOVE\=YES
    export CLANG_WARN_UNGUARDED_AVAILABILITY\=YES_AGGRESSIVE
    export CLANG_WARN_UNREACHABLE_CODE\=YES
    export CLANG_WARN__DUPLICATE_METHOD_MATCH\=YES
    export CLASS_FILE_DIR\=/tmp/rr-task018-ui/Build/Intermediates.noindex/ResourceRunner.build/Debug/ResourceRunnerUITests.build/JavaClasses
    export CLEAN_PRECOMPS\=YES
    export CLONE_HEADERS\=NO
    export CODESIGNING_FOLDER_PATH\=/tmp/rr-task018-ui/Build/Products/Debug/ResourceRunnerUITests-Runner.app/Contents/PlugIns/ResourceRunnerUITests.xctest
    export CODE_SIGNING_ALLOWED\=YES
    export CODE_SIGNING_REQUIRED\=YES
    export CODE_SIGN_IDENTITY\=-
    export CODE_SIGN_IDENTITY_NO\=Apple\ Development
    export CODE_SIGN_IDENTITY_YES\=-
    export CODE_SIGN_INJECT_BASE_ENTITLEMENTS\=YES
    export CODE_SIGN_STYLE\=Automatic
    export COLOR_DIAGNOSTICS\=NO
    export COMBINE_HIDPI_IMAGES\=NO
    export COMPILATION_CACHE_CAS_PATH\=/tmp/rr-task018-ui/CompilationCache.noindex
    export COMPILATION_CACHE_KEEP_CAS_DIRECTORY\=YES
    export COMPILER_INDEX_STORE_ENABLE\=Default
    export COMPOSITE_SDK_DIRS\=/tmp/rr-task018-ui/Build/Intermediates.noindex/CompositeSDKs
    export COMPRESS_PNG_FILES\=NO
    export CONFIGURATION\=Debug
    export CONFIGURATION_BUILD_DIR\=/tmp/rr-task018-ui/Build/Products/Debug
    export CONFIGURATION_TEMP_DIR\=/tmp/rr-task018-ui/Build/Intermediates.noindex/ResourceRunner.build/Debug
    export CONTENTS_FOLDER_PATH\=ResourceRunnerUITests.xctest/Contents
    export CONTENTS_FOLDER_PATH_SHALLOW_BUNDLE_NO\=ResourceRunnerUITests.xctest/Contents
    export CONTENTS_FOLDER_PATH_SHALLOW_BUNDLE_YES\=ResourceRunnerUITests.xctest
    export COPYING_PRESERVES_HFS_DATA\=NO
    export COPY_HEADERS_RUN_UNIFDEF\=NO
    export COPY_PHASE_STRIP\=NO
    export CP\=/bin/cp
    export CREATE_INFOPLIST_SECTION_IN_BINARY\=NO
    export CURRENT_ARCH\=undefined_arch
    export CURRENT_PROJECT_VERSION\=1
    export CURRENT_VARIANT\=normal
    export DEAD_CODE_STRIPPING\=NO
    export DEBUGGING_SYMBOLS\=YES
    export DEBUG_INFORMATION_FORMAT\=dwarf
    export DEBUG_INFORMATION_VERSION\=compiler-default
    export DEFAULT_COMPILER\=com.apple.compilers.llvm.clang.1_0
    export DEFAULT_DEXT_INSTALL_PATH\=/System/Library/DriverExtensions
    export DEFAULT_KEXT_INSTALL_PATH\=/System/Library/Extensions
    export DEFINES_MODULE\=NO
    export DEPLOYMENT_LOCATION\=NO
    export DEPLOYMENT_POSTPROCESSING\=NO
    export DEPLOYMENT_TARGET_SETTING_NAME\=MACOSX_DEPLOYMENT_TARGET
    export DEPLOYMENT_TARGET_SUGGESTED_VALUES\=10.13\ 10.14\ 10.15\ 11.0\ 11.1\ 11.2\ 11.3\ 11.4\ 11.5\ 12.0\ 12.2\ 12.3\ 12.4\ 13.0\ 13.1\ 13.2\ 13.3\ 13.4\ 13.5\ 14.0\ 14.1\ 14.2\ 14.3\ 14.4\ 14.5\ 14.6\ 15.0\ 15.1\ 15.2\ 15.3\ 15.4\ 15.5\ 15.6\ 26.0\ 26.1\ 26.2\ 26.3\ 26.4\ 26.5
    export DERIVED_FILES_DIR\=/tmp/rr-task018-ui/Build/Intermediates.noindex/ResourceRunner.build/Debug/ResourceRunnerUITests.build/DerivedSources
    export DERIVED_FILE_DIR\=/tmp/rr-task018-ui/Build/Intermediates.noindex/ResourceRunner.build/Debug/ResourceRunnerUITests.build/DerivedSources
    export DERIVED_SOURCES_DIR\=/tmp/rr-task018-ui/Build/Intermediates.noindex/ResourceRunner.build/Debug/ResourceRunnerUITests.build/DerivedSources
    export DEVELOPER_APPLICATIONS_DIR\=/Applications/Xcode.app/Contents/Developer/Applications
    export DEVELOPER_BIN_DIR\=/Applications/Xcode.app/Contents/Developer/usr/bin
    export DEVELOPER_DIR\=/Applications/Xcode.app/Contents/Developer
    export DEVELOPER_FRAMEWORKS_DIR\=/Applications/Xcode.app/Contents/Developer/Library/Frameworks
    export DEVELOPER_FRAMEWORKS_DIR_QUOTED\=/Applications/Xcode.app/Contents/Developer/Library/Frameworks
    export DEVELOPER_LIBRARY_DIR\=/Applications/Xcode.app/Contents/Developer/Library
    export DEVELOPER_SDK_DIR\=/Applications/Xcode.app/Contents/Developer/Platforms/MacOSX.platform/Developer/SDKs
    export DEVELOPER_TOOLS_DIR\=/Applications/Xcode.app/Contents/Developer/Tools
    export DEVELOPER_USR_DIR\=/Applications/Xcode.app/Contents/Developer/usr
    export DEVELOPMENT_LANGUAGE\=en
    export DIAGNOSE_MISSING_TARGET_DEPENDENCIES\=YES
    export DIFF\=/usr/bin/diff
    export DOCUMENTATION_FOLDER_PATH\=ResourceRunnerUITests.xctest/Contents/Resources/en.lproj/Documentation
    export DONT_GENERATE_INFOPLIST_FILE\=NO
    export DSTROOT\=/tmp/ResourceRunner.dst
    export DT_TOOLCHAIN_DIR\=/Applications/Xcode.app/Contents/Developer/Toolchains/XcodeDefault.xctoolchain
    export DUMP_DEPENDENCIES\=NO
    export DUMP_DEPENDENCIES_OUTPUT_PATH\=/tmp/rr-task018-ui/Build/Intermediates.noindex/ResourceRunner.build/Debug/ResourceRunnerUITests.build/ResourceRunnerUITests-BuildDependencyInfo.json
    export DWARF_DSYM_FILE_NAME\=ResourceRunnerUITests.xctest.dSYM
    export DWARF_DSYM_FILE_SHOULD_ACCOMPANY_PRODUCT\=NO
    export DWARF_DSYM_FOLDER_PATH\=/tmp/rr-task018-ui/Build/Products/Debug/ResourceRunnerUITests-Runner.app/Contents/PlugIns
    export DYNAMIC_LIBRARY_EXTENSION\=dylib
    export EAGER_COMPILATION_ALLOW_SCRIPTS\=NO
    export EAGER_LINKING\=NO
    export EFFECTIVE_SWIFT_VERSION\=5
    export EMBEDDED_CONTENT_CONTAINS_SWIFT\=NO
    export EMBEDDED_PROFILE_NAME\=embedded.provisionprofile
    export EMBED_ASSET_PACKS_IN_PRODUCT_BUNDLE\=NO
    export ENABLE_APP_SANDBOX\=NO
    export ENABLE_CODE_COVERAGE\=YES
    export ENABLE_COHORT_ARCHS\=NO
    export ENABLE_CPLUSPLUS_BOUNDS_SAFE_BUFFERS\=NO
    export ENABLE_C_BOUNDS_SAFETY\=NO
    export ENABLE_DEFAULT_HEADER_SEARCH_PATHS\=YES
    export ENABLE_DEFAULT_SEARCH_PATHS\=YES
    export ENABLE_ENHANCED_SECURITY\=NO
    export ENABLE_HARDENED_RUNTIME\=NO
    export ENABLE_HEADER_DEPENDENCIES\=YES
    export ENABLE_INCOMING_NETWORK_CONNECTIONS\=NO
    export ENABLE_ON_DEMAND_RESOURCES\=NO
    export ENABLE_OUTGOING_NETWORK_CONNECTIONS\=NO
    export ENABLE_POINTER_AUTHENTICATION\=NO
    export ENABLE_PREVIEWS\=NO
    export ENABLE_RESOURCE_ACCESS_AUDIO_INPUT\=NO
    export ENABLE_RESOURCE_ACCESS_BLUETOOTH\=NO
    export ENABLE_RESOURCE_ACCESS_CALENDARS\=NO
    export ENABLE_RESOURCE_ACCESS_CAMERA\=NO
    export ENABLE_RESOURCE_ACCESS_CONTACTS\=NO
    export ENABLE_RESOURCE_ACCESS_LOCATION\=NO
    export ENABLE_RESOURCE_ACCESS_PHOTO_LIBRARY\=NO
    export ENABLE_RESOURCE_ACCESS_PRINTING\=NO
    export ENABLE_RESOURCE_ACCESS_USB\=NO
    export ENABLE_SDK_IMPORTS\=NO
    export ENABLE_SECURITY_COMPILER_WARNINGS\=NO
    export ENABLE_STRICT_OBJC_MSGSEND\=YES
    export ENABLE_TESTABILITY\=YES
    export ENABLE_TESTING_SEARCH_PATHS\=YES
    export ENABLE_USER_SCRIPT_SANDBOXING\=NO
    export ENABLE_XOJIT_PREVIEWS\=YES
    export ENFORCE_VALID_ARCHS\=YES
    export ENTITLEMENTS_DESTINATION\=Signature
    export ENTITLEMENTS_REQUIRED\=YES
    export EXCLUDED_INSTALLSRC_SUBDIRECTORY_PATTERNS\=.DS_Store\ .svn\ .git\ .hg\ CVS
    export EXCLUDED_RECURSIVE_SEARCH_PATH_SUBDIRECTORIES\=\*.nib\ \*.lproj\ \*.framework\ \*.gch\ \*.xcode\*\ \*.xcassets\ \*.icon\ \(\*\)\ .DS_Store\ CVS\ .svn\ .git\ .hg\ \*.pbproj\ \*.pbxproj
    export EXECUTABLES_FOLDER_PATH\=ResourceRunnerUITests.xctest/Contents/Executables
    export EXECUTABLE_FOLDER_PATH\=ResourceRunnerUITests.xctest/Contents/MacOS
    export EXECUTABLE_FOLDER_PATH_SHALLOW_BUNDLE_NO\=ResourceRunnerUITests.xctest/Contents/MacOS
    export EXECUTABLE_FOLDER_PATH_SHALLOW_BUNDLE_YES\=ResourceRunnerUITests.xctest/Contents
    export EXECUTABLE_NAME\=ResourceRunnerUITests
    export EXECUTABLE_PATH\=ResourceRunnerUITests.xctest/Contents/MacOS/ResourceRunnerUITests
    export EXPANDED_CODE_SIGN_IDENTITY\=-
    export EXPANDED_CODE_SIGN_IDENTITY_NAME\=Sign\ to\ Run\ Locally
    export EXTENSIONS_FOLDER_PATH\=ResourceRunnerUITests.xctest/Contents/Extensions
    export FILE_LIST\=/tmp/rr-task018-ui/Build/Intermediates.noindex/ResourceRunner.build/Debug/ResourceRunnerUITests.build/Objects/LinkFileList
    export FIXED_FILES_DIR\=/tmp/rr-task018-ui/Build/Intermediates.noindex/ResourceRunner.build/Debug/ResourceRunnerUITests.build/FixedFiles
    export FRAMEWORKS_FOLDER_PATH\=ResourceRunnerUITests.xctest/Contents/Frameworks
    export FRAMEWORK_FLAG_PREFIX\=-framework
    export FRAMEWORK_SEARCH_PATHS\=/tmp/rr-task018-ui/Build/Products/Debug\ 
    export FRAMEWORK_VERSION\=A
    export FULL_PRODUCT_NAME\=ResourceRunnerUITests.xctest
    export FUSE_BUILD_PHASES\=YES
    export FUSE_BUILD_SCRIPT_PHASES\=NO
    export GCC3_VERSION\=3.3
    export GCC_C_LANGUAGE_STANDARD\=gnu17
    export GCC_DYNAMIC_NO_PIC\=NO
    export GCC_INLINES_ARE_PRIVATE_EXTERN\=YES
    export GCC_NO_COMMON_BLOCKS\=YES
    export GCC_OPTIMIZATION_LEVEL\=0
    export GCC_PFE_FILE_C_DIALECTS\=c\ objective-c\ c++\ objective-c++
    export GCC_PREPROCESSOR_DEFINITIONS\=DEBUG\=1\ 
    export GCC_TREAT_WARNINGS_AS_ERRORS\=NO
    export GCC_VERSION\=com.apple.compilers.llvm.clang.1_0
    export GCC_VERSION_IDENTIFIER\=com_apple_compilers_llvm_clang_1_0
    export GCC_WARN_64_TO_32_BIT_CONVERSION\=YES
    export GCC_WARN_ABOUT_RETURN_TYPE\=YES_ERROR
    export GCC_WARN_UNDECLARED_SELECTOR\=YES
    export GCC_WARN_UNINITIALIZED_AUTOS\=YES_AGGRESSIVE
    export GCC_WARN_UNUSED_FUNCTION\=YES
    export GCC_WARN_UNUSED_VARIABLE\=YES
    export GENERATED_MODULEMAP_DIR\=/tmp/rr-task018-ui/Build/Intermediates.noindex/GeneratedModuleMaps
    export GENERATED_TEST_ENTRY_POINT_PATH\=/tmp/rr-task018-ui/Build/Intermediates.noindex/ResourceRunner.build/Debug/ResourceRunnerUITests.build/DerivedSources/test_entry_point.swift
    export GENERATE_INFOPLIST_FILE\=YES
    export GENERATE_INTERMEDIATE_TEXT_BASED_STUBS\=YES
    export GENERATE_PKGINFO_FILE\=NO
    export GENERATE_PRELINK_OBJECT_FILE\=NO
    export GENERATE_PROFILING_CODE\=NO
    export GENERATE_TEXT_BASED_STUBS\=NO
    export GID\=20
    export GROUP\=staff
    export HEADERMAP_INCLUDES_FLAT_ENTRIES_FOR_TARGET_BEING_BUILT\=YES
    export HEADERMAP_INCLUDES_FRAMEWORK_ENTRIES_FOR_ALL_PRODUCT_TYPES\=YES
    export HEADERMAP_INCLUDES_FRAMEWORK_ENTRIES_FOR_TARGETS_NOT_BEING_BUILT\=YES
    export HEADERMAP_INCLUDES_NONPUBLIC_NONPRIVATE_HEADERS\=YES
    export HEADERMAP_INCLUDES_PROJECT_HEADERS\=YES
    export HEADERMAP_USES_FRAMEWORK_PREFIX_ENTRIES\=YES
    export HEADERMAP_USES_VFS\=NO
    export HEADER_SEARCH_PATHS\=/tmp/rr-task018-ui/Build/Products/Debug/include\ 
    export HOME\=/Users/zipkero
    export HOST_ARCH\=arm64
    export HOST_PLATFORM\=macosx
    export ICONV\=/usr/bin/iconv
    export IMPLICIT_DEPENDENCY_DOMAIN\=default
    export INDEX_STORE_COMPRESS\=NO
    export INDEX_STORE_ONLY_PROJECT_FILES\=NO
    export INFOPLIST_ENABLE_CFBUNDLEICONS_MERGE\=YES
    export INFOPLIST_EXPAND_BUILD_SETTINGS\=YES
    export INFOPLIST_OUTPUT_FORMAT\=same-as-input
    export INFOPLIST_PATH\=ResourceRunnerUITests.xctest/Contents/Info.plist
    export INFOPLIST_PREPROCESS\=NO
    export INFOSTRINGS_PATH\=ResourceRunnerUITests.xctest/Contents/Resources/en.lproj/InfoPlist.strings
    export INLINE_PRIVATE_FRAMEWORKS\=NO
    export INSTALLAPI_IGNORE_SKIP_INSTALL\=YES
    export INSTALLHDRS_COPY_PHASE\=NO
    export INSTALLHDRS_SCRIPT_PHASE\=NO
    export INSTALL_DIR\=/tmp/ResourceRunner.dst
    export INSTALL_GROUP\=staff
    export INSTALL_MODE_FLAG\=u+w,go-w,a+rX
    export INSTALL_OWNER\=zipkero
    export INSTALL_ROOT\=/tmp/ResourceRunner.dst
    export IOS_UNZIPPERED_TWIN_PREFIX_PATH\=/System/iOSSupport
    export IS_MACCATALYST\=NO
    export IS_UNOPTIMIZED_BUILD\=YES
    export JAVAC_DEFAULT_FLAGS\=-J-Xms64m\ -J-XX:NewSize\=4M\ -J-Dfile.encoding\=UTF8
    export JAVA_APP_STUB\=/System/Library/Frameworks/JavaVM.framework/Resources/MacOS/JavaApplicationStub
    export JAVA_ARCHIVE_CLASSES\=YES
    export JAVA_ARCHIVE_TYPE\=JAR
    export JAVA_COMPILER\=/usr/bin/javac
    export JAVA_FOLDER_PATH\=ResourceRunnerUITests.xctest/Contents/Resources/Java
    export JAVA_FRAMEWORK_RESOURCES_DIRS\=Resources
    export JAVA_JAR_FLAGS\=cv
    export JAVA_SOURCE_SUBDIR\=.
    export JAVA_USE_DEPENDENCIES\=YES
    export JAVA_ZIP_FLAGS\=-urg
    export JIKES_DEFAULT_FLAGS\=+E\ +OLDCSO
    export KASAN_CFLAGS_CLASSIC\=-DKASAN\=1\ -DKASAN_CLASSIC\=1\ -fsanitize\=address\ -mllvm\ -asan-globals-live-support\ -mllvm\ -asan-force-dynamic-shadow
    export KASAN_CFLAGS_TBI\=-DKASAN\=1\ -DKASAN_TBI\=1\ -fsanitize\=kernel-hwaddress\ -mllvm\ -hwasan-recover\=0\ -mllvm\ -hwasan-instrument-atomics\=0\ -mllvm\ -hwasan-instrument-stack\=1\ -mllvm\ -hwasan-generate-tags-with-calls\=1\ -mllvm\ -hwasan-instrument-with-calls\=1\ -mllvm\ -hwasan-use-short-granules\=0\ -mllvm\ -hwasan-memory-access-callback-prefix\=__asan_
    export KASAN_DEFAULT_CFLAGS\=-DKASAN\=1\ -DKASAN_CLASSIC\=1\ -fsanitize\=address\ -mllvm\ -asan-globals-live-support\ -mllvm\ -asan-force-dynamic-shadow
    export KEEP_PRIVATE_EXTERNS\=NO
    export LD_DEPENDENCY_INFO_FILE\=/tmp/rr-task018-ui/Build/Intermediates.noindex/ResourceRunner.build/Debug/ResourceRunnerUITests.build/Objects-normal/undefined_arch/ResourceRunnerUITests_dependency_info.dat
    export LD_EXPORT_SYMBOLS\=YES
    export LD_GENERATE_MAP_FILE\=NO
    export LD_MAP_FILE_PATH\=/tmp/rr-task018-ui/Build/Intermediates.noindex/ResourceRunner.build/Debug/ResourceRunnerUITests.build/ResourceRunnerUITests-LinkMap-normal-undefined_arch.txt
    export LD_NO_PIE\=NO
    export LD_QUOTE_LINKER_ARGUMENTS_FOR_COMPILER_DRIVER\=YES
    export LD_RUNPATH_SEARCH_PATHS\=\ @loader_path/../Frameworks
    export LD_RUNPATH_SEARCH_PATHS_SHALLOW_BUNDLE_NO\=@loader_path/../Frameworks
    export LD_RUNPATH_SEARCH_PATHS_SHALLOW_BUNDLE_YES\=@loader_path/Frameworks
    export LD_SHARED_CACHE_ELIGIBLE\=Automatic
    export LD_WARN_DUPLICATE_LIBRARIES\=NO
    export LD_WARN_UNUSED_DYLIBS\=NO
    export LEGACY_DEVELOPER_DIR\=/Applications/Xcode.app/Contents/PlugIns/Xcode3Core.ideplugin/Contents/SharedSupport/Developer
    export LEX\=lex
    export LIBRARY_DEXT_INSTALL_PATH\=/Library/DriverExtensions
    export LIBRARY_FLAG_NOSPACE\=YES
    export LIBRARY_FLAG_PREFIX\=-l
    export LIBRARY_KEXT_INSTALL_PATH\=/Library/Extensions
    export LIBRARY_SEARCH_PATHS\=/tmp/rr-task018-ui/Build/Products/Debug\ \ \ /Applications/Xcode.app/Contents/Developer/Platforms/MacOSX.platform/Developer/usr/lib
    export LINKER_DISPLAYS_MANGLED_NAMES\=NO
    export LINK_FILE_LIST_normal_arm64\=/tmp/rr-task018-ui/Build/Intermediates.noindex/ResourceRunner.build/Debug/ResourceRunnerUITests.build/Objects-normal/arm64/ResourceRunnerUITests.LinkFileList
    export LINK_OBJC_RUNTIME\=YES
    export LINK_WITH_STANDARD_LIBRARIES\=YES
    export LLVM_TARGET_TRIPLE_OS_VERSION\=macos26.5
    export LLVM_TARGET_TRIPLE_OS_VERSION_NO\=macos26.5
    export LLVM_TARGET_TRIPLE_OS_VERSION_YES\=macos26.5
    export LLVM_TARGET_TRIPLE_VENDOR\=apple
    export LM_AUX_CONST_METADATA_LIST_PATH_normal_arm64\=/tmp/rr-task018-ui/Build/Intermediates.noindex/ResourceRunner.build/Debug/ResourceRunnerUITests.build/Objects-normal/arm64/ResourceRunnerUITests.SwiftConstValuesFileList
    export LOCALIZATION_EXPORT_SUPPORTED\=YES
    export LOCALIZATION_PREFERS_STRING_CATALOGS\=YES
    export LOCALIZED_RESOURCES_FOLDER_PATH\=ResourceRunnerUITests.xctest/Contents/Resources/en.lproj
    export LOCALIZED_STRING_CODE_COMMENTS\=NO
    export LOCALIZED_STRING_MACRO_NAMES\=NSLocalizedString\ CFCopyLocalizedString
    export LOCALIZED_STRING_SWIFTUI_SUPPORT\=YES
    export LOCAL_ADMIN_APPS_DIR\=/Applications/Utilities
    export LOCAL_APPS_DIR\=/Applications
    export LOCAL_DEVELOPER_DIR\=/Library/Developer
    export LOCAL_LIBRARY_DIR\=/Library
    export LOCROOT\=/Users/zipkero/XcodeProjects/ResourceRunner
    export LOCSYMROOT\=/Users/zipkero/XcodeProjects/ResourceRunner
    export MACH_O_TYPE\=mh_bundle
    export MACOSX_DEPLOYMENT_TARGET\=26.5
    export MAC_OS_X_PRODUCT_BUILD_VERSION\=25G83
    export MAC_OS_X_VERSION_ACTUAL\=260602
    export MAC_OS_X_VERSION_MAJOR\=260000
    export MAC_OS_X_VERSION_MINOR\=260600
    export MAKE_MERGEABLE\=NO
    export MARKETING_VERSION\=1.0
    export MERGEABLE_LIBRARY\=NO
    export MERGED_BINARY_TYPE\=none
    export MERGE_LINKED_LIBRARIES\=NO
    export METAL_LIBRARY_FILE_BASE\=default
    export METAL_LIBRARY_OUTPUT_DIR\=/tmp/rr-task018-ui/Build/Products/Debug/ResourceRunnerUITests-Runner.app/Contents/PlugIns/ResourceRunnerUITests.xctest/Contents/Resources
    export MODULES_FOLDER_PATH\=ResourceRunnerUITests.xctest/Contents/Modules
    export MODULE_CACHE_DIR\=/tmp/rr-task018-ui/ModuleCache.noindex
    export MTL_ENABLE_DEBUG_INFO\=INCLUDE_SOURCE
    export MTL_FAST_MATH\=YES
    export NATIVE_ARCH\=arm64
    export NATIVE_ARCH_32_BIT\=arm
    export NATIVE_ARCH_64_BIT\=arm64
    export NATIVE_ARCH_ACTUAL\=arm64
    export NO_COMMON\=YES
    export OBJECT_FILE_DIR\=/tmp/rr-task018-ui/Build/Intermediates.noindex/ResourceRunner.build/Debug/ResourceRunnerUITests.build/Objects
    export OBJECT_FILE_DIR_normal\=/tmp/rr-task018-ui/Build/Intermediates.noindex/ResourceRunner.build/Debug/ResourceRunnerUITests.build/Objects-normal
    export OBJROOT\=/tmp/rr-task018-ui/Build/Intermediates.noindex
    export ONLY_ACTIVE_ARCH\=YES
    export OS\=MACOS
    export OSAC\=/usr/bin/osacompile
    export OTHER_SWIFT_FLAGS\=\ -module-alias\ Testing\=_Testing_Unavailable\ -plugin-path\ /Applications/Xcode.app/Contents/Developer/Toolchains/XcodeDefault.xctoolchain/usr/lib/swift/host/plugins/testing
    export PACKAGE_TYPE\=com.apple.package-type.bundle.unit-test
    export PASCAL_STRINGS\=YES
    export PATH\=/Applications/Xcode.app/Contents/SharedFrameworks/SwiftBuild.framework/Versions/A/PlugIns/SWBBuildService.bundle/Contents/PlugIns/SWBUniversalPlatformPlugin.bundle/Contents/Frameworks/SWBUniversalPlatform.framework/Resources:/Applications/Xcode.app/Contents/Developer/Toolchains/XcodeDefault.xctoolchain/usr/bin:/Applications/Xcode.app/Contents/Developer/Toolchains/XcodeDefault.xctoolchain/usr/local/bin:/Applications/Xcode.app/Contents/Developer/Toolchains/XcodeDefault.xctoolchain/usr/libexec:/Applications/Xcode.app/Contents/Developer/Platforms/MacOSX.platform/usr/bin:/Applications/Xcode.app/Contents/Developer/Platforms/MacOSX.platform/usr/local/bin:/Applications/Xcode.app/Contents/Developer/Platforms/MacOSX.platform/Developer/usr/bin:/Applications/Xcode.app/Contents/Developer/Platforms/MacOSX.platform/Developer/usr/local/bin:/Applications/Xcode.app/Contents/Developer/usr/bin:/Applications/Xcode.app/Contents/Developer/usr/local/bin:/Users/zipkero/.codex/packages/standalone/releases/0.160.0-aarch64-apple-darwin/codex-path:/Users/zipkero/.nvm/versions/node/v24.15.0/bin:/Users/zipkero/.local/bin:/usr/local/bin:/System/Cryptexes/App/usr/bin:/usr/bin:/bin:/usr/sbin:/sbin:/var/run/com.apple.security.cryptexd/codex.system/bootstrap/usr/local/bin:/var/run/com.apple.security.cryptexd/codex.system/bootstrap/usr/bin:/var/run/com.apple.security.cryptexd/codex.system/bootstrap/usr/appleinternal/bin:/pkg/env/global/bin:/Library/Apple/usr/bin:/usr/local/share/dotnet:/opt/homebrew/bin:/Users/zipkero/.codex/tmp/arg0/codex-arg0CjU73n:/Applications/Orca.app/Contents/Resources/bin:/Users/zipkero/Library/Application\ Support/JetBrains/Toolbox/scripts:/Users/zipkero/.orbstack/bin:/Users/zipkero/go/bin:/Users/zipkero/.volta/bin:/Users/zipkero/.asdf/shims:/Users/zipkero/.fnm/aliases/default/bin:/Users/zipkero/.local/share/mise/shims:/Users/zipkero/Library/pnpm:/Users/zipkero/.yarn/bin:/Users/zipkero/.bun/bin:/opt/homebrew/sbin:/usr/local/sbin:/nix/var/nix/profiles/default/bin:/Users/zipkero/bin:/Users/zipkero/.nix-profile/bin:/Users/zipkero/.opencode/bin:/Users/zipkero/.vite-plus/bin
    export PATH_PREFIXES_EXCLUDED_FROM_HEADER_DEPENDENCIES\=/usr/include\ /usr/local/include\ /System/Library/Frameworks\ /System/Library/PrivateFrameworks\ /Applications/Xcode.app/Contents/Developer/Headers\ /Applications/Xcode.app/Contents/Developer/SDKs\ /Applications/Xcode.app/Contents/Developer/Platforms
    export PBDEVELOPMENTPLIST_PATH\=ResourceRunnerUITests.xctest/Contents/pbdevelopment.plist
    export PER_ARCH_MODULE_FILE_DIR\=/tmp/rr-task018-ui/Build/Intermediates.noindex/ResourceRunner.build/Debug/ResourceRunnerUITests.build/Objects-normal/undefined_arch
    export PER_ARCH_OBJECT_FILE_DIR\=/tmp/rr-task018-ui/Build/Intermediates.noindex/ResourceRunner.build/Debug/ResourceRunnerUITests.build/Objects-normal/undefined_arch
    export PER_VARIANT_OBJECT_FILE_DIR\=/tmp/rr-task018-ui/Build/Intermediates.noindex/ResourceRunner.build/Debug/ResourceRunnerUITests.build/Objects-normal
    export PKGINFO_FILE_PATH\=/tmp/rr-task018-ui/Build/Intermediates.noindex/ResourceRunner.build/Debug/ResourceRunnerUITests.build/PkgInfo
    export PKGINFO_PATH\=ResourceRunnerUITests.xctest/Contents/PkgInfo
    export PLATFORM_DEVELOPER_APPLICATIONS_DIR\=/Applications/Xcode.app/Contents/Developer/Applications
    export PLATFORM_DEVELOPER_BIN_DIR\=/Applications/Xcode.app/Contents/Developer/usr/bin
    export PLATFORM_DEVELOPER_LIBRARY_DIR\=/Applications/Xcode.app/Contents/Developer/Library
    export PLATFORM_DEVELOPER_SDK_DIR\=/Applications/Xcode.app/Contents/Developer/Platforms/MacOSX.platform/Developer/SDKs
    export PLATFORM_DEVELOPER_TOOLS_DIR\=/Applications/Xcode.app/Contents/Developer/Tools
    export PLATFORM_DEVELOPER_USR_DIR\=/Applications/Xcode.app/Contents/Developer/usr
    export PLATFORM_DIR\=/Applications/Xcode.app/Contents/Developer/Platforms/MacOSX.platform
    export PLATFORM_DISPLAY_NAME\=macOS
    export PLATFORM_FAMILY_NAME\=macOS
    export PLATFORM_NAME\=macosx
    export PLATFORM_PREFERRED_ARCH\=x86_64
    export PLATFORM_PRODUCT_BUILD_VERSION\=25F70
    export PLATFORM_REQUIRES_SWIFT_AUTOLINK_EXTRACT\=NO
    export PLATFORM_REQUIRES_SWIFT_MODULEWRAP\=NO
    export PLATFORM_USES_DSYMS\=YES
    export PLIST_FILE_OUTPUT_FORMAT\=same-as-input
    export PLUGINS_FOLDER_PATH\=ResourceRunnerUITests.xctest/Contents/PlugIns
    export PRECOMPS_INCLUDE_HEADERS_FROM_BUILT_PRODUCTS_DIR\=YES
    export PRECOMP_DESTINATION_DIR\=/tmp/rr-task018-ui/Build/Intermediates.noindex/ResourceRunner.build/Debug/ResourceRunnerUITests.build/PrefixHeaders
    export PRIVATE_HEADERS_FOLDER_PATH\=ResourceRunnerUITests.xctest/Contents/PrivateHeaders
    export PROCESSED_INFOPLIST_PATH\=/tmp/rr-task018-ui/Build/Intermediates.noindex/ResourceRunner.build/Debug/ResourceRunnerUITests.build/Objects-normal/undefined_arch/Processed-Info.plist
    export PRODUCT_BUNDLE_IDENTIFIER\=com.zipkero.ResourceRunnerUITests
    export PRODUCT_BUNDLE_PACKAGE_TYPE\=BNDL
    export PRODUCT_MODULE_NAME\=ResourceRunnerUITests
    export PRODUCT_NAME\=ResourceRunnerUITests
    export PRODUCT_SETTINGS_PATH\=
    export PRODUCT_SPECIFIC_LDFLAGS\=-Xlinker\ -needed_framework\ -Xlinker\ XCTest\ -framework\ XCTest\ -Xlinker\ -needed-lXCTestSwiftSupport\ -lXCTestSwiftSupport
    export PRODUCT_TYPE\=com.apple.product-type.bundle.ui-testing
    export PRODUCT_TYPE_SWIFT_STDLIB_TOOL_FLAGS\=--scan-executable\ \"/Applications/Xcode.app/Contents/Developer/Platforms/MacOSX.platform/Developer/usr/lib/libXCTestSwiftSupport.dylib\"
    export PROFILING_CODE\=NO
    export PROJECT\=ResourceRunner
    export PROJECT_DERIVED_FILE_DIR\=/tmp/rr-task018-ui/Build/Intermediates.noindex/ResourceRunner.build/DerivedSources
    export PROJECT_DIR\=/Users/zipkero/XcodeProjects/ResourceRunner
    export PROJECT_FILE_PATH\=/Users/zipkero/XcodeProjects/ResourceRunner/ResourceRunner.xcodeproj
    export PROJECT_GUID\=8c3503f0990367d409751a2585fa2393
    export PROJECT_NAME\=ResourceRunner
    export PROJECT_TEMP_DIR\=/tmp/rr-task018-ui/Build/Intermediates.noindex/ResourceRunner.build
    export PROJECT_TEMP_ROOT\=/tmp/rr-task018-ui/Build/Intermediates.noindex
    export PROVISIONING_PROFILE_DESTINATION_PATH\=/tmp/rr-task018-ui/Build/Products/Debug/ResourceRunnerUITests-Runner.app/Contents/PlugIns/..
    export PROVISIONING_PROFILE_REQUIRED\=NO
    export PROVISIONING_PROFILE_SUPPORTED\=YES
    export PUBLIC_HEADERS_FOLDER_PATH\=ResourceRunnerUITests.xctest/Contents/Headers
    export RECOMMENDED_MACOSX_DEPLOYMENT_TARGET\=11.0
    export RECURSIVE_SEARCH_PATHS_FOLLOW_SYMLINKS\=YES
    export REMOVE_CVS_FROM_RESOURCES\=YES
    export REMOVE_GIT_FROM_RESOURCES\=YES
    export REMOVE_HEADERS_FROM_EMBEDDED_BUNDLES\=YES
    export REMOVE_HG_FROM_RESOURCES\=YES
    export REMOVE_STATIC_EXECUTABLES_FROM_EMBEDDED_BUNDLES\=YES
    export REMOVE_SVN_FROM_RESOURCES\=YES
    export RESCHEDULE_INDEPENDENT_HEADERS_PHASES\=YES
    export REZ_COLLECTOR_DIR\=/tmp/rr-task018-ui/Build/Intermediates.noindex/ResourceRunner.build/Debug/ResourceRunnerUITests.build/ResourceManagerResources
    export REZ_OBJECTS_DIR\=/tmp/rr-task018-ui/Build/Intermediates.noindex/ResourceRunner.build/Debug/ResourceRunnerUITests.build/ResourceManagerResources/Objects
    export REZ_SEARCH_PATHS\=/tmp/rr-task018-ui/Build/Products/Debug\ 
    export RPATH_ORIGIN\=@loader_path
    export RUNTIME_EXCEPTION_ALLOW_DYLD_ENVIRONMENT_VARIABLES\=NO
    export RUNTIME_EXCEPTION_ALLOW_JIT\=NO
    export RUNTIME_EXCEPTION_ALLOW_UNSIGNED_EXECUTABLE_MEMORY\=NO
    export RUNTIME_EXCEPTION_DEBUGGING_TOOL\=NO
    export RUNTIME_EXCEPTION_DISABLE_EXECUTABLE_PAGE_PROTECTION\=NO
    export RUNTIME_EXCEPTION_DISABLE_LIBRARY_VALIDATION\=NO
    export SCANNING_PCM_KEEP_CACHE_DIRECTORY\=YES
    export SCAN_ALL_SOURCE_FILES_FOR_INCLUDES\=NO
    export SCRIPTS_FOLDER_PATH\=ResourceRunnerUITests.xctest/Contents/Resources/Scripts
    export SCRIPT_INPUT_FILE_0\=/Users/zipkero/XcodeProjects/ResourceRunner/ResourceRunnerUITests/ExpansionProcessFixture.cfixture
    export SCRIPT_INPUT_FILE_COUNT\=1
    export SCRIPT_INPUT_FILE_LIST_COUNT\=0
    export SCRIPT_OUTPUT_FILE_0\=/tmp/rr-task018-ui/Build/Products/Debug/ResourceRunnerExpansionFixture
    export SCRIPT_OUTPUT_FILE_COUNT\=1
    export SCRIPT_OUTPUT_FILE_LIST_COUNT\=0
    export SDKROOT\=/Applications/Xcode.app/Contents/Developer/Platforms/MacOSX.platform/Developer/SDKs/MacOSX26.5.sdk
    export SDK_DIR\=/Applications/Xcode.app/Contents/Developer/Platforms/MacOSX.platform/Developer/SDKs/MacOSX26.5.sdk
    export SDK_DIR_macosx\=/Applications/Xcode.app/Contents/Developer/Platforms/MacOSX.platform/Developer/SDKs/MacOSX26.5.sdk
    export SDK_DIR_macosx26_5\=/Applications/Xcode.app/Contents/Developer/Platforms/MacOSX.platform/Developer/SDKs/MacOSX26.5.sdk
    export SDK_NAME\=macosx26.5
    export SDK_NAMES\=macosx26.5
    export SDK_PRODUCT_BUILD_VERSION\=25F70
    export SDK_STAT_CACHE_DIR\=/tmp/rr-task018-ui
    export SDK_STAT_CACHE_ENABLE\=YES
    export SDK_STAT_CACHE_PATH\=/tmp/rr-task018-ui/SDKStatCaches.noindex/macosx26.5-25F70-e082c4a02f00227109f4ed75e425c832.sdkstatcache
    export SDK_VERSION\=26.5
    export SDK_VERSION_ACTUAL\=260500
    export SDK_VERSION_MAJOR\=260000
    export SDK_VERSION_MINOR\=260500
    export SED\=/usr/bin/sed
    export SEPARATE_STRIP\=NO
    export SEPARATE_SYMBOL_EDIT\=NO
    export SET_DIR_MODE_OWNER_GROUP\=YES
    export SET_FILE_MODE_OWNER_GROUP\=NO
    export SHALLOW_BUNDLE\=NO
    export SHALLOW_BUNDLE_PLATFORM\=NO
    export SHALLOW_BUNDLE_TRIPLE\=macos
    export SHALLOW_BUNDLE_ios_macabi\=NO
    export SHALLOW_BUNDLE_macos\=NO
    export SHARED_DERIVED_FILE_DIR\=/tmp/rr-task018-ui/Build/Products/Debug/DerivedSources
    export SHARED_FRAMEWORKS_FOLDER_PATH\=ResourceRunnerUITests.xctest/Contents/SharedFrameworks
    export SHARED_PRECOMPS_DIR\=/tmp/rr-task018-ui/Build/Intermediates.noindex/PrecompiledHeaders
    export SHARED_SUPPORT_FOLDER_PATH\=ResourceRunnerUITests.xctest/Contents/SharedSupport
    export SKIP_INSTALL\=YES
    export SKIP_MERGEABLE_LIBRARY_BUNDLE_HOOK\=NO
    export SOURCE_ROOT\=/Users/zipkero/XcodeProjects/ResourceRunner
    export SRCROOT\=/Users/zipkero/XcodeProjects/ResourceRunner
    export STRINGSDATA_DIR\=/tmp/rr-task018-ui/Build/Intermediates.noindex/ResourceRunner.build/Debug/ResourceRunnerUITests.build/Objects-normal/undefined_arch
    export STRINGSDATA_ROOT\=/tmp/rr-task018-ui/Build/Intermediates.noindex/ResourceRunner.build/Debug/ResourceRunnerUITests.build
    export STRINGS_FILE_INFOPLIST_RENAME\=YES
    export STRINGS_FILE_OUTPUT_ENCODING\=UTF-16
    export STRING_CATALOG_GENERATE_SYMBOLS\=NO
    export STRIP_BITCODE_FROM_COPIED_FILES\=NO
    export STRIP_INSTALLED_PRODUCT\=NO
    export STRIP_PNG_TEXT\=NO
    export STRIP_STYLE\=non-global
    export STRIP_SWIFT_SYMBOLS\=YES
    export SUPPORTED_PLATFORMS\=macosx
    export SUPPORTS_TEXT_BASED_API\=NO
    export SUPPRESS_WARNINGS\=NO
    export SWIFT_ACTIVE_COMPILATION_CONDITIONS\=DEBUG\ 
    export SWIFT_APPROACHABLE_CONCURRENCY\=YES
    export SWIFT_EMIT_CONST_VALUE_PROTOCOLS\=AnyResolverProviding\ AppEntity\ AppEnum\ AppExtension\ AppIntent\ AppIntentsPackage\ AppShortcutProviding\ AppShortcutsProvider\ AppUnionValue\ AppUnionValueCasesProviding\ DynamicOptionsProvider\ EntityQuery\ ExtensionPointDefining\ IntentValueQuery\ Resolver\ TransientEntity\ _AssistantIntentsProvider\ _GenerativeFunctionExtractable\ _IntentValueRepresentable
    export SWIFT_EMIT_LOC_STRINGS\=NO
    export SWIFT_ENABLE_EXPLICIT_MODULES\=YES
    export SWIFT_OPTIMIZATION_LEVEL\=-Onone
    export SWIFT_PLATFORM_TARGET_PREFIX\=macos
    export SWIFT_RESPONSE_FILE_PATH_normal_arm64\=/tmp/rr-task018-ui/Build/Intermediates.noindex/ResourceRunner.build/Debug/ResourceRunnerUITests.build/Objects-normal/arm64/ResourceRunnerUITests.SwiftFileList
    export SWIFT_UPCOMING_FEATURE_MEMBER_IMPORT_VISIBILITY\=YES
    export SWIFT_VERSION\=5.0
    export SYMROOT\=/tmp/rr-task018-ui/Build/Products
    export SYSTEM_ADMIN_APPS_DIR\=/Applications/Utilities
    export SYSTEM_APPS_DIR\=/Applications
    export SYSTEM_CORE_SERVICES_DIR\=/System/Library/CoreServices
    export SYSTEM_DEMOS_DIR\=/Applications/Extras
    export SYSTEM_DEVELOPER_APPS_DIR\=/Applications/Xcode.app/Contents/Developer/Applications
    export SYSTEM_DEVELOPER_BIN_DIR\=/Applications/Xcode.app/Contents/Developer/usr/bin
    export SYSTEM_DEVELOPER_DEMOS_DIR\=/Applications/Xcode.app/Contents/Developer/Applications/Utilities/Built\ Examples
    export SYSTEM_DEVELOPER_DIR\=/Applications/Xcode.app/Contents/Developer
    export SYSTEM_DEVELOPER_DOC_DIR\=/Applications/Xcode.app/Contents/Developer/ADC\ Reference\ Library
    export SYSTEM_DEVELOPER_GRAPHICS_TOOLS_DIR\=/Applications/Xcode.app/Contents/Developer/Applications/Graphics\ Tools
    export SYSTEM_DEVELOPER_JAVA_TOOLS_DIR\=/Applications/Xcode.app/Contents/Developer/Applications/Java\ Tools
    export SYSTEM_DEVELOPER_PERFORMANCE_TOOLS_DIR\=/Applications/Xcode.app/Contents/Developer/Applications/Performance\ Tools
    export SYSTEM_DEVELOPER_RELEASENOTES_DIR\=/Applications/Xcode.app/Contents/Developer/ADC\ Reference\ Library/releasenotes
    export SYSTEM_DEVELOPER_TOOLS\=/Applications/Xcode.app/Contents/Developer/Tools
    export SYSTEM_DEVELOPER_TOOLS_DOC_DIR\=/Applications/Xcode.app/Contents/Developer/ADC\ Reference\ Library/documentation/DeveloperTools
    export SYSTEM_DEVELOPER_TOOLS_RELEASENOTES_DIR\=/Applications/Xcode.app/Contents/Developer/ADC\ Reference\ Library/releasenotes/DeveloperTools
    export SYSTEM_DEVELOPER_USR_DIR\=/Applications/Xcode.app/Contents/Developer/usr
    export SYSTEM_DEVELOPER_UTILITIES_DIR\=/Applications/Xcode.app/Contents/Developer/Applications/Utilities
    export SYSTEM_DEXT_INSTALL_PATH\=/System/Library/DriverExtensions
    export SYSTEM_DOCUMENTATION_DIR\=/Library/Documentation
    export SYSTEM_EXTENSIONS_FOLDER_PATH\=ResourceRunnerUITests.xctest/Contents/Library/SystemExtensions
    export SYSTEM_EXTENSIONS_FOLDER_PATH_SHALLOW_BUNDLE_NO\=ResourceRunnerUITests.xctest/Contents/Library/SystemExtensions
    export SYSTEM_EXTENSIONS_FOLDER_PATH_SHALLOW_BUNDLE_YES\=ResourceRunnerUITests.xctest/Contents/SystemExtensions
    export SYSTEM_FRAMEWORK_SEARCH_PATHS\=\ \ /Applications/Xcode.app/Contents/Developer/Platforms/MacOSX.platform/Developer/Library/Frameworks
    export SYSTEM_KEXT_INSTALL_PATH\=/System/Library/Extensions
    export SYSTEM_LIBRARY_DIR\=/System/Library
    export TAPI_DEMANGLE\=YES
    export TAPI_ENABLE_PROJECT_HEADERS\=NO
    export TAPI_LANGUAGE\=objective-c
    export TAPI_LANGUAGE_STANDARD\=compiler-default
    export TAPI_USE_SRCROOT\=YES
    export TAPI_VERIFY_MODE\=Pedantic
    export TARGETNAME\=ResourceRunnerUITests
    export TARGET_BUILD_DIR\=/tmp/rr-task018-ui/Build/Products/Debug/ResourceRunnerUITests-Runner.app/Contents/PlugIns
    export TARGET_BUILD_SUBPATH\=/ResourceRunnerUITests-Runner.app/Contents/PlugIns
    export TARGET_NAME\=ResourceRunnerUITests
    export TARGET_TEMP_DIR\=/tmp/rr-task018-ui/Build/Intermediates.noindex/ResourceRunner.build/Debug/ResourceRunnerUITests.build
    export TEMP_DIR\=/tmp/rr-task018-ui/Build/Intermediates.noindex/ResourceRunner.build/Debug/ResourceRunnerUITests.build
    export TEMP_FILES_DIR\=/tmp/rr-task018-ui/Build/Intermediates.noindex/ResourceRunner.build/Debug/ResourceRunnerUITests.build
    export TEMP_FILE_DIR\=/tmp/rr-task018-ui/Build/Intermediates.noindex/ResourceRunner.build/Debug/ResourceRunnerUITests.build
    export TEMP_ROOT\=/tmp/rr-task018-ui/Build/Intermediates.noindex
    export TEMP_SANDBOX_DIR\=/tmp/rr-task018-ui/Build/Intermediates.noindex/TemporaryTaskSandboxes
    export TESTING_FRAMEWORK_MODULE_ALIAS_FLAGS\=-module-alias\ Testing\=_Testing_Unavailable
    export TEST_FRAMEWORK_SEARCH_PATHS\=\ /Applications/Xcode.app/Contents/Developer/Platforms/MacOSX.platform/Developer/Library/Frameworks
    export TEST_LIBRARY_SEARCH_PATHS\=\ /Applications/Xcode.app/Contents/Developer/Platforms/MacOSX.platform/Developer/usr/lib
    export TEST_TARGET_NAME\=ResourceRunner
    export TOOLCHAINS\=com.apple.dt.toolchain.XcodeDefault
    export TOOLCHAIN_DIR\=/Applications/Xcode.app/Contents/Developer/Toolchains/XcodeDefault.xctoolchain
    export TREAT_MISSING_BASELINES_AS_TEST_FAILURES\=NO
    export TREAT_MISSING_SCRIPT_PHASE_OUTPUTS_AS_ERRORS\=NO
    export UID\=501
    export UNINSTALLED_PRODUCTS_DIR\=/tmp/rr-task018-ui/Build/Intermediates.noindex/UninstalledProducts
    export UNLOCALIZED_RESOURCES_FOLDER_PATH\=ResourceRunnerUITests.xctest/Contents/Resources
    export UNLOCALIZED_RESOURCES_FOLDER_PATH_SHALLOW_BUNDLE_NO\=ResourceRunnerUITests.xctest/Contents/Resources
    export UNLOCALIZED_RESOURCES_FOLDER_PATH_SHALLOW_BUNDLE_YES\=ResourceRunnerUITests.xctest/Contents
    export UNSTRIPPED_PRODUCT\=NO
    export USER\=zipkero
    export USER_APPS_DIR\=/Users/zipkero/Applications
    export USER_LIBRARY_DIR\=/Users/zipkero/Library
    export USES_XCTRUNNER\=YES
    export USE_DYNAMIC_NO_PIC\=YES
    export USE_HEADERMAP\=YES
    export USE_HEADER_SYMLINKS\=NO
    export VALIDATE_DEVELOPMENT_ASSET_PATHS\=YES_ERROR
    export VALIDATE_PRODUCT\=NO
    export VALID_ARCHS\=arm64\ arm64e\ i386\ x86_64
    export VERBOSE_PBXCP\=NO
    export VERSIONPLIST_PATH\=ResourceRunnerUITests.xctest/Contents/version.plist
    export VERSION_INFO_BUILDER\=zipkero
    export VERSION_INFO_FILE\=ResourceRunnerUITests_vers.c
    export VERSION_INFO_STRING\=\"@\(\#\)PROGRAM:ResourceRunnerUITests\ \ PROJECT:ResourceRunner-1\"
    export WORKSPACE_DIR\=/Users/zipkero/XcodeProjects/ResourceRunner/ResourceRunner.xcodeproj
    export WRAPPER_EXTENSION\=xctest
    export WRAPPER_NAME\=ResourceRunnerUITests.xctest
    export WRAPPER_SUFFIX\=.xctest
    export WRAP_ASSET_PACKS_IN_SEPARATE_DIRECTORIES\=NO
    export XCODE_APP_SUPPORT_DIR\=/Applications/Xcode.app/Contents/Developer/Library/Xcode
    export XCODE_PRODUCT_BUILD_VERSION\=17F113
    export XCODE_VERSION_ACTUAL\=2660
    export XCODE_VERSION_MAJOR\=2600
    export XCODE_VERSION_MINOR\=2660
    export XCTRUNNER_PRODUCT_NAME\=ResourceRunnerUITests-Runner.app
    export XPCSERVICES_FOLDER_PATH\=ResourceRunnerUITests.xctest/Contents/XPCServices
    export YACC\=yacc
    export _BOOL_\=NO
    export _BOOL_NO\=NO
    export _BOOL_YES\=YES
    export _DEVELOPMENT_TEAM_IS_EMPTY\=YES
    export _DISCOVER_COMMAND_LINE_LINKER_INPUTS\=YES
    export _DISCOVER_COMMAND_LINE_LINKER_INPUTS_INCLUDE_WL\=YES
    export _IS_EMPTY_\=YES
    export _LD_MULTIARCH\=YES
    export _MACOSX_DEPLOYMENT_TARGET_IS_EMPTY\=NO
    export _WRAPPER_CONTENTS_DIR\=/Contents
    export _WRAPPER_CONTENTS_DIR_SHALLOW_BUNDLE_NO\=/Contents
    export _WRAPPER_PARENT_PATH\=/..
    export _WRAPPER_PARENT_PATH_SHALLOW_BUNDLE_NO\=/..
    export _WRAPPER_RESOURCES_DIR\=/Resources
    export _WRAPPER_RESOURCES_DIR_SHALLOW_BUNDLE_NO\=/Resources
    export __DIAGNOSE_DEPRECATED_ARCHS\=YES
    export __IS_NOT_MACOS\=NO
    export __IS_NOT_MACOS_macosx\=NO
    export __ORIGINAL_SDK_DEFINED_LLVM_TARGET_TRIPLE_SYS\=macos
    export arch\=undefined_arch
    export variant\=normal
    /bin/sh -c /tmp/rr-task018-ui/Build/Intermediates.noindex/ResourceRunner.build/Debug/ResourceRunnerUITests.build/Script-E20000000000000000000001.sh
/tmp/rr-task018-ui/Build/Products/Debug/ResourceRunnerExpansionFixture/expansion-fixture-d357eaa8-583b-4754-b07e-a079d03a5b8f: replacing existing signature

ProcessInfoPlistFile /tmp/rr-task018-ui/Build/Products/Debug/ResourceRunnerUITests-Runner.app/Contents/PlugIns/ResourceRunnerUITests.xctest/Contents/Info.plist /tmp/rr-task018-ui/Build/Intermediates.noindex/ResourceRunner.build/Debug/ResourceRunnerUITests.build/empty-ResourceRunnerUITests.plist (in target 'ResourceRunnerUITests' from project 'ResourceRunner')
    cd /Users/zipkero/XcodeProjects/ResourceRunner
    builtin-infoPlistUtility /tmp/rr-task018-ui/Build/Intermediates.noindex/ResourceRunner.build/Debug/ResourceRunnerUITests.build/empty-ResourceRunnerUITests.plist -producttype com.apple.product-type.bundle.ui-testing -expandbuildsettings -platform macosx -additionalcontentfile /tmp/rr-task018-ui/Build/Intermediates.noindex/ResourceRunner.build/Debug/ResourceRunnerUITests.build/ProductTypeInfoPlistAdditions.plist -o /tmp/rr-task018-ui/Build/Products/Debug/ResourceRunnerUITests-Runner.app/Contents/PlugIns/ResourceRunnerUITests.xctest/Contents/Info.plist

CopySwiftLibs /tmp/rr-task018-ui/Build/Products/Debug/ResourceRunnerUITests-Runner.app/Contents/PlugIns/ResourceRunnerUITests.xctest (in target 'ResourceRunnerUITests' from project 'ResourceRunner')
    cd /Users/zipkero/XcodeProjects/ResourceRunner
    builtin-swiftStdLibTool --copy --verbose --sign - --scan-executable /tmp/rr-task018-ui/Build/Products/Debug/ResourceRunnerUITests-Runner.app/Contents/PlugIns/ResourceRunnerUITests.xctest/Contents/MacOS/ResourceRunnerUITests --scan-folder /tmp/rr-task018-ui/Build/Products/Debug/ResourceRunnerUITests-Runner.app/Contents/PlugIns/ResourceRunnerUITests.xctest/Contents/Frameworks --scan-folder /tmp/rr-task018-ui/Build/Products/Debug/ResourceRunnerUITests-Runner.app/Contents/PlugIns/ResourceRunnerUITests.xctest/Contents/PlugIns --scan-folder /tmp/rr-task018-ui/Build/Products/Debug/ResourceRunnerUITests-Runner.app/Contents/PlugIns/ResourceRunnerUITests.xctest/Contents/Library/SystemExtensions --scan-folder /tmp/rr-task018-ui/Build/Products/Debug/ResourceRunnerUITests-Runner.app/Contents/PlugIns/ResourceRunnerUITests.xctest/Contents/Extensions --platform macosx --toolchain /Applications/Xcode.app/Contents/Developer/Toolchains/XcodeDefault.xctoolchain --destination /tmp/rr-task018-ui/Build/Products/Debug/ResourceRunnerUITests-Runner.app/Contents/PlugIns/ResourceRunnerUITests.xctest/Contents/Frameworks --strip-bitcode --scan-executable /Applications/Xcode.app/Contents/Developer/Platforms/MacOSX.platform/Developer/usr/lib/libXCTestSwiftSupport.dylib --strip-bitcode-tool /Applications/Xcode.app/Contents/Developer/Toolchains/XcodeDefault.xctoolchain/usr/bin/bitcode_strip --emit-dependency-info /tmp/rr-task018-ui/Build/Intermediates.noindex/ResourceRunner.build/Debug/ResourceRunnerUITests.build/SwiftStdLibToolInputDependencies.dep --filter-for-swift-os

2026-10-03 13:19:27.434714+0900 ResourceRunnerUITests-Runner[88435:49763981] [Default] Running tests...
Test Suite 'All tests' started at 2026-10-03 13:19:27.478.
Test Suite 'ResourceRunnerUITests.xctest' started at 2026-10-03 13:19:27.479.
Test Suite 'CPUCoreAccessibilityUITests' started at 2026-10-03 13:19:27.479.
Test Case '-[ResourceRunnerUITests.CPUCoreAccessibilityUITests testCoreCellIsOneReachableElementWithLabelValueAndIdentifier]' started.
    t =     0.00s Start Test at 2026-10-03 13:19:27.479
    t =     0.10s Set Up
    t =     0.11s Open com.zipkero.ResourceRunner
    t =     0.11s     Launch com.zipkero.ResourceRunner
2026-10-03 13:19:27.645 xcodebuild[88366:49763615] [MT] IDELaunchParametersSnapshot: The operation couldn’t be completed. (DebuggerLLDB.DebuggerVersionStore.StoreError error 0.)
2026-10-03 13:19:27.645 xcodebuild[88366:49763615] [MT] IDELaunchParametersSnapshot: no debugger version
    t =     0.59s         Setting up automation session
    t =     0.61s         Wait for com.zipkero.ResourceRunner to idle
    t =     0.61s Waiting 5.0s for StatusItem (First Match) to exist
    t =     1.64s     Checking `Expect predicate `existsNoRetry == 1` for object StatusItem (First Match)`
    t =     1.65s         Checking existence of `StatusItem (First Match)`
    t =     1.67s Click StatusItem (First Match)
    t =     1.67s     Wait for com.zipkero.ResourceRunner to idle
    t =     1.68s     Find the StatusItem (First Match)
    t =     1.70s     Check for interrupting elements affecting "ResourceRunner, 낮음" StatusItem
    t =     1.71s     Open com.zipkero.ResourceRunner
    t =     1.71s         Activate com.zipkero.ResourceRunner
    t =     1.72s             Wait for com.zipkero.ResourceRunner to idle
    t =     1.75s     Synthesize event
    t =     2.23s     Wait for com.zipkero.ResourceRunner to idle
    t =     2.23s Waiting 5.0s for "CPUCard" Any to exist
    t =     3.27s     Checking `Expect predicate `existsNoRetry == 1` for object "CPUCard" Any`
    t =     3.27s         Checking existence of `"CPUCard" Any`
    t =     3.37s Find the "CPUCard" Any
    t =     3.52s Find the "CPUCard" Button
    t =     3.67s Find the "CPUCard" Button
    t =     3.82s Find the "CPUCard" Button
    t =     3.87s Type '1' key with modifiers '⌘' (0x10)
    t =     3.87s     Wait for com.zipkero.ResourceRunner to idle
    t =     3.88s     Find the Target Application 'com.zipkero.ResourceRunner'
    t =     3.90s     Check for interrupting elements affecting "ResourceRunner" Application
    t =     3.90s     Synthesize event
    t =     4.06s     Wait for com.zipkero.ResourceRunner to idle
    t =     4.06s Waiting 2.0s for "CPUCore-0" Any to exist
    t =     5.10s     Checking `Expect predicate `existsNoRetry == 1` for object "CPUCore-0" Any`
    t =     5.10s         Checking existence of `"CPUCore-0" Any`
    t =     5.13s Find the "CPUCore-0" Any
    t =     5.14s Find the "CPUCore-0" StaticText
    t =     5.16s Get number of matches for: Descendants matching type Any
    t =     5.18s Tear Down
Test Case '-[ResourceRunnerUITests.CPUCoreAccessibilityUITests testCoreCellIsOneReachableElementWithLabelValueAndIdentifier]' passed (5.500 seconds).
Test Suite 'CPUCoreAccessibilityUITests' passed at 2026-10-03 13:19:32.980.
	 Executed 1 test, with 0 failures (0 unexpected) in 5.500 (5.501) seconds
Test Suite 'DashboardCPUCardUITests' started at 2026-10-03 13:19:32.981.
Test Case '-[ResourceRunnerUITests.DashboardCPUCardUITests testCPUCardFrameStaysSameBeforeAndAfterFirstCollection]' started.
    t =     0.00s Start Test at 2026-10-03 13:19:32.983
    t =     0.14s Set Up
    t =     0.14s Open com.zipkero.ResourceRunner
    t =     0.14s     Launch com.zipkero.ResourceRunner
    t =     0.14s         Terminate com.zipkero.ResourceRunner:88442
2026-10-03 13:19:34.224 xcodebuild[88366:49763615] [MT] IDELaunchParametersSnapshot: The operation couldn’t be completed. (DebuggerLLDB.DebuggerVersionStore.StoreError error 0.)
2026-10-03 13:19:34.224 xcodebuild[88366:49763615] [MT] IDELaunchParametersSnapshot: no debugger version
    t =     1.59s         Wait for accessibility to load
    t =     1.62s         Setting up automation session
    t =     1.63s         Wait for com.zipkero.ResourceRunner to idle
    t =     1.63s Waiting 5.0s for StatusItem (First Match) to exist
    t =     2.66s     Checking `Expect predicate `existsNoRetry == 1` for object StatusItem (First Match)`
    t =     2.66s         Checking existence of `StatusItem (First Match)`
    t =     2.69s Click StatusItem (First Match)
    t =     2.69s     Wait for com.zipkero.ResourceRunner to idle
    t =     2.69s     Find the StatusItem (First Match)
    t =     2.72s     Check for interrupting elements affecting "ResourceRunner, 낮음" StatusItem
    t =     2.72s     Open com.zipkero.ResourceRunner
    t =     2.72s         Activate com.zipkero.ResourceRunner
    t =     2.73s             Wait for com.zipkero.ResourceRunner to idle
    t =     2.74s     Synthesize event
    t =     3.22s     Wait for com.zipkero.ResourceRunner to idle
    t =     3.22s Waiting 5.0s for "CPUCard" Any to exist
    t =     4.26s     Checking `Expect predicate `existsNoRetry == 1` for object "CPUCard" Any`
    t =     4.26s         Checking existence of `"CPUCard" Any`
    t =     4.34s Find the "CPUCard" Any
    t =     4.39s Find the "CPUCard" Button
    t =     4.53s Find the "CPUCard" Button
    t =     4.69s Find the "CPUCard" Button
    t =     4.84s Find the "CPUCard" Button
    t =     4.89s Find the "CPUCard" Button
    t =     4.93s Tear Down
Test Case '-[ResourceRunnerUITests.DashboardCPUCardUITests testCPUCardFrameStaysSameBeforeAndAfterFirstCollection]' passed (5.276 seconds).
Test Case '-[ResourceRunnerUITests.DashboardCPUCardUITests testOpeningPopoverShowsCPUValueCollectionProgressAndTopApplicationsHeading]' started.
    t =     0.00s Start Test at 2026-10-03 13:19:38.260
    t =     0.13s Set Up
    t =     0.13s Open com.zipkero.ResourceRunner
    t =     0.13s     Launch com.zipkero.ResourceRunner
    t =     0.13s         Terminate com.zipkero.ResourceRunner:88525
2026-10-03 13:19:39.490 xcodebuild[88366:49763615] [MT] IDELaunchParametersSnapshot: The operation couldn’t be completed. (DebuggerLLDB.DebuggerVersionStore.StoreError error 0.)
2026-10-03 13:19:39.490 xcodebuild[88366:49763615] [MT] IDELaunchParametersSnapshot: no debugger version
    t =     1.56s         Wait for accessibility to load
    t =     1.61s         Setting up automation session
    t =     1.62s         Wait for com.zipkero.ResourceRunner to idle
    t =     1.62s Waiting 5.0s for StatusItem (First Match) to exist
    t =     2.66s     Checking `Expect predicate `existsNoRetry == 1` for object StatusItem (First Match)`
    t =     2.66s         Checking existence of `StatusItem (First Match)`
    t =    14.69s Click StatusItem (First Match)
    t =    14.69s     Wait for com.zipkero.ResourceRunner to idle
    t =    14.69s     Find the StatusItem (First Match)
    t =    14.71s     Check for interrupting elements affecting "ResourceRunner, 낮음" StatusItem
    t =    14.72s     Open com.zipkero.ResourceRunner
    t =    14.72s         Activate com.zipkero.ResourceRunner
    t =    14.73s             Wait for com.zipkero.ResourceRunner to idle
    t =    14.74s     Synthesize event
    t =    15.26s     Wait for com.zipkero.ResourceRunner to idle
    t =    15.26s Waiting 5.0s for Popover (First Match) to exist
    t =    16.30s     Checking `Expect predicate `existsNoRetry == 1` for object Popover (First Match)`
    t =    16.30s         Checking existence of `Popover (First Match)`
    t =    16.32s Requesting snapshot of accessibility hierarchy for app with pid 88592
    t =    16.46s Requesting snapshot of accessibility hierarchy for app with pid 88592
    t =    16.51s Requesting snapshot of accessibility hierarchy for app with pid 88592
    t =    16.51s Using snapshot previously cached by application
    t =    16.51s Find: Descendants matching type Popover
    t =    16.51s Requesting snapshot of accessibility hierarchy for app with pid 88592
    t =    16.51s Using snapshot previously cached by application
    t =    16.51s Checking existence of `"CPUCard" Any`
    t =    16.52s Find the "CPUCard" Any
    t =    16.52s Tear Down
Test Case '-[ResourceRunnerUITests.DashboardCPUCardUITests testOpeningPopoverShowsCPUValueCollectionProgressAndTopApplicationsHeading]' passed (16.898 seconds).
Test Suite 'DashboardCPUCardUITests' passed at 2026-10-03 13:19:55.158.
	 Executed 2 tests, with 0 failures (0 unexpected) in 22.174 (22.177) seconds
Test Suite 'DashboardCardSelectionUITests' started at 2026-10-03 13:19:55.158.
Test Case '-[ResourceRunnerUITests.DashboardCardSelectionUITests testCardSelectionLifecycleKeepsFramesFixedAndSurvivesSelfDismissal]' started.
    t =     0.00s Start Test at 2026-10-03 13:19:55.159
    t =     0.14s Set Up
    t =     0.14s Open com.zipkero.ResourceRunner
    t =     0.14s     Launch com.zipkero.ResourceRunner
    t =     0.14s         Terminate com.zipkero.ResourceRunner:88592
2026-10-03 13:19:56.405 xcodebuild[88366:49763615] [MT] IDELaunchParametersSnapshot: The operation couldn’t be completed. (DebuggerLLDB.DebuggerVersionStore.StoreError error 0.)
2026-10-03 13:19:56.405 xcodebuild[88366:49763615] [MT] IDELaunchParametersSnapshot: no debugger version
    t =     1.57s         Wait for accessibility to load
    t =     1.63s         Setting up automation session
    t =     1.64s         Wait for com.zipkero.ResourceRunner to idle
    t =     1.64s Waiting 5.0s for StatusItem (First Match) to exist
    t =     2.67s     Checking `Expect predicate `existsNoRetry == 1` for object StatusItem (First Match)`
    t =     2.67s         Checking existence of `StatusItem (First Match)`
    t =     2.70s Click StatusItem (First Match)
    t =     2.70s     Wait for com.zipkero.ResourceRunner to idle
    t =     2.70s     Find the StatusItem (First Match)
    t =     2.73s     Check for interrupting elements affecting "ResourceRunner, 낮음" StatusItem
    t =     2.73s     Open com.zipkero.ResourceRunner
    t =     2.73s         Activate com.zipkero.ResourceRunner
    t =     2.75s             Wait for com.zipkero.ResourceRunner to idle
    t =     2.76s     Synthesize event
    t =     3.23s     Wait for com.zipkero.ResourceRunner to idle
    t =     3.24s Waiting 5.0s for "CPUCard" Any to exist
    t =     4.27s     Checking `Expect predicate `existsNoRetry == 1` for object "CPUCard" Any`
    t =     4.27s         Checking existence of `"CPUCard" Any`
    t =     4.37s Find the "CPUCard" Any
    t =     4.52s Find the "CPUCard" Button
    t =     4.66s Find the "CPUCard" Button
    t =     4.81s Find the "CPUCard" Button
    t =     4.86s Waiting 5.0s for "MemoryCard" Any to exist
    t =     5.90s     Checking `Expect predicate `existsNoRetry == 1` for object "MemoryCard" Any`
    t =     5.90s         Checking existence of `"MemoryCard" Any`
    t =     5.95s Waiting 2.0s for Popover (First Match) to exist
    t =     6.96s     Checking `Expect predicate `existsNoRetry == 1` for object Popover (First Match)`
    t =     6.97s         Checking existence of `Popover (First Match)`
    t =     6.98s Waiting 2.0s for "DashboardContainer" Any to exist
    t =     8.01s     Checking `Expect predicate `existsNoRetry == 1` for object "DashboardContainer" Any`
    t =     8.01s         Checking existence of `"DashboardContainer" Any`
    t =     8.05s Get number of matches for: Descendants matching type Popover
    t =     8.08s Find the "CPUCard" Button
    t =     8.32s Find the "CPUCard" Button
    t =     8.58s Find the "CPUCard" Button
    t =     8.84s Find the "CPUCard" Button
    t =     9.08s Find the "CPUCard" Button
    t =     9.34s Find the "CPUCard" Button
    t =     9.59s Find the "CPUCard" Button
    t =     9.84s Find the "CPUCard" Button
    t =    10.10s Find the "CPUCard" Button
    t =    10.36s Find the "CPUCard" Button
    t =    10.62s Find the "CPUCard" Button
    t =    10.87s Find the "CPUCard" Button
    t =    11.12s Find the "CPUCard" Button
    t =    11.17s Find the "MemoryCard" Any
    t =    11.41s Find the "MemoryCard" Button
    t =    11.67s Find the "MemoryCard" Button
    t =    11.93s Find the "MemoryCard" Button
    t =    12.19s Find the "MemoryCard" Button
    t =    12.45s Find the "MemoryCard" Button
    t =    12.70s Find the "MemoryCard" Button
    t =    12.96s Find the "MemoryCard" Button
    t =    13.22s Find the "MemoryCard" Button
    t =    13.48s Find the "MemoryCard" Button
    t =    13.73s Find the "MemoryCard" Button
    t =    13.98s Find the "MemoryCard" Button
    t =    14.24s Find the "MemoryCard" Button
    t =    14.30s Find the Popover (First Match)
    t =    14.32s Type '1' key with modifiers '⌘' (0x10)
    t =    14.32s     Wait for com.zipkero.ResourceRunner to idle
    t =    14.33s     Find the Target Application 'com.zipkero.ResourceRunner'
    t =    14.35s     Check for interrupting elements affecting "ResourceRunner" Application
    t =    14.35s     Synthesize event
    t =    14.54s     Wait for com.zipkero.ResourceRunner to idle
    t =    14.54s Waiting 2.0s for StaticText (First Match) to exist
    t =    15.58s     Checking `Expect predicate `existsNoRetry == 1` for object StaticText (First Match)`
    t =    15.58s         Checking existence of `StaticText (First Match)`
    t =    15.63s Get number of matches for: Descendants matching type Popover
    t =    15.67s Find the Popover at {{1003.0, 41.0}, {306.0, 694.0}}
    t =    15.69s Find the "CPUCard" Button
    t =    15.73s Find the "MemoryCard" Button
    t =    15.77s Type '1' key with modifiers '⌘' (0x10)
    t =    15.77s     Wait for com.zipkero.ResourceRunner to idle
    t =    15.79s     Find the Target Application 'com.zipkero.ResourceRunner'
    t =    15.84s     Check for interrupting elements affecting "ResourceRunner" Application
    t =    15.84s     Synthesize event
    t =    15.95s     Wait for com.zipkero.ResourceRunner to idle
    t =    15.95s Checking existence of `StaticText (First Match)`
    t =    15.98s Get number of matches for: Descendants matching type Popover
    t =    15.99s Find the Popover at {{1003.0, 41.0}, {306.0, 694.0}}
    t =    16.00s Find the "CPUCard" Button
    t =    16.04s Find the "MemoryCard" Button
    t =    16.08s Type '1' key with modifiers '⌘' (0x10)
    t =    16.08s     Wait for com.zipkero.ResourceRunner to idle
    t =    16.09s     Find the Target Application 'com.zipkero.ResourceRunner'
    t =    16.11s     Check for interrupting elements affecting "ResourceRunner" Application
    t =    16.11s     Synthesize event
    t =    16.22s     Wait for com.zipkero.ResourceRunner to idle
    t =    16.23s Waiting 2.0s for StaticText (First Match) to exist
    t =    17.26s     Checking `Expect predicate `existsNoRetry == 1` for object StaticText (First Match)`
    t =    17.26s         Checking existence of `StaticText (First Match)`
    t =    17.31s Get number of matches for: Descendants matching type Popover
    t =    17.36s Find the "CPUCard" Button
    t =    17.40s Find the "MemoryCard" Button
    t =    17.44s Find the "DashboardContainer" Any
    t =    17.47s Find the "DashboardContainer" Group
    t =    17.49s Click "DashboardContainer" Group[0.00, 0.00] -> (140.0, 252.0)
    t =    17.49s     Wait for com.zipkero.ResourceRunner to idle
    t =    17.50s     Find the "DashboardContainer" Group
    t =    17.52s     Check for interrupting elements affecting "DashboardContainer" Group
    t =    17.66s     Synthesize event
    t =    17.66s         Find the "DashboardContainer" Group
    t =    17.69s         Find the "DashboardContainer" Group
    t =    18.08s     Wait for com.zipkero.ResourceRunner to idle
    t =    18.09s Get number of matches for: Descendants matching type Popover
    t =    18.11s Get number of matches for: Descendants matching type Popover
    t =    18.24s Get number of matches for: Descendants matching type Popover
    t =    18.36s Get number of matches for: Descendants matching type Popover
    t =    18.49s Get number of matches for: Descendants matching type Popover
    t =    18.61s Get number of matches for: Descendants matching type Popover
    t =    18.74s Get number of matches for: Descendants matching type Popover
    t =    18.87s Get number of matches for: Descendants matching type Popover
    t =    19.00s Get number of matches for: Descendants matching type Popover
    t =    19.13s Get number of matches for: Descendants matching type Popover
    t =    19.15s Get number of matches for: Descendants matching type Popover
    t =    19.17s Type '1' key with modifiers '⌘' (0x10)
    t =    19.18s     Wait for com.zipkero.ResourceRunner to idle
    t =    19.18s     Find the Target Application 'com.zipkero.ResourceRunner'
    t =    19.21s     Check for interrupting elements affecting "ResourceRunner" Application
    t =    19.21s     Synthesize event
    t =    19.39s     Wait for com.zipkero.ResourceRunner to idle
    t =    19.40s Get number of matches for: Descendants matching type Popover
    t =    19.45s Type '2' key with modifiers '⌘' (0x10)
    t =    19.46s     Wait for com.zipkero.ResourceRunner to idle
    t =    19.46s     Find the Target Application 'com.zipkero.ResourceRunner'
    t =    19.50s     Check for interrupting elements affecting "ResourceRunner" Application
    t =    19.50s     Synthesize event
    t =    19.68s     Wait for com.zipkero.ResourceRunner to idle
    t =    19.68s Waiting 2.0s for StaticText (First Match) to exist
    t =    20.72s     Checking `Expect predicate `existsNoRetry == 1` for object StaticText (First Match)`
    t =    20.72s         Checking existence of `StaticText (First Match)`
    t =    20.79s Checking existence of `StaticText (First Match)`
    t =    20.86s Get number of matches for: Descendants matching type Popover
    t =    20.94s Click "DashboardContainer" Group[0.00, 0.00] -> (140.0, 252.0)
    t =    20.94s     Wait for com.zipkero.ResourceRunner to idle
    t =    20.95s     Find the "DashboardContainer" Group
    t =    20.98s     Check for interrupting elements affecting "DashboardContainer" Group
    t =    21.00s     Synthesize event
    t =    21.00s         Find the "DashboardContainer" Group
    t =    21.03s         Find the "DashboardContainer" Group
    t =    21.40s     Wait for com.zipkero.ResourceRunner to idle
    t =    21.40s Get number of matches for: Descendants matching type Popover
    t =    21.43s Get number of matches for: Descendants matching type Popover
    t =    21.55s Get number of matches for: Descendants matching type Popover
    t =    21.68s Get number of matches for: Descendants matching type Popover
    t =    21.81s Get number of matches for: Descendants matching type Popover
    t =    21.94s Get number of matches for: Descendants matching type Popover
    t =    22.06s Get number of matches for: Descendants matching type Popover
    t =    22.19s Get number of matches for: Descendants matching type Popover
    t =    22.32s Get number of matches for: Descendants matching type Popover
    t =    22.45s Get number of matches for: Descendants matching type Popover
    t =    22.48s Get number of matches for: Descendants matching type Popover
    t =    22.50s Type '2' key with modifiers '⌘' (0x10)
    t =    22.50s     Wait for com.zipkero.ResourceRunner to idle
    t =    22.50s     Find the Target Application 'com.zipkero.ResourceRunner'
    t =    22.53s     Check for interrupting elements affecting "ResourceRunner" Application
    t =    22.54s     Synthesize event
    t =    22.72s     Wait for com.zipkero.ResourceRunner to idle
    t =    22.72s Get number of matches for: Descendants matching type Popover
    t =    22.79s Tear Down
Test Case '-[ResourceRunnerUITests.DashboardCardSelectionUITests testCardSelectionLifecycleKeepsFramesFixedAndSurvivesSelfDismissal]' passed (23.182 seconds).
Test Case '-[ResourceRunnerUITests.DashboardCardSelectionUITests testClickingBlankAreaInsideCardOpensDetailPopover]' started.
    t =     0.00s Start Test at 2026-10-03 13:20:18.343
    t =     0.12s Set Up
    t =     0.12s Open com.zipkero.ResourceRunner
    t =     0.12s     Launch com.zipkero.ResourceRunner
    t =     0.12s         Terminate com.zipkero.ResourceRunner:88926
2026-10-03 13:20:19.477 xcodebuild[88366:49763615] [MT] IDELaunchParametersSnapshot: The operation couldn’t be completed. (DebuggerLLDB.DebuggerVersionStore.StoreError error 0.)
2026-10-03 13:20:19.477 xcodebuild[88366:49763615] [MT] IDELaunchParametersSnapshot: no debugger version
    t =     1.44s         Wait for accessibility to load
    t =     1.50s         Setting up automation session
    t =     1.51s         Wait for com.zipkero.ResourceRunner to idle
    t =     1.51s Waiting 5.0s for StatusItem (First Match) to exist
    t =     2.54s     Checking `Expect predicate `existsNoRetry == 1` for object StatusItem (First Match)`
    t =     2.54s         Checking existence of `StatusItem (First Match)`
    t =     2.58s Click StatusItem (First Match)
    t =     2.58s     Wait for com.zipkero.ResourceRunner to idle
    t =     2.58s     Find the StatusItem (First Match)
    t =     2.60s     Check for interrupting elements affecting "ResourceRunner, 낮음" StatusItem
    t =     2.60s     Open com.zipkero.ResourceRunner
    t =     2.60s         Activate com.zipkero.ResourceRunner
    t =     2.61s             Wait for com.zipkero.ResourceRunner to idle
    t =     2.61s     Synthesize event
    t =     3.08s     Wait for com.zipkero.ResourceRunner to idle
    t =     3.09s Waiting 5.0s for "CPUCard" Any to exist
    t =     4.13s     Checking `Expect predicate `existsNoRetry == 1` for object "CPUCard" Any`
    t =     4.13s         Checking existence of `"CPUCard" Any`
    t =     4.22s Find the "CPUCard" Any
    t =     4.36s Find the "CPUCard" Button
    t =     4.51s Find the "CPUCard" Button
    t =     4.67s Find the "CPUCard" Button
    t =     4.72s Click "CPUCard" Button[0.98, 0.50]
    t =     4.72s     Wait for com.zipkero.ResourceRunner to idle
    t =     4.72s     Find the "CPUCard" Button
    t =     4.76s     Check for interrupting elements affecting "CPUCard" Button
    t =     4.79s     Synthesize event
    t =     4.79s         Find the "CPUCard" Button
    t =     4.83s         Find the "CPUCard" Button
    t =     5.26s     Wait for com.zipkero.ResourceRunner to idle
    t =     5.26s Waiting 2.0s for "DashboardDetail" Any to exist
    t =     6.29s     Checking `Expect predicate `existsNoRetry == 1` for object "DashboardDetail" Any`
    t =     6.29s         Checking existence of `"DashboardDetail" Any`
    t =     6.36s Tear Down
Test Case '-[ResourceRunnerUITests.DashboardCardSelectionUITests testClickingBlankAreaInsideCardOpensDetailPopover]' passed (6.681 seconds).
Test Suite 'DashboardCardSelectionUITests' passed at 2026-10-03 13:20:25.024.
	 Executed 2 tests, with 0 failures (0 unexpected) in 29.863 (29.865) seconds
Test Suite 'DashboardDetailExpansionUITests' started at 2026-10-03 13:20:25.025.
Test Case '-[ResourceRunnerUITests.DashboardDetailExpansionUITests testExpansionPersistsWhenRowDisappearsAndReturnsOnListRefresh]' started.
    t =     0.00s Start Test at 2026-10-03 13:20:25.026
    t =     0.12s Set Up
    t =     0.12s Open com.zipkero.ResourceRunner
    t =     0.12s     Launch com.zipkero.ResourceRunner
    t =     0.12s         Terminate com.zipkero.ResourceRunner:89328
2026-10-03 13:20:26.212 xcodebuild[88366:49763615] [MT] IDELaunchParametersSnapshot: The operation couldn’t be completed. (DebuggerLLDB.DebuggerVersionStore.StoreError error 0.)
2026-10-03 13:20:26.212 xcodebuild[88366:49763615] [MT] IDELaunchParametersSnapshot: no debugger version
    t =     1.51s         Wait for accessibility to load
    t =     1.57s         Setting up automation session
    t =     1.58s         Wait for com.zipkero.ResourceRunner to idle
    t =     1.58s Waiting 5.0s for StatusItem (First Match) to exist
    t =     2.61s     Checking `Expect predicate `existsNoRetry == 1` for object StatusItem (First Match)`
    t =     2.62s         Checking existence of `StatusItem (First Match)`
    t =     2.64s Click StatusItem (First Match)
    t =     2.64s     Wait for com.zipkero.ResourceRunner to idle
    t =     2.64s     Find the StatusItem (First Match)
    t =     2.67s     Check for interrupting elements affecting "ResourceRunner, 낮음" StatusItem
    t =     2.68s     Open com.zipkero.ResourceRunner
    t =     2.68s         Activate com.zipkero.ResourceRunner
    t =     2.70s             Wait for com.zipkero.ResourceRunner to idle
    t =     2.72s     Synthesize event
    t =     3.16s     Wait for com.zipkero.ResourceRunner to idle
    t =     3.16s Waiting 5.0s for "CPUCard" Any to exist
    t =     4.19s     Checking `Expect predicate `existsNoRetry == 1` for object "CPUCard" Any`
    t =     4.19s         Checking existence of `"CPUCard" Any`
    t =     4.28s Find the "CPUCard" Any
    t =     4.42s Find the "CPUCard" Button
    t =     4.57s Find the "CPUCard" Button
    t =     4.72s Find the "CPUCard" Button
    t =     4.77s Type '1' key with modifiers '⌘' (0x10)
    t =     4.77s     Wait for com.zipkero.ResourceRunner to idle
    t =     4.78s     Find the Target Application 'com.zipkero.ResourceRunner'
    t =     4.81s     Check for interrupting elements affecting "ResourceRunner" Application
    t =     4.81s     Synthesize event
    t =     4.95s     Wait for com.zipkero.ResourceRunner to idle
    t =     4.96s Waiting 2.0s for StaticText (First Match) to exist
    t =     5.99s     Checking `Expect predicate `existsNoRetry == 1` for object StaticText (First Match)`
    t =     5.99s         Checking existence of `StaticText (First Match)`
    t =     6.01s Checking existence of `DisclosureTriangle (First Match)`
    t =     6.15s Checking existence of `DisclosureTriangle (First Match)`
    t =     6.29s Checking existence of `DisclosureTriangle (First Match)`
    t =     6.43s Checking existence of `DisclosureTriangle (First Match)`
    t =     6.56s Checking existence of `DisclosureTriangle (First Match)`
    t =     6.70s Checking existence of `DisclosureTriangle (First Match)`
    t =     6.83s Checking existence of `DisclosureTriangle (First Match)`
    t =     6.97s Checking existence of `DisclosureTriangle (First Match)`
    t =     7.11s Checking existence of `DisclosureTriangle (First Match)`
    t =     7.26s Checking existence of `DisclosureTriangle (First Match)`
    t =     7.40s Checking existence of `DisclosureTriangle (First Match)`
    t =     7.54s Checking existence of `DisclosureTriangle (First Match)`
    t =     7.69s Checking existence of `DisclosureTriangle (First Match)`
    t =     7.83s Checking existence of `DisclosureTriangle (First Match)`
    t =     7.97s Checking existence of `DisclosureTriangle (First Match)`
    t =     8.11s Checking existence of `DisclosureTriangle (First Match)`
    t =     8.26s Checking existence of `DisclosureTriangle (First Match)`
    t =     8.41s Checking existence of `DisclosureTriangle (First Match)`
    t =     8.54s Checking existence of `DisclosureTriangle (First Match)`
    t =     8.69s Checking existence of `DisclosureTriangle (First Match)`
    t =     8.83s Checking existence of `DisclosureTriangle (First Match)`
    t =     8.84s Find the DisclosureTriangle (First Match)
    t =     8.92s Click "AppRow-/private/tmp/rr-task018-ui/Build/Products/Debug/ResourceRunnerExpansionFixture/expansion-fixture-d357eaa8-583b-4754-b07e-a079d03a5b8f" DisclosureTriangle[0.50, 0.00] -> (0.0, 8.0)
    t =     8.92s     Wait for com.zipkero.ResourceRunner to idle
    t =     8.93s     Find the "AppRow-/private/tmp/rr-task018-ui/Build/Products/Debug/ResourceRunnerExpansionFixture/expansion-fixture-d357eaa8-583b-4754-b07e-a079d03a5b8f" DisclosureTriangle
    t =     8.94s     Check for interrupting elements affecting "AppRow-/private/tmp/rr-task018-ui/Build/Products/Debug/ResourceRunnerExpansionFixture/expansion-fixture-d357eaa8-583b-4754-b07e-a079d03a5b8f" DisclosureTriangle
    t =     8.96s     Synthesize event
    t =     8.96s         Find the "AppRow-/private/tmp/rr-task018-ui/Build/Products/Debug/ResourceRunnerExpansionFixture/expansion-fixture-d357eaa8-583b-4754-b07e-a079d03a5b8f" DisclosureTriangle
    t =     8.98s         Find the "AppRow-/private/tmp/rr-task018-ui/Build/Products/Debug/ResourceRunnerExpansionFixture/expansion-fixture-d357eaa8-583b-4754-b07e-a079d03a5b8f" DisclosureTriangle
    t =     9.34s     Wait for com.zipkero.ResourceRunner to idle
    t =     9.35s Checking existence of `"AppRow-/private/tmp/rr-task018-ui/Build/Products/Debug/ResourceRunnerExpansionFixture/expansion-fixture-d357eaa8-583b-4754-b07e-a079d03a5b8f" DisclosureTriangle`
    t =     9.37s Find the "AppRow-/private/tmp/rr-task018-ui/Build/Products/Debug/ResourceRunnerExpansionFixture/expansion-fixture-d357eaa8-583b-4754-b07e-a079d03a5b8f" DisclosureTriangle
    t =     9.46s Checking existence of `"AppRow-/private/tmp/rr-task018-ui/Build/Products/Debug/ResourceRunnerExpansionFixture/expansion-fixture-d357eaa8-583b-4754-b07e-a079d03a5b8f" DisclosureTriangle`
    t =     9.58s Checking existence of `"AppRow-/private/tmp/rr-task018-ui/Build/Products/Debug/ResourceRunnerExpansionFixture/expansion-fixture-d357eaa8-583b-4754-b07e-a079d03a5b8f" DisclosureTriangle`
    t =     9.70s Checking existence of `"AppRow-/private/tmp/rr-task018-ui/Build/Products/Debug/ResourceRunnerExpansionFixture/expansion-fixture-d357eaa8-583b-4754-b07e-a079d03a5b8f" DisclosureTriangle`
    t =     9.81s Checking existence of `"AppRow-/private/tmp/rr-task018-ui/Build/Products/Debug/ResourceRunnerExpansionFixture/expansion-fixture-d357eaa8-583b-4754-b07e-a079d03a5b8f" DisclosureTriangle`
    t =     9.94s Checking existence of `"AppRow-/private/tmp/rr-task018-ui/Build/Products/Debug/ResourceRunnerExpansionFixture/expansion-fixture-d357eaa8-583b-4754-b07e-a079d03a5b8f" DisclosureTriangle`
    t =    10.06s Checking existence of `"AppRow-/private/tmp/rr-task018-ui/Build/Products/Debug/ResourceRunnerExpansionFixture/expansion-fixture-d357eaa8-583b-4754-b07e-a079d03a5b8f" DisclosureTriangle`
    t =    10.18s Checking existence of `"AppRow-/private/tmp/rr-task018-ui/Build/Products/Debug/ResourceRunnerExpansionFixture/expansion-fixture-d357eaa8-583b-4754-b07e-a079d03a5b8f" DisclosureTriangle`
    t =    10.30s Checking existence of `"AppRow-/private/tmp/rr-task018-ui/Build/Products/Debug/ResourceRunnerExpansionFixture/expansion-fixture-d357eaa8-583b-4754-b07e-a079d03a5b8f" DisclosureTriangle`
    t =    10.41s Checking existence of `"AppRow-/private/tmp/rr-task018-ui/Build/Products/Debug/ResourceRunnerExpansionFixture/expansion-fixture-d357eaa8-583b-4754-b07e-a079d03a5b8f" DisclosureTriangle`
    t =    10.53s Checking existence of `"AppRow-/private/tmp/rr-task018-ui/Build/Products/Debug/ResourceRunnerExpansionFixture/expansion-fixture-d357eaa8-583b-4754-b07e-a079d03a5b8f" DisclosureTriangle`
    t =    10.65s Checking existence of `"AppRow-/private/tmp/rr-task018-ui/Build/Products/Debug/ResourceRunnerExpansionFixture/expansion-fixture-d357eaa8-583b-4754-b07e-a079d03a5b8f" DisclosureTriangle`
    t =    10.77s Checking existence of `"AppRow-/private/tmp/rr-task018-ui/Build/Products/Debug/ResourceRunnerExpansionFixture/expansion-fixture-d357eaa8-583b-4754-b07e-a079d03a5b8f" DisclosureTriangle`
    t =    10.83s Checking existence of `"AppRow-/private/tmp/rr-task018-ui/Build/Products/Debug/ResourceRunnerExpansionFixture/expansion-fixture-d357eaa8-583b-4754-b07e-a079d03a5b8f" DisclosureTriangle`
    t =    10.97s Checking existence of `"AppRow-/private/tmp/rr-task018-ui/Build/Products/Debug/ResourceRunnerExpansionFixture/expansion-fixture-d357eaa8-583b-4754-b07e-a079d03a5b8f" DisclosureTriangle`
    t =    11.11s Checking existence of `"AppRow-/private/tmp/rr-task018-ui/Build/Products/Debug/ResourceRunnerExpansionFixture/expansion-fixture-d357eaa8-583b-4754-b07e-a079d03a5b8f" DisclosureTriangle`
    t =    11.26s Checking existence of `"AppRow-/private/tmp/rr-task018-ui/Build/Products/Debug/ResourceRunnerExpansionFixture/expansion-fixture-d357eaa8-583b-4754-b07e-a079d03a5b8f" DisclosureTriangle`
    t =    11.41s Checking existence of `"AppRow-/private/tmp/rr-task018-ui/Build/Products/Debug/ResourceRunnerExpansionFixture/expansion-fixture-d357eaa8-583b-4754-b07e-a079d03a5b8f" DisclosureTriangle`
    t =    11.55s Checking existence of `"AppRow-/private/tmp/rr-task018-ui/Build/Products/Debug/ResourceRunnerExpansionFixture/expansion-fixture-d357eaa8-583b-4754-b07e-a079d03a5b8f" DisclosureTriangle`
    t =    11.70s Checking existence of `"AppRow-/private/tmp/rr-task018-ui/Build/Products/Debug/ResourceRunnerExpansionFixture/expansion-fixture-d357eaa8-583b-4754-b07e-a079d03a5b8f" DisclosureTriangle`
    t =    11.85s Checking existence of `"AppRow-/private/tmp/rr-task018-ui/Build/Products/Debug/ResourceRunnerExpansionFixture/expansion-fixture-d357eaa8-583b-4754-b07e-a079d03a5b8f" DisclosureTriangle`
    t =    12.00s Checking existence of `"AppRow-/private/tmp/rr-task018-ui/Build/Products/Debug/ResourceRunnerExpansionFixture/expansion-fixture-d357eaa8-583b-4754-b07e-a079d03a5b8f" DisclosureTriangle`
    t =    12.14s Checking existence of `"AppRow-/private/tmp/rr-task018-ui/Build/Products/Debug/ResourceRunnerExpansionFixture/expansion-fixture-d357eaa8-583b-4754-b07e-a079d03a5b8f" DisclosureTriangle`
    t =    12.29s Checking existence of `"AppRow-/private/tmp/rr-task018-ui/Build/Products/Debug/ResourceRunnerExpansionFixture/expansion-fixture-d357eaa8-583b-4754-b07e-a079d03a5b8f" DisclosureTriangle`
    t =    12.44s Checking existence of `"AppRow-/private/tmp/rr-task018-ui/Build/Products/Debug/ResourceRunnerExpansionFixture/expansion-fixture-d357eaa8-583b-4754-b07e-a079d03a5b8f" DisclosureTriangle`
    t =    12.58s Checking existence of `"AppRow-/private/tmp/rr-task018-ui/Build/Products/Debug/ResourceRunnerExpansionFixture/expansion-fixture-d357eaa8-583b-4754-b07e-a079d03a5b8f" DisclosureTriangle`
    t =    12.72s Checking existence of `"AppRow-/private/tmp/rr-task018-ui/Build/Products/Debug/ResourceRunnerExpansionFixture/expansion-fixture-d357eaa8-583b-4754-b07e-a079d03a5b8f" DisclosureTriangle`
    t =    12.77s Find the "AppRow-/private/tmp/rr-task018-ui/Build/Products/Debug/ResourceRunnerExpansionFixture/expansion-fixture-d357eaa8-583b-4754-b07e-a079d03a5b8f" DisclosureTriangle
    t =    12.84s Find the "AppRow-/private/tmp/rr-task018-ui/Build/Products/Debug/ResourceRunnerExpansionFixture/expansion-fixture-d357eaa8-583b-4754-b07e-a079d03a5b8f" DisclosureTriangle
    t =    12.85s Find the "AppRow-/private/tmp/rr-task018-ui/Build/Products/Debug/ResourceRunnerExpansionFixture/expansion-fixture-d357eaa8-583b-4754-b07e-a079d03a5b8f" DisclosureTriangle
    t =    12.93s Tear Down
Test Case '-[ResourceRunnerUITests.DashboardDetailExpansionUITests testExpansionPersistsWhenRowDisappearsAndReturnsOnListRefresh]' passed (13.313 seconds).
Test Case '-[ResourceRunnerUITests.DashboardDetailExpansionUITests testLeftEdgeClickDoesNotDismissPopover]' started.
    t =     0.00s Start Test at 2026-10-03 13:20:38.342
    t =     0.13s Set Up
    t =     0.13s Open com.zipkero.ResourceRunner
    t =     0.13s     Launch com.zipkero.ResourceRunner
    t =     0.13s         Terminate com.zipkero.ResourceRunner:89407
2026-10-03 13:20:39.547 xcodebuild[88366:49763615] [MT] IDELaunchParametersSnapshot: The operation couldn’t be completed. (DebuggerLLDB.DebuggerVersionStore.StoreError error 0.)
2026-10-03 13:20:39.547 xcodebuild[88366:49763615] [MT] IDELaunchParametersSnapshot: no debugger version
    t =     1.50s         Wait for accessibility to load
    t =     1.57s         Setting up automation session
    t =     1.58s         Wait for com.zipkero.ResourceRunner to idle
    t =     1.58s Waiting 5.0s for StatusItem (First Match) to exist
    t =     2.61s     Checking `Expect predicate `existsNoRetry == 1` for object StatusItem (First Match)`
    t =     2.61s         Checking existence of `StatusItem (First Match)`
    t =     2.63s Click StatusItem (First Match)
    t =     2.63s     Wait for com.zipkero.ResourceRunner to idle
    t =     2.64s     Find the StatusItem (First Match)
    t =     2.66s     Check for interrupting elements affecting "ResourceRunner, 낮음" StatusItem
    t =     2.66s     Open com.zipkero.ResourceRunner
    t =     2.66s         Activate com.zipkero.ResourceRunner
    t =     2.67s             Wait for com.zipkero.ResourceRunner to idle
    t =     2.68s     Synthesize event
    t =     3.11s     Wait for com.zipkero.ResourceRunner to idle
    t =     3.12s Waiting 5.0s for "CPUCard" Any to exist
    t =     4.15s     Checking `Expect predicate `existsNoRetry == 1` for object "CPUCard" Any`
    t =     4.15s         Checking existence of `"CPUCard" Any`
    t =     4.24s Find the "CPUCard" Any
    t =     4.38s Find the "CPUCard" Button
    t =     4.52s Find the "CPUCard" Button
    t =     4.67s Find the "CPUCard" Button
    t =     4.81s Find the "CPUCard" Button
    t =     4.85s Type '1' key with modifiers '⌘' (0x10)
    t =     4.85s     Wait for com.zipkero.ResourceRunner to idle
    t =     4.86s     Find the Target Application 'com.zipkero.ResourceRunner'
    t =     4.88s     Check for interrupting elements affecting "ResourceRunner" Application
    t =     4.88s     Synthesize event
    t =     5.02s     Wait for com.zipkero.ResourceRunner to idle
    t =     5.02s Waiting 2.0s for StaticText (First Match) to exist
    t =     6.03s     Checking `Expect predicate `existsNoRetry == 1` for object StaticText (First Match)`
    t =     6.03s         Checking existence of `StaticText (First Match)`
    t =     6.06s Checking existence of `DisclosureTriangle (First Match)`
    t =     6.20s Checking existence of `DisclosureTriangle (First Match)`
    t =     6.33s Checking existence of `DisclosureTriangle (First Match)`
    t =     6.46s Checking existence of `DisclosureTriangle (First Match)`
    t =     6.59s Checking existence of `DisclosureTriangle (First Match)`
    t =     6.73s Checking existence of `DisclosureTriangle (First Match)`
    t =     6.87s Checking existence of `DisclosureTriangle (First Match)`
    t =     7.02s Checking existence of `DisclosureTriangle (First Match)`
    t =     7.16s Checking existence of `DisclosureTriangle (First Match)`
    t =     7.30s Checking existence of `DisclosureTriangle (First Match)`
    t =     7.45s Checking existence of `DisclosureTriangle (First Match)`
    t =     7.59s Checking existence of `DisclosureTriangle (First Match)`
    t =     7.73s Checking existence of `DisclosureTriangle (First Match)`
    t =     7.87s Checking existence of `DisclosureTriangle (First Match)`
    t =     8.01s Checking existence of `DisclosureTriangle (First Match)`
    t =     8.16s Checking existence of `DisclosureTriangle (First Match)`
    t =     8.30s Checking existence of `DisclosureTriangle (First Match)`
    t =     8.44s Checking existence of `DisclosureTriangle (First Match)`
    t =     8.59s Checking existence of `DisclosureTriangle (First Match)`
    t =     8.74s Checking existence of `DisclosureTriangle (First Match)`
    t =     8.76s Find the DisclosureTriangle (First Match)
    t =     8.84s Get number of matches for: Descendants matching type Popover
    t =     8.88s Click "AppRow-/private/tmp/rr-task018-ui/Build/Products/Debug/ResourceRunnerUITests-Runner.app" DisclosureTriangle[0.00, 0.50] -> (2.0, 0.0)
    t =     8.88s     Wait for com.zipkero.ResourceRunner to idle
    t =     8.89s     Find the "AppRow-/private/tmp/rr-task018-ui/Build/Products/Debug/ResourceRunnerUITests-Runner.app" DisclosureTriangle
    t =     8.91s     Check for interrupting elements affecting "AppRow-/private/tmp/rr-task018-ui/Build/Products/Debug/ResourceRunnerUITests-Runner.app" DisclosureTriangle
    t =     8.93s     Synthesize event
    t =     8.94s         Find the "AppRow-/private/tmp/rr-task018-ui/Build/Products/Debug/ResourceRunnerUITests-Runner.app" DisclosureTriangle
    t =     8.95s         Find the "AppRow-/private/tmp/rr-task018-ui/Build/Products/Debug/ResourceRunnerUITests-Runner.app" DisclosureTriangle
    t =     9.30s     Wait for com.zipkero.ResourceRunner to idle
    t =     9.30s Get number of matches for: Descendants matching type Popover
    t =     9.35s Tear Down
Test Case '-[ResourceRunnerUITests.DashboardDetailExpansionUITests testLeftEdgeClickDoesNotDismissPopover]' passed (9.731 seconds).
Test Case '-[ResourceRunnerUITests.DashboardDetailExpansionUITests testRowCenterClickExpandsAndPersistsAcrossRerenders]' started.
    t =     0.00s Start Test at 2026-10-03 13:20:48.074
    t =     0.13s Set Up
    t =     0.14s Open com.zipkero.ResourceRunner
    t =     0.14s     Launch com.zipkero.ResourceRunner
    t =     0.14s         Terminate com.zipkero.ResourceRunner:89658
2026-10-03 13:20:49.304 xcodebuild[88366:49763615] [MT] IDELaunchParametersSnapshot: The operation couldn’t be completed. (DebuggerLLDB.DebuggerVersionStore.StoreError error 0.)
2026-10-03 13:20:49.304 xcodebuild[88366:49763615] [MT] IDELaunchParametersSnapshot: no debugger version
    t =     1.58s         Wait for accessibility to load
    t =     1.64s         Setting up automation session
    t =     1.65s         Wait for com.zipkero.ResourceRunner to idle
    t =     1.65s Waiting 5.0s for StatusItem (First Match) to exist
    t =     2.68s     Checking `Expect predicate `existsNoRetry == 1` for object StatusItem (First Match)`
    t =     2.68s         Checking existence of `StatusItem (First Match)`
    t =     2.71s Click StatusItem (First Match)
    t =     2.71s     Wait for com.zipkero.ResourceRunner to idle
    t =     2.71s     Find the StatusItem (First Match)
    t =     2.74s     Check for interrupting elements affecting "ResourceRunner, 낮음" StatusItem
    t =     2.74s     Open com.zipkero.ResourceRunner
    t =     2.75s         Activate com.zipkero.ResourceRunner
    t =     2.76s             Wait for com.zipkero.ResourceRunner to idle
    t =     2.78s     Synthesize event
    t =     3.20s     Wait for com.zipkero.ResourceRunner to idle
    t =     3.21s Waiting 5.0s for "CPUCard" Any to exist
    t =     4.24s     Checking `Expect predicate `existsNoRetry == 1` for object "CPUCard" Any`
    t =     4.24s         Checking existence of `"CPUCard" Any`
    t =     4.33s Find the "CPUCard" Any
    t =     4.47s Find the "CPUCard" Button
    t =     4.62s Find the "CPUCard" Button
    t =     4.76s Find the "CPUCard" Button
    t =     4.82s Type '1' key with modifiers '⌘' (0x10)
    t =     4.82s     Wait for com.zipkero.ResourceRunner to idle
    t =     4.83s     Find the Target Application 'com.zipkero.ResourceRunner'
    t =     4.85s     Check for interrupting elements affecting "ResourceRunner" Application
    t =     4.86s     Synthesize event
    t =     5.01s     Wait for com.zipkero.ResourceRunner to idle
    t =     5.02s Waiting 2.0s for StaticText (First Match) to exist
    t =     6.03s     Checking `Expect predicate `existsNoRetry == 1` for object StaticText (First Match)`
    t =     6.03s         Checking existence of `StaticText (First Match)`
    t =     6.05s Checking existence of `DisclosureTriangle (First Match)`
    t =     6.19s Checking existence of `DisclosureTriangle (First Match)`
    t =     6.32s Checking existence of `DisclosureTriangle (First Match)`
    t =     6.45s Checking existence of `DisclosureTriangle (First Match)`
    t =     6.59s Checking existence of `DisclosureTriangle (First Match)`
    t =     6.73s Checking existence of `DisclosureTriangle (First Match)`
    t =     6.86s Checking existence of `DisclosureTriangle (First Match)`
    t =     7.00s Checking existence of `DisclosureTriangle (First Match)`
    t =     7.14s Checking existence of `DisclosureTriangle (First Match)`
    t =     7.28s Checking existence of `DisclosureTriangle (First Match)`
    t =     7.42s Checking existence of `DisclosureTriangle (First Match)`
    t =     7.56s Checking existence of `DisclosureTriangle (First Match)`
    t =     7.70s Checking existence of `DisclosureTriangle (First Match)`
    t =     7.85s Checking existence of `DisclosureTriangle (First Match)`
    t =     8.00s Checking existence of `DisclosureTriangle (First Match)`
    t =     8.15s Checking existence of `DisclosureTriangle (First Match)`
    t =     8.30s Checking existence of `DisclosureTriangle (First Match)`
    t =     8.44s Checking existence of `DisclosureTriangle (First Match)`
    t =     8.59s Checking existence of `DisclosureTriangle (First Match)`
    t =     8.73s Checking existence of `DisclosureTriangle (First Match)`
    t =     8.87s Checking existence of `DisclosureTriangle (First Match)`
    t =     8.89s Find the DisclosureTriangle (First Match)
    t =     8.97s Click "AppRow-/private/tmp/rr-task018-ui/Build/Products/Debug/ResourceRunnerUITests-Runner.app" DisclosureTriangle[0.50, 0.00] -> (0.0, 8.0)
    t =     8.97s     Wait for com.zipkero.ResourceRunner to idle
    t =     8.97s     Find the "AppRow-/private/tmp/rr-task018-ui/Build/Products/Debug/ResourceRunnerUITests-Runner.app" DisclosureTriangle
    t =     8.98s     Check for interrupting elements affecting "AppRow-/private/tmp/rr-task018-ui/Build/Products/Debug/ResourceRunnerUITests-Runner.app" DisclosureTriangle
    t =     9.00s     Synthesize event
    t =     9.00s         Find the "AppRow-/private/tmp/rr-task018-ui/Build/Products/Debug/ResourceRunnerUITests-Runner.app" DisclosureTriangle
    t =     9.01s         Find the "AppRow-/private/tmp/rr-task018-ui/Build/Products/Debug/ResourceRunnerUITests-Runner.app" DisclosureTriangle
    t =     9.38s     Wait for com.zipkero.ResourceRunner to idle
    t =     9.40s Checking existence of `"AppRow-/private/tmp/rr-task018-ui/Build/Products/Debug/ResourceRunnerUITests-Runner.app" DisclosureTriangle`
    t =     9.41s Find the "AppRow-/private/tmp/rr-task018-ui/Build/Products/Debug/ResourceRunnerUITests-Runner.app" DisclosureTriangle
    t =     9.43s Waiting 2.0s for StaticText (First Match) to exist
    t =    10.45s     Checking `Expect predicate `existsNoRetry == 1` for object StaticText (First Match)`
    t =    10.45s         Checking existence of `StaticText (First Match)`
    t =    12.98s Checking existence of `"AppRow-/private/tmp/rr-task018-ui/Build/Products/Debug/ResourceRunnerUITests-Runner.app" DisclosureTriangle`
    t =    13.00s Find the "AppRow-/private/tmp/rr-task018-ui/Build/Products/Debug/ResourceRunnerUITests-Runner.app" DisclosureTriangle
    t =    13.02s Checking existence of `StaticText (First Match)`
    t =    13.03s Tear Down
Test Case '-[ResourceRunnerUITests.DashboardDetailExpansionUITests testRowCenterClickExpandsAndPersistsAcrossRerenders]' passed (13.390 seconds).
Test Case '-[ResourceRunnerUITests.DashboardDetailExpansionUITests testRowCenterClickTogglesClosedOnSecondClick]' started.
    t =     0.00s Start Test at 2026-10-03 13:21:01.465
    t =     0.13s Set Up
    t =     0.13s Open com.zipkero.ResourceRunner
    t =     0.13s     Launch com.zipkero.ResourceRunner
    t =     0.14s         Terminate com.zipkero.ResourceRunner:89775
2026-10-03 13:21:02.675 xcodebuild[88366:49763615] [MT] IDELaunchParametersSnapshot: The operation couldn’t be completed. (DebuggerLLDB.DebuggerVersionStore.StoreError error 0.)
2026-10-03 13:21:02.675 xcodebuild[88366:49763615] [MT] IDELaunchParametersSnapshot: no debugger version
    t =     1.53s         Wait for accessibility to load
    t =     1.59s         Setting up automation session
    t =     1.60s         Wait for com.zipkero.ResourceRunner to idle
    t =     1.60s Waiting 5.0s for StatusItem (First Match) to exist
    t =     2.61s     Checking `Expect predicate `existsNoRetry == 1` for object StatusItem (First Match)`
    t =     2.61s         Checking existence of `StatusItem (First Match)`
    t =     2.64s Click StatusItem (First Match)
    t =     2.64s     Wait for com.zipkero.ResourceRunner to idle
    t =     2.64s     Find the StatusItem (First Match)
    t =     2.66s     Check for interrupting elements affecting "ResourceRunner, 낮음" StatusItem
    t =     2.66s     Open com.zipkero.ResourceRunner
    t =     2.66s         Activate com.zipkero.ResourceRunner
    t =     2.69s             Wait for com.zipkero.ResourceRunner to idle
    t =     2.70s     Synthesize event
    t =     3.13s     Wait for com.zipkero.ResourceRunner to idle
    t =     3.14s Waiting 5.0s for "CPUCard" Any to exist
    t =     4.14s     Checking `Expect predicate `existsNoRetry == 1` for object "CPUCard" Any`
    t =     4.14s         Checking existence of `"CPUCard" Any`
    t =     4.24s Find the "CPUCard" Any
    t =     4.38s Find the "CPUCard" Button
    t =     4.52s Find the "CPUCard" Button
    t =     4.68s Find the "CPUCard" Button
    t =     4.83s Find the "CPUCard" Button
    t =     4.88s Type '1' key with modifiers '⌘' (0x10)
    t =     4.88s     Wait for com.zipkero.ResourceRunner to idle
    t =     4.88s     Find the Target Application 'com.zipkero.ResourceRunner'
    t =     4.91s     Check for interrupting elements affecting "ResourceRunner" Application
    t =     4.91s     Synthesize event
    t =     5.06s     Wait for com.zipkero.ResourceRunner to idle
    t =     5.06s Waiting 2.0s for StaticText (First Match) to exist
    t =     6.08s     Checking `Expect predicate `existsNoRetry == 1` for object StaticText (First Match)`
    t =     6.08s         Checking existence of `StaticText (First Match)`
    t =     6.10s Checking existence of `DisclosureTriangle (First Match)`
    t =     6.24s Checking existence of `DisclosureTriangle (First Match)`
    t =     6.37s Checking existence of `DisclosureTriangle (First Match)`
    t =     6.50s Checking existence of `DisclosureTriangle (First Match)`
    t =     6.64s Checking existence of `DisclosureTriangle (First Match)`
    t =     6.77s Checking existence of `DisclosureTriangle (First Match)`
    t =     6.91s Checking existence of `DisclosureTriangle (First Match)`
    t =     7.05s Checking existence of `DisclosureTriangle (First Match)`
    t =     7.19s Checking existence of `DisclosureTriangle (First Match)`
    t =     7.34s Checking existence of `DisclosureTriangle (First Match)`
    t =     7.48s Checking existence of `DisclosureTriangle (First Match)`
    t =     7.63s Checking existence of `DisclosureTriangle (First Match)`
    t =     7.77s Checking existence of `DisclosureTriangle (First Match)`
    t =     7.92s Checking existence of `DisclosureTriangle (First Match)`
    t =     8.06s Checking existence of `DisclosureTriangle (First Match)`
    t =     8.21s Checking existence of `DisclosureTriangle (First Match)`
    t =     8.36s Checking existence of `DisclosureTriangle (First Match)`
    t =     8.49s Checking existence of `DisclosureTriangle (First Match)`
    t =     8.64s Checking existence of `DisclosureTriangle (First Match)`
    t =     8.78s Checking existence of `DisclosureTriangle (First Match)`
    t =     8.80s Find the DisclosureTriangle (First Match)
    t =     8.87s Click "AppRow-/private/tmp/rr-task018-ui/Build/Products/Debug/ResourceRunnerUITests-Runner.app" DisclosureTriangle[0.50, 0.00] -> (0.0, 8.0)
    t =     8.87s     Wait for com.zipkero.ResourceRunner to idle
    t =     8.88s     Find the "AppRow-/private/tmp/rr-task018-ui/Build/Products/Debug/ResourceRunnerUITests-Runner.app" DisclosureTriangle
    t =     8.89s     Check for interrupting elements affecting "AppRow-/private/tmp/rr-task018-ui/Build/Products/Debug/ResourceRunnerUITests-Runner.app" DisclosureTriangle
    t =     8.91s     Synthesize event
    t =     8.91s         Find the "AppRow-/private/tmp/rr-task018-ui/Build/Products/Debug/ResourceRunnerUITests-Runner.app" DisclosureTriangle
    t =     8.92s         Find the "AppRow-/private/tmp/rr-task018-ui/Build/Products/Debug/ResourceRunnerUITests-Runner.app" DisclosureTriangle
    t =     9.30s     Wait for com.zipkero.ResourceRunner to idle
    t =     9.31s Checking existence of `"AppRow-/private/tmp/rr-task018-ui/Build/Products/Debug/ResourceRunnerUITests-Runner.app" DisclosureTriangle`
    t =     9.33s Find the "AppRow-/private/tmp/rr-task018-ui/Build/Products/Debug/ResourceRunnerUITests-Runner.app" DisclosureTriangle
    t =     9.35s Click "AppRow-/private/tmp/rr-task018-ui/Build/Products/Debug/ResourceRunnerUITests-Runner.app" DisclosureTriangle[0.50, 0.00] -> (0.0, 8.0)
    t =     9.35s     Wait for com.zipkero.ResourceRunner to idle
    t =     9.36s     Find the "AppRow-/private/tmp/rr-task018-ui/Build/Products/Debug/ResourceRunnerUITests-Runner.app" DisclosureTriangle
    t =     9.38s     Check for interrupting elements affecting "AppRow-/private/tmp/rr-task018-ui/Build/Products/Debug/ResourceRunnerUITests-Runner.app" DisclosureTriangle
    t =     9.41s     Synthesize event
    t =     9.41s         Find the "AppRow-/private/tmp/rr-task018-ui/Build/Products/Debug/ResourceRunnerUITests-Runner.app" DisclosureTriangle
    t =     9.42s         Find the "AppRow-/private/tmp/rr-task018-ui/Build/Products/Debug/ResourceRunnerUITests-Runner.app" DisclosureTriangle
    t =     9.78s     Wait for com.zipkero.ResourceRunner to idle
    t =     9.79s Checking existence of `"AppRow-/private/tmp/rr-task018-ui/Build/Products/Debug/ResourceRunnerUITests-Runner.app" DisclosureTriangle`
    t =     9.81s Find the "AppRow-/private/tmp/rr-task018-ui/Build/Products/Debug/ResourceRunnerUITests-Runner.app" DisclosureTriangle
    t =     9.82s Tear Down
Test Case '-[ResourceRunnerUITests.DashboardDetailExpansionUITests testRowCenterClickTogglesClosedOnSecondClick]' passed (10.197 seconds).
Test Suite 'DashboardDetailExpansionUITests' passed at 2026-10-03 13:21:11.662.
	 Executed 4 tests, with 0 failures (0 unexpected) in 46.632 (46.638) seconds
Test Suite 'DashboardDetailPopoverUITests' started at 2026-10-03 13:21:11.664.
Test Case '-[ResourceRunnerUITests.DashboardDetailPopoverUITests testCPUAndMemoryDetailPopoverFramesAreTheSameFixedSize]' started.
    t =     0.00s Start Test at 2026-10-03 13:21:11.665
    t =     0.14s Set Up
    t =     0.14s Open com.zipkero.ResourceRunner
    t =     0.14s     Launch com.zipkero.ResourceRunner
    t =     0.14s         Terminate com.zipkero.ResourceRunner:90067
2026-10-03 13:21:12.814 xcodebuild[88366:49763615] [MT] IDELaunchParametersSnapshot: The operation couldn’t be completed. (DebuggerLLDB.DebuggerVersionStore.StoreError error 0.)
2026-10-03 13:21:12.815 xcodebuild[88366:49763615] [MT] IDELaunchParametersSnapshot: no debugger version
    t =     1.47s         Wait for accessibility to load
    t =     1.54s         Setting up automation session
    t =     1.55s         Wait for com.zipkero.ResourceRunner to idle
    t =     1.55s Waiting 5.0s for StatusItem (First Match) to exist
    t =     2.58s     Checking `Expect predicate `existsNoRetry == 1` for object StatusItem (First Match)`
    t =     2.58s         Checking existence of `StatusItem (First Match)`
    t =     2.60s Click StatusItem (First Match)
    t =     2.60s     Wait for com.zipkero.ResourceRunner to idle
    t =     2.60s     Find the StatusItem (First Match)
    t =     2.62s     Check for interrupting elements affecting "ResourceRunner, 낮음" StatusItem
    t =     2.63s     Open com.zipkero.ResourceRunner
    t =     2.63s         Activate com.zipkero.ResourceRunner
    t =     2.65s             Wait for com.zipkero.ResourceRunner to idle
    t =     2.66s     Synthesize event
    t =     3.10s     Wait for com.zipkero.ResourceRunner to idle
    t =     3.11s Waiting 5.0s for "CPUCard" Any to exist
    t =     4.12s     Checking `Expect predicate `existsNoRetry == 1` for object "CPUCard" Any`
    t =     4.12s         Checking existence of `"CPUCard" Any`
    t =     4.22s Find the "CPUCard" Any
    t =     4.36s Find the "CPUCard" Button
    t =     4.51s Find the "CPUCard" Button
    t =     4.66s Find the "CPUCard" Button
    t =     4.71s Type '1' key with modifiers '⌘' (0x10)
    t =     4.71s     Wait for com.zipkero.ResourceRunner to idle
    t =     4.72s     Find the Target Application 'com.zipkero.ResourceRunner'
    t =     4.75s     Check for interrupting elements affecting "ResourceRunner" Application
    t =     4.75s     Synthesize event
    t =     4.90s     Wait for com.zipkero.ResourceRunner to idle
    t =     4.90s Waiting 2.0s for StaticText (First Match) to exist
    t =     5.91s     Checking `Expect predicate `existsNoRetry == 1` for object StaticText (First Match)`
    t =     5.91s         Checking existence of `StaticText (First Match)`
    t =     5.96s Get number of matches for: Descendants matching type Popover
    t =     5.98s Find the "DashboardDetail" Any
    t =     6.02s Type '2' key with modifiers '⌘' (0x10)
    t =     6.02s     Wait for com.zipkero.ResourceRunner to idle
    t =     6.03s     Find the Target Application 'com.zipkero.ResourceRunner'
    t =     6.06s     Check for interrupting elements affecting "ResourceRunner" Application
    t =     6.06s     Synthesize event
    t =     6.17s     Wait for com.zipkero.ResourceRunner to idle
    t =     6.17s Waiting 2.0s for StaticText (First Match) to exist
    t =     7.19s     Checking `Expect predicate `existsNoRetry == 1` for object StaticText (First Match)`
    t =     7.19s         Checking existence of `StaticText (First Match)`
    t =     7.25s Checking existence of `StaticText (First Match)`
    t =     7.30s Find the "DashboardDetail" Any
    t =     7.34s Tear Down
Test Case '-[ResourceRunnerUITests.DashboardDetailPopoverUITests testCPUAndMemoryDetailPopoverFramesAreTheSameFixedSize]' passed (7.705 seconds).
Test Case '-[ResourceRunnerUITests.DashboardDetailPopoverUITests testCPUDetailFrameRemainsExactlyFixedWhenAppRowExpands]' started.
    t =     0.00s Start Test at 2026-10-03 13:21:19.372
    t =     0.14s Set Up
    t =     0.14s Open com.zipkero.ResourceRunner
    t =     0.14s     Launch com.zipkero.ResourceRunner
    t =     0.14s         Terminate com.zipkero.ResourceRunner:90203
2026-10-03 13:21:20.600 xcodebuild[88366:49763615] [MT] IDELaunchParametersSnapshot: The operation couldn’t be completed. (DebuggerLLDB.DebuggerVersionStore.StoreError error 0.)
2026-10-03 13:21:20.600 xcodebuild[88366:49763615] [MT] IDELaunchParametersSnapshot: no debugger version
    t =     1.55s         Wait for accessibility to load
    t =     1.60s         Setting up automation session
    t =     1.61s         Wait for com.zipkero.ResourceRunner to idle
    t =     1.61s Waiting 5.0s for StatusItem (First Match) to exist
    t =     2.62s     Checking `Expect predicate `existsNoRetry == 1` for object StatusItem (First Match)`
    t =     2.62s         Checking existence of `StatusItem (First Match)`
    t =     2.65s Click StatusItem (First Match)
    t =     2.65s     Wait for com.zipkero.ResourceRunner to idle
    t =     2.65s     Find the StatusItem (First Match)
    t =     2.68s     Check for interrupting elements affecting "ResourceRunner, 낮음" StatusItem
    t =     2.69s     Open com.zipkero.ResourceRunner
    t =     2.69s         Activate com.zipkero.ResourceRunner
    t =     2.71s             Wait for com.zipkero.ResourceRunner to idle
    t =     2.72s     Synthesize event
    t =     3.22s     Wait for com.zipkero.ResourceRunner to idle
    t =     3.23s Waiting 5.0s for "CPUCard" Any to exist
    t =     4.25s     Checking `Expect predicate `existsNoRetry == 1` for object "CPUCard" Any`
    t =     4.25s         Checking existence of `"CPUCard" Any`
    t =     4.36s Find the "CPUCard" Any
    t =     4.50s Find the "CPUCard" Button
    t =     4.64s Find the "CPUCard" Button
    t =     4.78s Find the "CPUCard" Button
    t =     4.83s Type '1' key with modifiers '⌘' (0x10)
    t =     4.83s     Wait for com.zipkero.ResourceRunner to idle
    t =     4.84s     Find the Target Application 'com.zipkero.ResourceRunner'
    t =     4.98s     Check for interrupting elements affecting "ResourceRunner" Application
    t =     4.98s     Synthesize event
    t =     5.12s     Wait for com.zipkero.ResourceRunner to idle
    t =     5.13s Waiting 2.0s for StaticText (First Match) to exist
    t =     6.14s     Checking `Expect predicate `existsNoRetry == 1` for object StaticText (First Match)`
    t =     6.14s         Checking existence of `StaticText (First Match)`
    t =     6.18s Waiting 2.0s for "DashboardDetail" Any to exist
    t =     7.19s     Checking `Expect predicate `existsNoRetry == 1` for object "DashboardDetail" Any`
    t =     7.20s         Checking existence of `"DashboardDetail" Any`
    t =     7.25s Find the "DashboardDetail" Any
    t =     7.30s Checking existence of `DisclosureTriangle (First Match)`
    t =     7.43s Checking existence of `DisclosureTriangle (First Match)`
    t =     7.57s Checking existence of `DisclosureTriangle (First Match)`
    t =     7.71s Checking existence of `DisclosureTriangle (First Match)`
    t =     7.85s Checking existence of `DisclosureTriangle (First Match)`
    t =     7.99s Checking existence of `DisclosureTriangle (First Match)`
    t =     8.13s Checking existence of `DisclosureTriangle (First Match)`
    t =     8.28s Checking existence of `DisclosureTriangle (First Match)`
    t =     8.42s Checking existence of `DisclosureTriangle (First Match)`
    t =     8.56s Checking existence of `DisclosureTriangle (First Match)`
    t =     8.71s Checking existence of `DisclosureTriangle (First Match)`
    t =     8.85s Checking existence of `DisclosureTriangle (First Match)`
    t =     8.87s Find the DisclosureTriangle (First Match)
    t =     8.97s Click "AppRow-/private/tmp/rr-task018-ui/Build/Products/Debug/ResourceRunnerUITests-Runner.app" DisclosureTriangle[0.50, 0.00] -> (0.0, 8.0)
    t =     8.97s     Wait for com.zipkero.ResourceRunner to idle
    t =     8.97s     Find the "AppRow-/private/tmp/rr-task018-ui/Build/Products/Debug/ResourceRunnerUITests-Runner.app" DisclosureTriangle
    t =     8.99s     Check for interrupting elements affecting "AppRow-/private/tmp/rr-task018-ui/Build/Products/Debug/ResourceRunnerUITests-Runner.app" DisclosureTriangle
    t =     9.01s     Synthesize event
    t =     9.01s         Find the "AppRow-/private/tmp/rr-task018-ui/Build/Products/Debug/ResourceRunnerUITests-Runner.app" DisclosureTriangle
    t =     9.02s         Find the "AppRow-/private/tmp/rr-task018-ui/Build/Products/Debug/ResourceRunnerUITests-Runner.app" DisclosureTriangle
    t =     9.38s     Wait for com.zipkero.ResourceRunner to idle
    t =     9.40s Checking existence of `"AppRow-/private/tmp/rr-task018-ui/Build/Products/Debug/ResourceRunnerUITests-Runner.app" DisclosureTriangle`
    t =     9.41s Find the "AppRow-/private/tmp/rr-task018-ui/Build/Products/Debug/ResourceRunnerUITests-Runner.app" DisclosureTriangle
    t =     9.42s Find the "DashboardDetail" ScrollView
    t =     9.48s Tear Down
Test Case '-[ResourceRunnerUITests.DashboardDetailPopoverUITests testCPUDetailFrameRemainsExactlyFixedWhenAppRowExpands]' passed (9.832 seconds).
Test Case '-[ResourceRunnerUITests.DashboardDetailPopoverUITests testDetailContentIsReachableUnderPopoversNotAsSeparateWindow]' started.
    t =     0.00s Start Test at 2026-10-03 13:21:29.205
    t =     0.12s Set Up
    t =     0.12s Open com.zipkero.ResourceRunner
    t =     0.12s     Launch com.zipkero.ResourceRunner
    t =     0.12s         Terminate com.zipkero.ResourceRunner:90322
2026-10-03 13:21:30.383 xcodebuild[88366:49763615] [MT] IDELaunchParametersSnapshot: The operation couldn’t be completed. (DebuggerLLDB.DebuggerVersionStore.StoreError error 0.)
2026-10-03 13:21:30.383 xcodebuild[88366:49763615] [MT] IDELaunchParametersSnapshot: no debugger version
    t =     1.50s         Wait for accessibility to load
    t =     1.55s         Setting up automation session
    t =     1.56s         Wait for com.zipkero.ResourceRunner to idle
    t =     1.56s Waiting 5.0s for StatusItem (First Match) to exist
    t =     2.59s     Checking `Expect predicate `existsNoRetry == 1` for object StatusItem (First Match)`
    t =     2.59s         Checking existence of `StatusItem (First Match)`
    t =     2.62s Click StatusItem (First Match)
    t =     2.62s     Wait for com.zipkero.ResourceRunner to idle
    t =     2.62s     Find the StatusItem (First Match)
    t =     2.65s     Check for interrupting elements affecting "ResourceRunner, 낮음" StatusItem
    t =     2.65s     Open com.zipkero.ResourceRunner
    t =     2.65s         Activate com.zipkero.ResourceRunner
    t =     2.67s             Wait for com.zipkero.ResourceRunner to idle
    t =     2.70s     Synthesize event
    t =     3.13s     Wait for com.zipkero.ResourceRunner to idle
    t =     3.13s Waiting 5.0s for "CPUCard" Any to exist
    t =     4.16s     Checking `Expect predicate `existsNoRetry == 1` for object "CPUCard" Any`
    t =     4.17s         Checking existence of `"CPUCard" Any`
    t =     4.26s Find the "CPUCard" Any
    t =     4.41s Find the "CPUCard" Button
    t =     4.55s Find the "CPUCard" Button
    t =     4.70s Find the "CPUCard" Button
    t =     4.75s Type '1' key with modifiers '⌘' (0x10)
    t =     4.75s     Wait for com.zipkero.ResourceRunner to idle
    t =     4.75s     Find the Target Application 'com.zipkero.ResourceRunner'
    t =     4.78s     Check for interrupting elements affecting "ResourceRunner" Application
    t =     4.78s     Synthesize event
    t =     4.94s     Wait for com.zipkero.ResourceRunner to idle
    t =     4.94s Waiting 2.0s for StaticText (First Match) to exist
    t =     5.96s     Checking `Expect predicate `existsNoRetry == 1` for object StaticText (First Match)`
    t =     5.96s         Checking existence of `StaticText (First Match)`
    t =     5.99s Checking existence of `StaticText (First Match)`
    t =     6.02s Tear Down
Test Case '-[ResourceRunnerUITests.DashboardDetailPopoverUITests testDetailContentIsReachableUnderPopoversNotAsSeparateWindow]' passed (6.345 seconds).
Test Case '-[ResourceRunnerUITests.DashboardDetailPopoverUITests testDetailContentScrollsWithinFixedPopoverFrame]' started.
    t =     0.00s Start Test at 2026-10-03 13:21:35.552
    t =     0.14s Set Up
    t =     0.14s Open com.zipkero.ResourceRunner
    t =     0.14s     Launch com.zipkero.ResourceRunner
    t =     0.14s         Terminate com.zipkero.ResourceRunner:90589
2026-10-03 13:21:36.756 xcodebuild[88366:49763615] [MT] IDELaunchParametersSnapshot: The operation couldn’t be completed. (DebuggerLLDB.DebuggerVersionStore.StoreError error 0.)
2026-10-03 13:21:36.757 xcodebuild[88366:49763615] [MT] IDELaunchParametersSnapshot: no debugger version
    t =     1.52s         Wait for accessibility to load
    t =     1.57s         Setting up automation session
    t =     1.58s         Wait for com.zipkero.ResourceRunner to idle
    t =     1.59s Waiting 5.0s for StatusItem (First Match) to exist
    t =     2.61s     Checking `Expect predicate `existsNoRetry == 1` for object StatusItem (First Match)`
    t =     2.61s         Checking existence of `StatusItem (First Match)`
    t =     2.63s Click StatusItem (First Match)
    t =     2.63s     Wait for com.zipkero.ResourceRunner to idle
    t =     2.64s     Find the StatusItem (First Match)
    t =     2.66s     Check for interrupting elements affecting "ResourceRunner, 낮음" StatusItem
    t =     2.67s     Open com.zipkero.ResourceRunner
    t =     2.67s         Activate com.zipkero.ResourceRunner
    t =     2.68s             Wait for com.zipkero.ResourceRunner to idle
    t =     2.70s     Synthesize event
    t =     3.14s     Wait for com.zipkero.ResourceRunner to idle
    t =     3.14s Waiting 5.0s for "CPUCard" Any to exist
    t =     4.15s     Checking `Expect predicate `existsNoRetry == 1` for object "CPUCard" Any`
    t =     4.15s         Checking existence of `"CPUCard" Any`
    t =     4.24s Find the "CPUCard" Any
    t =     4.38s Find the "CPUCard" Button
    t =     4.52s Find the "CPUCard" Button
    t =     4.67s Find the "CPUCard" Button
    t =     4.82s Find the "CPUCard" Button
    t =     4.87s Type '1' key with modifiers '⌘' (0x10)
    t =     4.87s     Wait for com.zipkero.ResourceRunner to idle
    t =     4.87s     Find the Target Application 'com.zipkero.ResourceRunner'
    t =     4.90s     Check for interrupting elements affecting "ResourceRunner" Application
    t =     4.90s     Synthesize event
    t =     5.06s     Wait for com.zipkero.ResourceRunner to idle
    t =     5.06s Waiting 2.0s for StaticText (First Match) to exist
    t =     6.08s     Checking `Expect predicate `existsNoRetry == 1` for object StaticText (First Match)`
    t =     6.08s         Checking existence of `StaticText (First Match)`
    t =     6.13s Find the "DashboardDetail" Any
    t =     6.17s Find the StaticText (First Match)
    t =     6.20s Swipe up "DashboardDetail" ScrollView with velocity 5000.00
    t =     6.21s     Wait for com.zipkero.ResourceRunner to idle
    t =     6.21s     Find the "DashboardDetail" ScrollView
    t =     6.26s     Check for interrupting elements affecting "DashboardDetail" ScrollView
    t =     6.29s     Synthesize event
    t =     8.77s     Wait for com.zipkero.ResourceRunner to idle
    t =     8.80s Find the "Load Average 7.39 / 7.59 / 6.35" StaticText
    t =     8.84s Find the "DashboardDetail" ScrollView
    t =     8.88s Tear Down
Test Case '-[ResourceRunnerUITests.DashboardDetailPopoverUITests testDetailContentScrollsWithinFixedPopoverFrame]' passed (9.214 seconds).
Test Case '-[ResourceRunnerUITests.DashboardDetailPopoverUITests testMemoryShortcutClosesDetailWhileChildPopoverIsOpen]' started.
    t =     0.00s Start Test at 2026-10-03 13:21:44.766
    t =     0.13s Set Up
    t =     0.13s Open com.zipkero.ResourceRunner
    t =     0.13s     Launch com.zipkero.ResourceRunner
    t =     0.13s         Terminate com.zipkero.ResourceRunner:90694
2026-10-03 13:21:45.993 xcodebuild[88366:49763615] [MT] IDELaunchParametersSnapshot: The operation couldn’t be completed. (DebuggerLLDB.DebuggerVersionStore.StoreError error 0.)
2026-10-03 13:21:45.993 xcodebuild[88366:49763615] [MT] IDELaunchParametersSnapshot: no debugger version
    t =     1.60s         Wait for accessibility to load
    t =     1.62s         Setting up automation session
    t =     1.63s         Wait for com.zipkero.ResourceRunner to idle
    t =     1.63s Waiting 5.0s for StatusItem (First Match) to exist
    t =     2.66s     Checking `Expect predicate `existsNoRetry == 1` for object StatusItem (First Match)`
    t =     2.66s         Checking existence of `StatusItem (First Match)`
    t =     2.68s Click StatusItem (First Match)
    t =     2.69s     Wait for com.zipkero.ResourceRunner to idle
    t =     2.69s     Find the StatusItem (First Match)
    t =     2.72s     Check for interrupting elements affecting "ResourceRunner, 낮음" StatusItem
    t =     2.72s     Open com.zipkero.ResourceRunner
    t =     2.73s         Activate com.zipkero.ResourceRunner
    t =     2.75s             Wait for com.zipkero.ResourceRunner to idle
    t =     2.76s     Synthesize event
    t =     3.22s     Wait for com.zipkero.ResourceRunner to idle
    t =     3.22s Waiting 5.0s for "CPUCard" Any to exist
    t =     4.25s     Checking `Expect predicate `existsNoRetry == 1` for object "CPUCard" Any`
    t =     4.25s         Checking existence of `"CPUCard" Any`
    t =     4.36s Find the "CPUCard" Any
    t =     4.50s Find the "CPUCard" Button
    t =     4.65s Find the "CPUCard" Button
    t =     4.79s Find the "CPUCard" Button
    t =     4.84s Type '2' key with modifiers '⌘' (0x10)
    t =     4.84s     Wait for com.zipkero.ResourceRunner to idle
    t =     4.84s     Find the Target Application 'com.zipkero.ResourceRunner'
    t =     4.87s     Check for interrupting elements affecting "ResourceRunner" Application
    t =     4.87s     Synthesize event
    t =     4.99s     Wait for com.zipkero.ResourceRunner to idle
    t =     4.99s Waiting 2.0s for StaticText (First Match) to exist
    t =     6.02s     Checking `Expect predicate `existsNoRetry == 1` for object StaticText (First Match)`
    t =     6.02s         Checking existence of `StaticText (First Match)`
    t =     6.07s Get number of matches for: Descendants matching type Popover
    t =     6.09s Click StaticText (First Match)
    t =     6.10s     Wait for com.zipkero.ResourceRunner to idle
    t =     6.10s     Find the StaticText (First Match)
    t =     6.24s     Check for interrupting elements affecting "현재 사용량 순위, Memory 사용량 합계 내림차순 (상위 20개)" StaticText
    t =     6.27s     Synthesize event
    t =     6.61s     Wait for com.zipkero.ResourceRunner to idle
    t =     6.62s Type '2' key with modifiers '⌘' (0x10)
    t =     6.62s     Wait for com.zipkero.ResourceRunner to idle
    t =     6.62s     Find the Target Application 'com.zipkero.ResourceRunner'
    t =     6.66s     Check for interrupting elements affecting "ResourceRunner" Application
    t =     6.66s     Synthesize event
    t =     6.77s     Wait for com.zipkero.ResourceRunner to idle
    t =     6.77s Get number of matches for: Descendants matching type Popover
    t =     6.80s Tear Down
Test Case '-[ResourceRunnerUITests.DashboardDetailPopoverUITests testMemoryShortcutClosesDetailWhileChildPopoverIsOpen]' passed (7.147 seconds).
Test Case '-[ResourceRunnerUITests.DashboardDetailPopoverUITests testOtherCardShortcutMovesSelectionWhileDetailIsOpen]' started.
    t =     0.00s Start Test at 2026-10-03 13:21:51.914
    t =     0.12s Set Up
    t =     0.13s Open com.zipkero.ResourceRunner
    t =     0.13s     Launch com.zipkero.ResourceRunner
    t =     0.13s         Terminate com.zipkero.ResourceRunner:90946
2026-10-03 13:21:53.082 xcodebuild[88366:49763615] [MT] IDELaunchParametersSnapshot: The operation couldn’t be completed. (DebuggerLLDB.DebuggerVersionStore.StoreError error 0.)
2026-10-03 13:21:53.082 xcodebuild[88366:49763615] [MT] IDELaunchParametersSnapshot: no debugger version
    t =     1.48s         Wait for accessibility to load
    t =     1.54s         Setting up automation session
    t =     1.55s         Wait for com.zipkero.ResourceRunner to idle
    t =     1.55s Waiting 5.0s for StatusItem (First Match) to exist
    t =     2.57s     Checking `Expect predicate `existsNoRetry == 1` for object StatusItem (First Match)`
    t =     2.57s         Checking existence of `StatusItem (First Match)`
    t =     2.60s Click StatusItem (First Match)
    t =     2.60s     Wait for com.zipkero.ResourceRunner to idle
    t =     2.60s     Find the StatusItem (First Match)
    t =     2.63s     Check for interrupting elements affecting "ResourceRunner, 낮음" StatusItem
    t =     2.63s     Open com.zipkero.ResourceRunner
    t =     2.63s         Activate com.zipkero.ResourceRunner
    t =     2.65s             Wait for com.zipkero.ResourceRunner to idle
    t =     2.67s     Synthesize event
    t =     3.11s     Wait for com.zipkero.ResourceRunner to idle
    t =     3.12s Waiting 5.0s for "CPUCard" Any to exist
    t =     4.15s     Checking `Expect predicate `existsNoRetry == 1` for object "CPUCard" Any`
    t =     4.16s         Checking existence of `"CPUCard" Any`
    t =     4.25s Find the "CPUCard" Any
    t =     4.40s Find the "CPUCard" Button
    t =     4.56s Find the "CPUCard" Button
    t =     4.71s Find the "CPUCard" Button
    t =     4.75s Type '1' key with modifiers '⌘' (0x10)
    t =     4.75s     Wait for com.zipkero.ResourceRunner to idle
    t =     4.76s     Find the Target Application 'com.zipkero.ResourceRunner'
    t =     4.78s     Check for interrupting elements affecting "ResourceRunner" Application
    t =     4.78s     Synthesize event
    t =     4.92s     Wait for com.zipkero.ResourceRunner to idle
    t =     4.93s Waiting 2.0s for StaticText (First Match) to exist
    t =     5.93s     Checking `Expect predicate `existsNoRetry == 1` for object StaticText (First Match)`
    t =     5.94s         Checking existence of `StaticText (First Match)`
    t =     5.99s Click StaticText (First Match)
    t =     5.99s     Wait for com.zipkero.ResourceRunner to idle
    t =     6.00s     Find the StaticText (First Match)
    t =     6.04s     Check for interrupting elements affecting "Load Average 7.01 / 7.49 / 6.34" StaticText
    t =     6.07s     Synthesize event
    t =     6.41s     Wait for com.zipkero.ResourceRunner to idle
    t =     6.41s Type '2' key with modifiers '⌘' (0x10)
    t =     6.41s     Wait for com.zipkero.ResourceRunner to idle
    t =     6.42s     Find the Target Application 'com.zipkero.ResourceRunner'
    t =     6.45s     Check for interrupting elements affecting "ResourceRunner" Application
    t =     6.45s     Synthesize event
    t =     6.60s     Wait for com.zipkero.ResourceRunner to idle
    t =     6.60s Waiting 2.0s for StaticText (First Match) to exist
    t =     7.62s     Checking `Expect predicate `existsNoRetry == 1` for object StaticText (First Match)`
    t =     7.62s         Checking existence of `StaticText (First Match)`
    t =     7.69s Checking existence of `"Load Average 7.01 / 7.49 / 6.34" StaticText`
    t =     7.74s Get number of matches for: Descendants matching type Popover
    t =     7.81s Tear Down
Test Case '-[ResourceRunnerUITests.DashboardDetailPopoverUITests testOtherCardShortcutMovesSelectionWhileDetailIsOpen]' passed (8.144 seconds).
Test Case '-[ResourceRunnerUITests.DashboardDetailPopoverUITests testShortcutClosesDetailWhileChildPopoverIsOpen]' started.
    t =     0.00s Start Test at 2026-10-03 13:22:00.060
    t =     0.11s Set Up
    t =     0.12s Open com.zipkero.ResourceRunner
    t =     0.12s     Launch com.zipkero.ResourceRunner
    t =     0.12s         Terminate com.zipkero.ResourceRunner:91070
2026-10-03 13:22:01.271 xcodebuild[88366:49763615] [MT] IDELaunchParametersSnapshot: The operation couldn’t be completed. (DebuggerLLDB.DebuggerVersionStore.StoreError error 0.)
2026-10-03 13:22:01.271 xcodebuild[88366:49763615] [MT] IDELaunchParametersSnapshot: no debugger version
    t =     1.57s         Wait for accessibility to load
    t =     1.61s         Setting up automation session
    t =     1.62s         Wait for com.zipkero.ResourceRunner to idle
    t =     1.62s Waiting 5.0s for StatusItem (First Match) to exist
    t =     2.63s     Checking `Expect predicate `existsNoRetry == 1` for object StatusItem (First Match)`
    t =     2.63s         Checking existence of `StatusItem (First Match)`
    t =     2.66s Click StatusItem (First Match)
    t =     2.66s     Wait for com.zipkero.ResourceRunner to idle
    t =     2.67s     Find the StatusItem (First Match)
    t =     2.69s     Check for interrupting elements affecting "ResourceRunner, 낮음" StatusItem
    t =     2.70s     Open com.zipkero.ResourceRunner
    t =     2.70s         Activate com.zipkero.ResourceRunner
    t =     2.72s             Wait for com.zipkero.ResourceRunner to idle
    t =     2.75s     Synthesize event
    t =     3.19s     Wait for com.zipkero.ResourceRunner to idle
    t =     3.20s Waiting 5.0s for "CPUCard" Any to exist
    t =     4.21s     Checking `Expect predicate `existsNoRetry == 1` for object "CPUCard" Any`
    t =     4.21s         Checking existence of `"CPUCard" Any`
    t =     4.30s Find the "CPUCard" Any
    t =     4.44s Find the "CPUCard" Button
    t =     4.59s Find the "CPUCard" Button
    t =     4.74s Find the "CPUCard" Button
    t =     4.79s Type '1' key with modifiers '⌘' (0x10)
    t =     4.79s     Wait for com.zipkero.ResourceRunner to idle
    t =     4.80s     Find the Target Application 'com.zipkero.ResourceRunner'
    t =     4.82s     Check for interrupting elements affecting "ResourceRunner" Application
    t =     4.82s     Synthesize event
    t =     4.96s     Wait for com.zipkero.ResourceRunner to idle
    t =     4.96s Waiting 2.0s for StaticText (First Match) to exist
    t =     5.98s     Checking `Expect predicate `existsNoRetry == 1` for object StaticText (First Match)`
    t =     5.99s         Checking existence of `StaticText (First Match)`
    t =     6.03s Get number of matches for: Descendants matching type Popover
    t =     6.05s Click StaticText (First Match)
    t =     6.05s     Wait for com.zipkero.ResourceRunner to idle
    t =     6.06s     Find the StaticText (First Match)
    t =     6.20s     Check for interrupting elements affecting "Load Average 6.61 / 7.40 / 6.31" StaticText
    t =     6.22s     Synthesize event
    t =     6.57s     Wait for com.zipkero.ResourceRunner to idle
    t =     6.58s Type '1' key with modifiers '⌘' (0x10)
    t =     6.58s     Wait for com.zipkero.ResourceRunner to idle
    t =     6.58s     Find the Target Application 'com.zipkero.ResourceRunner'
    t =     6.62s     Check for interrupting elements affecting "ResourceRunner" Application
    t =     6.62s     Synthesize event
    t =     6.74s     Wait for com.zipkero.ResourceRunner to idle
    t =     6.74s Get number of matches for: Descendants matching type Popover
    t =     6.77s Tear Down
Test Case '-[ResourceRunnerUITests.DashboardDetailPopoverUITests testShortcutClosesDetailWhileChildPopoverIsOpen]' passed (7.106 seconds).
Test Suite 'DashboardDetailPopoverUITests' passed at 2026-10-03 13:22:07.166.
	 Executed 7 tests, with 0 failures (0 unexpected) in 55.493 (55.502) seconds
Test Suite 'DashboardMemoryCardUITests' started at 2026-10-03 13:22:07.167.
Test Case '-[ResourceRunnerUITests.DashboardMemoryCardUITests testMemoryCardFrameStaysSameBeforeAndAfterFirstCollection]' started.
    t =     0.00s Start Test at 2026-10-03 13:22:07.168
    t =     0.12s Set Up
    t =     0.13s Open com.zipkero.ResourceRunner
    t =     0.13s     Launch com.zipkero.ResourceRunner
    t =     0.13s         Terminate com.zipkero.ResourceRunner:91199
2026-10-03 13:22:08.386 xcodebuild[88366:49763615] [MT] IDELaunchParametersSnapshot: The operation couldn’t be completed. (DebuggerLLDB.DebuggerVersionStore.StoreError error 0.)
2026-10-03 13:22:08.386 xcodebuild[88366:49763615] [MT] IDELaunchParametersSnapshot: no debugger version
    t =     1.54s         Wait for accessibility to load
    t =     1.61s         Setting up automation session
    t =     1.62s         Wait for com.zipkero.ResourceRunner to idle
    t =     1.62s Waiting 5.0s for StatusItem (First Match) to exist
    t =     2.65s     Checking `Expect predicate `existsNoRetry == 1` for object StatusItem (First Match)`
    t =     2.65s         Checking existence of `StatusItem (First Match)`
    t =     2.67s Click StatusItem (First Match)
    t =     2.67s     Wait for com.zipkero.ResourceRunner to idle
    t =     2.68s     Find the StatusItem (First Match)
    t =     2.71s     Check for interrupting elements affecting "ResourceRunner, 낮음" StatusItem
    t =     2.71s     Open com.zipkero.ResourceRunner
    t =     2.71s         Activate com.zipkero.ResourceRunner
    t =     2.73s             Wait for com.zipkero.ResourceRunner to idle
    t =     2.74s     Synthesize event
    t =     3.17s     Wait for com.zipkero.ResourceRunner to idle
    t =     3.18s Waiting 5.0s for "MemoryCard" Any to exist
    t =     4.19s     Checking `Expect predicate `existsNoRetry == 1` for object "MemoryCard" Any`
    t =     4.19s         Checking existence of `"MemoryCard" Any`
    t =     4.29s Find the "MemoryCard" Any
    t =     4.33s Find the "MemoryCard" Button
    t =     4.36s Find the "MemoryCard" Button
    t =     4.40s Tear Down
Test Case '-[ResourceRunnerUITests.DashboardMemoryCardUITests testMemoryCardFrameStaysSameBeforeAndAfterFirstCollection]' passed (4.737 seconds).
Test Case '-[ResourceRunnerUITests.DashboardMemoryCardUITests testMemoryDetailDonutIsOneAccessibilityNodeWithCompleteCompositionLabel]' started.
    t =     0.00s Start Test at 2026-10-03 13:22:11.906
    t =     0.14s Set Up
    t =     0.14s Open com.zipkero.ResourceRunner
    t =     0.14s     Launch com.zipkero.ResourceRunner
    t =     0.14s         Terminate com.zipkero.ResourceRunner:91299
2026-10-03 13:22:13.135 xcodebuild[88366:49763615] [MT] IDELaunchParametersSnapshot: The operation couldn’t be completed. (DebuggerLLDB.DebuggerVersionStore.StoreError error 0.)
2026-10-03 13:22:13.135 xcodebuild[88366:49763615] [MT] IDELaunchParametersSnapshot: no debugger version
    t =     1.57s         Wait for accessibility to load
    t =     1.62s         Setting up automation session
    t =     1.64s         Wait for com.zipkero.ResourceRunner to idle
    t =     1.64s Waiting 5.0s for StatusItem (First Match) to exist
    t =     2.68s     Checking `Expect predicate `existsNoRetry == 1` for object StatusItem (First Match)`
    t =     2.68s         Checking existence of `StatusItem (First Match)`
    t =     2.70s Click StatusItem (First Match)
    t =     2.70s     Wait for com.zipkero.ResourceRunner to idle
    t =     2.70s     Find the StatusItem (First Match)
    t =     2.73s     Check for interrupting elements affecting "ResourceRunner, 낮음" StatusItem
    t =     2.74s     Open com.zipkero.ResourceRunner
    t =     2.74s         Activate com.zipkero.ResourceRunner
    t =     2.76s             Wait for com.zipkero.ResourceRunner to idle
    t =     2.77s     Synthesize event
    t =     3.22s     Wait for com.zipkero.ResourceRunner to idle
    t =     3.23s Waiting 5.0s for "MemoryCard" Any to exist
    t =     4.26s     Checking `Expect predicate `existsNoRetry == 1` for object "MemoryCard" Any`
    t =     4.26s         Checking existence of `"MemoryCard" Any`
    t =     4.36s Find the "MemoryCard" Any
    t =     4.39s Click "MemoryCard" Button
    t =     4.39s     Wait for com.zipkero.ResourceRunner to idle
    t =     4.40s     Find the "MemoryCard" Button
    t =     4.44s     Check for interrupting elements affecting "MemoryCard" Button
    t =     4.46s     Synthesize event
    t =     4.86s     Wait for com.zipkero.ResourceRunner to idle
    t =     4.86s Waiting 2.0s for "MemoryCompositionDonut" Any to exist
    t =     5.89s     Checking `Expect predicate `existsNoRetry == 1` for object "MemoryCompositionDonut" Any`
    t =     5.89s         Checking existence of `"MemoryCompositionDonut" Any`
    t =     5.91s Get number of matches for: Elements matching predicate '"MemoryCompositionDonut" IN identifiers'
    t =     5.96s Find the "MemoryCompositionDonut" Any
    t =     5.97s Get number of matches for: Elements matching predicate 'label == "구성 합계" OR value == "구성 합계"'
    t =     6.00s Checking existence of `StaticText (First Match)`
    t =     6.02s Tear Down
Test Case '-[ResourceRunnerUITests.DashboardMemoryCardUITests testMemoryDetailDonutIsOneAccessibilityNodeWithCompleteCompositionLabel]' passed (6.362 seconds).
Test Case '-[ResourceRunnerUITests.DashboardMemoryCardUITests testOpeningPopoverShowsMemoryPressureStageInAccessibilityLabel]' started.
    t =     0.00s Start Test at 2026-10-03 13:22:18.269
    t =     0.12s Set Up
    t =     0.13s Open com.zipkero.ResourceRunner
    t =     0.13s     Launch com.zipkero.ResourceRunner
    t =     0.13s         Terminate com.zipkero.ResourceRunner:91421
2026-10-03 13:22:19.403 xcodebuild[88366:49763615] [MT] IDELaunchParametersSnapshot: The operation couldn’t be completed. (DebuggerLLDB.DebuggerVersionStore.StoreError error 0.)
2026-10-03 13:22:19.403 xcodebuild[88366:49763615] [MT] IDELaunchParametersSnapshot: no debugger version
    t =     1.44s         Wait for accessibility to load
    t =     1.51s         Setting up automation session
    t =     1.52s         Wait for com.zipkero.ResourceRunner to idle
    t =     1.52s Waiting 5.0s for StatusItem (First Match) to exist
    t =     2.55s     Checking `Expect predicate `existsNoRetry == 1` for object StatusItem (First Match)`
    t =     2.55s         Checking existence of `StatusItem (First Match)`
    t =     2.58s Click StatusItem (First Match)
    t =     2.58s     Wait for com.zipkero.ResourceRunner to idle
    t =     2.58s     Find the StatusItem (First Match)
    t =     2.61s     Check for interrupting elements affecting "ResourceRunner, 낮음" StatusItem
    t =     2.61s     Open com.zipkero.ResourceRunner
    t =     2.61s         Activate com.zipkero.ResourceRunner
    t =     2.63s             Wait for com.zipkero.ResourceRunner to idle
    t =     2.63s     Synthesize event
    t =     3.09s     Wait for com.zipkero.ResourceRunner to idle
    t =     3.10s Waiting 5.0s for "MemoryCard" Any to exist
    t =     4.12s     Checking `Expect predicate `existsNoRetry == 1` for object "MemoryCard" Any`
    t =     4.13s         Checking existence of `"MemoryCard" Any`
    t =     4.22s Find the "MemoryCard" Any
    t =     4.27s Find the "MemoryCard" Button
    t =     4.31s Tear Down
Test Case '-[ResourceRunnerUITests.DashboardMemoryCardUITests testOpeningPopoverShowsMemoryPressureStageInAccessibilityLabel]' passed (4.630 seconds).
Test Suite 'DashboardMemoryCardUITests' passed at 2026-10-03 13:22:22.899.
	 Executed 3 tests, with 0 failures (0 unexpected) in 15.729 (15.732) seconds
Test Suite 'DashboardProcessListDisplayUITests' started at 2026-10-03 13:22:22.902.
Test Case '-[ResourceRunnerUITests.DashboardProcessListDisplayUITests testChildProcessRowShowsExecutableNameAlongsidePID]' started.
    t =     0.00s Start Test at 2026-10-03 13:22:22.903
    t =     0.13s Set Up
    t =     0.13s Open com.zipkero.ResourceRunner
    t =     0.13s     Launch com.zipkero.ResourceRunner
    t =     0.13s         Terminate com.zipkero.ResourceRunner:91516
2026-10-03 13:22:24.130 xcodebuild[88366:49763615] [MT] IDELaunchParametersSnapshot: The operation couldn’t be completed. (DebuggerLLDB.DebuggerVersionStore.StoreError error 0.)
2026-10-03 13:22:24.130 xcodebuild[88366:49763615] [MT] IDELaunchParametersSnapshot: no debugger version
    t =     1.53s         Wait for accessibility to load
    t =     1.61s         Setting up automation session
    t =     1.62s         Wait for com.zipkero.ResourceRunner to idle
    t =     1.62s Waiting 5.0s for StatusItem (First Match) to exist
    t =     2.64s     Checking `Expect predicate `existsNoRetry == 1` for object StatusItem (First Match)`
    t =     2.64s         Checking existence of `StatusItem (First Match)`
    t =     2.67s Click StatusItem (First Match)
    t =     2.67s     Wait for com.zipkero.ResourceRunner to idle
    t =     2.68s     Find the StatusItem (First Match)
    t =     2.70s     Check for interrupting elements affecting "ResourceRunner, 낮음" StatusItem
    t =     2.70s     Open com.zipkero.ResourceRunner
    t =     2.70s         Activate com.zipkero.ResourceRunner
    t =     2.72s             Wait for com.zipkero.ResourceRunner to idle
    t =     2.74s     Synthesize event
    t =     3.24s     Wait for com.zipkero.ResourceRunner to idle
    t =     3.25s Waiting 5.0s for "CPUCard" Any to exist
    t =     4.27s     Checking `Expect predicate `existsNoRetry == 1` for object "CPUCard" Any`
    t =     4.27s         Checking existence of `"CPUCard" Any`
    t =     4.37s Find the "CPUCard" Any
    t =     4.50s Find the "CPUCard" Button
    t =     4.65s Find the "CPUCard" Button
    t =     4.80s Find the "CPUCard" Button
    t =     4.85s Type '1' key with modifiers '⌘' (0x10)
    t =     4.85s     Wait for com.zipkero.ResourceRunner to idle
    t =     4.86s     Find the Target Application 'com.zipkero.ResourceRunner'
    t =     4.99s     Check for interrupting elements affecting "ResourceRunner" Application
    t =     5.00s     Synthesize event
    t =     5.13s     Wait for com.zipkero.ResourceRunner to idle
    t =     5.13s Waiting 2.0s for StaticText (First Match) to exist
    t =     6.15s     Checking `Expect predicate `existsNoRetry == 1` for object StaticText (First Match)`
    t =     6.15s         Checking existence of `StaticText (First Match)`
    t =     6.18s Checking existence of `DisclosureTriangle (First Match)`
    t =     6.32s Checking existence of `DisclosureTriangle (First Match)`
    t =     6.45s Checking existence of `DisclosureTriangle (First Match)`
    t =     6.59s Checking existence of `DisclosureTriangle (First Match)`
    t =     6.72s Checking existence of `DisclosureTriangle (First Match)`
    t =     6.86s Checking existence of `DisclosureTriangle (First Match)`
    t =     7.01s Checking existence of `DisclosureTriangle (First Match)`
    t =     7.15s Checking existence of `DisclosureTriangle (First Match)`
    t =     7.30s Checking existence of `DisclosureTriangle (First Match)`
    t =     7.44s Checking existence of `DisclosureTriangle (First Match)`
    t =     7.59s Checking existence of `DisclosureTriangle (First Match)`
    t =     7.73s Checking existence of `DisclosureTriangle (First Match)`
    t =     7.88s Checking existence of `DisclosureTriangle (First Match)`
    t =     8.02s Checking existence of `DisclosureTriangle (First Match)`
    t =     8.16s Checking existence of `DisclosureTriangle (First Match)`
    t =     8.31s Checking existence of `DisclosureTriangle (First Match)`
    t =     8.46s Checking existence of `DisclosureTriangle (First Match)`
    t =     8.61s Checking existence of `DisclosureTriangle (First Match)`
    t =     8.76s Checking existence of `DisclosureTriangle (First Match)`
    t =     8.91s Checking existence of `DisclosureTriangle (First Match)`
    t =     8.92s Find the DisclosureTriangle (First Match)
    t =     9.00s Click "AppRow-/private/tmp/rr-task018-ui/Build/Products/Debug/ResourceRunnerUITests-Runner.app" DisclosureTriangle[0.50, 0.00] -> (0.0, 8.0)
    t =     9.00s     Wait for com.zipkero.ResourceRunner to idle
    t =     9.00s     Find the "AppRow-/private/tmp/rr-task018-ui/Build/Products/Debug/ResourceRunnerUITests-Runner.app" DisclosureTriangle
    t =     9.02s     Check for interrupting elements affecting "AppRow-/private/tmp/rr-task018-ui/Build/Products/Debug/ResourceRunnerUITests-Runner.app" DisclosureTriangle
    t =     9.04s     Synthesize event
    t =     9.04s         Find the "AppRow-/private/tmp/rr-task018-ui/Build/Products/Debug/ResourceRunnerUITests-Runner.app" DisclosureTriangle
    t =     9.06s         Find the "AppRow-/private/tmp/rr-task018-ui/Build/Products/Debug/ResourceRunnerUITests-Runner.app" DisclosureTriangle
    t =     9.42s     Wait for com.zipkero.ResourceRunner to idle
    t =     9.44s Checking existence of `"AppRow-/private/tmp/rr-task018-ui/Build/Products/Debug/ResourceRunnerUITests-Runner.app" DisclosureTriangle`
    t =     9.45s Find the "AppRow-/private/tmp/rr-task018-ui/Build/Products/Debug/ResourceRunnerUITests-Runner.app" DisclosureTriangle
    t =     9.47s Waiting 2.0s for StaticText (First Match) to exist
    t =    10.50s     Checking `Expect predicate `existsNoRetry == 1` for object StaticText (First Match)`
    t =    10.50s         Checking existence of `StaticText (First Match)`
    t =    10.52s Find the StaticText (First Match)
    t =    10.54s Find the "AppRow-/private/tmp/rr-task018-ui/Build/Products/Debug/ResourceRunnerUITests-Runner.app" DisclosureTriangle
    t =    10.55s Get number of matches for: Elements matching predicate 'identifier == "AppRow-/private/tmp/rr-task018-ui/Build/Products/Debug/ResourceRunnerUITests-Runner.app"'
    t =    10.60s Tear Down
Test Case '-[ResourceRunnerUITests.DashboardProcessListDisplayUITests testChildProcessRowShowsExecutableNameAlongsidePID]' passed (10.959 seconds).
Test Case '-[ResourceRunnerUITests.DashboardProcessListDisplayUITests testCPUProcessListShowsSortHeaderAndAppRowValue]' started.
    t =     0.00s Start Test at 2026-10-03 13:22:33.863
    t =     0.13s Set Up
    t =     0.14s Open com.zipkero.ResourceRunner
    t =     0.14s     Launch com.zipkero.ResourceRunner
    t =     0.14s         Terminate com.zipkero.ResourceRunner:91581
2026-10-03 13:22:35.082 xcodebuild[88366:49763615] [MT] IDELaunchParametersSnapshot: The operation couldn’t be completed. (DebuggerLLDB.DebuggerVersionStore.StoreError error 0.)
2026-10-03 13:22:35.082 xcodebuild[88366:49763615] [MT] IDELaunchParametersSnapshot: no debugger version
    t =     1.54s         Wait for accessibility to load
    t =     1.59s         Setting up automation session
    t =     1.61s         Wait for com.zipkero.ResourceRunner to idle
    t =     1.61s Waiting 5.0s for StatusItem (First Match) to exist
    t =     2.64s     Checking `Expect predicate `existsNoRetry == 1` for object StatusItem (First Match)`
    t =     2.64s         Checking existence of `StatusItem (First Match)`
    t =     2.66s Click StatusItem (First Match)
    t =     2.66s     Wait for com.zipkero.ResourceRunner to idle
    t =     2.67s     Find the StatusItem (First Match)
    t =     2.69s     Check for interrupting elements affecting "ResourceRunner, 낮음" StatusItem
    t =     2.70s     Open com.zipkero.ResourceRunner
    t =     2.70s         Activate com.zipkero.ResourceRunner
    t =     2.71s             Wait for com.zipkero.ResourceRunner to idle
    t =     2.71s     Synthesize event
    t =     3.16s     Wait for com.zipkero.ResourceRunner to idle
    t =     3.16s Waiting 5.0s for "CPUCard" Any to exist
    t =     4.18s     Checking `Expect predicate `existsNoRetry == 1` for object "CPUCard" Any`
    t =     4.18s         Checking existence of `"CPUCard" Any`
    t =     4.28s Find the "CPUCard" Any
    t =     4.42s Find the "CPUCard" Button
    t =     4.57s Find the "CPUCard" Button
    t =     4.73s Find the "CPUCard" Button
    t =     4.78s Type '1' key with modifiers '⌘' (0x10)
    t =     4.79s     Wait for com.zipkero.ResourceRunner to idle
    t =     4.79s     Find the Target Application 'com.zipkero.ResourceRunner'
    t =     4.93s     Check for interrupting elements affecting "ResourceRunner" Application
    t =     4.93s     Synthesize event
    t =     5.10s     Wait for com.zipkero.ResourceRunner to idle
    t =     5.11s Waiting 2.0s for StaticText (First Match) to exist
    t =     6.14s     Checking `Expect predicate `existsNoRetry == 1` for object StaticText (First Match)`
    t =     6.14s         Checking existence of `StaticText (First Match)`
    t =     6.17s Checking existence of `DisclosureTriangle (First Match)`
    t =     6.30s Checking existence of `DisclosureTriangle (First Match)`
    t =     6.44s Checking existence of `DisclosureTriangle (First Match)`
    t =     6.57s Checking existence of `DisclosureTriangle (First Match)`
    t =     6.70s Checking existence of `DisclosureTriangle (First Match)`
    t =     6.84s Checking existence of `DisclosureTriangle (First Match)`
    t =     6.98s Checking existence of `DisclosureTriangle (First Match)`
    t =     7.12s Checking existence of `DisclosureTriangle (First Match)`
    t =     7.27s Checking existence of `DisclosureTriangle (First Match)`
    t =     7.41s Checking existence of `DisclosureTriangle (First Match)`
    t =     7.56s Checking existence of `DisclosureTriangle (First Match)`
    t =     7.71s Checking existence of `DisclosureTriangle (First Match)`
    t =     7.85s Checking existence of `DisclosureTriangle (First Match)`
    t =     7.99s Checking existence of `DisclosureTriangle (First Match)`
    t =     8.13s Checking existence of `DisclosureTriangle (First Match)`
    t =     8.28s Checking existence of `DisclosureTriangle (First Match)`
    t =     8.42s Checking existence of `DisclosureTriangle (First Match)`
    t =     8.56s Checking existence of `DisclosureTriangle (First Match)`
    t =     8.71s Checking existence of `DisclosureTriangle (First Match)`
    t =     8.86s Checking existence of `DisclosureTriangle (First Match)`
    t =     8.88s Find the DisclosureTriangle (First Match)
    t =     9.07s Checking existence of `StaticText (First Match)`
    t =     9.09s Find the "AppRow-/private/tmp/rr-task018-ui/Build/Products/Debug/ResourceRunnerUITests-Runner.app" DisclosureTriangle
    t =     9.11s Find the "AppRow-/private/tmp/rr-task018-ui/Build/Products/Debug/ResourceRunnerUITests-Runner.app" DisclosureTriangle
    t =     9.12s Tear Down
Test Case '-[ResourceRunnerUITests.DashboardProcessListDisplayUITests testCPUProcessListShowsSortHeaderAndAppRowValue]' passed (9.495 seconds).
Test Case '-[ResourceRunnerUITests.DashboardProcessListDisplayUITests testMemoryProcessListAppRowValuesUseByteUnitsNotRawNumbers]' started.
    t =     0.00s Start Test at 2026-10-03 13:22:43.359
    t =     0.12s Set Up
    t =     0.13s Open com.zipkero.ResourceRunner
    t =     0.13s     Launch com.zipkero.ResourceRunner
    t =     0.13s         Terminate com.zipkero.ResourceRunner:91754
2026-10-03 13:22:44.587 xcodebuild[88366:49763615] [MT] IDELaunchParametersSnapshot: The operation couldn’t be completed. (DebuggerLLDB.DebuggerVersionStore.StoreError error 0.)
2026-10-03 13:22:44.587 xcodebuild[88366:49763615] [MT] IDELaunchParametersSnapshot: no debugger version
    t =     1.58s         Wait for accessibility to load
    t =     1.62s         Setting up automation session
    t =     1.63s         Wait for com.zipkero.ResourceRunner to idle
    t =     1.64s Waiting 5.0s for StatusItem (First Match) to exist
    t =     2.66s     Checking `Expect predicate `existsNoRetry == 1` for object StatusItem (First Match)`
    t =     2.67s         Checking existence of `StatusItem (First Match)`
    t =     2.69s Click StatusItem (First Match)
    t =     2.69s     Wait for com.zipkero.ResourceRunner to idle
    t =     2.70s     Find the StatusItem (First Match)
    t =     2.73s     Check for interrupting elements affecting "ResourceRunner, 낮음" StatusItem
    t =     2.73s     Open com.zipkero.ResourceRunner
    t =     2.74s         Activate com.zipkero.ResourceRunner
    t =     2.78s             Wait for com.zipkero.ResourceRunner to idle
    t =     2.78s     Synthesize event
    t =     3.22s     Wait for com.zipkero.ResourceRunner to idle
    t =     3.23s Waiting 5.0s for "CPUCard" Any to exist
    t =     4.25s     Checking `Expect predicate `existsNoRetry == 1` for object "CPUCard" Any`
    t =     4.25s         Checking existence of `"CPUCard" Any`
    t =     4.37s Find the "CPUCard" Any
    t =     4.51s Find the "CPUCard" Button
    t =     4.66s Find the "CPUCard" Button
    t =     4.80s Find the "CPUCard" Button
    t =     4.85s Type '1' key with modifiers '⌘' (0x10)
    t =     4.85s     Wait for com.zipkero.ResourceRunner to idle
    t =     4.86s     Find the Target Application 'com.zipkero.ResourceRunner'
    t =     4.88s     Check for interrupting elements affecting "ResourceRunner" Application
    t =     4.88s     Synthesize event
    t =     5.03s     Wait for com.zipkero.ResourceRunner to idle
    t =     5.03s Waiting 2.0s for StaticText (First Match) to exist
    t =     6.06s     Checking `Expect predicate `existsNoRetry == 1` for object StaticText (First Match)`
    t =     6.06s         Checking existence of `StaticText (First Match)`
    t =     6.09s Checking existence of `DisclosureTriangle (First Match)`
    t =     6.23s Checking existence of `DisclosureTriangle (First Match)`
    t =     6.36s Checking existence of `DisclosureTriangle (First Match)`
    t =     6.50s Checking existence of `DisclosureTriangle (First Match)`
    t =     6.64s Checking existence of `DisclosureTriangle (First Match)`
    t =     6.77s Checking existence of `DisclosureTriangle (First Match)`
    t =     6.90s Checking existence of `DisclosureTriangle (First Match)`
    t =     7.05s Checking existence of `DisclosureTriangle (First Match)`
    t =     7.19s Checking existence of `DisclosureTriangle (First Match)`
    t =     7.34s Checking existence of `DisclosureTriangle (First Match)`
    t =     7.49s Checking existence of `DisclosureTriangle (First Match)`
    t =     7.63s Checking existence of `DisclosureTriangle (First Match)`
    t =     7.77s Checking existence of `DisclosureTriangle (First Match)`
    t =     7.92s Checking existence of `DisclosureTriangle (First Match)`
    t =     8.06s Checking existence of `DisclosureTriangle (First Match)`
    t =     8.21s Checking existence of `DisclosureTriangle (First Match)`
    t =     8.35s Checking existence of `DisclosureTriangle (First Match)`
    t =     8.50s Checking existence of `DisclosureTriangle (First Match)`
    t =     8.65s Checking existence of `DisclosureTriangle (First Match)`
    t =     8.80s Checking existence of `DisclosureTriangle (First Match)`
    t =     8.86s Find the DisclosureTriangle (First Match)
    t =     8.96s Type '2' key with modifiers '⌘' (0x10)
    t =     8.96s     Wait for com.zipkero.ResourceRunner to idle
    t =     8.96s     Find the Target Application 'com.zipkero.ResourceRunner'
    t =     9.01s     Check for interrupting elements affecting "ResourceRunner" Application
    t =     9.01s     Synthesize event
    t =     9.19s     Wait for com.zipkero.ResourceRunner to idle
    t =     9.20s Waiting 2.0s for StaticText (First Match) to exist
    t =    10.21s     Checking `Expect predicate `existsNoRetry == 1` for object StaticText (First Match)`
    t =    10.22s         Checking existence of `StaticText (First Match)`
    t =    10.26s Checking existence of `StaticText (First Match)`
    t =    10.28s Waiting 5.0s for DisclosureTriangle (Element at index 0) to exist
    t =    11.32s     Checking `Expect predicate `existsNoRetry == 1` for object DisclosureTriangle (Element at index 0)`
    t =    11.32s         Checking existence of `DisclosureTriangle (Element at index 0)`
    t =    11.38s Checking existence of `DisclosureTriangle (Element at index 0)`
    t =    11.43s Find the DisclosureTriangle (Element at index 0)
    t =    11.48s Checking existence of `DisclosureTriangle (Element at index 1)`
    t =    11.53s Find the DisclosureTriangle (Element at index 1)
    t =    11.58s Checking existence of `DisclosureTriangle (Element at index 2)`
    t =    11.63s Find the DisclosureTriangle (Element at index 2)
    t =    11.68s Tear Down
Test Case '-[ResourceRunnerUITests.DashboardProcessListDisplayUITests testMemoryProcessListAppRowValuesUseByteUnitsNotRawNumbers]' passed (12.045 seconds).
Test Suite 'DashboardProcessListDisplayUITests' passed at 2026-10-03 13:22:55.405.
	 Executed 3 tests, with 0 failures (0 unexpected) in 32.498 (32.503) seconds
Test Suite 'DiskCardUITests' started at 2026-10-03 13:22:55.406.
Test Case '-[ResourceRunnerUITests.DiskCardUITests testRealDiskCardDetailAndReturnKeepFrames]' started.
    t =     0.00s Start Test at 2026-10-03 13:22:55.408
    t =     0.13s Set Up
    t =     0.13s Open com.zipkero.ResourceRunner
    t =     0.13s     Launch com.zipkero.ResourceRunner
    t =     0.13s         Terminate com.zipkero.ResourceRunner:91928
2026-10-03 13:22:56.628 xcodebuild[88366:49763615] [MT] IDELaunchParametersSnapshot: The operation couldn’t be completed. (DebuggerLLDB.DebuggerVersionStore.StoreError error 0.)
2026-10-03 13:22:56.628 xcodebuild[88366:49763615] [MT] IDELaunchParametersSnapshot: no debugger version
    t =     1.54s         Wait for accessibility to load
    t =     1.62s         Setting up automation session
    t =     1.63s         Wait for com.zipkero.ResourceRunner to idle
    t =     1.63s Waiting 10.0s for StatusItem (First Match) to exist
    t =     2.65s     Checking `Expect predicate `existsNoRetry == 1` for object StatusItem (First Match)`
    t =     2.65s         Checking existence of `StatusItem (First Match)`
    t =     2.68s Click StatusItem (First Match)
    t =     2.68s     Wait for com.zipkero.ResourceRunner to idle
    t =     2.68s     Find the StatusItem (First Match)
    t =     2.80s     Check for interrupting elements affecting "ResourceRunner, 낮음" StatusItem
    t =     2.81s     Open com.zipkero.ResourceRunner
    t =     2.81s         Activate com.zipkero.ResourceRunner
    t =     2.83s             Wait for com.zipkero.ResourceRunner to idle
    t =     2.83s     Synthesize event
    t =     3.34s     Wait for com.zipkero.ResourceRunner to idle
    t =     3.35s Waiting 10.0s for "DiskCard" Any to exist
    t =     4.37s     Checking `Expect predicate `existsNoRetry == 1` for object "DiskCard" Any`
    t =     4.37s         Checking existence of `"DiskCard" Any`
    t =     4.46s Waiting 5.0s for "DashboardContainer" Any to exist
    t =     5.48s     Checking `Expect predicate `existsNoRetry == 1` for object "DashboardContainer" Any`
    t =     5.48s         Checking existence of `"DashboardContainer" Any`
    t =     5.51s Checking existence of `ScrollView (First Match)`
    t =     5.53s Find the "DiskCard" Any
    t =     5.61s Find the "DiskCard" Button
    t =     5.65s Find the "DashboardContainer" Any
    t =     5.67s Find the "DiskCard" Button
TASK011_ACTUAL_UI cardBefore=(1024.0, 602.0, 264.0, 112.0) bodyBefore=(1016.0, 54.0, 280.0, 668.0) label=Disk 카드, 정상 측정, 현재 Read 0.0 B/s, Write 28.7 KB/s, 보조 정보 확인됨, 저장 공간 전체 926.4 GB, 사용 가능 763.8 GB, 사용 중은 전체에서 사용 가능을 뺀 값, APFS 공유 공간이며 볼륨별 독점 사용량이 아님, Disk 최근 10분 그래프, Read 점선, Write 실선, 원본 범위 0–48.8 KB/s, 현재 측정, 수집 공백은 이어 그리지 않음, 단축키 ⌘4
    t =     5.71s Click "DiskCard" Button
    t =     5.71s     Wait for com.zipkero.ResourceRunner to idle
    t =     5.72s     Find the "DiskCard" Button
    t =     5.76s     Check for interrupting elements affecting "DiskCard" Button
    t =     5.79s     Synthesize event
    t =     6.19s     Wait for com.zipkero.ResourceRunner to idle
    t =     6.19s Waiting 5.0s for "DiskDetail" Any to exist
    t =     7.20s     Checking `Expect predicate `existsNoRetry == 1` for object "DiskDetail" Any`
    t =     7.20s         Checking existence of `"DiskDetail" Any`
    t =     7.27s Get number of matches for: Descendants matching type Popover
    t =     7.30s Find the "DiskDetail" Any
    t =     7.34s Find the "DiskDetail" ScrollView
    t =     7.39s Waiting 5.0s for "DiskSummary" Any to exist
    t =     8.41s     Checking `Expect predicate `existsNoRetry == 1` for object "DiskSummary" Any`
    t =     8.41s         Checking existence of `"DiskSummary" Any`
    t =     8.47s Waiting 10.0s for Any (First Match) to exist
    t =     9.50s     Checking `Expect predicate `existsNoRetry == 1` for object Any (First Match)`
    t =     9.50s         Checking existence of `Any (First Match)`
    t =     9.56s Find the "DiskSummary" Any
    t =     9.61s Find the Any (First Match)
TASK011_ACTUAL_UI summary=활동 현재 측정, 원본 조회 0초 전, 저장 공간 별도 느린 주기, 용량 확인, 원본 조회 7초 전, 시스템 / 전체 926.4 GB · 사용 가능 763.8 GB, 사용 중 = 전체 − 사용 가능. APFS 공유 공간에서는 볼륨별 독점 사용량이 아닙니다., 외장 장치 없음 volume=/System/Volumes/Update · apfs · 물리 관계 확인, 전체 926.4 GB · 사용 중 162.5 GB · 사용 가능 763.8 GB, 장치 관계: DADiskCopyIOMedia nonzero; ancestor IOBlockStorageDriver IDs=[4294969732]; virtual IDs=[], APFS 공유 공간 · 볼륨별 독점 사용량 아님, 사용 중 = 전체 − 사용 가능. APFS 공유 공간에서는 볼륨별 독점 사용량이 아닙니다.
    t =     9.66s Find the "DiskSummary" Other
    t =     9.71s Find the "DiskSummary" Other
    t =     9.76s Find the "DiskSummary" Other
    t =     9.92s Find the "DiskVolume-uuid:014195D8-3AD2-4FCA-95B8-003D6B035744|bsd:disk3s4" Other
    t =     9.98s Find the "DiskVolume-uuid:014195D8-3AD2-4FCA-95B8-003D6B035744|bsd:disk3s4" Other
    t =    10.03s Find the "DiskCard" Button
    t =    10.07s Find the "DashboardContainer" Group
    t =    10.10s Waiting 2.0s for "DiskDetailClose" Button to exist
    t =    11.13s     Checking `Expect predicate `existsNoRetry == 1` for object "DiskDetailClose" Button`
    t =    11.13s         Checking existence of `"DiskDetailClose" Button`
    t =    11.17s Click "DiskDetailClose" Button
    t =    11.17s     Wait for com.zipkero.ResourceRunner to idle
    t =    11.17s     Find the "DiskDetailClose" Button
    t =    11.20s     Check for interrupting elements affecting "DiskDetailClose" Button
    t =    11.23s     Synthesize event
    t =    11.58s     Wait for com.zipkero.ResourceRunner to idle
    t =    11.59s Checking existence of `"DiskDetail" ScrollView`
    t =    11.64s Find the "DiskCard" Button
    t =    11.68s Find the "DashboardContainer" Group
    t =    11.71s Click "DiskCard" Button
    t =    11.71s     Wait for com.zipkero.ResourceRunner to idle
    t =    11.71s     Find the "DiskCard" Button
    t =    11.75s     Check for interrupting elements affecting "DiskCard" Button
    t =    11.78s     Synthesize event
    t =    12.15s     Wait for com.zipkero.ResourceRunner to idle
    t =    12.16s Waiting 3.0s for "DiskDetail" ScrollView to exist
    t =    13.18s     Checking `Expect predicate `existsNoRetry == 1` for object "DiskDetail" ScrollView`
    t =    13.19s         Checking existence of `"DiskDetail" ScrollView`
    t =    13.25s Click "DiskCard" Button
    t =    13.25s     Wait for com.zipkero.ResourceRunner to idle
    t =    13.25s     Find the "DiskCard" Button
    t =    13.30s     Check for interrupting elements affecting "DiskCard" Button
    t =    13.33s     Synthesize event
    t =    13.70s     Wait for com.zipkero.ResourceRunner to idle
    t =    13.71s Checking existence of `"DiskDetail" ScrollView`
    t =    13.76s Find the "DiskCard" Button
    t =    13.80s Find the "DashboardContainer" Group
TASK011_ACTUAL_UI cardAfter=(1024.0, 602.0, 264.0, 112.0) bodyAfter=(1016.0, 54.0, 280.0, 668.0)
    t =    13.83s Tear Down
Test Case '-[ResourceRunnerUITests.DiskCardUITests testRealDiskCardDetailAndReturnKeepFrames]' passed (14.205 seconds).
Test Suite 'DiskCardUITests' passed at 2026-10-03 13:23:09.612.
	 Executed 1 test, with 0 failures (0 unexpected) in 14.205 (14.206) seconds
Test Suite 'NetworkCardUITests' started at 2026-10-03 13:23:09.613.
Test Case '-[ResourceRunnerUITests.NetworkCardUITests testRealNetworkCardDetailAndReturnKeepFrames]' started.
    t =     0.00s Start Test at 2026-10-03 13:23:09.615
    t =     0.12s Set Up
    t =     0.13s Open com.zipkero.ResourceRunner
    t =     0.13s     Launch com.zipkero.ResourceRunner
    t =     0.13s         Terminate com.zipkero.ResourceRunner:92179
2026-10-03 13:23:10.818 xcodebuild[88366:49763615] [MT] IDELaunchParametersSnapshot: The operation couldn’t be completed. (DebuggerLLDB.DebuggerVersionStore.StoreError error 0.)
2026-10-03 13:23:10.818 xcodebuild[88366:49763615] [MT] IDELaunchParametersSnapshot: no debugger version
    t =     1.51s         Wait for accessibility to load
    t =     1.57s         Setting up automation session
    t =     1.58s         Wait for com.zipkero.ResourceRunner to idle
    t =     1.58s Waiting 10.0s for StatusItem (First Match) to exist
    t =     2.59s     Checking `Expect predicate `existsNoRetry == 1` for object StatusItem (First Match)`
    t =     2.59s         Checking existence of `StatusItem (First Match)`
    t =     2.62s Click StatusItem (First Match)
    t =     2.62s     Wait for com.zipkero.ResourceRunner to idle
    t =     2.62s     Find the StatusItem (First Match)
    t =     2.65s     Check for interrupting elements affecting "ResourceRunner, 낮음" StatusItem
    t =     2.65s     Open com.zipkero.ResourceRunner
    t =     2.65s         Activate com.zipkero.ResourceRunner
    t =     2.66s             Wait for com.zipkero.ResourceRunner to idle
    t =     2.66s     Synthesize event
    t =     3.17s     Wait for com.zipkero.ResourceRunner to idle
    t =     3.17s Waiting 10.0s for "NetworkCard" Any to exist
    t =     4.18s     Checking `Expect predicate `existsNoRetry == 1` for object "NetworkCard" Any`
    t =     4.18s         Checking existence of `"NetworkCard" Any`
    t =     4.28s Waiting 5.0s for "DashboardContainer" Any to exist
    t =     5.32s     Checking `Expect predicate `existsNoRetry == 1` for object "DashboardContainer" Any`
    t =     5.32s         Checking existence of `"DashboardContainer" Any`
    t =     5.35s Checking existence of `ScrollView (First Match)`
    t =     5.38s Find the "NetworkCard" Any
    t =     5.56s Find the "NetworkCard" Button
    t =     5.61s Find the "DashboardContainer" Any
    t =     5.64s Find the "NetworkCard" Button
TASK010_ACTUAL_UI cardBefore=(1024.0, 484.0, 264.0, 112.0) bodyBefore=(1016.0, 54.0, 280.0, 668.0) label=Network 카드, 일부 수집 실패: 물리 대상의 식별·연결·속도 일부를 확인하지 못했습니다, 확인된 일부 합계 다운로드 334.3 KB/s, 업로드 4.5 KB/s, 일부 수집 실패: 대상 identity 또는 물리 정보 일부 미확인, 활성 확인 4개 · 논리·Wi-Fi·가상 · 상태 미확인 12개, 단축키 ⌘3
    t =     5.68s Click "NetworkCard" Button
    t =     5.68s     Wait for com.zipkero.ResourceRunner to idle
    t =     5.69s     Find the "NetworkCard" Button
    t =     5.73s     Check for interrupting elements affecting "NetworkCard" Button
    t =     5.75s     Synthesize event
    t =     6.17s     Wait for com.zipkero.ResourceRunner to idle
    t =     6.18s Waiting 5.0s for "NetworkDetail" Any to exist
    t =     7.20s     Checking `Expect predicate `existsNoRetry == 1` for object "NetworkDetail" Any`
    t =     7.20s         Checking existence of `"NetworkDetail" Any`
    t =     7.26s Get number of matches for: Descendants matching type Popover
    t =     7.29s Find the "NetworkDetail" Any
    t =     7.33s Find the "NetworkDetail" ScrollView
    t =     7.37s Checking existence of `"NetworkUpdateCadence" StaticText`
    t =     7.42s Find the "NetworkUpdateCadence" StaticText
/Users/zipkero/XcodeProjects/ResourceRunner/ResourceRunnerUITests/NetworkCardUITests.swift:35: error: -[ResourceRunnerUITests.NetworkCardUITests testRealNetworkCardDetailAndReturnKeepFrames] : XCTAssertTrue failed
    t =     7.54s Tear Down
Test Case '-[ResourceRunnerUITests.NetworkCardUITests testRealNetworkCardDetailAndReturnKeepFrames]' failed (7.873 seconds).
Test Suite 'NetworkCardUITests' failed at 2026-10-03 13:23:17.488.
	 Executed 1 test, with 1 failure (0 unexpected) in 7.873 (7.874) seconds
Test Suite 'OneSessionMonitoringIntegrationUITests' started at 2026-10-03 13:23:17.489.
Test Case '-[ResourceRunnerUITests.OneSessionMonitoringIntegrationUITests testCardsDetailsAndRealCPULoadInOneAppSession]' started.
    t =     0.00s Start Test at 2026-10-03 13:23:17.492
    t =     0.12s Set Up
    t =     0.12s Open com.zipkero.ResourceRunner
    t =     0.13s     Launch com.zipkero.ResourceRunner
    t =     0.13s         Terminate com.zipkero.ResourceRunner:92428
2026-10-03 13:23:18.683 xcodebuild[88366:49763615] [MT] IDELaunchParametersSnapshot: The operation couldn’t be completed. (DebuggerLLDB.DebuggerVersionStore.StoreError error 0.)
2026-10-03 13:23:18.683 xcodebuild[88366:49763615] [MT] IDELaunchParametersSnapshot: no debugger version
    t =     1.52s         Wait for accessibility to load
    t =     1.56s         Setting up automation session
    t =     1.57s         Wait for com.zipkero.ResourceRunner to idle
TASK014_ONE_SESSION 2026-10-03T04:23:19.069Z runnerPID=88435 app launched
    t =     1.58s Waiting 5.0s for StatusItem (First Match) to exist
    t =     2.60s     Checking `Expect predicate `existsNoRetry == 1` for object StatusItem (First Match)`
    t =     2.60s         Checking existence of `StatusItem (First Match)`
    t =     2.63s Find the StatusItem (First Match)
    t =     2.65s Click "ResourceRunner, 낮음" StatusItem
    t =     2.65s     Wait for com.zipkero.ResourceRunner to idle
    t =     2.65s     Find the "ResourceRunner, 낮음" StatusItem
    t =     2.67s     Check for interrupting elements affecting "ResourceRunner, 낮음" StatusItem
    t =     2.67s     Open com.zipkero.ResourceRunner
    t =     2.67s         Activate com.zipkero.ResourceRunner
    t =     2.69s             Wait for com.zipkero.ResourceRunner to idle
    t =     2.69s     Synthesize event
    t =     3.16s     Wait for com.zipkero.ResourceRunner to idle
TASK014_ONE_SESSION 2026-10-03T04:23:20.656Z runnerPID=88435 dashboard opened
    t =     3.17s Waiting 5.0s for "CPUCard" Any to exist
    t =     4.18s     Checking `Expect predicate `existsNoRetry == 1` for object "CPUCard" Any`
    t =     4.18s         Checking existence of `"CPUCard" Any`
    t =     4.27s Waiting 5.0s for "MemoryCard" Any to exist
    t =     5.28s     Checking `Expect predicate `existsNoRetry == 1` for object "MemoryCard" Any`
    t =     5.28s         Checking existence of `"MemoryCard" Any`
    t =     5.35s Find the "CPUCard" Any
    t =     5.39s Find the "MemoryCard" Any
    t =     5.42s Type '1' key with modifiers '⌘' (0x10)
    t =     5.42s     Wait for com.zipkero.ResourceRunner to idle
    t =     5.43s     Find the Target Application 'com.zipkero.ResourceRunner'
    t =     5.46s     Check for interrupting elements affecting "ResourceRunner" Application
    t =     5.46s     Synthesize event
    t =     5.60s     Wait for com.zipkero.ResourceRunner to idle
    t =     5.61s Get number of matches for: Descendants matching type Popover
    t =     5.64s Checking existence of `StaticText (First Match)`
TASK014_ONE_SESSION 2026-10-03T04:23:23.142Z runnerPID=88435 CPU detail opened
    t =     5.65s Type '1' key with modifiers '⌘' (0x10)
    t =     5.65s     Wait for com.zipkero.ResourceRunner to idle
    t =     5.66s     Find the Target Application 'com.zipkero.ResourceRunner'
    t =     5.70s     Check for interrupting elements affecting "ResourceRunner" Application
    t =     5.70s     Synthesize event
    t =     5.80s     Wait for com.zipkero.ResourceRunner to idle
    t =     5.80s Get number of matches for: Descendants matching type Popover
TASK014_ONE_SESSION 2026-10-03T04:23:23.312Z runnerPID=88435 CPU detail closed
    t =     5.82s Type '2' key with modifiers '⌘' (0x10)
    t =     5.82s     Wait for com.zipkero.ResourceRunner to idle
    t =     5.83s     Find the Target Application 'com.zipkero.ResourceRunner'
    t =     5.97s     Check for interrupting elements affecting "ResourceRunner" Application
    t =     5.97s     Synthesize event
    t =     6.07s     Wait for com.zipkero.ResourceRunner to idle
    t =     6.07s Get number of matches for: Descendants matching type Popover
    t =     6.10s Checking existence of `StaticText (First Match)`
TASK014_ONE_SESSION 2026-10-03T04:23:23.611Z runnerPID=88435 Memory detail opened
    t =     6.12s Type '2' key with modifiers '⌘' (0x10)
    t =     6.12s     Wait for com.zipkero.ResourceRunner to idle
    t =     6.13s     Find the Target Application 'com.zipkero.ResourceRunner'
    t =     6.16s     Check for interrupting elements affecting "ResourceRunner" Application
    t =     6.16s     Synthesize event
    t =     6.25s     Wait for com.zipkero.ResourceRunner to idle
    t =     6.25s Get number of matches for: Descendants matching type Popover
TASK014_ONE_SESSION 2026-10-03T04:23:23.761Z runnerPID=88435 Memory detail closed
    t =     6.27s Click "ResourceRunner, 낮음" StatusItem
    t =     6.27s     Wait for com.zipkero.ResourceRunner to idle
    t =     6.28s     Find the "ResourceRunner, 낮음" StatusItem
    t =     6.30s     Check for interrupting elements affecting "ResourceRunner, 낮음" StatusItem
    t =     6.30s     Synthesize event
    t =     6.65s     Wait for com.zipkero.ResourceRunner to idle
    t =     6.66s Get number of matches for: Descendants matching type Popover
TASK014_ONE_SESSION 2026-10-03T04:23:24.177Z runnerPID=88435 dashboard closed
TASK014_ONE_SESSION 2026-10-03T04:23:24.203Z runnerPID=88435 CPU load started pids=[92703, 92704, 92705, 92706, 92707, 92708, 92709, 92710, 92711, 92712, 92713, 92714, 92715, 92716]
    t =     6.71s Find the "ResourceRunner, 낮음" StatusItem
    t =     6.86s Find the "ResourceRunner, 낮음" StatusItem
    t =     7.28s Find the "ResourceRunner, 낮음" StatusItem
    t =     7.44s Find the "ResourceRunner, 낮음" StatusItem
    t =     7.57s Find the "ResourceRunner, 낮음" StatusItem
    t =     7.71s Find the "ResourceRunner, 낮음" StatusItem
    t =     7.83s Find the "ResourceRunner, 낮음" StatusItem
    t =     7.98s Find the "ResourceRunner, 낮음" StatusItem
    t =     8.13s Find the "ResourceRunner, 낮음" StatusItem
    t =     8.24s Find the "ResourceRunner, 낮음" StatusItem
    t =     8.38s Find the "ResourceRunner, 낮음" StatusItem
    t =     8.49s Find the "ResourceRunner, 낮음" StatusItem
    t =     8.62s Find the "ResourceRunner, 낮음" StatusItem
    t =     8.75s Find the "ResourceRunner, 낮음" StatusItem
    t =     8.87s Find the "ResourceRunner, 낮음" StatusItem
    t =     9.00s Find the "ResourceRunner, 낮음" StatusItem
    t =     9.12s Find the "ResourceRunner, 낮음" StatusItem
    t =     9.24s Find the "ResourceRunner, 낮음" StatusItem
    t =     9.37s Find the "ResourceRunner, 낮음" StatusItem
    t =     9.49s Find the "ResourceRunner, 낮음" StatusItem
    t =     9.61s Find the "ResourceRunner, 낮음" StatusItem
    t =     9.75s Find the "ResourceRunner, 낮음" StatusItem
    t =     9.86s Find the "ResourceRunner, 낮음" StatusItem
    t =     9.99s Find the "ResourceRunner, 낮음" StatusItem
    t =    10.11s Find the "ResourceRunner, 낮음" StatusItem
    t =    10.25s Find the "ResourceRunner, 낮음" StatusItem
    t =    10.37s Find the "ResourceRunner, 낮음" StatusItem
    t =    10.50s Find the "ResourceRunner, 낮음" StatusItem
    t =    10.62s Find the "ResourceRunner, 낮음" StatusItem
    t =    10.75s Find the "ResourceRunner, 낮음" StatusItem
    t =    10.87s Find the "ResourceRunner, 낮음" StatusItem
    t =    11.00s Find the "ResourceRunner, 낮음" StatusItem
    t =    11.12s Find the "ResourceRunner, 낮음" StatusItem
    t =    11.25s Find the "ResourceRunner, 낮음" StatusItem
    t =    11.37s Find the "ResourceRunner, 낮음" StatusItem
    t =    11.50s Find the "ResourceRunner, 낮음" StatusItem
    t =    11.61s Find the "ResourceRunner, 낮음" StatusItem
    t =    11.75s Find the "ResourceRunner, 낮음" StatusItem
    t =    11.87s Find the "ResourceRunner, 낮음" StatusItem
    t =    12.00s Find the "ResourceRunner, 낮음" StatusItem
    t =    12.11s Find the "ResourceRunner, 낮음" StatusItem
    t =    12.25s Find the "ResourceRunner, 낮음" StatusItem
    t =    12.37s Find the "ResourceRunner, 낮음" StatusItem
    t =    12.50s Find the "ResourceRunner, 낮음" StatusItem
    t =    12.61s Find the "ResourceRunner, 낮음" StatusItem
    t =    12.74s Find the "ResourceRunner, 낮음" StatusItem
    t =    12.86s Find the "ResourceRunner, 낮음" StatusItem
    t =    13.00s Find the "ResourceRunner, 낮음" StatusItem
    t =    13.12s Find the "ResourceRunner, 낮음" StatusItem
    t =    13.26s Find the "ResourceRunner, 낮음" StatusItem
    t =    13.37s Find the "ResourceRunner, 낮음" StatusItem
    t =    13.38s Find the "ResourceRunner, 매우 높음" StatusItem
TASK014_ONE_SESSION 2026-10-03T04:23:30.875Z runnerPID=88435 high CPU label observed: ResourceRunner, 매우 높음
TASK014_ONE_SESSION 2026-10-03T04:23:30.938Z runnerPID=88435 CPU load stopped
    t =    13.45s Find the "ResourceRunner, 매우 높음" StatusItem
    t =    13.57s Find the "ResourceRunner, 매우 높음" StatusItem
    t =    13.70s Find the "ResourceRunner, 매우 높음" StatusItem
    t =    13.83s Find the "ResourceRunner, 매우 높음" StatusItem
    t =    13.95s Find the "ResourceRunner, 매우 높음" StatusItem
    t =    14.09s Find the "ResourceRunner, 매우 높음" StatusItem
    t =    14.21s Find the "ResourceRunner, 매우 높음" StatusItem
    t =    14.34s Find the "ResourceRunner, 매우 높음" StatusItem
    t =    14.46s Find the "ResourceRunner, 매우 높음" StatusItem
    t =    14.58s Find the "ResourceRunner, 매우 높음" StatusItem
    t =    14.71s Find the "ResourceRunner, 매우 높음" StatusItem
    t =    14.84s Find the "ResourceRunner, 매우 높음" StatusItem
    t =    14.97s Find the "ResourceRunner, 매우 높음" StatusItem
    t =    15.11s Find the "ResourceRunner, 매우 높음" StatusItem
    t =    15.23s Find the "ResourceRunner, 매우 높음" StatusItem
    t =    15.36s Find the "ResourceRunner, 매우 높음" StatusItem
    t =    15.49s Find the "ResourceRunner, 매우 높음" StatusItem
    t =    15.61s Find the "ResourceRunner, 매우 높음" StatusItem
    t =    15.74s Find the "ResourceRunner, 매우 높음" StatusItem
    t =    15.86s Find the "ResourceRunner, 매우 높음" StatusItem
    t =    15.99s Find the "ResourceRunner, 매우 높음" StatusItem
    t =    16.11s Find the "ResourceRunner, 매우 높음" StatusItem
    t =    16.24s Find the "ResourceRunner, 매우 높음" StatusItem
    t =    16.37s Find the "ResourceRunner, 매우 높음" StatusItem
    t =    16.50s Find the "ResourceRunner, 매우 높음" StatusItem
    t =    16.63s Find the "ResourceRunner, 매우 높음" StatusItem
    t =    16.76s Find the "ResourceRunner, 매우 높음" StatusItem
    t =    16.89s Find the "ResourceRunner, 매우 높음" StatusItem
    t =    17.02s Find the "ResourceRunner, 매우 높음" StatusItem
    t =    17.16s Find the "ResourceRunner, 매우 높음" StatusItem
    t =    17.29s Find the "ResourceRunner, 매우 높음" StatusItem
    t =    17.52s Find the "ResourceRunner, 매우 높음" StatusItem
    t =    17.65s Find the "ResourceRunner, 매우 높음" StatusItem
    t =    17.77s Find the "ResourceRunner, 매우 높음" StatusItem
    t =    17.89s Find the "ResourceRunner, 매우 높음" StatusItem
    t =    18.02s Find the "ResourceRunner, 매우 높음" StatusItem
    t =    18.14s Find the "ResourceRunner, 매우 높음" StatusItem
    t =    18.26s Find the "ResourceRunner, 매우 높음" StatusItem
    t =    18.39s Find the "ResourceRunner, 매우 높음" StatusItem
    t =    18.52s Find the "ResourceRunner, 매우 높음" StatusItem
    t =    18.65s Find the "ResourceRunner, 매우 높음" StatusItem
    t =    18.78s Find the "ResourceRunner, 매우 높음" StatusItem
    t =    18.91s Find the "ResourceRunner, 매우 높음" StatusItem
    t =    19.04s Find the "ResourceRunner, 매우 높음" StatusItem
    t =    19.17s Find the "ResourceRunner, 매우 높음" StatusItem
    t =    19.30s Find the "ResourceRunner, 매우 높음" StatusItem
    t =    19.43s Find the "ResourceRunner, 매우 높음" StatusItem
    t =    19.56s Find the "ResourceRunner, 매우 높음" StatusItem
    t =    19.69s Find the "ResourceRunner, 매우 높음" StatusItem
    t =    19.82s Find the "ResourceRunner, 매우 높음" StatusItem
    t =    19.94s Find the "ResourceRunner, 매우 높음" StatusItem
    t =    20.07s Find the "ResourceRunner, 매우 높음" StatusItem
    t =    20.20s Find the "ResourceRunner, 매우 높음" StatusItem
    t =    20.33s Find the "ResourceRunner, 매우 높음" StatusItem
    t =    20.46s Find the "ResourceRunner, 매우 높음" StatusItem
    t =    20.59s Find the "ResourceRunner, 매우 높음" StatusItem
    t =    20.71s Find the "ResourceRunner, 매우 높음" StatusItem
    t =    20.85s Find the "ResourceRunner, 매우 높음" StatusItem
    t =    20.97s Find the "ResourceRunner, 매우 높음" StatusItem
    t =    21.11s Find the "ResourceRunner, 매우 높음" StatusItem
    t =    21.23s Find the "ResourceRunner, 매우 높음" StatusItem
TASK014_ONE_SESSION 2026-10-03T04:23:38.735Z runnerPID=88435 low CPU label restored
    t =    21.25s Click "ResourceRunner, 낮음" StatusItem
    t =    21.25s     Wait for com.zipkero.ResourceRunner to idle
    t =    21.26s     Find the "ResourceRunner, 낮음" StatusItem
    t =    21.27s     Check for interrupting elements affecting "ResourceRunner, 낮음" StatusItem
    t =    21.27s     Synthesize event
    t =    21.65s     Wait for com.zipkero.ResourceRunner to idle
    t =    21.66s Waiting 5.0s for "CPUCard" Button to exist
    t =    22.67s     Checking `Expect predicate `existsNoRetry == 1` for object "CPUCard" Button`
    t =    22.68s         Checking existence of `"CPUCard" Button`
    t =    22.74s Checking existence of `"MemoryCard" Button`
TASK014_ONE_SESSION 2026-10-03T04:23:40.273Z runnerPID=88435 dashboard reopened
    t =    22.78s Click "ResourceRunner, 낮음" StatusItem
    t =    22.78s     Wait for com.zipkero.ResourceRunner to idle
    t =    22.79s     Find the "ResourceRunner, 낮음" StatusItem
    t =    22.80s     Check for interrupting elements affecting "ResourceRunner, 낮음" StatusItem
    t =    22.81s     Synthesize event
    t =    23.17s     Wait for com.zipkero.ResourceRunner to idle
    t =    23.18s Get number of matches for: Descendants matching type Popover
TASK014_ONE_SESSION 2026-10-03T04:23:40.697Z runnerPID=88435 dashboard reclosed
    t =    23.22s Tear Down
Test Case '-[ResourceRunnerUITests.OneSessionMonitoringIntegrationUITests testCardsDetailsAndRealCPULoadInOneAppSession]' passed (23.639 seconds).
Test Suite 'OneSessionMonitoringIntegrationUITests' passed at 2026-10-03 13:23:41.130.
	 Executed 1 test, with 0 failures (0 unexpected) in 23.639 (23.641) seconds
Test Suite 'ResourceRunnerUITests' started at 2026-10-03 13:23:41.131.
Test Case '-[ResourceRunnerUITests.ResourceRunnerUITests testDashboardShowsAllCardsWithoutSummaryScroll]' started.
    t =     0.00s Start Test at 2026-10-03 13:23:41.133
    t =     0.12s Set Up
    t =     0.12s Open com.zipkero.ResourceRunner
    t =     0.13s     Launch com.zipkero.ResourceRunner
    t =     0.13s         Terminate com.zipkero.ResourceRunner:92621
2026-10-03 13:23:42.357 xcodebuild[88366:49763615] [MT] IDELaunchParametersSnapshot: The operation couldn’t be completed. (DebuggerLLDB.DebuggerVersionStore.StoreError error 0.)
2026-10-03 13:23:42.357 xcodebuild[88366:49763615] [MT] IDELaunchParametersSnapshot: no debugger version
    t =     1.54s         Wait for accessibility to load
    t =     1.61s         Setting up automation session
    t =     1.61s         Wait for com.zipkero.ResourceRunner to idle
    t =     1.62s Waiting 5.0s for StatusItem (First Match) to exist
    t =     2.65s     Checking `Expect predicate `existsNoRetry == 1` for object StatusItem (First Match)`
    t =     2.65s         Checking existence of `StatusItem (First Match)`
    t =     2.68s Click StatusItem (First Match)
    t =     2.68s     Wait for com.zipkero.ResourceRunner to idle
    t =     2.68s     Find the StatusItem (First Match)
    t =     2.70s     Check for interrupting elements affecting "ResourceRunner, 낮음" StatusItem
    t =     2.71s     Open com.zipkero.ResourceRunner
    t =     2.71s         Activate com.zipkero.ResourceRunner
    t =     2.73s             Wait for com.zipkero.ResourceRunner to idle
    t =     2.74s     Synthesize event
    t =     3.20s     Wait for com.zipkero.ResourceRunner to idle
    t =     3.21s Waiting 5.0s for "CPUCard" Any to exist
    t =     4.23s     Checking `Expect predicate `existsNoRetry == 1` for object "CPUCard" Any`
    t =     4.23s         Checking existence of `"CPUCard" Any`
    t =     4.32s Waiting 5.0s for "CPUCard" Any to exist
    t =     5.34s     Checking `Expect predicate `existsNoRetry == 1` for object "CPUCard" Any`
    t =     5.34s         Checking existence of `"CPUCard" Any`
    t =     5.40s Find the "CPUCard" Any
    t =     5.48s Waiting 5.0s for "MemoryCard" Any to exist
    t =     6.49s     Checking `Expect predicate `existsNoRetry == 1` for object "MemoryCard" Any`
    t =     6.49s         Checking existence of `"MemoryCard" Any`
    t =     6.55s Find the "MemoryCard" Any
    t =     6.63s Waiting 5.0s for "NetworkCard" Any to exist
    t =     7.65s     Checking `Expect predicate `existsNoRetry == 1` for object "NetworkCard" Any`
    t =     7.65s         Checking existence of `"NetworkCard" Any`
    t =     7.71s Find the "NetworkCard" Any
    t =     7.78s Waiting 5.0s for "DiskCard" Any to exist
    t =     8.81s     Checking `Expect predicate `existsNoRetry == 1` for object "DiskCard" Any`
    t =     8.81s         Checking existence of `"DiskCard" Any`
    t =     8.87s Find the "DiskCard" Any
    t =     8.94s Checking existence of `ScrollView (First Match)`
    t =     8.96s Checking existence of `"DashboardContainer" Any`
    t =     8.98s Find the "CPUCard" Button
    t =     9.02s Find the "NetworkCard" Button
    t =     9.06s Find the "DiskCard" Button
    t =     9.11s Find the "NetworkCard" Button
    t =     9.14s Find the "DiskCard" Button
    t =    10.20s Checking `Expect predicate `label CONTAINS "전체 사용률"` for object "CPUCard" Button`
    t =    10.21s     Find the "CPUCard" Button
    t =    10.26s Find the "CPUCard" Button
    t =    10.30s Find the "NetworkCard" Button
    t =    10.34s Find the "DiskCard" Button
    t =    10.38s Find the "CPUCard" Button
    t =    10.55s Find the "MemoryCard" Button
    t =    10.62s Find the "NetworkCard" Button
    t =    10.69s Find the "DiskCard" Button
    t =    10.99s Find the "DashboardContainer" Any
    t =    11.02s Find the "DiskCard" Button
    t =    11.08s Tear Down
Test Case '-[ResourceRunnerUITests.ResourceRunnerUITests testDashboardShowsAllCardsWithoutSummaryScroll]' passed (11.420 seconds).
Test Case '-[ResourceRunnerUITests.ResourceRunnerUITests testMenuBarClickOpensPopover]' started.
    t =     0.00s Start Test at 2026-10-03 13:23:52.554
    t =     0.14s Set Up
    t =     0.14s Open com.zipkero.ResourceRunner
    t =     0.14s     Launch com.zipkero.ResourceRunner
    t =     0.14s         Terminate com.zipkero.ResourceRunner:93016
2026-10-03 13:23:53.757 xcodebuild[88366:49763615] [MT] IDELaunchParametersSnapshot: The operation couldn’t be completed. (DebuggerLLDB.DebuggerVersionStore.StoreError error 0.)
2026-10-03 13:23:53.757 xcodebuild[88366:49763615] [MT] IDELaunchParametersSnapshot: no debugger version
    t =     1.52s         Wait for accessibility to load
    t =     1.58s         Setting up automation session
    t =     1.59s         Wait for com.zipkero.ResourceRunner to idle
    t =     1.59s Waiting 5.0s for StatusItem (First Match) to exist
    t =     2.61s     Checking `Expect predicate `existsNoRetry == 1` for object StatusItem (First Match)`
    t =     2.61s         Checking existence of `StatusItem (First Match)`
    t =     2.63s Click StatusItem (First Match)
    t =     2.63s     Wait for com.zipkero.ResourceRunner to idle
    t =     2.63s     Find the StatusItem (First Match)
    t =     2.66s     Check for interrupting elements affecting "ResourceRunner, 낮음" StatusItem
    t =     2.66s     Open com.zipkero.ResourceRunner
    t =     2.66s         Activate com.zipkero.ResourceRunner
    t =     2.68s             Wait for com.zipkero.ResourceRunner to idle
    t =     2.69s     Synthesize event
    t =     3.13s     Wait for com.zipkero.ResourceRunner to idle
    t =     3.13s Waiting 2.0s for "CPUCard" Any to exist
    t =     4.14s     Checking `Expect predicate `existsNoRetry == 1` for object "CPUCard" Any`
    t =     4.14s         Checking existence of `"CPUCard" Any`
    t =     4.24s Tear Down
Test Case '-[ResourceRunnerUITests.ResourceRunnerUITests testMenuBarClickOpensPopover]' passed (4.574 seconds).
Test Case '-[ResourceRunnerUITests.ResourceRunnerUITests testMenuBarClickTogglesPopoverRepeatedlyWithoutDrift]' started.
    t =     0.00s Start Test at 2026-10-03 13:23:57.129
    t =     0.11s Set Up
    t =     0.12s Open com.zipkero.ResourceRunner
    t =     0.12s     Launch com.zipkero.ResourceRunner
    t =     0.12s         Terminate com.zipkero.ResourceRunner:93174
2026-10-03 13:23:58.318 xcodebuild[88366:49763615] [MT] IDELaunchParametersSnapshot: The operation couldn’t be completed. (DebuggerLLDB.DebuggerVersionStore.StoreError error 0.)
2026-10-03 13:23:58.318 xcodebuild[88366:49763615] [MT] IDELaunchParametersSnapshot: no debugger version
    t =     1.48s         Wait for accessibility to load
    t =     1.53s         Setting up automation session
    t =     1.54s         Wait for com.zipkero.ResourceRunner to idle
    t =     1.54s Waiting 5.0s for StatusItem (First Match) to exist
    t =     2.55s     Checking `Expect predicate `existsNoRetry == 1` for object StatusItem (First Match)`
    t =     2.55s         Checking existence of `StatusItem (First Match)`
    t =     2.58s Click StatusItem (First Match)
    t =     2.58s     Wait for com.zipkero.ResourceRunner to idle
    t =     2.59s     Find the StatusItem (First Match)
    t =     2.61s     Check for interrupting elements affecting "ResourceRunner, 낮음" StatusItem
    t =     2.62s     Open com.zipkero.ResourceRunner
    t =     2.62s         Activate com.zipkero.ResourceRunner
    t =     2.64s             Wait for com.zipkero.ResourceRunner to idle
    t =     2.64s     Synthesize event
    t =     3.10s     Wait for com.zipkero.ResourceRunner to idle
    t =     3.10s Waiting 2.0s for "CPUCard" Any to exist
    t =     4.10s     Checking `Expect predicate `existsNoRetry == 1` for object "CPUCard" Any`
    t =     4.10s         Checking existence of `"CPUCard" Any`
    t =     4.52s Click "ResourceRunner, 낮음" StatusItem
    t =     4.52s     Wait for com.zipkero.ResourceRunner to idle
    t =     4.53s     Find the "ResourceRunner, 낮음" StatusItem
    t =     4.55s     Check for interrupting elements affecting "ResourceRunner, 낮음" StatusItem
    t =     4.55s     Synthesize event
    t =     4.89s     Wait for com.zipkero.ResourceRunner to idle
    t =     4.90s Checking existence of `"CPUCard" Any`
    t =     5.25s Click "ResourceRunner, 낮음" StatusItem
    t =     5.25s     Wait for com.zipkero.ResourceRunner to idle
    t =     5.26s     Find the "ResourceRunner, 낮음" StatusItem
    t =     5.27s     Check for interrupting elements affecting "ResourceRunner, 낮음" StatusItem
    t =     5.28s     Synthesize event
    t =     5.71s     Wait for com.zipkero.ResourceRunner to idle
    t =     5.71s Waiting 2.0s for "CPUCard" Any to exist
    t =     6.72s     Checking `Expect predicate `existsNoRetry == 1` for object "CPUCard" Any`
    t =     6.72s         Checking existence of `"CPUCard" Any`
    t =     7.08s Click "ResourceRunner, 낮음" StatusItem
    t =     7.09s     Wait for com.zipkero.ResourceRunner to idle
    t =     7.09s     Find the "ResourceRunner, 낮음" StatusItem
    t =     7.11s     Check for interrupting elements affecting "ResourceRunner, 낮음" StatusItem
    t =     7.12s     Synthesize event
    t =     7.48s     Wait for com.zipkero.ResourceRunner to idle
    t =     7.49s Checking existence of `"CPUCard" Any`
    t =     7.84s Click "ResourceRunner, 낮음" StatusItem
    t =     7.84s     Wait for com.zipkero.ResourceRunner to idle
    t =     7.85s     Find the "ResourceRunner, 낮음" StatusItem
    t =     7.87s     Check for interrupting elements affecting "ResourceRunner, 낮음" StatusItem
    t =     7.87s     Synthesize event
    t =     8.25s     Wait for com.zipkero.ResourceRunner to idle
    t =     8.25s Waiting 2.0s for "CPUCard" Any to exist
    t =     9.26s     Checking `Expect predicate `existsNoRetry == 1` for object "CPUCard" Any`
    t =     9.26s         Checking existence of `"CPUCard" Any`
    t =     9.63s Click "ResourceRunner, 낮음" StatusItem
    t =     9.63s     Wait for com.zipkero.ResourceRunner to idle
    t =     9.64s     Find the "ResourceRunner, 낮음" StatusItem
    t =     9.66s     Check for interrupting elements affecting "ResourceRunner, 낮음" StatusItem
    t =     9.66s     Synthesize event
    t =    10.01s     Wait for com.zipkero.ResourceRunner to idle
    t =    10.02s Checking existence of `"CPUCard" Any`
    t =    10.38s Click "ResourceRunner, 낮음" StatusItem
    t =    10.38s     Wait for com.zipkero.ResourceRunner to idle
    t =    10.39s     Find the "ResourceRunner, 낮음" StatusItem
    t =    10.41s     Check for interrupting elements affecting "ResourceRunner, 낮음" StatusItem
    t =    10.41s     Synthesize event
    t =    10.84s     Wait for com.zipkero.ResourceRunner to idle
    t =    10.85s Waiting 2.0s for "CPUCard" Any to exist
    t =    11.85s     Checking `Expect predicate `existsNoRetry == 1` for object "CPUCard" Any`
    t =    11.85s         Checking existence of `"CPUCard" Any`
    t =    12.22s Click "ResourceRunner, 낮음" StatusItem
    t =    12.22s     Wait for com.zipkero.ResourceRunner to idle
    t =    12.22s     Find the "ResourceRunner, 낮음" StatusItem
    t =    12.24s     Check for interrupting elements affecting "ResourceRunner, 낮음" StatusItem
    t =    12.24s     Synthesize event
    t =    12.61s     Wait for com.zipkero.ResourceRunner to idle
    t =    12.61s Checking existence of `"CPUCard" Any`
    t =    12.96s Click "ResourceRunner, 낮음" StatusItem
    t =    12.97s     Wait for com.zipkero.ResourceRunner to idle
    t =    12.97s     Find the "ResourceRunner, 낮음" StatusItem
    t =    12.99s     Check for interrupting elements affecting "ResourceRunner, 낮음" StatusItem
    t =    12.99s     Synthesize event
    t =    13.36s     Wait for com.zipkero.ResourceRunner to idle
    t =    13.36s Waiting 2.0s for "CPUCard" Any to exist
    t =    14.37s     Checking `Expect predicate `existsNoRetry == 1` for object "CPUCard" Any`
    t =    14.38s         Checking existence of `"CPUCard" Any`
    t =    14.74s Click "ResourceRunner, 낮음" StatusItem
    t =    14.74s     Wait for com.zipkero.ResourceRunner to idle
    t =    14.74s     Find the "ResourceRunner, 낮음" StatusItem
    t =    14.76s     Check for interrupting elements affecting "ResourceRunner, 낮음" StatusItem
    t =    14.76s     Synthesize event
    t =    15.13s     Wait for com.zipkero.ResourceRunner to idle
    t =    15.14s Checking existence of `"CPUCard" Any`
    t =    15.49s Tear Down
Test Case '-[ResourceRunnerUITests.ResourceRunnerUITests testMenuBarClickTogglesPopoverRepeatedlyWithoutDrift]' passed (15.857 seconds).
Test Suite 'ResourceRunnerUITests' passed at 2026-10-03 13:24:12.986.
	 Executed 3 tests, with 0 failures (0 unexpected) in 31.851 (31.855) seconds
Test Suite 'ResourceRunnerUITestsLaunchTests' started at 2026-10-03 13:24:12.986.
Test Case '-[ResourceRunnerUITests.ResourceRunnerUITestsLaunchTests testLaunch]' started.
    t =     0.00s Setting appearance mode to Light
    t =     0.35s     Wait for com.stablyai.orca to idle
    t =     0.37s     Wait for com.zipkero.ResourceRunner to idle
    t =     0.38s Start Test at 2026-10-03 13:24:13.371
    t =     0.48s Set Up
    t =     0.48s Open com.zipkero.ResourceRunner
    t =     0.48s     Launch com.zipkero.ResourceRunner
    t =     0.48s         Terminate com.zipkero.ResourceRunner:93263
2026-10-03 13:24:14.539 xcodebuild[88366:49763615] [MT] IDELaunchParametersSnapshot: The operation couldn’t be completed. (DebuggerLLDB.DebuggerVersionStore.StoreError error 0.)
2026-10-03 13:24:14.539 xcodebuild[88366:49763615] [MT] IDELaunchParametersSnapshot: no debugger version
    t =     1.89s         Wait for accessibility to load
    t =     1.94s         Setting up automation session
    t =     1.96s         Wait for com.zipkero.ResourceRunner to idle
    t =     1.96s Find the Target Application 'com.zipkero.ResourceRunner'
    t =     2.10s Added attachment named 'Launch Screen'
    t =     2.10s Tear Down
Test Case '-[ResourceRunnerUITests.ResourceRunnerUITestsLaunchTests testLaunch]' passed (2.357 seconds).
Test Case '-[ResourceRunnerUITests.ResourceRunnerUITestsLaunchTests testLaunch]' started.
    t =     0.00s Setting appearance mode to Dark
    t =     0.15s     Wait for com.stablyai.orca to idle
    t =     0.17s Start Test at 2026-10-03 13:24:15.510
    t =     0.26s Set Up
    t =     0.26s Open com.zipkero.ResourceRunner
    t =     0.26s     Launch com.zipkero.ResourceRunner
    t =     0.26s         Terminate com.zipkero.ResourceRunner:93512
2026-10-03 13:24:16.665 xcodebuild[88366:49763615] [MT] IDELaunchParametersSnapshot: The operation couldn’t be completed. (DebuggerLLDB.DebuggerVersionStore.StoreError error 0.)
2026-10-03 13:24:16.665 xcodebuild[88366:49763615] [MT] IDELaunchParametersSnapshot: no debugger version
    t =     1.63s         Wait for accessibility to load
    t =     1.68s         Setting up automation session
    t =     1.69s         Wait for com.zipkero.ResourceRunner to idle
    t =     1.69s Find the Target Application 'com.zipkero.ResourceRunner'
    t =     1.84s Added attachment named 'Launch Screen'
    t =     1.84s Tear Down
Test Case '-[ResourceRunnerUITests.ResourceRunnerUITestsLaunchTests testLaunch]' passed (2.102 seconds).
Test Suite 'ResourceRunnerUITestsLaunchTests' passed at 2026-10-03 13:24:17.448.
	 Executed 2 tests, with 0 failures (0 unexpected) in 4.459 (4.461) seconds
Test Suite 'StatusItemAccessibilityUITests' started at 2026-10-03 13:24:17.449.
Test Case '-[ResourceRunnerUITests.StatusItemAccessibilityUITests testStatusItemAccessibilityLabelFollowsInjectedState]' started.
    t =     0.00s Start Test at 2026-10-03 13:24:17.450
    t =     0.15s Set Up
    t =     0.15s Open com.zipkero.ResourceRunner
    t =     0.15s     Launch com.zipkero.ResourceRunner
    t =     0.15s         Terminate com.zipkero.ResourceRunner:93541
2026-10-03 13:24:18.693 xcodebuild[88366:49763615] [MT] IDELaunchParametersSnapshot: The operation couldn’t be completed. (DebuggerLLDB.DebuggerVersionStore.StoreError error 0.)
2026-10-03 13:24:18.693 xcodebuild[88366:49763615] [MT] IDELaunchParametersSnapshot: no debugger version
    t =     1.54s         Wait for accessibility to load
    t =     1.60s         Setting up automation session
    t =     1.61s         Wait for com.zipkero.ResourceRunner to idle
    t =     1.61s Waiting 5.0s for StatusItem (First Match) to exist
    t =     2.64s     Checking `Expect predicate `existsNoRetry == 1` for object StatusItem (First Match)`
    t =     2.64s         Checking existence of `StatusItem (First Match)`
    t =     2.67s Find the StatusItem (First Match)
    t =     2.69s Right click "ResourceRunner, 낮음" StatusItem
    t =     2.69s     Wait for com.zipkero.ResourceRunner to idle
    t =     2.70s     Find the "ResourceRunner, 낮음" StatusItem
    t =     2.72s     Check for interrupting elements affecting "ResourceRunner, 낮음" StatusItem
    t =     2.72s     Open com.zipkero.ResourceRunner
    t =     2.72s         Activate com.zipkero.ResourceRunner
    t =     2.74s             Wait for com.zipkero.ResourceRunner to idle
    t =     2.74s     Synthesize event
    t =     3.17s     Wait for com.zipkero.ResourceRunner to idle
    t =     3.18s Waiting 2.0s for "moderate" MenuItem to exist
    t =     4.21s     Checking `Expect predicate `existsNoRetry == 1` for object "moderate" MenuItem`
    t =     4.21s         Checking existence of `"moderate" MenuItem`
    t =     4.30s Click "moderate" MenuItem
    t =     4.30s     Wait for com.zipkero.ResourceRunner to idle
    t =     4.31s     Find the "moderate" MenuItem
    t =     4.34s     Check for interrupting elements affecting "injectDebugState:" MenuItem
    t =     4.34s     Synthesize event
    t =     4.34s         Checking existence of `"injectDebugState:" MenuItem`
    t =     4.37s         Hover menu item 'moderate'
    t =     4.37s             Wait for com.zipkero.ResourceRunner to idle
    t =     4.37s             Find the "injectDebugState:" MenuItem
    t =     4.40s             Check for interrupting elements affecting "injectDebugState:" MenuItem
    t =     4.40s             Synthesize event
    t =     4.63s             Wait for com.zipkero.ResourceRunner to idle
    t =     4.64s         Find the "injectDebugState:" MenuItem
    t =     5.37s     Wait for com.zipkero.ResourceRunner to idle
    t =     5.37s Find the "ResourceRunner, 낮음" StatusItem
    t =     5.39s Right click "ResourceRunner, 보통" StatusItem
    t =     5.39s     Wait for com.zipkero.ResourceRunner to idle
    t =     5.39s     Find the "ResourceRunner, 보통" StatusItem
    t =     5.40s     Check for interrupting elements affecting "ResourceRunner, 보통" StatusItem
    t =     5.40s     Synthesize event
    t =     5.79s     Wait for com.zipkero.ResourceRunner to idle
    t =     5.80s Waiting 2.0s for "high" MenuItem to exist
    t =     6.81s     Checking `Expect predicate `existsNoRetry == 1` for object "high" MenuItem`
    t =     6.81s         Checking existence of `"high" MenuItem`
    t =     6.85s Click "high" MenuItem
    t =     6.85s     Wait for com.zipkero.ResourceRunner to idle
    t =     6.85s     Find the "high" MenuItem
    t =     6.88s     Check for interrupting elements affecting "injectDebugState:" MenuItem
    t =     6.88s     Synthesize event
    t =     6.89s         Checking existence of `"injectDebugState:" MenuItem`
    t =     6.91s         Hover menu item 'high'
    t =     6.91s             Wait for com.zipkero.ResourceRunner to idle
    t =     6.92s             Find the "injectDebugState:" MenuItem
    t =     6.95s             Check for interrupting elements affecting "injectDebugState:" MenuItem
    t =     6.95s             Synthesize event
    t =     7.17s             Wait for com.zipkero.ResourceRunner to idle
    t =     7.18s         Find the "injectDebugState:" MenuItem
    t =     7.90s     Wait for com.zipkero.ResourceRunner to idle
    t =     7.91s Find the "ResourceRunner, 보통" StatusItem
    t =     7.92s Right click "ResourceRunner, 높음" StatusItem
    t =     7.92s     Wait for com.zipkero.ResourceRunner to idle
    t =     7.92s     Find the "ResourceRunner, 높음" StatusItem
    t =     7.93s     Check for interrupting elements affecting "ResourceRunner, 높음" StatusItem
    t =     7.94s     Synthesize event
    t =     8.29s     Wait for com.zipkero.ResourceRunner to idle
    t =     8.30s Waiting 2.0s for "veryHigh" MenuItem to exist
    t =     9.33s     Checking `Expect predicate `existsNoRetry == 1` for object "veryHigh" MenuItem`
    t =     9.33s         Checking existence of `"veryHigh" MenuItem`
    t =     9.37s Click "veryHigh" MenuItem
    t =     9.37s     Wait for com.zipkero.ResourceRunner to idle
    t =     9.37s     Find the "veryHigh" MenuItem
    t =     9.40s     Check for interrupting elements affecting "injectDebugState:" MenuItem
    t =     9.40s     Synthesize event
    t =     9.41s         Checking existence of `"injectDebugState:" MenuItem`
    t =     9.43s         Hover menu item 'veryHigh'
    t =     9.43s             Wait for com.zipkero.ResourceRunner to idle
    t =     9.44s             Find the "injectDebugState:" MenuItem
    t =     9.46s             Check for interrupting elements affecting "injectDebugState:" MenuItem
    t =     9.46s             Synthesize event
    t =     9.69s             Wait for com.zipkero.ResourceRunner to idle
    t =     9.69s         Find the "injectDebugState:" MenuItem
    t =    10.43s     Wait for com.zipkero.ResourceRunner to idle
    t =    10.43s Find the "ResourceRunner, 높음" StatusItem
    t =    10.44s Right click "ResourceRunner, 매우 높음" StatusItem
    t =    10.44s     Wait for com.zipkero.ResourceRunner to idle
    t =    10.44s     Find the "ResourceRunner, 매우 높음" StatusItem
    t =    10.46s     Check for interrupting elements affecting "ResourceRunner, 매우 높음" StatusItem
    t =    10.46s     Synthesize event
    t =    10.82s     Wait for com.zipkero.ResourceRunner to idle
    t =    10.83s Waiting 2.0s for "sustainedHigh" MenuItem to exist
    t =    11.86s     Checking `Expect predicate `existsNoRetry == 1` for object "sustainedHigh" MenuItem`
    t =    11.86s         Checking existence of `"sustainedHigh" MenuItem`
    t =    11.90s Click "sustainedHigh" MenuItem
    t =    11.90s     Wait for com.zipkero.ResourceRunner to idle
    t =    11.90s     Find the "sustainedHigh" MenuItem
    t =    11.93s     Check for interrupting elements affecting "injectDebugState:" MenuItem
    t =    11.93s     Synthesize event
    t =    11.94s         Checking existence of `"injectDebugState:" MenuItem`
    t =    11.96s         Hover menu item 'sustainedHigh'
    t =    11.96s             Wait for com.zipkero.ResourceRunner to idle
    t =    11.96s             Find the "injectDebugState:" MenuItem
    t =    11.99s             Check for interrupting elements affecting "injectDebugState:" MenuItem
    t =    11.99s             Synthesize event
    t =    12.22s             Wait for com.zipkero.ResourceRunner to idle
    t =    12.22s         Find the "injectDebugState:" MenuItem
    t =    12.96s     Wait for com.zipkero.ResourceRunner to idle
    t =    12.97s Find the "ResourceRunner, 매우 높음" StatusItem
    t =    12.98s Right click "ResourceRunner, 장시간 고부하" StatusItem
    t =    12.98s     Wait for com.zipkero.ResourceRunner to idle
    t =    12.98s     Find the "ResourceRunner, 장시간 고부하" StatusItem
    t =    12.99s     Check for interrupting elements affecting "ResourceRunner, 장시간 고부하" StatusItem
    t =    13.00s     Synthesize event
    t =    13.35s     Wait for com.zipkero.ResourceRunner to idle
    t =    13.36s Waiting 2.0s for "low" MenuItem to exist
    t =    14.39s     Checking `Expect predicate `existsNoRetry == 1` for object "low" MenuItem`
    t =    14.40s         Checking existence of `"low" MenuItem`
    t =    14.44s Click "low" MenuItem
    t =    14.44s     Wait for com.zipkero.ResourceRunner to idle
    t =    14.44s     Find the "low" MenuItem
    t =    14.48s     Check for interrupting elements affecting "injectDebugState:" MenuItem
    t =    14.48s     Synthesize event
    t =    14.48s         Checking existence of `"injectDebugState:" MenuItem`
    t =    14.50s         Hover menu item 'low'
    t =    14.50s             Wait for com.zipkero.ResourceRunner to idle
    t =    14.51s             Find the "injectDebugState:" MenuItem
    t =    14.64s             Check for interrupting elements affecting "injectDebugState:" MenuItem
    t =    14.65s             Synthesize event
    t =    14.88s             Wait for com.zipkero.ResourceRunner to idle
    t =    14.89s         Find the "injectDebugState:" MenuItem
    t =    15.59s     Wait for com.zipkero.ResourceRunner to idle
    t =    15.60s Find the "ResourceRunner, 장시간 고부하" StatusItem
    t =    15.61s Tear Down
Test Case '-[ResourceRunnerUITests.StatusItemAccessibilityUITests testStatusItemAccessibilityLabelFollowsInjectedState]' passed (15.961 seconds).
Test Suite 'StatusItemAccessibilityUITests' passed at 2026-10-03 13:24:33.411.
	 Executed 1 test, with 0 failures (0 unexpected) in 15.961 (15.962) seconds
Test Suite 'ResourceRunnerUITests.xctest' failed at 2026-10-03 13:24:33.412.
	 Executed 31 tests, with 1 failure (0 unexpected) in 305.877 (305.933) seconds
Test Suite 'All tests' failed at 2026-10-03 13:24:33.413.
	 Executed 31 tests, with 1 failure (0 unexpected) in 305.877 (305.935) seconds
2026-10-03 13:24:38.476 xcodebuild[88366:49763615] [MT] IDETestOperationsObserverDebug: 311.547 elapsed -- Testing started completed.
2026-10-03 13:24:38.477 xcodebuild[88366:49763615] [MT] IDETestOperationsObserverDebug: 0.000 sec, +0.000 sec -- start
2026-10-03 13:24:38.477 xcodebuild[88366:49763615] [MT] IDETestOperationsObserverDebug: 311.547 sec, +311.547 sec -- end

Test session results, code coverage, and logs:
	/tmp/rr-task018-ui-full.xcresult

Failing tests:
	NetworkCardUITests.testRealNetworkCardDetailAndReturnKeepFrames()

** TEST FAILED **

Testing started
