Command line invocation:
    /Applications/Xcode.app/Contents/Developer/usr/bin/xcodebuild -project ResourceRunner.xcodeproj -scheme ResourceRunner -configuration Debug -destination platform=macOS -derivedDataPath /tmp/ResourceRunner-M3-task010-ui -parallel-testing-enabled NO "-only-testing:ResourceRunnerUITests/NetworkCardUITests" test

2026-10-01 23:45:10.469 xcodebuild[17769:45782848] [MT] IDERunDestination: Supported platforms for the buildables in the current scheme is empty.
ComputePackagePrebuildTargetDependencyGraph

Prepare packages

CreateBuildRequest

SendProjectDescription

CreateBuildOperation

ComputeTargetDependencyGraph
note: Building targets in dependency order
note: Target dependency graph (3 targets)
    Target 'ResourceRunnerUITests' in project 'ResourceRunner'
        ➜ Explicit dependency on target 'ResourceRunner' in project 'ResourceRunner'
    Target 'ResourceRunnerTests' in project 'ResourceRunner'
        ➜ Explicit dependency on target 'ResourceRunner' in project 'ResourceRunner'
    Target 'ResourceRunner' in project 'ResourceRunner' (no dependencies)

GatherProvisioningInputs

CreateBuildDescription

ExecuteExternalTool /Applications/Xcode.app/Contents/Developer/Toolchains/XcodeDefault.xctoolchain/usr/bin/clang -v -E -dM -isysroot /Applications/Xcode.app/Contents/Developer/Platforms/MacOSX.platform/Developer/SDKs/MacOSX26.5.sdk -x c -c /dev/null

ExecuteExternalTool /Applications/Xcode.app/Contents/Developer/Toolchains/XcodeDefault.xctoolchain/usr/bin/swiftc --version

ExecuteExternalTool /Applications/Xcode.app/Contents/Developer/usr/bin/actool --version --output-format xml1

ExecuteExternalTool /Applications/Xcode.app/Contents/Developer/Toolchains/XcodeDefault.xctoolchain/usr/bin/ld -version_details

Build description signature: 79177985a280843d02455cd960723fb5
Build description path: /tmp/ResourceRunner-M3-task010-ui/Build/Intermediates.noindex/XCBuildData/79177985a280843d02455cd960723fb5.xcbuilddata
ClangStatCache /Applications/Xcode.app/Contents/Developer/Toolchains/XcodeDefault.xctoolchain/usr/bin/clang-stat-cache /Applications/Xcode.app/Contents/Developer/Platforms/MacOSX.platform/Developer/SDKs/MacOSX26.5.sdk /tmp/ResourceRunner-M3-task010-ui/SDKStatCaches.noindex/macosx26.5-25F70-e082c4a02f00227109f4ed75e425c832.sdkstatcache
    cd /Users/zipkero/XcodeProjects/ResourceRunner/ResourceRunner.xcodeproj
    /Applications/Xcode.app/Contents/Developer/Toolchains/XcodeDefault.xctoolchain/usr/bin/clang-stat-cache /Applications/Xcode.app/Contents/Developer/Platforms/MacOSX.platform/Developer/SDKs/MacOSX26.5.sdk -o /tmp/ResourceRunner-M3-task010-ui/SDKStatCaches.noindex/macosx26.5-25F70-e082c4a02f00227109f4ed75e425c832.sdkstatcache

CreateBuildDirectory /tmp/ResourceRunner-M3-task010-ui/Build/Intermediates.noindex
    cd /Users/zipkero/XcodeProjects/ResourceRunner/ResourceRunner.xcodeproj
    builtin-create-build-directory /tmp/ResourceRunner-M3-task010-ui/Build/Intermediates.noindex

CreateBuildDirectory /tmp/ResourceRunner-M3-task010-ui/Build/Products
    cd /Users/zipkero/XcodeProjects/ResourceRunner/ResourceRunner.xcodeproj
    builtin-create-build-directory /tmp/ResourceRunner-M3-task010-ui/Build/Products

CreateBuildDirectory /tmp/ResourceRunner-M3-task010-ui/Build/Intermediates.noindex/ExplicitPrecompiledModules
    cd /Users/zipkero/XcodeProjects/ResourceRunner/ResourceRunner.xcodeproj
    builtin-create-build-directory /tmp/ResourceRunner-M3-task010-ui/Build/Intermediates.noindex/ExplicitPrecompiledModules

CreateBuildDirectory /tmp/ResourceRunner-M3-task010-ui/Build/Intermediates.noindex/SwiftExplicitPrecompiledModules
    cd /Users/zipkero/XcodeProjects/ResourceRunner/ResourceRunner.xcodeproj
    builtin-create-build-directory /tmp/ResourceRunner-M3-task010-ui/Build/Intermediates.noindex/SwiftExplicitPrecompiledModules

CreateBuildDirectory /tmp/ResourceRunner-M3-task010-ui/Build/Intermediates.noindex/EagerLinkingTBDs/Debug
    cd /Users/zipkero/XcodeProjects/ResourceRunner/ResourceRunner.xcodeproj
    builtin-create-build-directory /tmp/ResourceRunner-M3-task010-ui/Build/Intermediates.noindex/EagerLinkingTBDs/Debug

WriteAuxiliaryFile /tmp/ResourceRunner-M3-task010-ui/Build/Intermediates.noindex/ResourceRunner.build/Debug/ResourceRunner-8c3503f0990367d409751a2585fa2393-VFS/all-product-headers.yaml
    cd /Users/zipkero/XcodeProjects/ResourceRunner/ResourceRunner.xcodeproj
    write-file /tmp/ResourceRunner-M3-task010-ui/Build/Intermediates.noindex/ResourceRunner.build/Debug/ResourceRunner-8c3503f0990367d409751a2585fa2393-VFS/all-product-headers.yaml

CreateBuildDirectory /tmp/ResourceRunner-M3-task010-ui/Build/Products/Debug
    cd /Users/zipkero/XcodeProjects/ResourceRunner/ResourceRunner.xcodeproj
    builtin-create-build-directory /tmp/ResourceRunner-M3-task010-ui/Build/Products/Debug

WriteAuxiliaryFile /tmp/ResourceRunner-M3-task010-ui/Build/Intermediates.noindex/ResourceRunner.build/Debug/ResourceRunner.build/ResourceRunner-own-target-headers.hmap (in target 'ResourceRunner' from project 'ResourceRunner')
    cd /Users/zipkero/XcodeProjects/ResourceRunner
    write-file /tmp/ResourceRunner-M3-task010-ui/Build/Intermediates.noindex/ResourceRunner.build/Debug/ResourceRunner.build/ResourceRunner-own-target-headers.hmap

WriteAuxiliaryFile /tmp/ResourceRunner-M3-task010-ui/Build/Intermediates.noindex/ResourceRunner.build/Debug/ResourceRunner.build/ResourceRunner-all-target-headers.hmap (in target 'ResourceRunner' from project 'ResourceRunner')
    cd /Users/zipkero/XcodeProjects/ResourceRunner
    write-file /tmp/ResourceRunner-M3-task010-ui/Build/Intermediates.noindex/ResourceRunner.build/Debug/ResourceRunner.build/ResourceRunner-all-target-headers.hmap

WriteAuxiliaryFile /tmp/ResourceRunner-M3-task010-ui/Build/Intermediates.noindex/ResourceRunner.build/Debug/ResourceRunner.build/ResourceRunner-generated-files.hmap (in target 'ResourceRunner' from project 'ResourceRunner')
    cd /Users/zipkero/XcodeProjects/ResourceRunner
    write-file /tmp/ResourceRunner-M3-task010-ui/Build/Intermediates.noindex/ResourceRunner.build/Debug/ResourceRunner.build/ResourceRunner-generated-files.hmap

WriteAuxiliaryFile /tmp/ResourceRunner-M3-task010-ui/Build/Intermediates.noindex/ResourceRunner.build/Debug/ResourceRunner.build/ResourceRunner.hmap (in target 'ResourceRunner' from project 'ResourceRunner')
    cd /Users/zipkero/XcodeProjects/ResourceRunner
    write-file /tmp/ResourceRunner-M3-task010-ui/Build/Intermediates.noindex/ResourceRunner.build/Debug/ResourceRunner.build/ResourceRunner.hmap

WriteAuxiliaryFile /tmp/ResourceRunner-M3-task010-ui/Build/Intermediates.noindex/ResourceRunner.build/Debug/ResourceRunner.build/empty-ResourceRunner.plist (in target 'ResourceRunner' from project 'ResourceRunner')
    cd /Users/zipkero/XcodeProjects/ResourceRunner
    write-file /tmp/ResourceRunner-M3-task010-ui/Build/Intermediates.noindex/ResourceRunner.build/Debug/ResourceRunner.build/empty-ResourceRunner.plist

WriteAuxiliaryFile /tmp/ResourceRunner-M3-task010-ui/Build/Intermediates.noindex/ResourceRunner.build/Debug/ResourceRunner.build/ResourceRunner-project-headers.hmap (in target 'ResourceRunner' from project 'ResourceRunner')
    cd /Users/zipkero/XcodeProjects/ResourceRunner
    write-file /tmp/ResourceRunner-M3-task010-ui/Build/Intermediates.noindex/ResourceRunner.build/Debug/ResourceRunner.build/ResourceRunner-project-headers.hmap

WriteAuxiliaryFile /tmp/ResourceRunner-M3-task010-ui/Build/Intermediates.noindex/ResourceRunner.build/Debug/ResourceRunner.build/DerivedSources/Entitlements.plist (in target 'ResourceRunner' from project 'ResourceRunner')
    cd /Users/zipkero/XcodeProjects/ResourceRunner
    write-file /tmp/ResourceRunner-M3-task010-ui/Build/Intermediates.noindex/ResourceRunner.build/Debug/ResourceRunner.build/DerivedSources/Entitlements.plist

WriteAuxiliaryFile /tmp/ResourceRunner-M3-task010-ui/Build/Intermediates.noindex/ResourceRunner.build/Debug/ResourceRunner.build/ResourceRunner-all-non-framework-target-headers.hmap (in target 'ResourceRunner' from project 'ResourceRunner')
    cd /Users/zipkero/XcodeProjects/ResourceRunner
    write-file /tmp/ResourceRunner-M3-task010-ui/Build/Intermediates.noindex/ResourceRunner.build/Debug/ResourceRunner.build/ResourceRunner-all-non-framework-target-headers.hmap

WriteAuxiliaryFile /tmp/ResourceRunner-M3-task010-ui/Build/Intermediates.noindex/ResourceRunner.build/Debug/ResourceRunnerUITests.build/empty-ResourceRunnerUITests.plist (in target 'ResourceRunnerUITests' from project 'ResourceRunner')
    cd /Users/zipkero/XcodeProjects/ResourceRunner
    write-file /tmp/ResourceRunner-M3-task010-ui/Build/Intermediates.noindex/ResourceRunner.build/Debug/ResourceRunnerUITests.build/empty-ResourceRunnerUITests.plist

WriteAuxiliaryFile /tmp/ResourceRunner-M3-task010-ui/Build/Intermediates.noindex/ResourceRunner.build/Debug/ResourceRunnerUITests.build/Script-E20000000000000000000001.sh (in target 'ResourceRunnerUITests' from project 'ResourceRunner')
    cd /Users/zipkero/XcodeProjects/ResourceRunner
    write-file /tmp/ResourceRunner-M3-task010-ui/Build/Intermediates.noindex/ResourceRunner.build/Debug/ResourceRunnerUITests.build/Script-E20000000000000000000001.sh

MkDir /tmp/ResourceRunner-M3-task010-ui/Build/Products/Debug/ResourceRunner.app/Contents/Resources (in target 'ResourceRunner' from project 'ResourceRunner')
    cd /Users/zipkero/XcodeProjects/ResourceRunner
    /bin/mkdir -p /tmp/ResourceRunner-M3-task010-ui/Build/Products/Debug/ResourceRunner.app/Contents/Resources

WriteAuxiliaryFile /tmp/ResourceRunner-M3-task010-ui/Build/Intermediates.noindex/ResourceRunner.build/Debug/ResourceRunner.build/Objects-normal/arm64/ResourceRunner-OutputFileMap.json (in target 'ResourceRunner' from project 'ResourceRunner')
    cd /Users/zipkero/XcodeProjects/ResourceRunner
    write-file /tmp/ResourceRunner-M3-task010-ui/Build/Intermediates.noindex/ResourceRunner.build/Debug/ResourceRunner.build/Objects-normal/arm64/ResourceRunner-OutputFileMap.json

WriteAuxiliaryFile /tmp/ResourceRunner-M3-task010-ui/Build/Intermediates.noindex/ResourceRunner.build/Debug/ResourceRunner.build/Objects-normal/arm64/ResourceRunner_const_extract_protocols.json (in target 'ResourceRunner' from project 'ResourceRunner')
    cd /Users/zipkero/XcodeProjects/ResourceRunner
    write-file /tmp/ResourceRunner-M3-task010-ui/Build/Intermediates.noindex/ResourceRunner.build/Debug/ResourceRunner.build/Objects-normal/arm64/ResourceRunner_const_extract_protocols.json

WriteAuxiliaryFile /tmp/ResourceRunner-M3-task010-ui/Build/Intermediates.noindex/ResourceRunner.build/Debug/ResourceRunnerUITests.build/ResourceRunnerUITests.hmap (in target 'ResourceRunnerUITests' from project 'ResourceRunner')
    cd /Users/zipkero/XcodeProjects/ResourceRunner
    write-file /tmp/ResourceRunner-M3-task010-ui/Build/Intermediates.noindex/ResourceRunner.build/Debug/ResourceRunnerUITests.build/ResourceRunnerUITests.hmap

WriteAuxiliaryFile /tmp/ResourceRunner-M3-task010-ui/Build/Intermediates.noindex/ResourceRunner.build/Debug/ResourceRunnerUITests.build/ResourceRunnerUITests.DependencyStaticMetadataFileList (in target 'ResourceRunnerUITests' from project 'ResourceRunner')
    cd /Users/zipkero/XcodeProjects/ResourceRunner
    write-file /tmp/ResourceRunner-M3-task010-ui/Build/Intermediates.noindex/ResourceRunner.build/Debug/ResourceRunnerUITests.build/ResourceRunnerUITests.DependencyStaticMetadataFileList

WriteAuxiliaryFile /tmp/ResourceRunner-M3-task010-ui/Build/Intermediates.noindex/ResourceRunner.build/Debug/ResourceRunnerUITests.build/ResourceRunnerUITests.DependencyMetadataFileList (in target 'ResourceRunnerUITests' from project 'ResourceRunner')
    cd /Users/zipkero/XcodeProjects/ResourceRunner
    write-file /tmp/ResourceRunner-M3-task010-ui/Build/Intermediates.noindex/ResourceRunner.build/Debug/ResourceRunnerUITests.build/ResourceRunnerUITests.DependencyMetadataFileList

WriteAuxiliaryFile /tmp/ResourceRunner-M3-task010-ui/Build/Intermediates.noindex/ResourceRunner.build/Debug/ResourceRunnerUITests.build/ResourceRunnerUITests-project-headers.hmap (in target 'ResourceRunnerUITests' from project 'ResourceRunner')
    cd /Users/zipkero/XcodeProjects/ResourceRunner
    write-file /tmp/ResourceRunner-M3-task010-ui/Build/Intermediates.noindex/ResourceRunner.build/Debug/ResourceRunnerUITests.build/ResourceRunnerUITests-project-headers.hmap

WriteAuxiliaryFile /tmp/ResourceRunner-M3-task010-ui/Build/Intermediates.noindex/ResourceRunner.build/Debug/ResourceRunnerUITests.build/ResourceRunnerUITests-own-target-headers.hmap (in target 'ResourceRunnerUITests' from project 'ResourceRunner')
    cd /Users/zipkero/XcodeProjects/ResourceRunner
    write-file /tmp/ResourceRunner-M3-task010-ui/Build/Intermediates.noindex/ResourceRunner.build/Debug/ResourceRunnerUITests.build/ResourceRunnerUITests-own-target-headers.hmap

WriteAuxiliaryFile /tmp/ResourceRunner-M3-task010-ui/Build/Intermediates.noindex/ResourceRunner.build/Debug/ResourceRunnerUITests.build/ResourceRunnerUITests-generated-files.hmap (in target 'ResourceRunnerUITests' from project 'ResourceRunner')
    cd /Users/zipkero/XcodeProjects/ResourceRunner
    write-file /tmp/ResourceRunner-M3-task010-ui/Build/Intermediates.noindex/ResourceRunner.build/Debug/ResourceRunnerUITests.build/ResourceRunnerUITests-generated-files.hmap

WriteAuxiliaryFile /tmp/ResourceRunner-M3-task010-ui/Build/Intermediates.noindex/ResourceRunner.build/Debug/ResourceRunnerUITests.build/ResourceRunnerUITests-all-non-framework-target-headers.hmap (in target 'ResourceRunnerUITests' from project 'ResourceRunner')
    cd /Users/zipkero/XcodeProjects/ResourceRunner
    write-file /tmp/ResourceRunner-M3-task010-ui/Build/Intermediates.noindex/ResourceRunner.build/Debug/ResourceRunnerUITests.build/ResourceRunnerUITests-all-non-framework-target-headers.hmap

WriteAuxiliaryFile /tmp/ResourceRunner-M3-task010-ui/Build/Intermediates.noindex/ResourceRunner.build/Debug/ResourceRunnerUITests.build/ProductTypeInfoPlistAdditions.plist (in target 'ResourceRunnerUITests' from project 'ResourceRunner')
    cd /Users/zipkero/XcodeProjects/ResourceRunner
    write-file /tmp/ResourceRunner-M3-task010-ui/Build/Intermediates.noindex/ResourceRunner.build/Debug/ResourceRunnerUITests.build/ProductTypeInfoPlistAdditions.plist

WriteAuxiliaryFile /tmp/ResourceRunner-M3-task010-ui/Build/Intermediates.noindex/ResourceRunner.build/Debug/ResourceRunnerUITests.build/ResourceRunnerUITests-all-target-headers.hmap (in target 'ResourceRunnerUITests' from project 'ResourceRunner')
    cd /Users/zipkero/XcodeProjects/ResourceRunner
    write-file /tmp/ResourceRunner-M3-task010-ui/Build/Intermediates.noindex/ResourceRunner.build/Debug/ResourceRunnerUITests.build/ResourceRunnerUITests-all-target-headers.hmap

WriteAuxiliaryFile /tmp/ResourceRunner-M3-task010-ui/Build/Intermediates.noindex/ResourceRunner.build/Debug/ResourceRunnerUITests.build/Objects-normal/arm64/ResourceRunnerUITests.SwiftFileList (in target 'ResourceRunnerUITests' from project 'ResourceRunner')
    cd /Users/zipkero/XcodeProjects/ResourceRunner
    write-file /tmp/ResourceRunner-M3-task010-ui/Build/Intermediates.noindex/ResourceRunner.build/Debug/ResourceRunnerUITests.build/Objects-normal/arm64/ResourceRunnerUITests.SwiftFileList

WriteAuxiliaryFile /tmp/ResourceRunner-M3-task010-ui/Build/Intermediates.noindex/ResourceRunner.build/Debug/ResourceRunnerUITests.build/Objects-normal/arm64/ResourceRunnerUITests.LinkFileList (in target 'ResourceRunnerUITests' from project 'ResourceRunner')
    cd /Users/zipkero/XcodeProjects/ResourceRunner
    write-file /tmp/ResourceRunner-M3-task010-ui/Build/Intermediates.noindex/ResourceRunner.build/Debug/ResourceRunnerUITests.build/Objects-normal/arm64/ResourceRunnerUITests.LinkFileList

WriteAuxiliaryFile /tmp/ResourceRunner-M3-task010-ui/Build/Intermediates.noindex/ResourceRunner.build/Debug/ResourceRunnerUITests.build/Objects-normal/arm64/ResourceRunnerUITests.SwiftConstValuesFileList (in target 'ResourceRunnerUITests' from project 'ResourceRunner')
    cd /Users/zipkero/XcodeProjects/ResourceRunner
    write-file /tmp/ResourceRunner-M3-task010-ui/Build/Intermediates.noindex/ResourceRunner.build/Debug/ResourceRunnerUITests.build/Objects-normal/arm64/ResourceRunnerUITests.SwiftConstValuesFileList

WriteAuxiliaryFile /tmp/ResourceRunner-M3-task010-ui/Build/Intermediates.noindex/ResourceRunner.build/Debug/ResourceRunnerUITests.build/Objects-normal/arm64/ResourceRunnerUITests_const_extract_protocols.json (in target 'ResourceRunnerUITests' from project 'ResourceRunner')
    cd /Users/zipkero/XcodeProjects/ResourceRunner
    write-file /tmp/ResourceRunner-M3-task010-ui/Build/Intermediates.noindex/ResourceRunner.build/Debug/ResourceRunnerUITests.build/Objects-normal/arm64/ResourceRunnerUITests_const_extract_protocols.json

WriteAuxiliaryFile /tmp/ResourceRunner-M3-task010-ui/Build/Intermediates.noindex/ResourceRunner.build/Debug/ResourceRunnerUITests.build/Objects-normal/arm64/ResourceRunnerUITests-OutputFileMap.json (in target 'ResourceRunnerUITests' from project 'ResourceRunner')
    cd /Users/zipkero/XcodeProjects/ResourceRunner
    write-file /tmp/ResourceRunner-M3-task010-ui/Build/Intermediates.noindex/ResourceRunner.build/Debug/ResourceRunnerUITests.build/Objects-normal/arm64/ResourceRunnerUITests-OutputFileMap.json

WriteAuxiliaryFile /tmp/ResourceRunner-M3-task010-ui/Build/Intermediates.noindex/ResourceRunner.build/Debug/ResourceRunnerUITests.build/DerivedSources/Entitlements.plist (in target 'ResourceRunnerUITests' from project 'ResourceRunner')
    cd /Users/zipkero/XcodeProjects/ResourceRunner
    write-file /tmp/ResourceRunner-M3-task010-ui/Build/Intermediates.noindex/ResourceRunner.build/Debug/ResourceRunnerUITests.build/DerivedSources/Entitlements.plist

WriteAuxiliaryFile /tmp/ResourceRunner-M3-task010-ui/Build/Intermediates.noindex/ResourceRunner.build/Debug/ResourceRunnerTests.build/ResourceRunnerTests.hmap (in target 'ResourceRunnerTests' from project 'ResourceRunner')
    cd /Users/zipkero/XcodeProjects/ResourceRunner
    write-file /tmp/ResourceRunner-M3-task010-ui/Build/Intermediates.noindex/ResourceRunner.build/Debug/ResourceRunnerTests.build/ResourceRunnerTests.hmap

WriteAuxiliaryFile /tmp/ResourceRunner-M3-task010-ui/Build/Intermediates.noindex/ResourceRunner.build/Debug/ResourceRunnerTests.build/empty-ResourceRunnerTests.plist (in target 'ResourceRunnerTests' from project 'ResourceRunner')
    cd /Users/zipkero/XcodeProjects/ResourceRunner
    write-file /tmp/ResourceRunner-M3-task010-ui/Build/Intermediates.noindex/ResourceRunner.build/Debug/ResourceRunnerTests.build/empty-ResourceRunnerTests.plist

WriteAuxiliaryFile /tmp/ResourceRunner-M3-task010-ui/Build/Intermediates.noindex/ResourceRunner.build/Debug/ResourceRunnerTests.build/ResourceRunnerTests.DependencyStaticMetadataFileList (in target 'ResourceRunnerTests' from project 'ResourceRunner')
    cd /Users/zipkero/XcodeProjects/ResourceRunner
    write-file /tmp/ResourceRunner-M3-task010-ui/Build/Intermediates.noindex/ResourceRunner.build/Debug/ResourceRunnerTests.build/ResourceRunnerTests.DependencyStaticMetadataFileList

WriteAuxiliaryFile /tmp/ResourceRunner-M3-task010-ui/Build/Intermediates.noindex/ResourceRunner.build/Debug/ResourceRunnerTests.build/ResourceRunnerTests.DependencyMetadataFileList (in target 'ResourceRunnerTests' from project 'ResourceRunner')
    cd /Users/zipkero/XcodeProjects/ResourceRunner
    write-file /tmp/ResourceRunner-M3-task010-ui/Build/Intermediates.noindex/ResourceRunner.build/Debug/ResourceRunnerTests.build/ResourceRunnerTests.DependencyMetadataFileList

WriteAuxiliaryFile /tmp/ResourceRunner-M3-task010-ui/Build/Intermediates.noindex/ResourceRunner.build/Debug/ResourceRunnerTests.build/ResourceRunnerTests-project-headers.hmap (in target 'ResourceRunnerTests' from project 'ResourceRunner')
    cd /Users/zipkero/XcodeProjects/ResourceRunner
    write-file /tmp/ResourceRunner-M3-task010-ui/Build/Intermediates.noindex/ResourceRunner.build/Debug/ResourceRunnerTests.build/ResourceRunnerTests-project-headers.hmap

WriteAuxiliaryFile /tmp/ResourceRunner-M3-task010-ui/Build/Intermediates.noindex/ResourceRunner.build/Debug/ResourceRunnerTests.build/ResourceRunnerTests-own-target-headers.hmap (in target 'ResourceRunnerTests' from project 'ResourceRunner')
    cd /Users/zipkero/XcodeProjects/ResourceRunner
    write-file /tmp/ResourceRunner-M3-task010-ui/Build/Intermediates.noindex/ResourceRunner.build/Debug/ResourceRunnerTests.build/ResourceRunnerTests-own-target-headers.hmap

WriteAuxiliaryFile /tmp/ResourceRunner-M3-task010-ui/Build/Intermediates.noindex/ResourceRunner.build/Debug/ResourceRunnerTests.build/ResourceRunnerTests-generated-files.hmap (in target 'ResourceRunnerTests' from project 'ResourceRunner')
    cd /Users/zipkero/XcodeProjects/ResourceRunner
    write-file /tmp/ResourceRunner-M3-task010-ui/Build/Intermediates.noindex/ResourceRunner.build/Debug/ResourceRunnerTests.build/ResourceRunnerTests-generated-files.hmap

WriteAuxiliaryFile /tmp/ResourceRunner-M3-task010-ui/Build/Intermediates.noindex/ResourceRunner.build/Debug/ResourceRunnerTests.build/ResourceRunnerTests-all-target-headers.hmap (in target 'ResourceRunnerTests' from project 'ResourceRunner')
    cd /Users/zipkero/XcodeProjects/ResourceRunner
    write-file /tmp/ResourceRunner-M3-task010-ui/Build/Intermediates.noindex/ResourceRunner.build/Debug/ResourceRunnerTests.build/ResourceRunnerTests-all-target-headers.hmap

WriteAuxiliaryFile /tmp/ResourceRunner-M3-task010-ui/Build/Intermediates.noindex/ResourceRunner.build/Debug/ResourceRunnerTests.build/ResourceRunnerTests-all-non-framework-target-headers.hmap (in target 'ResourceRunnerTests' from project 'ResourceRunner')
    cd /Users/zipkero/XcodeProjects/ResourceRunner
    write-file /tmp/ResourceRunner-M3-task010-ui/Build/Intermediates.noindex/ResourceRunner.build/Debug/ResourceRunnerTests.build/ResourceRunnerTests-all-non-framework-target-headers.hmap

WriteAuxiliaryFile /tmp/ResourceRunner-M3-task010-ui/Build/Intermediates.noindex/ResourceRunner.build/Debug/ResourceRunner.build/ResourceRunner.DependencyStaticMetadataFileList (in target 'ResourceRunner' from project 'ResourceRunner')
    cd /Users/zipkero/XcodeProjects/ResourceRunner
    write-file /tmp/ResourceRunner-M3-task010-ui/Build/Intermediates.noindex/ResourceRunner.build/Debug/ResourceRunner.build/ResourceRunner.DependencyStaticMetadataFileList

WriteAuxiliaryFile /tmp/ResourceRunner-M3-task010-ui/Build/Intermediates.noindex/ResourceRunner.build/Debug/ResourceRunner.build/ResourceRunner.DependencyMetadataFileList (in target 'ResourceRunner' from project 'ResourceRunner')
    cd /Users/zipkero/XcodeProjects/ResourceRunner
    write-file /tmp/ResourceRunner-M3-task010-ui/Build/Intermediates.noindex/ResourceRunner.build/Debug/ResourceRunner.build/ResourceRunner.DependencyMetadataFileList

WriteAuxiliaryFile /tmp/ResourceRunner-M3-task010-ui/Build/Intermediates.noindex/ResourceRunner.build/Debug/ResourceRunner.build/ResourceRunner-DebugDylibPath-normal-arm64.txt (in target 'ResourceRunner' from project 'ResourceRunner')
    cd /Users/zipkero/XcodeProjects/ResourceRunner
    write-file /tmp/ResourceRunner-M3-task010-ui/Build/Intermediates.noindex/ResourceRunner.build/Debug/ResourceRunner.build/ResourceRunner-DebugDylibPath-normal-arm64.txt

WriteAuxiliaryFile /tmp/ResourceRunner-M3-task010-ui/Build/Intermediates.noindex/ResourceRunner.build/Debug/ResourceRunner.build/ResourceRunner-DebugDylibInstallName-normal-arm64.txt (in target 'ResourceRunner' from project 'ResourceRunner')
    cd /Users/zipkero/XcodeProjects/ResourceRunner
    write-file /tmp/ResourceRunner-M3-task010-ui/Build/Intermediates.noindex/ResourceRunner.build/Debug/ResourceRunner.build/ResourceRunner-DebugDylibInstallName-normal-arm64.txt

WriteAuxiliaryFile /tmp/ResourceRunner-M3-task010-ui/Build/Intermediates.noindex/ResourceRunner.build/Debug/ResourceRunner.build/Objects-normal/arm64/ResourceRunner.SwiftFileList (in target 'ResourceRunner' from project 'ResourceRunner')
    cd /Users/zipkero/XcodeProjects/ResourceRunner
    write-file /tmp/ResourceRunner-M3-task010-ui/Build/Intermediates.noindex/ResourceRunner.build/Debug/ResourceRunner.build/Objects-normal/arm64/ResourceRunner.SwiftFileList

WriteAuxiliaryFile /tmp/ResourceRunner-M3-task010-ui/Build/Intermediates.noindex/ResourceRunner.build/Debug/ResourceRunnerTests.build/Objects-normal/arm64/ResourceRunnerTests.SwiftConstValuesFileList (in target 'ResourceRunnerTests' from project 'ResourceRunner')
    cd /Users/zipkero/XcodeProjects/ResourceRunner
    write-file /tmp/ResourceRunner-M3-task010-ui/Build/Intermediates.noindex/ResourceRunner.build/Debug/ResourceRunnerTests.build/Objects-normal/arm64/ResourceRunnerTests.SwiftConstValuesFileList

WriteAuxiliaryFile /tmp/ResourceRunner-M3-task010-ui/Build/Intermediates.noindex/ResourceRunner.build/Debug/ResourceRunnerTests.build/Objects-normal/arm64/ResourceRunnerTests.SwiftFileList (in target 'ResourceRunnerTests' from project 'ResourceRunner')
    cd /Users/zipkero/XcodeProjects/ResourceRunner
    write-file /tmp/ResourceRunner-M3-task010-ui/Build/Intermediates.noindex/ResourceRunner.build/Debug/ResourceRunnerTests.build/Objects-normal/arm64/ResourceRunnerTests.SwiftFileList

WriteAuxiliaryFile /tmp/ResourceRunner-M3-task010-ui/Build/Intermediates.noindex/ResourceRunner.build/Debug/ResourceRunnerTests.build/Objects-normal/arm64/ResourceRunnerTests-OutputFileMap.json (in target 'ResourceRunnerTests' from project 'ResourceRunner')
    cd /Users/zipkero/XcodeProjects/ResourceRunner
    write-file /tmp/ResourceRunner-M3-task010-ui/Build/Intermediates.noindex/ResourceRunner.build/Debug/ResourceRunnerTests.build/Objects-normal/arm64/ResourceRunnerTests-OutputFileMap.json

WriteAuxiliaryFile /tmp/ResourceRunner-M3-task010-ui/Build/Intermediates.noindex/ResourceRunner.build/Debug/ResourceRunnerTests.build/Objects-normal/arm64/ResourceRunnerTests.LinkFileList (in target 'ResourceRunnerTests' from project 'ResourceRunner')
    cd /Users/zipkero/XcodeProjects/ResourceRunner
    write-file /tmp/ResourceRunner-M3-task010-ui/Build/Intermediates.noindex/ResourceRunner.build/Debug/ResourceRunnerTests.build/Objects-normal/arm64/ResourceRunnerTests.LinkFileList

WriteAuxiliaryFile /tmp/ResourceRunner-M3-task010-ui/Build/Intermediates.noindex/ResourceRunner.build/Debug/ResourceRunnerTests.build/Objects-normal/arm64/ResourceRunnerTests_const_extract_protocols.json (in target 'ResourceRunnerTests' from project 'ResourceRunner')
    cd /Users/zipkero/XcodeProjects/ResourceRunner
    write-file /tmp/ResourceRunner-M3-task010-ui/Build/Intermediates.noindex/ResourceRunner.build/Debug/ResourceRunnerTests.build/Objects-normal/arm64/ResourceRunnerTests_const_extract_protocols.json

WriteAuxiliaryFile /tmp/ResourceRunner-M3-task010-ui/Build/Intermediates.noindex/ResourceRunner.build/Debug/ResourceRunner.build/Objects-normal/arm64/ResourceRunner.SwiftConstValuesFileList (in target 'ResourceRunner' from project 'ResourceRunner')
    cd /Users/zipkero/XcodeProjects/ResourceRunner
    write-file /tmp/ResourceRunner-M3-task010-ui/Build/Intermediates.noindex/ResourceRunner.build/Debug/ResourceRunner.build/Objects-normal/arm64/ResourceRunner.SwiftConstValuesFileList

WriteAuxiliaryFile /tmp/ResourceRunner-M3-task010-ui/Build/Intermediates.noindex/ResourceRunner.build/Debug/ResourceRunner.build/Objects-normal/arm64/ResourceRunner.LinkFileList (in target 'ResourceRunner' from project 'ResourceRunner')
    cd /Users/zipkero/XcodeProjects/ResourceRunner
    write-file /tmp/ResourceRunner-M3-task010-ui/Build/Intermediates.noindex/ResourceRunner.build/Debug/ResourceRunner.build/Objects-normal/arm64/ResourceRunner.LinkFileList

MkDir /tmp/ResourceRunner-M3-task010-ui/Build/Products/Debug/ResourceRunner.app/Contents/PlugIns/ResourceRunnerTests.xctest (in target 'ResourceRunnerTests' from project 'ResourceRunner')
    cd /Users/zipkero/XcodeProjects/ResourceRunner
    /bin/mkdir -p /tmp/ResourceRunner-M3-task010-ui/Build/Products/Debug/ResourceRunner.app/Contents/PlugIns/ResourceRunnerTests.xctest

MkDir /tmp/ResourceRunner-M3-task010-ui/Build/Products/Debug/ResourceRunnerUITests-Runner.app/Contents/PlugIns/ResourceRunnerUITests.xctest (in target 'ResourceRunnerUITests' from project 'ResourceRunner')
    cd /Users/zipkero/XcodeProjects/ResourceRunner
    /bin/mkdir -p /tmp/ResourceRunner-M3-task010-ui/Build/Products/Debug/ResourceRunnerUITests-Runner.app/Contents/PlugIns/ResourceRunnerUITests.xctest

MkDir /tmp/ResourceRunner-M3-task010-ui/Build/Products/Debug/ResourceRunner.app/Contents/PlugIns/ResourceRunnerTests.xctest/Contents (in target 'ResourceRunnerTests' from project 'ResourceRunner')
    cd /Users/zipkero/XcodeProjects/ResourceRunner
    /bin/mkdir -p /tmp/ResourceRunner-M3-task010-ui/Build/Products/Debug/ResourceRunner.app/Contents/PlugIns/ResourceRunnerTests.xctest/Contents

MkDir /tmp/ResourceRunner-M3-task010-ui/Build/Products/Debug/ResourceRunner.app/Contents/PlugIns (in target 'ResourceRunner' from project 'ResourceRunner')
    cd /Users/zipkero/XcodeProjects/ResourceRunner
    /bin/mkdir -p /tmp/ResourceRunner-M3-task010-ui/Build/Products/Debug/ResourceRunner.app/Contents/PlugIns

MkDir /tmp/ResourceRunner-M3-task010-ui/Build/Products/Debug/ResourceRunner.app/Contents/MacOS (in target 'ResourceRunner' from project 'ResourceRunner')
    cd /Users/zipkero/XcodeProjects/ResourceRunner
    /bin/mkdir -p /tmp/ResourceRunner-M3-task010-ui/Build/Products/Debug/ResourceRunner.app/Contents/MacOS

MkDir /tmp/ResourceRunner-M3-task010-ui/Build/Products/Debug/ResourceRunner.app/Contents/Frameworks (in target 'ResourceRunner' from project 'ResourceRunner')
    cd /Users/zipkero/XcodeProjects/ResourceRunner
    /bin/mkdir -p /tmp/ResourceRunner-M3-task010-ui/Build/Products/Debug/ResourceRunner.app/Contents/Frameworks

MkDir /tmp/ResourceRunner-M3-task010-ui/Build/Products/Debug/ResourceRunnerUITests-Runner.app/Contents/PlugIns/ResourceRunnerUITests.xctest/Contents (in target 'ResourceRunnerUITests' from project 'ResourceRunner')
    cd /Users/zipkero/XcodeProjects/ResourceRunner
    /bin/mkdir -p /tmp/ResourceRunner-M3-task010-ui/Build/Products/Debug/ResourceRunnerUITests-Runner.app/Contents/PlugIns/ResourceRunnerUITests.xctest/Contents

MkDir /tmp/ResourceRunner-M3-task010-ui/Build/Products/Debug/ResourceRunner.app/Contents (in target 'ResourceRunner' from project 'ResourceRunner')
    cd /Users/zipkero/XcodeProjects/ResourceRunner
    /bin/mkdir -p /tmp/ResourceRunner-M3-task010-ui/Build/Products/Debug/ResourceRunner.app/Contents

MkDir /tmp/ResourceRunner-M3-task010-ui/Build/Products/Debug/ResourceRunner.app/Contents/PlugIns/ResourceRunnerTests.xctest/Contents/MacOS (in target 'ResourceRunnerTests' from project 'ResourceRunner')
    cd /Users/zipkero/XcodeProjects/ResourceRunner
    /bin/mkdir -p /tmp/ResourceRunner-M3-task010-ui/Build/Products/Debug/ResourceRunner.app/Contents/PlugIns/ResourceRunnerTests.xctest/Contents/MacOS

MkDir /tmp/ResourceRunner-M3-task010-ui/Build/Products/Debug/ResourceRunnerUITests-Runner.app/Contents/PlugIns/ResourceRunnerUITests.xctest/Contents/MacOS (in target 'ResourceRunnerUITests' from project 'ResourceRunner')
    cd /Users/zipkero/XcodeProjects/ResourceRunner
    /bin/mkdir -p /tmp/ResourceRunner-M3-task010-ui/Build/Products/Debug/ResourceRunnerUITests-Runner.app/Contents/PlugIns/ResourceRunnerUITests.xctest/Contents/MacOS

MkDir /tmp/ResourceRunner-M3-task010-ui/Build/Products/Debug/ResourceRunner.app (in target 'ResourceRunner' from project 'ResourceRunner')
    cd /Users/zipkero/XcodeProjects/ResourceRunner
    /bin/mkdir -p /tmp/ResourceRunner-M3-task010-ui/Build/Products/Debug/ResourceRunner.app

MkDir /tmp/ResourceRunner-M3-task010-ui/Build/Products/Debug/ResourceRunnerUITests-Runner.app/Contents/PlugIns/ResourceRunnerUITests.xctest/Contents/Resources (in target 'ResourceRunnerUITests' from project 'ResourceRunner')
    cd /Users/zipkero/XcodeProjects/ResourceRunner
    /bin/mkdir -p /tmp/ResourceRunner-M3-task010-ui/Build/Products/Debug/ResourceRunnerUITests-Runner.app/Contents/PlugIns/ResourceRunnerUITests.xctest/Contents/Resources

ProcessProductPackaging "" /tmp/ResourceRunner-M3-task010-ui/Build/Intermediates.noindex/ResourceRunner.build/Debug/ResourceRunner.build/ResourceRunner.app.xcent (in target 'ResourceRunner' from project 'ResourceRunner')
    cd /Users/zipkero/XcodeProjects/ResourceRunner
    
    Entitlements:
    
    {
    "com.apple.security.app-sandbox" = 1;
    "com.apple.security.files.user-selected.read-only" = 1;
    "com.apple.security.get-task-allow" = 1;
}
    
    builtin-productPackagingUtility -entitlements -format xml -o /tmp/ResourceRunner-M3-task010-ui/Build/Intermediates.noindex/ResourceRunner.build/Debug/ResourceRunner.build/ResourceRunner.app.xcent

ProcessProductPackagingDER /tmp/ResourceRunner-M3-task010-ui/Build/Intermediates.noindex/ResourceRunner.build/Debug/ResourceRunner.build/ResourceRunner.app.xcent /tmp/ResourceRunner-M3-task010-ui/Build/Intermediates.noindex/ResourceRunner.build/Debug/ResourceRunner.build/ResourceRunner.app.xcent.der (in target 'ResourceRunner' from project 'ResourceRunner')
    cd /Users/zipkero/XcodeProjects/ResourceRunner
    /usr/bin/derq query -f xml -i /tmp/ResourceRunner-M3-task010-ui/Build/Intermediates.noindex/ResourceRunner.build/Debug/ResourceRunner.build/ResourceRunner.app.xcent -o /tmp/ResourceRunner-M3-task010-ui/Build/Intermediates.noindex/ResourceRunner.build/Debug/ResourceRunner.build/ResourceRunner.app.xcent.der --raw

Ld /tmp/ResourceRunner-M3-task010-ui/Build/Products/Debug/ResourceRunner.app/Contents/MacOS/__preview.dylib normal (in target 'ResourceRunner' from project 'ResourceRunner')
    cd /Users/zipkero/XcodeProjects/ResourceRunner
    /Applications/Xcode.app/Contents/Developer/Toolchains/XcodeDefault.xctoolchain/usr/bin/clang -Xlinker -reproducible -target arm64-apple-macos26.5 -dynamiclib -isysroot /Applications/Xcode.app/Contents/Developer/Platforms/MacOSX.platform/Developer/SDKs/MacOSX26.5.sdk -O0 -L/tmp/ResourceRunner-M3-task010-ui/Build/Products/Debug -F/tmp/ResourceRunner-M3-task010-ui/Build/Products/Debug -install_name @rpath/ResourceRunner.debug.dylib -rdynamic -Xlinker -no_deduplicate -Xlinker -debug_variant -Xlinker -dependency_info -Xlinker /tmp/ResourceRunner-M3-task010-ui/Build/Intermediates.noindex/ResourceRunner.build/Debug/ResourceRunner.build/Objects-normal/arm64/ResourceRunner_dependency_info.dat -Xlinker -no_adhoc_codesign -o /tmp/ResourceRunner-M3-task010-ui/Build/Products/Debug/ResourceRunner.app/Contents/MacOS/__preview.dylib

Copy /tmp/ResourceRunner-M3-task010-ui/Build/Products/Debug/ResourceRunner.app/Contents/Frameworks/libXCTestSwiftSupport.dylib /Applications/Xcode.app/Contents/Developer/Platforms/MacOSX.platform/Developer/usr/lib/libXCTestSwiftSupport.dylib (in target 'ResourceRunner' from project 'ResourceRunner')
    cd /Users/zipkero/XcodeProjects/ResourceRunner
    builtin-copy -exclude .DS_Store -exclude CVS -exclude .svn -exclude .git -exclude .hg -exclude Headers -exclude PrivateHeaders -exclude Modules -exclude \*.tbd -resolve-src-symlinks /Applications/Xcode.app/Contents/Developer/Platforms/MacOSX.platform/Developer/usr/lib/libXCTestSwiftSupport.dylib /tmp/ResourceRunner-M3-task010-ui/Build/Products/Debug/ResourceRunner.app/Contents/Frameworks

Copy /tmp/ResourceRunner-M3-task010-ui/Build/Products/Debug/ResourceRunner.app/Contents/Frameworks/libXCTestBundleInject.dylib /Applications/Xcode.app/Contents/Developer/Platforms/MacOSX.platform/Developer/usr/lib/libXCTestBundleInject.dylib (in target 'ResourceRunner' from project 'ResourceRunner')
    cd /Users/zipkero/XcodeProjects/ResourceRunner
    builtin-copy -exclude .DS_Store -exclude CVS -exclude .svn -exclude .git -exclude .hg -exclude Headers -exclude PrivateHeaders -exclude Modules -exclude \*.tbd -resolve-src-symlinks /Applications/Xcode.app/Contents/Developer/Platforms/MacOSX.platform/Developer/usr/lib/libXCTestBundleInject.dylib /tmp/ResourceRunner-M3-task010-ui/Build/Products/Debug/ResourceRunner.app/Contents/Frameworks

GenerateAssetSymbols /Users/zipkero/XcodeProjects/ResourceRunner/ResourceRunner/Assets.xcassets (in target 'ResourceRunner' from project 'ResourceRunner')
    cd /Users/zipkero/XcodeProjects/ResourceRunner
    /Applications/Xcode.app/Contents/Developer/usr/bin/actool /Users/zipkero/XcodeProjects/ResourceRunner/ResourceRunner/Assets.xcassets --compile /tmp/ResourceRunner-M3-task010-ui/Build/Products/Debug/ResourceRunner.app/Contents/Resources --output-format human-readable-text --notices --warnings --export-dependency-info /tmp/ResourceRunner-M3-task010-ui/Build/Intermediates.noindex/ResourceRunner.build/Debug/ResourceRunner.build/assetcatalog_dependencies --output-partial-info-plist /tmp/ResourceRunner-M3-task010-ui/Build/Intermediates.noindex/ResourceRunner.build/Debug/ResourceRunner.build/assetcatalog_generated_info.plist --app-icon AppIcon --accent-color AccentColor --enable-on-demand-resources NO --development-region en --target-device mac --minimum-deployment-target 26.5 --platform macosx --bundle-identifier com.zipkero.ResourceRunner --generate-swift-asset-symbols /tmp/ResourceRunner-M3-task010-ui/Build/Intermediates.noindex/ResourceRunner.build/Debug/ResourceRunner.build/DerivedSources/GeneratedAssetSymbols.swift --generate-objc-asset-symbols /tmp/ResourceRunner-M3-task010-ui/Build/Intermediates.noindex/ResourceRunner.build/Debug/ResourceRunner.build/DerivedSources/GeneratedAssetSymbols.h --generate-asset-symbol-index /tmp/ResourceRunner-M3-task010-ui/Build/Intermediates.noindex/ResourceRunner.build/Debug/ResourceRunner.build/DerivedSources/GeneratedAssetSymbols-Index.plist
/* com.apple.actool.compilation-results */
/tmp/ResourceRunner-M3-task010-ui/Build/Intermediates.noindex/ResourceRunner.build/Debug/ResourceRunner.build/DerivedSources/GeneratedAssetSymbols-Index.plist
/tmp/ResourceRunner-M3-task010-ui/Build/Intermediates.noindex/ResourceRunner.build/Debug/ResourceRunner.build/DerivedSources/GeneratedAssetSymbols.h
/tmp/ResourceRunner-M3-task010-ui/Build/Intermediates.noindex/ResourceRunner.build/Debug/ResourceRunner.build/DerivedSources/GeneratedAssetSymbols.swift


Copy /tmp/ResourceRunner-M3-task010-ui/Build/Products/Debug/ResourceRunner.app/Contents/Frameworks/XCUnit.framework /Applications/Xcode.app/Contents/Developer/Platforms/MacOSX.platform/Developer/Library/PrivateFrameworks/XCUnit.framework (in target 'ResourceRunner' from project 'ResourceRunner')
    cd /Users/zipkero/XcodeProjects/ResourceRunner
    builtin-copy -exclude .DS_Store -exclude CVS -exclude .svn -exclude .git -exclude .hg -exclude Headers -exclude PrivateHeaders -exclude Modules -exclude \*.tbd -resolve-src-symlinks /Applications/Xcode.app/Contents/Developer/Platforms/MacOSX.platform/Developer/Library/PrivateFrameworks/XCUnit.framework /tmp/ResourceRunner-M3-task010-ui/Build/Products/Debug/ResourceRunner.app/Contents/Frameworks

Copy /tmp/ResourceRunner-M3-task010-ui/Build/Products/Debug/ResourceRunner.app/Contents/Frameworks/XCUIAutomation.framework /Applications/Xcode.app/Contents/Developer/Platforms/MacOSX.platform/Developer/Library/Frameworks/XCUIAutomation.framework (in target 'ResourceRunner' from project 'ResourceRunner')
    cd /Users/zipkero/XcodeProjects/ResourceRunner
    builtin-copy -exclude .DS_Store -exclude CVS -exclude .svn -exclude .git -exclude .hg -exclude Headers -exclude PrivateHeaders -exclude Modules -exclude \*.tbd -resolve-src-symlinks /Applications/Xcode.app/Contents/Developer/Platforms/MacOSX.platform/Developer/Library/Frameworks/XCUIAutomation.framework /tmp/ResourceRunner-M3-task010-ui/Build/Products/Debug/ResourceRunner.app/Contents/Frameworks

Copy /tmp/ResourceRunner-M3-task010-ui/Build/Products/Debug/ResourceRunner.app/Contents/Frameworks/XCTestSupport.framework /Applications/Xcode.app/Contents/Developer/Platforms/MacOSX.platform/Developer/Library/PrivateFrameworks/XCTestSupport.framework (in target 'ResourceRunner' from project 'ResourceRunner')
    cd /Users/zipkero/XcodeProjects/ResourceRunner
    builtin-copy -exclude .DS_Store -exclude CVS -exclude .svn -exclude .git -exclude .hg -exclude Headers -exclude PrivateHeaders -exclude Modules -exclude \*.tbd -resolve-src-symlinks /Applications/Xcode.app/Contents/Developer/Platforms/MacOSX.platform/Developer/Library/PrivateFrameworks/XCTestSupport.framework /tmp/ResourceRunner-M3-task010-ui/Build/Products/Debug/ResourceRunner.app/Contents/Frameworks

MkDir /tmp/ResourceRunner-M3-task010-ui/Build/Intermediates.noindex/ResourceRunner.build/Debug/ResourceRunner.build/assetcatalog_output/thinned (in target 'ResourceRunner' from project 'ResourceRunner')
    cd /Users/zipkero/XcodeProjects/ResourceRunner
    /bin/mkdir -p /tmp/ResourceRunner-M3-task010-ui/Build/Intermediates.noindex/ResourceRunner.build/Debug/ResourceRunner.build/assetcatalog_output/thinned

MkDir /tmp/ResourceRunner-M3-task010-ui/Build/Intermediates.noindex/ResourceRunner.build/Debug/ResourceRunner.build/assetcatalog_output/unthinned (in target 'ResourceRunner' from project 'ResourceRunner')
    cd /Users/zipkero/XcodeProjects/ResourceRunner
    /bin/mkdir -p /tmp/ResourceRunner-M3-task010-ui/Build/Intermediates.noindex/ResourceRunner.build/Debug/ResourceRunner.build/assetcatalog_output/unthinned

Copy /tmp/ResourceRunner-M3-task010-ui/Build/Products/Debug/ResourceRunner.app/Contents/Frameworks/XCTestCore.framework /Applications/Xcode.app/Contents/Developer/Platforms/MacOSX.platform/Developer/Library/PrivateFrameworks/XCTestCore.framework (in target 'ResourceRunner' from project 'ResourceRunner')
    cd /Users/zipkero/XcodeProjects/ResourceRunner
    builtin-copy -exclude .DS_Store -exclude CVS -exclude .svn -exclude .git -exclude .hg -exclude Headers -exclude PrivateHeaders -exclude Modules -exclude \*.tbd -resolve-src-symlinks /Applications/Xcode.app/Contents/Developer/Platforms/MacOSX.platform/Developer/Library/PrivateFrameworks/XCTestCore.framework /tmp/ResourceRunner-M3-task010-ui/Build/Products/Debug/ResourceRunner.app/Contents/Frameworks

Copy /tmp/ResourceRunner-M3-task010-ui/Build/Products/Debug/ResourceRunner.app/Contents/Frameworks/XCTest.framework /Applications/Xcode.app/Contents/Developer/Platforms/MacOSX.platform/Developer/Library/Frameworks/XCTest.framework (in target 'ResourceRunner' from project 'ResourceRunner')
    cd /Users/zipkero/XcodeProjects/ResourceRunner
    builtin-copy -exclude .DS_Store -exclude CVS -exclude .svn -exclude .git -exclude .hg -exclude Headers -exclude PrivateHeaders -exclude Modules -exclude \*.tbd -resolve-src-symlinks /Applications/Xcode.app/Contents/Developer/Platforms/MacOSX.platform/Developer/Library/Frameworks/XCTest.framework /tmp/ResourceRunner-M3-task010-ui/Build/Products/Debug/ResourceRunner.app/Contents/Frameworks

Copy /tmp/ResourceRunner-M3-task010-ui/Build/Products/Debug/ResourceRunner.app/Contents/Frameworks/XCTAutomationSupport.framework /Applications/Xcode.app/Contents/Developer/Platforms/MacOSX.platform/Developer/Library/PrivateFrameworks/XCTAutomationSupport.framework (in target 'ResourceRunner' from project 'ResourceRunner')
    cd /Users/zipkero/XcodeProjects/ResourceRunner
    builtin-copy -exclude .DS_Store -exclude CVS -exclude .svn -exclude .git -exclude .hg -exclude Headers -exclude PrivateHeaders -exclude Modules -exclude \*.tbd -resolve-src-symlinks /Applications/Xcode.app/Contents/Developer/Platforms/MacOSX.platform/Developer/Library/PrivateFrameworks/XCTAutomationSupport.framework /tmp/ResourceRunner-M3-task010-ui/Build/Products/Debug/ResourceRunner.app/Contents/Frameworks

Copy /tmp/ResourceRunner-M3-task010-ui/Build/Products/Debug/ResourceRunner.app/Contents/Frameworks/Testing.framework /Applications/Xcode.app/Contents/Developer/Platforms/MacOSX.platform/Developer/Library/Frameworks/Testing.framework (in target 'ResourceRunner' from project 'ResourceRunner')
    cd /Users/zipkero/XcodeProjects/ResourceRunner
    builtin-copy -exclude .DS_Store -exclude CVS -exclude .svn -exclude .git -exclude .hg -exclude Headers -exclude PrivateHeaders -exclude Modules -exclude \*.tbd -resolve-src-symlinks /Applications/Xcode.app/Contents/Developer/Platforms/MacOSX.platform/Developer/Library/Frameworks/Testing.framework /tmp/ResourceRunner-M3-task010-ui/Build/Products/Debug/ResourceRunner.app/Contents/Frameworks

CompileAssetCatalogVariant thinned /tmp/ResourceRunner-M3-task010-ui/Build/Products/Debug/ResourceRunner.app/Contents/Resources /Users/zipkero/XcodeProjects/ResourceRunner/ResourceRunner/Assets.xcassets (in target 'ResourceRunner' from project 'ResourceRunner')
    cd /Users/zipkero/XcodeProjects/ResourceRunner
    /Applications/Xcode.app/Contents/Developer/usr/bin/actool /Users/zipkero/XcodeProjects/ResourceRunner/ResourceRunner/Assets.xcassets --compile /tmp/ResourceRunner-M3-task010-ui/Build/Intermediates.noindex/ResourceRunner.build/Debug/ResourceRunner.build/assetcatalog_output/thinned --output-format human-readable-text --notices --warnings --export-dependency-info /tmp/ResourceRunner-M3-task010-ui/Build/Intermediates.noindex/ResourceRunner.build/Debug/ResourceRunner.build/assetcatalog_dependencies_thinned --output-partial-info-plist /tmp/ResourceRunner-M3-task010-ui/Build/Intermediates.noindex/ResourceRunner.build/Debug/ResourceRunner.build/assetcatalog_generated_info.plist_thinned --app-icon AppIcon --accent-color AccentColor --enable-on-demand-resources NO --development-region en --target-device mac --minimum-deployment-target 26.5 --platform macosx
/* com.apple.actool.compilation-results */
/tmp/ResourceRunner-M3-task010-ui/Build/Intermediates.noindex/ResourceRunner.build/Debug/ResourceRunner.build/assetcatalog_generated_info.plist_thinned
/tmp/ResourceRunner-M3-task010-ui/Build/Intermediates.noindex/ResourceRunner.build/Debug/ResourceRunner.build/assetcatalog_output/thinned/Assets.car


CodeSign /tmp/ResourceRunner-M3-task010-ui/Build/Products/Debug/ResourceRunner.app/Contents/Frameworks/libXCTestBundleInject.dylib (in target 'ResourceRunner' from project 'ResourceRunner')
    cd /Users/zipkero/XcodeProjects/ResourceRunner
    
    Signing Identity:     "Sign to Run Locally"
    
    /usr/bin/codesign --force --sign - --timestamp\=none --preserve-metadata\=identifier,entitlements,flags --generate-entitlement-der /tmp/ResourceRunner-M3-task010-ui/Build/Products/Debug/ResourceRunner.app/Contents/Frameworks/libXCTestBundleInject.dylib
/tmp/ResourceRunner-M3-task010-ui/Build/Products/Debug/ResourceRunner.app/Contents/Frameworks/libXCTestBundleInject.dylib: replacing existing signature

CodeSign /tmp/ResourceRunner-M3-task010-ui/Build/Products/Debug/ResourceRunner.app/Contents/Frameworks/libXCTestSwiftSupport.dylib (in target 'ResourceRunner' from project 'ResourceRunner')
    cd /Users/zipkero/XcodeProjects/ResourceRunner
    
    Signing Identity:     "Sign to Run Locally"
    
    /usr/bin/codesign --force --sign - --timestamp\=none --preserve-metadata\=identifier,entitlements,flags --generate-entitlement-der /tmp/ResourceRunner-M3-task010-ui/Build/Products/Debug/ResourceRunner.app/Contents/Frameworks/libXCTestSwiftSupport.dylib
/tmp/ResourceRunner-M3-task010-ui/Build/Products/Debug/ResourceRunner.app/Contents/Frameworks/libXCTestSwiftSupport.dylib: replacing existing signature

CodeSign /tmp/ResourceRunner-M3-task010-ui/Build/Products/Debug/ResourceRunner.app/Contents/Frameworks/XCUnit.framework (in target 'ResourceRunner' from project 'ResourceRunner')
    cd /Users/zipkero/XcodeProjects/ResourceRunner
    
    Signing Identity:     "Sign to Run Locally"
    
    /usr/bin/codesign --force --sign - --timestamp\=none --preserve-metadata\=identifier,entitlements,flags --generate-entitlement-der /tmp/ResourceRunner-M3-task010-ui/Build/Products/Debug/ResourceRunner.app/Contents/Frameworks/XCUnit.framework
/tmp/ResourceRunner-M3-task010-ui/Build/Products/Debug/ResourceRunner.app/Contents/Frameworks/XCUnit.framework: replacing existing signature

CodeSign /tmp/ResourceRunner-M3-task010-ui/Build/Products/Debug/ResourceRunner.app/Contents/Frameworks/XCTest.framework (in target 'ResourceRunner' from project 'ResourceRunner')
    cd /Users/zipkero/XcodeProjects/ResourceRunner
    
    Signing Identity:     "Sign to Run Locally"
    
    /usr/bin/codesign --force --sign - --timestamp\=none --preserve-metadata\=identifier,entitlements,flags --generate-entitlement-der /tmp/ResourceRunner-M3-task010-ui/Build/Products/Debug/ResourceRunner.app/Contents/Frameworks/XCTest.framework
/tmp/ResourceRunner-M3-task010-ui/Build/Products/Debug/ResourceRunner.app/Contents/Frameworks/XCTest.framework: replacing existing signature

CodeSign /tmp/ResourceRunner-M3-task010-ui/Build/Products/Debug/ResourceRunner.app/Contents/Frameworks/XCTestSupport.framework (in target 'ResourceRunner' from project 'ResourceRunner')
    cd /Users/zipkero/XcodeProjects/ResourceRunner
    
    Signing Identity:     "Sign to Run Locally"
    
    /usr/bin/codesign --force --sign - --timestamp\=none --preserve-metadata\=identifier,entitlements,flags --generate-entitlement-der /tmp/ResourceRunner-M3-task010-ui/Build/Products/Debug/ResourceRunner.app/Contents/Frameworks/XCTestSupport.framework
/tmp/ResourceRunner-M3-task010-ui/Build/Products/Debug/ResourceRunner.app/Contents/Frameworks/XCTestSupport.framework: replacing existing signature

CodeSign /tmp/ResourceRunner-M3-task010-ui/Build/Products/Debug/ResourceRunner.app/Contents/Frameworks/XCTAutomationSupport.framework (in target 'ResourceRunner' from project 'ResourceRunner')
    cd /Users/zipkero/XcodeProjects/ResourceRunner
    
    Signing Identity:     "Sign to Run Locally"
    
    /usr/bin/codesign --force --sign - --timestamp\=none --preserve-metadata\=identifier,entitlements,flags --generate-entitlement-der /tmp/ResourceRunner-M3-task010-ui/Build/Products/Debug/ResourceRunner.app/Contents/Frameworks/XCTAutomationSupport.framework
/tmp/ResourceRunner-M3-task010-ui/Build/Products/Debug/ResourceRunner.app/Contents/Frameworks/XCTAutomationSupport.framework: replacing existing signature

CodeSign /tmp/ResourceRunner-M3-task010-ui/Build/Products/Debug/ResourceRunner.app/Contents/Frameworks/XCTestCore.framework (in target 'ResourceRunner' from project 'ResourceRunner')
    cd /Users/zipkero/XcodeProjects/ResourceRunner
    
    Signing Identity:     "Sign to Run Locally"
    
    /usr/bin/codesign --force --sign - --timestamp\=none --preserve-metadata\=identifier,entitlements,flags --generate-entitlement-der /tmp/ResourceRunner-M3-task010-ui/Build/Products/Debug/ResourceRunner.app/Contents/Frameworks/XCTestCore.framework
/tmp/ResourceRunner-M3-task010-ui/Build/Products/Debug/ResourceRunner.app/Contents/Frameworks/XCTestCore.framework: replacing existing signature

CodeSign /tmp/ResourceRunner-M3-task010-ui/Build/Products/Debug/ResourceRunner.app/Contents/Frameworks/XCUIAutomation.framework (in target 'ResourceRunner' from project 'ResourceRunner')
    cd /Users/zipkero/XcodeProjects/ResourceRunner
    
    Signing Identity:     "Sign to Run Locally"
    
    /usr/bin/codesign --force --sign - --timestamp\=none --preserve-metadata\=identifier,entitlements,flags --generate-entitlement-der /tmp/ResourceRunner-M3-task010-ui/Build/Products/Debug/ResourceRunner.app/Contents/Frameworks/XCUIAutomation.framework
/tmp/ResourceRunner-M3-task010-ui/Build/Products/Debug/ResourceRunner.app/Contents/Frameworks/XCUIAutomation.framework: replacing existing signature

CodeSign /tmp/ResourceRunner-M3-task010-ui/Build/Products/Debug/ResourceRunner.app/Contents/Frameworks/Testing.framework (in target 'ResourceRunner' from project 'ResourceRunner')
    cd /Users/zipkero/XcodeProjects/ResourceRunner
    
    Signing Identity:     "Sign to Run Locally"
    
    /usr/bin/codesign --force --sign - --timestamp\=none --preserve-metadata\=identifier,entitlements,flags --generate-entitlement-der /tmp/ResourceRunner-M3-task010-ui/Build/Products/Debug/ResourceRunner.app/Contents/Frameworks/Testing.framework
/tmp/ResourceRunner-M3-task010-ui/Build/Products/Debug/ResourceRunner.app/Contents/Frameworks/Testing.framework: replacing existing signature

SwiftDriver ResourceRunner normal arm64 com.apple.xcode.tools.swift.compiler (in target 'ResourceRunner' from project 'ResourceRunner')
    cd /Users/zipkero/XcodeProjects/ResourceRunner
    builtin-SwiftDriver -- /Applications/Xcode.app/Contents/Developer/Toolchains/XcodeDefault.xctoolchain/usr/bin/swiftc -module-name ResourceRunner -Onone @/tmp/ResourceRunner-M3-task010-ui/Build/Intermediates.noindex/ResourceRunner.build/Debug/ResourceRunner.build/Objects-normal/arm64/ResourceRunner.SwiftFileList -DDEBUG -default-isolation\=MainActor -enable-bare-slash-regex -enable-upcoming-feature DisableOutwardActorInference -enable-upcoming-feature InferSendableFromCaptures -enable-upcoming-feature GlobalActorIsolatedTypesUsability -enable-upcoming-feature MemberImportVisibility -enable-upcoming-feature InferIsolatedConformances -enable-upcoming-feature NonisolatedNonsendingByDefault -enable-experimental-feature DebugDescriptionMacro -sdk /Applications/Xcode.app/Contents/Developer/Platforms/MacOSX.platform/Developer/SDKs/MacOSX26.5.sdk -target arm64-apple-macos26.5 -g -module-cache-path /tmp/ResourceRunner-M3-task010-ui/ModuleCache.noindex -Xfrontend -serialize-debugging-options -profile-coverage-mapping -profile-generate -enable-testing -index-store-path /tmp/ResourceRunner-M3-task010-ui/Index.noindex/DataStore -Xcc -D_LIBCPP_HARDENING_MODE\=_LIBCPP_HARDENING_MODE_DEBUG -swift-version 5 -I /tmp/ResourceRunner-M3-task010-ui/Build/Products/Debug -F /tmp/ResourceRunner-M3-task010-ui/Build/Products/Debug -emit-localized-strings -emit-localized-strings-path /tmp/ResourceRunner-M3-task010-ui/Build/Intermediates.noindex/ResourceRunner.build/Debug/ResourceRunner.build/Objects-normal/arm64 -c -j14 -enable-batch-mode -incremental -Xcc -ivfsstatcache -Xcc /tmp/ResourceRunner-M3-task010-ui/SDKStatCaches.noindex/macosx26.5-25F70-e082c4a02f00227109f4ed75e425c832.sdkstatcache -output-file-map /tmp/ResourceRunner-M3-task010-ui/Build/Intermediates.noindex/ResourceRunner.build/Debug/ResourceRunner.build/Objects-normal/arm64/ResourceRunner-OutputFileMap.json -use-frontend-parseable-output -save-temps -no-color-diagnostics -explicit-module-build -module-cache-path /tmp/ResourceRunner-M3-task010-ui/Build/Intermediates.noindex/SwiftExplicitPrecompiledModules -clang-scanner-module-cache-path /tmp/ResourceRunner-M3-task010-ui/ModuleCache.noindex -sdk-module-cache-path /tmp/ResourceRunner-M3-task010-ui/ModuleCache.noindex -serialize-diagnostics -emit-dependencies -emit-module -emit-module-path /tmp/ResourceRunner-M3-task010-ui/Build/Intermediates.noindex/ResourceRunner.build/Debug/ResourceRunner.build/Objects-normal/arm64/ResourceRunner.swiftmodule -validate-clang-modules-once -clang-build-session-file /tmp/ResourceRunner-M3-task010-ui/ModuleCache.noindex/Session.modulevalidation -Xcc -I/tmp/ResourceRunner-M3-task010-ui/Build/Intermediates.noindex/ResourceRunner.build/Debug/ResourceRunner.build/swift-overrides.hmap -emit-const-values -Xfrontend -const-gather-protocols-file -Xfrontend /tmp/ResourceRunner-M3-task010-ui/Build/Intermediates.noindex/ResourceRunner.build/Debug/ResourceRunner.build/Objects-normal/arm64/ResourceRunner_const_extract_protocols.json -Xcc -iquote -Xcc /tmp/ResourceRunner-M3-task010-ui/Build/Intermediates.noindex/ResourceRunner.build/Debug/ResourceRunner.build/ResourceRunner-generated-files.hmap -Xcc -I/tmp/ResourceRunner-M3-task010-ui/Build/Intermediates.noindex/ResourceRunner.build/Debug/ResourceRunner.build/ResourceRunner-own-target-headers.hmap -Xcc -I/tmp/ResourceRunner-M3-task010-ui/Build/Intermediates.noindex/ResourceRunner.build/Debug/ResourceRunner.build/ResourceRunner-all-target-headers.hmap -Xcc -iquote -Xcc /tmp/ResourceRunner-M3-task010-ui/Build/Intermediates.noindex/ResourceRunner.build/Debug/ResourceRunner.build/ResourceRunner-project-headers.hmap -Xcc -I/tmp/ResourceRunner-M3-task010-ui/Build/Products/Debug/include -Xcc -I/tmp/ResourceRunner-M3-task010-ui/Build/Intermediates.noindex/ResourceRunner.build/Debug/ResourceRunner.build/DerivedSources-normal/arm64 -Xcc -I/tmp/ResourceRunner-M3-task010-ui/Build/Intermediates.noindex/ResourceRunner.build/Debug/ResourceRunner.build/DerivedSources/arm64 -Xcc -I/tmp/ResourceRunner-M3-task010-ui/Build/Intermediates.noindex/ResourceRunner.build/Debug/ResourceRunner.build/DerivedSources -Xcc -DDEBUG\=1 -emit-objc-header -emit-objc-header-path /tmp/ResourceRunner-M3-task010-ui/Build/Intermediates.noindex/ResourceRunner.build/Debug/ResourceRunner.build/Objects-normal/arm64/ResourceRunner-Swift.h -working-directory /Users/zipkero/XcodeProjects/ResourceRunner -experimental-emit-module-separately -disable-cmo

LinkAssetCatalog /Users/zipkero/XcodeProjects/ResourceRunner/ResourceRunner/Assets.xcassets (in target 'ResourceRunner' from project 'ResourceRunner')
    cd /Users/zipkero/XcodeProjects/ResourceRunner
    builtin-linkAssetCatalog --thinned /tmp/ResourceRunner-M3-task010-ui/Build/Intermediates.noindex/ResourceRunner.build/Debug/ResourceRunner.build/assetcatalog_output/thinned --thinned-dependencies /tmp/ResourceRunner-M3-task010-ui/Build/Intermediates.noindex/ResourceRunner.build/Debug/ResourceRunner.build/assetcatalog_dependencies_thinned --thinned-info-plist-content /tmp/ResourceRunner-M3-task010-ui/Build/Intermediates.noindex/ResourceRunner.build/Debug/ResourceRunner.build/assetcatalog_generated_info.plist_thinned --unthinned /tmp/ResourceRunner-M3-task010-ui/Build/Intermediates.noindex/ResourceRunner.build/Debug/ResourceRunner.build/assetcatalog_output/unthinned --unthinned-dependencies /tmp/ResourceRunner-M3-task010-ui/Build/Intermediates.noindex/ResourceRunner.build/Debug/ResourceRunner.build/assetcatalog_dependencies_unthinned --unthinned-info-plist-content /tmp/ResourceRunner-M3-task010-ui/Build/Intermediates.noindex/ResourceRunner.build/Debug/ResourceRunner.build/assetcatalog_generated_info.plist_unthinned --output /tmp/ResourceRunner-M3-task010-ui/Build/Products/Debug/ResourceRunner.app/Contents/Resources --plist-output /tmp/ResourceRunner-M3-task010-ui/Build/Intermediates.noindex/ResourceRunner.build/Debug/ResourceRunner.build/assetcatalog_generated_info.plist
note: Emplaced /tmp/ResourceRunner-M3-task010-ui/Build/Products/Debug/ResourceRunner.app/Contents/Resources/Assets.car (in target 'ResourceRunner' from project 'ResourceRunner')

ProcessInfoPlistFile /tmp/ResourceRunner-M3-task010-ui/Build/Products/Debug/ResourceRunner.app/Contents/Info.plist /tmp/ResourceRunner-M3-task010-ui/Build/Intermediates.noindex/ResourceRunner.build/Debug/ResourceRunner.build/empty-ResourceRunner.plist (in target 'ResourceRunner' from project 'ResourceRunner')
    cd /Users/zipkero/XcodeProjects/ResourceRunner
    builtin-infoPlistUtility /tmp/ResourceRunner-M3-task010-ui/Build/Intermediates.noindex/ResourceRunner.build/Debug/ResourceRunner.build/empty-ResourceRunner.plist -producttype com.apple.product-type.application -genpkginfo /tmp/ResourceRunner-M3-task010-ui/Build/Products/Debug/ResourceRunner.app/Contents/PkgInfo -expandbuildsettings -platform macosx -additionalcontentfile /tmp/ResourceRunner-M3-task010-ui/Build/Intermediates.noindex/ResourceRunner.build/Debug/ResourceRunner.build/assetcatalog_generated_info.plist -o /tmp/ResourceRunner-M3-task010-ui/Build/Products/Debug/ResourceRunner.app/Contents/Info.plist

SwiftExplicitDependencyGeneratePcm arm64 /tmp/ResourceRunner-M3-task010-ui/ModuleCache.noindex/_Builtin_stdbool-E4HB7KYKIE5CPNQL4S0U8SWT5.pcm

SwiftExplicitDependencyGeneratePcm arm64 /tmp/ResourceRunner-M3-task010-ui/ModuleCache.noindex/ptrauth-3OB0W5XIKWHCLK1IRN5OHUFS0.pcm

SwiftExplicitDependencyGeneratePcm arm64 /tmp/ResourceRunner-M3-task010-ui/ModuleCache.noindex/ptrcheck-63GW9EMKYKH2P7PA9OS63PU7D.pcm

SwiftExplicitDependencyGeneratePcm arm64 /tmp/ResourceRunner-M3-task010-ui/ModuleCache.noindex/_SwiftConcurrencyShims-AC92QCF6AR4WJGFEK01MEJSEX.pcm

SwiftExplicitDependencyGeneratePcm arm64 /tmp/ResourceRunner-M3-task010-ui/ModuleCache.noindex/_Builtin_stddef-F1ICO6J9L1LG7AXJWXCLXFPUR.pcm

SwiftExplicitDependencyGeneratePcm arm64 /tmp/ResourceRunner-M3-task010-ui/ModuleCache.noindex/_AvailabilityInternal-BR0W7EZ9S9790J2FZL6ITPSB7.pcm

SwiftExplicitDependencyGeneratePcm arm64 /tmp/ResourceRunner-M3-task010-ui/ModuleCache.noindex/SwiftShims-45KDBARVIXYC7ALH761GNYQB7.pcm

SwiftExplicitDependencyGeneratePcm arm64 /tmp/ResourceRunner-M3-task010-ui/ModuleCache.noindex/DeveloperToolsSupport-721W5DWU9Y3UXN5FLJPAM7Q3N.pcm

SwiftExplicitDependencyGeneratePcm arm64 /tmp/ResourceRunner-M3-task010-ui/ModuleCache.noindex/_Builtin_stdarg-AH12NHN4BDIGR9MUMQGCH8BB2.pcm

SwiftExplicitDependencyGeneratePcm arm64 /tmp/ResourceRunner-M3-task010-ui/ModuleCache.noindex/_Builtin_float-43WHC1OO9TV6G1CGS2LJH30JV.pcm

SwiftExplicitDependencyGeneratePcm arm64 /tmp/ResourceRunner-M3-task010-ui/ModuleCache.noindex/_DarwinFoundation1-1SLGL7I5G6Y9ZPEZF3XY2FPGM.pcm

SwiftExplicitDependencyGeneratePcm arm64 /tmp/ResourceRunner-M3-task010-ui/ModuleCache.noindex/_DarwinFoundation2-A8DR9OQFY7EZJJ78G4Z425VGR.pcm

SwiftExplicitDependencyGeneratePcm arm64 /tmp/ResourceRunner-M3-task010-ui/ModuleCache.noindex/_Builtin_limits-2NOJ1P3VDD2DTP776IFOA45MP.pcm

SwiftExplicitDependencyGeneratePcm arm64 /tmp/ResourceRunner-M3-task010-ui/ModuleCache.noindex/_Builtin_tgmath-9AUQX2TEGNZ1N4UYWG94RD22B.pcm

SwiftExplicitDependencyGeneratePcm arm64 /tmp/ResourceRunner-M3-task010-ui/ModuleCache.noindex/_Builtin_stdint-AZCJGIX6JOIRIJ2YJNCHXN3MM.pcm

SwiftExplicitDependencyGeneratePcm arm64 /tmp/ResourceRunner-M3-task010-ui/ModuleCache.noindex/sys_types-CKCWTEWM8D819A5ZEQJ8XJL45.pcm

SwiftExplicitDependencyGeneratePcm arm64 /tmp/ResourceRunner-M3-task010-ui/ModuleCache.noindex/OpenGL-7816RRS2L80KKO9S64HTV417X.pcm

SwiftExplicitDependencyGeneratePcm arm64 /tmp/ResourceRunner-M3-task010-ui/ModuleCache.noindex/_Builtin_stdatomic-2VB19MXI7KBA3ERLE009GFPIB.pcm

SwiftExplicitDependencyGeneratePcm arm64 /tmp/ResourceRunner-M3-task010-ui/ModuleCache.noindex/_DarwinFoundation3-F1S5DCJPKUWM8KARD9S62N5MK.pcm

SwiftExplicitDependencyGeneratePcm arm64 /tmp/ResourceRunner-M3-task010-ui/ModuleCache.noindex/libDER-3GSJZZID976XYICB34D5OOVI0.pcm

SwiftExplicitDependencyGeneratePcm arm64 /tmp/ResourceRunner-M3-task010-ui/ModuleCache.noindex/_Builtin_intrinsics-E07U2Z8XW4C37XSCSHNW1A8FI.pcm

SwiftExplicitDependencyGeneratePcm arm64 /tmp/ResourceRunner-M3-task010-ui/ModuleCache.noindex/_Builtin_inttypes-2QKX1GGCT219NXGX8ZO1YR1F0.pcm

SwiftExplicitDependencyGeneratePcm arm64 /tmp/ResourceRunner-M3-task010-ui/ModuleCache.noindex/Darwin-E1F6NV4FC3QFVZT1GDHC45GYL.pcm

SwiftExplicitDependencyGeneratePcm arm64 /tmp/ResourceRunner-M3-task010-ui/ModuleCache.noindex/simd-2NPWVMPJW79Y7DJH72KDOVQTV.pcm

SwiftExplicitDependencyGeneratePcm arm64 /tmp/ResourceRunner-M3-task010-ui/ModuleCache.noindex/launch-VXSQ71CGDWDZHDGIPVYH207W.pcm

SwiftExplicitDependencyGeneratePcm arm64 /tmp/ResourceRunner-M3-task010-ui/ModuleCache.noindex/CUPS-5KTW1EJHTRUOI58XWH2GOEPJL.pcm

SwiftExplicitDependencyGeneratePcm arm64 /tmp/ResourceRunner-M3-task010-ui/ModuleCache.noindex/libkern-8VSD2QHPIHUR9ENVSK68Z4P5C.pcm

SwiftExplicitDependencyGeneratePcm arm64 /tmp/ResourceRunner-M3-task010-ui/ModuleCache.noindex/MachO-3SN4RQVDA0ZPBJ22QRD66ESDR.pcm

SwiftExplicitDependencyGeneratePcm arm64 /tmp/ResourceRunner-M3-task010-ui/ModuleCache.noindex/ObjectiveC-2G33U3BF36RESCN6GDD1GAAG1.pcm

SwiftExplicitDependencyGeneratePcm arm64 /tmp/ResourceRunner-M3-task010-ui/ModuleCache.noindex/Spatial-A1B4IOX68NPQ7INABCXJF6PWN.pcm

SwiftExplicitDependencyGeneratePcm arm64 /tmp/ResourceRunner-M3-task010-ui/ModuleCache.noindex/os_object-4YGG0G13YPDS4LDVU4QSOMAON.pcm

SwiftExplicitDependencyGeneratePcm arm64 /tmp/ResourceRunner-M3-task010-ui/ModuleCache.noindex/os_workgroup-4BK7GK4C7DGEDTA2WGGH4EZHH.pcm

SwiftExplicitDependencyGeneratePcm arm64 /tmp/ResourceRunner-M3-task010-ui/ModuleCache.noindex/Dispatch-AWPLWNEBOJ0U2LDLYDV3L634S.pcm

SwiftExplicitDependencyGeneratePcm arm64 /tmp/ResourceRunner-M3-task010-ui/ModuleCache.noindex/CoreFoundation-6XC30PA73BB5ZV6DKNRV712NE.pcm

SwiftExplicitDependencyGeneratePcm arm64 /tmp/ResourceRunner-M3-task010-ui/ModuleCache.noindex/XPC-66JTZ9JSQZG4XP4S028OHD181.pcm

SwiftExplicitDependencyGeneratePcm arm64 /tmp/ResourceRunner-M3-task010-ui/ModuleCache.noindex/os-CRKE6JSBMNLFBUCH0RKAOHFAZ.pcm

SwiftExplicitDependencyGeneratePcm arm64 /tmp/ResourceRunner-M3-task010-ui/ModuleCache.noindex/Security-D5GHQJXQ97UMQNU7OUWHTVX3W.pcm

SwiftExplicitDependencyGeneratePcm arm64 /tmp/ResourceRunner-M3-task010-ui/ModuleCache.noindex/IOKit-1JPNUE2R3TSCFYGHND2PCY64P.pcm

SwiftExplicitDependencyGeneratePcm arm64 /tmp/ResourceRunner-M3-task010-ui/ModuleCache.noindex/CFNetwork-4OQR4VQ59E0CYC7U9K0VCVP7.pcm

SwiftExplicitDependencyGeneratePcm arm64 /tmp/ResourceRunner-M3-task010-ui/ModuleCache.noindex/ColorSync-7QILKCJBMBEUMU7UPE0APSEKE.pcm

SwiftExplicitDependencyGeneratePcm arm64 /tmp/ResourceRunner-M3-task010-ui/ModuleCache.noindex/SystemConfiguration-DOOJM4P5JXLGRT0QSLYYYMQ5K.pcm

SwiftExplicitDependencyGeneratePcm arm64 /tmp/ResourceRunner-M3-task010-ui/ModuleCache.noindex/DiskArbitration-5UHUDLPTMPR1W6FH3LOO2F4QC.pcm

SwiftExplicitDependencyGeneratePcm arm64 /tmp/ResourceRunner-M3-task010-ui/ModuleCache.noindex/CoreGraphics-9BQENWIBDPN6X7LJ6UONIOT1E.pcm

SwiftExplicitDependencyGeneratePcm arm64 /tmp/ResourceRunner-M3-task010-ui/ModuleCache.noindex/CoreServices-4NY7UW6OZW5WBQ86MJEO2RKI2.pcm

SwiftExplicitDependencyGeneratePcm arm64 /tmp/ResourceRunner-M3-task010-ui/ModuleCache.noindex/CoreText-1J4LSB7GIJQHVZVWDXJI2UGWQ.pcm

SwiftExplicitDependencyGeneratePcm arm64 /tmp/ResourceRunner-M3-task010-ui/ModuleCache.noindex/ImageIO-9K3EIGK8EVAXFX9N4NTGS791L.pcm

SwiftExplicitDependencyGeneratePcm arm64 /tmp/ResourceRunner-M3-task010-ui/ModuleCache.noindex/Foundation-527JHMEB8K1TY6WMH7557K91D.pcm

SwiftExplicitDependencyGeneratePcm arm64 /tmp/ResourceRunner-M3-task010-ui/ModuleCache.noindex/CoreData-DD0YDB7BAF6P10SCAAN9ZY1UK.pcm

SwiftExplicitDependencyGeneratePcm arm64 /tmp/ResourceRunner-M3-task010-ui/ModuleCache.noindex/IOSurface-1D4AIUG7FXRIDFOZXAD8F9GKO.pcm

SwiftExplicitDependencyGeneratePcm arm64 /tmp/ResourceRunner-M3-task010-ui/ModuleCache.noindex/OSLog-56G7ZAUSEFZGZORP0LHKI2T7M.pcm

SwiftExplicitDependencyGeneratePcm arm64 /tmp/ResourceRunner-M3-task010-ui/ModuleCache.noindex/UniformTypeIdentifiers-5IQY44OG9VEA4EDMQK24Z3G2J.pcm

SwiftExplicitDependencyGeneratePcm arm64 /tmp/ResourceRunner-M3-task010-ui/ModuleCache.noindex/Accessibility-F0CFAZJF4XO47O1B9S58D6LYH.pcm

SwiftExplicitDependencyGeneratePcm arm64 /tmp/ResourceRunner-M3-task010-ui/ModuleCache.noindex/Symbols-CQFV34FJK2MHQZWC27C0CTHKC.pcm

SwiftExplicitDependencyGeneratePcm arm64 /tmp/ResourceRunner-M3-task010-ui/ModuleCache.noindex/DataDetection-2IJI6WO2JI40GI47AAD08A8FF.pcm

SwiftExplicitDependencyGeneratePcm arm64 /tmp/ResourceRunner-M3-task010-ui/ModuleCache.noindex/CoreTransferable-5SYNYJZ32O1Z2O0JLYE9SP69B.pcm

SwiftExplicitDependencyGeneratePcm arm64 /tmp/ResourceRunner-M3-task010-ui/ModuleCache.noindex/ApplicationServices-BOHSK97OQ5PXNEG2U2Q0X11B3.pcm

SwiftExplicitDependencyGeneratePcm arm64 /tmp/ResourceRunner-M3-task010-ui/ModuleCache.noindex/Metal-67P4VSB5YAX5NCF2RCCQJXB2V.pcm

SwiftExplicitDependencyGeneratePcm arm64 /tmp/ResourceRunner-M3-task010-ui/ModuleCache.noindex/CoreVideo-9ULDE1ZR4KDCWS5VNMLPDMV0Z.pcm

SwiftExplicitDependencyGeneratePcm arm64 /tmp/ResourceRunner-M3-task010-ui/ModuleCache.noindex/QuartzCore-6D1K2A9KWL7YE0E7TUIS41AO.pcm

SwiftExplicitDependencyGeneratePcm arm64 /tmp/ResourceRunner-M3-task010-ui/ModuleCache.noindex/CoreImage-ERQM0VO5X4MIFUJFZ3TYKEVGZ.pcm

SwiftExplicitDependencyGeneratePcm arm64 /tmp/ResourceRunner-M3-task010-ui/ModuleCache.noindex/SwiftUICore-9J8GO65UG0NVCDEMACFQ1WTCS.pcm

SwiftExplicitDependencyGeneratePcm arm64 /tmp/ResourceRunner-M3-task010-ui/ModuleCache.noindex/AppKit-DMW9FWYR7GIV3DES6ARJYXLF1.pcm

SwiftExplicitDependencyGeneratePcm arm64 /tmp/ResourceRunner-M3-task010-ui/ModuleCache.noindex/SwiftUI-3FEVNQVJ66ID7TSFSD9PSS2HI.pcm

SwiftCompile normal arm64 Compiling\ ResourceActivityPresentation.swift,\ ResourceQuantityFormatter.swift,\ ResourceRateGraph.swift /Users/zipkero/XcodeProjects/ResourceRunner/ResourceRunner/ResourceActivityPresentation.swift /Users/zipkero/XcodeProjects/ResourceRunner/ResourceRunner/ResourceQuantityFormatter.swift /Users/zipkero/XcodeProjects/ResourceRunner/ResourceRunner/ResourceRateGraph.swift (in target 'ResourceRunner' from project 'ResourceRunner')

SwiftCompile normal arm64 /Users/zipkero/XcodeProjects/ResourceRunner/ResourceRunner/ResourceActivityPresentation.swift (in target 'ResourceRunner' from project 'ResourceRunner')
    cd /Users/zipkero/XcodeProjects/ResourceRunner
    

SwiftCompile normal arm64 /Users/zipkero/XcodeProjects/ResourceRunner/ResourceRunner/ResourceQuantityFormatter.swift (in target 'ResourceRunner' from project 'ResourceRunner')
    cd /Users/zipkero/XcodeProjects/ResourceRunner
    

SwiftCompile normal arm64 /Users/zipkero/XcodeProjects/ResourceRunner/ResourceRunner/ResourceRateGraph.swift (in target 'ResourceRunner' from project 'ResourceRunner')
    cd /Users/zipkero/XcodeProjects/ResourceRunner
    

SwiftCompile normal arm64 Compiling\ SystemMetrics.swift,\ SystemMetricsSampleSource.swift,\ GeneratedAssetSymbols.swift /Users/zipkero/XcodeProjects/ResourceRunner/ResourceRunner/SystemMetrics.swift /Users/zipkero/XcodeProjects/ResourceRunner/ResourceRunner/SystemMetricsSampleSource.swift /tmp/ResourceRunner-M3-task010-ui/Build/Intermediates.noindex/ResourceRunner.build/Debug/ResourceRunner.build/DerivedSources/GeneratedAssetSymbols.swift (in target 'ResourceRunner' from project 'ResourceRunner')
SwiftCompile normal arm64 /Users/zipkero/XcodeProjects/ResourceRunner/ResourceRunner/SystemMetrics.swift (in target 'ResourceRunner' from project 'ResourceRunner')
    cd /Users/zipkero/XcodeProjects/ResourceRunner
    

SwiftCompile normal arm64 /Users/zipkero/XcodeProjects/ResourceRunner/ResourceRunner/SystemMetricsSampleSource.swift (in target 'ResourceRunner' from project 'ResourceRunner')
    cd /Users/zipkero/XcodeProjects/ResourceRunner
    

SwiftCompile normal arm64 /tmp/ResourceRunner-M3-task010-ui/Build/Intermediates.noindex/ResourceRunner.build/Debug/ResourceRunner.build/DerivedSources/GeneratedAssetSymbols.swift (in target 'ResourceRunner' from project 'ResourceRunner')
    cd /Users/zipkero/XcodeProjects/ResourceRunner
    

SwiftCompile normal arm64 Compiling\ StatusBarController.swift,\ StorageMetadata.swift,\ SystemLifecycleObserver.swift /Users/zipkero/XcodeProjects/ResourceRunner/ResourceRunner/StatusBarController.swift /Users/zipkero/XcodeProjects/ResourceRunner/ResourceRunner/StorageMetadata.swift /Users/zipkero/XcodeProjects/ResourceRunner/ResourceRunner/SystemLifecycleObserver.swift (in target 'ResourceRunner' from project 'ResourceRunner')
SwiftCompile normal arm64 /Users/zipkero/XcodeProjects/ResourceRunner/ResourceRunner/StatusBarController.swift (in target 'ResourceRunner' from project 'ResourceRunner')
    cd /Users/zipkero/XcodeProjects/ResourceRunner
    

SwiftCompile normal arm64 /Users/zipkero/XcodeProjects/ResourceRunner/ResourceRunner/StorageMetadata.swift (in target 'ResourceRunner' from project 'ResourceRunner')
    cd /Users/zipkero/XcodeProjects/ResourceRunner
    

SwiftCompile normal arm64 /Users/zipkero/XcodeProjects/ResourceRunner/ResourceRunner/SystemLifecycleObserver.swift (in target 'ResourceRunner' from project 'ResourceRunner')
    cd /Users/zipkero/XcodeProjects/ResourceRunner
    

SwiftCompile normal arm64 Compiling\ ProcessSurvey.swift,\ ProcessSurveyCollector.swift,\ ProcessSurveySampleSource.swift /Users/zipkero/XcodeProjects/ResourceRunner/ResourceRunner/ProcessSurvey.swift /Users/zipkero/XcodeProjects/ResourceRunner/ResourceRunner/ProcessSurveyCollector.swift /Users/zipkero/XcodeProjects/ResourceRunner/ResourceRunner/ProcessSurveySampleSource.swift (in target 'ResourceRunner' from project 'ResourceRunner')

SwiftCompile normal arm64 /Users/zipkero/XcodeProjects/ResourceRunner/ResourceRunner/ProcessSurvey.swift (in target 'ResourceRunner' from project 'ResourceRunner')
    cd /Users/zipkero/XcodeProjects/ResourceRunner
    

SwiftCompile normal arm64 /Users/zipkero/XcodeProjects/ResourceRunner/ResourceRunner/ProcessSurveyCollector.swift (in target 'ResourceRunner' from project 'ResourceRunner')
    cd /Users/zipkero/XcodeProjects/ResourceRunner
    

SwiftCompile normal arm64 /Users/zipkero/XcodeProjects/ResourceRunner/ResourceRunner/ProcessSurveySampleSource.swift (in target 'ResourceRunner' from project 'ResourceRunner')
    cd /Users/zipkero/XcodeProjects/ResourceRunner
    

SwiftEmitModule normal arm64 Emitting\ module\ for\ ResourceRunner (in target 'ResourceRunner' from project 'ResourceRunner')

EmitSwiftModule normal arm64 (in target 'ResourceRunner' from project 'ResourceRunner')
    cd /Users/zipkero/XcodeProjects/ResourceRunner
    

SwiftCompile normal arm64 Compiling\ MonitoringLifecycle.swift,\ MonitoringSampleStore.swift,\ MonitoringScheduler.swift /Users/zipkero/XcodeProjects/ResourceRunner/ResourceRunner/MonitoringLifecycle.swift /Users/zipkero/XcodeProjects/ResourceRunner/ResourceRunner/MonitoringSampleStore.swift /Users/zipkero/XcodeProjects/ResourceRunner/ResourceRunner/MonitoringScheduler.swift (in target 'ResourceRunner' from project 'ResourceRunner')

SwiftCompile normal arm64 /Users/zipkero/XcodeProjects/ResourceRunner/ResourceRunner/MonitoringLifecycle.swift (in target 'ResourceRunner' from project 'ResourceRunner')
    cd /Users/zipkero/XcodeProjects/ResourceRunner
    

SwiftCompile normal arm64 /Users/zipkero/XcodeProjects/ResourceRunner/ResourceRunner/MonitoringSampleStore.swift (in target 'ResourceRunner' from project 'ResourceRunner')
    cd /Users/zipkero/XcodeProjects/ResourceRunner
    

SwiftCompile normal arm64 /Users/zipkero/XcodeProjects/ResourceRunner/ResourceRunner/MonitoringScheduler.swift (in target 'ResourceRunner' from project 'ResourceRunner')
    cd /Users/zipkero/XcodeProjects/ResourceRunner
    

SwiftCompile normal arm64 Compiling\ ResourceRateGraphView.swift,\ ResourceRunnerApp.swift,\ ResourceTopologyObserver.swift /Users/zipkero/XcodeProjects/ResourceRunner/ResourceRunner/ResourceRateGraphView.swift /Users/zipkero/XcodeProjects/ResourceRunner/ResourceRunner/ResourceRunnerApp.swift /Users/zipkero/XcodeProjects/ResourceRunner/ResourceRunner/ResourceTopologyObserver.swift (in target 'ResourceRunner' from project 'ResourceRunner')

SwiftCompile normal arm64 /Users/zipkero/XcodeProjects/ResourceRunner/ResourceRunner/ResourceRateGraphView.swift (in target 'ResourceRunner' from project 'ResourceRunner')
    cd /Users/zipkero/XcodeProjects/ResourceRunner
    

SwiftCompile normal arm64 /Users/zipkero/XcodeProjects/ResourceRunner/ResourceRunner/ResourceRunnerApp.swift (in target 'ResourceRunner' from project 'ResourceRunner')
    cd /Users/zipkero/XcodeProjects/ResourceRunner
    

SwiftCompile normal arm64 /Users/zipkero/XcodeProjects/ResourceRunner/ResourceRunner/ResourceTopologyObserver.swift (in target 'ResourceRunner' from project 'ResourceRunner')
    cd /Users/zipkero/XcodeProjects/ResourceRunner
    

SwiftCompile normal arm64 Compiling\ DashboardColorPalette.swift,\ DashboardPresentation.swift,\ DashboardPresentationStore.swift /Users/zipkero/XcodeProjects/ResourceRunner/ResourceRunner/DashboardColorPalette.swift /Users/zipkero/XcodeProjects/ResourceRunner/ResourceRunner/DashboardPresentation.swift /Users/zipkero/XcodeProjects/ResourceRunner/ResourceRunner/DashboardPresentationStore.swift (in target 'ResourceRunner' from project 'ResourceRunner')

SwiftCompile normal arm64 /Users/zipkero/XcodeProjects/ResourceRunner/ResourceRunner/DashboardColorPalette.swift (in target 'ResourceRunner' from project 'ResourceRunner')
    cd /Users/zipkero/XcodeProjects/ResourceRunner
    

SwiftCompile normal arm64 /Users/zipkero/XcodeProjects/ResourceRunner/ResourceRunner/DashboardPresentation.swift (in target 'ResourceRunner' from project 'ResourceRunner')
    cd /Users/zipkero/XcodeProjects/ResourceRunner
    

SwiftCompile normal arm64 /Users/zipkero/XcodeProjects/ResourceRunner/ResourceRunner/DashboardPresentationStore.swift (in target 'ResourceRunner' from project 'ResourceRunner')
    cd /Users/zipkero/XcodeProjects/ResourceRunner
    

SwiftCompile normal arm64 Compiling\ DiskNativeAdapter.swift,\ DiskTopology.swift,\ MemorySystemMetricsCollector.swift /Users/zipkero/XcodeProjects/ResourceRunner/ResourceRunner/DiskNativeAdapter.swift /Users/zipkero/XcodeProjects/ResourceRunner/ResourceRunner/DiskTopology.swift /Users/zipkero/XcodeProjects/ResourceRunner/ResourceRunner/MemorySystemMetricsCollector.swift (in target 'ResourceRunner' from project 'ResourceRunner')

SwiftCompile normal arm64 /Users/zipkero/XcodeProjects/ResourceRunner/ResourceRunner/DiskNativeAdapter.swift (in target 'ResourceRunner' from project 'ResourceRunner')
    cd /Users/zipkero/XcodeProjects/ResourceRunner
    

SwiftCompile normal arm64 /Users/zipkero/XcodeProjects/ResourceRunner/ResourceRunner/DiskTopology.swift (in target 'ResourceRunner' from project 'ResourceRunner')
    cd /Users/zipkero/XcodeProjects/ResourceRunner
    

SwiftCompile normal arm64 /Users/zipkero/XcodeProjects/ResourceRunner/ResourceRunner/MemorySystemMetricsCollector.swift (in target 'ResourceRunner' from project 'ResourceRunner')
    cd /Users/zipkero/XcodeProjects/ResourceRunner
    

SwiftCompile normal arm64 Compiling\ CollectionDeliveryStore.swift,\ CollectionPipelines.swift,\ CPUActivityStateEvaluator.swift,\ CPUSystemMetricsCollector.swift /Users/zipkero/XcodeProjects/ResourceRunner/ResourceRunner/CollectionDeliveryStore.swift /Users/zipkero/XcodeProjects/ResourceRunner/ResourceRunner/CollectionPipelines.swift /Users/zipkero/XcodeProjects/ResourceRunner/ResourceRunner/CPUActivityStateEvaluator.swift /Users/zipkero/XcodeProjects/ResourceRunner/ResourceRunner/CPUSystemMetricsCollector.swift (in target 'ResourceRunner' from project 'ResourceRunner')

SwiftCompile normal arm64 /Users/zipkero/XcodeProjects/ResourceRunner/ResourceRunner/CollectionDeliveryStore.swift (in target 'ResourceRunner' from project 'ResourceRunner')
    cd /Users/zipkero/XcodeProjects/ResourceRunner
    

SwiftCompile normal arm64 /Users/zipkero/XcodeProjects/ResourceRunner/ResourceRunner/CollectionPipelines.swift (in target 'ResourceRunner' from project 'ResourceRunner')
    cd /Users/zipkero/XcodeProjects/ResourceRunner
    

SwiftCompile normal arm64 /Users/zipkero/XcodeProjects/ResourceRunner/ResourceRunner/CPUActivityStateEvaluator.swift (in target 'ResourceRunner' from project 'ResourceRunner')
    cd /Users/zipkero/XcodeProjects/ResourceRunner
    

SwiftCompile normal arm64 /Users/zipkero/XcodeProjects/ResourceRunner/ResourceRunner/CPUSystemMetricsCollector.swift (in target 'ResourceRunner' from project 'ResourceRunner')
    cd /Users/zipkero/XcodeProjects/ResourceRunner
    

SwiftCompile normal arm64 Compiling\ AppDelegate.swift,\ ApplicationCoordinator.swift,\ ApplicationIconCache.swift,\ ApplicationRanking.swift /Users/zipkero/XcodeProjects/ResourceRunner/ResourceRunner/AppDelegate.swift /Users/zipkero/XcodeProjects/ResourceRunner/ResourceRunner/ApplicationCoordinator.swift /Users/zipkero/XcodeProjects/ResourceRunner/ResourceRunner/ApplicationIconCache.swift /Users/zipkero/XcodeProjects/ResourceRunner/ResourceRunner/ApplicationRanking.swift (in target 'ResourceRunner' from project 'ResourceRunner')

SwiftCompile normal arm64 /Users/zipkero/XcodeProjects/ResourceRunner/ResourceRunner/AppDelegate.swift (in target 'ResourceRunner' from project 'ResourceRunner')
    cd /Users/zipkero/XcodeProjects/ResourceRunner
    

SwiftCompile normal arm64 /Users/zipkero/XcodeProjects/ResourceRunner/ResourceRunner/ApplicationCoordinator.swift (in target 'ResourceRunner' from project 'ResourceRunner')
    cd /Users/zipkero/XcodeProjects/ResourceRunner
    

SwiftCompile normal arm64 /Users/zipkero/XcodeProjects/ResourceRunner/ResourceRunner/ApplicationIconCache.swift (in target 'ResourceRunner' from project 'ResourceRunner')
    cd /Users/zipkero/XcodeProjects/ResourceRunner
    

SwiftCompile normal arm64 /Users/zipkero/XcodeProjects/ResourceRunner/ResourceRunner/ApplicationRanking.swift (in target 'ResourceRunner' from project 'ResourceRunner')
    cd /Users/zipkero/XcodeProjects/ResourceRunner
    

SwiftCompile normal arm64 Compiling\ NetworkActivity.swift,\ NetworkDashboardView.swift,\ NetworkMetadata.swift /Users/zipkero/XcodeProjects/ResourceRunner/ResourceRunner/NetworkActivity.swift /Users/zipkero/XcodeProjects/ResourceRunner/ResourceRunner/NetworkDashboardView.swift /Users/zipkero/XcodeProjects/ResourceRunner/ResourceRunner/NetworkMetadata.swift (in target 'ResourceRunner' from project 'ResourceRunner')

SwiftCompile normal arm64 /Users/zipkero/XcodeProjects/ResourceRunner/ResourceRunner/NetworkActivity.swift (in target 'ResourceRunner' from project 'ResourceRunner')
    cd /Users/zipkero/XcodeProjects/ResourceRunner
    

SwiftCompile normal arm64 /Users/zipkero/XcodeProjects/ResourceRunner/ResourceRunner/NetworkDashboardView.swift (in target 'ResourceRunner' from project 'ResourceRunner')
    cd /Users/zipkero/XcodeProjects/ResourceRunner
    

SwiftCompile normal arm64 /Users/zipkero/XcodeProjects/ResourceRunner/ResourceRunner/NetworkMetadata.swift (in target 'ResourceRunner' from project 'ResourceRunner')
    cd /Users/zipkero/XcodeProjects/ResourceRunner
    

SwiftCompile normal arm64 Compiling\ ApplicationRowIcon.swift,\ AuxiliaryCollectionScheduler.swift,\ CharacterStateSource.swift,\ CollectionAdmission.swift /Users/zipkero/XcodeProjects/ResourceRunner/ResourceRunner/ApplicationRowIcon.swift /Users/zipkero/XcodeProjects/ResourceRunner/ResourceRunner/AuxiliaryCollectionScheduler.swift /Users/zipkero/XcodeProjects/ResourceRunner/ResourceRunner/CharacterStateSource.swift /Users/zipkero/XcodeProjects/ResourceRunner/ResourceRunner/CollectionAdmission.swift (in target 'ResourceRunner' from project 'ResourceRunner')

SwiftCompile normal arm64 /Users/zipkero/XcodeProjects/ResourceRunner/ResourceRunner/ApplicationRowIcon.swift (in target 'ResourceRunner' from project 'ResourceRunner')
    cd /Users/zipkero/XcodeProjects/ResourceRunner
    

SwiftCompile normal arm64 /Users/zipkero/XcodeProjects/ResourceRunner/ResourceRunner/AuxiliaryCollectionScheduler.swift (in target 'ResourceRunner' from project 'ResourceRunner')
    cd /Users/zipkero/XcodeProjects/ResourceRunner
    

SwiftCompile normal arm64 /Users/zipkero/XcodeProjects/ResourceRunner/ResourceRunner/CharacterStateSource.swift (in target 'ResourceRunner' from project 'ResourceRunner')
    cd /Users/zipkero/XcodeProjects/ResourceRunner
    

SwiftCompile normal arm64 /Users/zipkero/XcodeProjects/ResourceRunner/ResourceRunner/CollectionAdmission.swift (in target 'ResourceRunner' from project 'ResourceRunner')
    cd /Users/zipkero/XcodeProjects/ResourceRunner
    

SwiftCompile normal arm64 Compiling\ DashboardStyle.swift,\ DashboardView.swift,\ DiskActivity.swift /Users/zipkero/XcodeProjects/ResourceRunner/ResourceRunner/DashboardStyle.swift /Users/zipkero/XcodeProjects/ResourceRunner/ResourceRunner/DashboardView.swift /Users/zipkero/XcodeProjects/ResourceRunner/ResourceRunner/DiskActivity.swift (in target 'ResourceRunner' from project 'ResourceRunner')
SwiftCompile normal arm64 /Users/zipkero/XcodeProjects/ResourceRunner/ResourceRunner/DashboardStyle.swift (in target 'ResourceRunner' from project 'ResourceRunner')
    cd /Users/zipkero/XcodeProjects/ResourceRunner
    

SwiftCompile normal arm64 /Users/zipkero/XcodeProjects/ResourceRunner/ResourceRunner/DashboardView.swift (in target 'ResourceRunner' from project 'ResourceRunner')
    cd /Users/zipkero/XcodeProjects/ResourceRunner
    
/Users/zipkero/XcodeProjects/ResourceRunner/ResourceRunner/DashboardView.swift:228:17: warning: '+' was deprecated in macOS 26.0: Use string interpolation on `Text` instead: `Text("Hello \(name)")`
                + Text("\(Int(lastKnown.presentation.overallUsage.rounded()))\(CPUCardPresentation.overallUsageUnitLabel)")
                ^
/Users/zipkero/XcodeProjects/ResourceRunner/ResourceRunner/DashboardView.swift:235:17: warning: '+' was deprecated in macOS 26.0: Use string interpolation on `Text` instead: `Text("Hello \(name)")`
                + Text("\(Int(lastKnown.presentation.overallUsage.rounded()))\(CPUCardPresentation.overallUsageUnitLabel)")
                ^
/Users/zipkero/XcodeProjects/ResourceRunner/ResourceRunner/DashboardView.swift:265:29: warning: '+' was deprecated in macOS 26.0: Use string interpolation on `Text` instead: `Text("Hello \(name)")`
                            + Text(entry.valueText).dashboardTypography(DashboardStyle.TypographyRole.value)
                            ^
/Users/zipkero/XcodeProjects/ResourceRunner/ResourceRunner/DashboardView.swift:437:17: warning: '+' was deprecated in macOS 26.0: Use string interpolation on `Text` instead: `Text("Hello \(name)")`
                + Text(" / \(DashboardValueColumn.byteText(presentation.totalPhysicalBytes))")
                ^
/Users/zipkero/XcodeProjects/ResourceRunner/ResourceRunner/DashboardView.swift:444:17: warning: '+' was deprecated in macOS 26.0: Use string interpolation on `Text` instead: `Text("Hello \(name)")`
                + Text(DashboardValueColumn.byteText(lastKnown.presentation.usedBytes))
                ^
/Users/zipkero/XcodeProjects/ResourceRunner/ResourceRunner/DashboardView.swift:451:17: warning: '+' was deprecated in macOS 26.0: Use string interpolation on `Text` instead: `Text("Hello \(name)")`
                + Text(DashboardValueColumn.byteText(lastKnown.presentation.usedBytes))
                ^
/Users/zipkero/XcodeProjects/ResourceRunner/ResourceRunner/DashboardView.swift:476:29: warning: '+' was deprecated in macOS 26.0: Use string interpolation on `Text` instead: `Text("Hello \(name)")`
                return line + Text(Image(systemName: name))
                            ^
/Users/zipkero/XcodeProjects/ResourceRunner/ResourceRunner/DashboardView.swift:478:29: warning: '+' was deprecated in macOS 26.0: Use string interpolation on `Text` instead: `Text("Hello \(name)")`
                return line + Text(" \(text)")
                            ^
/Users/zipkero/XcodeProjects/ResourceRunner/ResourceRunner/DashboardView.swift:480:29: warning: '+' was deprecated in macOS 26.0: Use string interpolation on `Text` instead: `Text("Hello \(name)")`
                return line + Text(" · ")
/Users/zipkero/XcodeProjects/ResourceRunner/ResourceRunner/DashboardView.swift:482:29: warning: '+' was deprecated in macOS 26.0: Use string interpolation on `Text` instead: `Text("Hello \(name)")`
                return line + Text("Swap \(text)")
                            ^
/Users/zipkero/XcodeProjects/ResourceRunner/ResourceRunner/DashboardView.swift:484:29: warning: '+' was deprecated in macOS 26.0: Use string interpolation on `Text` instead: `Text("Hello \(name)")`
                return line + Text(" (\(text))")
                            ^
/Users/zipkero/XcodeProjects/ResourceRunner/ResourceRunner/DashboardView.swift:486:29: warning: '+' was deprecated in macOS 26.0: Use string interpolation on `Text` instead: `Text("Hello \(name)")`
                return line + Text("구성 \(text)")
/Users/zipkero/XcodeProjects/ResourceRunner/ResourceRunner/DashboardView.swift:506:29: warning: '+' was deprecated in macOS 26.0: Use string interpolation on `Text` instead: `Text("Hello \(name)")`
                return line + Text(Image(systemName: "square.fill"))
                            ^
/Users/zipkero/XcodeProjects/ResourceRunner/ResourceRunner/DashboardView.swift:509:29: warning: '+' was deprecated in macOS 26.0: Use string interpolation on `Text` instead: `Text("Hello \(name)")`
                return line + Text(" \(text)")
                            ^
/Users/zipkero/XcodeProjects/ResourceRunner/ResourceRunner/DashboardView.swift:511:29: warning: '+' was deprecated in macOS 26.0: Use string interpolation on `Text` instead: `Text("Hello \(name)")`
                return line + Text("  ")
                            ^
/Users/zipkero/XcodeProjects/ResourceRunner/ResourceRunner/DashboardView.swift:1160:25: warning: '+' was deprecated in macOS 26.0: Use string interpolation on `Text` instead: `Text("Hello \(name)")`
                        + Text("\(fmt(load.oneMinute)) / \(fmt(load.fiveMinutes)) / \(fmt(load.fifteenMinutes))")
                        ^

SwiftCompile normal arm64 /Users/zipkero/XcodeProjects/ResourceRunner/ResourceRunner/DiskActivity.swift (in target 'ResourceRunner' from project 'ResourceRunner')
    cd /Users/zipkero/XcodeProjects/ResourceRunner
    

SwiftCompile normal arm64 Compiling\ NetworkNativeAdapter.swift,\ NetworkTopology.swift,\ ProcessHistoryStore.swift /Users/zipkero/XcodeProjects/ResourceRunner/ResourceRunner/NetworkNativeAdapter.swift /Users/zipkero/XcodeProjects/ResourceRunner/ResourceRunner/NetworkTopology.swift /Users/zipkero/XcodeProjects/ResourceRunner/ResourceRunner/ProcessHistoryStore.swift (in target 'ResourceRunner' from project 'ResourceRunner')

SwiftCompile normal arm64 /Users/zipkero/XcodeProjects/ResourceRunner/ResourceRunner/NetworkNativeAdapter.swift (in target 'ResourceRunner' from project 'ResourceRunner')
    cd /Users/zipkero/XcodeProjects/ResourceRunner
    

SwiftCompile normal arm64 /Users/zipkero/XcodeProjects/ResourceRunner/ResourceRunner/NetworkTopology.swift (in target 'ResourceRunner' from project 'ResourceRunner')
    cd /Users/zipkero/XcodeProjects/ResourceRunner
    

SwiftCompile normal arm64 /Users/zipkero/XcodeProjects/ResourceRunner/ResourceRunner/ProcessHistoryStore.swift (in target 'ResourceRunner' from project 'ResourceRunner')
    cd /Users/zipkero/XcodeProjects/ResourceRunner
    

SwiftDriverJobDiscovery normal arm64 Emitting module for ResourceRunner (in target 'ResourceRunner' from project 'ResourceRunner')

SwiftDriver\ Compilation\ Requirements ResourceRunner normal arm64 com.apple.xcode.tools.swift.compiler (in target 'ResourceRunner' from project 'ResourceRunner')
    cd /Users/zipkero/XcodeProjects/ResourceRunner
    builtin-Swift-Compilation-Requirements -- /Applications/Xcode.app/Contents/Developer/Toolchains/XcodeDefault.xctoolchain/usr/bin/swiftc -module-name ResourceRunner -Onone @/tmp/ResourceRunner-M3-task010-ui/Build/Intermediates.noindex/ResourceRunner.build/Debug/ResourceRunner.build/Objects-normal/arm64/ResourceRunner.SwiftFileList -DDEBUG -default-isolation\=MainActor -enable-bare-slash-regex -enable-upcoming-feature DisableOutwardActorInference -enable-upcoming-feature InferSendableFromCaptures -enable-upcoming-feature GlobalActorIsolatedTypesUsability -enable-upcoming-feature MemberImportVisibility -enable-upcoming-feature InferIsolatedConformances -enable-upcoming-feature NonisolatedNonsendingByDefault -enable-experimental-feature DebugDescriptionMacro -sdk /Applications/Xcode.app/Contents/Developer/Platforms/MacOSX.platform/Developer/SDKs/MacOSX26.5.sdk -target arm64-apple-macos26.5 -g -module-cache-path /tmp/ResourceRunner-M3-task010-ui/ModuleCache.noindex -Xfrontend -serialize-debugging-options -profile-coverage-mapping -profile-generate -enable-testing -index-store-path /tmp/ResourceRunner-M3-task010-ui/Index.noindex/DataStore -Xcc -D_LIBCPP_HARDENING_MODE\=_LIBCPP_HARDENING_MODE_DEBUG -swift-version 5 -I /tmp/ResourceRunner-M3-task010-ui/Build/Products/Debug -F /tmp/ResourceRunner-M3-task010-ui/Build/Products/Debug -emit-localized-strings -emit-localized-strings-path /tmp/ResourceRunner-M3-task010-ui/Build/Intermediates.noindex/ResourceRunner.build/Debug/ResourceRunner.build/Objects-normal/arm64 -c -j14 -enable-batch-mode -incremental -Xcc -ivfsstatcache -Xcc /tmp/ResourceRunner-M3-task010-ui/SDKStatCaches.noindex/macosx26.5-25F70-e082c4a02f00227109f4ed75e425c832.sdkstatcache -output-file-map /tmp/ResourceRunner-M3-task010-ui/Build/Intermediates.noindex/ResourceRunner.build/Debug/ResourceRunner.build/Objects-normal/arm64/ResourceRunner-OutputFileMap.json -use-frontend-parseable-output -save-temps -no-color-diagnostics -explicit-module-build -module-cache-path /tmp/ResourceRunner-M3-task010-ui/Build/Intermediates.noindex/SwiftExplicitPrecompiledModules -clang-scanner-module-cache-path /tmp/ResourceRunner-M3-task010-ui/ModuleCache.noindex -sdk-module-cache-path /tmp/ResourceRunner-M3-task010-ui/ModuleCache.noindex -serialize-diagnostics -emit-dependencies -emit-module -emit-module-path /tmp/ResourceRunner-M3-task010-ui/Build/Intermediates.noindex/ResourceRunner.build/Debug/ResourceRunner.build/Objects-normal/arm64/ResourceRunner.swiftmodule -validate-clang-modules-once -clang-build-session-file /tmp/ResourceRunner-M3-task010-ui/ModuleCache.noindex/Session.modulevalidation -Xcc -I/tmp/ResourceRunner-M3-task010-ui/Build/Intermediates.noindex/ResourceRunner.build/Debug/ResourceRunner.build/swift-overrides.hmap -emit-const-values -Xfrontend -const-gather-protocols-file -Xfrontend /tmp/ResourceRunner-M3-task010-ui/Build/Intermediates.noindex/ResourceRunner.build/Debug/ResourceRunner.build/Objects-normal/arm64/ResourceRunner_const_extract_protocols.json -Xcc -iquote -Xcc /tmp/ResourceRunner-M3-task010-ui/Build/Intermediates.noindex/ResourceRunner.build/Debug/ResourceRunner.build/ResourceRunner-generated-files.hmap -Xcc -I/tmp/ResourceRunner-M3-task010-ui/Build/Intermediates.noindex/ResourceRunner.build/Debug/ResourceRunner.build/ResourceRunner-own-target-headers.hmap -Xcc -I/tmp/ResourceRunner-M3-task010-ui/Build/Intermediates.noindex/ResourceRunner.build/Debug/ResourceRunner.build/ResourceRunner-all-target-headers.hmap -Xcc -iquote -Xcc /tmp/ResourceRunner-M3-task010-ui/Build/Intermediates.noindex/ResourceRunner.build/Debug/ResourceRunner.build/ResourceRunner-project-headers.hmap -Xcc -I/tmp/ResourceRunner-M3-task010-ui/Build/Products/Debug/include -Xcc -I/tmp/ResourceRunner-M3-task010-ui/Build/Intermediates.noindex/ResourceRunner.build/Debug/ResourceRunner.build/DerivedSources-normal/arm64 -Xcc -I/tmp/ResourceRunner-M3-task010-ui/Build/Intermediates.noindex/ResourceRunner.build/Debug/ResourceRunner.build/DerivedSources/arm64 -Xcc -I/tmp/ResourceRunner-M3-task010-ui/Build/Intermediates.noindex/ResourceRunner.build/Debug/ResourceRunner.build/DerivedSources -Xcc -DDEBUG\=1 -emit-objc-header -emit-objc-header-path /tmp/ResourceRunner-M3-task010-ui/Build/Intermediates.noindex/ResourceRunner.build/Debug/ResourceRunner.build/Objects-normal/arm64/ResourceRunner-Swift.h -working-directory /Users/zipkero/XcodeProjects/ResourceRunner -experimental-emit-module-separately -disable-cmo

SwiftDriverJobDiscovery normal arm64 Compiling DiskNativeAdapter.swift, DiskTopology.swift, MemorySystemMetricsCollector.swift (in target 'ResourceRunner' from project 'ResourceRunner')

SwiftDriverJobDiscovery normal arm64 Compiling CollectionDeliveryStore.swift, CollectionPipelines.swift, CPUActivityStateEvaluator.swift, CPUSystemMetricsCollector.swift (in target 'ResourceRunner' from project 'ResourceRunner')

SwiftDriverJobDiscovery normal arm64 Compiling ProcessSurvey.swift, ProcessSurveyCollector.swift, ProcessSurveySampleSource.swift (in target 'ResourceRunner' from project 'ResourceRunner')

SwiftDriverJobDiscovery normal arm64 Compiling MonitoringLifecycle.swift, MonitoringSampleStore.swift, MonitoringScheduler.swift (in target 'ResourceRunner' from project 'ResourceRunner')

SwiftDriverJobDiscovery normal arm64 Compiling ResourceActivityPresentation.swift, ResourceQuantityFormatter.swift, ResourceRateGraph.swift (in target 'ResourceRunner' from project 'ResourceRunner')

SwiftMergeGeneratedHeaders /tmp/ResourceRunner-M3-task010-ui/Build/Intermediates.noindex/ResourceRunner.build/Debug/ResourceRunner.build/DerivedSources/ResourceRunner-Swift.h /tmp/ResourceRunner-M3-task010-ui/Build/Intermediates.noindex/ResourceRunner.build/Debug/ResourceRunner.build/Objects-normal/arm64/ResourceRunner-Swift.h (in target 'ResourceRunner' from project 'ResourceRunner')
    cd /Users/zipkero/XcodeProjects/ResourceRunner
    builtin-swiftHeaderTool -arch arm64 /tmp/ResourceRunner-M3-task010-ui/Build/Intermediates.noindex/ResourceRunner.build/Debug/ResourceRunner.build/Objects-normal/arm64/ResourceRunner-Swift.h -o /tmp/ResourceRunner-M3-task010-ui/Build/Intermediates.noindex/ResourceRunner.build/Debug/ResourceRunner.build/DerivedSources/ResourceRunner-Swift.h

Copy /tmp/ResourceRunner-M3-task010-ui/Build/Products/Debug/ResourceRunner.swiftmodule/arm64-apple-macos.swiftmodule /tmp/ResourceRunner-M3-task010-ui/Build/Intermediates.noindex/ResourceRunner.build/Debug/ResourceRunner.build/Objects-normal/arm64/ResourceRunner.swiftmodule (in target 'ResourceRunner' from project 'ResourceRunner')
    cd /Users/zipkero/XcodeProjects/ResourceRunner
    builtin-copy -exclude .DS_Store -exclude CVS -exclude .svn -exclude .git -exclude .hg -resolve-src-symlinks -rename /tmp/ResourceRunner-M3-task010-ui/Build/Intermediates.noindex/ResourceRunner.build/Debug/ResourceRunner.build/Objects-normal/arm64/ResourceRunner.swiftmodule /tmp/ResourceRunner-M3-task010-ui/Build/Products/Debug/ResourceRunner.swiftmodule/arm64-apple-macos.swiftmodule

Copy /tmp/ResourceRunner-M3-task010-ui/Build/Products/Debug/ResourceRunner.swiftmodule/arm64-apple-macos.swiftdoc /tmp/ResourceRunner-M3-task010-ui/Build/Intermediates.noindex/ResourceRunner.build/Debug/ResourceRunner.build/Objects-normal/arm64/ResourceRunner.swiftdoc (in target 'ResourceRunner' from project 'ResourceRunner')
    cd /Users/zipkero/XcodeProjects/ResourceRunner
    builtin-copy -exclude .DS_Store -exclude CVS -exclude .svn -exclude .git -exclude .hg -resolve-src-symlinks -rename /tmp/ResourceRunner-M3-task010-ui/Build/Intermediates.noindex/ResourceRunner.build/Debug/ResourceRunner.build/Objects-normal/arm64/ResourceRunner.swiftdoc /tmp/ResourceRunner-M3-task010-ui/Build/Products/Debug/ResourceRunner.swiftmodule/arm64-apple-macos.swiftdoc

Copy /tmp/ResourceRunner-M3-task010-ui/Build/Products/Debug/ResourceRunner.swiftmodule/Project/arm64-apple-macos.swiftsourceinfo /tmp/ResourceRunner-M3-task010-ui/Build/Intermediates.noindex/ResourceRunner.build/Debug/ResourceRunner.build/Objects-normal/arm64/ResourceRunner.swiftsourceinfo (in target 'ResourceRunner' from project 'ResourceRunner')
    cd /Users/zipkero/XcodeProjects/ResourceRunner
    builtin-copy -exclude .DS_Store -exclude CVS -exclude .svn -exclude .git -exclude .hg -resolve-src-symlinks -rename /tmp/ResourceRunner-M3-task010-ui/Build/Intermediates.noindex/ResourceRunner.build/Debug/ResourceRunner.build/Objects-normal/arm64/ResourceRunner.swiftsourceinfo /tmp/ResourceRunner-M3-task010-ui/Build/Products/Debug/ResourceRunner.swiftmodule/Project/arm64-apple-macos.swiftsourceinfo

Copy /tmp/ResourceRunner-M3-task010-ui/Build/Products/Debug/ResourceRunner.swiftmodule/arm64-apple-macos.abi.json /tmp/ResourceRunner-M3-task010-ui/Build/Intermediates.noindex/ResourceRunner.build/Debug/ResourceRunner.build/Objects-normal/arm64/ResourceRunner.abi.json (in target 'ResourceRunner' from project 'ResourceRunner')
    cd /Users/zipkero/XcodeProjects/ResourceRunner
    builtin-copy -exclude .DS_Store -exclude CVS -exclude .svn -exclude .git -exclude .hg -resolve-src-symlinks -rename /tmp/ResourceRunner-M3-task010-ui/Build/Intermediates.noindex/ResourceRunner.build/Debug/ResourceRunner.build/Objects-normal/arm64/ResourceRunner.abi.json /tmp/ResourceRunner-M3-task010-ui/Build/Products/Debug/ResourceRunner.swiftmodule/arm64-apple-macos.abi.json

ProcessProductPackaging "" /tmp/ResourceRunner-M3-task010-ui/Build/Intermediates.noindex/ResourceRunner.build/Debug/ResourceRunnerUITests.build/ResourceRunnerUITests.xctest.xcent (in target 'ResourceRunnerUITests' from project 'ResourceRunner')
    cd /Users/zipkero/XcodeProjects/ResourceRunner
    
    Entitlements:
    
    {
    "com.apple.application-identifier" = "com.zipkero.ResourceRunnerUITests.xctrunner";
    "com.apple.security.app-sandbox" = 1;
    "com.apple.security.get-task-allow" = 1;
    "com.apple.security.network.client" = 1;
    "com.apple.security.temporary-exception.files.absolute-path.read-only" =     (
        "/"
    );
    "com.apple.security.temporary-exception.mach-lookup.global-name" =     (
        "com.apple.testmanagerd",
        "com.apple.dt.testmanagerd.runner",
        "com.apple.coresymbolicationd",
        "com.apple.coredevice.version",
        "com.apple.coredevice.service",
        "com.apple.remoted"
    );
    "com.apple.security.temporary-exception.mach-lookup.local-name" =     (
        "com.apple.axserver"
    );
    "com.apple.security.temporary-exception.sbpl" =     (
        "(allow hid-control)",
        "(allow signal)"
    );
}
    
    builtin-productPackagingUtility -entitlements -format xml -o /tmp/ResourceRunner-M3-task010-ui/Build/Intermediates.noindex/ResourceRunner.build/Debug/ResourceRunnerUITests.build/ResourceRunnerUITests.xctest.xcent

ProcessProductPackagingDER /tmp/ResourceRunner-M3-task010-ui/Build/Intermediates.noindex/ResourceRunner.build/Debug/ResourceRunnerUITests.build/ResourceRunnerUITests.xctest.xcent /tmp/ResourceRunner-M3-task010-ui/Build/Intermediates.noindex/ResourceRunner.build/Debug/ResourceRunnerUITests.build/ResourceRunnerUITests.xctest.xcent.der (in target 'ResourceRunnerUITests' from project 'ResourceRunner')
    cd /Users/zipkero/XcodeProjects/ResourceRunner
    /usr/bin/derq query -f xml -i /tmp/ResourceRunner-M3-task010-ui/Build/Intermediates.noindex/ResourceRunner.build/Debug/ResourceRunnerUITests.build/ResourceRunnerUITests.xctest.xcent -o /tmp/ResourceRunner-M3-task010-ui/Build/Intermediates.noindex/ResourceRunner.build/Debug/ResourceRunnerUITests.build/ResourceRunnerUITests.xctest.xcent.der --raw

SwiftDriver ResourceRunnerTests normal arm64 com.apple.xcode.tools.swift.compiler (in target 'ResourceRunnerTests' from project 'ResourceRunner')
    cd /Users/zipkero/XcodeProjects/ResourceRunner
    builtin-SwiftDriver -- /Applications/Xcode.app/Contents/Developer/Toolchains/XcodeDefault.xctoolchain/usr/bin/swiftc -module-name ResourceRunnerTests -Onone @/tmp/ResourceRunner-M3-task010-ui/Build/Intermediates.noindex/ResourceRunner.build/Debug/ResourceRunnerTests.build/Objects-normal/arm64/ResourceRunnerTests.SwiftFileList -DDEBUG -plugin-path /Applications/Xcode.app/Contents/Developer/Toolchains/XcodeDefault.xctoolchain/usr/lib/swift/host/plugins/testing -enable-bare-slash-regex -enable-upcoming-feature DisableOutwardActorInference -enable-upcoming-feature InferSendableFromCaptures -enable-upcoming-feature GlobalActorIsolatedTypesUsability -enable-upcoming-feature MemberImportVisibility -enable-upcoming-feature InferIsolatedConformances -enable-upcoming-feature NonisolatedNonsendingByDefault -enable-experimental-feature DebugDescriptionMacro -sdk /Applications/Xcode.app/Contents/Developer/Platforms/MacOSX.platform/Developer/SDKs/MacOSX26.5.sdk -target arm64-apple-macos26.5 -g -module-cache-path /tmp/ResourceRunner-M3-task010-ui/ModuleCache.noindex -Xfrontend -serialize-debugging-options -profile-coverage-mapping -profile-generate -enable-testing -index-store-path /tmp/ResourceRunner-M3-task010-ui/Index.noindex/DataStore -Xcc -D_LIBCPP_HARDENING_MODE\=_LIBCPP_HARDENING_MODE_DEBUG -swift-version 5 -I /tmp/ResourceRunner-M3-task010-ui/Build/Products/Debug -Isystem /Applications/Xcode.app/Contents/Developer/Platforms/MacOSX.platform/Developer/usr/lib -F /tmp/ResourceRunner-M3-task010-ui/Build/Products/Debug -F /Applications/Xcode.app/Contents/Developer/Platforms/MacOSX.platform/Developer/Library/Frameworks -c -j14 -enable-batch-mode -incremental -Xcc -ivfsstatcache -Xcc /tmp/ResourceRunner-M3-task010-ui/SDKStatCaches.noindex/macosx26.5-25F70-e082c4a02f00227109f4ed75e425c832.sdkstatcache -output-file-map /tmp/ResourceRunner-M3-task010-ui/Build/Intermediates.noindex/ResourceRunner.build/Debug/ResourceRunnerTests.build/Objects-normal/arm64/ResourceRunnerTests-OutputFileMap.json -use-frontend-parseable-output -save-temps -no-color-diagnostics -explicit-module-build -module-cache-path /tmp/ResourceRunner-M3-task010-ui/Build/Intermediates.noindex/SwiftExplicitPrecompiledModules -clang-scanner-module-cache-path /tmp/ResourceRunner-M3-task010-ui/ModuleCache.noindex -sdk-module-cache-path /tmp/ResourceRunner-M3-task010-ui/ModuleCache.noindex -serialize-diagnostics -emit-dependencies -emit-module -emit-module-path /tmp/ResourceRunner-M3-task010-ui/Build/Intermediates.noindex/ResourceRunner.build/Debug/ResourceRunnerTests.build/Objects-normal/arm64/ResourceRunnerTests.swiftmodule -validate-clang-modules-once -clang-build-session-file /tmp/ResourceRunner-M3-task010-ui/ModuleCache.noindex/Session.modulevalidation -Xcc -I/tmp/ResourceRunner-M3-task010-ui/Build/Intermediates.noindex/ResourceRunner.build/Debug/ResourceRunnerTests.build/swift-overrides.hmap -emit-const-values -Xfrontend -const-gather-protocols-file -Xfrontend /tmp/ResourceRunner-M3-task010-ui/Build/Intermediates.noindex/ResourceRunner.build/Debug/ResourceRunnerTests.build/Objects-normal/arm64/ResourceRunnerTests_const_extract_protocols.json -Xcc -iquote -Xcc /tmp/ResourceRunner-M3-task010-ui/Build/Intermediates.noindex/ResourceRunner.build/Debug/ResourceRunnerTests.build/ResourceRunnerTests-generated-files.hmap -Xcc -I/tmp/ResourceRunner-M3-task010-ui/Build/Intermediates.noindex/ResourceRunner.build/Debug/ResourceRunnerTests.build/ResourceRunnerTests-own-target-headers.hmap -Xcc -I/tmp/ResourceRunner-M3-task010-ui/Build/Intermediates.noindex/ResourceRunner.build/Debug/ResourceRunnerTests.build/ResourceRunnerTests-all-target-headers.hmap -Xcc -iquote -Xcc /tmp/ResourceRunner-M3-task010-ui/Build/Intermediates.noindex/ResourceRunner.build/Debug/ResourceRunnerTests.build/ResourceRunnerTests-project-headers.hmap -Xcc -I/tmp/ResourceRunner-M3-task010-ui/Build/Products/Debug/include -Xcc -I/tmp/ResourceRunner-M3-task010-ui/Build/Intermediates.noindex/ResourceRunner.build/Debug/ResourceRunnerTests.build/DerivedSources-normal/arm64 -Xcc -I/tmp/ResourceRunner-M3-task010-ui/Build/Intermediates.noindex/ResourceRunner.build/Debug/ResourceRunnerTests.build/DerivedSources/arm64 -Xcc -I/tmp/ResourceRunner-M3-task010-ui/Build/Intermediates.noindex/ResourceRunner.build/Debug/ResourceRunnerTests.build/DerivedSources -Xcc -DDEBUG\=1 -emit-objc-header -emit-objc-header-path /tmp/ResourceRunner-M3-task010-ui/Build/Intermediates.noindex/ResourceRunner.build/Debug/ResourceRunnerTests.build/Objects-normal/arm64/ResourceRunnerTests-Swift.h -working-directory /Users/zipkero/XcodeProjects/ResourceRunner -experimental-emit-module-separately -disable-cmo

SwiftDriver ResourceRunnerUITests normal arm64 com.apple.xcode.tools.swift.compiler (in target 'ResourceRunnerUITests' from project 'ResourceRunner')
    cd /Users/zipkero/XcodeProjects/ResourceRunner
    builtin-SwiftDriver -- /Applications/Xcode.app/Contents/Developer/Toolchains/XcodeDefault.xctoolchain/usr/bin/swiftc -module-name ResourceRunnerUITests -Onone @/tmp/ResourceRunner-M3-task010-ui/Build/Intermediates.noindex/ResourceRunner.build/Debug/ResourceRunnerUITests.build/Objects-normal/arm64/ResourceRunnerUITests.SwiftFileList -DDEBUG -module-alias Testing\=_Testing_Unavailable -plugin-path /Applications/Xcode.app/Contents/Developer/Toolchains/XcodeDefault.xctoolchain/usr/lib/swift/host/plugins/testing -enable-bare-slash-regex -enable-upcoming-feature DisableOutwardActorInference -enable-upcoming-feature InferSendableFromCaptures -enable-upcoming-feature GlobalActorIsolatedTypesUsability -enable-upcoming-feature MemberImportVisibility -enable-upcoming-feature InferIsolatedConformances -enable-upcoming-feature NonisolatedNonsendingByDefault -enable-experimental-feature DebugDescriptionMacro -sdk /Applications/Xcode.app/Contents/Developer/Platforms/MacOSX.platform/Developer/SDKs/MacOSX26.5.sdk -target arm64-apple-macos26.5 -g -module-cache-path /tmp/ResourceRunner-M3-task010-ui/ModuleCache.noindex -Xfrontend -serialize-debugging-options -profile-coverage-mapping -profile-generate -enable-testing -index-store-path /tmp/ResourceRunner-M3-task010-ui/Index.noindex/DataStore -Xcc -D_LIBCPP_HARDENING_MODE\=_LIBCPP_HARDENING_MODE_DEBUG -swift-version 5 -I /tmp/ResourceRunner-M3-task010-ui/Build/Products/Debug -Isystem /Applications/Xcode.app/Contents/Developer/Platforms/MacOSX.platform/Developer/usr/lib -F /tmp/ResourceRunner-M3-task010-ui/Build/Products/Debug -F /Applications/Xcode.app/Contents/Developer/Platforms/MacOSX.platform/Developer/Library/Frameworks -c -j14 -enable-batch-mode -incremental -Xcc -ivfsstatcache -Xcc /tmp/ResourceRunner-M3-task010-ui/SDKStatCaches.noindex/macosx26.5-25F70-e082c4a02f00227109f4ed75e425c832.sdkstatcache -output-file-map /tmp/ResourceRunner-M3-task010-ui/Build/Intermediates.noindex/ResourceRunner.build/Debug/ResourceRunnerUITests.build/Objects-normal/arm64/ResourceRunnerUITests-OutputFileMap.json -use-frontend-parseable-output -save-temps -no-color-diagnostics -explicit-module-build -module-cache-path /tmp/ResourceRunner-M3-task010-ui/Build/Intermediates.noindex/SwiftExplicitPrecompiledModules -clang-scanner-module-cache-path /tmp/ResourceRunner-M3-task010-ui/ModuleCache.noindex -sdk-module-cache-path /tmp/ResourceRunner-M3-task010-ui/ModuleCache.noindex -serialize-diagnostics -emit-dependencies -emit-module -emit-module-path /tmp/ResourceRunner-M3-task010-ui/Build/Intermediates.noindex/ResourceRunner.build/Debug/ResourceRunnerUITests.build/Objects-normal/arm64/ResourceRunnerUITests.swiftmodule -validate-clang-modules-once -clang-build-session-file /tmp/ResourceRunner-M3-task010-ui/ModuleCache.noindex/Session.modulevalidation -Xcc -I/tmp/ResourceRunner-M3-task010-ui/Build/Intermediates.noindex/ResourceRunner.build/Debug/ResourceRunnerUITests.build/swift-overrides.hmap -emit-const-values -Xfrontend -const-gather-protocols-file -Xfrontend /tmp/ResourceRunner-M3-task010-ui/Build/Intermediates.noindex/ResourceRunner.build/Debug/ResourceRunnerUITests.build/Objects-normal/arm64/ResourceRunnerUITests_const_extract_protocols.json -Xcc -iquote -Xcc /tmp/ResourceRunner-M3-task010-ui/Build/Intermediates.noindex/ResourceRunner.build/Debug/ResourceRunnerUITests.build/ResourceRunnerUITests-generated-files.hmap -Xcc -I/tmp/ResourceRunner-M3-task010-ui/Build/Intermediates.noindex/ResourceRunner.build/Debug/ResourceRunnerUITests.build/ResourceRunnerUITests-own-target-headers.hmap -Xcc -I/tmp/ResourceRunner-M3-task010-ui/Build/Intermediates.noindex/ResourceRunner.build/Debug/ResourceRunnerUITests.build/ResourceRunnerUITests-all-target-headers.hmap -Xcc -iquote -Xcc /tmp/ResourceRunner-M3-task010-ui/Build/Intermediates.noindex/ResourceRunner.build/Debug/ResourceRunnerUITests.build/ResourceRunnerUITests-project-headers.hmap -Xcc -I/tmp/ResourceRunner-M3-task010-ui/Build/Products/Debug/include -Xcc -I/tmp/ResourceRunner-M3-task010-ui/Build/Intermediates.noindex/ResourceRunner.build/Debug/ResourceRunnerUITests.build/DerivedSources-normal/arm64 -Xcc -I/tmp/ResourceRunner-M3-task010-ui/Build/Intermediates.noindex/ResourceRunner.build/Debug/ResourceRunnerUITests.build/DerivedSources/arm64 -Xcc -I/tmp/ResourceRunner-M3-task010-ui/Build/Intermediates.noindex/ResourceRunner.build/Debug/ResourceRunnerUITests.build/DerivedSources -Xcc -DDEBUG\=1 -emit-objc-header -emit-objc-header-path /tmp/ResourceRunner-M3-task010-ui/Build/Intermediates.noindex/ResourceRunner.build/Debug/ResourceRunnerUITests.build/Objects-normal/arm64/ResourceRunnerUITests-Swift.h -working-directory /Users/zipkero/XcodeProjects/ResourceRunner -experimental-emit-module-separately -disable-cmo

SwiftDriverJobDiscovery normal arm64 Compiling NetworkNativeAdapter.swift, NetworkTopology.swift, ProcessHistoryStore.swift (in target 'ResourceRunner' from project 'ResourceRunner')

SwiftExplicitDependencyCompileModuleFromInterface arm64 /tmp/ResourceRunner-M3-task010-ui/Build/Intermediates.noindex/SwiftExplicitPrecompiledModules/Testing-3EAGCF0ZWJC6D.swiftmodule

SwiftDriverJobDiscovery normal arm64 Compiling SystemMetrics.swift, SystemMetricsSampleSource.swift, GeneratedAssetSymbols.swift (in target 'ResourceRunner' from project 'ResourceRunner')

SwiftDriverJobDiscovery normal arm64 Compiling ApplicationRowIcon.swift, AuxiliaryCollectionScheduler.swift, CharacterStateSource.swift, CollectionAdmission.swift (in target 'ResourceRunner' from project 'ResourceRunner')

SwiftDriverJobDiscovery normal arm64 Compiling ResourceRateGraphView.swift, ResourceRunnerApp.swift, ResourceTopologyObserver.swift (in target 'ResourceRunner' from project 'ResourceRunner')

SwiftDriverJobDiscovery normal arm64 Compiling AppDelegate.swift, ApplicationCoordinator.swift, ApplicationIconCache.swift, ApplicationRanking.swift (in target 'ResourceRunner' from project 'ResourceRunner')

SwiftDriverJobDiscovery normal arm64 Compiling DashboardColorPalette.swift, DashboardPresentation.swift, DashboardPresentationStore.swift (in target 'ResourceRunner' from project 'ResourceRunner')

SwiftDriverJobDiscovery normal arm64 Compiling NetworkActivity.swift, NetworkDashboardView.swift, NetworkMetadata.swift (in target 'ResourceRunner' from project 'ResourceRunner')

SwiftDriverJobDiscovery normal arm64 Compiling StatusBarController.swift, StorageMetadata.swift, SystemLifecycleObserver.swift (in target 'ResourceRunner' from project 'ResourceRunner')

SwiftDriverJobDiscovery normal arm64 Compiling DashboardStyle.swift, DashboardView.swift, DiskActivity.swift (in target 'ResourceRunner' from project 'ResourceRunner')

SwiftExplicitDependencyGeneratePcm arm64 /tmp/ResourceRunner-M3-task010-ui/Build/Intermediates.noindex/SwiftExplicitPrecompiledModules/XCUIAutomation-8D6OTW5BYOM9GBK4OV0INNQS4.pcm

SwiftDriver\ Compilation ResourceRunner normal arm64 com.apple.xcode.tools.swift.compiler (in target 'ResourceRunner' from project 'ResourceRunner')
    cd /Users/zipkero/XcodeProjects/ResourceRunner
    builtin-Swift-Compilation -- /Applications/Xcode.app/Contents/Developer/Toolchains/XcodeDefault.xctoolchain/usr/bin/swiftc -module-name ResourceRunner -Onone @/tmp/ResourceRunner-M3-task010-ui/Build/Intermediates.noindex/ResourceRunner.build/Debug/ResourceRunner.build/Objects-normal/arm64/ResourceRunner.SwiftFileList -DDEBUG -default-isolation\=MainActor -enable-bare-slash-regex -enable-upcoming-feature DisableOutwardActorInference -enable-upcoming-feature InferSendableFromCaptures -enable-upcoming-feature GlobalActorIsolatedTypesUsability -enable-upcoming-feature MemberImportVisibility -enable-upcoming-feature InferIsolatedConformances -enable-upcoming-feature NonisolatedNonsendingByDefault -enable-experimental-feature DebugDescriptionMacro -sdk /Applications/Xcode.app/Contents/Developer/Platforms/MacOSX.platform/Developer/SDKs/MacOSX26.5.sdk -target arm64-apple-macos26.5 -g -module-cache-path /tmp/ResourceRunner-M3-task010-ui/ModuleCache.noindex -Xfrontend -serialize-debugging-options -profile-coverage-mapping -profile-generate -enable-testing -index-store-path /tmp/ResourceRunner-M3-task010-ui/Index.noindex/DataStore -Xcc -D_LIBCPP_HARDENING_MODE\=_LIBCPP_HARDENING_MODE_DEBUG -swift-version 5 -I /tmp/ResourceRunner-M3-task010-ui/Build/Products/Debug -F /tmp/ResourceRunner-M3-task010-ui/Build/Products/Debug -emit-localized-strings -emit-localized-strings-path /tmp/ResourceRunner-M3-task010-ui/Build/Intermediates.noindex/ResourceRunner.build/Debug/ResourceRunner.build/Objects-normal/arm64 -c -j14 -enable-batch-mode -incremental -Xcc -ivfsstatcache -Xcc /tmp/ResourceRunner-M3-task010-ui/SDKStatCaches.noindex/macosx26.5-25F70-e082c4a02f00227109f4ed75e425c832.sdkstatcache -output-file-map /tmp/ResourceRunner-M3-task010-ui/Build/Intermediates.noindex/ResourceRunner.build/Debug/ResourceRunner.build/Objects-normal/arm64/ResourceRunner-OutputFileMap.json -use-frontend-parseable-output -save-temps -no-color-diagnostics -explicit-module-build -module-cache-path /tmp/ResourceRunner-M3-task010-ui/Build/Intermediates.noindex/SwiftExplicitPrecompiledModules -clang-scanner-module-cache-path /tmp/ResourceRunner-M3-task010-ui/ModuleCache.noindex -sdk-module-cache-path /tmp/ResourceRunner-M3-task010-ui/ModuleCache.noindex -serialize-diagnostics -emit-dependencies -emit-module -emit-module-path /tmp/ResourceRunner-M3-task010-ui/Build/Intermediates.noindex/ResourceRunner.build/Debug/ResourceRunner.build/Objects-normal/arm64/ResourceRunner.swiftmodule -validate-clang-modules-once -clang-build-session-file /tmp/ResourceRunner-M3-task010-ui/ModuleCache.noindex/Session.modulevalidation -Xcc -I/tmp/ResourceRunner-M3-task010-ui/Build/Intermediates.noindex/ResourceRunner.build/Debug/ResourceRunner.build/swift-overrides.hmap -emit-const-values -Xfrontend -const-gather-protocols-file -Xfrontend /tmp/ResourceRunner-M3-task010-ui/Build/Intermediates.noindex/ResourceRunner.build/Debug/ResourceRunner.build/Objects-normal/arm64/ResourceRunner_const_extract_protocols.json -Xcc -iquote -Xcc /tmp/ResourceRunner-M3-task010-ui/Build/Intermediates.noindex/ResourceRunner.build/Debug/ResourceRunner.build/ResourceRunner-generated-files.hmap -Xcc -I/tmp/ResourceRunner-M3-task010-ui/Build/Intermediates.noindex/ResourceRunner.build/Debug/ResourceRunner.build/ResourceRunner-own-target-headers.hmap -Xcc -I/tmp/ResourceRunner-M3-task010-ui/Build/Intermediates.noindex/ResourceRunner.build/Debug/ResourceRunner.build/ResourceRunner-all-target-headers.hmap -Xcc -iquote -Xcc /tmp/ResourceRunner-M3-task010-ui/Build/Intermediates.noindex/ResourceRunner.build/Debug/ResourceRunner.build/ResourceRunner-project-headers.hmap -Xcc -I/tmp/ResourceRunner-M3-task010-ui/Build/Products/Debug/include -Xcc -I/tmp/ResourceRunner-M3-task010-ui/Build/Intermediates.noindex/ResourceRunner.build/Debug/ResourceRunner.build/DerivedSources-normal/arm64 -Xcc -I/tmp/ResourceRunner-M3-task010-ui/Build/Intermediates.noindex/ResourceRunner.build/Debug/ResourceRunner.build/DerivedSources/arm64 -Xcc -I/tmp/ResourceRunner-M3-task010-ui/Build/Intermediates.noindex/ResourceRunner.build/Debug/ResourceRunner.build/DerivedSources -Xcc -DDEBUG\=1 -emit-objc-header -emit-objc-header-path /tmp/ResourceRunner-M3-task010-ui/Build/Intermediates.noindex/ResourceRunner.build/Debug/ResourceRunner.build/Objects-normal/arm64/ResourceRunner-Swift.h -working-directory /Users/zipkero/XcodeProjects/ResourceRunner -experimental-emit-module-separately -disable-cmo

Ld /tmp/ResourceRunner-M3-task010-ui/Build/Products/Debug/ResourceRunner.app/Contents/MacOS/ResourceRunner.debug.dylib normal (in target 'ResourceRunner' from project 'ResourceRunner')
    cd /Users/zipkero/XcodeProjects/ResourceRunner
    /Applications/Xcode.app/Contents/Developer/Toolchains/XcodeDefault.xctoolchain/usr/bin/clang -Xlinker -reproducible -target arm64-apple-macos26.5 -dynamiclib -isysroot /Applications/Xcode.app/Contents/Developer/Platforms/MacOSX.platform/Developer/SDKs/MacOSX26.5.sdk -O0 -L/tmp/ResourceRunner-M3-task010-ui/Build/Intermediates.noindex/EagerLinkingTBDs/Debug -L/tmp/ResourceRunner-M3-task010-ui/Build/Products/Debug -F/tmp/ResourceRunner-M3-task010-ui/Build/Intermediates.noindex/EagerLinkingTBDs/Debug -F/tmp/ResourceRunner-M3-task010-ui/Build/Products/Debug -filelist /tmp/ResourceRunner-M3-task010-ui/Build/Intermediates.noindex/ResourceRunner.build/Debug/ResourceRunner.build/Objects-normal/arm64/ResourceRunner.LinkFileList -install_name @rpath/ResourceRunner.debug.dylib -Xlinker -rpath -Xlinker @executable_path/../Frameworks -Xlinker -object_path_lto -Xlinker /tmp/ResourceRunner-M3-task010-ui/Build/Intermediates.noindex/ResourceRunner.build/Debug/ResourceRunner.build/Objects-normal/arm64/ResourceRunner_lto.o -rdynamic -Xlinker -no_deduplicate -Xlinker -debug_variant -Xlinker -dependency_info -Xlinker /tmp/ResourceRunner-M3-task010-ui/Build/Intermediates.noindex/ResourceRunner.build/Debug/ResourceRunner.build/Objects-normal/arm64/ResourceRunner_dependency_info.dat -fobjc-link-runtime -fprofile-instr-generate -L/Applications/Xcode.app/Contents/Developer/Toolchains/XcodeDefault.xctoolchain/usr/lib/swift/macosx -L/usr/lib/swift -Xlinker -add_ast_path -Xlinker /tmp/ResourceRunner-M3-task010-ui/Build/Intermediates.noindex/ResourceRunner.build/Debug/ResourceRunner.build/Objects-normal/arm64/ResourceRunner.swiftmodule @/tmp/ResourceRunner-M3-task010-ui/Build/Intermediates.noindex/ResourceRunner.build/Debug/ResourceRunner.build/Objects-normal/arm64/ResourceRunner-linker-args.resp -Xlinker -alias -Xlinker _main -Xlinker ___debug_main_executable_dylib_entry_point -Xlinker -no_adhoc_codesign -o /tmp/ResourceRunner-M3-task010-ui/Build/Products/Debug/ResourceRunner.app/Contents/MacOS/ResourceRunner.debug.dylib

SwiftExplicitDependencyGeneratePcm arm64 /tmp/ResourceRunner-M3-task010-ui/Build/Intermediates.noindex/SwiftExplicitPrecompiledModules/XCTest-BI7RJGF44L3VZGMFVOQCT0HEQ.pcm

SwiftExplicitDependencyCompileModuleFromInterface arm64 /tmp/ResourceRunner-M3-task010-ui/Build/Intermediates.noindex/SwiftExplicitPrecompiledModules/XCUIAutomation-JQTOWTO3LX3.swiftmodule

SwiftExplicitDependencyCompileModuleFromInterface arm64 /tmp/ResourceRunner-M3-task010-ui/Build/Intermediates.noindex/SwiftExplicitPrecompiledModules/_Testing_Foundation-36MH9T55ZAPNB.swiftmodule

SwiftExplicitDependencyCompileModuleFromInterface arm64 /tmp/ResourceRunner-M3-task010-ui/Build/Intermediates.noindex/SwiftExplicitPrecompiledModules/_Testing_CoreGraphics-3UZ6MX19I0AZW.swiftmodule

SwiftExplicitDependencyCompileModuleFromInterface arm64 /tmp/ResourceRunner-M3-task010-ui/Build/Intermediates.noindex/SwiftExplicitPrecompiledModules/_Testing_AppKit-1TZBMVTF73FX1.swiftmodule

SwiftExplicitDependencyCompileModuleFromInterface arm64 /tmp/ResourceRunner-M3-task010-ui/Build/Intermediates.noindex/SwiftExplicitPrecompiledModules/XCTest-281X1H33DX098.swiftmodule

SwiftEmitModule normal arm64 Emitting\ module\ for\ ResourceRunnerTests (in target 'ResourceRunnerTests' from project 'ResourceRunner')
EmitSwiftModule normal arm64 (in target 'ResourceRunnerTests' from project 'ResourceRunner')
    cd /Users/zipkero/XcodeProjects/ResourceRunner
    
/Users/zipkero/XcodeProjects/ResourceRunner/ResourceRunnerTests/DashboardCardLayoutTests.swift:235:5: warning: 'nonisolated(unsafe)' is unnecessary for a constant with 'Sendable' type '[NSColor]', consider removing it
    nonisolated(unsafe) static let candidates: [NSColor] = resolvedInBothAppearances(DashboardStyle.CardSurface.fillColor)
    ^~~~~~~~~~~~~~~~~~~~
    
/Users/zipkero/XcodeProjects/ResourceRunner/ResourceRunnerTests/DashboardCardLayoutTests.swift:239:5: warning: 'nonisolated(unsafe)' is unnecessary for a constant with 'Sendable' type '[NSColor]', consider removing it
    nonisolated(unsafe) static let candidates: [NSColor] = resolvedInBothAppearances(DashboardColorPalette.graphPlotSurface)
    ^~~~~~~~~~~~~~~~~~~~
    
/Users/zipkero/XcodeProjects/ResourceRunner/ResourceRunnerTests/SystemLifecycleObserverTests.swift:43:21: warning: class 'OrderTrackingNotificationCenter' must restate inherited '@unchecked Sendable' conformance
private final class OrderTrackingNotificationCenter: NotificationCenter {
                    ^
                                                                       , @unchecked Sendable

SwiftCompile normal arm64 Compiling\ SystemMetricsCollectorTests.swift,\ SystemMetricsSampleSourceTests.swift /Users/zipkero/XcodeProjects/ResourceRunner/ResourceRunnerTests/SystemMetricsCollectorTests.swift /Users/zipkero/XcodeProjects/ResourceRunner/ResourceRunnerTests/SystemMetricsSampleSourceTests.swift (in target 'ResourceRunnerTests' from project 'ResourceRunner')

SwiftCompile normal arm64 /Users/zipkero/XcodeProjects/ResourceRunner/ResourceRunnerTests/SystemMetricsCollectorTests.swift (in target 'ResourceRunnerTests' from project 'ResourceRunner')
    cd /Users/zipkero/XcodeProjects/ResourceRunner
    

SwiftCompile normal arm64 /Users/zipkero/XcodeProjects/ResourceRunner/ResourceRunnerTests/SystemMetricsSampleSourceTests.swift (in target 'ResourceRunnerTests' from project 'ResourceRunner')
    cd /Users/zipkero/XcodeProjects/ResourceRunner
    

SwiftCompile normal arm64 Compiling\ MemoryCompositionDetailTests.swift,\ MemoryCompositionTests.swift,\ MonitoringLifecycleTests.swift /Users/zipkero/XcodeProjects/ResourceRunner/ResourceRunnerTests/MemoryCompositionDetailTests.swift /Users/zipkero/XcodeProjects/ResourceRunner/ResourceRunnerTests/MemoryCompositionTests.swift /Users/zipkero/XcodeProjects/ResourceRunner/ResourceRunnerTests/MonitoringLifecycleTests.swift (in target 'ResourceRunnerTests' from project 'ResourceRunner')
SwiftCompile normal arm64 /Users/zipkero/XcodeProjects/ResourceRunner/ResourceRunnerTests/MemoryCompositionDetailTests.swift (in target 'ResourceRunnerTests' from project 'ResourceRunner')
    cd /Users/zipkero/XcodeProjects/ResourceRunner
    
/Users/zipkero/XcodeProjects/ResourceRunner/ResourceRunnerTests/MonitoringLifecycleTests.swift:111:14: warning: instance method 'lock' is unavailable from asynchronous contexts; Use async-safe scoped locking instead; this is an error in the Swift 6 language mode
        lock.lock()
             ^
Foundation.NSLock.lock:2:11: note: 'lock()' declared here
open func lock()}
          ^
/Users/zipkero/XcodeProjects/ResourceRunner/ResourceRunnerTests/MonitoringLifecycleTests.swift:115:14: warning: instance method 'unlock' is unavailable from asynchronous contexts; Use async-safe scoped locking instead; this is an error in the Swift 6 language mode
        lock.unlock()
             ^
Foundation.NSLock.unlock:2:11: note: 'unlock()' declared here
open func unlock()}
          ^

SwiftCompile normal arm64 /Users/zipkero/XcodeProjects/ResourceRunner/ResourceRunnerTests/MemoryCompositionTests.swift (in target 'ResourceRunnerTests' from project 'ResourceRunner')
    cd /Users/zipkero/XcodeProjects/ResourceRunner
    
/Users/zipkero/XcodeProjects/ResourceRunner/ResourceRunnerTests/MonitoringLifecycleTests.swift:111:14: warning: instance method 'lock' is unavailable from asynchronous contexts; Use async-safe scoped locking instead; this is an error in the Swift 6 language mode
        lock.lock()
             ^
Foundation.NSLock.lock:2:11: note: 'lock()' declared here
open func lock()}
          ^
/Users/zipkero/XcodeProjects/ResourceRunner/ResourceRunnerTests/MonitoringLifecycleTests.swift:115:14: warning: instance method 'unlock' is unavailable from asynchronous contexts; Use async-safe scoped locking instead; this is an error in the Swift 6 language mode
        lock.unlock()
             ^
Foundation.NSLock.unlock:2:11: note: 'unlock()' declared here
open func unlock()}
          ^

SwiftCompile normal arm64 /Users/zipkero/XcodeProjects/ResourceRunner/ResourceRunnerTests/MonitoringLifecycleTests.swift (in target 'ResourceRunnerTests' from project 'ResourceRunner')
    cd /Users/zipkero/XcodeProjects/ResourceRunner
    
/Users/zipkero/XcodeProjects/ResourceRunner/ResourceRunnerTests/MonitoringLifecycleTests.swift:111:14: warning: instance method 'lock' is unavailable from asynchronous contexts; Use async-safe scoped locking instead; this is an error in the Swift 6 language mode
        lock.lock()
             ^
Foundation.NSLock.lock:2:11: note: 'lock()' declared here
open func lock()}
          ^
/Users/zipkero/XcodeProjects/ResourceRunner/ResourceRunnerTests/MonitoringLifecycleTests.swift:115:14: warning: instance method 'unlock' is unavailable from asynchronous contexts; Use async-safe scoped locking instead; this is an error in the Swift 6 language mode
        lock.unlock()
             ^
Foundation.NSLock.unlock:2:11: note: 'unlock()' declared here
open func unlock()}
          ^

SwiftCompile normal arm64 Compiling\ MonitoringSampleStoreTests.swift,\ NetworkActivityTests.swift,\ NetworkDashboardViewTests.swift /Users/zipkero/XcodeProjects/ResourceRunner/ResourceRunnerTests/MonitoringSampleStoreTests.swift /Users/zipkero/XcodeProjects/ResourceRunner/ResourceRunnerTests/NetworkActivityTests.swift /Users/zipkero/XcodeProjects/ResourceRunner/ResourceRunnerTests/NetworkDashboardViewTests.swift (in target 'ResourceRunnerTests' from project 'ResourceRunner')

SwiftCompile normal arm64 /Users/zipkero/XcodeProjects/ResourceRunner/ResourceRunnerTests/MonitoringSampleStoreTests.swift (in target 'ResourceRunnerTests' from project 'ResourceRunner')
    cd /Users/zipkero/XcodeProjects/ResourceRunner
    

SwiftCompile normal arm64 /Users/zipkero/XcodeProjects/ResourceRunner/ResourceRunnerTests/NetworkActivityTests.swift (in target 'ResourceRunnerTests' from project 'ResourceRunner')
    cd /Users/zipkero/XcodeProjects/ResourceRunner
    

SwiftCompile normal arm64 /Users/zipkero/XcodeProjects/ResourceRunner/ResourceRunnerTests/NetworkDashboardViewTests.swift (in target 'ResourceRunnerTests' from project 'ResourceRunner')
    cd /Users/zipkero/XcodeProjects/ResourceRunner
    

SwiftCompile normal arm64 Compiling\ DetailPopoverValuelessStateTests.swift,\ DiskActivityTests.swift,\ DiskNativeAdapterTests.swift /Users/zipkero/XcodeProjects/ResourceRunner/ResourceRunnerTests/DetailPopoverValuelessStateTests.swift /Users/zipkero/XcodeProjects/ResourceRunner/ResourceRunnerTests/DiskActivityTests.swift /Users/zipkero/XcodeProjects/ResourceRunner/ResourceRunnerTests/DiskNativeAdapterTests.swift (in target 'ResourceRunnerTests' from project 'ResourceRunner')

SwiftCompile normal arm64 /Users/zipkero/XcodeProjects/ResourceRunner/ResourceRunnerTests/DetailPopoverValuelessStateTests.swift (in target 'ResourceRunnerTests' from project 'ResourceRunner')
    cd /Users/zipkero/XcodeProjects/ResourceRunner
    

SwiftCompile normal arm64 /Users/zipkero/XcodeProjects/ResourceRunner/ResourceRunnerTests/DiskActivityTests.swift (in target 'ResourceRunnerTests' from project 'ResourceRunner')
    cd /Users/zipkero/XcodeProjects/ResourceRunner
    

SwiftCompile normal arm64 /Users/zipkero/XcodeProjects/ResourceRunner/ResourceRunnerTests/DiskNativeAdapterTests.swift (in target 'ResourceRunnerTests' from project 'ResourceRunner')
    cd /Users/zipkero/XcodeProjects/ResourceRunner
    

SwiftCompile normal arm64 Compiling\ ResourceRateGraphTests.swift,\ ResourceRunnerTests.swift,\ StatusBarControllerTests.swift /Users/zipkero/XcodeProjects/ResourceRunner/ResourceRunnerTests/ResourceRateGraphTests.swift /Users/zipkero/XcodeProjects/ResourceRunner/ResourceRunnerTests/ResourceRunnerTests.swift /Users/zipkero/XcodeProjects/ResourceRunner/ResourceRunnerTests/StatusBarControllerTests.swift (in target 'ResourceRunnerTests' from project 'ResourceRunner')

SwiftCompile normal arm64 /Users/zipkero/XcodeProjects/ResourceRunner/ResourceRunnerTests/ResourceRateGraphTests.swift (in target 'ResourceRunnerTests' from project 'ResourceRunner')
    cd /Users/zipkero/XcodeProjects/ResourceRunner
    

SwiftCompile normal arm64 /Users/zipkero/XcodeProjects/ResourceRunner/ResourceRunnerTests/ResourceRunnerTests.swift (in target 'ResourceRunnerTests' from project 'ResourceRunner')
    cd /Users/zipkero/XcodeProjects/ResourceRunner
    

SwiftCompile normal arm64 /Users/zipkero/XcodeProjects/ResourceRunner/ResourceRunnerTests/StatusBarControllerTests.swift (in target 'ResourceRunnerTests' from project 'ResourceRunner')
    cd /Users/zipkero/XcodeProjects/ResourceRunner
    

SwiftCompile normal arm64 Compiling\ DashboardPresentationTests.swift,\ DashboardValueColumnTests.swift,\ DetailAccessibilityFormattingTests.swift /Users/zipkero/XcodeProjects/ResourceRunner/ResourceRunnerTests/DashboardPresentationTests.swift /Users/zipkero/XcodeProjects/ResourceRunner/ResourceRunnerTests/DashboardValueColumnTests.swift /Users/zipkero/XcodeProjects/ResourceRunner/ResourceRunnerTests/DetailAccessibilityFormattingTests.swift (in target 'ResourceRunnerTests' from project 'ResourceRunner')
SwiftCompile normal arm64 /Users/zipkero/XcodeProjects/ResourceRunner/ResourceRunnerTests/DashboardPresentationTests.swift (in target 'ResourceRunnerTests' from project 'ResourceRunner')
    cd /Users/zipkero/XcodeProjects/ResourceRunner
    

SwiftCompile normal arm64 /Users/zipkero/XcodeProjects/ResourceRunner/ResourceRunnerTests/DashboardValueColumnTests.swift (in target 'ResourceRunnerTests' from project 'ResourceRunner')
    cd /Users/zipkero/XcodeProjects/ResourceRunner
    

SwiftCompile normal arm64 /Users/zipkero/XcodeProjects/ResourceRunner/ResourceRunnerTests/DetailAccessibilityFormattingTests.swift (in target 'ResourceRunnerTests' from project 'ResourceRunner')
    cd /Users/zipkero/XcodeProjects/ResourceRunner
    

SwiftCompile normal arm64 Compiling\ ProcessSurveyCollectorTests.swift,\ ResourceActivityPresentationTests.swift,\ ResourceRateGraphRenderingTests.swift /Users/zipkero/XcodeProjects/ResourceRunner/ResourceRunnerTests/ProcessSurveyCollectorTests.swift /Users/zipkero/XcodeProjects/ResourceRunner/ResourceRunnerTests/ResourceActivityPresentationTests.swift /Users/zipkero/XcodeProjects/ResourceRunner/ResourceRunnerTests/ResourceRateGraphRenderingTests.swift (in target 'ResourceRunnerTests' from project 'ResourceRunner')

SwiftCompile normal arm64 /Users/zipkero/XcodeProjects/ResourceRunner/ResourceRunnerTests/ProcessSurveyCollectorTests.swift (in target 'ResourceRunnerTests' from project 'ResourceRunner')
    cd /Users/zipkero/XcodeProjects/ResourceRunner
    

SwiftCompile normal arm64 /Users/zipkero/XcodeProjects/ResourceRunner/ResourceRunnerTests/ResourceActivityPresentationTests.swift (in target 'ResourceRunnerTests' from project 'ResourceRunner')
    cd /Users/zipkero/XcodeProjects/ResourceRunner
    

SwiftCompile normal arm64 /Users/zipkero/XcodeProjects/ResourceRunner/ResourceRunnerTests/ResourceRateGraphRenderingTests.swift (in target 'ResourceRunnerTests' from project 'ResourceRunner')
    cd /Users/zipkero/XcodeProjects/ResourceRunner
    

SwiftCompile normal arm64 Compiling\ ApplicationCoordinatorTests.swift,\ ApplicationIconCacheTests.swift,\ ApplicationProcessRowLayoutTests.swift /Users/zipkero/XcodeProjects/ResourceRunner/ResourceRunnerTests/ApplicationCoordinatorTests.swift /Users/zipkero/XcodeProjects/ResourceRunner/ResourceRunnerTests/ApplicationIconCacheTests.swift /Users/zipkero/XcodeProjects/ResourceRunner/ResourceRunnerTests/ApplicationProcessRowLayoutTests.swift (in target 'ResourceRunnerTests' from project 'ResourceRunner')

SwiftCompile normal arm64 /Users/zipkero/XcodeProjects/ResourceRunner/ResourceRunnerTests/ApplicationCoordinatorTests.swift (in target 'ResourceRunnerTests' from project 'ResourceRunner')
    cd /Users/zipkero/XcodeProjects/ResourceRunner
    

SwiftCompile normal arm64 /Users/zipkero/XcodeProjects/ResourceRunner/ResourceRunnerTests/ApplicationIconCacheTests.swift (in target 'ResourceRunnerTests' from project 'ResourceRunner')
    cd /Users/zipkero/XcodeProjects/ResourceRunner
    

SwiftCompile normal arm64 /Users/zipkero/XcodeProjects/ResourceRunner/ResourceRunnerTests/ApplicationProcessRowLayoutTests.swift (in target 'ResourceRunnerTests' from project 'ResourceRunner')
    cd /Users/zipkero/XcodeProjects/ResourceRunner
    

SwiftCompile normal arm64 Compiling\ CPUCoreUsageGridTests.swift,\ DashboardCardLayoutTests.swift,\ DashboardColorPaletteTests.swift /Users/zipkero/XcodeProjects/ResourceRunner/ResourceRunnerTests/CPUCoreUsageGridTests.swift /Users/zipkero/XcodeProjects/ResourceRunner/ResourceRunnerTests/DashboardCardLayoutTests.swift /Users/zipkero/XcodeProjects/ResourceRunner/ResourceRunnerTests/DashboardColorPaletteTests.swift (in target 'ResourceRunnerTests' from project 'ResourceRunner')

SwiftCompile normal arm64 /Users/zipkero/XcodeProjects/ResourceRunner/ResourceRunnerTests/CPUCoreUsageGridTests.swift (in target 'ResourceRunnerTests' from project 'ResourceRunner')
    cd /Users/zipkero/XcodeProjects/ResourceRunner
    
@__swiftmacro_19ResourceRunnerTests021CPUDetailViewCoreGridC0V34gridReportsExactlyTheProposedWidth4TestfMp_.swift:16:94: warning: main actor-isolated static property 'unevenAndEvenCoreCounts' cannot be accessed from outside of the actor; this is an error in the Swift 6 language mode
  displayName: "격자가 제안받은 폭을 그대로 되돌린다",traits: [],arguments: {unevenAndEvenCoreCounts},sourceLocation: Testing.SourceLocation(__uncheckedFileID: "ResourceRunnerTests/CPUCoreUsageGridTests.swift", filePath: "/Users/zipkero/XcodeProjects/ResourceRunner/ResourceRunnerTests/CPUCoreUsageGridTests.swift", line: 528, column: 6),
/Users/zipkero/XcodeProjects/ResourceRunner/ResourceRunnerTests/CPUCoreUsageGridTests.swift:528:5: note: in expansion of macro 'Test' on instance method 'gridReportsExactlyTheProposedWidth(coreCount:)' here
    @Test(
    ^~~~~~
/Users/zipkero/XcodeProjects/ResourceRunner/ResourceRunnerTests/CPUCoreUsageGridTests.swift:528:5: note: in expansion of macro 'Test' on instance method 'gridReportsExactlyTheProposedWidth(coreCount:)' here
    @Test(
    ^~~~~~
@__swiftmacro_19ResourceRunnerTests021CPUDetailViewCoreGridC0V045detailPopoverContentWidthStaysExactlyThePopupK04TestfMp_.swift:16:111: warning: main actor-isolated static property 'unevenAndEvenCoreCounts' cannot be accessed from outside of the actor; this is an error in the Swift 6 language mode
  displayName: "상세 팝업 콘텐츠의 폭이 코어 수와 무관하게 400pt다",traits: [],arguments: {unevenAndEvenCoreCounts},sourceLocation: Testing.SourceLocation(__uncheckedFileID: "ResourceRunnerTests/CPUCoreUsageGridTests.swift", filePath: "/Users/zipkero/XcodeProjects/ResourceRunner/ResourceRunnerTests/CPUCoreUsageGridTests.swift", line: 544, column: 6),
/Users/zipkero/XcodeProjects/ResourceRunner/ResourceRunnerTests/CPUCoreUsageGridTests.swift:544:5: note: in expansion of macro 'Test' on instance method 'detailPopoverContentWidthStaysExactlyThePopupWidth(coreCount:)' here
    @Test(
    ^~~~~~
/Users/zipkero/XcodeProjects/ResourceRunner/ResourceRunnerTests/CPUCoreUsageGridTests.swift:544:5: note: in expansion of macro 'Test' on instance method 'detailPopoverContentWidthStaysExactlyThePopupWidth(coreCount:)' here
    @Test(
    ^~~~~~

SwiftCompile normal arm64 /Users/zipkero/XcodeProjects/ResourceRunner/ResourceRunnerTests/DashboardCardLayoutTests.swift (in target 'ResourceRunnerTests' from project 'ResourceRunner')
    cd /Users/zipkero/XcodeProjects/ResourceRunner
    
@__swiftmacro_19ResourceRunnerTests021CPUDetailViewCoreGridC0V34gridReportsExactlyTheProposedWidth4TestfMp_.swift:16:94: warning: main actor-isolated static property 'unevenAndEvenCoreCounts' cannot be accessed from outside of the actor; this is an error in the Swift 6 language mode
  displayName: "격자가 제안받은 폭을 그대로 되돌린다",traits: [],arguments: {unevenAndEvenCoreCounts},sourceLocation: Testing.SourceLocation(__uncheckedFileID: "ResourceRunnerTests/CPUCoreUsageGridTests.swift", filePath: "/Users/zipkero/XcodeProjects/ResourceRunner/ResourceRunnerTests/CPUCoreUsageGridTests.swift", line: 528, column: 6),
/Users/zipkero/XcodeProjects/ResourceRunner/ResourceRunnerTests/CPUCoreUsageGridTests.swift:528:5: note: in expansion of macro 'Test' on instance method 'gridReportsExactlyTheProposedWidth(coreCount:)' here
    @Test(
    ^~~~~~
/Users/zipkero/XcodeProjects/ResourceRunner/ResourceRunnerTests/CPUCoreUsageGridTests.swift:528:5: note: in expansion of macro 'Test' on instance method 'gridReportsExactlyTheProposedWidth(coreCount:)' here
    @Test(
    ^~~~~~
@__swiftmacro_19ResourceRunnerTests021CPUDetailViewCoreGridC0V045detailPopoverContentWidthStaysExactlyThePopupK04TestfMp_.swift:16:111: warning: main actor-isolated static property 'unevenAndEvenCoreCounts' cannot be accessed from outside of the actor; this is an error in the Swift 6 language mode
  displayName: "상세 팝업 콘텐츠의 폭이 코어 수와 무관하게 400pt다",traits: [],arguments: {unevenAndEvenCoreCounts},sourceLocation: Testing.SourceLocation(__uncheckedFileID: "ResourceRunnerTests/CPUCoreUsageGridTests.swift", filePath: "/Users/zipkero/XcodeProjects/ResourceRunner/ResourceRunnerTests/CPUCoreUsageGridTests.swift", line: 544, column: 6),
/Users/zipkero/XcodeProjects/ResourceRunner/ResourceRunnerTests/CPUCoreUsageGridTests.swift:544:5: note: in expansion of macro 'Test' on instance method 'detailPopoverContentWidthStaysExactlyThePopupWidth(coreCount:)' here
    @Test(
    ^~~~~~
/Users/zipkero/XcodeProjects/ResourceRunner/ResourceRunnerTests/CPUCoreUsageGridTests.swift:544:5: note: in expansion of macro 'Test' on instance method 'detailPopoverContentWidthStaysExactlyThePopupWidth(coreCount:)' here
    @Test(
    ^~~~~~
/Users/zipkero/XcodeProjects/ResourceRunner/ResourceRunnerTests/DashboardCardLayoutTests.swift:235:5: warning: 'nonisolated(unsafe)' is unnecessary for a constant with 'Sendable' type '[NSColor]', consider removing it
    nonisolated(unsafe) static let candidates: [NSColor] = resolvedInBothAppearances(DashboardStyle.CardSurface.fillColor)
    ^~~~~~~~~~~~~~~~~~~~
    
/Users/zipkero/XcodeProjects/ResourceRunner/ResourceRunnerTests/DashboardCardLayoutTests.swift:239:5: warning: 'nonisolated(unsafe)' is unnecessary for a constant with 'Sendable' type '[NSColor]', consider removing it
    nonisolated(unsafe) static let candidates: [NSColor] = resolvedInBothAppearances(DashboardColorPalette.graphPlotSurface)
    ^~~~~~~~~~~~~~~~~~~~
    
/Users/zipkero/XcodeProjects/ResourceRunner/ResourceRunnerTests/DashboardCardLayoutTests.swift:352:25: warning: '+' was deprecated in macOS 26.0: Use string interpolation on `Text` instead: `Text("Hello \(name)")`
                        + Text(entry.valueText).dashboardTypography(DashboardStyle.TypographyRole.value)
                        ^
/Users/zipkero/XcodeProjects/ResourceRunner/ResourceRunnerTests/DashboardCardLayoutTests.swift:366:25: warning: '+' was deprecated in macOS 26.0: Use string interpolation on `Text` instead: `Text("Hello \(name)")`
            return line + Text(Image(systemName: "square.fill"))
                        ^
/Users/zipkero/XcodeProjects/ResourceRunner/ResourceRunnerTests/DashboardCardLayoutTests.swift:369:25: warning: '+' was deprecated in macOS 26.0: Use string interpolation on `Text` instead: `Text("Hello \(name)")`
            return line + Text(" \(text)")
                        ^
/Users/zipkero/XcodeProjects/ResourceRunner/ResourceRunnerTests/DashboardCardLayoutTests.swift:371:25: warning: '+' was deprecated in macOS 26.0: Use string interpolation on `Text` instead: `Text("Hello \(name)")`
            return line + Text("  ")
                        ^
/Users/zipkero/XcodeProjects/ResourceRunner/ResourceRunnerTests/DashboardCardLayoutTests.swift:389:25: warning: '+' was deprecated in macOS 26.0: Use string interpolation on `Text` instead: `Text("Hello \(name)")`
            return line + Text(Image(systemName: name))
                        ^
/Users/zipkero/XcodeProjects/ResourceRunner/ResourceRunnerTests/DashboardCardLayoutTests.swift:391:25: warning: '+' was deprecated in macOS 26.0: Use string interpolation on `Text` instead: `Text("Hello \(name)")`
            return line + Text(" \(text)")
                        ^
/Users/zipkero/XcodeProjects/ResourceRunner/ResourceRunnerTests/DashboardCardLayoutTests.swift:393:25: warning: '+' was deprecated in macOS 26.0: Use string interpolation on `Text` instead: `Text("Hello \(name)")`
            return line + Text(" · ")
/Users/zipkero/XcodeProjects/ResourceRunner/ResourceRunnerTests/DashboardCardLayoutTests.swift:395:25: warning: '+' was deprecated in macOS 26.0: Use string interpolation on `Text` instead: `Text("Hello \(name)")`
            return line + Text("Swap \(text)")
                        ^
/Users/zipkero/XcodeProjects/ResourceRunner/ResourceRunnerTests/DashboardCardLayoutTests.swift:397:25: warning: '+' was deprecated in macOS 26.0: Use string interpolation on `Text` instead: `Text("Hello \(name)")`
            return line + Text(" (\(text))")
                        ^
/Users/zipkero/XcodeProjects/ResourceRunner/ResourceRunnerTests/DashboardCardLayoutTests.swift:399:25: warning: '+' was deprecated in macOS 26.0: Use string interpolation on `Text` instead: `Text("Hello \(name)")`
            return line + Text("구성 \(text)")

SwiftCompile normal arm64 /Users/zipkero/XcodeProjects/ResourceRunner/ResourceRunnerTests/DashboardColorPaletteTests.swift (in target 'ResourceRunnerTests' from project 'ResourceRunner')
    cd /Users/zipkero/XcodeProjects/ResourceRunner
    
@__swiftmacro_19ResourceRunnerTests021CPUDetailViewCoreGridC0V34gridReportsExactlyTheProposedWidth4TestfMp_.swift:16:94: warning: main actor-isolated static property 'unevenAndEvenCoreCounts' cannot be accessed from outside of the actor; this is an error in the Swift 6 language mode
  displayName: "격자가 제안받은 폭을 그대로 되돌린다",traits: [],arguments: {unevenAndEvenCoreCounts},sourceLocation: Testing.SourceLocation(__uncheckedFileID: "ResourceRunnerTests/CPUCoreUsageGridTests.swift", filePath: "/Users/zipkero/XcodeProjects/ResourceRunner/ResourceRunnerTests/CPUCoreUsageGridTests.swift", line: 528, column: 6),
/Users/zipkero/XcodeProjects/ResourceRunner/ResourceRunnerTests/CPUCoreUsageGridTests.swift:528:5: note: in expansion of macro 'Test' on instance method 'gridReportsExactlyTheProposedWidth(coreCount:)' here
    @Test(
    ^~~~~~
/Users/zipkero/XcodeProjects/ResourceRunner/ResourceRunnerTests/CPUCoreUsageGridTests.swift:528:5: note: in expansion of macro 'Test' on instance method 'gridReportsExactlyTheProposedWidth(coreCount:)' here
    @Test(
    ^~~~~~
@__swiftmacro_19ResourceRunnerTests021CPUDetailViewCoreGridC0V045detailPopoverContentWidthStaysExactlyThePopupK04TestfMp_.swift:16:111: warning: main actor-isolated static property 'unevenAndEvenCoreCounts' cannot be accessed from outside of the actor; this is an error in the Swift 6 language mode
  displayName: "상세 팝업 콘텐츠의 폭이 코어 수와 무관하게 400pt다",traits: [],arguments: {unevenAndEvenCoreCounts},sourceLocation: Testing.SourceLocation(__uncheckedFileID: "ResourceRunnerTests/CPUCoreUsageGridTests.swift", filePath: "/Users/zipkero/XcodeProjects/ResourceRunner/ResourceRunnerTests/CPUCoreUsageGridTests.swift", line: 544, column: 6),
/Users/zipkero/XcodeProjects/ResourceRunner/ResourceRunnerTests/CPUCoreUsageGridTests.swift:544:5: note: in expansion of macro 'Test' on instance method 'detailPopoverContentWidthStaysExactlyThePopupWidth(coreCount:)' here
    @Test(
    ^~~~~~
/Users/zipkero/XcodeProjects/ResourceRunner/ResourceRunnerTests/CPUCoreUsageGridTests.swift:544:5: note: in expansion of macro 'Test' on instance method 'detailPopoverContentWidthStaysExactlyThePopupWidth(coreCount:)' here
    @Test(
    ^~~~~~

SwiftCompile normal arm64 Compiling\ CPUActivityStateEvaluatorTests.swift,\ CPUCoreGridLayoutTests.swift,\ CPUCoreGridVerticalBudgetTests.swift /Users/zipkero/XcodeProjects/ResourceRunner/ResourceRunnerTests/CPUActivityStateEvaluatorTests.swift /Users/zipkero/XcodeProjects/ResourceRunner/ResourceRunnerTests/CPUCoreGridLayoutTests.swift /Users/zipkero/XcodeProjects/ResourceRunner/ResourceRunnerTests/CPUCoreGridVerticalBudgetTests.swift (in target 'ResourceRunnerTests' from project 'ResourceRunner')

SwiftCompile normal arm64 /Users/zipkero/XcodeProjects/ResourceRunner/ResourceRunnerTests/CPUActivityStateEvaluatorTests.swift (in target 'ResourceRunnerTests' from project 'ResourceRunner')
    cd /Users/zipkero/XcodeProjects/ResourceRunner
    

SwiftCompile normal arm64 /Users/zipkero/XcodeProjects/ResourceRunner/ResourceRunnerTests/CPUCoreGridLayoutTests.swift (in target 'ResourceRunnerTests' from project 'ResourceRunner')
    cd /Users/zipkero/XcodeProjects/ResourceRunner
    

SwiftCompile normal arm64 /Users/zipkero/XcodeProjects/ResourceRunner/ResourceRunnerTests/CPUCoreGridVerticalBudgetTests.swift (in target 'ResourceRunnerTests' from project 'ResourceRunner')
    cd /Users/zipkero/XcodeProjects/ResourceRunner
    

SwiftCompile normal arm64 Compiling\ StorageMetadataTests.swift,\ SystemLifecycleObserverTests.swift /Users/zipkero/XcodeProjects/ResourceRunner/ResourceRunnerTests/StorageMetadataTests.swift /Users/zipkero/XcodeProjects/ResourceRunner/ResourceRunnerTests/SystemLifecycleObserverTests.swift (in target 'ResourceRunnerTests' from project 'ResourceRunner')

SwiftCompile normal arm64 /Users/zipkero/XcodeProjects/ResourceRunner/ResourceRunnerTests/StorageMetadataTests.swift (in target 'ResourceRunnerTests' from project 'ResourceRunner')
    cd /Users/zipkero/XcodeProjects/ResourceRunner
    

SwiftCompile normal arm64 /Users/zipkero/XcodeProjects/ResourceRunner/ResourceRunnerTests/SystemLifecycleObserverTests.swift (in target 'ResourceRunnerTests' from project 'ResourceRunner')
    cd /Users/zipkero/XcodeProjects/ResourceRunner
    
/Users/zipkero/XcodeProjects/ResourceRunner/ResourceRunnerTests/SystemLifecycleObserverTests.swift:43:21: warning: class 'OrderTrackingNotificationCenter' must restate inherited '@unchecked Sendable' conformance
private final class OrderTrackingNotificationCenter: NotificationCenter {
                    ^
                                                                       , @unchecked Sendable
/Users/zipkero/XcodeProjects/ResourceRunner/ResourceRunnerTests/SystemLifecycleObserverTests.swift:212:17: warning: mutation of captured var 'callOrder' in concurrently-executing code; this is an error in the Swift 6 language mode
                callOrder.append("readLowPowerMode")
                ^

SwiftCompile normal arm64 Compiling\ NetworkMetadataTests.swift,\ NetworkNativeAdapterTests.swift,\ ProcessHistoryStoreTests.swift /Users/zipkero/XcodeProjects/ResourceRunner/ResourceRunnerTests/NetworkMetadataTests.swift /Users/zipkero/XcodeProjects/ResourceRunner/ResourceRunnerTests/NetworkNativeAdapterTests.swift /Users/zipkero/XcodeProjects/ResourceRunner/ResourceRunnerTests/ProcessHistoryStoreTests.swift (in target 'ResourceRunnerTests' from project 'ResourceRunner')

SwiftCompile normal arm64 /Users/zipkero/XcodeProjects/ResourceRunner/ResourceRunnerTests/NetworkMetadataTests.swift (in target 'ResourceRunnerTests' from project 'ResourceRunner')
    cd /Users/zipkero/XcodeProjects/ResourceRunner
    

SwiftCompile normal arm64 /Users/zipkero/XcodeProjects/ResourceRunner/ResourceRunnerTests/NetworkNativeAdapterTests.swift (in target 'ResourceRunnerTests' from project 'ResourceRunner')
    cd /Users/zipkero/XcodeProjects/ResourceRunner
    

SwiftCompile normal arm64 /Users/zipkero/XcodeProjects/ResourceRunner/ResourceRunnerTests/ProcessHistoryStoreTests.swift (in target 'ResourceRunnerTests' from project 'ResourceRunner')
    cd /Users/zipkero/XcodeProjects/ResourceRunner
    

ConstructStubExecutorLinkFileList /tmp/ResourceRunner-M3-task010-ui/Build/Intermediates.noindex/ResourceRunner.build/Debug/ResourceRunner.build/ResourceRunner-ExecutorLinkFileList-normal-arm64.txt (in target 'ResourceRunner' from project 'ResourceRunner')
    cd /Users/zipkero/XcodeProjects/ResourceRunner
    construct-stub-executor-link-file-list /tmp/ResourceRunner-M3-task010-ui/Build/Products/Debug/ResourceRunner.app/Contents/MacOS/ResourceRunner.debug.dylib /Applications/Xcode.app/Contents/Developer/Platforms/MacOSX.platform/Developer/usr/lib/libPreviewsJITStubExecutor_no_swift_entry_point.a /Applications/Xcode.app/Contents/Developer/Platforms/MacOSX.platform/Developer/usr/lib/libPreviewsJITStubExecutor.a --output /tmp/ResourceRunner-M3-task010-ui/Build/Intermediates.noindex/ResourceRunner.build/Debug/ResourceRunner.build/ResourceRunner-ExecutorLinkFileList-normal-arm64.txt
note: Using stub executor library with Swift entry point. (in target 'ResourceRunner' from project 'ResourceRunner')

SwiftEmitModule normal arm64 Emitting\ module\ for\ ResourceRunnerUITests (in target 'ResourceRunnerUITests' from project 'ResourceRunner')

EmitSwiftModule normal arm64 (in target 'ResourceRunnerUITests' from project 'ResourceRunner')
    cd /Users/zipkero/XcodeProjects/ResourceRunner
    

Ld /tmp/ResourceRunner-M3-task010-ui/Build/Products/Debug/ResourceRunner.app/Contents/MacOS/ResourceRunner normal (in target 'ResourceRunner' from project 'ResourceRunner')
    cd /Users/zipkero/XcodeProjects/ResourceRunner
    /Applications/Xcode.app/Contents/Developer/Toolchains/XcodeDefault.xctoolchain/usr/bin/clang -Xlinker -reproducible -target arm64-apple-macos26.5 -isysroot /Applications/Xcode.app/Contents/Developer/Platforms/MacOSX.platform/Developer/SDKs/MacOSX26.5.sdk -O0 -L/tmp/ResourceRunner-M3-task010-ui/Build/Products/Debug -F/tmp/ResourceRunner-M3-task010-ui/Build/Products/Debug -Xlinker -rpath -Xlinker @executable_path -Xlinker -rpath -Xlinker @executable_path/../Frameworks -rdynamic -Xlinker -no_deduplicate -Xlinker -debug_variant -e ___debug_blank_executor_main -Xlinker -sectcreate -Xlinker __TEXT -Xlinker __debug_dylib -Xlinker /tmp/ResourceRunner-M3-task010-ui/Build/Intermediates.noindex/ResourceRunner.build/Debug/ResourceRunner.build/ResourceRunner-DebugDylibPath-normal-arm64.txt -Xlinker -sectcreate -Xlinker __TEXT -Xlinker __debug_instlnm -Xlinker /tmp/ResourceRunner-M3-task010-ui/Build/Intermediates.noindex/ResourceRunner.build/Debug/ResourceRunner.build/ResourceRunner-DebugDylibInstallName-normal-arm64.txt -Xlinker -filelist -Xlinker /tmp/ResourceRunner-M3-task010-ui/Build/Intermediates.noindex/ResourceRunner.build/Debug/ResourceRunner.build/ResourceRunner-ExecutorLinkFileList-normal-arm64.txt /tmp/ResourceRunner-M3-task010-ui/Build/Products/Debug/ResourceRunner.app/Contents/MacOS/ResourceRunner.debug.dylib -Xlinker -no_adhoc_codesign -o /tmp/ResourceRunner-M3-task010-ui/Build/Products/Debug/ResourceRunner.app/Contents/MacOS/ResourceRunner

SwiftDriverJobDiscovery normal arm64 Emitting module for ResourceRunnerUITests (in target 'ResourceRunnerUITests' from project 'ResourceRunner')

SwiftDriver\ Compilation\ Requirements ResourceRunnerUITests normal arm64 com.apple.xcode.tools.swift.compiler (in target 'ResourceRunnerUITests' from project 'ResourceRunner')
    cd /Users/zipkero/XcodeProjects/ResourceRunner
    builtin-Swift-Compilation-Requirements -- /Applications/Xcode.app/Contents/Developer/Toolchains/XcodeDefault.xctoolchain/usr/bin/swiftc -module-name ResourceRunnerUITests -Onone @/tmp/ResourceRunner-M3-task010-ui/Build/Intermediates.noindex/ResourceRunner.build/Debug/ResourceRunnerUITests.build/Objects-normal/arm64/ResourceRunnerUITests.SwiftFileList -DDEBUG -module-alias Testing\=_Testing_Unavailable -plugin-path /Applications/Xcode.app/Contents/Developer/Toolchains/XcodeDefault.xctoolchain/usr/lib/swift/host/plugins/testing -enable-bare-slash-regex -enable-upcoming-feature DisableOutwardActorInference -enable-upcoming-feature InferSendableFromCaptures -enable-upcoming-feature GlobalActorIsolatedTypesUsability -enable-upcoming-feature MemberImportVisibility -enable-upcoming-feature InferIsolatedConformances -enable-upcoming-feature NonisolatedNonsendingByDefault -enable-experimental-feature DebugDescriptionMacro -sdk /Applications/Xcode.app/Contents/Developer/Platforms/MacOSX.platform/Developer/SDKs/MacOSX26.5.sdk -target arm64-apple-macos26.5 -g -module-cache-path /tmp/ResourceRunner-M3-task010-ui/ModuleCache.noindex -Xfrontend -serialize-debugging-options -profile-coverage-mapping -profile-generate -enable-testing -index-store-path /tmp/ResourceRunner-M3-task010-ui/Index.noindex/DataStore -Xcc -D_LIBCPP_HARDENING_MODE\=_LIBCPP_HARDENING_MODE_DEBUG -swift-version 5 -I /tmp/ResourceRunner-M3-task010-ui/Build/Products/Debug -Isystem /Applications/Xcode.app/Contents/Developer/Platforms/MacOSX.platform/Developer/usr/lib -F /tmp/ResourceRunner-M3-task010-ui/Build/Products/Debug -F /Applications/Xcode.app/Contents/Developer/Platforms/MacOSX.platform/Developer/Library/Frameworks -c -j14 -enable-batch-mode -incremental -Xcc -ivfsstatcache -Xcc /tmp/ResourceRunner-M3-task010-ui/SDKStatCaches.noindex/macosx26.5-25F70-e082c4a02f00227109f4ed75e425c832.sdkstatcache -output-file-map /tmp/ResourceRunner-M3-task010-ui/Build/Intermediates.noindex/ResourceRunner.build/Debug/ResourceRunnerUITests.build/Objects-normal/arm64/ResourceRunnerUITests-OutputFileMap.json -use-frontend-parseable-output -save-temps -no-color-diagnostics -explicit-module-build -module-cache-path /tmp/ResourceRunner-M3-task010-ui/Build/Intermediates.noindex/SwiftExplicitPrecompiledModules -clang-scanner-module-cache-path /tmp/ResourceRunner-M3-task010-ui/ModuleCache.noindex -sdk-module-cache-path /tmp/ResourceRunner-M3-task010-ui/ModuleCache.noindex -serialize-diagnostics -emit-dependencies -emit-module -emit-module-path /tmp/ResourceRunner-M3-task010-ui/Build/Intermediates.noindex/ResourceRunner.build/Debug/ResourceRunnerUITests.build/Objects-normal/arm64/ResourceRunnerUITests.swiftmodule -validate-clang-modules-once -clang-build-session-file /tmp/ResourceRunner-M3-task010-ui/ModuleCache.noindex/Session.modulevalidation -Xcc -I/tmp/ResourceRunner-M3-task010-ui/Build/Intermediates.noindex/ResourceRunner.build/Debug/ResourceRunnerUITests.build/swift-overrides.hmap -emit-const-values -Xfrontend -const-gather-protocols-file -Xfrontend /tmp/ResourceRunner-M3-task010-ui/Build/Intermediates.noindex/ResourceRunner.build/Debug/ResourceRunnerUITests.build/Objects-normal/arm64/ResourceRunnerUITests_const_extract_protocols.json -Xcc -iquote -Xcc /tmp/ResourceRunner-M3-task010-ui/Build/Intermediates.noindex/ResourceRunner.build/Debug/ResourceRunnerUITests.build/ResourceRunnerUITests-generated-files.hmap -Xcc -I/tmp/ResourceRunner-M3-task010-ui/Build/Intermediates.noindex/ResourceRunner.build/Debug/ResourceRunnerUITests.build/ResourceRunnerUITests-own-target-headers.hmap -Xcc -I/tmp/ResourceRunner-M3-task010-ui/Build/Intermediates.noindex/ResourceRunner.build/Debug/ResourceRunnerUITests.build/ResourceRunnerUITests-all-target-headers.hmap -Xcc -iquote -Xcc /tmp/ResourceRunner-M3-task010-ui/Build/Intermediates.noindex/ResourceRunner.build/Debug/ResourceRunnerUITests.build/ResourceRunnerUITests-project-headers.hmap -Xcc -I/tmp/ResourceRunner-M3-task010-ui/Build/Products/Debug/include -Xcc -I/tmp/ResourceRunner-M3-task010-ui/Build/Intermediates.noindex/ResourceRunner.build/Debug/ResourceRunnerUITests.build/DerivedSources-normal/arm64 -Xcc -I/tmp/ResourceRunner-M3-task010-ui/Build/Intermediates.noindex/ResourceRunner.build/Debug/ResourceRunnerUITests.build/DerivedSources/arm64 -Xcc -I/tmp/ResourceRunner-M3-task010-ui/Build/Intermediates.noindex/ResourceRunner.build/Debug/ResourceRunnerUITests.build/DerivedSources -Xcc -DDEBUG\=1 -emit-objc-header -emit-objc-header-path /tmp/ResourceRunner-M3-task010-ui/Build/Intermediates.noindex/ResourceRunner.build/Debug/ResourceRunnerUITests.build/Objects-normal/arm64/ResourceRunnerUITests-Swift.h -working-directory /Users/zipkero/XcodeProjects/ResourceRunner -experimental-emit-module-separately -disable-cmo

SwiftCompile normal arm64 Compiling\ CPUCoreAccessibilityUITests.swift /Users/zipkero/XcodeProjects/ResourceRunner/ResourceRunnerUITests/CPUCoreAccessibilityUITests.swift (in target 'ResourceRunnerUITests' from project 'ResourceRunner')

SwiftCompile normal arm64 /Users/zipkero/XcodeProjects/ResourceRunner/ResourceRunnerUITests/CPUCoreAccessibilityUITests.swift (in target 'ResourceRunnerUITests' from project 'ResourceRunner')
    cd /Users/zipkero/XcodeProjects/ResourceRunner
    

SwiftMergeGeneratedHeaders /tmp/ResourceRunner-M3-task010-ui/Build/Intermediates.noindex/ResourceRunner.build/Debug/ResourceRunnerUITests.build/DerivedSources/ResourceRunnerUITests-Swift.h /tmp/ResourceRunner-M3-task010-ui/Build/Intermediates.noindex/ResourceRunner.build/Debug/ResourceRunnerUITests.build/Objects-normal/arm64/ResourceRunnerUITests-Swift.h (in target 'ResourceRunnerUITests' from project 'ResourceRunner')
    cd /Users/zipkero/XcodeProjects/ResourceRunner
    builtin-swiftHeaderTool -arch arm64 /tmp/ResourceRunner-M3-task010-ui/Build/Intermediates.noindex/ResourceRunner.build/Debug/ResourceRunnerUITests.build/Objects-normal/arm64/ResourceRunnerUITests-Swift.h -o /tmp/ResourceRunner-M3-task010-ui/Build/Intermediates.noindex/ResourceRunner.build/Debug/ResourceRunnerUITests.build/DerivedSources/ResourceRunnerUITests-Swift.h

SwiftDriverJobDiscovery normal arm64 Compiling CPUCoreAccessibilityUITests.swift (in target 'ResourceRunnerUITests' from project 'ResourceRunner')

Copy /tmp/ResourceRunner-M3-task010-ui/Build/Products/Debug/ResourceRunnerUITests.swiftmodule/arm64-apple-macos.swiftmodule /tmp/ResourceRunner-M3-task010-ui/Build/Intermediates.noindex/ResourceRunner.build/Debug/ResourceRunnerUITests.build/Objects-normal/arm64/ResourceRunnerUITests.swiftmodule (in target 'ResourceRunnerUITests' from project 'ResourceRunner')
    cd /Users/zipkero/XcodeProjects/ResourceRunner
    builtin-copy -exclude .DS_Store -exclude CVS -exclude .svn -exclude .git -exclude .hg -resolve-src-symlinks -rename /tmp/ResourceRunner-M3-task010-ui/Build/Intermediates.noindex/ResourceRunner.build/Debug/ResourceRunnerUITests.build/Objects-normal/arm64/ResourceRunnerUITests.swiftmodule /tmp/ResourceRunner-M3-task010-ui/Build/Products/Debug/ResourceRunnerUITests.swiftmodule/arm64-apple-macos.swiftmodule

Copy /tmp/ResourceRunner-M3-task010-ui/Build/Products/Debug/ResourceRunnerUITests.swiftmodule/arm64-apple-macos.swiftdoc /tmp/ResourceRunner-M3-task010-ui/Build/Intermediates.noindex/ResourceRunner.build/Debug/ResourceRunnerUITests.build/Objects-normal/arm64/ResourceRunnerUITests.swiftdoc (in target 'ResourceRunnerUITests' from project 'ResourceRunner')
    cd /Users/zipkero/XcodeProjects/ResourceRunner
    builtin-copy -exclude .DS_Store -exclude CVS -exclude .svn -exclude .git -exclude .hg -resolve-src-symlinks -rename /tmp/ResourceRunner-M3-task010-ui/Build/Intermediates.noindex/ResourceRunner.build/Debug/ResourceRunnerUITests.build/Objects-normal/arm64/ResourceRunnerUITests.swiftdoc /tmp/ResourceRunner-M3-task010-ui/Build/Products/Debug/ResourceRunnerUITests.swiftmodule/arm64-apple-macos.swiftdoc

Copy /tmp/ResourceRunner-M3-task010-ui/Build/Products/Debug/ResourceRunnerUITests.swiftmodule/arm64-apple-macos.abi.json /tmp/ResourceRunner-M3-task010-ui/Build/Intermediates.noindex/ResourceRunner.build/Debug/ResourceRunnerUITests.build/Objects-normal/arm64/ResourceRunnerUITests.abi.json (in target 'ResourceRunnerUITests' from project 'ResourceRunner')
    cd /Users/zipkero/XcodeProjects/ResourceRunner
    builtin-copy -exclude .DS_Store -exclude CVS -exclude .svn -exclude .git -exclude .hg -resolve-src-symlinks -rename /tmp/ResourceRunner-M3-task010-ui/Build/Intermediates.noindex/ResourceRunner.build/Debug/ResourceRunnerUITests.build/Objects-normal/arm64/ResourceRunnerUITests.abi.json /tmp/ResourceRunner-M3-task010-ui/Build/Products/Debug/ResourceRunnerUITests.swiftmodule/arm64-apple-macos.abi.json

Copy /tmp/ResourceRunner-M3-task010-ui/Build/Products/Debug/ResourceRunnerUITests.swiftmodule/Project/arm64-apple-macos.swiftsourceinfo /tmp/ResourceRunner-M3-task010-ui/Build/Intermediates.noindex/ResourceRunner.build/Debug/ResourceRunnerUITests.build/Objects-normal/arm64/ResourceRunnerUITests.swiftsourceinfo (in target 'ResourceRunnerUITests' from project 'ResourceRunner')
    cd /Users/zipkero/XcodeProjects/ResourceRunner
    builtin-copy -exclude .DS_Store -exclude CVS -exclude .svn -exclude .git -exclude .hg -resolve-src-symlinks -rename /tmp/ResourceRunner-M3-task010-ui/Build/Intermediates.noindex/ResourceRunner.build/Debug/ResourceRunnerUITests.build/Objects-normal/arm64/ResourceRunnerUITests.swiftsourceinfo /tmp/ResourceRunner-M3-task010-ui/Build/Products/Debug/ResourceRunnerUITests.swiftmodule/Project/arm64-apple-macos.swiftsourceinfo

SwiftCompile normal arm64 Compiling\ StatusItemAccessibilityUITests.swift /Users/zipkero/XcodeProjects/ResourceRunner/ResourceRunnerUITests/StatusItemAccessibilityUITests.swift (in target 'ResourceRunnerUITests' from project 'ResourceRunner')

SwiftCompile normal arm64 /Users/zipkero/XcodeProjects/ResourceRunner/ResourceRunnerUITests/StatusItemAccessibilityUITests.swift (in target 'ResourceRunnerUITests' from project 'ResourceRunner')
    cd /Users/zipkero/XcodeProjects/ResourceRunner
    

SwiftCompile normal arm64 Compiling\ DashboardMemoryCardUITests.swift /Users/zipkero/XcodeProjects/ResourceRunner/ResourceRunnerUITests/DashboardMemoryCardUITests.swift (in target 'ResourceRunnerUITests' from project 'ResourceRunner')

SwiftCompile normal arm64 /Users/zipkero/XcodeProjects/ResourceRunner/ResourceRunnerUITests/DashboardMemoryCardUITests.swift (in target 'ResourceRunnerUITests' from project 'ResourceRunner')
    cd /Users/zipkero/XcodeProjects/ResourceRunner
    

SwiftDriverJobDiscovery normal arm64 Compiling StatusItemAccessibilityUITests.swift (in target 'ResourceRunnerUITests' from project 'ResourceRunner')

SwiftCompile normal arm64 Compiling\ DashboardDetailExpansionUITests.swift /Users/zipkero/XcodeProjects/ResourceRunner/ResourceRunnerUITests/DashboardDetailExpansionUITests.swift (in target 'ResourceRunnerUITests' from project 'ResourceRunner')

SwiftCompile normal arm64 /Users/zipkero/XcodeProjects/ResourceRunner/ResourceRunnerUITests/DashboardDetailExpansionUITests.swift (in target 'ResourceRunnerUITests' from project 'ResourceRunner')
    cd /Users/zipkero/XcodeProjects/ResourceRunner
    

SwiftDriverJobDiscovery normal arm64 Compiling DashboardMemoryCardUITests.swift (in target 'ResourceRunnerUITests' from project 'ResourceRunner')

SwiftCompile normal arm64 Compiling\ DashboardCPUCardUITests.swift /Users/zipkero/XcodeProjects/ResourceRunner/ResourceRunnerUITests/DashboardCPUCardUITests.swift (in target 'ResourceRunnerUITests' from project 'ResourceRunner')

SwiftCompile normal arm64 /Users/zipkero/XcodeProjects/ResourceRunner/ResourceRunnerUITests/DashboardCPUCardUITests.swift (in target 'ResourceRunnerUITests' from project 'ResourceRunner')
    cd /Users/zipkero/XcodeProjects/ResourceRunner
    

SwiftDriverJobDiscovery normal arm64 Compiling ResourceRateGraphTests.swift, ResourceRunnerTests.swift, StatusBarControllerTests.swift (in target 'ResourceRunnerTests' from project 'ResourceRunner')

SwiftCompile normal arm64 Compiling\ OneSessionMonitoringIntegrationUITests.swift /Users/zipkero/XcodeProjects/ResourceRunner/ResourceRunnerUITests/OneSessionMonitoringIntegrationUITests.swift (in target 'ResourceRunnerUITests' from project 'ResourceRunner')

SwiftCompile normal arm64 /Users/zipkero/XcodeProjects/ResourceRunner/ResourceRunnerUITests/OneSessionMonitoringIntegrationUITests.swift (in target 'ResourceRunnerUITests' from project 'ResourceRunner')
    cd /Users/zipkero/XcodeProjects/ResourceRunner
    

SwiftDriverJobDiscovery normal arm64 Compiling DashboardDetailExpansionUITests.swift (in target 'ResourceRunnerUITests' from project 'ResourceRunner')

SwiftCompile normal arm64 Compiling\ DashboardProcessListDisplayUITests.swift /Users/zipkero/XcodeProjects/ResourceRunner/ResourceRunnerUITests/DashboardProcessListDisplayUITests.swift (in target 'ResourceRunnerUITests' from project 'ResourceRunner')

SwiftCompile normal arm64 /Users/zipkero/XcodeProjects/ResourceRunner/ResourceRunnerUITests/DashboardProcessListDisplayUITests.swift (in target 'ResourceRunnerUITests' from project 'ResourceRunner')
    cd /Users/zipkero/XcodeProjects/ResourceRunner
    

SwiftDriverJobDiscovery normal arm64 Compiling DashboardCPUCardUITests.swift (in target 'ResourceRunnerUITests' from project 'ResourceRunner')

SwiftCompile normal arm64 Compiling\ DashboardCardSelectionUITests.swift /Users/zipkero/XcodeProjects/ResourceRunner/ResourceRunnerUITests/DashboardCardSelectionUITests.swift (in target 'ResourceRunnerUITests' from project 'ResourceRunner')

SwiftCompile normal arm64 /Users/zipkero/XcodeProjects/ResourceRunner/ResourceRunnerUITests/DashboardCardSelectionUITests.swift (in target 'ResourceRunnerUITests' from project 'ResourceRunner')
    cd /Users/zipkero/XcodeProjects/ResourceRunner
    

SwiftDriverJobDiscovery normal arm64 Compiling CPUActivityStateEvaluatorTests.swift, CPUCoreGridLayoutTests.swift, CPUCoreGridVerticalBudgetTests.swift (in target 'ResourceRunnerTests' from project 'ResourceRunner')

SwiftCompile normal arm64 Compiling\ DashboardDetailPopoverUITests.swift /Users/zipkero/XcodeProjects/ResourceRunner/ResourceRunnerUITests/DashboardDetailPopoverUITests.swift (in target 'ResourceRunnerUITests' from project 'ResourceRunner')

SwiftCompile normal arm64 /Users/zipkero/XcodeProjects/ResourceRunner/ResourceRunnerUITests/DashboardDetailPopoverUITests.swift (in target 'ResourceRunnerUITests' from project 'ResourceRunner')
    cd /Users/zipkero/XcodeProjects/ResourceRunner
    

SwiftDriverJobDiscovery normal arm64 Compiling OneSessionMonitoringIntegrationUITests.swift (in target 'ResourceRunnerUITests' from project 'ResourceRunner')

SwiftCompile normal arm64 Compiling\ ResourceRunnerUITestsLaunchTests.swift /Users/zipkero/XcodeProjects/ResourceRunner/ResourceRunnerUITests/ResourceRunnerUITestsLaunchTests.swift (in target 'ResourceRunnerUITests' from project 'ResourceRunner')

SwiftCompile normal arm64 /Users/zipkero/XcodeProjects/ResourceRunner/ResourceRunnerUITests/ResourceRunnerUITestsLaunchTests.swift (in target 'ResourceRunnerUITests' from project 'ResourceRunner')
    cd /Users/zipkero/XcodeProjects/ResourceRunner
    

SwiftDriverJobDiscovery normal arm64 Compiling SystemMetricsCollectorTests.swift, SystemMetricsSampleSourceTests.swift (in target 'ResourceRunnerTests' from project 'ResourceRunner')

SwiftCompile normal arm64 Compiling\ ResourceRunnerUITests.swift /Users/zipkero/XcodeProjects/ResourceRunner/ResourceRunnerUITests/ResourceRunnerUITests.swift (in target 'ResourceRunnerUITests' from project 'ResourceRunner')

SwiftCompile normal arm64 /Users/zipkero/XcodeProjects/ResourceRunner/ResourceRunnerUITests/ResourceRunnerUITests.swift (in target 'ResourceRunnerUITests' from project 'ResourceRunner')
    cd /Users/zipkero/XcodeProjects/ResourceRunner
    

SwiftDriverJobDiscovery normal arm64 Compiling DashboardProcessListDisplayUITests.swift (in target 'ResourceRunnerUITests' from project 'ResourceRunner')

SwiftCompile normal arm64 Compiling\ NetworkCardUITests.swift /Users/zipkero/XcodeProjects/ResourceRunner/ResourceRunnerUITests/NetworkCardUITests.swift (in target 'ResourceRunnerUITests' from project 'ResourceRunner')

SwiftCompile normal arm64 /Users/zipkero/XcodeProjects/ResourceRunner/ResourceRunnerUITests/NetworkCardUITests.swift (in target 'ResourceRunnerUITests' from project 'ResourceRunner')
    cd /Users/zipkero/XcodeProjects/ResourceRunner
    

SwiftDriverJobDiscovery normal arm64 Compiling DashboardCardSelectionUITests.swift (in target 'ResourceRunnerUITests' from project 'ResourceRunner')

SwiftCompile normal arm64 Compiling\ CharacterStateSourceTests.swift,\ CollectionAdmissionTests.swift,\ CollectionPipelinesTests.swift /Users/zipkero/XcodeProjects/ResourceRunner/ResourceRunnerTests/CharacterStateSourceTests.swift /Users/zipkero/XcodeProjects/ResourceRunner/ResourceRunnerTests/CollectionAdmissionTests.swift /Users/zipkero/XcodeProjects/ResourceRunner/ResourceRunnerTests/CollectionPipelinesTests.swift (in target 'ResourceRunnerTests' from project 'ResourceRunner')

SwiftCompile normal arm64 /Users/zipkero/XcodeProjects/ResourceRunner/ResourceRunnerTests/CharacterStateSourceTests.swift (in target 'ResourceRunnerTests' from project 'ResourceRunner')
    cd /Users/zipkero/XcodeProjects/ResourceRunner
    

SwiftCompile normal arm64 /Users/zipkero/XcodeProjects/ResourceRunner/ResourceRunnerTests/CollectionAdmissionTests.swift (in target 'ResourceRunnerTests' from project 'ResourceRunner')
    cd /Users/zipkero/XcodeProjects/ResourceRunner
    

SwiftCompile normal arm64 /Users/zipkero/XcodeProjects/ResourceRunner/ResourceRunnerTests/CollectionPipelinesTests.swift (in target 'ResourceRunnerTests' from project 'ResourceRunner')
    cd /Users/zipkero/XcodeProjects/ResourceRunner
    

SwiftDriverJobDiscovery normal arm64 Compiling ResourceRunnerUITestsLaunchTests.swift (in target 'ResourceRunnerUITests' from project 'ResourceRunner')

SwiftCompile normal arm64 Compiling\ ApplicationRankingTests.swift,\ ApplicationRowIconTests.swift,\ AuxiliaryCollectionSchedulerTests.swift /Users/zipkero/XcodeProjects/ResourceRunner/ResourceRunnerTests/ApplicationRankingTests.swift /Users/zipkero/XcodeProjects/ResourceRunner/ResourceRunnerTests/ApplicationRowIconTests.swift /Users/zipkero/XcodeProjects/ResourceRunner/ResourceRunnerTests/AuxiliaryCollectionSchedulerTests.swift (in target 'ResourceRunnerTests' from project 'ResourceRunner')

SwiftCompile normal arm64 /Users/zipkero/XcodeProjects/ResourceRunner/ResourceRunnerTests/ApplicationRankingTests.swift (in target 'ResourceRunnerTests' from project 'ResourceRunner')
    cd /Users/zipkero/XcodeProjects/ResourceRunner
    
/Users/zipkero/XcodeProjects/ResourceRunner/ResourceRunnerTests/ApplicationRankingTests.swift:1079:31: warning: '#require(_:_:)' is redundant because 'result.first { $0.key.value == "/A" }' never equals 'nil' (from macro 'require')
        let a = try? #require(result.first { $0.key.value == "/A" })
                              ^~~~~~~~~~~~~~~~~~~~~~~~~~~~~~~~~~~~~
@__swiftmacro_19ResourceRunnerTests0034ApplicationRowIconTestsswift_oeBCkfMX59_8_6expectfMf_.swift:1:46: warning: '#require(_:_:)' is redundant because 'provider.icon(for: Self.knownKey)' never equals 'nil' (from macro 'require')
Testing.__checkValue(image === (try #require(provider.icon(for: Self.knownKey))),expression: .__fromSyntaxNode("image === (try #require(provider.icon(for: Self.knownKey)))"),comments: [],isRequired: false,sourceLocation: Testing.SourceLocation.__here()).__expected()
                                             ^~~~~~~~~~~~~~~~~~~~~~~~~~~~~~~~~
/Users/zipkero/XcodeProjects/ResourceRunner/ResourceRunnerTests/ApplicationRowIconTests.swift:60:9: note: in expansion of macro 'expect' here
        #expect(image === (try #require(provider.icon(for: Self.knownKey))))
        ^~~~~~~~~~~~~~~~~~~~~~~~~~~~~~~~~~~~~~~~~~~~~~~~~~~~~~~~~~~~~~~~~~~~
/Users/zipkero/XcodeProjects/ResourceRunner/ResourceRunnerTests/ApplicationRowIconTests.swift:60:9: note: in expansion of macro 'expect' here
        #expect(image === (try #require(provider.icon(for: Self.knownKey))))
        ^~~~~~~~~~~~~~~~~~~~~~~~~~~~~~~~~~~~~~~~~~~~~~~~~~~~~~~~~~~~~~~~~~~~

SwiftCompile normal arm64 /Users/zipkero/XcodeProjects/ResourceRunner/ResourceRunnerTests/ApplicationRowIconTests.swift (in target 'ResourceRunnerTests' from project 'ResourceRunner')
    cd /Users/zipkero/XcodeProjects/ResourceRunner
    
/Users/zipkero/XcodeProjects/ResourceRunner/ResourceRunnerTests/ApplicationRankingTests.swift:1079:31: warning: '#require(_:_:)' is redundant because 'result.first { $0.key.value == "/A" }' never equals 'nil' (from macro 'require')
        let a = try? #require(result.first { $0.key.value == "/A" })
                              ^~~~~~~~~~~~~~~~~~~~~~~~~~~~~~~~~~~~~
@__swiftmacro_19ResourceRunnerTests0034ApplicationRowIconTestsswift_oeBCkfMX59_8_6expectfMf_.swift:1:46: warning: '#require(_:_:)' is redundant because 'provider.icon(for: Self.knownKey)' never equals 'nil' (from macro 'require')
Testing.__checkValue(image === (try #require(provider.icon(for: Self.knownKey))),expression: .__fromSyntaxNode("image === (try #require(provider.icon(for: Self.knownKey)))"),comments: [],isRequired: false,sourceLocation: Testing.SourceLocation.__here()).__expected()
                                             ^~~~~~~~~~~~~~~~~~~~~~~~~~~~~~~~~
/Users/zipkero/XcodeProjects/ResourceRunner/ResourceRunnerTests/ApplicationRowIconTests.swift:60:9: note: in expansion of macro 'expect' here
        #expect(image === (try #require(provider.icon(for: Self.knownKey))))
        ^~~~~~~~~~~~~~~~~~~~~~~~~~~~~~~~~~~~~~~~~~~~~~~~~~~~~~~~~~~~~~~~~~~~
/Users/zipkero/XcodeProjects/ResourceRunner/ResourceRunnerTests/ApplicationRowIconTests.swift:60:9: note: in expansion of macro 'expect' here
        #expect(image === (try #require(provider.icon(for: Self.knownKey))))
        ^~~~~~~~~~~~~~~~~~~~~~~~~~~~~~~~~~~~~~~~~~~~~~~~~~~~~~~~~~~~~~~~~~~~

SwiftCompile normal arm64 /Users/zipkero/XcodeProjects/ResourceRunner/ResourceRunnerTests/AuxiliaryCollectionSchedulerTests.swift (in target 'ResourceRunnerTests' from project 'ResourceRunner')
    cd /Users/zipkero/XcodeProjects/ResourceRunner
    
/Users/zipkero/XcodeProjects/ResourceRunner/ResourceRunnerTests/ApplicationRankingTests.swift:1079:31: warning: '#require(_:_:)' is redundant because 'result.first { $0.key.value == "/A" }' never equals 'nil' (from macro 'require')
        let a = try? #require(result.first { $0.key.value == "/A" })
                              ^~~~~~~~~~~~~~~~~~~~~~~~~~~~~~~~~~~~~
@__swiftmacro_19ResourceRunnerTests0034ApplicationRowIconTestsswift_oeBCkfMX59_8_6expectfMf_.swift:1:46: warning: '#require(_:_:)' is redundant because 'provider.icon(for: Self.knownKey)' never equals 'nil' (from macro 'require')
Testing.__checkValue(image === (try #require(provider.icon(for: Self.knownKey))),expression: .__fromSyntaxNode("image === (try #require(provider.icon(for: Self.knownKey)))"),comments: [],isRequired: false,sourceLocation: Testing.SourceLocation.__here()).__expected()
                                             ^~~~~~~~~~~~~~~~~~~~~~~~~~~~~~~~~
/Users/zipkero/XcodeProjects/ResourceRunner/ResourceRunnerTests/ApplicationRowIconTests.swift:60:9: note: in expansion of macro 'expect' here
        #expect(image === (try #require(provider.icon(for: Self.knownKey))))
        ^~~~~~~~~~~~~~~~~~~~~~~~~~~~~~~~~~~~~~~~~~~~~~~~~~~~~~~~~~~~~~~~~~~~
/Users/zipkero/XcodeProjects/ResourceRunner/ResourceRunnerTests/ApplicationRowIconTests.swift:60:9: note: in expansion of macro 'expect' here
        #expect(image === (try #require(provider.icon(for: Self.knownKey))))
        ^~~~~~~~~~~~~~~~~~~~~~~~~~~~~~~~~~~~~~~~~~~~~~~~~~~~~~~~~~~~~~~~~~~~

SwiftDriverJobDiscovery normal arm64 Compiling DashboardDetailPopoverUITests.swift (in target 'ResourceRunnerUITests' from project 'ResourceRunner')

SwiftDriverJobDiscovery normal arm64 Compiling ResourceRunnerUITests.swift (in target 'ResourceRunnerUITests' from project 'ResourceRunner')

ExtractAppIntentsMetadata (in target 'ResourceRunner' from project 'ResourceRunner')
    cd /Users/zipkero/XcodeProjects/ResourceRunner
    /Applications/Xcode.app/Contents/Developer/Toolchains/XcodeDefault.xctoolchain/usr/bin/appintentsmetadataprocessor --toolchain-dir /Applications/Xcode.app/Contents/Developer/Toolchains/XcodeDefault.xctoolchain --module-name ResourceRunner --sdk-root /Applications/Xcode.app/Contents/Developer/Platforms/MacOSX.platform/Developer/SDKs/MacOSX26.5.sdk --xcode-version 17F113 --platform-family macOS --deployment-target 26.5 --bundle-identifier com.zipkero.ResourceRunner --output /tmp/ResourceRunner-M3-task010-ui/Build/Products/Debug/ResourceRunner.app/Contents/Resources --target-triple arm64-apple-macos26.5 --binary-file /tmp/ResourceRunner-M3-task010-ui/Build/Products/Debug/ResourceRunner.app/Contents/MacOS/ResourceRunner --dependency-file /tmp/ResourceRunner-M3-task010-ui/Build/Intermediates.noindex/ResourceRunner.build/Debug/ResourceRunner.build/Objects-normal/arm64/ResourceRunner_dependency_info.dat --stringsdata-file /tmp/ResourceRunner-M3-task010-ui/Build/Intermediates.noindex/ResourceRunner.build/Debug/ResourceRunner.build/Objects-normal/arm64/ExtractedAppShortcutsMetadata.stringsdata --source-file-list /tmp/ResourceRunner-M3-task010-ui/Build/Intermediates.noindex/ResourceRunner.build/Debug/ResourceRunner.build/Objects-normal/arm64/ResourceRunner.SwiftFileList --metadata-file-list /tmp/ResourceRunner-M3-task010-ui/Build/Intermediates.noindex/ResourceRunner.build/Debug/ResourceRunner.build/ResourceRunner.DependencyMetadataFileList --static-metadata-file-list /tmp/ResourceRunner-M3-task010-ui/Build/Intermediates.noindex/ResourceRunner.build/Debug/ResourceRunner.build/ResourceRunner.DependencyStaticMetadataFileList --swift-const-vals-list /tmp/ResourceRunner-M3-task010-ui/Build/Intermediates.noindex/ResourceRunner.build/Debug/ResourceRunner.build/Objects-normal/arm64/ResourceRunner.SwiftConstValuesFileList --compile-time-extraction --deployment-aware-processing --validate-assistant-intents --no-app-shortcuts-localization
2026-10-01 23:45:19.979 appintentsmetadataprocessor[18023:45784063] Starting appintentsmetadataprocessor export
2026-10-01 23:45:19.981 appintentsmetadataprocessor[18023:45784063] warning: Metadata extraction skipped. No AppIntents.framework dependency found.

CopySwiftLibs /tmp/ResourceRunner-M3-task010-ui/Build/Products/Debug/ResourceRunner.app (in target 'ResourceRunner' from project 'ResourceRunner')
    cd /Users/zipkero/XcodeProjects/ResourceRunner
    builtin-swiftStdLibTool --copy --verbose --sign - --scan-executable /tmp/ResourceRunner-M3-task010-ui/Build/Products/Debug/ResourceRunner.app/Contents/MacOS/ResourceRunner.debug.dylib --scan-folder /tmp/ResourceRunner-M3-task010-ui/Build/Products/Debug/ResourceRunner.app/Contents/Frameworks --scan-folder /tmp/ResourceRunner-M3-task010-ui/Build/Products/Debug/ResourceRunner.app/Contents/PlugIns --scan-folder /tmp/ResourceRunner-M3-task010-ui/Build/Products/Debug/ResourceRunner.app/Contents/Library/SystemExtensions --scan-folder /tmp/ResourceRunner-M3-task010-ui/Build/Products/Debug/ResourceRunner.app/Contents/Extensions --platform macosx --toolchain /Applications/Xcode.app/Contents/Developer/Toolchains/XcodeDefault.xctoolchain --destination /tmp/ResourceRunner-M3-task010-ui/Build/Products/Debug/ResourceRunner.app/Contents/Frameworks --strip-bitcode --strip-bitcode-tool /Applications/Xcode.app/Contents/Developer/Toolchains/XcodeDefault.xctoolchain/usr/bin/bitcode_strip --emit-dependency-info /tmp/ResourceRunner-M3-task010-ui/Build/Intermediates.noindex/ResourceRunner.build/Debug/ResourceRunner.build/SwiftStdLibToolInputDependencies.dep --filter-for-swift-os

SwiftDriverJobDiscovery normal arm64 Compiling NetworkCardUITests.swift (in target 'ResourceRunnerUITests' from project 'ResourceRunner')

SwiftDriver\ Compilation ResourceRunnerUITests normal arm64 com.apple.xcode.tools.swift.compiler (in target 'ResourceRunnerUITests' from project 'ResourceRunner')
    cd /Users/zipkero/XcodeProjects/ResourceRunner
    builtin-Swift-Compilation -- /Applications/Xcode.app/Contents/Developer/Toolchains/XcodeDefault.xctoolchain/usr/bin/swiftc -module-name ResourceRunnerUITests -Onone @/tmp/ResourceRunner-M3-task010-ui/Build/Intermediates.noindex/ResourceRunner.build/Debug/ResourceRunnerUITests.build/Objects-normal/arm64/ResourceRunnerUITests.SwiftFileList -DDEBUG -module-alias Testing\=_Testing_Unavailable -plugin-path /Applications/Xcode.app/Contents/Developer/Toolchains/XcodeDefault.xctoolchain/usr/lib/swift/host/plugins/testing -enable-bare-slash-regex -enable-upcoming-feature DisableOutwardActorInference -enable-upcoming-feature InferSendableFromCaptures -enable-upcoming-feature GlobalActorIsolatedTypesUsability -enable-upcoming-feature MemberImportVisibility -enable-upcoming-feature InferIsolatedConformances -enable-upcoming-feature NonisolatedNonsendingByDefault -enable-experimental-feature DebugDescriptionMacro -sdk /Applications/Xcode.app/Contents/Developer/Platforms/MacOSX.platform/Developer/SDKs/MacOSX26.5.sdk -target arm64-apple-macos26.5 -g -module-cache-path /tmp/ResourceRunner-M3-task010-ui/ModuleCache.noindex -Xfrontend -serialize-debugging-options -profile-coverage-mapping -profile-generate -enable-testing -index-store-path /tmp/ResourceRunner-M3-task010-ui/Index.noindex/DataStore -Xcc -D_LIBCPP_HARDENING_MODE\=_LIBCPP_HARDENING_MODE_DEBUG -swift-version 5 -I /tmp/ResourceRunner-M3-task010-ui/Build/Products/Debug -Isystem /Applications/Xcode.app/Contents/Developer/Platforms/MacOSX.platform/Developer/usr/lib -F /tmp/ResourceRunner-M3-task010-ui/Build/Products/Debug -F /Applications/Xcode.app/Contents/Developer/Platforms/MacOSX.platform/Developer/Library/Frameworks -c -j14 -enable-batch-mode -incremental -Xcc -ivfsstatcache -Xcc /tmp/ResourceRunner-M3-task010-ui/SDKStatCaches.noindex/macosx26.5-25F70-e082c4a02f00227109f4ed75e425c832.sdkstatcache -output-file-map /tmp/ResourceRunner-M3-task010-ui/Build/Intermediates.noindex/ResourceRunner.build/Debug/ResourceRunnerUITests.build/Objects-normal/arm64/ResourceRunnerUITests-OutputFileMap.json -use-frontend-parseable-output -save-temps -no-color-diagnostics -explicit-module-build -module-cache-path /tmp/ResourceRunner-M3-task010-ui/Build/Intermediates.noindex/SwiftExplicitPrecompiledModules -clang-scanner-module-cache-path /tmp/ResourceRunner-M3-task010-ui/ModuleCache.noindex -sdk-module-cache-path /tmp/ResourceRunner-M3-task010-ui/ModuleCache.noindex -serialize-diagnostics -emit-dependencies -emit-module -emit-module-path /tmp/ResourceRunner-M3-task010-ui/Build/Intermediates.noindex/ResourceRunner.build/Debug/ResourceRunnerUITests.build/Objects-normal/arm64/ResourceRunnerUITests.swiftmodule -validate-clang-modules-once -clang-build-session-file /tmp/ResourceRunner-M3-task010-ui/ModuleCache.noindex/Session.modulevalidation -Xcc -I/tmp/ResourceRunner-M3-task010-ui/Build/Intermediates.noindex/ResourceRunner.build/Debug/ResourceRunnerUITests.build/swift-overrides.hmap -emit-const-values -Xfrontend -const-gather-protocols-file -Xfrontend /tmp/ResourceRunner-M3-task010-ui/Build/Intermediates.noindex/ResourceRunner.build/Debug/ResourceRunnerUITests.build/Objects-normal/arm64/ResourceRunnerUITests_const_extract_protocols.json -Xcc -iquote -Xcc /tmp/ResourceRunner-M3-task010-ui/Build/Intermediates.noindex/ResourceRunner.build/Debug/ResourceRunnerUITests.build/ResourceRunnerUITests-generated-files.hmap -Xcc -I/tmp/ResourceRunner-M3-task010-ui/Build/Intermediates.noindex/ResourceRunner.build/Debug/ResourceRunnerUITests.build/ResourceRunnerUITests-own-target-headers.hmap -Xcc -I/tmp/ResourceRunner-M3-task010-ui/Build/Intermediates.noindex/ResourceRunner.build/Debug/ResourceRunnerUITests.build/ResourceRunnerUITests-all-target-headers.hmap -Xcc -iquote -Xcc /tmp/ResourceRunner-M3-task010-ui/Build/Intermediates.noindex/ResourceRunner.build/Debug/ResourceRunnerUITests.build/ResourceRunnerUITests-project-headers.hmap -Xcc -I/tmp/ResourceRunner-M3-task010-ui/Build/Products/Debug/include -Xcc -I/tmp/ResourceRunner-M3-task010-ui/Build/Intermediates.noindex/ResourceRunner.build/Debug/ResourceRunnerUITests.build/DerivedSources-normal/arm64 -Xcc -I/tmp/ResourceRunner-M3-task010-ui/Build/Intermediates.noindex/ResourceRunner.build/Debug/ResourceRunnerUITests.build/DerivedSources/arm64 -Xcc -I/tmp/ResourceRunner-M3-task010-ui/Build/Intermediates.noindex/ResourceRunner.build/Debug/ResourceRunnerUITests.build/DerivedSources -Xcc -DDEBUG\=1 -emit-objc-header -emit-objc-header-path /tmp/ResourceRunner-M3-task010-ui/Build/Intermediates.noindex/ResourceRunner.build/Debug/ResourceRunnerUITests.build/Objects-normal/arm64/ResourceRunnerUITests-Swift.h -working-directory /Users/zipkero/XcodeProjects/ResourceRunner -experimental-emit-module-separately -disable-cmo

ProcessInfoPlistFile /tmp/ResourceRunner-M3-task010-ui/Build/Products/Debug/ResourceRunner.app/Contents/PlugIns/ResourceRunnerTests.xctest/Contents/Info.plist /tmp/ResourceRunner-M3-task010-ui/Build/Intermediates.noindex/ResourceRunner.build/Debug/ResourceRunnerTests.build/empty-ResourceRunnerTests.plist (in target 'ResourceRunnerTests' from project 'ResourceRunner')
    cd /Users/zipkero/XcodeProjects/ResourceRunner
    builtin-infoPlistUtility /tmp/ResourceRunner-M3-task010-ui/Build/Intermediates.noindex/ResourceRunner.build/Debug/ResourceRunnerTests.build/empty-ResourceRunnerTests.plist -producttype com.apple.product-type.bundle.unit-test -expandbuildsettings -platform macosx -o /tmp/ResourceRunner-M3-task010-ui/Build/Products/Debug/ResourceRunner.app/Contents/PlugIns/ResourceRunnerTests.xctest/Contents/Info.plist

SwiftDriverJobDiscovery normal arm64 Compiling NetworkMetadataTests.swift, NetworkNativeAdapterTests.swift, ProcessHistoryStoreTests.swift (in target 'ResourceRunnerTests' from project 'ResourceRunner')

SwiftDriverJobDiscovery normal arm64 Compiling DetailPopoverValuelessStateTests.swift, DiskActivityTests.swift, DiskNativeAdapterTests.swift (in target 'ResourceRunnerTests' from project 'ResourceRunner')

SwiftDriverJobDiscovery normal arm64 Emitting module for ResourceRunnerTests (in target 'ResourceRunnerTests' from project 'ResourceRunner')

SwiftDriver\ Compilation\ Requirements ResourceRunnerTests normal arm64 com.apple.xcode.tools.swift.compiler (in target 'ResourceRunnerTests' from project 'ResourceRunner')
    cd /Users/zipkero/XcodeProjects/ResourceRunner
    builtin-Swift-Compilation-Requirements -- /Applications/Xcode.app/Contents/Developer/Toolchains/XcodeDefault.xctoolchain/usr/bin/swiftc -module-name ResourceRunnerTests -Onone @/tmp/ResourceRunner-M3-task010-ui/Build/Intermediates.noindex/ResourceRunner.build/Debug/ResourceRunnerTests.build/Objects-normal/arm64/ResourceRunnerTests.SwiftFileList -DDEBUG -plugin-path /Applications/Xcode.app/Contents/Developer/Toolchains/XcodeDefault.xctoolchain/usr/lib/swift/host/plugins/testing -enable-bare-slash-regex -enable-upcoming-feature DisableOutwardActorInference -enable-upcoming-feature InferSendableFromCaptures -enable-upcoming-feature GlobalActorIsolatedTypesUsability -enable-upcoming-feature MemberImportVisibility -enable-upcoming-feature InferIsolatedConformances -enable-upcoming-feature NonisolatedNonsendingByDefault -enable-experimental-feature DebugDescriptionMacro -sdk /Applications/Xcode.app/Contents/Developer/Platforms/MacOSX.platform/Developer/SDKs/MacOSX26.5.sdk -target arm64-apple-macos26.5 -g -module-cache-path /tmp/ResourceRunner-M3-task010-ui/ModuleCache.noindex -Xfrontend -serialize-debugging-options -profile-coverage-mapping -profile-generate -enable-testing -index-store-path /tmp/ResourceRunner-M3-task010-ui/Index.noindex/DataStore -Xcc -D_LIBCPP_HARDENING_MODE\=_LIBCPP_HARDENING_MODE_DEBUG -swift-version 5 -I /tmp/ResourceRunner-M3-task010-ui/Build/Products/Debug -Isystem /Applications/Xcode.app/Contents/Developer/Platforms/MacOSX.platform/Developer/usr/lib -F /tmp/ResourceRunner-M3-task010-ui/Build/Products/Debug -F /Applications/Xcode.app/Contents/Developer/Platforms/MacOSX.platform/Developer/Library/Frameworks -c -j14 -enable-batch-mode -incremental -Xcc -ivfsstatcache -Xcc /tmp/ResourceRunner-M3-task010-ui/SDKStatCaches.noindex/macosx26.5-25F70-e082c4a02f00227109f4ed75e425c832.sdkstatcache -output-file-map /tmp/ResourceRunner-M3-task010-ui/Build/Intermediates.noindex/ResourceRunner.build/Debug/ResourceRunnerTests.build/Objects-normal/arm64/ResourceRunnerTests-OutputFileMap.json -use-frontend-parseable-output -save-temps -no-color-diagnostics -explicit-module-build -module-cache-path /tmp/ResourceRunner-M3-task010-ui/Build/Intermediates.noindex/SwiftExplicitPrecompiledModules -clang-scanner-module-cache-path /tmp/ResourceRunner-M3-task010-ui/ModuleCache.noindex -sdk-module-cache-path /tmp/ResourceRunner-M3-task010-ui/ModuleCache.noindex -serialize-diagnostics -emit-dependencies -emit-module -emit-module-path /tmp/ResourceRunner-M3-task010-ui/Build/Intermediates.noindex/ResourceRunner.build/Debug/ResourceRunnerTests.build/Objects-normal/arm64/ResourceRunnerTests.swiftmodule -validate-clang-modules-once -clang-build-session-file /tmp/ResourceRunner-M3-task010-ui/ModuleCache.noindex/Session.modulevalidation -Xcc -I/tmp/ResourceRunner-M3-task010-ui/Build/Intermediates.noindex/ResourceRunner.build/Debug/ResourceRunnerTests.build/swift-overrides.hmap -emit-const-values -Xfrontend -const-gather-protocols-file -Xfrontend /tmp/ResourceRunner-M3-task010-ui/Build/Intermediates.noindex/ResourceRunner.build/Debug/ResourceRunnerTests.build/Objects-normal/arm64/ResourceRunnerTests_const_extract_protocols.json -Xcc -iquote -Xcc /tmp/ResourceRunner-M3-task010-ui/Build/Intermediates.noindex/ResourceRunner.build/Debug/ResourceRunnerTests.build/ResourceRunnerTests-generated-files.hmap -Xcc -I/tmp/ResourceRunner-M3-task010-ui/Build/Intermediates.noindex/ResourceRunner.build/Debug/ResourceRunnerTests.build/ResourceRunnerTests-own-target-headers.hmap -Xcc -I/tmp/ResourceRunner-M3-task010-ui/Build/Intermediates.noindex/ResourceRunner.build/Debug/ResourceRunnerTests.build/ResourceRunnerTests-all-target-headers.hmap -Xcc -iquote -Xcc /tmp/ResourceRunner-M3-task010-ui/Build/Intermediates.noindex/ResourceRunner.build/Debug/ResourceRunnerTests.build/ResourceRunnerTests-project-headers.hmap -Xcc -I/tmp/ResourceRunner-M3-task010-ui/Build/Products/Debug/include -Xcc -I/tmp/ResourceRunner-M3-task010-ui/Build/Intermediates.noindex/ResourceRunner.build/Debug/ResourceRunnerTests.build/DerivedSources-normal/arm64 -Xcc -I/tmp/ResourceRunner-M3-task010-ui/Build/Intermediates.noindex/ResourceRunner.build/Debug/ResourceRunnerTests.build/DerivedSources/arm64 -Xcc -I/tmp/ResourceRunner-M3-task010-ui/Build/Intermediates.noindex/ResourceRunner.build/Debug/ResourceRunnerTests.build/DerivedSources -Xcc -DDEBUG\=1 -emit-objc-header -emit-objc-header-path /tmp/ResourceRunner-M3-task010-ui/Build/Intermediates.noindex/ResourceRunner.build/Debug/ResourceRunnerTests.build/Objects-normal/arm64/ResourceRunnerTests-Swift.h -working-directory /Users/zipkero/XcodeProjects/ResourceRunner -experimental-emit-module-separately -disable-cmo

Copy /tmp/ResourceRunner-M3-task010-ui/Build/Products/Debug/ResourceRunnerTests.swiftmodule/arm64-apple-macos.abi.json /tmp/ResourceRunner-M3-task010-ui/Build/Intermediates.noindex/ResourceRunner.build/Debug/ResourceRunnerTests.build/Objects-normal/arm64/ResourceRunnerTests.abi.json (in target 'ResourceRunnerTests' from project 'ResourceRunner')
    cd /Users/zipkero/XcodeProjects/ResourceRunner
    builtin-copy -exclude .DS_Store -exclude CVS -exclude .svn -exclude .git -exclude .hg -resolve-src-symlinks -rename /tmp/ResourceRunner-M3-task010-ui/Build/Intermediates.noindex/ResourceRunner.build/Debug/ResourceRunnerTests.build/Objects-normal/arm64/ResourceRunnerTests.abi.json /tmp/ResourceRunner-M3-task010-ui/Build/Products/Debug/ResourceRunnerTests.swiftmodule/arm64-apple-macos.abi.json

Copy /tmp/ResourceRunner-M3-task010-ui/Build/Products/Debug/ResourceRunnerTests.swiftmodule/arm64-apple-macos.swiftmodule /tmp/ResourceRunner-M3-task010-ui/Build/Intermediates.noindex/ResourceRunner.build/Debug/ResourceRunnerTests.build/Objects-normal/arm64/ResourceRunnerTests.swiftmodule (in target 'ResourceRunnerTests' from project 'ResourceRunner')
    cd /Users/zipkero/XcodeProjects/ResourceRunner
    builtin-copy -exclude .DS_Store -exclude CVS -exclude .svn -exclude .git -exclude .hg -resolve-src-symlinks -rename /tmp/ResourceRunner-M3-task010-ui/Build/Intermediates.noindex/ResourceRunner.build/Debug/ResourceRunnerTests.build/Objects-normal/arm64/ResourceRunnerTests.swiftmodule /tmp/ResourceRunner-M3-task010-ui/Build/Products/Debug/ResourceRunnerTests.swiftmodule/arm64-apple-macos.swiftmodule

Copy /tmp/ResourceRunner-M3-task010-ui/Build/Products/Debug/ResourceRunnerTests.swiftmodule/arm64-apple-macos.swiftdoc /tmp/ResourceRunner-M3-task010-ui/Build/Intermediates.noindex/ResourceRunner.build/Debug/ResourceRunnerTests.build/Objects-normal/arm64/ResourceRunnerTests.swiftdoc (in target 'ResourceRunnerTests' from project 'ResourceRunner')
    cd /Users/zipkero/XcodeProjects/ResourceRunner
    builtin-copy -exclude .DS_Store -exclude CVS -exclude .svn -exclude .git -exclude .hg -resolve-src-symlinks -rename /tmp/ResourceRunner-M3-task010-ui/Build/Intermediates.noindex/ResourceRunner.build/Debug/ResourceRunnerTests.build/Objects-normal/arm64/ResourceRunnerTests.swiftdoc /tmp/ResourceRunner-M3-task010-ui/Build/Products/Debug/ResourceRunnerTests.swiftmodule/arm64-apple-macos.swiftdoc

SwiftMergeGeneratedHeaders /tmp/ResourceRunner-M3-task010-ui/Build/Intermediates.noindex/ResourceRunner.build/Debug/ResourceRunnerTests.build/DerivedSources/ResourceRunnerTests-Swift.h /tmp/ResourceRunner-M3-task010-ui/Build/Intermediates.noindex/ResourceRunner.build/Debug/ResourceRunnerTests.build/Objects-normal/arm64/ResourceRunnerTests-Swift.h (in target 'ResourceRunnerTests' from project 'ResourceRunner')
    cd /Users/zipkero/XcodeProjects/ResourceRunner
    builtin-swiftHeaderTool -arch arm64 /tmp/ResourceRunner-M3-task010-ui/Build/Intermediates.noindex/ResourceRunner.build/Debug/ResourceRunnerTests.build/Objects-normal/arm64/ResourceRunnerTests-Swift.h -o /tmp/ResourceRunner-M3-task010-ui/Build/Intermediates.noindex/ResourceRunner.build/Debug/ResourceRunnerTests.build/DerivedSources/ResourceRunnerTests-Swift.h

Copy /tmp/ResourceRunner-M3-task010-ui/Build/Products/Debug/ResourceRunnerTests.swiftmodule/Project/arm64-apple-macos.swiftsourceinfo /tmp/ResourceRunner-M3-task010-ui/Build/Intermediates.noindex/ResourceRunner.build/Debug/ResourceRunnerTests.build/Objects-normal/arm64/ResourceRunnerTests.swiftsourceinfo (in target 'ResourceRunnerTests' from project 'ResourceRunner')
    cd /Users/zipkero/XcodeProjects/ResourceRunner
    builtin-copy -exclude .DS_Store -exclude CVS -exclude .svn -exclude .git -exclude .hg -resolve-src-symlinks -rename /tmp/ResourceRunner-M3-task010-ui/Build/Intermediates.noindex/ResourceRunner.build/Debug/ResourceRunnerTests.build/Objects-normal/arm64/ResourceRunnerTests.swiftsourceinfo /tmp/ResourceRunner-M3-task010-ui/Build/Products/Debug/ResourceRunnerTests.swiftmodule/Project/arm64-apple-macos.swiftsourceinfo

SwiftDriverJobDiscovery normal arm64 Compiling StorageMetadataTests.swift, SystemLifecycleObserverTests.swift (in target 'ResourceRunnerTests' from project 'ResourceRunner')

SwiftDriverJobDiscovery normal arm64 Compiling ApplicationCoordinatorTests.swift, ApplicationIconCacheTests.swift, ApplicationProcessRowLayoutTests.swift (in target 'ResourceRunnerTests' from project 'ResourceRunner')

SwiftDriverJobDiscovery normal arm64 Compiling MonitoringSampleStoreTests.swift, NetworkActivityTests.swift, NetworkDashboardViewTests.swift (in target 'ResourceRunnerTests' from project 'ResourceRunner')

SwiftDriverJobDiscovery normal arm64 Compiling ProcessSurveyCollectorTests.swift, ResourceActivityPresentationTests.swift, ResourceRateGraphRenderingTests.swift (in target 'ResourceRunnerTests' from project 'ResourceRunner')

SwiftDriverJobDiscovery normal arm64 Compiling MemoryCompositionDetailTests.swift, MemoryCompositionTests.swift, MonitoringLifecycleTests.swift (in target 'ResourceRunnerTests' from project 'ResourceRunner')

SwiftDriverJobDiscovery normal arm64 Compiling CharacterStateSourceTests.swift, CollectionAdmissionTests.swift, CollectionPipelinesTests.swift (in target 'ResourceRunnerTests' from project 'ResourceRunner')

SwiftDriverJobDiscovery normal arm64 Compiling ApplicationRankingTests.swift, ApplicationRowIconTests.swift, AuxiliaryCollectionSchedulerTests.swift (in target 'ResourceRunnerTests' from project 'ResourceRunner')

SwiftDriverJobDiscovery normal arm64 Compiling CPUCoreUsageGridTests.swift, DashboardCardLayoutTests.swift, DashboardColorPaletteTests.swift (in target 'ResourceRunnerTests' from project 'ResourceRunner')

SwiftDriverJobDiscovery normal arm64 Compiling DashboardPresentationTests.swift, DashboardValueColumnTests.swift, DetailAccessibilityFormattingTests.swift (in target 'ResourceRunnerTests' from project 'ResourceRunner')

SwiftDriver\ Compilation ResourceRunnerTests normal arm64 com.apple.xcode.tools.swift.compiler (in target 'ResourceRunnerTests' from project 'ResourceRunner')
    cd /Users/zipkero/XcodeProjects/ResourceRunner
    builtin-Swift-Compilation -- /Applications/Xcode.app/Contents/Developer/Toolchains/XcodeDefault.xctoolchain/usr/bin/swiftc -module-name ResourceRunnerTests -Onone @/tmp/ResourceRunner-M3-task010-ui/Build/Intermediates.noindex/ResourceRunner.build/Debug/ResourceRunnerTests.build/Objects-normal/arm64/ResourceRunnerTests.SwiftFileList -DDEBUG -plugin-path /Applications/Xcode.app/Contents/Developer/Toolchains/XcodeDefault.xctoolchain/usr/lib/swift/host/plugins/testing -enable-bare-slash-regex -enable-upcoming-feature DisableOutwardActorInference -enable-upcoming-feature InferSendableFromCaptures -enable-upcoming-feature GlobalActorIsolatedTypesUsability -enable-upcoming-feature MemberImportVisibility -enable-upcoming-feature InferIsolatedConformances -enable-upcoming-feature NonisolatedNonsendingByDefault -enable-experimental-feature DebugDescriptionMacro -sdk /Applications/Xcode.app/Contents/Developer/Platforms/MacOSX.platform/Developer/SDKs/MacOSX26.5.sdk -target arm64-apple-macos26.5 -g -module-cache-path /tmp/ResourceRunner-M3-task010-ui/ModuleCache.noindex -Xfrontend -serialize-debugging-options -profile-coverage-mapping -profile-generate -enable-testing -index-store-path /tmp/ResourceRunner-M3-task010-ui/Index.noindex/DataStore -Xcc -D_LIBCPP_HARDENING_MODE\=_LIBCPP_HARDENING_MODE_DEBUG -swift-version 5 -I /tmp/ResourceRunner-M3-task010-ui/Build/Products/Debug -Isystem /Applications/Xcode.app/Contents/Developer/Platforms/MacOSX.platform/Developer/usr/lib -F /tmp/ResourceRunner-M3-task010-ui/Build/Products/Debug -F /Applications/Xcode.app/Contents/Developer/Platforms/MacOSX.platform/Developer/Library/Frameworks -c -j14 -enable-batch-mode -incremental -Xcc -ivfsstatcache -Xcc /tmp/ResourceRunner-M3-task010-ui/SDKStatCaches.noindex/macosx26.5-25F70-e082c4a02f00227109f4ed75e425c832.sdkstatcache -output-file-map /tmp/ResourceRunner-M3-task010-ui/Build/Intermediates.noindex/ResourceRunner.build/Debug/ResourceRunnerTests.build/Objects-normal/arm64/ResourceRunnerTests-OutputFileMap.json -use-frontend-parseable-output -save-temps -no-color-diagnostics -explicit-module-build -module-cache-path /tmp/ResourceRunner-M3-task010-ui/Build/Intermediates.noindex/SwiftExplicitPrecompiledModules -clang-scanner-module-cache-path /tmp/ResourceRunner-M3-task010-ui/ModuleCache.noindex -sdk-module-cache-path /tmp/ResourceRunner-M3-task010-ui/ModuleCache.noindex -serialize-diagnostics -emit-dependencies -emit-module -emit-module-path /tmp/ResourceRunner-M3-task010-ui/Build/Intermediates.noindex/ResourceRunner.build/Debug/ResourceRunnerTests.build/Objects-normal/arm64/ResourceRunnerTests.swiftmodule -validate-clang-modules-once -clang-build-session-file /tmp/ResourceRunner-M3-task010-ui/ModuleCache.noindex/Session.modulevalidation -Xcc -I/tmp/ResourceRunner-M3-task010-ui/Build/Intermediates.noindex/ResourceRunner.build/Debug/ResourceRunnerTests.build/swift-overrides.hmap -emit-const-values -Xfrontend -const-gather-protocols-file -Xfrontend /tmp/ResourceRunner-M3-task010-ui/Build/Intermediates.noindex/ResourceRunner.build/Debug/ResourceRunnerTests.build/Objects-normal/arm64/ResourceRunnerTests_const_extract_protocols.json -Xcc -iquote -Xcc /tmp/ResourceRunner-M3-task010-ui/Build/Intermediates.noindex/ResourceRunner.build/Debug/ResourceRunnerTests.build/ResourceRunnerTests-generated-files.hmap -Xcc -I/tmp/ResourceRunner-M3-task010-ui/Build/Intermediates.noindex/ResourceRunner.build/Debug/ResourceRunnerTests.build/ResourceRunnerTests-own-target-headers.hmap -Xcc -I/tmp/ResourceRunner-M3-task010-ui/Build/Intermediates.noindex/ResourceRunner.build/Debug/ResourceRunnerTests.build/ResourceRunnerTests-all-target-headers.hmap -Xcc -iquote -Xcc /tmp/ResourceRunner-M3-task010-ui/Build/Intermediates.noindex/ResourceRunner.build/Debug/ResourceRunnerTests.build/ResourceRunnerTests-project-headers.hmap -Xcc -I/tmp/ResourceRunner-M3-task010-ui/Build/Products/Debug/include -Xcc -I/tmp/ResourceRunner-M3-task010-ui/Build/Intermediates.noindex/ResourceRunner.build/Debug/ResourceRunnerTests.build/DerivedSources-normal/arm64 -Xcc -I/tmp/ResourceRunner-M3-task010-ui/Build/Intermediates.noindex/ResourceRunner.build/Debug/ResourceRunnerTests.build/DerivedSources/arm64 -Xcc -I/tmp/ResourceRunner-M3-task010-ui/Build/Intermediates.noindex/ResourceRunner.build/Debug/ResourceRunnerTests.build/DerivedSources -Xcc -DDEBUG\=1 -emit-objc-header -emit-objc-header-path /tmp/ResourceRunner-M3-task010-ui/Build/Intermediates.noindex/ResourceRunner.build/Debug/ResourceRunnerTests.build/Objects-normal/arm64/ResourceRunnerTests-Swift.h -working-directory /Users/zipkero/XcodeProjects/ResourceRunner -experimental-emit-module-separately -disable-cmo

Ld /tmp/ResourceRunner-M3-task010-ui/Build/Products/Debug/ResourceRunner.app/Contents/PlugIns/ResourceRunnerTests.xctest/Contents/MacOS/ResourceRunnerTests normal (in target 'ResourceRunnerTests' from project 'ResourceRunner')
    cd /Users/zipkero/XcodeProjects/ResourceRunner
    /Applications/Xcode.app/Contents/Developer/Toolchains/XcodeDefault.xctoolchain/usr/bin/clang -Xlinker -reproducible -target arm64-apple-macos26.5 -bundle -isysroot /Applications/Xcode.app/Contents/Developer/Platforms/MacOSX.platform/Developer/SDKs/MacOSX26.5.sdk -O0 -L/tmp/ResourceRunner-M3-task010-ui/Build/Intermediates.noindex/EagerLinkingTBDs/Debug -L/tmp/ResourceRunner-M3-task010-ui/Build/Products/Debug -L/Applications/Xcode.app/Contents/Developer/Platforms/MacOSX.platform/Developer/usr/lib -F/tmp/ResourceRunner-M3-task010-ui/Build/Intermediates.noindex/EagerLinkingTBDs/Debug -F/tmp/ResourceRunner-M3-task010-ui/Build/Products/Debug -iframework /Applications/Xcode.app/Contents/Developer/Platforms/MacOSX.platform/Developer/Library/Frameworks -filelist /tmp/ResourceRunner-M3-task010-ui/Build/Intermediates.noindex/ResourceRunner.build/Debug/ResourceRunnerTests.build/Objects-normal/arm64/ResourceRunnerTests.LinkFileList -Xlinker -rpath -Xlinker @loader_path/../Frameworks -Xlinker -rpath -Xlinker @executable_path/../Frameworks -bundle_loader /tmp/ResourceRunner-M3-task010-ui/Build/Products/Debug/ResourceRunner.app/Contents/MacOS/ResourceRunner -Xlinker -object_path_lto -Xlinker /tmp/ResourceRunner-M3-task010-ui/Build/Intermediates.noindex/ResourceRunner.build/Debug/ResourceRunnerTests.build/Objects-normal/arm64/ResourceRunnerTests_lto.o -rdynamic -Xlinker -no_deduplicate -Xlinker -debug_variant -Xlinker -dependency_info -Xlinker /tmp/ResourceRunner-M3-task010-ui/Build/Intermediates.noindex/ResourceRunner.build/Debug/ResourceRunnerTests.build/Objects-normal/arm64/ResourceRunnerTests_dependency_info.dat -fobjc-link-runtime -fprofile-instr-generate -L/Applications/Xcode.app/Contents/Developer/Toolchains/XcodeDefault.xctoolchain/usr/lib/swift/macosx -L/usr/lib/swift -Xlinker -add_ast_path -Xlinker /tmp/ResourceRunner-M3-task010-ui/Build/Intermediates.noindex/ResourceRunner.build/Debug/ResourceRunnerTests.build/Objects-normal/arm64/ResourceRunnerTests.swiftmodule @/tmp/ResourceRunner-M3-task010-ui/Build/Intermediates.noindex/ResourceRunner.build/Debug/ResourceRunnerTests.build/Objects-normal/arm64/ResourceRunnerTests-linker-args.resp -Xlinker -needed_framework -Xlinker XCTest -framework XCTest -Xlinker -needed-lXCTestSwiftSupport -lXCTestSwiftSupport /tmp/ResourceRunner-M3-task010-ui/Build/Products/Debug/ResourceRunner.app/Contents/MacOS/ResourceRunner.debug.dylib -Xlinker -no_adhoc_codesign -o /tmp/ResourceRunner-M3-task010-ui/Build/Products/Debug/ResourceRunner.app/Contents/PlugIns/ResourceRunnerTests.xctest/Contents/MacOS/ResourceRunnerTests

CopySwiftLibs /tmp/ResourceRunner-M3-task010-ui/Build/Products/Debug/ResourceRunner.app/Contents/PlugIns/ResourceRunnerTests.xctest (in target 'ResourceRunnerTests' from project 'ResourceRunner')
    cd /Users/zipkero/XcodeProjects/ResourceRunner
    builtin-swiftStdLibTool --copy --verbose --sign - --scan-executable /tmp/ResourceRunner-M3-task010-ui/Build/Products/Debug/ResourceRunner.app/Contents/PlugIns/ResourceRunnerTests.xctest/Contents/MacOS/ResourceRunnerTests --scan-folder /tmp/ResourceRunner-M3-task010-ui/Build/Products/Debug/ResourceRunner.app/Contents/PlugIns/ResourceRunnerTests.xctest/Contents/Frameworks --scan-folder /tmp/ResourceRunner-M3-task010-ui/Build/Products/Debug/ResourceRunner.app/Contents/PlugIns/ResourceRunnerTests.xctest/Contents/PlugIns --scan-folder /tmp/ResourceRunner-M3-task010-ui/Build/Products/Debug/ResourceRunner.app/Contents/PlugIns/ResourceRunnerTests.xctest/Contents/Library/SystemExtensions --scan-folder /tmp/ResourceRunner-M3-task010-ui/Build/Products/Debug/ResourceRunner.app/Contents/PlugIns/ResourceRunnerTests.xctest/Contents/Extensions --platform macosx --toolchain /Applications/Xcode.app/Contents/Developer/Toolchains/XcodeDefault.xctoolchain --destination /tmp/ResourceRunner-M3-task010-ui/Build/Products/Debug/ResourceRunner.app/Contents/PlugIns/ResourceRunnerTests.xctest/Contents/Frameworks --strip-bitcode --scan-executable /Applications/Xcode.app/Contents/Developer/Platforms/MacOSX.platform/Developer/usr/lib/libXCTestSwiftSupport.dylib --strip-bitcode-tool /Applications/Xcode.app/Contents/Developer/Toolchains/XcodeDefault.xctoolchain/usr/bin/bitcode_strip --emit-dependency-info /tmp/ResourceRunner-M3-task010-ui/Build/Intermediates.noindex/ResourceRunner.build/Debug/ResourceRunnerTests.build/SwiftStdLibToolInputDependencies.dep --filter-for-swift-os

ExtractAppIntentsMetadata (in target 'ResourceRunnerTests' from project 'ResourceRunner')
    cd /Users/zipkero/XcodeProjects/ResourceRunner
    /Applications/Xcode.app/Contents/Developer/Toolchains/XcodeDefault.xctoolchain/usr/bin/appintentsmetadataprocessor --toolchain-dir /Applications/Xcode.app/Contents/Developer/Toolchains/XcodeDefault.xctoolchain --module-name ResourceRunnerTests --sdk-root /Applications/Xcode.app/Contents/Developer/Platforms/MacOSX.platform/Developer/SDKs/MacOSX26.5.sdk --xcode-version 17F113 --platform-family macOS --deployment-target 26.5 --bundle-identifier com.zipkero.ResourceRunnerTests --output /tmp/ResourceRunner-M3-task010-ui/Build/Products/Debug/ResourceRunner.app/Contents/PlugIns/ResourceRunnerTests.xctest/Contents/Resources --target-triple arm64-apple-macos26.5 --binary-file /tmp/ResourceRunner-M3-task010-ui/Build/Products/Debug/ResourceRunner.app/Contents/PlugIns/ResourceRunnerTests.xctest/Contents/MacOS/ResourceRunnerTests --dependency-file /tmp/ResourceRunner-M3-task010-ui/Build/Intermediates.noindex/ResourceRunner.build/Debug/ResourceRunnerTests.build/Objects-normal/arm64/ResourceRunnerTests_dependency_info.dat --stringsdata-file /tmp/ResourceRunner-M3-task010-ui/Build/Intermediates.noindex/ResourceRunner.build/Debug/ResourceRunnerTests.build/Objects-normal/arm64/ExtractedAppShortcutsMetadata.stringsdata --source-file-list /tmp/ResourceRunner-M3-task010-ui/Build/Intermediates.noindex/ResourceRunner.build/Debug/ResourceRunnerTests.build/Objects-normal/arm64/ResourceRunnerTests.SwiftFileList --metadata-file-list /tmp/ResourceRunner-M3-task010-ui/Build/Intermediates.noindex/ResourceRunner.build/Debug/ResourceRunnerTests.build/ResourceRunnerTests.DependencyMetadataFileList --static-metadata-file-list /tmp/ResourceRunner-M3-task010-ui/Build/Intermediates.noindex/ResourceRunner.build/Debug/ResourceRunnerTests.build/ResourceRunnerTests.DependencyStaticMetadataFileList --swift-const-vals-list /tmp/ResourceRunner-M3-task010-ui/Build/Intermediates.noindex/ResourceRunner.build/Debug/ResourceRunnerTests.build/Objects-normal/arm64/ResourceRunnerTests.SwiftConstValuesFileList --compile-time-extraction --deployment-aware-processing --validate-assistant-intents --no-app-shortcuts-localization
2026-10-01 23:45:26.161 appintentsmetadataprocessor[18104:45784331] Starting appintentsmetadataprocessor export
2026-10-01 23:45:26.162 appintentsmetadataprocessor[18104:45784331] warning: Metadata extraction skipped. No AppIntents.framework dependency found.

CodeSign /tmp/ResourceRunner-M3-task010-ui/Build/Products/Debug/ResourceRunner.app/Contents/PlugIns/ResourceRunnerTests.xctest (in target 'ResourceRunnerTests' from project 'ResourceRunner')
    cd /Users/zipkero/XcodeProjects/ResourceRunner
    
    Signing Identity:     "Sign to Run Locally"
    
    /usr/bin/codesign --force --sign - --timestamp\=none --generate-entitlement-der /tmp/ResourceRunner-M3-task010-ui/Build/Products/Debug/ResourceRunner.app/Contents/PlugIns/ResourceRunnerTests.xctest

RegisterExecutionPolicyException /tmp/ResourceRunner-M3-task010-ui/Build/Products/Debug/ResourceRunner.app/Contents/PlugIns/ResourceRunnerTests.xctest (in target 'ResourceRunnerTests' from project 'ResourceRunner')
    cd /Users/zipkero/XcodeProjects/ResourceRunner
    builtin-RegisterExecutionPolicyException /tmp/ResourceRunner-M3-task010-ui/Build/Products/Debug/ResourceRunner.app/Contents/PlugIns/ResourceRunnerTests.xctest

Touch /tmp/ResourceRunner-M3-task010-ui/Build/Products/Debug/ResourceRunner.app/Contents/PlugIns/ResourceRunnerTests.xctest (in target 'ResourceRunnerTests' from project 'ResourceRunner')
    cd /Users/zipkero/XcodeProjects/ResourceRunner
    /usr/bin/touch -c /tmp/ResourceRunner-M3-task010-ui/Build/Products/Debug/ResourceRunner.app/Contents/PlugIns/ResourceRunnerTests.xctest

CodeSign /tmp/ResourceRunner-M3-task010-ui/Build/Products/Debug/ResourceRunner.app/Contents/MacOS/ResourceRunner.debug.dylib (in target 'ResourceRunner' from project 'ResourceRunner')
    cd /Users/zipkero/XcodeProjects/ResourceRunner
    
    Signing Identity:     "Sign to Run Locally"
    
    /usr/bin/codesign --force --sign - --timestamp\=none --generate-entitlement-der /tmp/ResourceRunner-M3-task010-ui/Build/Products/Debug/ResourceRunner.app/Contents/MacOS/ResourceRunner.debug.dylib

CodeSign /tmp/ResourceRunner-M3-task010-ui/Build/Products/Debug/ResourceRunner.app/Contents/MacOS/__preview.dylib (in target 'ResourceRunner' from project 'ResourceRunner')
    cd /Users/zipkero/XcodeProjects/ResourceRunner
    
    Signing Identity:     "Sign to Run Locally"
    
    /usr/bin/codesign --force --sign - --timestamp\=none --generate-entitlement-der /tmp/ResourceRunner-M3-task010-ui/Build/Products/Debug/ResourceRunner.app/Contents/MacOS/__preview.dylib

CodeSign /tmp/ResourceRunner-M3-task010-ui/Build/Products/Debug/ResourceRunner.app (in target 'ResourceRunner' from project 'ResourceRunner')
    cd /Users/zipkero/XcodeProjects/ResourceRunner
    
    Signing Identity:     "Sign to Run Locally"
    
    /usr/bin/codesign --force --sign - --entitlements /tmp/ResourceRunner-M3-task010-ui/Build/Intermediates.noindex/ResourceRunner.build/Debug/ResourceRunner.build/ResourceRunner.app.xcent --timestamp\=none --generate-entitlement-der /tmp/ResourceRunner-M3-task010-ui/Build/Products/Debug/ResourceRunner.app

RegisterExecutionPolicyException /tmp/ResourceRunner-M3-task010-ui/Build/Products/Debug/ResourceRunner.app (in target 'ResourceRunner' from project 'ResourceRunner')
    cd /Users/zipkero/XcodeProjects/ResourceRunner
    builtin-RegisterExecutionPolicyException /tmp/ResourceRunner-M3-task010-ui/Build/Products/Debug/ResourceRunner.app

Validate /tmp/ResourceRunner-M3-task010-ui/Build/Products/Debug/ResourceRunner.app (in target 'ResourceRunner' from project 'ResourceRunner')
    cd /Users/zipkero/XcodeProjects/ResourceRunner
    builtin-validationUtility /tmp/ResourceRunner-M3-task010-ui/Build/Products/Debug/ResourceRunner.app -no-validate-extension -infoplist-subpath Contents/Info.plist

Touch /tmp/ResourceRunner-M3-task010-ui/Build/Products/Debug/ResourceRunner.app (in target 'ResourceRunner' from project 'ResourceRunner')
    cd /Users/zipkero/XcodeProjects/ResourceRunner
    /usr/bin/touch -c /tmp/ResourceRunner-M3-task010-ui/Build/Products/Debug/ResourceRunner.app

RegisterWithLaunchServices /tmp/ResourceRunner-M3-task010-ui/Build/Products/Debug/ResourceRunner.app (in target 'ResourceRunner' from project 'ResourceRunner')
    cd /Users/zipkero/XcodeProjects/ResourceRunner
    /System/Library/Frameworks/CoreServices.framework/Versions/Current/Frameworks/LaunchServices.framework/Versions/Current/Support/lsregister -f -R -trusted /tmp/ResourceRunner-M3-task010-ui/Build/Products/Debug/ResourceRunner.app

CpResource /tmp/ResourceRunner-M3-task010-ui/Build/Products/Debug/ResourceRunnerUITests-Runner.app/Contents/PlugIns/ResourceRunnerUITests.xctest/Contents/Resources/ExpansionProcessFixture.cfixture /Users/zipkero/XcodeProjects/ResourceRunner/ResourceRunnerUITests/ExpansionProcessFixture.cfixture (in target 'ResourceRunnerUITests' from project 'ResourceRunner')
    cd /Users/zipkero/XcodeProjects/ResourceRunner
    builtin-copy -exclude .DS_Store -exclude CVS -exclude .svn -exclude .git -exclude .hg -resolve-src-symlinks /Users/zipkero/XcodeProjects/ResourceRunner/ResourceRunnerUITests/ExpansionProcessFixture.cfixture /tmp/ResourceRunner-M3-task010-ui/Build/Products/Debug/ResourceRunnerUITests-Runner.app/Contents/PlugIns/ResourceRunnerUITests.xctest/Contents/Resources

ProcessInfoPlistFile /tmp/ResourceRunner-M3-task010-ui/Build/Products/Debug/ResourceRunnerUITests-Runner.app/Contents/PlugIns/ResourceRunnerUITests.xctest/Contents/Info.plist /tmp/ResourceRunner-M3-task010-ui/Build/Intermediates.noindex/ResourceRunner.build/Debug/ResourceRunnerUITests.build/empty-ResourceRunnerUITests.plist (in target 'ResourceRunnerUITests' from project 'ResourceRunner')
    cd /Users/zipkero/XcodeProjects/ResourceRunner
    builtin-infoPlistUtility /tmp/ResourceRunner-M3-task010-ui/Build/Intermediates.noindex/ResourceRunner.build/Debug/ResourceRunnerUITests.build/empty-ResourceRunnerUITests.plist -producttype com.apple.product-type.bundle.ui-testing -expandbuildsettings -platform macosx -additionalcontentfile /tmp/ResourceRunner-M3-task010-ui/Build/Intermediates.noindex/ResourceRunner.build/Debug/ResourceRunnerUITests.build/ProductTypeInfoPlistAdditions.plist -o /tmp/ResourceRunner-M3-task010-ui/Build/Products/Debug/ResourceRunnerUITests-Runner.app/Contents/PlugIns/ResourceRunnerUITests.xctest/Contents/Info.plist

Ld /tmp/ResourceRunner-M3-task010-ui/Build/Products/Debug/ResourceRunnerUITests-Runner.app/Contents/PlugIns/ResourceRunnerUITests.xctest/Contents/MacOS/ResourceRunnerUITests normal (in target 'ResourceRunnerUITests' from project 'ResourceRunner')
    cd /Users/zipkero/XcodeProjects/ResourceRunner
    /Applications/Xcode.app/Contents/Developer/Toolchains/XcodeDefault.xctoolchain/usr/bin/clang -Xlinker -reproducible -target arm64-apple-macos26.5 -bundle -isysroot /Applications/Xcode.app/Contents/Developer/Platforms/MacOSX.platform/Developer/SDKs/MacOSX26.5.sdk -O0 -L/tmp/ResourceRunner-M3-task010-ui/Build/Intermediates.noindex/EagerLinkingTBDs/Debug -L/tmp/ResourceRunner-M3-task010-ui/Build/Products/Debug -L/Applications/Xcode.app/Contents/Developer/Platforms/MacOSX.platform/Developer/usr/lib -F/tmp/ResourceRunner-M3-task010-ui/Build/Intermediates.noindex/EagerLinkingTBDs/Debug -F/tmp/ResourceRunner-M3-task010-ui/Build/Products/Debug -iframework /Applications/Xcode.app/Contents/Developer/Platforms/MacOSX.platform/Developer/Library/Frameworks -filelist /tmp/ResourceRunner-M3-task010-ui/Build/Intermediates.noindex/ResourceRunner.build/Debug/ResourceRunnerUITests.build/Objects-normal/arm64/ResourceRunnerUITests.LinkFileList -Xlinker -rpath -Xlinker @loader_path/../Frameworks -Xlinker -object_path_lto -Xlinker /tmp/ResourceRunner-M3-task010-ui/Build/Intermediates.noindex/ResourceRunner.build/Debug/ResourceRunnerUITests.build/Objects-normal/arm64/ResourceRunnerUITests_lto.o -rdynamic -Xlinker -no_deduplicate -Xlinker -debug_variant -Xlinker -dependency_info -Xlinker /tmp/ResourceRunner-M3-task010-ui/Build/Intermediates.noindex/ResourceRunner.build/Debug/ResourceRunnerUITests.build/Objects-normal/arm64/ResourceRunnerUITests_dependency_info.dat -fobjc-link-runtime -fprofile-instr-generate -L/Applications/Xcode.app/Contents/Developer/Toolchains/XcodeDefault.xctoolchain/usr/lib/swift/macosx -L/usr/lib/swift -Xlinker -add_ast_path -Xlinker /tmp/ResourceRunner-M3-task010-ui/Build/Intermediates.noindex/ResourceRunner.build/Debug/ResourceRunnerUITests.build/Objects-normal/arm64/ResourceRunnerUITests.swiftmodule @/tmp/ResourceRunner-M3-task010-ui/Build/Intermediates.noindex/ResourceRunner.build/Debug/ResourceRunnerUITests.build/Objects-normal/arm64/ResourceRunnerUITests-linker-args.resp -Xlinker -needed_framework -Xlinker XCTest -framework XCTest -Xlinker -needed-lXCTestSwiftSupport -lXCTestSwiftSupport -Xlinker -no_adhoc_codesign -o /tmp/ResourceRunner-M3-task010-ui/Build/Products/Debug/ResourceRunnerUITests-Runner.app/Contents/PlugIns/ResourceRunnerUITests.xctest/Contents/MacOS/ResourceRunnerUITests

PhaseScriptExecution Prepare\ expansion\ fixture /tmp/ResourceRunner-M3-task010-ui/Build/Intermediates.noindex/ResourceRunner.build/Debug/ResourceRunnerUITests.build/Script-E20000000000000000000001.sh (in target 'ResourceRunnerUITests' from project 'ResourceRunner')
    cd /Users/zipkero/XcodeProjects/ResourceRunner
    export ACTION\=build
    export AD_HOC_CODE_SIGNING_ALLOWED\=YES
    export ALLOW_BUILD_REQUEST_OVERRIDES\=NO
    export ALLOW_TARGET_PLATFORM_SPECIALIZATION\=NO
    export ALTERNATE_GROUP\=staff
    export ALTERNATE_MODE\=u+w,go-w,a+rX
    export ALTERNATE_OWNER\=zipkero
    export ALTERNATIVE_DISTRIBUTION_WEB\=NO
    export ALWAYS_EMBED_SWIFT_STANDARD_LIBRARIES\=NO
    export ALWAYS_SEARCH_USER_PATHS\=NO
    export ALWAYS_USE_SEPARATE_HEADERMAPS\=NO
    export APPLICATION_EXTENSION_API_ONLY\=NO
    export APPLY_RULES_IN_COPY_FILES\=NO
    export APPLY_RULES_IN_COPY_HEADERS\=NO
    export APP_SHORTCUTS_ENABLE_FLEXIBLE_MATCHING\=YES
    export ARCHS\=arm64
    export ARCHS_BASE\=arm64
    export ARCHS_STANDARD\=arm64\ x86_64
    export ARCHS_STANDARD_32_64_BIT\=arm64\ x86_64\ i386
    export ARCHS_STANDARD_32_BIT\=i386
    export ARCHS_STANDARD_64_BIT\=arm64\ x86_64
    export ARCHS_STANDARD_INCLUDING_64_BIT\=arm64\ x86_64
    export ASSETCATALOG_COMPILER_GENERATE_SWIFT_ASSET_SYMBOL_EXTENSIONS\=YES
    export AUTOMATICALLY_MERGE_DEPENDENCIES\=NO
    export AUTOMATION_APPLE_EVENTS\=NO
    export AVAILABLE_PLATFORMS\=android\ appletvos\ appletvsimulator\ driverkit\ freebsd\ iphoneos\ iphonesimulator\ linux\ macosx\ none\ openbsd\ qnx\ watchos\ watchsimulator\ webassembly\ xros\ xrsimulator
    export BUILD_ACTIVE_RESOURCES_ONLY\=NO
    export BUILD_COMPONENTS\=headers\ build
    export BUILD_DIR\=/tmp/ResourceRunner-M3-task010-ui/Build/Products
    export BUILD_LIBRARY_FOR_DISTRIBUTION\=NO
    export BUILD_ONLY_KNOWN_LOCALIZATIONS\=NO
    export BUILD_ROOT\=/tmp/ResourceRunner-M3-task010-ui/Build/Products
    export BUILD_STYLE\=
    export BUILD_VARIANTS\=normal
    export BUILT_PRODUCTS_DIR\=/tmp/ResourceRunner-M3-task010-ui/Build/Products/Debug
    export BUNDLE_CONTENTS_FOLDER_PATH\=Contents/
    export BUNDLE_CONTENTS_FOLDER_PATH_deep\=Contents/
    export BUNDLE_EXECUTABLE_FOLDER_NAME_deep\=MacOS
    export BUNDLE_EXECUTABLE_FOLDER_PATH\=Contents/MacOS
    export BUNDLE_EXTENSIONS_FOLDER_PATH\=Contents/Extensions
    export BUNDLE_FORMAT\=deep
    export BUNDLE_FRAMEWORKS_FOLDER_PATH\=Contents/Frameworks
    export BUNDLE_PLUGINS_FOLDER_PATH\=Contents/PlugIns
    export BUNDLE_PRIVATE_HEADERS_FOLDER_PATH\=Contents/PrivateHeaders
    export BUNDLE_PUBLIC_HEADERS_FOLDER_PATH\=Contents/Headers
    export CACHE_ROOT\=/var/folders/dk/wdd8br81397gt8_3sby166cc0000gn/C/com.apple.DeveloperTools/26.6-17F113/Xcode
    export CCHROOT\=/var/folders/dk/wdd8br81397gt8_3sby166cc0000gn/C/com.apple.DeveloperTools/26.6-17F113/Xcode
    export CHMOD\=/bin/chmod
    export CHOWN\=chown
    export CLANG_ANALYZER_NONNULL\=YES
    export CLANG_ANALYZER_NUMBER_OBJECT_CONVERSION\=YES_AGGRESSIVE
    export CLANG_CACHE_FINE_GRAINED_OUTPUTS\=YES
    export CLANG_COVERAGE_MAPPING\=YES
    export CLANG_CXX_LANGUAGE_STANDARD\=gnu++20
    export CLANG_ENABLE_EXPLICIT_MODULES\=YES
    export CLANG_ENABLE_MODULES\=YES
    export CLANG_ENABLE_OBJC_ARC\=YES
    export CLANG_ENABLE_OBJC_WEAK\=YES
    export CLANG_MODULES_BUILD_SESSION_FILE\=/tmp/ResourceRunner-M3-task010-ui/ModuleCache.noindex/Session.modulevalidation
    export CLANG_PROFILE_DATA_DIRECTORY\=/tmp/ResourceRunner-M3-task010-ui/Build/ProfileData
    export CLANG_WARN_BLOCK_CAPTURE_AUTORELEASING\=YES
    export CLANG_WARN_BOOL_CONVERSION\=YES
    export CLANG_WARN_COMMA\=YES
    export CLANG_WARN_CONSTANT_CONVERSION\=YES
    export CLANG_WARN_DEPRECATED_OBJC_IMPLEMENTATIONS\=YES
    export CLANG_WARN_DIRECT_OBJC_ISA_USAGE\=YES_ERROR
    export CLANG_WARN_DOCUMENTATION_COMMENTS\=YES
    export CLANG_WARN_EMPTY_BODY\=YES
    export CLANG_WARN_ENUM_CONVERSION\=YES
    export CLANG_WARN_INFINITE_RECURSION\=YES
    export CLANG_WARN_INT_CONVERSION\=YES
    export CLANG_WARN_NON_LITERAL_NULL_CONVERSION\=YES
    export CLANG_WARN_OBJC_IMPLICIT_RETAIN_SELF\=YES
    export CLANG_WARN_OBJC_LITERAL_CONVERSION\=YES
    export CLANG_WARN_OBJC_ROOT_CLASS\=YES_ERROR
    export CLANG_WARN_QUOTED_INCLUDE_IN_FRAMEWORK_HEADER\=YES
    export CLANG_WARN_RANGE_LOOP_ANALYSIS\=YES
    export CLANG_WARN_STRICT_PROTOTYPES\=YES
    export CLANG_WARN_SUSPICIOUS_MOVE\=YES
    export CLANG_WARN_UNGUARDED_AVAILABILITY\=YES_AGGRESSIVE
    export CLANG_WARN_UNREACHABLE_CODE\=YES
    export CLANG_WARN__DUPLICATE_METHOD_MATCH\=YES
    export CLASS_FILE_DIR\=/tmp/ResourceRunner-M3-task010-ui/Build/Intermediates.noindex/ResourceRunner.build/Debug/ResourceRunnerUITests.build/JavaClasses
    export CLEAN_PRECOMPS\=YES
    export CLONE_HEADERS\=NO
    export CODESIGNING_FOLDER_PATH\=/tmp/ResourceRunner-M3-task010-ui/Build/Products/Debug/ResourceRunnerUITests-Runner.app/Contents/PlugIns/ResourceRunnerUITests.xctest
    export CODE_SIGNING_ALLOWED\=YES
    export CODE_SIGNING_REQUIRED\=YES
    export CODE_SIGN_IDENTITY\=-
    export CODE_SIGN_IDENTITY_NO\=Apple\ Development
    export CODE_SIGN_IDENTITY_YES\=-
    export CODE_SIGN_INJECT_BASE_ENTITLEMENTS\=YES
    export CODE_SIGN_STYLE\=Automatic
    export COLOR_DIAGNOSTICS\=NO
    export COMBINE_HIDPI_IMAGES\=NO
    export COMPILATION_CACHE_CAS_PATH\=/tmp/ResourceRunner-M3-task010-ui/CompilationCache.noindex
    export COMPILATION_CACHE_KEEP_CAS_DIRECTORY\=YES
    export COMPILER_INDEX_STORE_ENABLE\=Default
    export COMPOSITE_SDK_DIRS\=/tmp/ResourceRunner-M3-task010-ui/Build/Intermediates.noindex/CompositeSDKs
    export COMPRESS_PNG_FILES\=NO
    export CONFIGURATION\=Debug
    export CONFIGURATION_BUILD_DIR\=/tmp/ResourceRunner-M3-task010-ui/Build/Products/Debug
    export CONFIGURATION_TEMP_DIR\=/tmp/ResourceRunner-M3-task010-ui/Build/Intermediates.noindex/ResourceRunner.build/Debug
    export CONTENTS_FOLDER_PATH\=ResourceRunnerUITests.xctest/Contents
    export CONTENTS_FOLDER_PATH_SHALLOW_BUNDLE_NO\=ResourceRunnerUITests.xctest/Contents
    export CONTENTS_FOLDER_PATH_SHALLOW_BUNDLE_YES\=ResourceRunnerUITests.xctest
    export COPYING_PRESERVES_HFS_DATA\=NO
    export COPY_HEADERS_RUN_UNIFDEF\=NO
    export COPY_PHASE_STRIP\=NO
    export CP\=/bin/cp
    export CREATE_INFOPLIST_SECTION_IN_BINARY\=NO
    export CURRENT_ARCH\=undefined_arch
    export CURRENT_PROJECT_VERSION\=1
    export CURRENT_VARIANT\=normal
    export DEAD_CODE_STRIPPING\=NO
    export DEBUGGING_SYMBOLS\=YES
    export DEBUG_INFORMATION_FORMAT\=dwarf
    export DEBUG_INFORMATION_VERSION\=compiler-default
    export DEFAULT_COMPILER\=com.apple.compilers.llvm.clang.1_0
    export DEFAULT_DEXT_INSTALL_PATH\=/System/Library/DriverExtensions
    export DEFAULT_KEXT_INSTALL_PATH\=/System/Library/Extensions
    export DEFINES_MODULE\=NO
    export DEPLOYMENT_LOCATION\=NO
    export DEPLOYMENT_POSTPROCESSING\=NO
    export DEPLOYMENT_TARGET_SETTING_NAME\=MACOSX_DEPLOYMENT_TARGET
    export DEPLOYMENT_TARGET_SUGGESTED_VALUES\=10.13\ 10.14\ 10.15\ 11.0\ 11.1\ 11.2\ 11.3\ 11.4\ 11.5\ 12.0\ 12.2\ 12.3\ 12.4\ 13.0\ 13.1\ 13.2\ 13.3\ 13.4\ 13.5\ 14.0\ 14.1\ 14.2\ 14.3\ 14.4\ 14.5\ 14.6\ 15.0\ 15.1\ 15.2\ 15.3\ 15.4\ 15.5\ 15.6\ 26.0\ 26.1\ 26.2\ 26.3\ 26.4\ 26.5
    export DERIVED_FILES_DIR\=/tmp/ResourceRunner-M3-task010-ui/Build/Intermediates.noindex/ResourceRunner.build/Debug/ResourceRunnerUITests.build/DerivedSources
    export DERIVED_FILE_DIR\=/tmp/ResourceRunner-M3-task010-ui/Build/Intermediates.noindex/ResourceRunner.build/Debug/ResourceRunnerUITests.build/DerivedSources
    export DERIVED_SOURCES_DIR\=/tmp/ResourceRunner-M3-task010-ui/Build/Intermediates.noindex/ResourceRunner.build/Debug/ResourceRunnerUITests.build/DerivedSources
    export DEVELOPER_APPLICATIONS_DIR\=/Applications/Xcode.app/Contents/Developer/Applications
    export DEVELOPER_BIN_DIR\=/Applications/Xcode.app/Contents/Developer/usr/bin
    export DEVELOPER_DIR\=/Applications/Xcode.app/Contents/Developer
    export DEVELOPER_FRAMEWORKS_DIR\=/Applications/Xcode.app/Contents/Developer/Library/Frameworks
    export DEVELOPER_FRAMEWORKS_DIR_QUOTED\=/Applications/Xcode.app/Contents/Developer/Library/Frameworks
    export DEVELOPER_LIBRARY_DIR\=/Applications/Xcode.app/Contents/Developer/Library
    export DEVELOPER_SDK_DIR\=/Applications/Xcode.app/Contents/Developer/Platforms/MacOSX.platform/Developer/SDKs
    export DEVELOPER_TOOLS_DIR\=/Applications/Xcode.app/Contents/Developer/Tools
    export DEVELOPER_USR_DIR\=/Applications/Xcode.app/Contents/Developer/usr
    export DEVELOPMENT_LANGUAGE\=en
    export DIAGNOSE_MISSING_TARGET_DEPENDENCIES\=YES
    export DIFF\=/usr/bin/diff
    export DOCUMENTATION_FOLDER_PATH\=ResourceRunnerUITests.xctest/Contents/Resources/en.lproj/Documentation
    export DONT_GENERATE_INFOPLIST_FILE\=NO
    export DSTROOT\=/tmp/ResourceRunner.dst
    export DT_TOOLCHAIN_DIR\=/Applications/Xcode.app/Contents/Developer/Toolchains/XcodeDefault.xctoolchain
    export DUMP_DEPENDENCIES\=NO
    export DUMP_DEPENDENCIES_OUTPUT_PATH\=/tmp/ResourceRunner-M3-task010-ui/Build/Intermediates.noindex/ResourceRunner.build/Debug/ResourceRunnerUITests.build/ResourceRunnerUITests-BuildDependencyInfo.json
    export DWARF_DSYM_FILE_NAME\=ResourceRunnerUITests.xctest.dSYM
    export DWARF_DSYM_FILE_SHOULD_ACCOMPANY_PRODUCT\=NO
    export DWARF_DSYM_FOLDER_PATH\=/tmp/ResourceRunner-M3-task010-ui/Build/Products/Debug/ResourceRunnerUITests-Runner.app/Contents/PlugIns
    export DYNAMIC_LIBRARY_EXTENSION\=dylib
    export EAGER_COMPILATION_ALLOW_SCRIPTS\=NO
    export EAGER_LINKING\=NO
    export EFFECTIVE_SWIFT_VERSION\=5
    export EMBEDDED_CONTENT_CONTAINS_SWIFT\=NO
    export EMBEDDED_PROFILE_NAME\=embedded.provisionprofile
    export EMBED_ASSET_PACKS_IN_PRODUCT_BUNDLE\=NO
    export ENABLE_APP_SANDBOX\=NO
    export ENABLE_CODE_COVERAGE\=YES
    export ENABLE_COHORT_ARCHS\=NO
    export ENABLE_CPLUSPLUS_BOUNDS_SAFE_BUFFERS\=NO
    export ENABLE_C_BOUNDS_SAFETY\=NO
    export ENABLE_DEFAULT_HEADER_SEARCH_PATHS\=YES
    export ENABLE_DEFAULT_SEARCH_PATHS\=YES
    export ENABLE_ENHANCED_SECURITY\=NO
    export ENABLE_HARDENED_RUNTIME\=NO
    export ENABLE_HEADER_DEPENDENCIES\=YES
    export ENABLE_INCOMING_NETWORK_CONNECTIONS\=NO
    export ENABLE_ON_DEMAND_RESOURCES\=NO
    export ENABLE_OUTGOING_NETWORK_CONNECTIONS\=NO
    export ENABLE_POINTER_AUTHENTICATION\=NO
    export ENABLE_PREVIEWS\=NO
    export ENABLE_RESOURCE_ACCESS_AUDIO_INPUT\=NO
    export ENABLE_RESOURCE_ACCESS_BLUETOOTH\=NO
    export ENABLE_RESOURCE_ACCESS_CALENDARS\=NO
    export ENABLE_RESOURCE_ACCESS_CAMERA\=NO
    export ENABLE_RESOURCE_ACCESS_CONTACTS\=NO
    export ENABLE_RESOURCE_ACCESS_LOCATION\=NO
    export ENABLE_RESOURCE_ACCESS_PHOTO_LIBRARY\=NO
    export ENABLE_RESOURCE_ACCESS_PRINTING\=NO
    export ENABLE_RESOURCE_ACCESS_USB\=NO
    export ENABLE_SDK_IMPORTS\=NO
    export ENABLE_SECURITY_COMPILER_WARNINGS\=NO
    export ENABLE_STRICT_OBJC_MSGSEND\=YES
    export ENABLE_TESTABILITY\=YES
    export ENABLE_TESTING_SEARCH_PATHS\=YES
    export ENABLE_USER_SCRIPT_SANDBOXING\=NO
    export ENABLE_XOJIT_PREVIEWS\=YES
    export ENFORCE_VALID_ARCHS\=YES
    export ENTITLEMENTS_DESTINATION\=Signature
    export ENTITLEMENTS_REQUIRED\=YES
    export EXCLUDED_INSTALLSRC_SUBDIRECTORY_PATTERNS\=.DS_Store\ .svn\ .git\ .hg\ CVS
    export EXCLUDED_RECURSIVE_SEARCH_PATH_SUBDIRECTORIES\=\*.nib\ \*.lproj\ \*.framework\ \*.gch\ \*.xcode\*\ \*.xcassets\ \*.icon\ \(\*\)\ .DS_Store\ CVS\ .svn\ .git\ .hg\ \*.pbproj\ \*.pbxproj
    export EXECUTABLES_FOLDER_PATH\=ResourceRunnerUITests.xctest/Contents/Executables
    export EXECUTABLE_FOLDER_PATH\=ResourceRunnerUITests.xctest/Contents/MacOS
    export EXECUTABLE_FOLDER_PATH_SHALLOW_BUNDLE_NO\=ResourceRunnerUITests.xctest/Contents/MacOS
    export EXECUTABLE_FOLDER_PATH_SHALLOW_BUNDLE_YES\=ResourceRunnerUITests.xctest/Contents
    export EXECUTABLE_NAME\=ResourceRunnerUITests
    export EXECUTABLE_PATH\=ResourceRunnerUITests.xctest/Contents/MacOS/ResourceRunnerUITests
    export EXPANDED_CODE_SIGN_IDENTITY\=-
    export EXPANDED_CODE_SIGN_IDENTITY_NAME\=Sign\ to\ Run\ Locally
    export EXTENSIONS_FOLDER_PATH\=ResourceRunnerUITests.xctest/Contents/Extensions
    export FILE_LIST\=/tmp/ResourceRunner-M3-task010-ui/Build/Intermediates.noindex/ResourceRunner.build/Debug/ResourceRunnerUITests.build/Objects/LinkFileList
    export FIXED_FILES_DIR\=/tmp/ResourceRunner-M3-task010-ui/Build/Intermediates.noindex/ResourceRunner.build/Debug/ResourceRunnerUITests.build/FixedFiles
    export FRAMEWORKS_FOLDER_PATH\=ResourceRunnerUITests.xctest/Contents/Frameworks
    export FRAMEWORK_FLAG_PREFIX\=-framework
    export FRAMEWORK_SEARCH_PATHS\=/tmp/ResourceRunner-M3-task010-ui/Build/Products/Debug\ 
    export FRAMEWORK_VERSION\=A
    export FULL_PRODUCT_NAME\=ResourceRunnerUITests.xctest
    export FUSE_BUILD_PHASES\=YES
    export FUSE_BUILD_SCRIPT_PHASES\=NO
    export GCC3_VERSION\=3.3
    export GCC_C_LANGUAGE_STANDARD\=gnu17
    export GCC_DYNAMIC_NO_PIC\=NO
    export GCC_INLINES_ARE_PRIVATE_EXTERN\=YES
    export GCC_NO_COMMON_BLOCKS\=YES
    export GCC_OPTIMIZATION_LEVEL\=0
    export GCC_PFE_FILE_C_DIALECTS\=c\ objective-c\ c++\ objective-c++
    export GCC_PREPROCESSOR_DEFINITIONS\=DEBUG\=1\ 
    export GCC_TREAT_WARNINGS_AS_ERRORS\=NO
    export GCC_VERSION\=com.apple.compilers.llvm.clang.1_0
    export GCC_VERSION_IDENTIFIER\=com_apple_compilers_llvm_clang_1_0
    export GCC_WARN_64_TO_32_BIT_CONVERSION\=YES
    export GCC_WARN_ABOUT_RETURN_TYPE\=YES_ERROR
    export GCC_WARN_UNDECLARED_SELECTOR\=YES
    export GCC_WARN_UNINITIALIZED_AUTOS\=YES_AGGRESSIVE
    export GCC_WARN_UNUSED_FUNCTION\=YES
    export GCC_WARN_UNUSED_VARIABLE\=YES
    export GENERATED_MODULEMAP_DIR\=/tmp/ResourceRunner-M3-task010-ui/Build/Intermediates.noindex/GeneratedModuleMaps
    export GENERATED_TEST_ENTRY_POINT_PATH\=/tmp/ResourceRunner-M3-task010-ui/Build/Intermediates.noindex/ResourceRunner.build/Debug/ResourceRunnerUITests.build/DerivedSources/test_entry_point.swift
    export GENERATE_INFOPLIST_FILE\=YES
    export GENERATE_INTERMEDIATE_TEXT_BASED_STUBS\=YES
    export GENERATE_PKGINFO_FILE\=NO
    export GENERATE_PRELINK_OBJECT_FILE\=NO
    export GENERATE_PROFILING_CODE\=NO
    export GENERATE_TEXT_BASED_STUBS\=NO
    export GID\=20
    export GROUP\=staff
    export HEADERMAP_INCLUDES_FLAT_ENTRIES_FOR_TARGET_BEING_BUILT\=YES
    export HEADERMAP_INCLUDES_FRAMEWORK_ENTRIES_FOR_ALL_PRODUCT_TYPES\=YES
    export HEADERMAP_INCLUDES_FRAMEWORK_ENTRIES_FOR_TARGETS_NOT_BEING_BUILT\=YES
    export HEADERMAP_INCLUDES_NONPUBLIC_NONPRIVATE_HEADERS\=YES
    export HEADERMAP_INCLUDES_PROJECT_HEADERS\=YES
    export HEADERMAP_USES_FRAMEWORK_PREFIX_ENTRIES\=YES
    export HEADERMAP_USES_VFS\=NO
    export HEADER_SEARCH_PATHS\=/tmp/ResourceRunner-M3-task010-ui/Build/Products/Debug/include\ 
    export HOME\=/Users/zipkero
    export HOST_ARCH\=arm64
    export HOST_PLATFORM\=macosx
    export ICONV\=/usr/bin/iconv
    export IMPLICIT_DEPENDENCY_DOMAIN\=default
    export INDEX_STORE_COMPRESS\=NO
    export INDEX_STORE_ONLY_PROJECT_FILES\=NO
    export INFOPLIST_ENABLE_CFBUNDLEICONS_MERGE\=YES
    export INFOPLIST_EXPAND_BUILD_SETTINGS\=YES
    export INFOPLIST_OUTPUT_FORMAT\=same-as-input
    export INFOPLIST_PATH\=ResourceRunnerUITests.xctest/Contents/Info.plist
    export INFOPLIST_PREPROCESS\=NO
    export INFOSTRINGS_PATH\=ResourceRunnerUITests.xctest/Contents/Resources/en.lproj/InfoPlist.strings
    export INLINE_PRIVATE_FRAMEWORKS\=NO
    export INSTALLAPI_IGNORE_SKIP_INSTALL\=YES
    export INSTALLHDRS_COPY_PHASE\=NO
    export INSTALLHDRS_SCRIPT_PHASE\=NO
    export INSTALL_DIR\=/tmp/ResourceRunner.dst
    export INSTALL_GROUP\=staff
    export INSTALL_MODE_FLAG\=u+w,go-w,a+rX
    export INSTALL_OWNER\=zipkero
    export INSTALL_ROOT\=/tmp/ResourceRunner.dst
    export IOS_UNZIPPERED_TWIN_PREFIX_PATH\=/System/iOSSupport
    export IS_MACCATALYST\=NO
    export IS_UNOPTIMIZED_BUILD\=YES
    export JAVAC_DEFAULT_FLAGS\=-J-Xms64m\ -J-XX:NewSize\=4M\ -J-Dfile.encoding\=UTF8
    export JAVA_APP_STUB\=/System/Library/Frameworks/JavaVM.framework/Resources/MacOS/JavaApplicationStub
    export JAVA_ARCHIVE_CLASSES\=YES
    export JAVA_ARCHIVE_TYPE\=JAR
    export JAVA_COMPILER\=/usr/bin/javac
    export JAVA_FOLDER_PATH\=ResourceRunnerUITests.xctest/Contents/Resources/Java
    export JAVA_FRAMEWORK_RESOURCES_DIRS\=Resources
    export JAVA_JAR_FLAGS\=cv
    export JAVA_SOURCE_SUBDIR\=.
    export JAVA_USE_DEPENDENCIES\=YES
    export JAVA_ZIP_FLAGS\=-urg
    export JIKES_DEFAULT_FLAGS\=+E\ +OLDCSO
    export KASAN_CFLAGS_CLASSIC\=-DKASAN\=1\ -DKASAN_CLASSIC\=1\ -fsanitize\=address\ -mllvm\ -asan-globals-live-support\ -mllvm\ -asan-force-dynamic-shadow
    export KASAN_CFLAGS_TBI\=-DKASAN\=1\ -DKASAN_TBI\=1\ -fsanitize\=kernel-hwaddress\ -mllvm\ -hwasan-recover\=0\ -mllvm\ -hwasan-instrument-atomics\=0\ -mllvm\ -hwasan-instrument-stack\=1\ -mllvm\ -hwasan-generate-tags-with-calls\=1\ -mllvm\ -hwasan-instrument-with-calls\=1\ -mllvm\ -hwasan-use-short-granules\=0\ -mllvm\ -hwasan-memory-access-callback-prefix\=__asan_
    export KASAN_DEFAULT_CFLAGS\=-DKASAN\=1\ -DKASAN_CLASSIC\=1\ -fsanitize\=address\ -mllvm\ -asan-globals-live-support\ -mllvm\ -asan-force-dynamic-shadow
    export KEEP_PRIVATE_EXTERNS\=NO
    export LD_DEPENDENCY_INFO_FILE\=/tmp/ResourceRunner-M3-task010-ui/Build/Intermediates.noindex/ResourceRunner.build/Debug/ResourceRunnerUITests.build/Objects-normal/undefined_arch/ResourceRunnerUITests_dependency_info.dat
    export LD_EXPORT_SYMBOLS\=YES
    export LD_GENERATE_MAP_FILE\=NO
    export LD_MAP_FILE_PATH\=/tmp/ResourceRunner-M3-task010-ui/Build/Intermediates.noindex/ResourceRunner.build/Debug/ResourceRunnerUITests.build/ResourceRunnerUITests-LinkMap-normal-undefined_arch.txt
    export LD_NO_PIE\=NO
    export LD_QUOTE_LINKER_ARGUMENTS_FOR_COMPILER_DRIVER\=YES
    export LD_RUNPATH_SEARCH_PATHS\=\ @loader_path/../Frameworks
    export LD_RUNPATH_SEARCH_PATHS_SHALLOW_BUNDLE_NO\=@loader_path/../Frameworks
    export LD_RUNPATH_SEARCH_PATHS_SHALLOW_BUNDLE_YES\=@loader_path/Frameworks
    export LD_SHARED_CACHE_ELIGIBLE\=Automatic
    export LD_WARN_DUPLICATE_LIBRARIES\=NO
    export LD_WARN_UNUSED_DYLIBS\=NO
    export LEGACY_DEVELOPER_DIR\=/Applications/Xcode.app/Contents/PlugIns/Xcode3Core.ideplugin/Contents/SharedSupport/Developer
    export LEX\=lex
    export LIBRARY_DEXT_INSTALL_PATH\=/Library/DriverExtensions
    export LIBRARY_FLAG_NOSPACE\=YES
    export LIBRARY_FLAG_PREFIX\=-l
    export LIBRARY_KEXT_INSTALL_PATH\=/Library/Extensions
    export LIBRARY_SEARCH_PATHS\=/tmp/ResourceRunner-M3-task010-ui/Build/Products/Debug\ \ \ /Applications/Xcode.app/Contents/Developer/Platforms/MacOSX.platform/Developer/usr/lib
    export LINKER_DISPLAYS_MANGLED_NAMES\=NO
    export LINK_FILE_LIST_normal_arm64\=/tmp/ResourceRunner-M3-task010-ui/Build/Intermediates.noindex/ResourceRunner.build/Debug/ResourceRunnerUITests.build/Objects-normal/arm64/ResourceRunnerUITests.LinkFileList
    export LINK_OBJC_RUNTIME\=YES
    export LINK_WITH_STANDARD_LIBRARIES\=YES
    export LLVM_TARGET_TRIPLE_OS_VERSION\=macos26.5
    export LLVM_TARGET_TRIPLE_OS_VERSION_NO\=macos26.5
    export LLVM_TARGET_TRIPLE_OS_VERSION_YES\=macos26.5
    export LLVM_TARGET_TRIPLE_VENDOR\=apple
    export LM_AUX_CONST_METADATA_LIST_PATH_normal_arm64\=/tmp/ResourceRunner-M3-task010-ui/Build/Intermediates.noindex/ResourceRunner.build/Debug/ResourceRunnerUITests.build/Objects-normal/arm64/ResourceRunnerUITests.SwiftConstValuesFileList
    export LOCALIZATION_EXPORT_SUPPORTED\=YES
    export LOCALIZATION_PREFERS_STRING_CATALOGS\=YES
    export LOCALIZED_RESOURCES_FOLDER_PATH\=ResourceRunnerUITests.xctest/Contents/Resources/en.lproj
    export LOCALIZED_STRING_CODE_COMMENTS\=NO
    export LOCALIZED_STRING_MACRO_NAMES\=NSLocalizedString\ CFCopyLocalizedString
    export LOCALIZED_STRING_SWIFTUI_SUPPORT\=YES
    export LOCAL_ADMIN_APPS_DIR\=/Applications/Utilities
    export LOCAL_APPS_DIR\=/Applications
    export LOCAL_DEVELOPER_DIR\=/Library/Developer
    export LOCAL_LIBRARY_DIR\=/Library
    export LOCROOT\=/Users/zipkero/XcodeProjects/ResourceRunner
    export LOCSYMROOT\=/Users/zipkero/XcodeProjects/ResourceRunner
    export MACH_O_TYPE\=mh_bundle
    export MACOSX_DEPLOYMENT_TARGET\=26.5
    export MAC_OS_X_PRODUCT_BUILD_VERSION\=25G83
    export MAC_OS_X_VERSION_ACTUAL\=260602
    export MAC_OS_X_VERSION_MAJOR\=260000
    export MAC_OS_X_VERSION_MINOR\=260600
    export MAKE_MERGEABLE\=NO
    export MARKETING_VERSION\=1.0
    export MERGEABLE_LIBRARY\=NO
    export MERGED_BINARY_TYPE\=none
    export MERGE_LINKED_LIBRARIES\=NO
    export METAL_LIBRARY_FILE_BASE\=default
    export METAL_LIBRARY_OUTPUT_DIR\=/tmp/ResourceRunner-M3-task010-ui/Build/Products/Debug/ResourceRunnerUITests-Runner.app/Contents/PlugIns/ResourceRunnerUITests.xctest/Contents/Resources
    export MODULES_FOLDER_PATH\=ResourceRunnerUITests.xctest/Contents/Modules
    export MODULE_CACHE_DIR\=/tmp/ResourceRunner-M3-task010-ui/ModuleCache.noindex
    export MTL_ENABLE_DEBUG_INFO\=INCLUDE_SOURCE
    export MTL_FAST_MATH\=YES
    export NATIVE_ARCH\=arm64
    export NATIVE_ARCH_32_BIT\=arm
    export NATIVE_ARCH_64_BIT\=arm64
    export NATIVE_ARCH_ACTUAL\=arm64
    export NO_COMMON\=YES
    export OBJECT_FILE_DIR\=/tmp/ResourceRunner-M3-task010-ui/Build/Intermediates.noindex/ResourceRunner.build/Debug/ResourceRunnerUITests.build/Objects
    export OBJECT_FILE_DIR_normal\=/tmp/ResourceRunner-M3-task010-ui/Build/Intermediates.noindex/ResourceRunner.build/Debug/ResourceRunnerUITests.build/Objects-normal
    export OBJROOT\=/tmp/ResourceRunner-M3-task010-ui/Build/Intermediates.noindex
    export ONLY_ACTIVE_ARCH\=YES
    export OS\=MACOS
    export OSAC\=/usr/bin/osacompile
    export OTHER_SWIFT_FLAGS\=\ -module-alias\ Testing\=_Testing_Unavailable\ -plugin-path\ /Applications/Xcode.app/Contents/Developer/Toolchains/XcodeDefault.xctoolchain/usr/lib/swift/host/plugins/testing
    export PACKAGE_TYPE\=com.apple.package-type.bundle.unit-test
    export PASCAL_STRINGS\=YES
    export PATH\=/Applications/Xcode.app/Contents/SharedFrameworks/SwiftBuild.framework/Versions/A/PlugIns/SWBBuildService.bundle/Contents/PlugIns/SWBUniversalPlatformPlugin.bundle/Contents/Frameworks/SWBUniversalPlatform.framework/Resources:/Applications/Xcode.app/Contents/Developer/Toolchains/XcodeDefault.xctoolchain/usr/bin:/Applications/Xcode.app/Contents/Developer/Toolchains/XcodeDefault.xctoolchain/usr/local/bin:/Applications/Xcode.app/Contents/Developer/Toolchains/XcodeDefault.xctoolchain/usr/libexec:/Applications/Xcode.app/Contents/Developer/Platforms/MacOSX.platform/usr/bin:/Applications/Xcode.app/Contents/Developer/Platforms/MacOSX.platform/usr/local/bin:/Applications/Xcode.app/Contents/Developer/Platforms/MacOSX.platform/Developer/usr/bin:/Applications/Xcode.app/Contents/Developer/Platforms/MacOSX.platform/Developer/usr/local/bin:/Applications/Xcode.app/Contents/Developer/usr/bin:/Applications/Xcode.app/Contents/Developer/usr/local/bin:/Users/zipkero/.codex/packages/standalone/releases/0.159.3-aarch64-apple-darwin/codex-path:/Users/zipkero/.nvm/versions/node/v24.15.0/bin:/Users/zipkero/.local/bin:/usr/local/bin:/System/Cryptexes/App/usr/bin:/usr/bin:/bin:/usr/sbin:/sbin:/var/run/com.apple.security.cryptexd/codex.system/bootstrap/usr/local/bin:/var/run/com.apple.security.cryptexd/codex.system/bootstrap/usr/bin:/var/run/com.apple.security.cryptexd/codex.system/bootstrap/usr/appleinternal/bin:/pkg/env/global/bin:/Library/Apple/usr/bin:/usr/local/share/dotnet:/opt/homebrew/bin:/Users/zipkero/.codex/tmp/arg0/codex-arg0cUdpDo:/Applications/Orca.app/Contents/Resources/bin:/Users/zipkero/Library/Application\ Support/JetBrains/Toolbox/scripts:/Users/zipkero/.orbstack/bin:/Users/zipkero/go/bin:/Users/zipkero/.volta/bin:/Users/zipkero/.asdf/shims:/Users/zipkero/.fnm/aliases/default/bin:/Users/zipkero/.local/share/mise/shims:/Users/zipkero/Library/pnpm:/Users/zipkero/.yarn/bin:/Users/zipkero/.bun/bin:/opt/homebrew/sbin:/usr/local/sbin:/nix/var/nix/profiles/default/bin:/Users/zipkero/bin:/Users/zipkero/.nix-profile/bin:/Users/zipkero/.opencode/bin:/Users/zipkero/.vite-plus/bin
    export PATH_PREFIXES_EXCLUDED_FROM_HEADER_DEPENDENCIES\=/usr/include\ /usr/local/include\ /System/Library/Frameworks\ /System/Library/PrivateFrameworks\ /Applications/Xcode.app/Contents/Developer/Headers\ /Applications/Xcode.app/Contents/Developer/SDKs\ /Applications/Xcode.app/Contents/Developer/Platforms
    export PBDEVELOPMENTPLIST_PATH\=ResourceRunnerUITests.xctest/Contents/pbdevelopment.plist
    export PER_ARCH_MODULE_FILE_DIR\=/tmp/ResourceRunner-M3-task010-ui/Build/Intermediates.noindex/ResourceRunner.build/Debug/ResourceRunnerUITests.build/Objects-normal/undefined_arch
    export PER_ARCH_OBJECT_FILE_DIR\=/tmp/ResourceRunner-M3-task010-ui/Build/Intermediates.noindex/ResourceRunner.build/Debug/ResourceRunnerUITests.build/Objects-normal/undefined_arch
    export PER_VARIANT_OBJECT_FILE_DIR\=/tmp/ResourceRunner-M3-task010-ui/Build/Intermediates.noindex/ResourceRunner.build/Debug/ResourceRunnerUITests.build/Objects-normal
    export PKGINFO_FILE_PATH\=/tmp/ResourceRunner-M3-task010-ui/Build/Intermediates.noindex/ResourceRunner.build/Debug/ResourceRunnerUITests.build/PkgInfo
    export PKGINFO_PATH\=ResourceRunnerUITests.xctest/Contents/PkgInfo
    export PLATFORM_DEVELOPER_APPLICATIONS_DIR\=/Applications/Xcode.app/Contents/Developer/Applications
    export PLATFORM_DEVELOPER_BIN_DIR\=/Applications/Xcode.app/Contents/Developer/usr/bin
    export PLATFORM_DEVELOPER_LIBRARY_DIR\=/Applications/Xcode.app/Contents/Developer/Library
    export PLATFORM_DEVELOPER_SDK_DIR\=/Applications/Xcode.app/Contents/Developer/Platforms/MacOSX.platform/Developer/SDKs
    export PLATFORM_DEVELOPER_TOOLS_DIR\=/Applications/Xcode.app/Contents/Developer/Tools
    export PLATFORM_DEVELOPER_USR_DIR\=/Applications/Xcode.app/Contents/Developer/usr
    export PLATFORM_DIR\=/Applications/Xcode.app/Contents/Developer/Platforms/MacOSX.platform
    export PLATFORM_DISPLAY_NAME\=macOS
    export PLATFORM_FAMILY_NAME\=macOS
    export PLATFORM_NAME\=macosx
    export PLATFORM_PREFERRED_ARCH\=x86_64
    export PLATFORM_PRODUCT_BUILD_VERSION\=25F70
    export PLATFORM_REQUIRES_SWIFT_AUTOLINK_EXTRACT\=NO
    export PLATFORM_REQUIRES_SWIFT_MODULEWRAP\=NO
    export PLATFORM_USES_DSYMS\=YES
    export PLIST_FILE_OUTPUT_FORMAT\=same-as-input
    export PLUGINS_FOLDER_PATH\=ResourceRunnerUITests.xctest/Contents/PlugIns
    export PRECOMPS_INCLUDE_HEADERS_FROM_BUILT_PRODUCTS_DIR\=YES
    export PRECOMP_DESTINATION_DIR\=/tmp/ResourceRunner-M3-task010-ui/Build/Intermediates.noindex/ResourceRunner.build/Debug/ResourceRunnerUITests.build/PrefixHeaders
    export PRIVATE_HEADERS_FOLDER_PATH\=ResourceRunnerUITests.xctest/Contents/PrivateHeaders
    export PROCESSED_INFOPLIST_PATH\=/tmp/ResourceRunner-M3-task010-ui/Build/Intermediates.noindex/ResourceRunner.build/Debug/ResourceRunnerUITests.build/Objects-normal/undefined_arch/Processed-Info.plist
    export PRODUCT_BUNDLE_IDENTIFIER\=com.zipkero.ResourceRunnerUITests
    export PRODUCT_BUNDLE_PACKAGE_TYPE\=BNDL
    export PRODUCT_MODULE_NAME\=ResourceRunnerUITests
    export PRODUCT_NAME\=ResourceRunnerUITests
    export PRODUCT_SETTINGS_PATH\=
    export PRODUCT_SPECIFIC_LDFLAGS\=-Xlinker\ -needed_framework\ -Xlinker\ XCTest\ -framework\ XCTest\ -Xlinker\ -needed-lXCTestSwiftSupport\ -lXCTestSwiftSupport
    export PRODUCT_TYPE\=com.apple.product-type.bundle.ui-testing
    export PRODUCT_TYPE_SWIFT_STDLIB_TOOL_FLAGS\=--scan-executable\ \"/Applications/Xcode.app/Contents/Developer/Platforms/MacOSX.platform/Developer/usr/lib/libXCTestSwiftSupport.dylib\"
    export PROFILING_CODE\=NO
    export PROJECT\=ResourceRunner
    export PROJECT_DERIVED_FILE_DIR\=/tmp/ResourceRunner-M3-task010-ui/Build/Intermediates.noindex/ResourceRunner.build/DerivedSources
    export PROJECT_DIR\=/Users/zipkero/XcodeProjects/ResourceRunner
    export PROJECT_FILE_PATH\=/Users/zipkero/XcodeProjects/ResourceRunner/ResourceRunner.xcodeproj
    export PROJECT_GUID\=8c3503f0990367d409751a2585fa2393
    export PROJECT_NAME\=ResourceRunner
    export PROJECT_TEMP_DIR\=/tmp/ResourceRunner-M3-task010-ui/Build/Intermediates.noindex/ResourceRunner.build
    export PROJECT_TEMP_ROOT\=/tmp/ResourceRunner-M3-task010-ui/Build/Intermediates.noindex
    export PROVISIONING_PROFILE_DESTINATION_PATH\=/tmp/ResourceRunner-M3-task010-ui/Build/Products/Debug/ResourceRunnerUITests-Runner.app/Contents/PlugIns/..
    export PROVISIONING_PROFILE_REQUIRED\=NO
    export PROVISIONING_PROFILE_SUPPORTED\=YES
    export PUBLIC_HEADERS_FOLDER_PATH\=ResourceRunnerUITests.xctest/Contents/Headers
    export RECOMMENDED_MACOSX_DEPLOYMENT_TARGET\=11.0
    export RECURSIVE_SEARCH_PATHS_FOLLOW_SYMLINKS\=YES
    export REMOVE_CVS_FROM_RESOURCES\=YES
    export REMOVE_GIT_FROM_RESOURCES\=YES
    export REMOVE_HEADERS_FROM_EMBEDDED_BUNDLES\=YES
    export REMOVE_HG_FROM_RESOURCES\=YES
    export REMOVE_STATIC_EXECUTABLES_FROM_EMBEDDED_BUNDLES\=YES
    export REMOVE_SVN_FROM_RESOURCES\=YES
    export RESCHEDULE_INDEPENDENT_HEADERS_PHASES\=YES
    export REZ_COLLECTOR_DIR\=/tmp/ResourceRunner-M3-task010-ui/Build/Intermediates.noindex/ResourceRunner.build/Debug/ResourceRunnerUITests.build/ResourceManagerResources
    export REZ_OBJECTS_DIR\=/tmp/ResourceRunner-M3-task010-ui/Build/Intermediates.noindex/ResourceRunner.build/Debug/ResourceRunnerUITests.build/ResourceManagerResources/Objects
    export REZ_SEARCH_PATHS\=/tmp/ResourceRunner-M3-task010-ui/Build/Products/Debug\ 
    export RPATH_ORIGIN\=@loader_path
    export RUNTIME_EXCEPTION_ALLOW_DYLD_ENVIRONMENT_VARIABLES\=NO
    export RUNTIME_EXCEPTION_ALLOW_JIT\=NO
    export RUNTIME_EXCEPTION_ALLOW_UNSIGNED_EXECUTABLE_MEMORY\=NO
    export RUNTIME_EXCEPTION_DEBUGGING_TOOL\=NO
    export RUNTIME_EXCEPTION_DISABLE_EXECUTABLE_PAGE_PROTECTION\=NO
    export RUNTIME_EXCEPTION_DISABLE_LIBRARY_VALIDATION\=NO
    export SCANNING_PCM_KEEP_CACHE_DIRECTORY\=YES
    export SCAN_ALL_SOURCE_FILES_FOR_INCLUDES\=NO
    export SCRIPTS_FOLDER_PATH\=ResourceRunnerUITests.xctest/Contents/Resources/Scripts
    export SCRIPT_INPUT_FILE_0\=/Users/zipkero/XcodeProjects/ResourceRunner/ResourceRunnerUITests/ExpansionProcessFixture.cfixture
    export SCRIPT_INPUT_FILE_COUNT\=1
    export SCRIPT_INPUT_FILE_LIST_COUNT\=0
    export SCRIPT_OUTPUT_FILE_0\=/tmp/ResourceRunner-M3-task010-ui/Build/Products/Debug/ResourceRunnerExpansionFixture
    export SCRIPT_OUTPUT_FILE_COUNT\=1
    export SCRIPT_OUTPUT_FILE_LIST_COUNT\=0
    export SDKROOT\=/Applications/Xcode.app/Contents/Developer/Platforms/MacOSX.platform/Developer/SDKs/MacOSX26.5.sdk
    export SDK_DIR\=/Applications/Xcode.app/Contents/Developer/Platforms/MacOSX.platform/Developer/SDKs/MacOSX26.5.sdk
    export SDK_DIR_macosx\=/Applications/Xcode.app/Contents/Developer/Platforms/MacOSX.platform/Developer/SDKs/MacOSX26.5.sdk
    export SDK_DIR_macosx26_5\=/Applications/Xcode.app/Contents/Developer/Platforms/MacOSX.platform/Developer/SDKs/MacOSX26.5.sdk
    export SDK_NAME\=macosx26.5
    export SDK_NAMES\=macosx26.5
    export SDK_PRODUCT_BUILD_VERSION\=25F70
    export SDK_STAT_CACHE_DIR\=/tmp/ResourceRunner-M3-task010-ui
    export SDK_STAT_CACHE_ENABLE\=YES
    export SDK_STAT_CACHE_PATH\=/tmp/ResourceRunner-M3-task010-ui/SDKStatCaches.noindex/macosx26.5-25F70-e082c4a02f00227109f4ed75e425c832.sdkstatcache
    export SDK_VERSION\=26.5
    export SDK_VERSION_ACTUAL\=260500
    export SDK_VERSION_MAJOR\=260000
    export SDK_VERSION_MINOR\=260500
    export SED\=/usr/bin/sed
    export SEPARATE_STRIP\=NO
    export SEPARATE_SYMBOL_EDIT\=NO
    export SET_DIR_MODE_OWNER_GROUP\=YES
    export SET_FILE_MODE_OWNER_GROUP\=NO
    export SHALLOW_BUNDLE\=NO
    export SHALLOW_BUNDLE_PLATFORM\=NO
    export SHALLOW_BUNDLE_TRIPLE\=macos
    export SHALLOW_BUNDLE_ios_macabi\=NO
    export SHALLOW_BUNDLE_macos\=NO
    export SHARED_DERIVED_FILE_DIR\=/tmp/ResourceRunner-M3-task010-ui/Build/Products/Debug/DerivedSources
    export SHARED_FRAMEWORKS_FOLDER_PATH\=ResourceRunnerUITests.xctest/Contents/SharedFrameworks
    export SHARED_PRECOMPS_DIR\=/tmp/ResourceRunner-M3-task010-ui/Build/Intermediates.noindex/PrecompiledHeaders
    export SHARED_SUPPORT_FOLDER_PATH\=ResourceRunnerUITests.xctest/Contents/SharedSupport
    export SKIP_INSTALL\=YES
    export SKIP_MERGEABLE_LIBRARY_BUNDLE_HOOK\=NO
    export SOURCE_ROOT\=/Users/zipkero/XcodeProjects/ResourceRunner
    export SRCROOT\=/Users/zipkero/XcodeProjects/ResourceRunner
    export STRINGSDATA_DIR\=/tmp/ResourceRunner-M3-task010-ui/Build/Intermediates.noindex/ResourceRunner.build/Debug/ResourceRunnerUITests.build/Objects-normal/undefined_arch
    export STRINGSDATA_ROOT\=/tmp/ResourceRunner-M3-task010-ui/Build/Intermediates.noindex/ResourceRunner.build/Debug/ResourceRunnerUITests.build
    export STRINGS_FILE_INFOPLIST_RENAME\=YES
    export STRINGS_FILE_OUTPUT_ENCODING\=UTF-16
    export STRING_CATALOG_GENERATE_SYMBOLS\=NO
    export STRIP_BITCODE_FROM_COPIED_FILES\=NO
    export STRIP_INSTALLED_PRODUCT\=NO
    export STRIP_PNG_TEXT\=NO
    export STRIP_STYLE\=non-global
    export STRIP_SWIFT_SYMBOLS\=YES
    export SUPPORTED_PLATFORMS\=macosx
    export SUPPORTS_TEXT_BASED_API\=NO
    export SUPPRESS_WARNINGS\=NO
    export SWIFT_ACTIVE_COMPILATION_CONDITIONS\=DEBUG\ 
    export SWIFT_APPROACHABLE_CONCURRENCY\=YES
    export SWIFT_EMIT_CONST_VALUE_PROTOCOLS\=AnyResolverProviding\ AppEntity\ AppEnum\ AppExtension\ AppIntent\ AppIntentsPackage\ AppShortcutProviding\ AppShortcutsProvider\ AppUnionValue\ AppUnionValueCasesProviding\ DynamicOptionsProvider\ EntityQuery\ ExtensionPointDefining\ IntentValueQuery\ Resolver\ TransientEntity\ _AssistantIntentsProvider\ _GenerativeFunctionExtractable\ _IntentValueRepresentable
    export SWIFT_EMIT_LOC_STRINGS\=NO
    export SWIFT_ENABLE_EXPLICIT_MODULES\=YES
    export SWIFT_OPTIMIZATION_LEVEL\=-Onone
    export SWIFT_PLATFORM_TARGET_PREFIX\=macos
    export SWIFT_RESPONSE_FILE_PATH_normal_arm64\=/tmp/ResourceRunner-M3-task010-ui/Build/Intermediates.noindex/ResourceRunner.build/Debug/ResourceRunnerUITests.build/Objects-normal/arm64/ResourceRunnerUITests.SwiftFileList
    export SWIFT_UPCOMING_FEATURE_MEMBER_IMPORT_VISIBILITY\=YES
    export SWIFT_VERSION\=5.0
    export SYMROOT\=/tmp/ResourceRunner-M3-task010-ui/Build/Products
    export SYSTEM_ADMIN_APPS_DIR\=/Applications/Utilities
    export SYSTEM_APPS_DIR\=/Applications
    export SYSTEM_CORE_SERVICES_DIR\=/System/Library/CoreServices
    export SYSTEM_DEMOS_DIR\=/Applications/Extras
    export SYSTEM_DEVELOPER_APPS_DIR\=/Applications/Xcode.app/Contents/Developer/Applications
    export SYSTEM_DEVELOPER_BIN_DIR\=/Applications/Xcode.app/Contents/Developer/usr/bin
    export SYSTEM_DEVELOPER_DEMOS_DIR\=/Applications/Xcode.app/Contents/Developer/Applications/Utilities/Built\ Examples
    export SYSTEM_DEVELOPER_DIR\=/Applications/Xcode.app/Contents/Developer
    export SYSTEM_DEVELOPER_DOC_DIR\=/Applications/Xcode.app/Contents/Developer/ADC\ Reference\ Library
    export SYSTEM_DEVELOPER_GRAPHICS_TOOLS_DIR\=/Applications/Xcode.app/Contents/Developer/Applications/Graphics\ Tools
    export SYSTEM_DEVELOPER_JAVA_TOOLS_DIR\=/Applications/Xcode.app/Contents/Developer/Applications/Java\ Tools
    export SYSTEM_DEVELOPER_PERFORMANCE_TOOLS_DIR\=/Applications/Xcode.app/Contents/Developer/Applications/Performance\ Tools
    export SYSTEM_DEVELOPER_RELEASENOTES_DIR\=/Applications/Xcode.app/Contents/Developer/ADC\ Reference\ Library/releasenotes
    export SYSTEM_DEVELOPER_TOOLS\=/Applications/Xcode.app/Contents/Developer/Tools
    export SYSTEM_DEVELOPER_TOOLS_DOC_DIR\=/Applications/Xcode.app/Contents/Developer/ADC\ Reference\ Library/documentation/DeveloperTools
    export SYSTEM_DEVELOPER_TOOLS_RELEASENOTES_DIR\=/Applications/Xcode.app/Contents/Developer/ADC\ Reference\ Library/releasenotes/DeveloperTools
    export SYSTEM_DEVELOPER_USR_DIR\=/Applications/Xcode.app/Contents/Developer/usr
    export SYSTEM_DEVELOPER_UTILITIES_DIR\=/Applications/Xcode.app/Contents/Developer/Applications/Utilities
    export SYSTEM_DEXT_INSTALL_PATH\=/System/Library/DriverExtensions
    export SYSTEM_DOCUMENTATION_DIR\=/Library/Documentation
    export SYSTEM_EXTENSIONS_FOLDER_PATH\=ResourceRunnerUITests.xctest/Contents/Library/SystemExtensions
    export SYSTEM_EXTENSIONS_FOLDER_PATH_SHALLOW_BUNDLE_NO\=ResourceRunnerUITests.xctest/Contents/Library/SystemExtensions
    export SYSTEM_EXTENSIONS_FOLDER_PATH_SHALLOW_BUNDLE_YES\=ResourceRunnerUITests.xctest/Contents/SystemExtensions
    export SYSTEM_FRAMEWORK_SEARCH_PATHS\=\ \ /Applications/Xcode.app/Contents/Developer/Platforms/MacOSX.platform/Developer/Library/Frameworks
    export SYSTEM_KEXT_INSTALL_PATH\=/System/Library/Extensions
    export SYSTEM_LIBRARY_DIR\=/System/Library
    export TAPI_DEMANGLE\=YES
    export TAPI_ENABLE_PROJECT_HEADERS\=NO
    export TAPI_LANGUAGE\=objective-c
    export TAPI_LANGUAGE_STANDARD\=compiler-default
    export TAPI_USE_SRCROOT\=YES
    export TAPI_VERIFY_MODE\=Pedantic
    export TARGETNAME\=ResourceRunnerUITests
    export TARGET_BUILD_DIR\=/tmp/ResourceRunner-M3-task010-ui/Build/Products/Debug/ResourceRunnerUITests-Runner.app/Contents/PlugIns
    export TARGET_BUILD_SUBPATH\=/ResourceRunnerUITests-Runner.app/Contents/PlugIns
    export TARGET_NAME\=ResourceRunnerUITests
    export TARGET_TEMP_DIR\=/tmp/ResourceRunner-M3-task010-ui/Build/Intermediates.noindex/ResourceRunner.build/Debug/ResourceRunnerUITests.build
    export TEMP_DIR\=/tmp/ResourceRunner-M3-task010-ui/Build/Intermediates.noindex/ResourceRunner.build/Debug/ResourceRunnerUITests.build
    export TEMP_FILES_DIR\=/tmp/ResourceRunner-M3-task010-ui/Build/Intermediates.noindex/ResourceRunner.build/Debug/ResourceRunnerUITests.build
    export TEMP_FILE_DIR\=/tmp/ResourceRunner-M3-task010-ui/Build/Intermediates.noindex/ResourceRunner.build/Debug/ResourceRunnerUITests.build
    export TEMP_ROOT\=/tmp/ResourceRunner-M3-task010-ui/Build/Intermediates.noindex
    export TEMP_SANDBOX_DIR\=/tmp/ResourceRunner-M3-task010-ui/Build/Intermediates.noindex/TemporaryTaskSandboxes
    export TESTING_FRAMEWORK_MODULE_ALIAS_FLAGS\=-module-alias\ Testing\=_Testing_Unavailable
    export TEST_FRAMEWORK_SEARCH_PATHS\=\ /Applications/Xcode.app/Contents/Developer/Platforms/MacOSX.platform/Developer/Library/Frameworks
    export TEST_LIBRARY_SEARCH_PATHS\=\ /Applications/Xcode.app/Contents/Developer/Platforms/MacOSX.platform/Developer/usr/lib
    export TEST_TARGET_NAME\=ResourceRunner
    export TOOLCHAINS\=com.apple.dt.toolchain.XcodeDefault
    export TOOLCHAIN_DIR\=/Applications/Xcode.app/Contents/Developer/Toolchains/XcodeDefault.xctoolchain
    export TREAT_MISSING_BASELINES_AS_TEST_FAILURES\=NO
    export TREAT_MISSING_SCRIPT_PHASE_OUTPUTS_AS_ERRORS\=NO
    export UID\=501
    export UNINSTALLED_PRODUCTS_DIR\=/tmp/ResourceRunner-M3-task010-ui/Build/Intermediates.noindex/UninstalledProducts
    export UNLOCALIZED_RESOURCES_FOLDER_PATH\=ResourceRunnerUITests.xctest/Contents/Resources
    export UNLOCALIZED_RESOURCES_FOLDER_PATH_SHALLOW_BUNDLE_NO\=ResourceRunnerUITests.xctest/Contents/Resources
    export UNLOCALIZED_RESOURCES_FOLDER_PATH_SHALLOW_BUNDLE_YES\=ResourceRunnerUITests.xctest/Contents
    export UNSTRIPPED_PRODUCT\=NO
    export USER\=zipkero
    export USER_APPS_DIR\=/Users/zipkero/Applications
    export USER_LIBRARY_DIR\=/Users/zipkero/Library
    export USES_XCTRUNNER\=YES
    export USE_DYNAMIC_NO_PIC\=YES
    export USE_HEADERMAP\=YES
    export USE_HEADER_SYMLINKS\=NO
    export VALIDATE_DEVELOPMENT_ASSET_PATHS\=YES_ERROR
    export VALIDATE_PRODUCT\=NO
    export VALID_ARCHS\=arm64\ arm64e\ i386\ x86_64
    export VERBOSE_PBXCP\=NO
    export VERSIONPLIST_PATH\=ResourceRunnerUITests.xctest/Contents/version.plist
    export VERSION_INFO_BUILDER\=zipkero
    export VERSION_INFO_FILE\=ResourceRunnerUITests_vers.c
    export VERSION_INFO_STRING\=\"@\(\#\)PROGRAM:ResourceRunnerUITests\ \ PROJECT:ResourceRunner-1\"
    export WORKSPACE_DIR\=/Users/zipkero/XcodeProjects/ResourceRunner/ResourceRunner.xcodeproj
    export WRAPPER_EXTENSION\=xctest
    export WRAPPER_NAME\=ResourceRunnerUITests.xctest
    export WRAPPER_SUFFIX\=.xctest
    export WRAP_ASSET_PACKS_IN_SEPARATE_DIRECTORIES\=NO
    export XCODE_APP_SUPPORT_DIR\=/Applications/Xcode.app/Contents/Developer/Library/Xcode
    export XCODE_PRODUCT_BUILD_VERSION\=17F113
    export XCODE_VERSION_ACTUAL\=2660
    export XCODE_VERSION_MAJOR\=2600
    export XCODE_VERSION_MINOR\=2660
    export XCTRUNNER_PRODUCT_NAME\=ResourceRunnerUITests-Runner.app
    export XPCSERVICES_FOLDER_PATH\=ResourceRunnerUITests.xctest/Contents/XPCServices
    export YACC\=yacc
    export _BOOL_\=NO
    export _BOOL_NO\=NO
    export _BOOL_YES\=YES
    export _DEVELOPMENT_TEAM_IS_EMPTY\=YES
    export _DISCOVER_COMMAND_LINE_LINKER_INPUTS\=YES
    export _DISCOVER_COMMAND_LINE_LINKER_INPUTS_INCLUDE_WL\=YES
    export _IS_EMPTY_\=YES
    export _LD_MULTIARCH\=YES
    export _MACOSX_DEPLOYMENT_TARGET_IS_EMPTY\=NO
    export _WRAPPER_CONTENTS_DIR\=/Contents
    export _WRAPPER_CONTENTS_DIR_SHALLOW_BUNDLE_NO\=/Contents
    export _WRAPPER_PARENT_PATH\=/..
    export _WRAPPER_PARENT_PATH_SHALLOW_BUNDLE_NO\=/..
    export _WRAPPER_RESOURCES_DIR\=/Resources
    export _WRAPPER_RESOURCES_DIR_SHALLOW_BUNDLE_NO\=/Resources
    export __DIAGNOSE_DEPRECATED_ARCHS\=YES
    export __IS_NOT_MACOS\=NO
    export __IS_NOT_MACOS_macosx\=NO
    export __ORIGINAL_SDK_DEFINED_LLVM_TARGET_TRIPLE_SYS\=macos
    export arch\=undefined_arch
    export variant\=normal
    /bin/sh -c /tmp/ResourceRunner-M3-task010-ui/Build/Intermediates.noindex/ResourceRunner.build/Debug/ResourceRunnerUITests.build/Script-E20000000000000000000001.sh
/tmp/ResourceRunner-M3-task010-ui/Build/Products/Debug/ResourceRunnerExpansionFixture/expansion-fixture-6cc86c6b-4c6b-421f-801c-2afbac2f1113: replacing existing signature

CopySwiftLibs /tmp/ResourceRunner-M3-task010-ui/Build/Products/Debug/ResourceRunnerUITests-Runner.app/Contents/PlugIns/ResourceRunnerUITests.xctest (in target 'ResourceRunnerUITests' from project 'ResourceRunner')
    cd /Users/zipkero/XcodeProjects/ResourceRunner
    builtin-swiftStdLibTool --copy --verbose --sign - --scan-executable /tmp/ResourceRunner-M3-task010-ui/Build/Products/Debug/ResourceRunnerUITests-Runner.app/Contents/PlugIns/ResourceRunnerUITests.xctest/Contents/MacOS/ResourceRunnerUITests --scan-folder /tmp/ResourceRunner-M3-task010-ui/Build/Products/Debug/ResourceRunnerUITests-Runner.app/Contents/PlugIns/ResourceRunnerUITests.xctest/Contents/Frameworks --scan-folder /tmp/ResourceRunner-M3-task010-ui/Build/Products/Debug/ResourceRunnerUITests-Runner.app/Contents/PlugIns/ResourceRunnerUITests.xctest/Contents/PlugIns --scan-folder /tmp/ResourceRunner-M3-task010-ui/Build/Products/Debug/ResourceRunnerUITests-Runner.app/Contents/PlugIns/ResourceRunnerUITests.xctest/Contents/Library/SystemExtensions --scan-folder /tmp/ResourceRunner-M3-task010-ui/Build/Products/Debug/ResourceRunnerUITests-Runner.app/Contents/PlugIns/ResourceRunnerUITests.xctest/Contents/Extensions --platform macosx --toolchain /Applications/Xcode.app/Contents/Developer/Toolchains/XcodeDefault.xctoolchain --destination /tmp/ResourceRunner-M3-task010-ui/Build/Products/Debug/ResourceRunnerUITests-Runner.app/Contents/PlugIns/ResourceRunnerUITests.xctest/Contents/Frameworks --strip-bitcode --scan-executable /Applications/Xcode.app/Contents/Developer/Platforms/MacOSX.platform/Developer/usr/lib/libXCTestSwiftSupport.dylib --strip-bitcode-tool /Applications/Xcode.app/Contents/Developer/Toolchains/XcodeDefault.xctoolchain/usr/bin/bitcode_strip --emit-dependency-info /tmp/ResourceRunner-M3-task010-ui/Build/Intermediates.noindex/ResourceRunner.build/Debug/ResourceRunnerUITests.build/SwiftStdLibToolInputDependencies.dep --filter-for-swift-os

ExtractAppIntentsMetadata (in target 'ResourceRunnerUITests' from project 'ResourceRunner')
    cd /Users/zipkero/XcodeProjects/ResourceRunner
    /Applications/Xcode.app/Contents/Developer/Toolchains/XcodeDefault.xctoolchain/usr/bin/appintentsmetadataprocessor --toolchain-dir /Applications/Xcode.app/Contents/Developer/Toolchains/XcodeDefault.xctoolchain --module-name ResourceRunnerUITests --sdk-root /Applications/Xcode.app/Contents/Developer/Platforms/MacOSX.platform/Developer/SDKs/MacOSX26.5.sdk --xcode-version 17F113 --platform-family macOS --deployment-target 26.5 --bundle-identifier com.zipkero.ResourceRunnerUITests --output /tmp/ResourceRunner-M3-task010-ui/Build/Products/Debug/ResourceRunnerUITests-Runner.app/Contents/PlugIns/ResourceRunnerUITests.xctest/Contents/Resources --target-triple arm64-apple-macos26.5 --binary-file /tmp/ResourceRunner-M3-task010-ui/Build/Products/Debug/ResourceRunnerUITests-Runner.app/Contents/PlugIns/ResourceRunnerUITests.xctest/Contents/MacOS/ResourceRunnerUITests --dependency-file /tmp/ResourceRunner-M3-task010-ui/Build/Intermediates.noindex/ResourceRunner.build/Debug/ResourceRunnerUITests.build/Objects-normal/arm64/ResourceRunnerUITests_dependency_info.dat --stringsdata-file /tmp/ResourceRunner-M3-task010-ui/Build/Intermediates.noindex/ResourceRunner.build/Debug/ResourceRunnerUITests.build/Objects-normal/arm64/ExtractedAppShortcutsMetadata.stringsdata --source-file-list /tmp/ResourceRunner-M3-task010-ui/Build/Intermediates.noindex/ResourceRunner.build/Debug/ResourceRunnerUITests.build/Objects-normal/arm64/ResourceRunnerUITests.SwiftFileList --metadata-file-list /tmp/ResourceRunner-M3-task010-ui/Build/Intermediates.noindex/ResourceRunner.build/Debug/ResourceRunnerUITests.build/ResourceRunnerUITests.DependencyMetadataFileList --static-metadata-file-list /tmp/ResourceRunner-M3-task010-ui/Build/Intermediates.noindex/ResourceRunner.build/Debug/ResourceRunnerUITests.build/ResourceRunnerUITests.DependencyStaticMetadataFileList --swift-const-vals-list /tmp/ResourceRunner-M3-task010-ui/Build/Intermediates.noindex/ResourceRunner.build/Debug/ResourceRunnerUITests.build/Objects-normal/arm64/ResourceRunnerUITests.SwiftConstValuesFileList --compile-time-extraction --deployment-aware-processing --validate-assistant-intents --no-app-shortcuts-localization
2026-10-01 23:45:27.003 appintentsmetadataprocessor[18141:45784490] Starting appintentsmetadataprocessor export
2026-10-01 23:45:27.005 appintentsmetadataprocessor[18141:45784490] warning: Metadata extraction skipped. No AppIntents.framework dependency found.

CopyPlistFile /tmp/ResourceRunner-M3-task010-ui/Build/Products/Debug/ResourceRunnerUITests-Runner.app/Contents/Info.plist /Applications/Xcode.app/Contents/Developer/Platforms/MacOSX.platform/Developer/Library/Xcode/Agents/XCTRunner.app/Contents/Info.plist (in target 'ResourceRunnerUITests' from project 'ResourceRunner')
    cd /Users/zipkero/XcodeProjects/ResourceRunner
    builtin-copyPlist --validate --convert xml1 --macro-expansion WRAPPEDPRODUCTNAME ResourceRunnerUITests-Runner --macro-expansion WRAPPEDPRODUCTBUNDLEIDENTIFIER com.zipkero.ResourceRunnerUITests.xctrunner --macro-expansion TESTPRODUCTNAME ResourceRunnerUITests --macro-expansion TESTPRODUCTBUNDLEIDENTIFIER com.zipkero.ResourceRunnerUITests --copy-value UIDeviceFamily /tmp/ResourceRunner-M3-task010-ui/Build/Products/Debug/ResourceRunnerUITests-Runner.app/Contents/PlugIns/ResourceRunnerUITests.xctest/Contents/Info.plist --outdir /tmp/ResourceRunner-M3-task010-ui/Build/Products/Debug/ResourceRunnerUITests-Runner.app/Contents -- /Applications/Xcode.app/Contents/Developer/Platforms/MacOSX.platform/Developer/Library/Xcode/Agents/XCTRunner.app/Contents/Info.plist

Copy /tmp/ResourceRunner-M3-task010-ui/Build/Products/Debug/ResourceRunnerUITests-Runner.app/Contents/PkgInfo /Applications/Xcode.app/Contents/Developer/Platforms/MacOSX.platform/Developer/Library/Xcode/Agents/XCTRunner.app/Contents/PkgInfo (in target 'ResourceRunnerUITests' from project 'ResourceRunner')
    cd /Users/zipkero/XcodeProjects/ResourceRunner
    builtin-copy -exclude .DS_Store -exclude CVS -exclude .svn -exclude .git -exclude .hg -resolve-src-symlinks /Applications/Xcode.app/Contents/Developer/Platforms/MacOSX.platform/Developer/Library/Xcode/Agents/XCTRunner.app/Contents/PkgInfo /tmp/ResourceRunner-M3-task010-ui/Build/Products/Debug/ResourceRunnerUITests-Runner.app/Contents

MkDir /tmp/ResourceRunner-M3-task010-ui/Build/Products/Debug/ResourceRunnerUITests-Runner.app (in target 'ResourceRunnerUITests' from project 'ResourceRunner')
    cd /Users/zipkero/XcodeProjects/ResourceRunner
    /bin/mkdir -p /tmp/ResourceRunner-M3-task010-ui/Build/Products/Debug/ResourceRunnerUITests-Runner.app

CopyAndPreserveArchs /tmp/ResourceRunner-M3-task010-ui/Build/Products/Debug/ResourceRunnerUITests-Runner.app/Contents/MacOS/ResourceRunnerUITests-Runner (in target 'ResourceRunnerUITests' from project 'ResourceRunner')
    cd /Users/zipkero/XcodeProjects/ResourceRunner
    /Applications/Xcode.app/Contents/Developer/Toolchains/XcodeDefault.xctoolchain/usr/bin/lipo /Applications/Xcode.app/Contents/Developer/Platforms/MacOSX.platform/Developer/Library/Xcode/Agents/XCTRunner.app/Contents/MacOS/XCTRunner -output /tmp/ResourceRunner-M3-task010-ui/Build/Products/Debug/ResourceRunnerUITests-Runner.app/Contents/MacOS/ResourceRunnerUITests-Runner -extract arm64

Copy /tmp/ResourceRunner-M3-task010-ui/Build/Products/Debug/ResourceRunnerUITests-Runner.app/Contents/Frameworks/libXCTestSwiftSupport.dylib /Applications/Xcode.app/Contents/Developer/Platforms/MacOSX.platform/Developer/usr/lib/libXCTestSwiftSupport.dylib (in target 'ResourceRunnerUITests' from project 'ResourceRunner')
    cd /Users/zipkero/XcodeProjects/ResourceRunner
    builtin-copy -exclude .DS_Store -exclude CVS -exclude .svn -exclude .git -exclude .hg -exclude Headers -exclude PrivateHeaders -exclude Modules -exclude \*.tbd -resolve-src-symlinks /Applications/Xcode.app/Contents/Developer/Platforms/MacOSX.platform/Developer/usr/lib/libXCTestSwiftSupport.dylib /tmp/ResourceRunner-M3-task010-ui/Build/Products/Debug/ResourceRunnerUITests-Runner.app/Contents/Frameworks

Copy /tmp/ResourceRunner-M3-task010-ui/Build/Products/Debug/ResourceRunnerUITests-Runner.app/Contents/Frameworks/XCUIAutomation.framework /Applications/Xcode.app/Contents/Developer/Platforms/MacOSX.platform/Developer/Library/Frameworks/XCUIAutomation.framework (in target 'ResourceRunnerUITests' from project 'ResourceRunner')
    cd /Users/zipkero/XcodeProjects/ResourceRunner
    builtin-copy -exclude .DS_Store -exclude CVS -exclude .svn -exclude .git -exclude .hg -exclude Headers -exclude PrivateHeaders -exclude Modules -exclude \*.tbd -resolve-src-symlinks /Applications/Xcode.app/Contents/Developer/Platforms/MacOSX.platform/Developer/Library/Frameworks/XCUIAutomation.framework /tmp/ResourceRunner-M3-task010-ui/Build/Products/Debug/ResourceRunnerUITests-Runner.app/Contents/Frameworks

Copy /tmp/ResourceRunner-M3-task010-ui/Build/Products/Debug/ResourceRunnerUITests-Runner.app/Contents/Frameworks/XCTestSupport.framework /Applications/Xcode.app/Contents/Developer/Platforms/MacOSX.platform/Developer/Library/PrivateFrameworks/XCTestSupport.framework (in target 'ResourceRunnerUITests' from project 'ResourceRunner')
    cd /Users/zipkero/XcodeProjects/ResourceRunner
    builtin-copy -exclude .DS_Store -exclude CVS -exclude .svn -exclude .git -exclude .hg -exclude Headers -exclude PrivateHeaders -exclude Modules -exclude \*.tbd -resolve-src-symlinks /Applications/Xcode.app/Contents/Developer/Platforms/MacOSX.platform/Developer/Library/PrivateFrameworks/XCTestSupport.framework /tmp/ResourceRunner-M3-task010-ui/Build/Products/Debug/ResourceRunnerUITests-Runner.app/Contents/Frameworks

Copy /tmp/ResourceRunner-M3-task010-ui/Build/Products/Debug/ResourceRunnerUITests-Runner.app/Contents/Frameworks/XCTest.framework /Applications/Xcode.app/Contents/Developer/Platforms/MacOSX.platform/Developer/Library/Frameworks/XCTest.framework (in target 'ResourceRunnerUITests' from project 'ResourceRunner')
    cd /Users/zipkero/XcodeProjects/ResourceRunner
    builtin-copy -exclude .DS_Store -exclude CVS -exclude .svn -exclude .git -exclude .hg -exclude Headers -exclude PrivateHeaders -exclude Modules -exclude \*.tbd -resolve-src-symlinks /Applications/Xcode.app/Contents/Developer/Platforms/MacOSX.platform/Developer/Library/Frameworks/XCTest.framework /tmp/ResourceRunner-M3-task010-ui/Build/Products/Debug/ResourceRunnerUITests-Runner.app/Contents/Frameworks

Copy /tmp/ResourceRunner-M3-task010-ui/Build/Products/Debug/ResourceRunnerUITests-Runner.app/Contents/Frameworks/XCTestCore.framework /Applications/Xcode.app/Contents/Developer/Platforms/MacOSX.platform/Developer/Library/PrivateFrameworks/XCTestCore.framework (in target 'ResourceRunnerUITests' from project 'ResourceRunner')
    cd /Users/zipkero/XcodeProjects/ResourceRunner
    builtin-copy -exclude .DS_Store -exclude CVS -exclude .svn -exclude .git -exclude .hg -exclude Headers -exclude PrivateHeaders -exclude Modules -exclude \*.tbd -resolve-src-symlinks /Applications/Xcode.app/Contents/Developer/Platforms/MacOSX.platform/Developer/Library/PrivateFrameworks/XCTestCore.framework /tmp/ResourceRunner-M3-task010-ui/Build/Products/Debug/ResourceRunnerUITests-Runner.app/Contents/Frameworks

Copy /tmp/ResourceRunner-M3-task010-ui/Build/Products/Debug/ResourceRunnerUITests-Runner.app/Contents/Frameworks/XCTAutomationSupport.framework /Applications/Xcode.app/Contents/Developer/Platforms/MacOSX.platform/Developer/Library/PrivateFrameworks/XCTAutomationSupport.framework (in target 'ResourceRunnerUITests' from project 'ResourceRunner')
    cd /Users/zipkero/XcodeProjects/ResourceRunner
    builtin-copy -exclude .DS_Store -exclude CVS -exclude .svn -exclude .git -exclude .hg -exclude Headers -exclude PrivateHeaders -exclude Modules -exclude \*.tbd -resolve-src-symlinks /Applications/Xcode.app/Contents/Developer/Platforms/MacOSX.platform/Developer/Library/PrivateFrameworks/XCTAutomationSupport.framework /tmp/ResourceRunner-M3-task010-ui/Build/Products/Debug/ResourceRunnerUITests-Runner.app/Contents/Frameworks

Copy /tmp/ResourceRunner-M3-task010-ui/Build/Products/Debug/ResourceRunnerUITests-Runner.app/Contents/Frameworks/XCUnit.framework /Applications/Xcode.app/Contents/Developer/Platforms/MacOSX.platform/Developer/Library/PrivateFrameworks/XCUnit.framework (in target 'ResourceRunnerUITests' from project 'ResourceRunner')
    cd /Users/zipkero/XcodeProjects/ResourceRunner
    builtin-copy -exclude .DS_Store -exclude CVS -exclude .svn -exclude .git -exclude .hg -exclude Headers -exclude PrivateHeaders -exclude Modules -exclude \*.tbd -resolve-src-symlinks /Applications/Xcode.app/Contents/Developer/Platforms/MacOSX.platform/Developer/Library/PrivateFrameworks/XCUnit.framework /tmp/ResourceRunner-M3-task010-ui/Build/Products/Debug/ResourceRunnerUITests-Runner.app/Contents/Frameworks

Copy /tmp/ResourceRunner-M3-task010-ui/Build/Products/Debug/ResourceRunnerUITests-Runner.app/Contents/Frameworks/Testing.framework /Applications/Xcode.app/Contents/Developer/Platforms/MacOSX.platform/Developer/Library/Frameworks/Testing.framework (in target 'ResourceRunnerUITests' from project 'ResourceRunner')
    cd /Users/zipkero/XcodeProjects/ResourceRunner
    builtin-copy -exclude .DS_Store -exclude CVS -exclude .svn -exclude .git -exclude .hg -exclude Headers -exclude PrivateHeaders -exclude Modules -exclude \*.tbd -resolve-src-symlinks /Applications/Xcode.app/Contents/Developer/Platforms/MacOSX.platform/Developer/Library/Frameworks/Testing.framework /tmp/ResourceRunner-M3-task010-ui/Build/Products/Debug/ResourceRunnerUITests-Runner.app/Contents/Frameworks

CodeSign /tmp/ResourceRunner-M3-task010-ui/Build/Products/Debug/ResourceRunnerUITests-Runner.app/Contents/PlugIns/ResourceRunnerUITests.xctest (in target 'ResourceRunnerUITests' from project 'ResourceRunner')
    cd /Users/zipkero/XcodeProjects/ResourceRunner
    
    Signing Identity:     "Sign to Run Locally"
    
    /usr/bin/codesign --force --sign - --entitlements /tmp/ResourceRunner-M3-task010-ui/Build/Intermediates.noindex/ResourceRunner.build/Debug/ResourceRunnerUITests.build/ResourceRunnerUITests.xctest.xcent --timestamp\=none --generate-entitlement-der /tmp/ResourceRunner-M3-task010-ui/Build/Products/Debug/ResourceRunnerUITests-Runner.app/Contents/PlugIns/ResourceRunnerUITests.xctest

CodeSign /tmp/ResourceRunner-M3-task010-ui/Build/Products/Debug/ResourceRunnerUITests-Runner.app/Contents/Frameworks/libXCTestSwiftSupport.dylib (in target 'ResourceRunnerUITests' from project 'ResourceRunner')
    cd /Users/zipkero/XcodeProjects/ResourceRunner
    
    Signing Identity:     "Sign to Run Locally"
    
    /usr/bin/codesign --force --sign - --timestamp\=none --preserve-metadata\=identifier,entitlements,flags --generate-entitlement-der /tmp/ResourceRunner-M3-task010-ui/Build/Products/Debug/ResourceRunnerUITests-Runner.app/Contents/Frameworks/libXCTestSwiftSupport.dylib
/tmp/ResourceRunner-M3-task010-ui/Build/Products/Debug/ResourceRunnerUITests-Runner.app/Contents/Frameworks/libXCTestSwiftSupport.dylib: replacing existing signature

CodeSign /tmp/ResourceRunner-M3-task010-ui/Build/Products/Debug/ResourceRunnerUITests-Runner.app/Contents/Frameworks/XCTest.framework (in target 'ResourceRunnerUITests' from project 'ResourceRunner')
    cd /Users/zipkero/XcodeProjects/ResourceRunner
    
    Signing Identity:     "Sign to Run Locally"
    
    /usr/bin/codesign --force --sign - --timestamp\=none --preserve-metadata\=identifier,entitlements,flags --generate-entitlement-der /tmp/ResourceRunner-M3-task010-ui/Build/Products/Debug/ResourceRunnerUITests-Runner.app/Contents/Frameworks/XCTest.framework
/tmp/ResourceRunner-M3-task010-ui/Build/Products/Debug/ResourceRunnerUITests-Runner.app/Contents/Frameworks/XCTest.framework: replacing existing signature

CodeSign /tmp/ResourceRunner-M3-task010-ui/Build/Products/Debug/ResourceRunnerUITests-Runner.app/Contents/Frameworks/XCTestSupport.framework (in target 'ResourceRunnerUITests' from project 'ResourceRunner')
    cd /Users/zipkero/XcodeProjects/ResourceRunner
    
    Signing Identity:     "Sign to Run Locally"
    
    /usr/bin/codesign --force --sign - --timestamp\=none --preserve-metadata\=identifier,entitlements,flags --generate-entitlement-der /tmp/ResourceRunner-M3-task010-ui/Build/Products/Debug/ResourceRunnerUITests-Runner.app/Contents/Frameworks/XCTestSupport.framework
/tmp/ResourceRunner-M3-task010-ui/Build/Products/Debug/ResourceRunnerUITests-Runner.app/Contents/Frameworks/XCTestSupport.framework: replacing existing signature

CodeSign /tmp/ResourceRunner-M3-task010-ui/Build/Products/Debug/ResourceRunnerUITests-Runner.app/Contents/Frameworks/XCUnit.framework (in target 'ResourceRunnerUITests' from project 'ResourceRunner')
    cd /Users/zipkero/XcodeProjects/ResourceRunner
    
    Signing Identity:     "Sign to Run Locally"
    
    /usr/bin/codesign --force --sign - --timestamp\=none --preserve-metadata\=identifier,entitlements,flags --generate-entitlement-der /tmp/ResourceRunner-M3-task010-ui/Build/Products/Debug/ResourceRunnerUITests-Runner.app/Contents/Frameworks/XCUnit.framework
/tmp/ResourceRunner-M3-task010-ui/Build/Products/Debug/ResourceRunnerUITests-Runner.app/Contents/Frameworks/XCUnit.framework: replacing existing signature

CodeSign /tmp/ResourceRunner-M3-task010-ui/Build/Products/Debug/ResourceRunnerUITests-Runner.app/Contents/Frameworks/XCTAutomationSupport.framework (in target 'ResourceRunnerUITests' from project 'ResourceRunner')
    cd /Users/zipkero/XcodeProjects/ResourceRunner
    
    Signing Identity:     "Sign to Run Locally"
    
    /usr/bin/codesign --force --sign - --timestamp\=none --preserve-metadata\=identifier,entitlements,flags --generate-entitlement-der /tmp/ResourceRunner-M3-task010-ui/Build/Products/Debug/ResourceRunnerUITests-Runner.app/Contents/Frameworks/XCTAutomationSupport.framework
/tmp/ResourceRunner-M3-task010-ui/Build/Products/Debug/ResourceRunnerUITests-Runner.app/Contents/Frameworks/XCTAutomationSupport.framework: replacing existing signature

CodeSign /tmp/ResourceRunner-M3-task010-ui/Build/Products/Debug/ResourceRunnerUITests-Runner.app/Contents/Frameworks/XCUIAutomation.framework (in target 'ResourceRunnerUITests' from project 'ResourceRunner')
    cd /Users/zipkero/XcodeProjects/ResourceRunner
    
    Signing Identity:     "Sign to Run Locally"
    
    /usr/bin/codesign --force --sign - --timestamp\=none --preserve-metadata\=identifier,entitlements,flags --generate-entitlement-der /tmp/ResourceRunner-M3-task010-ui/Build/Products/Debug/ResourceRunnerUITests-Runner.app/Contents/Frameworks/XCUIAutomation.framework
/tmp/ResourceRunner-M3-task010-ui/Build/Products/Debug/ResourceRunnerUITests-Runner.app/Contents/Frameworks/XCUIAutomation.framework: replacing existing signature

CodeSign /tmp/ResourceRunner-M3-task010-ui/Build/Products/Debug/ResourceRunnerUITests-Runner.app/Contents/Frameworks/XCTestCore.framework (in target 'ResourceRunnerUITests' from project 'ResourceRunner')
    cd /Users/zipkero/XcodeProjects/ResourceRunner
    
    Signing Identity:     "Sign to Run Locally"
    
    /usr/bin/codesign --force --sign - --timestamp\=none --preserve-metadata\=identifier,entitlements,flags --generate-entitlement-der /tmp/ResourceRunner-M3-task010-ui/Build/Products/Debug/ResourceRunnerUITests-Runner.app/Contents/Frameworks/XCTestCore.framework
/tmp/ResourceRunner-M3-task010-ui/Build/Products/Debug/ResourceRunnerUITests-Runner.app/Contents/Frameworks/XCTestCore.framework: replacing existing signature

CodeSign /tmp/ResourceRunner-M3-task010-ui/Build/Products/Debug/ResourceRunnerUITests-Runner.app/Contents/Frameworks/Testing.framework (in target 'ResourceRunnerUITests' from project 'ResourceRunner')
    cd /Users/zipkero/XcodeProjects/ResourceRunner
    
    Signing Identity:     "Sign to Run Locally"
    
    /usr/bin/codesign --force --sign - --timestamp\=none --preserve-metadata\=identifier,entitlements,flags --generate-entitlement-der /tmp/ResourceRunner-M3-task010-ui/Build/Products/Debug/ResourceRunnerUITests-Runner.app/Contents/Frameworks/Testing.framework
/tmp/ResourceRunner-M3-task010-ui/Build/Products/Debug/ResourceRunnerUITests-Runner.app/Contents/Frameworks/Testing.framework: replacing existing signature

RegisterExecutionPolicyException /tmp/ResourceRunner-M3-task010-ui/Build/Products/Debug/ResourceRunnerUITests-Runner.app/Contents/PlugIns/ResourceRunnerUITests.xctest (in target 'ResourceRunnerUITests' from project 'ResourceRunner')
    cd /Users/zipkero/XcodeProjects/ResourceRunner
    builtin-RegisterExecutionPolicyException /tmp/ResourceRunner-M3-task010-ui/Build/Products/Debug/ResourceRunnerUITests-Runner.app/Contents/PlugIns/ResourceRunnerUITests.xctest

Touch /tmp/ResourceRunner-M3-task010-ui/Build/Products/Debug/ResourceRunnerUITests-Runner.app/Contents/PlugIns/ResourceRunnerUITests.xctest (in target 'ResourceRunnerUITests' from project 'ResourceRunner')
    cd /Users/zipkero/XcodeProjects/ResourceRunner
    /usr/bin/touch -c /tmp/ResourceRunner-M3-task010-ui/Build/Products/Debug/ResourceRunnerUITests-Runner.app/Contents/PlugIns/ResourceRunnerUITests.xctest

CodeSign /tmp/ResourceRunner-M3-task010-ui/Build/Products/Debug/ResourceRunnerUITests-Runner.app (in target 'ResourceRunnerUITests' from project 'ResourceRunner')
    cd /Users/zipkero/XcodeProjects/ResourceRunner
    
    Signing Identity:     "Sign to Run Locally"
    
    /usr/bin/codesign --force --sign - --entitlements /tmp/ResourceRunner-M3-task010-ui/Build/Intermediates.noindex/ResourceRunner.build/Debug/ResourceRunnerUITests.build/ResourceRunnerUITests.xctest.xcent --timestamp\=none --generate-entitlement-der /tmp/ResourceRunner-M3-task010-ui/Build/Products/Debug/ResourceRunnerUITests-Runner.app
/tmp/ResourceRunner-M3-task010-ui/Build/Products/Debug/ResourceRunnerUITests-Runner.app: replacing existing signature

note: Run script build phase 'Prepare expansion fixture' will be run during every build because the option to run the script phase "Based on dependency analysis" is unchecked. (in target 'ResourceRunnerUITests' from project 'ResourceRunner')
2026-10-01 23:45:27.982983+0900 ResourceRunnerUITests-Runner[18160:45784575] [Default] Running tests...
2026-10-01 23:46:28.042585+0900 ResourceRunnerUITests-Runner[18160:45784575] [Default] Failed to initialize for UI testing: Error Domain=com.apple.dt.XCTest.XCTFuture Code=1000 "Timed out while enabling automation mode." UserInfo={NSLocalizedDescription=Timed out while enabling automation mode.}


*** If you believe this error represents a bug, please attach the result bundle at /tmp/ResourceRunner-M3-task010-ui/Logs/Test/Test-ResourceRunner-2026.10.01_23-45-10-+0900.xcresult

2026-10-01 23:46:33.116 xcodebuild[17769:45782848] [MT] IDETestOperationsObserverDebug: 66.032 elapsed -- Testing started completed.
2026-10-01 23:46:33.116 xcodebuild[17769:45782848] [MT] IDETestOperationsObserverDebug: 0.000 sec, +0.000 sec -- start
2026-10-01 23:46:33.116 xcodebuild[17769:45782848] [MT] IDETestOperationsObserverDebug: 66.032 sec, +66.032 sec -- end

Test session results, code coverage, and logs:
	/tmp/ResourceRunner-M3-task010-ui/Logs/Test/Test-ResourceRunner-2026.10.01_23-45-10-+0900.xcresult

Testing failed:
	ResourceRunnerUITests-Runner (18160) encountered an error (The test runner failed to initialize for UI testing. (Underlying Error: Timed out while enabling automation mode.))

** TEST FAILED **

Testing started
