Command line invocation:
    /Applications/Xcode.app/Contents/Developer/usr/bin/xcodebuild -project ResourceRunner.xcodeproj -scheme ResourceRunner -configuration Debug -destination platform=macOS -derivedDataPath /tmp/ResourceRunner-M3-task009-full -parallel-testing-enabled NO "-only-testing:ResourceRunnerTests" test

2026-10-01 23:30:11.298 xcodebuild[4120:45745746] [MT] IDERunDestination: Supported platforms for the buildables in the current scheme is empty.
ComputePackagePrebuildTargetDependencyGraph

Prepare packages

CreateBuildRequest

SendProjectDescription

CreateBuildOperation

ComputeTargetDependencyGraph
note: Building targets in dependency order
note: Target dependency graph (3 targets)
    Target 'ResourceRunnerUITests' in project 'ResourceRunner'
        ➜ Explicit dependency on target 'ResourceRunner' in project 'ResourceRunner'
    Target 'ResourceRunnerTests' in project 'ResourceRunner'
        ➜ Explicit dependency on target 'ResourceRunner' in project 'ResourceRunner'
    Target 'ResourceRunner' in project 'ResourceRunner' (no dependencies)

GatherProvisioningInputs

CreateBuildDescription

ExecuteExternalTool /Applications/Xcode.app/Contents/Developer/Toolchains/XcodeDefault.xctoolchain/usr/bin/clang -v -E -dM -isysroot /Applications/Xcode.app/Contents/Developer/Platforms/MacOSX.platform/Developer/SDKs/MacOSX26.5.sdk -x c -c /dev/null

ExecuteExternalTool /Applications/Xcode.app/Contents/Developer/Toolchains/XcodeDefault.xctoolchain/usr/bin/swiftc --version

ExecuteExternalTool /Applications/Xcode.app/Contents/Developer/usr/bin/actool --version --output-format xml1

ExecuteExternalTool /Applications/Xcode.app/Contents/Developer/Toolchains/XcodeDefault.xctoolchain/usr/bin/ld -version_details

Build description signature: c245aa04ca32d2318f0f5dd0cc92788e
Build description path: /tmp/ResourceRunner-M3-task009-full/Build/Intermediates.noindex/XCBuildData/c245aa04ca32d2318f0f5dd0cc92788e.xcbuilddata
ClangStatCache /Applications/Xcode.app/Contents/Developer/Toolchains/XcodeDefault.xctoolchain/usr/bin/clang-stat-cache /Applications/Xcode.app/Contents/Developer/Platforms/MacOSX.platform/Developer/SDKs/MacOSX26.5.sdk /tmp/ResourceRunner-M3-task009-full/SDKStatCaches.noindex/macosx26.5-25F70-e082c4a02f00227109f4ed75e425c832.sdkstatcache
    cd /Users/zipkero/XcodeProjects/ResourceRunner/ResourceRunner.xcodeproj
    /Applications/Xcode.app/Contents/Developer/Toolchains/XcodeDefault.xctoolchain/usr/bin/clang-stat-cache /Applications/Xcode.app/Contents/Developer/Platforms/MacOSX.platform/Developer/SDKs/MacOSX26.5.sdk -o /tmp/ResourceRunner-M3-task009-full/SDKStatCaches.noindex/macosx26.5-25F70-e082c4a02f00227109f4ed75e425c832.sdkstatcache

CreateBuildDirectory /tmp/ResourceRunner-M3-task009-full/Build/Products
    cd /Users/zipkero/XcodeProjects/ResourceRunner/ResourceRunner.xcodeproj
    builtin-create-build-directory /tmp/ResourceRunner-M3-task009-full/Build/Products

CreateBuildDirectory /tmp/ResourceRunner-M3-task009-full/Build/Intermediates.noindex
    cd /Users/zipkero/XcodeProjects/ResourceRunner/ResourceRunner.xcodeproj
    builtin-create-build-directory /tmp/ResourceRunner-M3-task009-full/Build/Intermediates.noindex

CreateBuildDirectory /tmp/ResourceRunner-M3-task009-full/Build/Intermediates.noindex/SwiftExplicitPrecompiledModules
    cd /Users/zipkero/XcodeProjects/ResourceRunner/ResourceRunner.xcodeproj
    builtin-create-build-directory /tmp/ResourceRunner-M3-task009-full/Build/Intermediates.noindex/SwiftExplicitPrecompiledModules

CreateBuildDirectory /tmp/ResourceRunner-M3-task009-full/Build/Intermediates.noindex/ExplicitPrecompiledModules
    cd /Users/zipkero/XcodeProjects/ResourceRunner/ResourceRunner.xcodeproj
    builtin-create-build-directory /tmp/ResourceRunner-M3-task009-full/Build/Intermediates.noindex/ExplicitPrecompiledModules

CreateBuildDirectory /tmp/ResourceRunner-M3-task009-full/Build/Intermediates.noindex/EagerLinkingTBDs/Debug
    cd /Users/zipkero/XcodeProjects/ResourceRunner/ResourceRunner.xcodeproj
    builtin-create-build-directory /tmp/ResourceRunner-M3-task009-full/Build/Intermediates.noindex/EagerLinkingTBDs/Debug

WriteAuxiliaryFile /tmp/ResourceRunner-M3-task009-full/Build/Intermediates.noindex/ResourceRunner.build/Debug/ResourceRunner-8c3503f0990367d409751a2585fa2393-VFS/all-product-headers.yaml
    cd /Users/zipkero/XcodeProjects/ResourceRunner/ResourceRunner.xcodeproj
    write-file /tmp/ResourceRunner-M3-task009-full/Build/Intermediates.noindex/ResourceRunner.build/Debug/ResourceRunner-8c3503f0990367d409751a2585fa2393-VFS/all-product-headers.yaml

CreateBuildDirectory /tmp/ResourceRunner-M3-task009-full/Build/Products/Debug
    cd /Users/zipkero/XcodeProjects/ResourceRunner/ResourceRunner.xcodeproj
    builtin-create-build-directory /tmp/ResourceRunner-M3-task009-full/Build/Products/Debug

WriteAuxiliaryFile /tmp/ResourceRunner-M3-task009-full/Build/Intermediates.noindex/ResourceRunner.build/Debug/ResourceRunnerUITests.build/ResourceRunnerUITests.hmap (in target 'ResourceRunnerUITests' from project 'ResourceRunner')
    cd /Users/zipkero/XcodeProjects/ResourceRunner
    write-file /tmp/ResourceRunner-M3-task009-full/Build/Intermediates.noindex/ResourceRunner.build/Debug/ResourceRunnerUITests.build/ResourceRunnerUITests.hmap

WriteAuxiliaryFile /tmp/ResourceRunner-M3-task009-full/Build/Intermediates.noindex/ResourceRunner.build/Debug/ResourceRunnerUITests.build/ResourceRunnerUITests-project-headers.hmap (in target 'ResourceRunnerUITests' from project 'ResourceRunner')
    cd /Users/zipkero/XcodeProjects/ResourceRunner
    write-file /tmp/ResourceRunner-M3-task009-full/Build/Intermediates.noindex/ResourceRunner.build/Debug/ResourceRunnerUITests.build/ResourceRunnerUITests-project-headers.hmap

WriteAuxiliaryFile /tmp/ResourceRunner-M3-task009-full/Build/Intermediates.noindex/ResourceRunner.build/Debug/ResourceRunnerUITests.build/empty-ResourceRunnerUITests.plist (in target 'ResourceRunnerUITests' from project 'ResourceRunner')
    cd /Users/zipkero/XcodeProjects/ResourceRunner
    write-file /tmp/ResourceRunner-M3-task009-full/Build/Intermediates.noindex/ResourceRunner.build/Debug/ResourceRunnerUITests.build/empty-ResourceRunnerUITests.plist

WriteAuxiliaryFile /tmp/ResourceRunner-M3-task009-full/Build/Intermediates.noindex/ResourceRunner.build/Debug/ResourceRunnerUITests.build/ResourceRunnerUITests-own-target-headers.hmap (in target 'ResourceRunnerUITests' from project 'ResourceRunner')
    cd /Users/zipkero/XcodeProjects/ResourceRunner
    write-file /tmp/ResourceRunner-M3-task009-full/Build/Intermediates.noindex/ResourceRunner.build/Debug/ResourceRunnerUITests.build/ResourceRunnerUITests-own-target-headers.hmap

WriteAuxiliaryFile /tmp/ResourceRunner-M3-task009-full/Build/Intermediates.noindex/ResourceRunner.build/Debug/ResourceRunnerUITests.build/ResourceRunnerUITests-generated-files.hmap (in target 'ResourceRunnerUITests' from project 'ResourceRunner')
    cd /Users/zipkero/XcodeProjects/ResourceRunner
    write-file /tmp/ResourceRunner-M3-task009-full/Build/Intermediates.noindex/ResourceRunner.build/Debug/ResourceRunnerUITests.build/ResourceRunnerUITests-generated-files.hmap

WriteAuxiliaryFile /tmp/ResourceRunner-M3-task009-full/Build/Intermediates.noindex/ResourceRunner.build/Debug/ResourceRunnerUITests.build/ResourceRunnerUITests-all-target-headers.hmap (in target 'ResourceRunnerUITests' from project 'ResourceRunner')
    cd /Users/zipkero/XcodeProjects/ResourceRunner
    write-file /tmp/ResourceRunner-M3-task009-full/Build/Intermediates.noindex/ResourceRunner.build/Debug/ResourceRunnerUITests.build/ResourceRunnerUITests-all-target-headers.hmap

WriteAuxiliaryFile /tmp/ResourceRunner-M3-task009-full/Build/Intermediates.noindex/ResourceRunner.build/Debug/ResourceRunnerUITests.build/ResourceRunnerUITests.DependencyStaticMetadataFileList (in target 'ResourceRunnerUITests' from project 'ResourceRunner')
    cd /Users/zipkero/XcodeProjects/ResourceRunner
    write-file /tmp/ResourceRunner-M3-task009-full/Build/Intermediates.noindex/ResourceRunner.build/Debug/ResourceRunnerUITests.build/ResourceRunnerUITests.DependencyStaticMetadataFileList

WriteAuxiliaryFile /tmp/ResourceRunner-M3-task009-full/Build/Intermediates.noindex/ResourceRunner.build/Debug/ResourceRunnerUITests.build/Script-E20000000000000000000001.sh (in target 'ResourceRunnerUITests' from project 'ResourceRunner')
    cd /Users/zipkero/XcodeProjects/ResourceRunner
    write-file /tmp/ResourceRunner-M3-task009-full/Build/Intermediates.noindex/ResourceRunner.build/Debug/ResourceRunnerUITests.build/Script-E20000000000000000000001.sh

WriteAuxiliaryFile /tmp/ResourceRunner-M3-task009-full/Build/Intermediates.noindex/ResourceRunner.build/Debug/ResourceRunnerUITests.build/ResourceRunnerUITests-all-non-framework-target-headers.hmap (in target 'ResourceRunnerUITests' from project 'ResourceRunner')
    cd /Users/zipkero/XcodeProjects/ResourceRunner
    write-file /tmp/ResourceRunner-M3-task009-full/Build/Intermediates.noindex/ResourceRunner.build/Debug/ResourceRunnerUITests.build/ResourceRunnerUITests-all-non-framework-target-headers.hmap

WriteAuxiliaryFile /tmp/ResourceRunner-M3-task009-full/Build/Intermediates.noindex/ResourceRunner.build/Debug/ResourceRunnerUITests.build/ResourceRunnerUITests.DependencyMetadataFileList (in target 'ResourceRunnerUITests' from project 'ResourceRunner')
    cd /Users/zipkero/XcodeProjects/ResourceRunner
    write-file /tmp/ResourceRunner-M3-task009-full/Build/Intermediates.noindex/ResourceRunner.build/Debug/ResourceRunnerUITests.build/ResourceRunnerUITests.DependencyMetadataFileList

WriteAuxiliaryFile /tmp/ResourceRunner-M3-task009-full/Build/Intermediates.noindex/ResourceRunner.build/Debug/ResourceRunnerUITests.build/ProductTypeInfoPlistAdditions.plist (in target 'ResourceRunnerUITests' from project 'ResourceRunner')
    cd /Users/zipkero/XcodeProjects/ResourceRunner
    write-file /tmp/ResourceRunner-M3-task009-full/Build/Intermediates.noindex/ResourceRunner.build/Debug/ResourceRunnerUITests.build/ProductTypeInfoPlistAdditions.plist

WriteAuxiliaryFile /tmp/ResourceRunner-M3-task009-full/Build/Intermediates.noindex/ResourceRunner.build/Debug/ResourceRunnerUITests.build/Objects-normal/arm64/ResourceRunnerUITests_const_extract_protocols.json (in target 'ResourceRunnerUITests' from project 'ResourceRunner')
    cd /Users/zipkero/XcodeProjects/ResourceRunner
    write-file /tmp/ResourceRunner-M3-task009-full/Build/Intermediates.noindex/ResourceRunner.build/Debug/ResourceRunnerUITests.build/Objects-normal/arm64/ResourceRunnerUITests_const_extract_protocols.json

WriteAuxiliaryFile /tmp/ResourceRunner-M3-task009-full/Build/Intermediates.noindex/ResourceRunner.build/Debug/ResourceRunnerUITests.build/Objects-normal/arm64/ResourceRunnerUITests.SwiftFileList (in target 'ResourceRunnerUITests' from project 'ResourceRunner')
    cd /Users/zipkero/XcodeProjects/ResourceRunner
    write-file /tmp/ResourceRunner-M3-task009-full/Build/Intermediates.noindex/ResourceRunner.build/Debug/ResourceRunnerUITests.build/Objects-normal/arm64/ResourceRunnerUITests.SwiftFileList

WriteAuxiliaryFile /tmp/ResourceRunner-M3-task009-full/Build/Intermediates.noindex/ResourceRunner.build/Debug/ResourceRunnerUITests.build/Objects-normal/arm64/ResourceRunnerUITests.SwiftConstValuesFileList (in target 'ResourceRunnerUITests' from project 'ResourceRunner')
    cd /Users/zipkero/XcodeProjects/ResourceRunner
    write-file /tmp/ResourceRunner-M3-task009-full/Build/Intermediates.noindex/ResourceRunner.build/Debug/ResourceRunnerUITests.build/Objects-normal/arm64/ResourceRunnerUITests.SwiftConstValuesFileList

WriteAuxiliaryFile /tmp/ResourceRunner-M3-task009-full/Build/Intermediates.noindex/ResourceRunner.build/Debug/ResourceRunnerUITests.build/Objects-normal/arm64/ResourceRunnerUITests.LinkFileList (in target 'ResourceRunnerUITests' from project 'ResourceRunner')
    cd /Users/zipkero/XcodeProjects/ResourceRunner
    write-file /tmp/ResourceRunner-M3-task009-full/Build/Intermediates.noindex/ResourceRunner.build/Debug/ResourceRunnerUITests.build/Objects-normal/arm64/ResourceRunnerUITests.LinkFileList

WriteAuxiliaryFile /tmp/ResourceRunner-M3-task009-full/Build/Intermediates.noindex/ResourceRunner.build/Debug/ResourceRunnerUITests.build/Objects-normal/arm64/ResourceRunnerUITests-OutputFileMap.json (in target 'ResourceRunnerUITests' from project 'ResourceRunner')
    cd /Users/zipkero/XcodeProjects/ResourceRunner
    write-file /tmp/ResourceRunner-M3-task009-full/Build/Intermediates.noindex/ResourceRunner.build/Debug/ResourceRunnerUITests.build/Objects-normal/arm64/ResourceRunnerUITests-OutputFileMap.json

WriteAuxiliaryFile /tmp/ResourceRunner-M3-task009-full/Build/Intermediates.noindex/ResourceRunner.build/Debug/ResourceRunnerTests.build/ResourceRunnerTests.hmap (in target 'ResourceRunnerTests' from project 'ResourceRunner')
    cd /Users/zipkero/XcodeProjects/ResourceRunner
    write-file /tmp/ResourceRunner-M3-task009-full/Build/Intermediates.noindex/ResourceRunner.build/Debug/ResourceRunnerTests.build/ResourceRunnerTests.hmap

WriteAuxiliaryFile /tmp/ResourceRunner-M3-task009-full/Build/Intermediates.noindex/ResourceRunner.build/Debug/ResourceRunnerTests.build/ResourceRunnerTests.DependencyStaticMetadataFileList (in target 'ResourceRunnerTests' from project 'ResourceRunner')
    cd /Users/zipkero/XcodeProjects/ResourceRunner
    write-file /tmp/ResourceRunner-M3-task009-full/Build/Intermediates.noindex/ResourceRunner.build/Debug/ResourceRunnerTests.build/ResourceRunnerTests.DependencyStaticMetadataFileList

WriteAuxiliaryFile /tmp/ResourceRunner-M3-task009-full/Build/Intermediates.noindex/ResourceRunner.build/Debug/ResourceRunnerTests.build/ResourceRunnerTests.DependencyMetadataFileList (in target 'ResourceRunnerTests' from project 'ResourceRunner')
    cd /Users/zipkero/XcodeProjects/ResourceRunner
    write-file /tmp/ResourceRunner-M3-task009-full/Build/Intermediates.noindex/ResourceRunner.build/Debug/ResourceRunnerTests.build/ResourceRunnerTests.DependencyMetadataFileList

WriteAuxiliaryFile /tmp/ResourceRunner-M3-task009-full/Build/Intermediates.noindex/ResourceRunner.build/Debug/ResourceRunnerUITests.build/DerivedSources/Entitlements.plist (in target 'ResourceRunnerUITests' from project 'ResourceRunner')
    cd /Users/zipkero/XcodeProjects/ResourceRunner
    write-file /tmp/ResourceRunner-M3-task009-full/Build/Intermediates.noindex/ResourceRunner.build/Debug/ResourceRunnerUITests.build/DerivedSources/Entitlements.plist

WriteAuxiliaryFile /tmp/ResourceRunner-M3-task009-full/Build/Intermediates.noindex/ResourceRunner.build/Debug/ResourceRunnerTests.build/empty-ResourceRunnerTests.plist (in target 'ResourceRunnerTests' from project 'ResourceRunner')
    cd /Users/zipkero/XcodeProjects/ResourceRunner
    write-file /tmp/ResourceRunner-M3-task009-full/Build/Intermediates.noindex/ResourceRunner.build/Debug/ResourceRunnerTests.build/empty-ResourceRunnerTests.plist

WriteAuxiliaryFile /tmp/ResourceRunner-M3-task009-full/Build/Intermediates.noindex/ResourceRunner.build/Debug/ResourceRunnerTests.build/ResourceRunnerTests-project-headers.hmap (in target 'ResourceRunnerTests' from project 'ResourceRunner')
    cd /Users/zipkero/XcodeProjects/ResourceRunner
    write-file /tmp/ResourceRunner-M3-task009-full/Build/Intermediates.noindex/ResourceRunner.build/Debug/ResourceRunnerTests.build/ResourceRunnerTests-project-headers.hmap

WriteAuxiliaryFile /tmp/ResourceRunner-M3-task009-full/Build/Intermediates.noindex/ResourceRunner.build/Debug/ResourceRunnerTests.build/ResourceRunnerTests-own-target-headers.hmap (in target 'ResourceRunnerTests' from project 'ResourceRunner')
    cd /Users/zipkero/XcodeProjects/ResourceRunner
    write-file /tmp/ResourceRunner-M3-task009-full/Build/Intermediates.noindex/ResourceRunner.build/Debug/ResourceRunnerTests.build/ResourceRunnerTests-own-target-headers.hmap

WriteAuxiliaryFile /tmp/ResourceRunner-M3-task009-full/Build/Intermediates.noindex/ResourceRunner.build/Debug/ResourceRunnerTests.build/ResourceRunnerTests-generated-files.hmap (in target 'ResourceRunnerTests' from project 'ResourceRunner')
    cd /Users/zipkero/XcodeProjects/ResourceRunner
    write-file /tmp/ResourceRunner-M3-task009-full/Build/Intermediates.noindex/ResourceRunner.build/Debug/ResourceRunnerTests.build/ResourceRunnerTests-generated-files.hmap

WriteAuxiliaryFile /tmp/ResourceRunner-M3-task009-full/Build/Intermediates.noindex/ResourceRunner.build/Debug/ResourceRunnerTests.build/ResourceRunnerTests-all-target-headers.hmap (in target 'ResourceRunnerTests' from project 'ResourceRunner')
    cd /Users/zipkero/XcodeProjects/ResourceRunner
    write-file /tmp/ResourceRunner-M3-task009-full/Build/Intermediates.noindex/ResourceRunner.build/Debug/ResourceRunnerTests.build/ResourceRunnerTests-all-target-headers.hmap

WriteAuxiliaryFile /tmp/ResourceRunner-M3-task009-full/Build/Intermediates.noindex/ResourceRunner.build/Debug/ResourceRunnerTests.build/ResourceRunnerTests-all-non-framework-target-headers.hmap (in target 'ResourceRunnerTests' from project 'ResourceRunner')
    cd /Users/zipkero/XcodeProjects/ResourceRunner
    write-file /tmp/ResourceRunner-M3-task009-full/Build/Intermediates.noindex/ResourceRunner.build/Debug/ResourceRunnerTests.build/ResourceRunnerTests-all-non-framework-target-headers.hmap

WriteAuxiliaryFile /tmp/ResourceRunner-M3-task009-full/Build/Intermediates.noindex/ResourceRunner.build/Debug/ResourceRunnerTests.build/Objects-normal/arm64/ResourceRunnerTests_const_extract_protocols.json (in target 'ResourceRunnerTests' from project 'ResourceRunner')
    cd /Users/zipkero/XcodeProjects/ResourceRunner
    write-file /tmp/ResourceRunner-M3-task009-full/Build/Intermediates.noindex/ResourceRunner.build/Debug/ResourceRunnerTests.build/Objects-normal/arm64/ResourceRunnerTests_const_extract_protocols.json

WriteAuxiliaryFile /tmp/ResourceRunner-M3-task009-full/Build/Intermediates.noindex/ResourceRunner.build/Debug/ResourceRunnerTests.build/Objects-normal/arm64/ResourceRunnerTests.SwiftFileList (in target 'ResourceRunnerTests' from project 'ResourceRunner')
    cd /Users/zipkero/XcodeProjects/ResourceRunner
    write-file /tmp/ResourceRunner-M3-task009-full/Build/Intermediates.noindex/ResourceRunner.build/Debug/ResourceRunnerTests.build/Objects-normal/arm64/ResourceRunnerTests.SwiftFileList

WriteAuxiliaryFile /tmp/ResourceRunner-M3-task009-full/Build/Intermediates.noindex/ResourceRunner.build/Debug/ResourceRunnerTests.build/Objects-normal/arm64/ResourceRunnerTests.SwiftConstValuesFileList (in target 'ResourceRunnerTests' from project 'ResourceRunner')
    cd /Users/zipkero/XcodeProjects/ResourceRunner
    write-file /tmp/ResourceRunner-M3-task009-full/Build/Intermediates.noindex/ResourceRunner.build/Debug/ResourceRunnerTests.build/Objects-normal/arm64/ResourceRunnerTests.SwiftConstValuesFileList

WriteAuxiliaryFile /tmp/ResourceRunner-M3-task009-full/Build/Intermediates.noindex/ResourceRunner.build/Debug/ResourceRunnerTests.build/Objects-normal/arm64/ResourceRunnerTests.LinkFileList (in target 'ResourceRunnerTests' from project 'ResourceRunner')
    cd /Users/zipkero/XcodeProjects/ResourceRunner
    write-file /tmp/ResourceRunner-M3-task009-full/Build/Intermediates.noindex/ResourceRunner.build/Debug/ResourceRunnerTests.build/Objects-normal/arm64/ResourceRunnerTests.LinkFileList

WriteAuxiliaryFile /tmp/ResourceRunner-M3-task009-full/Build/Intermediates.noindex/ResourceRunner.build/Debug/ResourceRunnerTests.build/Objects-normal/arm64/ResourceRunnerTests-OutputFileMap.json (in target 'ResourceRunnerTests' from project 'ResourceRunner')
    cd /Users/zipkero/XcodeProjects/ResourceRunner
    write-file /tmp/ResourceRunner-M3-task009-full/Build/Intermediates.noindex/ResourceRunner.build/Debug/ResourceRunnerTests.build/Objects-normal/arm64/ResourceRunnerTests-OutputFileMap.json

WriteAuxiliaryFile /tmp/ResourceRunner-M3-task009-full/Build/Intermediates.noindex/ResourceRunner.build/Debug/ResourceRunner.build/ResourceRunner.hmap (in target 'ResourceRunner' from project 'ResourceRunner')
    cd /Users/zipkero/XcodeProjects/ResourceRunner
    write-file /tmp/ResourceRunner-M3-task009-full/Build/Intermediates.noindex/ResourceRunner.build/Debug/ResourceRunner.build/ResourceRunner.hmap

WriteAuxiliaryFile /tmp/ResourceRunner-M3-task009-full/Build/Intermediates.noindex/ResourceRunner.build/Debug/ResourceRunner.build/ResourceRunner.DependencyStaticMetadataFileList (in target 'ResourceRunner' from project 'ResourceRunner')
    cd /Users/zipkero/XcodeProjects/ResourceRunner
    write-file /tmp/ResourceRunner-M3-task009-full/Build/Intermediates.noindex/ResourceRunner.build/Debug/ResourceRunner.build/ResourceRunner.DependencyStaticMetadataFileList

WriteAuxiliaryFile /tmp/ResourceRunner-M3-task009-full/Build/Intermediates.noindex/ResourceRunner.build/Debug/ResourceRunner.build/empty-ResourceRunner.plist (in target 'ResourceRunner' from project 'ResourceRunner')
    cd /Users/zipkero/XcodeProjects/ResourceRunner
    write-file /tmp/ResourceRunner-M3-task009-full/Build/Intermediates.noindex/ResourceRunner.build/Debug/ResourceRunner.build/empty-ResourceRunner.plist

WriteAuxiliaryFile /tmp/ResourceRunner-M3-task009-full/Build/Intermediates.noindex/ResourceRunner.build/Debug/ResourceRunner.build/ResourceRunner.DependencyMetadataFileList (in target 'ResourceRunner' from project 'ResourceRunner')
    cd /Users/zipkero/XcodeProjects/ResourceRunner
    write-file /tmp/ResourceRunner-M3-task009-full/Build/Intermediates.noindex/ResourceRunner.build/Debug/ResourceRunner.build/ResourceRunner.DependencyMetadataFileList

WriteAuxiliaryFile /tmp/ResourceRunner-M3-task009-full/Build/Intermediates.noindex/ResourceRunner.build/Debug/ResourceRunner.build/ResourceRunner-project-headers.hmap (in target 'ResourceRunner' from project 'ResourceRunner')
    cd /Users/zipkero/XcodeProjects/ResourceRunner
    write-file /tmp/ResourceRunner-M3-task009-full/Build/Intermediates.noindex/ResourceRunner.build/Debug/ResourceRunner.build/ResourceRunner-project-headers.hmap

WriteAuxiliaryFile /tmp/ResourceRunner-M3-task009-full/Build/Intermediates.noindex/ResourceRunner.build/Debug/ResourceRunner.build/ResourceRunner-own-target-headers.hmap (in target 'ResourceRunner' from project 'ResourceRunner')
    cd /Users/zipkero/XcodeProjects/ResourceRunner
    write-file /tmp/ResourceRunner-M3-task009-full/Build/Intermediates.noindex/ResourceRunner.build/Debug/ResourceRunner.build/ResourceRunner-own-target-headers.hmap

WriteAuxiliaryFile /tmp/ResourceRunner-M3-task009-full/Build/Intermediates.noindex/ResourceRunner.build/Debug/ResourceRunner.build/ResourceRunner-generated-files.hmap (in target 'ResourceRunner' from project 'ResourceRunner')
    cd /Users/zipkero/XcodeProjects/ResourceRunner
    write-file /tmp/ResourceRunner-M3-task009-full/Build/Intermediates.noindex/ResourceRunner.build/Debug/ResourceRunner.build/ResourceRunner-generated-files.hmap

WriteAuxiliaryFile /tmp/ResourceRunner-M3-task009-full/Build/Intermediates.noindex/ResourceRunner.build/Debug/ResourceRunner.build/ResourceRunner-all-target-headers.hmap (in target 'ResourceRunner' from project 'ResourceRunner')
    cd /Users/zipkero/XcodeProjects/ResourceRunner
    write-file /tmp/ResourceRunner-M3-task009-full/Build/Intermediates.noindex/ResourceRunner.build/Debug/ResourceRunner.build/ResourceRunner-all-target-headers.hmap

WriteAuxiliaryFile /tmp/ResourceRunner-M3-task009-full/Build/Intermediates.noindex/ResourceRunner.build/Debug/ResourceRunner.build/ResourceRunner-all-non-framework-target-headers.hmap (in target 'ResourceRunner' from project 'ResourceRunner')
    cd /Users/zipkero/XcodeProjects/ResourceRunner
    write-file /tmp/ResourceRunner-M3-task009-full/Build/Intermediates.noindex/ResourceRunner.build/Debug/ResourceRunner.build/ResourceRunner-all-non-framework-target-headers.hmap

WriteAuxiliaryFile /tmp/ResourceRunner-M3-task009-full/Build/Intermediates.noindex/ResourceRunner.build/Debug/ResourceRunner.build/ResourceRunner-DebugDylibPath-normal-arm64.txt (in target 'ResourceRunner' from project 'ResourceRunner')
    cd /Users/zipkero/XcodeProjects/ResourceRunner
    write-file /tmp/ResourceRunner-M3-task009-full/Build/Intermediates.noindex/ResourceRunner.build/Debug/ResourceRunner.build/ResourceRunner-DebugDylibPath-normal-arm64.txt

WriteAuxiliaryFile /tmp/ResourceRunner-M3-task009-full/Build/Intermediates.noindex/ResourceRunner.build/Debug/ResourceRunner.build/ResourceRunner-DebugDylibInstallName-normal-arm64.txt (in target 'ResourceRunner' from project 'ResourceRunner')
    cd /Users/zipkero/XcodeProjects/ResourceRunner
    write-file /tmp/ResourceRunner-M3-task009-full/Build/Intermediates.noindex/ResourceRunner.build/Debug/ResourceRunner.build/ResourceRunner-DebugDylibInstallName-normal-arm64.txt

WriteAuxiliaryFile /tmp/ResourceRunner-M3-task009-full/Build/Intermediates.noindex/ResourceRunner.build/Debug/ResourceRunner.build/Objects-normal/arm64/ResourceRunner_const_extract_protocols.json (in target 'ResourceRunner' from project 'ResourceRunner')
    cd /Users/zipkero/XcodeProjects/ResourceRunner
    write-file /tmp/ResourceRunner-M3-task009-full/Build/Intermediates.noindex/ResourceRunner.build/Debug/ResourceRunner.build/Objects-normal/arm64/ResourceRunner_const_extract_protocols.json

WriteAuxiliaryFile /tmp/ResourceRunner-M3-task009-full/Build/Intermediates.noindex/ResourceRunner.build/Debug/ResourceRunner.build/Objects-normal/arm64/ResourceRunner.SwiftFileList (in target 'ResourceRunner' from project 'ResourceRunner')
    cd /Users/zipkero/XcodeProjects/ResourceRunner
    write-file /tmp/ResourceRunner-M3-task009-full/Build/Intermediates.noindex/ResourceRunner.build/Debug/ResourceRunner.build/Objects-normal/arm64/ResourceRunner.SwiftFileList

WriteAuxiliaryFile /tmp/ResourceRunner-M3-task009-full/Build/Intermediates.noindex/ResourceRunner.build/Debug/ResourceRunner.build/Objects-normal/arm64/ResourceRunner.LinkFileList (in target 'ResourceRunner' from project 'ResourceRunner')
    cd /Users/zipkero/XcodeProjects/ResourceRunner
    write-file /tmp/ResourceRunner-M3-task009-full/Build/Intermediates.noindex/ResourceRunner.build/Debug/ResourceRunner.build/Objects-normal/arm64/ResourceRunner.LinkFileList

WriteAuxiliaryFile /tmp/ResourceRunner-M3-task009-full/Build/Intermediates.noindex/ResourceRunner.build/Debug/ResourceRunner.build/Objects-normal/arm64/ResourceRunner-OutputFileMap.json (in target 'ResourceRunner' from project 'ResourceRunner')
    cd /Users/zipkero/XcodeProjects/ResourceRunner
    write-file /tmp/ResourceRunner-M3-task009-full/Build/Intermediates.noindex/ResourceRunner.build/Debug/ResourceRunner.build/Objects-normal/arm64/ResourceRunner-OutputFileMap.json

WriteAuxiliaryFile /tmp/ResourceRunner-M3-task009-full/Build/Intermediates.noindex/ResourceRunner.build/Debug/ResourceRunner.build/Objects-normal/arm64/ResourceRunner.SwiftConstValuesFileList (in target 'ResourceRunner' from project 'ResourceRunner')
    cd /Users/zipkero/XcodeProjects/ResourceRunner
    write-file /tmp/ResourceRunner-M3-task009-full/Build/Intermediates.noindex/ResourceRunner.build/Debug/ResourceRunner.build/Objects-normal/arm64/ResourceRunner.SwiftConstValuesFileList

WriteAuxiliaryFile /tmp/ResourceRunner-M3-task009-full/Build/Intermediates.noindex/ResourceRunner.build/Debug/ResourceRunner.build/DerivedSources/Entitlements.plist (in target 'ResourceRunner' from project 'ResourceRunner')
    cd /Users/zipkero/XcodeProjects/ResourceRunner
    write-file /tmp/ResourceRunner-M3-task009-full/Build/Intermediates.noindex/ResourceRunner.build/Debug/ResourceRunner.build/DerivedSources/Entitlements.plist

MkDir /tmp/ResourceRunner-M3-task009-full/Build/Products/Debug/ResourceRunnerUITests-Runner.app/Contents/PlugIns/ResourceRunnerUITests.xctest/Contents/MacOS (in target 'ResourceRunnerUITests' from project 'ResourceRunner')
    cd /Users/zipkero/XcodeProjects/ResourceRunner
    /bin/mkdir -p /tmp/ResourceRunner-M3-task009-full/Build/Products/Debug/ResourceRunnerUITests-Runner.app/Contents/PlugIns/ResourceRunnerUITests.xctest/Contents/MacOS

MkDir /tmp/ResourceRunner-M3-task009-full/Build/Products/Debug/ResourceRunnerUITests-Runner.app/Contents/PlugIns/ResourceRunnerUITests.xctest/Contents/Resources (in target 'ResourceRunnerUITests' from project 'ResourceRunner')
    cd /Users/zipkero/XcodeProjects/ResourceRunner
    /bin/mkdir -p /tmp/ResourceRunner-M3-task009-full/Build/Products/Debug/ResourceRunnerUITests-Runner.app/Contents/PlugIns/ResourceRunnerUITests.xctest/Contents/Resources

MkDir /tmp/ResourceRunner-M3-task009-full/Build/Products/Debug/ResourceRunnerUITests-Runner.app/Contents/PlugIns/ResourceRunnerUITests.xctest/Contents (in target 'ResourceRunnerUITests' from project 'ResourceRunner')
    cd /Users/zipkero/XcodeProjects/ResourceRunner
    /bin/mkdir -p /tmp/ResourceRunner-M3-task009-full/Build/Products/Debug/ResourceRunnerUITests-Runner.app/Contents/PlugIns/ResourceRunnerUITests.xctest/Contents

MkDir /tmp/ResourceRunner-M3-task009-full/Build/Products/Debug/ResourceRunnerUITests-Runner.app/Contents/PlugIns/ResourceRunnerUITests.xctest (in target 'ResourceRunnerUITests' from project 'ResourceRunner')
    cd /Users/zipkero/XcodeProjects/ResourceRunner
    /bin/mkdir -p /tmp/ResourceRunner-M3-task009-full/Build/Products/Debug/ResourceRunnerUITests-Runner.app/Contents/PlugIns/ResourceRunnerUITests.xctest

MkDir /tmp/ResourceRunner-M3-task009-full/Build/Products/Debug/ResourceRunner.app/Contents/PlugIns/ResourceRunnerTests.xctest/Contents/MacOS (in target 'ResourceRunnerTests' from project 'ResourceRunner')
    cd /Users/zipkero/XcodeProjects/ResourceRunner
    /bin/mkdir -p /tmp/ResourceRunner-M3-task009-full/Build/Products/Debug/ResourceRunner.app/Contents/PlugIns/ResourceRunnerTests.xctest/Contents/MacOS

MkDir /tmp/ResourceRunner-M3-task009-full/Build/Products/Debug/ResourceRunner.app/Contents/PlugIns/ResourceRunnerTests.xctest/Contents (in target 'ResourceRunnerTests' from project 'ResourceRunner')
    cd /Users/zipkero/XcodeProjects/ResourceRunner
    /bin/mkdir -p /tmp/ResourceRunner-M3-task009-full/Build/Products/Debug/ResourceRunner.app/Contents/PlugIns/ResourceRunnerTests.xctest/Contents

MkDir /tmp/ResourceRunner-M3-task009-full/Build/Products/Debug/ResourceRunner.app/Contents/PlugIns/ResourceRunnerTests.xctest (in target 'ResourceRunnerTests' from project 'ResourceRunner')
    cd /Users/zipkero/XcodeProjects/ResourceRunner
    /bin/mkdir -p /tmp/ResourceRunner-M3-task009-full/Build/Products/Debug/ResourceRunner.app/Contents/PlugIns/ResourceRunnerTests.xctest

MkDir /tmp/ResourceRunner-M3-task009-full/Build/Products/Debug/ResourceRunner.app/Contents/Resources (in target 'ResourceRunner' from project 'ResourceRunner')
    cd /Users/zipkero/XcodeProjects/ResourceRunner
    /bin/mkdir -p /tmp/ResourceRunner-M3-task009-full/Build/Products/Debug/ResourceRunner.app/Contents/Resources

MkDir /tmp/ResourceRunner-M3-task009-full/Build/Products/Debug/ResourceRunner.app/Contents/PlugIns (in target 'ResourceRunner' from project 'ResourceRunner')
    cd /Users/zipkero/XcodeProjects/ResourceRunner
    /bin/mkdir -p /tmp/ResourceRunner-M3-task009-full/Build/Products/Debug/ResourceRunner.app/Contents/PlugIns

MkDir /tmp/ResourceRunner-M3-task009-full/Build/Products/Debug/ResourceRunner.app/Contents/MacOS (in target 'ResourceRunner' from project 'ResourceRunner')
    cd /Users/zipkero/XcodeProjects/ResourceRunner
    /bin/mkdir -p /tmp/ResourceRunner-M3-task009-full/Build/Products/Debug/ResourceRunner.app/Contents/MacOS

MkDir /tmp/ResourceRunner-M3-task009-full/Build/Products/Debug/ResourceRunner.app/Contents/Frameworks (in target 'ResourceRunner' from project 'ResourceRunner')
    cd /Users/zipkero/XcodeProjects/ResourceRunner
    /bin/mkdir -p /tmp/ResourceRunner-M3-task009-full/Build/Products/Debug/ResourceRunner.app/Contents/Frameworks

MkDir /tmp/ResourceRunner-M3-task009-full/Build/Products/Debug/ResourceRunner.app/Contents (in target 'ResourceRunner' from project 'ResourceRunner')
    cd /Users/zipkero/XcodeProjects/ResourceRunner
    /bin/mkdir -p /tmp/ResourceRunner-M3-task009-full/Build/Products/Debug/ResourceRunner.app/Contents

MkDir /tmp/ResourceRunner-M3-task009-full/Build/Products/Debug/ResourceRunner.app (in target 'ResourceRunner' from project 'ResourceRunner')
    cd /Users/zipkero/XcodeProjects/ResourceRunner
    /bin/mkdir -p /tmp/ResourceRunner-M3-task009-full/Build/Products/Debug/ResourceRunner.app

ProcessProductPackaging "" /tmp/ResourceRunner-M3-task009-full/Build/Intermediates.noindex/ResourceRunner.build/Debug/ResourceRunner.build/ResourceRunner.app.xcent (in target 'ResourceRunner' from project 'ResourceRunner')
    cd /Users/zipkero/XcodeProjects/ResourceRunner
    
    Entitlements:
    
    {
    "com.apple.security.app-sandbox" = 1;
    "com.apple.security.files.user-selected.read-only" = 1;
    "com.apple.security.get-task-allow" = 1;
}
    
    builtin-productPackagingUtility -entitlements -format xml -o /tmp/ResourceRunner-M3-task009-full/Build/Intermediates.noindex/ResourceRunner.build/Debug/ResourceRunner.build/ResourceRunner.app.xcent

ProcessProductPackagingDER /tmp/ResourceRunner-M3-task009-full/Build/Intermediates.noindex/ResourceRunner.build/Debug/ResourceRunner.build/ResourceRunner.app.xcent /tmp/ResourceRunner-M3-task009-full/Build/Intermediates.noindex/ResourceRunner.build/Debug/ResourceRunner.build/ResourceRunner.app.xcent.der (in target 'ResourceRunner' from project 'ResourceRunner')
    cd /Users/zipkero/XcodeProjects/ResourceRunner
    /usr/bin/derq query -f xml -i /tmp/ResourceRunner-M3-task009-full/Build/Intermediates.noindex/ResourceRunner.build/Debug/ResourceRunner.build/ResourceRunner.app.xcent -o /tmp/ResourceRunner-M3-task009-full/Build/Intermediates.noindex/ResourceRunner.build/Debug/ResourceRunner.build/ResourceRunner.app.xcent.der --raw

Ld /tmp/ResourceRunner-M3-task009-full/Build/Products/Debug/ResourceRunner.app/Contents/MacOS/__preview.dylib normal (in target 'ResourceRunner' from project 'ResourceRunner')
    cd /Users/zipkero/XcodeProjects/ResourceRunner
    /Applications/Xcode.app/Contents/Developer/Toolchains/XcodeDefault.xctoolchain/usr/bin/clang -Xlinker -reproducible -target arm64-apple-macos26.5 -dynamiclib -isysroot /Applications/Xcode.app/Contents/Developer/Platforms/MacOSX.platform/Developer/SDKs/MacOSX26.5.sdk -O0 -L/tmp/ResourceRunner-M3-task009-full/Build/Products/Debug -F/tmp/ResourceRunner-M3-task009-full/Build/Products/Debug -install_name @rpath/ResourceRunner.debug.dylib -rdynamic -Xlinker -no_deduplicate -Xlinker -debug_variant -Xlinker -dependency_info -Xlinker /tmp/ResourceRunner-M3-task009-full/Build/Intermediates.noindex/ResourceRunner.build/Debug/ResourceRunner.build/Objects-normal/arm64/ResourceRunner_dependency_info.dat -Xlinker -no_adhoc_codesign -o /tmp/ResourceRunner-M3-task009-full/Build/Products/Debug/ResourceRunner.app/Contents/MacOS/__preview.dylib

Copy /tmp/ResourceRunner-M3-task009-full/Build/Products/Debug/ResourceRunner.app/Contents/Frameworks/libXCTestSwiftSupport.dylib /Applications/Xcode.app/Contents/Developer/Platforms/MacOSX.platform/Developer/usr/lib/libXCTestSwiftSupport.dylib (in target 'ResourceRunner' from project 'ResourceRunner')
    cd /Users/zipkero/XcodeProjects/ResourceRunner
    builtin-copy -exclude .DS_Store -exclude CVS -exclude .svn -exclude .git -exclude .hg -exclude Headers -exclude PrivateHeaders -exclude Modules -exclude \*.tbd -resolve-src-symlinks /Applications/Xcode.app/Contents/Developer/Platforms/MacOSX.platform/Developer/usr/lib/libXCTestSwiftSupport.dylib /tmp/ResourceRunner-M3-task009-full/Build/Products/Debug/ResourceRunner.app/Contents/Frameworks

Copy /tmp/ResourceRunner-M3-task009-full/Build/Products/Debug/ResourceRunner.app/Contents/Frameworks/libXCTestBundleInject.dylib /Applications/Xcode.app/Contents/Developer/Platforms/MacOSX.platform/Developer/usr/lib/libXCTestBundleInject.dylib (in target 'ResourceRunner' from project 'ResourceRunner')
    cd /Users/zipkero/XcodeProjects/ResourceRunner
    builtin-copy -exclude .DS_Store -exclude CVS -exclude .svn -exclude .git -exclude .hg -exclude Headers -exclude PrivateHeaders -exclude Modules -exclude \*.tbd -resolve-src-symlinks /Applications/Xcode.app/Contents/Developer/Platforms/MacOSX.platform/Developer/usr/lib/libXCTestBundleInject.dylib /tmp/ResourceRunner-M3-task009-full/Build/Products/Debug/ResourceRunner.app/Contents/Frameworks

GenerateAssetSymbols /Users/zipkero/XcodeProjects/ResourceRunner/ResourceRunner/Assets.xcassets (in target 'ResourceRunner' from project 'ResourceRunner')
    cd /Users/zipkero/XcodeProjects/ResourceRunner
    /Applications/Xcode.app/Contents/Developer/usr/bin/actool /Users/zipkero/XcodeProjects/ResourceRunner/ResourceRunner/Assets.xcassets --compile /tmp/ResourceRunner-M3-task009-full/Build/Products/Debug/ResourceRunner.app/Contents/Resources --output-format human-readable-text --notices --warnings --export-dependency-info /tmp/ResourceRunner-M3-task009-full/Build/Intermediates.noindex/ResourceRunner.build/Debug/ResourceRunner.build/assetcatalog_dependencies --output-partial-info-plist /tmp/ResourceRunner-M3-task009-full/Build/Intermediates.noindex/ResourceRunner.build/Debug/ResourceRunner.build/assetcatalog_generated_info.plist --app-icon AppIcon --accent-color AccentColor --enable-on-demand-resources NO --development-region en --target-device mac --minimum-deployment-target 26.5 --platform macosx --bundle-identifier com.zipkero.ResourceRunner --generate-swift-asset-symbols /tmp/ResourceRunner-M3-task009-full/Build/Intermediates.noindex/ResourceRunner.build/Debug/ResourceRunner.build/DerivedSources/GeneratedAssetSymbols.swift --generate-objc-asset-symbols /tmp/ResourceRunner-M3-task009-full/Build/Intermediates.noindex/ResourceRunner.build/Debug/ResourceRunner.build/DerivedSources/GeneratedAssetSymbols.h --generate-asset-symbol-index /tmp/ResourceRunner-M3-task009-full/Build/Intermediates.noindex/ResourceRunner.build/Debug/ResourceRunner.build/DerivedSources/GeneratedAssetSymbols-Index.plist
/* com.apple.actool.compilation-results */
/tmp/ResourceRunner-M3-task009-full/Build/Intermediates.noindex/ResourceRunner.build/Debug/ResourceRunner.build/DerivedSources/GeneratedAssetSymbols-Index.plist
/tmp/ResourceRunner-M3-task009-full/Build/Intermediates.noindex/ResourceRunner.build/Debug/ResourceRunner.build/DerivedSources/GeneratedAssetSymbols.h
/tmp/ResourceRunner-M3-task009-full/Build/Intermediates.noindex/ResourceRunner.build/Debug/ResourceRunner.build/DerivedSources/GeneratedAssetSymbols.swift


MkDir /tmp/ResourceRunner-M3-task009-full/Build/Intermediates.noindex/ResourceRunner.build/Debug/ResourceRunner.build/assetcatalog_output/thinned (in target 'ResourceRunner' from project 'ResourceRunner')
    cd /Users/zipkero/XcodeProjects/ResourceRunner
    /bin/mkdir -p /tmp/ResourceRunner-M3-task009-full/Build/Intermediates.noindex/ResourceRunner.build/Debug/ResourceRunner.build/assetcatalog_output/thinned

Copy /tmp/ResourceRunner-M3-task009-full/Build/Products/Debug/ResourceRunner.app/Contents/Frameworks/XCUnit.framework /Applications/Xcode.app/Contents/Developer/Platforms/MacOSX.platform/Developer/Library/PrivateFrameworks/XCUnit.framework (in target 'ResourceRunner' from project 'ResourceRunner')
    cd /Users/zipkero/XcodeProjects/ResourceRunner
    builtin-copy -exclude .DS_Store -exclude CVS -exclude .svn -exclude .git -exclude .hg -exclude Headers -exclude PrivateHeaders -exclude Modules -exclude \*.tbd -resolve-src-symlinks /Applications/Xcode.app/Contents/Developer/Platforms/MacOSX.platform/Developer/Library/PrivateFrameworks/XCUnit.framework /tmp/ResourceRunner-M3-task009-full/Build/Products/Debug/ResourceRunner.app/Contents/Frameworks

MkDir /tmp/ResourceRunner-M3-task009-full/Build/Intermediates.noindex/ResourceRunner.build/Debug/ResourceRunner.build/assetcatalog_output/unthinned (in target 'ResourceRunner' from project 'ResourceRunner')
    cd /Users/zipkero/XcodeProjects/ResourceRunner
    /bin/mkdir -p /tmp/ResourceRunner-M3-task009-full/Build/Intermediates.noindex/ResourceRunner.build/Debug/ResourceRunner.build/assetcatalog_output/unthinned

Copy /tmp/ResourceRunner-M3-task009-full/Build/Products/Debug/ResourceRunner.app/Contents/Frameworks/XCUIAutomation.framework /Applications/Xcode.app/Contents/Developer/Platforms/MacOSX.platform/Developer/Library/Frameworks/XCUIAutomation.framework (in target 'ResourceRunner' from project 'ResourceRunner')
    cd /Users/zipkero/XcodeProjects/ResourceRunner
    builtin-copy -exclude .DS_Store -exclude CVS -exclude .svn -exclude .git -exclude .hg -exclude Headers -exclude PrivateHeaders -exclude Modules -exclude \*.tbd -resolve-src-symlinks /Applications/Xcode.app/Contents/Developer/Platforms/MacOSX.platform/Developer/Library/Frameworks/XCUIAutomation.framework /tmp/ResourceRunner-M3-task009-full/Build/Products/Debug/ResourceRunner.app/Contents/Frameworks

Copy /tmp/ResourceRunner-M3-task009-full/Build/Products/Debug/ResourceRunner.app/Contents/Frameworks/XCTestSupport.framework /Applications/Xcode.app/Contents/Developer/Platforms/MacOSX.platform/Developer/Library/PrivateFrameworks/XCTestSupport.framework (in target 'ResourceRunner' from project 'ResourceRunner')
    cd /Users/zipkero/XcodeProjects/ResourceRunner
    builtin-copy -exclude .DS_Store -exclude CVS -exclude .svn -exclude .git -exclude .hg -exclude Headers -exclude PrivateHeaders -exclude Modules -exclude \*.tbd -resolve-src-symlinks /Applications/Xcode.app/Contents/Developer/Platforms/MacOSX.platform/Developer/Library/PrivateFrameworks/XCTestSupport.framework /tmp/ResourceRunner-M3-task009-full/Build/Products/Debug/ResourceRunner.app/Contents/Frameworks

Copy /tmp/ResourceRunner-M3-task009-full/Build/Products/Debug/ResourceRunner.app/Contents/Frameworks/XCTestCore.framework /Applications/Xcode.app/Contents/Developer/Platforms/MacOSX.platform/Developer/Library/PrivateFrameworks/XCTestCore.framework (in target 'ResourceRunner' from project 'ResourceRunner')
    cd /Users/zipkero/XcodeProjects/ResourceRunner
    builtin-copy -exclude .DS_Store -exclude CVS -exclude .svn -exclude .git -exclude .hg -exclude Headers -exclude PrivateHeaders -exclude Modules -exclude \*.tbd -resolve-src-symlinks /Applications/Xcode.app/Contents/Developer/Platforms/MacOSX.platform/Developer/Library/PrivateFrameworks/XCTestCore.framework /tmp/ResourceRunner-M3-task009-full/Build/Products/Debug/ResourceRunner.app/Contents/Frameworks

Copy /tmp/ResourceRunner-M3-task009-full/Build/Products/Debug/ResourceRunner.app/Contents/Frameworks/XCTest.framework /Applications/Xcode.app/Contents/Developer/Platforms/MacOSX.platform/Developer/Library/Frameworks/XCTest.framework (in target 'ResourceRunner' from project 'ResourceRunner')
    cd /Users/zipkero/XcodeProjects/ResourceRunner
    builtin-copy -exclude .DS_Store -exclude CVS -exclude .svn -exclude .git -exclude .hg -exclude Headers -exclude PrivateHeaders -exclude Modules -exclude \*.tbd -resolve-src-symlinks /Applications/Xcode.app/Contents/Developer/Platforms/MacOSX.platform/Developer/Library/Frameworks/XCTest.framework /tmp/ResourceRunner-M3-task009-full/Build/Products/Debug/ResourceRunner.app/Contents/Frameworks

Copy /tmp/ResourceRunner-M3-task009-full/Build/Products/Debug/ResourceRunner.app/Contents/Frameworks/XCTAutomationSupport.framework /Applications/Xcode.app/Contents/Developer/Platforms/MacOSX.platform/Developer/Library/PrivateFrameworks/XCTAutomationSupport.framework (in target 'ResourceRunner' from project 'ResourceRunner')
    cd /Users/zipkero/XcodeProjects/ResourceRunner
    builtin-copy -exclude .DS_Store -exclude CVS -exclude .svn -exclude .git -exclude .hg -exclude Headers -exclude PrivateHeaders -exclude Modules -exclude \*.tbd -resolve-src-symlinks /Applications/Xcode.app/Contents/Developer/Platforms/MacOSX.platform/Developer/Library/PrivateFrameworks/XCTAutomationSupport.framework /tmp/ResourceRunner-M3-task009-full/Build/Products/Debug/ResourceRunner.app/Contents/Frameworks

Copy /tmp/ResourceRunner-M3-task009-full/Build/Products/Debug/ResourceRunner.app/Contents/Frameworks/Testing.framework /Applications/Xcode.app/Contents/Developer/Platforms/MacOSX.platform/Developer/Library/Frameworks/Testing.framework (in target 'ResourceRunner' from project 'ResourceRunner')
    cd /Users/zipkero/XcodeProjects/ResourceRunner
    builtin-copy -exclude .DS_Store -exclude CVS -exclude .svn -exclude .git -exclude .hg -exclude Headers -exclude PrivateHeaders -exclude Modules -exclude \*.tbd -resolve-src-symlinks /Applications/Xcode.app/Contents/Developer/Platforms/MacOSX.platform/Developer/Library/Frameworks/Testing.framework /tmp/ResourceRunner-M3-task009-full/Build/Products/Debug/ResourceRunner.app/Contents/Frameworks

CompileAssetCatalogVariant thinned /tmp/ResourceRunner-M3-task009-full/Build/Products/Debug/ResourceRunner.app/Contents/Resources /Users/zipkero/XcodeProjects/ResourceRunner/ResourceRunner/Assets.xcassets (in target 'ResourceRunner' from project 'ResourceRunner')
    cd /Users/zipkero/XcodeProjects/ResourceRunner
    /Applications/Xcode.app/Contents/Developer/usr/bin/actool /Users/zipkero/XcodeProjects/ResourceRunner/ResourceRunner/Assets.xcassets --compile /tmp/ResourceRunner-M3-task009-full/Build/Intermediates.noindex/ResourceRunner.build/Debug/ResourceRunner.build/assetcatalog_output/thinned --output-format human-readable-text --notices --warnings --export-dependency-info /tmp/ResourceRunner-M3-task009-full/Build/Intermediates.noindex/ResourceRunner.build/Debug/ResourceRunner.build/assetcatalog_dependencies_thinned --output-partial-info-plist /tmp/ResourceRunner-M3-task009-full/Build/Intermediates.noindex/ResourceRunner.build/Debug/ResourceRunner.build/assetcatalog_generated_info.plist_thinned --app-icon AppIcon --accent-color AccentColor --enable-on-demand-resources NO --development-region en --target-device mac --minimum-deployment-target 26.5 --platform macosx
/* com.apple.actool.compilation-results */
/tmp/ResourceRunner-M3-task009-full/Build/Intermediates.noindex/ResourceRunner.build/Debug/ResourceRunner.build/assetcatalog_generated_info.plist_thinned
/tmp/ResourceRunner-M3-task009-full/Build/Intermediates.noindex/ResourceRunner.build/Debug/ResourceRunner.build/assetcatalog_output/thinned/Assets.car


CodeSign /tmp/ResourceRunner-M3-task009-full/Build/Products/Debug/ResourceRunner.app/Contents/Frameworks/libXCTestBundleInject.dylib (in target 'ResourceRunner' from project 'ResourceRunner')
    cd /Users/zipkero/XcodeProjects/ResourceRunner
    
    Signing Identity:     "Sign to Run Locally"
    
    /usr/bin/codesign --force --sign - --timestamp\=none --preserve-metadata\=identifier,entitlements,flags --generate-entitlement-der /tmp/ResourceRunner-M3-task009-full/Build/Products/Debug/ResourceRunner.app/Contents/Frameworks/libXCTestBundleInject.dylib
/tmp/ResourceRunner-M3-task009-full/Build/Products/Debug/ResourceRunner.app/Contents/Frameworks/libXCTestBundleInject.dylib: replacing existing signature

CodeSign /tmp/ResourceRunner-M3-task009-full/Build/Products/Debug/ResourceRunner.app/Contents/Frameworks/libXCTestSwiftSupport.dylib (in target 'ResourceRunner' from project 'ResourceRunner')
    cd /Users/zipkero/XcodeProjects/ResourceRunner
    
    Signing Identity:     "Sign to Run Locally"
    
    /usr/bin/codesign --force --sign - --timestamp\=none --preserve-metadata\=identifier,entitlements,flags --generate-entitlement-der /tmp/ResourceRunner-M3-task009-full/Build/Products/Debug/ResourceRunner.app/Contents/Frameworks/libXCTestSwiftSupport.dylib
/tmp/ResourceRunner-M3-task009-full/Build/Products/Debug/ResourceRunner.app/Contents/Frameworks/libXCTestSwiftSupport.dylib: replacing existing signature

CodeSign /tmp/ResourceRunner-M3-task009-full/Build/Products/Debug/ResourceRunner.app/Contents/Frameworks/XCTestSupport.framework (in target 'ResourceRunner' from project 'ResourceRunner')
    cd /Users/zipkero/XcodeProjects/ResourceRunner
    
    Signing Identity:     "Sign to Run Locally"
    
    /usr/bin/codesign --force --sign - --timestamp\=none --preserve-metadata\=identifier,entitlements,flags --generate-entitlement-der /tmp/ResourceRunner-M3-task009-full/Build/Products/Debug/ResourceRunner.app/Contents/Frameworks/XCTestSupport.framework
/tmp/ResourceRunner-M3-task009-full/Build/Products/Debug/ResourceRunner.app/Contents/Frameworks/XCTestSupport.framework: replacing existing signature

CodeSign /tmp/ResourceRunner-M3-task009-full/Build/Products/Debug/ResourceRunner.app/Contents/Frameworks/XCTest.framework (in target 'ResourceRunner' from project 'ResourceRunner')
    cd /Users/zipkero/XcodeProjects/ResourceRunner
    
    Signing Identity:     "Sign to Run Locally"
    
    /usr/bin/codesign --force --sign - --timestamp\=none --preserve-metadata\=identifier,entitlements,flags --generate-entitlement-der /tmp/ResourceRunner-M3-task009-full/Build/Products/Debug/ResourceRunner.app/Contents/Frameworks/XCTest.framework
/tmp/ResourceRunner-M3-task009-full/Build/Products/Debug/ResourceRunner.app/Contents/Frameworks/XCTest.framework: replacing existing signature

CodeSign /tmp/ResourceRunner-M3-task009-full/Build/Products/Debug/ResourceRunner.app/Contents/Frameworks/XCUnit.framework (in target 'ResourceRunner' from project 'ResourceRunner')
    cd /Users/zipkero/XcodeProjects/ResourceRunner
    
    Signing Identity:     "Sign to Run Locally"
    
    /usr/bin/codesign --force --sign - --timestamp\=none --preserve-metadata\=identifier,entitlements,flags --generate-entitlement-der /tmp/ResourceRunner-M3-task009-full/Build/Products/Debug/ResourceRunner.app/Contents/Frameworks/XCUnit.framework
/tmp/ResourceRunner-M3-task009-full/Build/Products/Debug/ResourceRunner.app/Contents/Frameworks/XCUnit.framework: replacing existing signature

CodeSign /tmp/ResourceRunner-M3-task009-full/Build/Products/Debug/ResourceRunner.app/Contents/Frameworks/XCTAutomationSupport.framework (in target 'ResourceRunner' from project 'ResourceRunner')
    cd /Users/zipkero/XcodeProjects/ResourceRunner
    
    Signing Identity:     "Sign to Run Locally"
    
    /usr/bin/codesign --force --sign - --timestamp\=none --preserve-metadata\=identifier,entitlements,flags --generate-entitlement-der /tmp/ResourceRunner-M3-task009-full/Build/Products/Debug/ResourceRunner.app/Contents/Frameworks/XCTAutomationSupport.framework
/tmp/ResourceRunner-M3-task009-full/Build/Products/Debug/ResourceRunner.app/Contents/Frameworks/XCTAutomationSupport.framework: replacing existing signature

CodeSign /tmp/ResourceRunner-M3-task009-full/Build/Products/Debug/ResourceRunner.app/Contents/Frameworks/XCTestCore.framework (in target 'ResourceRunner' from project 'ResourceRunner')
    cd /Users/zipkero/XcodeProjects/ResourceRunner
    
    Signing Identity:     "Sign to Run Locally"
    
    /usr/bin/codesign --force --sign - --timestamp\=none --preserve-metadata\=identifier,entitlements,flags --generate-entitlement-der /tmp/ResourceRunner-M3-task009-full/Build/Products/Debug/ResourceRunner.app/Contents/Frameworks/XCTestCore.framework
/tmp/ResourceRunner-M3-task009-full/Build/Products/Debug/ResourceRunner.app/Contents/Frameworks/XCTestCore.framework: replacing existing signature

CodeSign /tmp/ResourceRunner-M3-task009-full/Build/Products/Debug/ResourceRunner.app/Contents/Frameworks/XCUIAutomation.framework (in target 'ResourceRunner' from project 'ResourceRunner')
    cd /Users/zipkero/XcodeProjects/ResourceRunner
    
    Signing Identity:     "Sign to Run Locally"
    
    /usr/bin/codesign --force --sign - --timestamp\=none --preserve-metadata\=identifier,entitlements,flags --generate-entitlement-der /tmp/ResourceRunner-M3-task009-full/Build/Products/Debug/ResourceRunner.app/Contents/Frameworks/XCUIAutomation.framework
/tmp/ResourceRunner-M3-task009-full/Build/Products/Debug/ResourceRunner.app/Contents/Frameworks/XCUIAutomation.framework: replacing existing signature

CodeSign /tmp/ResourceRunner-M3-task009-full/Build/Products/Debug/ResourceRunner.app/Contents/Frameworks/Testing.framework (in target 'ResourceRunner' from project 'ResourceRunner')
    cd /Users/zipkero/XcodeProjects/ResourceRunner
    
    Signing Identity:     "Sign to Run Locally"
    
    /usr/bin/codesign --force --sign - --timestamp\=none --preserve-metadata\=identifier,entitlements,flags --generate-entitlement-der /tmp/ResourceRunner-M3-task009-full/Build/Products/Debug/ResourceRunner.app/Contents/Frameworks/Testing.framework
/tmp/ResourceRunner-M3-task009-full/Build/Products/Debug/ResourceRunner.app/Contents/Frameworks/Testing.framework: replacing existing signature

LinkAssetCatalog /Users/zipkero/XcodeProjects/ResourceRunner/ResourceRunner/Assets.xcassets (in target 'ResourceRunner' from project 'ResourceRunner')
    cd /Users/zipkero/XcodeProjects/ResourceRunner
    builtin-linkAssetCatalog --thinned /tmp/ResourceRunner-M3-task009-full/Build/Intermediates.noindex/ResourceRunner.build/Debug/ResourceRunner.build/assetcatalog_output/thinned --thinned-dependencies /tmp/ResourceRunner-M3-task009-full/Build/Intermediates.noindex/ResourceRunner.build/Debug/ResourceRunner.build/assetcatalog_dependencies_thinned --thinned-info-plist-content /tmp/ResourceRunner-M3-task009-full/Build/Intermediates.noindex/ResourceRunner.build/Debug/ResourceRunner.build/assetcatalog_generated_info.plist_thinned --unthinned /tmp/ResourceRunner-M3-task009-full/Build/Intermediates.noindex/ResourceRunner.build/Debug/ResourceRunner.build/assetcatalog_output/unthinned --unthinned-dependencies /tmp/ResourceRunner-M3-task009-full/Build/Intermediates.noindex/ResourceRunner.build/Debug/ResourceRunner.build/assetcatalog_dependencies_unthinned --unthinned-info-plist-content /tmp/ResourceRunner-M3-task009-full/Build/Intermediates.noindex/ResourceRunner.build/Debug/ResourceRunner.build/assetcatalog_generated_info.plist_unthinned --output /tmp/ResourceRunner-M3-task009-full/Build/Products/Debug/ResourceRunner.app/Contents/Resources --plist-output /tmp/ResourceRunner-M3-task009-full/Build/Intermediates.noindex/ResourceRunner.build/Debug/ResourceRunner.build/assetcatalog_generated_info.plist
note: Emplaced /tmp/ResourceRunner-M3-task009-full/Build/Products/Debug/ResourceRunner.app/Contents/Resources/Assets.car (in target 'ResourceRunner' from project 'ResourceRunner')

ProcessInfoPlistFile /tmp/ResourceRunner-M3-task009-full/Build/Products/Debug/ResourceRunner.app/Contents/Info.plist /tmp/ResourceRunner-M3-task009-full/Build/Intermediates.noindex/ResourceRunner.build/Debug/ResourceRunner.build/empty-ResourceRunner.plist (in target 'ResourceRunner' from project 'ResourceRunner')
    cd /Users/zipkero/XcodeProjects/ResourceRunner
    builtin-infoPlistUtility /tmp/ResourceRunner-M3-task009-full/Build/Intermediates.noindex/ResourceRunner.build/Debug/ResourceRunner.build/empty-ResourceRunner.plist -producttype com.apple.product-type.application -genpkginfo /tmp/ResourceRunner-M3-task009-full/Build/Products/Debug/ResourceRunner.app/Contents/PkgInfo -expandbuildsettings -platform macosx -additionalcontentfile /tmp/ResourceRunner-M3-task009-full/Build/Intermediates.noindex/ResourceRunner.build/Debug/ResourceRunner.build/assetcatalog_generated_info.plist -o /tmp/ResourceRunner-M3-task009-full/Build/Products/Debug/ResourceRunner.app/Contents/Info.plist

SwiftDriver ResourceRunner normal arm64 com.apple.xcode.tools.swift.compiler (in target 'ResourceRunner' from project 'ResourceRunner')
    cd /Users/zipkero/XcodeProjects/ResourceRunner
    builtin-SwiftDriver -- /Applications/Xcode.app/Contents/Developer/Toolchains/XcodeDefault.xctoolchain/usr/bin/swiftc -module-name ResourceRunner -Onone @/tmp/ResourceRunner-M3-task009-full/Build/Intermediates.noindex/ResourceRunner.build/Debug/ResourceRunner.build/Objects-normal/arm64/ResourceRunner.SwiftFileList -DDEBUG -default-isolation\=MainActor -enable-bare-slash-regex -enable-upcoming-feature DisableOutwardActorInference -enable-upcoming-feature InferSendableFromCaptures -enable-upcoming-feature GlobalActorIsolatedTypesUsability -enable-upcoming-feature MemberImportVisibility -enable-upcoming-feature InferIsolatedConformances -enable-upcoming-feature NonisolatedNonsendingByDefault -enable-experimental-feature DebugDescriptionMacro -sdk /Applications/Xcode.app/Contents/Developer/Platforms/MacOSX.platform/Developer/SDKs/MacOSX26.5.sdk -target arm64-apple-macos26.5 -g -module-cache-path /tmp/ResourceRunner-M3-task009-full/ModuleCache.noindex -Xfrontend -serialize-debugging-options -profile-coverage-mapping -profile-generate -enable-testing -index-store-path /tmp/ResourceRunner-M3-task009-full/Index.noindex/DataStore -Xcc -D_LIBCPP_HARDENING_MODE\=_LIBCPP_HARDENING_MODE_DEBUG -swift-version 5 -I /tmp/ResourceRunner-M3-task009-full/Build/Products/Debug -F /tmp/ResourceRunner-M3-task009-full/Build/Products/Debug -emit-localized-strings -emit-localized-strings-path /tmp/ResourceRunner-M3-task009-full/Build/Intermediates.noindex/ResourceRunner.build/Debug/ResourceRunner.build/Objects-normal/arm64 -c -j14 -enable-batch-mode -incremental -Xcc -ivfsstatcache -Xcc /tmp/ResourceRunner-M3-task009-full/SDKStatCaches.noindex/macosx26.5-25F70-e082c4a02f00227109f4ed75e425c832.sdkstatcache -output-file-map /tmp/ResourceRunner-M3-task009-full/Build/Intermediates.noindex/ResourceRunner.build/Debug/ResourceRunner.build/Objects-normal/arm64/ResourceRunner-OutputFileMap.json -use-frontend-parseable-output -save-temps -no-color-diagnostics -explicit-module-build -module-cache-path /tmp/ResourceRunner-M3-task009-full/Build/Intermediates.noindex/SwiftExplicitPrecompiledModules -clang-scanner-module-cache-path /tmp/ResourceRunner-M3-task009-full/ModuleCache.noindex -sdk-module-cache-path /tmp/ResourceRunner-M3-task009-full/ModuleCache.noindex -serialize-diagnostics -emit-dependencies -emit-module -emit-module-path /tmp/ResourceRunner-M3-task009-full/Build/Intermediates.noindex/ResourceRunner.build/Debug/ResourceRunner.build/Objects-normal/arm64/ResourceRunner.swiftmodule -validate-clang-modules-once -clang-build-session-file /tmp/ResourceRunner-M3-task009-full/ModuleCache.noindex/Session.modulevalidation -Xcc -I/tmp/ResourceRunner-M3-task009-full/Build/Intermediates.noindex/ResourceRunner.build/Debug/ResourceRunner.build/swift-overrides.hmap -emit-const-values -Xfrontend -const-gather-protocols-file -Xfrontend /tmp/ResourceRunner-M3-task009-full/Build/Intermediates.noindex/ResourceRunner.build/Debug/ResourceRunner.build/Objects-normal/arm64/ResourceRunner_const_extract_protocols.json -Xcc -iquote -Xcc /tmp/ResourceRunner-M3-task009-full/Build/Intermediates.noindex/ResourceRunner.build/Debug/ResourceRunner.build/ResourceRunner-generated-files.hmap -Xcc -I/tmp/ResourceRunner-M3-task009-full/Build/Intermediates.noindex/ResourceRunner.build/Debug/ResourceRunner.build/ResourceRunner-own-target-headers.hmap -Xcc -I/tmp/ResourceRunner-M3-task009-full/Build/Intermediates.noindex/ResourceRunner.build/Debug/ResourceRunner.build/ResourceRunner-all-target-headers.hmap -Xcc -iquote -Xcc /tmp/ResourceRunner-M3-task009-full/Build/Intermediates.noindex/ResourceRunner.build/Debug/ResourceRunner.build/ResourceRunner-project-headers.hmap -Xcc -I/tmp/ResourceRunner-M3-task009-full/Build/Products/Debug/include -Xcc -I/tmp/ResourceRunner-M3-task009-full/Build/Intermediates.noindex/ResourceRunner.build/Debug/ResourceRunner.build/DerivedSources-normal/arm64 -Xcc -I/tmp/ResourceRunner-M3-task009-full/Build/Intermediates.noindex/ResourceRunner.build/Debug/ResourceRunner.build/DerivedSources/arm64 -Xcc -I/tmp/ResourceRunner-M3-task009-full/Build/Intermediates.noindex/ResourceRunner.build/Debug/ResourceRunner.build/DerivedSources -Xcc -DDEBUG\=1 -emit-objc-header -emit-objc-header-path /tmp/ResourceRunner-M3-task009-full/Build/Intermediates.noindex/ResourceRunner.build/Debug/ResourceRunner.build/Objects-normal/arm64/ResourceRunner-Swift.h -working-directory /Users/zipkero/XcodeProjects/ResourceRunner -experimental-emit-module-separately -disable-cmo

SwiftExplicitDependencyGeneratePcm arm64 /tmp/ResourceRunner-M3-task009-full/ModuleCache.noindex/ptrauth-EPED3NU32ZI81P2IBIS4LH2V1.pcm

SwiftExplicitDependencyGeneratePcm arm64 /tmp/ResourceRunner-M3-task009-full/ModuleCache.noindex/_Builtin_stdbool-AT4LDNY885ZPHIYJEJBIP7LGU.pcm

SwiftExplicitDependencyGeneratePcm arm64 /tmp/ResourceRunner-M3-task009-full/ModuleCache.noindex/DeveloperToolsSupport-7JX6RCTIAXA3KLXKEA9UTMV25.pcm

SwiftExplicitDependencyGeneratePcm arm64 /tmp/ResourceRunner-M3-task009-full/ModuleCache.noindex/SwiftShims-4XRNHM6CWN7UTESOD9B2BX9MZ.pcm

SwiftExplicitDependencyGeneratePcm arm64 /tmp/ResourceRunner-M3-task009-full/ModuleCache.noindex/_SwiftConcurrencyShims-6JJW60GY6RZSG5HXLJUJWGMSP.pcm

SwiftExplicitDependencyGeneratePcm arm64 /tmp/ResourceRunner-M3-task009-full/ModuleCache.noindex/_AvailabilityInternal-5I9EG8C8A08F9Q7NR0GES4SBL.pcm

SwiftExplicitDependencyGeneratePcm arm64 /tmp/ResourceRunner-M3-task009-full/ModuleCache.noindex/_Builtin_stddef-B4FNO5XX468LYMV1ER7JV5Z4I.pcm

SwiftExplicitDependencyGeneratePcm arm64 /tmp/ResourceRunner-M3-task009-full/ModuleCache.noindex/ptrcheck-4KE9LR4BHM3LDGKBHJ442GTN1.pcm

SwiftExplicitDependencyGeneratePcm arm64 /tmp/ResourceRunner-M3-task009-full/ModuleCache.noindex/_Builtin_stdarg-EQ8MSLDPO5XFO78TPIAHWJML7.pcm

SwiftExplicitDependencyGeneratePcm arm64 /tmp/ResourceRunner-M3-task009-full/ModuleCache.noindex/_Builtin_float-APEUOROG224NB0XAZNFYZMDV8.pcm

SwiftExplicitDependencyGeneratePcm arm64 /tmp/ResourceRunner-M3-task009-full/ModuleCache.noindex/_DarwinFoundation1-ARG5C4BEVRWZNI1A1HTFDA0S6.pcm

SwiftExplicitDependencyGeneratePcm arm64 /tmp/ResourceRunner-M3-task009-full/ModuleCache.noindex/_DarwinFoundation2-61K0V7XW0XX2VN9WM6SUQUZL5.pcm

SwiftExplicitDependencyGeneratePcm arm64 /tmp/ResourceRunner-M3-task009-full/ModuleCache.noindex/_Builtin_limits-113RDTE0ICI1RXTX8A2YQWRJ3.pcm

SwiftExplicitDependencyGeneratePcm arm64 /tmp/ResourceRunner-M3-task009-full/ModuleCache.noindex/_Builtin_tgmath-8P89FEND277UVP0E678UGZ9IH.pcm

SwiftExplicitDependencyGeneratePcm arm64 /tmp/ResourceRunner-M3-task009-full/ModuleCache.noindex/_Builtin_stdint-EB3ZKU0B0UH99W53BQD8S9047.pcm

SwiftExplicitDependencyGeneratePcm arm64 /tmp/ResourceRunner-M3-task009-full/ModuleCache.noindex/sys_types-3XNKOMNPUNYP5YKY6ZIK9S410.pcm

SwiftExplicitDependencyGeneratePcm arm64 /tmp/ResourceRunner-M3-task009-full/ModuleCache.noindex/_DarwinFoundation3-75CYF0881CML8N0B0UV5UG3TN.pcm

SwiftExplicitDependencyGeneratePcm arm64 /tmp/ResourceRunner-M3-task009-full/ModuleCache.noindex/_Builtin_intrinsics-3W450K660FS64YCKLPFM6CRU8.pcm

SwiftExplicitDependencyGeneratePcm arm64 /tmp/ResourceRunner-M3-task009-full/ModuleCache.noindex/_Builtin_stdatomic-214RZBCPE1IF6AQTJ2AUJUL8O.pcm

SwiftExplicitDependencyGeneratePcm arm64 /tmp/ResourceRunner-M3-task009-full/ModuleCache.noindex/libDER-7UIRL43VLW59M94U07I228UY6.pcm

SwiftExplicitDependencyGeneratePcm arm64 /tmp/ResourceRunner-M3-task009-full/ModuleCache.noindex/OpenGL-E5DPXO5J562KQ42HNLNQ09EH9.pcm

SwiftExplicitDependencyGeneratePcm arm64 /tmp/ResourceRunner-M3-task009-full/ModuleCache.noindex/_Builtin_inttypes-E1VEBK8XRPVDOZIPEX75V2C07.pcm

SwiftExplicitDependencyGeneratePcm arm64 /tmp/ResourceRunner-M3-task009-full/ModuleCache.noindex/Darwin-5MONGTL3IFWQXNRZLWMOEZ5SV.pcm

SwiftExplicitDependencyGeneratePcm arm64 /tmp/ResourceRunner-M3-task009-full/ModuleCache.noindex/simd-AMLWMLFNMWIH15B56P4KYJ2N.pcm

SwiftExplicitDependencyGeneratePcm arm64 /tmp/ResourceRunner-M3-task009-full/ModuleCache.noindex/CUPS-DPGBN0WK06Y2R36FN1V7BRCXX.pcm

SwiftExplicitDependencyGeneratePcm arm64 /tmp/ResourceRunner-M3-task009-full/ModuleCache.noindex/launch-4QTZDVBQ6DAX0UIG9WHWNZKBO.pcm

SwiftExplicitDependencyGeneratePcm arm64 /tmp/ResourceRunner-M3-task009-full/ModuleCache.noindex/libkern-9ZXTBEUJOTZTVMP3QVYBT6PQM.pcm

SwiftExplicitDependencyGeneratePcm arm64 /tmp/ResourceRunner-M3-task009-full/ModuleCache.noindex/MachO-8EONE19QAHT3CUKO6Q67BZYRE.pcm

SwiftExplicitDependencyGeneratePcm arm64 /tmp/ResourceRunner-M3-task009-full/ModuleCache.noindex/ObjectiveC-6TOV1HKW3LU54MDIEPADNKX64.pcm

SwiftExplicitDependencyGeneratePcm arm64 /tmp/ResourceRunner-M3-task009-full/ModuleCache.noindex/Spatial-7WIGSJL3B4SGFUPQLDQBNV3T9.pcm

SwiftExplicitDependencyGeneratePcm arm64 /tmp/ResourceRunner-M3-task009-full/ModuleCache.noindex/os_object-8J07XVWTOYBV2XZOX0O355U4.pcm

SwiftExplicitDependencyGeneratePcm arm64 /tmp/ResourceRunner-M3-task009-full/ModuleCache.noindex/os_workgroup-BS10NBS73RY654IZD4EXJJTHC.pcm

SwiftExplicitDependencyGeneratePcm arm64 /tmp/ResourceRunner-M3-task009-full/ModuleCache.noindex/Dispatch-6I3IM0EYOOXUKLLPGQM8B2UBQ.pcm

SwiftExplicitDependencyGeneratePcm arm64 /tmp/ResourceRunner-M3-task009-full/ModuleCache.noindex/XPC-QRHWIAVIDAWNH9GYWBE9DOA2.pcm

SwiftExplicitDependencyGeneratePcm arm64 /tmp/ResourceRunner-M3-task009-full/ModuleCache.noindex/CoreFoundation-425443ORAWHKXYJEG27Y3OSW7.pcm

SwiftExplicitDependencyGeneratePcm arm64 /tmp/ResourceRunner-M3-task009-full/ModuleCache.noindex/os-20RTK9YFBQ5YZK5I9B1OUILWO.pcm

SwiftExplicitDependencyGeneratePcm arm64 /tmp/ResourceRunner-M3-task009-full/ModuleCache.noindex/IOKit-7HVAFPN1F7TCMPZOCY4E9IENK.pcm

SwiftExplicitDependencyGeneratePcm arm64 /tmp/ResourceRunner-M3-task009-full/ModuleCache.noindex/CFNetwork-BHP0D54OTTX7U90GUZP877F3V.pcm

SwiftExplicitDependencyGeneratePcm arm64 /tmp/ResourceRunner-M3-task009-full/ModuleCache.noindex/ColorSync-F3CGQ21D81WLH305BMRBCLDJU.pcm

SwiftExplicitDependencyGeneratePcm arm64 /tmp/ResourceRunner-M3-task009-full/ModuleCache.noindex/Security-DU4CGLXH0V1HPUC708GA17E6F.pcm

SwiftExplicitDependencyGeneratePcm arm64 /tmp/ResourceRunner-M3-task009-full/ModuleCache.noindex/SystemConfiguration-5YFVO41GYR26XD41IUU46H0FO.pcm

SwiftExplicitDependencyGeneratePcm arm64 /tmp/ResourceRunner-M3-task009-full/ModuleCache.noindex/DiskArbitration-62IMVBGV7MI8SELBXY7O52GLP.pcm

SwiftExplicitDependencyGeneratePcm arm64 /tmp/ResourceRunner-M3-task009-full/ModuleCache.noindex/CoreGraphics-9GWAD84ZQGDRLGE438LH2NZ8E.pcm

SwiftExplicitDependencyGeneratePcm arm64 /tmp/ResourceRunner-M3-task009-full/ModuleCache.noindex/CoreServices-7ULJGZKZ3M1BHZFPMBRY1SKUM.pcm

SwiftExplicitDependencyGeneratePcm arm64 /tmp/ResourceRunner-M3-task009-full/ModuleCache.noindex/ImageIO-AJYIVMUV4N62ST29FNSEZ6B67.pcm

SwiftExplicitDependencyGeneratePcm arm64 /tmp/ResourceRunner-M3-task009-full/ModuleCache.noindex/CoreText-2Z94RAE2Q8W8FMRWKXB73YM51.pcm

SwiftExplicitDependencyGeneratePcm arm64 /tmp/ResourceRunner-M3-task009-full/ModuleCache.noindex/Foundation-AWLNUEYMO6NXDUB8BG7W1LNCG.pcm

SwiftExplicitDependencyGeneratePcm arm64 /tmp/ResourceRunner-M3-task009-full/ModuleCache.noindex/Symbols-2MRYI6IQGUSV68ADHRY51BYHC.pcm

SwiftExplicitDependencyGeneratePcm arm64 /tmp/ResourceRunner-M3-task009-full/ModuleCache.noindex/ApplicationServices-6178AXNPS1Q4VGTZTDQ3TXBEC.pcm

SwiftExplicitDependencyGeneratePcm arm64 /tmp/ResourceRunner-M3-task009-full/ModuleCache.noindex/IOSurface-6M0QI7Y660O2JLI0P6K61YSY2.pcm

SwiftExplicitDependencyGeneratePcm arm64 /tmp/ResourceRunner-M3-task009-full/ModuleCache.noindex/CoreTransferable-D2SQ7WW626NNB8LPHQK6QPVRL.pcm

SwiftExplicitDependencyGeneratePcm arm64 /tmp/ResourceRunner-M3-task009-full/ModuleCache.noindex/OSLog-HA4U46MI02BH34YVQ5DSL75Q.pcm

SwiftExplicitDependencyGeneratePcm arm64 /tmp/ResourceRunner-M3-task009-full/ModuleCache.noindex/UniformTypeIdentifiers-1SOTV4Y03UQ4W6CD9LYFMGVNW.pcm

SwiftExplicitDependencyGeneratePcm arm64 /tmp/ResourceRunner-M3-task009-full/ModuleCache.noindex/Accessibility-2TYPQKT4ZFSD8Y5GLDW9LP8QU.pcm

SwiftExplicitDependencyGeneratePcm arm64 /tmp/ResourceRunner-M3-task009-full/ModuleCache.noindex/DataDetection-ABSXQEIMJG6GRYX23XB5S6UUQ.pcm

SwiftExplicitDependencyGeneratePcm arm64 /tmp/ResourceRunner-M3-task009-full/ModuleCache.noindex/CoreData-ALSJ27S4J4TZ3B76BGGDNZVOH.pcm

SwiftExplicitDependencyGeneratePcm arm64 /tmp/ResourceRunner-M3-task009-full/ModuleCache.noindex/Metal-223JAVRUGAWBYUTWD74KQ22KJ.pcm

SwiftExplicitDependencyGeneratePcm arm64 /tmp/ResourceRunner-M3-task009-full/ModuleCache.noindex/CoreVideo-DJ58F0SVLYE8WZS5IIF6FGC9V.pcm

SwiftExplicitDependencyGeneratePcm arm64 /tmp/ResourceRunner-M3-task009-full/ModuleCache.noindex/QuartzCore-AHBCRJP9KAYXDEWHWFK80TJAZ.pcm

SwiftExplicitDependencyGeneratePcm arm64 /tmp/ResourceRunner-M3-task009-full/ModuleCache.noindex/CoreImage-AGNBRR7PNX9LOJF24UWWI7GQY.pcm

SwiftExplicitDependencyGeneratePcm arm64 /tmp/ResourceRunner-M3-task009-full/ModuleCache.noindex/SwiftUICore-D5BQHNG2KQ02JPJLV5Q0CEM6J.pcm

SwiftExplicitDependencyGeneratePcm arm64 /tmp/ResourceRunner-M3-task009-full/ModuleCache.noindex/AppKit-B7OVL5UUYBAK98S7XP0XIFI1M.pcm

SwiftExplicitDependencyGeneratePcm arm64 /tmp/ResourceRunner-M3-task009-full/ModuleCache.noindex/SwiftUI-3QWIUEISTXB7Z5G4JYPNBS7VQ.pcm

SwiftCompile normal arm64 Compiling\ ResourceActivityPresentation.swift,\ ResourceQuantityFormatter.swift,\ ResourceRateGraph.swift /Users/zipkero/XcodeProjects/ResourceRunner/ResourceRunner/ResourceActivityPresentation.swift /Users/zipkero/XcodeProjects/ResourceRunner/ResourceRunner/ResourceQuantityFormatter.swift /Users/zipkero/XcodeProjects/ResourceRunner/ResourceRunner/ResourceRateGraph.swift (in target 'ResourceRunner' from project 'ResourceRunner')

SwiftCompile normal arm64 /Users/zipkero/XcodeProjects/ResourceRunner/ResourceRunner/ResourceActivityPresentation.swift (in target 'ResourceRunner' from project 'ResourceRunner')
    cd /Users/zipkero/XcodeProjects/ResourceRunner
    

SwiftCompile normal arm64 /Users/zipkero/XcodeProjects/ResourceRunner/ResourceRunner/ResourceQuantityFormatter.swift (in target 'ResourceRunner' from project 'ResourceRunner')
    cd /Users/zipkero/XcodeProjects/ResourceRunner
    

SwiftCompile normal arm64 /Users/zipkero/XcodeProjects/ResourceRunner/ResourceRunner/ResourceRateGraph.swift (in target 'ResourceRunner' from project 'ResourceRunner')
    cd /Users/zipkero/XcodeProjects/ResourceRunner
    

SwiftEmitModule normal arm64 Emitting\ module\ for\ ResourceRunner (in target 'ResourceRunner' from project 'ResourceRunner')

EmitSwiftModule normal arm64 (in target 'ResourceRunner' from project 'ResourceRunner')
    cd /Users/zipkero/XcodeProjects/ResourceRunner
    

SwiftCompile normal arm64 Compiling\ ResourceRateGraphView.swift,\ ResourceRunnerApp.swift,\ ResourceTopologyObserver.swift /Users/zipkero/XcodeProjects/ResourceRunner/ResourceRunner/ResourceRateGraphView.swift /Users/zipkero/XcodeProjects/ResourceRunner/ResourceRunner/ResourceRunnerApp.swift /Users/zipkero/XcodeProjects/ResourceRunner/ResourceRunner/ResourceTopologyObserver.swift (in target 'ResourceRunner' from project 'ResourceRunner')
SwiftCompile normal arm64 /Users/zipkero/XcodeProjects/ResourceRunner/ResourceRunner/ResourceRateGraphView.swift (in target 'ResourceRunner' from project 'ResourceRunner')
    cd /Users/zipkero/XcodeProjects/ResourceRunner
    

SwiftCompile normal arm64 /Users/zipkero/XcodeProjects/ResourceRunner/ResourceRunner/ResourceRunnerApp.swift (in target 'ResourceRunner' from project 'ResourceRunner')
    cd /Users/zipkero/XcodeProjects/ResourceRunner
    

SwiftCompile normal arm64 /Users/zipkero/XcodeProjects/ResourceRunner/ResourceRunner/ResourceTopologyObserver.swift (in target 'ResourceRunner' from project 'ResourceRunner')
    cd /Users/zipkero/XcodeProjects/ResourceRunner
    

SwiftCompile normal arm64 Compiling\ SystemMetrics.swift,\ SystemMetricsSampleSource.swift,\ GeneratedAssetSymbols.swift /Users/zipkero/XcodeProjects/ResourceRunner/ResourceRunner/SystemMetrics.swift /Users/zipkero/XcodeProjects/ResourceRunner/ResourceRunner/SystemMetricsSampleSource.swift /tmp/ResourceRunner-M3-task009-full/Build/Intermediates.noindex/ResourceRunner.build/Debug/ResourceRunner.build/DerivedSources/GeneratedAssetSymbols.swift (in target 'ResourceRunner' from project 'ResourceRunner')

SwiftCompile normal arm64 /Users/zipkero/XcodeProjects/ResourceRunner/ResourceRunner/SystemMetrics.swift (in target 'ResourceRunner' from project 'ResourceRunner')
    cd /Users/zipkero/XcodeProjects/ResourceRunner
    

SwiftCompile normal arm64 /Users/zipkero/XcodeProjects/ResourceRunner/ResourceRunner/SystemMetricsSampleSource.swift (in target 'ResourceRunner' from project 'ResourceRunner')
    cd /Users/zipkero/XcodeProjects/ResourceRunner
    

SwiftCompile normal arm64 /tmp/ResourceRunner-M3-task009-full/Build/Intermediates.noindex/ResourceRunner.build/Debug/ResourceRunner.build/DerivedSources/GeneratedAssetSymbols.swift (in target 'ResourceRunner' from project 'ResourceRunner')
    cd /Users/zipkero/XcodeProjects/ResourceRunner
    

SwiftCompile normal arm64 Compiling\ NetworkNativeAdapter.swift,\ NetworkTopology.swift,\ ProcessHistoryStore.swift /Users/zipkero/XcodeProjects/ResourceRunner/ResourceRunner/NetworkNativeAdapter.swift /Users/zipkero/XcodeProjects/ResourceRunner/ResourceRunner/NetworkTopology.swift /Users/zipkero/XcodeProjects/ResourceRunner/ResourceRunner/ProcessHistoryStore.swift (in target 'ResourceRunner' from project 'ResourceRunner')

SwiftCompile normal arm64 /Users/zipkero/XcodeProjects/ResourceRunner/ResourceRunner/NetworkNativeAdapter.swift (in target 'ResourceRunner' from project 'ResourceRunner')
    cd /Users/zipkero/XcodeProjects/ResourceRunner
    

SwiftCompile normal arm64 /Users/zipkero/XcodeProjects/ResourceRunner/ResourceRunner/NetworkTopology.swift (in target 'ResourceRunner' from project 'ResourceRunner')
    cd /Users/zipkero/XcodeProjects/ResourceRunner
    

SwiftCompile normal arm64 /Users/zipkero/XcodeProjects/ResourceRunner/ResourceRunner/ProcessHistoryStore.swift (in target 'ResourceRunner' from project 'ResourceRunner')
    cd /Users/zipkero/XcodeProjects/ResourceRunner
    

SwiftCompile normal arm64 Compiling\ StatusBarController.swift,\ StorageMetadata.swift,\ SystemLifecycleObserver.swift /Users/zipkero/XcodeProjects/ResourceRunner/ResourceRunner/StatusBarController.swift /Users/zipkero/XcodeProjects/ResourceRunner/ResourceRunner/StorageMetadata.swift /Users/zipkero/XcodeProjects/ResourceRunner/ResourceRunner/SystemLifecycleObserver.swift (in target 'ResourceRunner' from project 'ResourceRunner')

SwiftCompile normal arm64 /Users/zipkero/XcodeProjects/ResourceRunner/ResourceRunner/StatusBarController.swift (in target 'ResourceRunner' from project 'ResourceRunner')
    cd /Users/zipkero/XcodeProjects/ResourceRunner
    

SwiftCompile normal arm64 /Users/zipkero/XcodeProjects/ResourceRunner/ResourceRunner/StorageMetadata.swift (in target 'ResourceRunner' from project 'ResourceRunner')
    cd /Users/zipkero/XcodeProjects/ResourceRunner
    

SwiftCompile normal arm64 /Users/zipkero/XcodeProjects/ResourceRunner/ResourceRunner/SystemLifecycleObserver.swift (in target 'ResourceRunner' from project 'ResourceRunner')
    cd /Users/zipkero/XcodeProjects/ResourceRunner
    

SwiftCompile normal arm64 Compiling\ DiskActivity.swift,\ DiskNativeAdapter.swift,\ DiskTopology.swift /Users/zipkero/XcodeProjects/ResourceRunner/ResourceRunner/DiskActivity.swift /Users/zipkero/XcodeProjects/ResourceRunner/ResourceRunner/DiskNativeAdapter.swift /Users/zipkero/XcodeProjects/ResourceRunner/ResourceRunner/DiskTopology.swift (in target 'ResourceRunner' from project 'ResourceRunner')

SwiftCompile normal arm64 /Users/zipkero/XcodeProjects/ResourceRunner/ResourceRunner/DiskActivity.swift (in target 'ResourceRunner' from project 'ResourceRunner')
    cd /Users/zipkero/XcodeProjects/ResourceRunner
    

SwiftCompile normal arm64 /Users/zipkero/XcodeProjects/ResourceRunner/ResourceRunner/DiskNativeAdapter.swift (in target 'ResourceRunner' from project 'ResourceRunner')
    cd /Users/zipkero/XcodeProjects/ResourceRunner
    

SwiftCompile normal arm64 /Users/zipkero/XcodeProjects/ResourceRunner/ResourceRunner/DiskTopology.swift (in target 'ResourceRunner' from project 'ResourceRunner')
    cd /Users/zipkero/XcodeProjects/ResourceRunner
    

SwiftCompile normal arm64 Compiling\ CPUSystemMetricsCollector.swift,\ DashboardColorPalette.swift,\ DashboardPresentation.swift /Users/zipkero/XcodeProjects/ResourceRunner/ResourceRunner/CPUSystemMetricsCollector.swift /Users/zipkero/XcodeProjects/ResourceRunner/ResourceRunner/DashboardColorPalette.swift /Users/zipkero/XcodeProjects/ResourceRunner/ResourceRunner/DashboardPresentation.swift (in target 'ResourceRunner' from project 'ResourceRunner')

SwiftCompile normal arm64 /Users/zipkero/XcodeProjects/ResourceRunner/ResourceRunner/CPUSystemMetricsCollector.swift (in target 'ResourceRunner' from project 'ResourceRunner')
    cd /Users/zipkero/XcodeProjects/ResourceRunner
    

SwiftCompile normal arm64 /Users/zipkero/XcodeProjects/ResourceRunner/ResourceRunner/DashboardColorPalette.swift (in target 'ResourceRunner' from project 'ResourceRunner')
    cd /Users/zipkero/XcodeProjects/ResourceRunner
    

SwiftCompile normal arm64 /Users/zipkero/XcodeProjects/ResourceRunner/ResourceRunner/DashboardPresentation.swift (in target 'ResourceRunner' from project 'ResourceRunner')
    cd /Users/zipkero/XcodeProjects/ResourceRunner
    

SwiftCompile normal arm64 Compiling\ AppDelegate.swift,\ ApplicationCoordinator.swift,\ ApplicationIconCache.swift,\ ApplicationRanking.swift /Users/zipkero/XcodeProjects/ResourceRunner/ResourceRunner/AppDelegate.swift /Users/zipkero/XcodeProjects/ResourceRunner/ResourceRunner/ApplicationCoordinator.swift /Users/zipkero/XcodeProjects/ResourceRunner/ResourceRunner/ApplicationIconCache.swift /Users/zipkero/XcodeProjects/ResourceRunner/ResourceRunner/ApplicationRanking.swift (in target 'ResourceRunner' from project 'ResourceRunner')
SwiftCompile normal arm64 /Users/zipkero/XcodeProjects/ResourceRunner/ResourceRunner/AppDelegate.swift (in target 'ResourceRunner' from project 'ResourceRunner')
    cd /Users/zipkero/XcodeProjects/ResourceRunner
    

SwiftCompile normal arm64 /Users/zipkero/XcodeProjects/ResourceRunner/ResourceRunner/ApplicationCoordinator.swift (in target 'ResourceRunner' from project 'ResourceRunner')
    cd /Users/zipkero/XcodeProjects/ResourceRunner
    

SwiftCompile normal arm64 /Users/zipkero/XcodeProjects/ResourceRunner/ResourceRunner/ApplicationIconCache.swift (in target 'ResourceRunner' from project 'ResourceRunner')
    cd /Users/zipkero/XcodeProjects/ResourceRunner
    

SwiftCompile normal arm64 /Users/zipkero/XcodeProjects/ResourceRunner/ResourceRunner/ApplicationRanking.swift (in target 'ResourceRunner' from project 'ResourceRunner')
    cd /Users/zipkero/XcodeProjects/ResourceRunner
    

SwiftCompile normal arm64 Compiling\ ApplicationRowIcon.swift,\ AuxiliaryCollectionScheduler.swift,\ CharacterStateSource.swift,\ CollectionAdmission.swift /Users/zipkero/XcodeProjects/ResourceRunner/ResourceRunner/ApplicationRowIcon.swift /Users/zipkero/XcodeProjects/ResourceRunner/ResourceRunner/AuxiliaryCollectionScheduler.swift /Users/zipkero/XcodeProjects/ResourceRunner/ResourceRunner/CharacterStateSource.swift /Users/zipkero/XcodeProjects/ResourceRunner/ResourceRunner/CollectionAdmission.swift (in target 'ResourceRunner' from project 'ResourceRunner')

SwiftCompile normal arm64 /Users/zipkero/XcodeProjects/ResourceRunner/ResourceRunner/ApplicationRowIcon.swift (in target 'ResourceRunner' from project 'ResourceRunner')
    cd /Users/zipkero/XcodeProjects/ResourceRunner
    

SwiftCompile normal arm64 /Users/zipkero/XcodeProjects/ResourceRunner/ResourceRunner/AuxiliaryCollectionScheduler.swift (in target 'ResourceRunner' from project 'ResourceRunner')
    cd /Users/zipkero/XcodeProjects/ResourceRunner
    

SwiftCompile normal arm64 /Users/zipkero/XcodeProjects/ResourceRunner/ResourceRunner/CharacterStateSource.swift (in target 'ResourceRunner' from project 'ResourceRunner')
    cd /Users/zipkero/XcodeProjects/ResourceRunner
    

SwiftCompile normal arm64 /Users/zipkero/XcodeProjects/ResourceRunner/ResourceRunner/CollectionAdmission.swift (in target 'ResourceRunner' from project 'ResourceRunner')
    cd /Users/zipkero/XcodeProjects/ResourceRunner
    

SwiftCompile normal arm64 Compiling\ DashboardPresentationStore.swift,\ DashboardStyle.swift,\ DashboardView.swift /Users/zipkero/XcodeProjects/ResourceRunner/ResourceRunner/DashboardPresentationStore.swift /Users/zipkero/XcodeProjects/ResourceRunner/ResourceRunner/DashboardStyle.swift /Users/zipkero/XcodeProjects/ResourceRunner/ResourceRunner/DashboardView.swift (in target 'ResourceRunner' from project 'ResourceRunner')

SwiftCompile normal arm64 /Users/zipkero/XcodeProjects/ResourceRunner/ResourceRunner/DashboardPresentationStore.swift (in target 'ResourceRunner' from project 'ResourceRunner')
    cd /Users/zipkero/XcodeProjects/ResourceRunner
    

SwiftCompile normal arm64 /Users/zipkero/XcodeProjects/ResourceRunner/ResourceRunner/DashboardStyle.swift (in target 'ResourceRunner' from project 'ResourceRunner')
    cd /Users/zipkero/XcodeProjects/ResourceRunner
    

SwiftCompile normal arm64 /Users/zipkero/XcodeProjects/ResourceRunner/ResourceRunner/DashboardView.swift (in target 'ResourceRunner' from project 'ResourceRunner')
    cd /Users/zipkero/XcodeProjects/ResourceRunner
    
/Users/zipkero/XcodeProjects/ResourceRunner/ResourceRunner/DashboardView.swift:205:17: warning: '+' was deprecated in macOS 26.0: Use string interpolation on `Text` instead: `Text("Hello \(name)")`
                + Text("\(Int(lastKnown.presentation.overallUsage.rounded()))\(CPUCardPresentation.overallUsageUnitLabel)")
                ^
/Users/zipkero/XcodeProjects/ResourceRunner/ResourceRunner/DashboardView.swift:212:17: warning: '+' was deprecated in macOS 26.0: Use string interpolation on `Text` instead: `Text("Hello \(name)")`
                + Text("\(Int(lastKnown.presentation.overallUsage.rounded()))\(CPUCardPresentation.overallUsageUnitLabel)")
                ^
/Users/zipkero/XcodeProjects/ResourceRunner/ResourceRunner/DashboardView.swift:242:29: warning: '+' was deprecated in macOS 26.0: Use string interpolation on `Text` instead: `Text("Hello \(name)")`
                            + Text(entry.valueText).dashboardTypography(DashboardStyle.TypographyRole.value)
                            ^
/Users/zipkero/XcodeProjects/ResourceRunner/ResourceRunner/DashboardView.swift:414:17: warning: '+' was deprecated in macOS 26.0: Use string interpolation on `Text` instead: `Text("Hello \(name)")`
                + Text(" / \(DashboardValueColumn.byteText(presentation.totalPhysicalBytes))")
                ^
/Users/zipkero/XcodeProjects/ResourceRunner/ResourceRunner/DashboardView.swift:421:17: warning: '+' was deprecated in macOS 26.0: Use string interpolation on `Text` instead: `Text("Hello \(name)")`
                + Text(DashboardValueColumn.byteText(lastKnown.presentation.usedBytes))
                ^
/Users/zipkero/XcodeProjects/ResourceRunner/ResourceRunner/DashboardView.swift:428:17: warning: '+' was deprecated in macOS 26.0: Use string interpolation on `Text` instead: `Text("Hello \(name)")`
                + Text(DashboardValueColumn.byteText(lastKnown.presentation.usedBytes))
                ^
/Users/zipkero/XcodeProjects/ResourceRunner/ResourceRunner/DashboardView.swift:453:29: warning: '+' was deprecated in macOS 26.0: Use string interpolation on `Text` instead: `Text("Hello \(name)")`
                return line + Text(Image(systemName: name))
                            ^
/Users/zipkero/XcodeProjects/ResourceRunner/ResourceRunner/DashboardView.swift:455:29: warning: '+' was deprecated in macOS 26.0: Use string interpolation on `Text` instead: `Text("Hello \(name)")`
                return line + Text(" \(text)")
                            ^
/Users/zipkero/XcodeProjects/ResourceRunner/ResourceRunner/DashboardView.swift:457:29: warning: '+' was deprecated in macOS 26.0: Use string interpolation on `Text` instead: `Text("Hello \(name)")`
                return line + Text(" · ")
/Users/zipkero/XcodeProjects/ResourceRunner/ResourceRunner/DashboardView.swift:459:29: warning: '+' was deprecated in macOS 26.0: Use string interpolation on `Text` instead: `Text("Hello \(name)")`
                return line + Text("Swap \(text)")
                            ^
/Users/zipkero/XcodeProjects/ResourceRunner/ResourceRunner/DashboardView.swift:461:29: warning: '+' was deprecated in macOS 26.0: Use string interpolation on `Text` instead: `Text("Hello \(name)")`
                return line + Text(" (\(text))")
                            ^
/Users/zipkero/XcodeProjects/ResourceRunner/ResourceRunner/DashboardView.swift:463:29: warning: '+' was deprecated in macOS 26.0: Use string interpolation on `Text` instead: `Text("Hello \(name)")`
                return line + Text("구성 \(text)")
/Users/zipkero/XcodeProjects/ResourceRunner/ResourceRunner/DashboardView.swift:483:29: warning: '+' was deprecated in macOS 26.0: Use string interpolation on `Text` instead: `Text("Hello \(name)")`
                return line + Text(Image(systemName: "square.fill"))
                            ^
/Users/zipkero/XcodeProjects/ResourceRunner/ResourceRunner/DashboardView.swift:486:29: warning: '+' was deprecated in macOS 26.0: Use string interpolation on `Text` instead: `Text("Hello \(name)")`
                return line + Text(" \(text)")
                            ^
/Users/zipkero/XcodeProjects/ResourceRunner/ResourceRunner/DashboardView.swift:488:29: warning: '+' was deprecated in macOS 26.0: Use string interpolation on `Text` instead: `Text("Hello \(name)")`
                return line + Text("  ")
                            ^
/Users/zipkero/XcodeProjects/ResourceRunner/ResourceRunner/DashboardView.swift:1137:25: warning: '+' was deprecated in macOS 26.0: Use string interpolation on `Text` instead: `Text("Hello \(name)")`
                        + Text("\(fmt(load.oneMinute)) / \(fmt(load.fiveMinutes)) / \(fmt(load.fifteenMinutes))")
                        ^

SwiftCompile normal arm64 Compiling\ MemorySystemMetricsCollector.swift,\ MonitoringLifecycle.swift,\ MonitoringSampleStore.swift /Users/zipkero/XcodeProjects/ResourceRunner/ResourceRunner/MemorySystemMetricsCollector.swift /Users/zipkero/XcodeProjects/ResourceRunner/ResourceRunner/MonitoringLifecycle.swift /Users/zipkero/XcodeProjects/ResourceRunner/ResourceRunner/MonitoringSampleStore.swift (in target 'ResourceRunner' from project 'ResourceRunner')

SwiftCompile normal arm64 /Users/zipkero/XcodeProjects/ResourceRunner/ResourceRunner/MemorySystemMetricsCollector.swift (in target 'ResourceRunner' from project 'ResourceRunner')
    cd /Users/zipkero/XcodeProjects/ResourceRunner
    

SwiftCompile normal arm64 /Users/zipkero/XcodeProjects/ResourceRunner/ResourceRunner/MonitoringLifecycle.swift (in target 'ResourceRunner' from project 'ResourceRunner')
    cd /Users/zipkero/XcodeProjects/ResourceRunner
    

SwiftCompile normal arm64 /Users/zipkero/XcodeProjects/ResourceRunner/ResourceRunner/MonitoringSampleStore.swift (in target 'ResourceRunner' from project 'ResourceRunner')
    cd /Users/zipkero/XcodeProjects/ResourceRunner
    

SwiftCompile normal arm64 Compiling\ CollectionDeliveryStore.swift,\ CollectionPipelines.swift,\ CPUActivityStateEvaluator.swift /Users/zipkero/XcodeProjects/ResourceRunner/ResourceRunner/CollectionDeliveryStore.swift /Users/zipkero/XcodeProjects/ResourceRunner/ResourceRunner/CollectionPipelines.swift /Users/zipkero/XcodeProjects/ResourceRunner/ResourceRunner/CPUActivityStateEvaluator.swift (in target 'ResourceRunner' from project 'ResourceRunner')

SwiftCompile normal arm64 /Users/zipkero/XcodeProjects/ResourceRunner/ResourceRunner/CollectionDeliveryStore.swift (in target 'ResourceRunner' from project 'ResourceRunner')
    cd /Users/zipkero/XcodeProjects/ResourceRunner
    

SwiftCompile normal arm64 /Users/zipkero/XcodeProjects/ResourceRunner/ResourceRunner/CollectionPipelines.swift (in target 'ResourceRunner' from project 'ResourceRunner')
    cd /Users/zipkero/XcodeProjects/ResourceRunner
    

SwiftCompile normal arm64 /Users/zipkero/XcodeProjects/ResourceRunner/ResourceRunner/CPUActivityStateEvaluator.swift (in target 'ResourceRunner' from project 'ResourceRunner')
    cd /Users/zipkero/XcodeProjects/ResourceRunner
    

SwiftCompile normal arm64 Compiling\ MonitoringScheduler.swift,\ NetworkActivity.swift,\ NetworkMetadata.swift /Users/zipkero/XcodeProjects/ResourceRunner/ResourceRunner/MonitoringScheduler.swift /Users/zipkero/XcodeProjects/ResourceRunner/ResourceRunner/NetworkActivity.swift /Users/zipkero/XcodeProjects/ResourceRunner/ResourceRunner/NetworkMetadata.swift (in target 'ResourceRunner' from project 'ResourceRunner')

SwiftCompile normal arm64 /Users/zipkero/XcodeProjects/ResourceRunner/ResourceRunner/MonitoringScheduler.swift (in target 'ResourceRunner' from project 'ResourceRunner')
    cd /Users/zipkero/XcodeProjects/ResourceRunner
    

SwiftCompile normal arm64 /Users/zipkero/XcodeProjects/ResourceRunner/ResourceRunner/NetworkActivity.swift (in target 'ResourceRunner' from project 'ResourceRunner')
    cd /Users/zipkero/XcodeProjects/ResourceRunner
    

SwiftCompile normal arm64 /Users/zipkero/XcodeProjects/ResourceRunner/ResourceRunner/NetworkMetadata.swift (in target 'ResourceRunner' from project 'ResourceRunner')
    cd /Users/zipkero/XcodeProjects/ResourceRunner
    

SwiftCompile normal arm64 Compiling\ ProcessSurvey.swift,\ ProcessSurveyCollector.swift,\ ProcessSurveySampleSource.swift /Users/zipkero/XcodeProjects/ResourceRunner/ResourceRunner/ProcessSurvey.swift /Users/zipkero/XcodeProjects/ResourceRunner/ResourceRunner/ProcessSurveyCollector.swift /Users/zipkero/XcodeProjects/ResourceRunner/ResourceRunner/ProcessSurveySampleSource.swift (in target 'ResourceRunner' from project 'ResourceRunner')

SwiftCompile normal arm64 /Users/zipkero/XcodeProjects/ResourceRunner/ResourceRunner/ProcessSurvey.swift (in target 'ResourceRunner' from project 'ResourceRunner')
    cd /Users/zipkero/XcodeProjects/ResourceRunner
    

SwiftCompile normal arm64 /Users/zipkero/XcodeProjects/ResourceRunner/ResourceRunner/ProcessSurveyCollector.swift (in target 'ResourceRunner' from project 'ResourceRunner')
    cd /Users/zipkero/XcodeProjects/ResourceRunner
    

SwiftCompile normal arm64 /Users/zipkero/XcodeProjects/ResourceRunner/ResourceRunner/ProcessSurveySampleSource.swift (in target 'ResourceRunner' from project 'ResourceRunner')
    cd /Users/zipkero/XcodeProjects/ResourceRunner
    

SwiftDriverJobDiscovery normal arm64 Emitting module for ResourceRunner (in target 'ResourceRunner' from project 'ResourceRunner')

SwiftDriver\ Compilation\ Requirements ResourceRunner normal arm64 com.apple.xcode.tools.swift.compiler (in target 'ResourceRunner' from project 'ResourceRunner')
    cd /Users/zipkero/XcodeProjects/ResourceRunner
    builtin-Swift-Compilation-Requirements -- /Applications/Xcode.app/Contents/Developer/Toolchains/XcodeDefault.xctoolchain/usr/bin/swiftc -module-name ResourceRunner -Onone @/tmp/ResourceRunner-M3-task009-full/Build/Intermediates.noindex/ResourceRunner.build/Debug/ResourceRunner.build/Objects-normal/arm64/ResourceRunner.SwiftFileList -DDEBUG -default-isolation\=MainActor -enable-bare-slash-regex -enable-upcoming-feature DisableOutwardActorInference -enable-upcoming-feature InferSendableFromCaptures -enable-upcoming-feature GlobalActorIsolatedTypesUsability -enable-upcoming-feature MemberImportVisibility -enable-upcoming-feature InferIsolatedConformances -enable-upcoming-feature NonisolatedNonsendingByDefault -enable-experimental-feature DebugDescriptionMacro -sdk /Applications/Xcode.app/Contents/Developer/Platforms/MacOSX.platform/Developer/SDKs/MacOSX26.5.sdk -target arm64-apple-macos26.5 -g -module-cache-path /tmp/ResourceRunner-M3-task009-full/ModuleCache.noindex -Xfrontend -serialize-debugging-options -profile-coverage-mapping -profile-generate -enable-testing -index-store-path /tmp/ResourceRunner-M3-task009-full/Index.noindex/DataStore -Xcc -D_LIBCPP_HARDENING_MODE\=_LIBCPP_HARDENING_MODE_DEBUG -swift-version 5 -I /tmp/ResourceRunner-M3-task009-full/Build/Products/Debug -F /tmp/ResourceRunner-M3-task009-full/Build/Products/Debug -emit-localized-strings -emit-localized-strings-path /tmp/ResourceRunner-M3-task009-full/Build/Intermediates.noindex/ResourceRunner.build/Debug/ResourceRunner.build/Objects-normal/arm64 -c -j14 -enable-batch-mode -incremental -Xcc -ivfsstatcache -Xcc /tmp/ResourceRunner-M3-task009-full/SDKStatCaches.noindex/macosx26.5-25F70-e082c4a02f00227109f4ed75e425c832.sdkstatcache -output-file-map /tmp/ResourceRunner-M3-task009-full/Build/Intermediates.noindex/ResourceRunner.build/Debug/ResourceRunner.build/Objects-normal/arm64/ResourceRunner-OutputFileMap.json -use-frontend-parseable-output -save-temps -no-color-diagnostics -explicit-module-build -module-cache-path /tmp/ResourceRunner-M3-task009-full/Build/Intermediates.noindex/SwiftExplicitPrecompiledModules -clang-scanner-module-cache-path /tmp/ResourceRunner-M3-task009-full/ModuleCache.noindex -sdk-module-cache-path /tmp/ResourceRunner-M3-task009-full/ModuleCache.noindex -serialize-diagnostics -emit-dependencies -emit-module -emit-module-path /tmp/ResourceRunner-M3-task009-full/Build/Intermediates.noindex/ResourceRunner.build/Debug/ResourceRunner.build/Objects-normal/arm64/ResourceRunner.swiftmodule -validate-clang-modules-once -clang-build-session-file /tmp/ResourceRunner-M3-task009-full/ModuleCache.noindex/Session.modulevalidation -Xcc -I/tmp/ResourceRunner-M3-task009-full/Build/Intermediates.noindex/ResourceRunner.build/Debug/ResourceRunner.build/swift-overrides.hmap -emit-const-values -Xfrontend -const-gather-protocols-file -Xfrontend /tmp/ResourceRunner-M3-task009-full/Build/Intermediates.noindex/ResourceRunner.build/Debug/ResourceRunner.build/Objects-normal/arm64/ResourceRunner_const_extract_protocols.json -Xcc -iquote -Xcc /tmp/ResourceRunner-M3-task009-full/Build/Intermediates.noindex/ResourceRunner.build/Debug/ResourceRunner.build/ResourceRunner-generated-files.hmap -Xcc -I/tmp/ResourceRunner-M3-task009-full/Build/Intermediates.noindex/ResourceRunner.build/Debug/ResourceRunner.build/ResourceRunner-own-target-headers.hmap -Xcc -I/tmp/ResourceRunner-M3-task009-full/Build/Intermediates.noindex/ResourceRunner.build/Debug/ResourceRunner.build/ResourceRunner-all-target-headers.hmap -Xcc -iquote -Xcc /tmp/ResourceRunner-M3-task009-full/Build/Intermediates.noindex/ResourceRunner.build/Debug/ResourceRunner.build/ResourceRunner-project-headers.hmap -Xcc -I/tmp/ResourceRunner-M3-task009-full/Build/Products/Debug/include -Xcc -I/tmp/ResourceRunner-M3-task009-full/Build/Intermediates.noindex/ResourceRunner.build/Debug/ResourceRunner.build/DerivedSources-normal/arm64 -Xcc -I/tmp/ResourceRunner-M3-task009-full/Build/Intermediates.noindex/ResourceRunner.build/Debug/ResourceRunner.build/DerivedSources/arm64 -Xcc -I/tmp/ResourceRunner-M3-task009-full/Build/Intermediates.noindex/ResourceRunner.build/Debug/ResourceRunner.build/DerivedSources -Xcc -DDEBUG\=1 -emit-objc-header -emit-objc-header-path /tmp/ResourceRunner-M3-task009-full/Build/Intermediates.noindex/ResourceRunner.build/Debug/ResourceRunner.build/Objects-normal/arm64/ResourceRunner-Swift.h -working-directory /Users/zipkero/XcodeProjects/ResourceRunner -experimental-emit-module-separately -disable-cmo

SwiftDriverJobDiscovery normal arm64 Compiling ProcessSurvey.swift, ProcessSurveyCollector.swift, ProcessSurveySampleSource.swift (in target 'ResourceRunner' from project 'ResourceRunner')

SwiftDriverJobDiscovery normal arm64 Compiling ResourceActivityPresentation.swift, ResourceQuantityFormatter.swift, ResourceRateGraph.swift (in target 'ResourceRunner' from project 'ResourceRunner')

SwiftDriverJobDiscovery normal arm64 Compiling CollectionDeliveryStore.swift, CollectionPipelines.swift, CPUActivityStateEvaluator.swift (in target 'ResourceRunner' from project 'ResourceRunner')

SwiftDriverJobDiscovery normal arm64 Compiling MemorySystemMetricsCollector.swift, MonitoringLifecycle.swift, MonitoringSampleStore.swift (in target 'ResourceRunner' from project 'ResourceRunner')

SwiftMergeGeneratedHeaders /tmp/ResourceRunner-M3-task009-full/Build/Intermediates.noindex/ResourceRunner.build/Debug/ResourceRunner.build/DerivedSources/ResourceRunner-Swift.h /tmp/ResourceRunner-M3-task009-full/Build/Intermediates.noindex/ResourceRunner.build/Debug/ResourceRunner.build/Objects-normal/arm64/ResourceRunner-Swift.h (in target 'ResourceRunner' from project 'ResourceRunner')
    cd /Users/zipkero/XcodeProjects/ResourceRunner
    builtin-swiftHeaderTool -arch arm64 /tmp/ResourceRunner-M3-task009-full/Build/Intermediates.noindex/ResourceRunner.build/Debug/ResourceRunner.build/Objects-normal/arm64/ResourceRunner-Swift.h -o /tmp/ResourceRunner-M3-task009-full/Build/Intermediates.noindex/ResourceRunner.build/Debug/ResourceRunner.build/DerivedSources/ResourceRunner-Swift.h

Copy /tmp/ResourceRunner-M3-task009-full/Build/Products/Debug/ResourceRunner.swiftmodule/arm64-apple-macos.swiftmodule /tmp/ResourceRunner-M3-task009-full/Build/Intermediates.noindex/ResourceRunner.build/Debug/ResourceRunner.build/Objects-normal/arm64/ResourceRunner.swiftmodule (in target 'ResourceRunner' from project 'ResourceRunner')
    cd /Users/zipkero/XcodeProjects/ResourceRunner
    builtin-copy -exclude .DS_Store -exclude CVS -exclude .svn -exclude .git -exclude .hg -resolve-src-symlinks -rename /tmp/ResourceRunner-M3-task009-full/Build/Intermediates.noindex/ResourceRunner.build/Debug/ResourceRunner.build/Objects-normal/arm64/ResourceRunner.swiftmodule /tmp/ResourceRunner-M3-task009-full/Build/Products/Debug/ResourceRunner.swiftmodule/arm64-apple-macos.swiftmodule

Copy /tmp/ResourceRunner-M3-task009-full/Build/Products/Debug/ResourceRunner.swiftmodule/arm64-apple-macos.swiftdoc /tmp/ResourceRunner-M3-task009-full/Build/Intermediates.noindex/ResourceRunner.build/Debug/ResourceRunner.build/Objects-normal/arm64/ResourceRunner.swiftdoc (in target 'ResourceRunner' from project 'ResourceRunner')
    cd /Users/zipkero/XcodeProjects/ResourceRunner
    builtin-copy -exclude .DS_Store -exclude CVS -exclude .svn -exclude .git -exclude .hg -resolve-src-symlinks -rename /tmp/ResourceRunner-M3-task009-full/Build/Intermediates.noindex/ResourceRunner.build/Debug/ResourceRunner.build/Objects-normal/arm64/ResourceRunner.swiftdoc /tmp/ResourceRunner-M3-task009-full/Build/Products/Debug/ResourceRunner.swiftmodule/arm64-apple-macos.swiftdoc

Copy /tmp/ResourceRunner-M3-task009-full/Build/Products/Debug/ResourceRunner.swiftmodule/arm64-apple-macos.abi.json /tmp/ResourceRunner-M3-task009-full/Build/Intermediates.noindex/ResourceRunner.build/Debug/ResourceRunner.build/Objects-normal/arm64/ResourceRunner.abi.json (in target 'ResourceRunner' from project 'ResourceRunner')
    cd /Users/zipkero/XcodeProjects/ResourceRunner
    builtin-copy -exclude .DS_Store -exclude CVS -exclude .svn -exclude .git -exclude .hg -resolve-src-symlinks -rename /tmp/ResourceRunner-M3-task009-full/Build/Intermediates.noindex/ResourceRunner.build/Debug/ResourceRunner.build/Objects-normal/arm64/ResourceRunner.abi.json /tmp/ResourceRunner-M3-task009-full/Build/Products/Debug/ResourceRunner.swiftmodule/arm64-apple-macos.abi.json

Copy /tmp/ResourceRunner-M3-task009-full/Build/Products/Debug/ResourceRunner.swiftmodule/Project/arm64-apple-macos.swiftsourceinfo /tmp/ResourceRunner-M3-task009-full/Build/Intermediates.noindex/ResourceRunner.build/Debug/ResourceRunner.build/Objects-normal/arm64/ResourceRunner.swiftsourceinfo (in target 'ResourceRunner' from project 'ResourceRunner')
    cd /Users/zipkero/XcodeProjects/ResourceRunner
    builtin-copy -exclude .DS_Store -exclude CVS -exclude .svn -exclude .git -exclude .hg -resolve-src-symlinks -rename /tmp/ResourceRunner-M3-task009-full/Build/Intermediates.noindex/ResourceRunner.build/Debug/ResourceRunner.build/Objects-normal/arm64/ResourceRunner.swiftsourceinfo /tmp/ResourceRunner-M3-task009-full/Build/Products/Debug/ResourceRunner.swiftmodule/Project/arm64-apple-macos.swiftsourceinfo

ProcessProductPackaging "" /tmp/ResourceRunner-M3-task009-full/Build/Intermediates.noindex/ResourceRunner.build/Debug/ResourceRunnerUITests.build/ResourceRunnerUITests.xctest.xcent (in target 'ResourceRunnerUITests' from project 'ResourceRunner')
    cd /Users/zipkero/XcodeProjects/ResourceRunner
    
    Entitlements:
    
    {
    "com.apple.application-identifier" = "com.zipkero.ResourceRunnerUITests.xctrunner";
    "com.apple.security.app-sandbox" = 1;
    "com.apple.security.get-task-allow" = 1;
    "com.apple.security.network.client" = 1;
    "com.apple.security.temporary-exception.files.absolute-path.read-only" =     (
        "/"
    );
    "com.apple.security.temporary-exception.mach-lookup.global-name" =     (
        "com.apple.testmanagerd",
        "com.apple.dt.testmanagerd.runner",
        "com.apple.coresymbolicationd",
        "com.apple.coredevice.version",
        "com.apple.coredevice.service",
        "com.apple.remoted"
    );
    "com.apple.security.temporary-exception.mach-lookup.local-name" =     (
        "com.apple.axserver"
    );
    "com.apple.security.temporary-exception.sbpl" =     (
        "(allow hid-control)",
        "(allow signal)"
    );
}
    
    builtin-productPackagingUtility -entitlements -format xml -o /tmp/ResourceRunner-M3-task009-full/Build/Intermediates.noindex/ResourceRunner.build/Debug/ResourceRunnerUITests.build/ResourceRunnerUITests.xctest.xcent

SwiftDriver ResourceRunnerTests normal arm64 com.apple.xcode.tools.swift.compiler (in target 'ResourceRunnerTests' from project 'ResourceRunner')
    cd /Users/zipkero/XcodeProjects/ResourceRunner
    builtin-SwiftDriver -- /Applications/Xcode.app/Contents/Developer/Toolchains/XcodeDefault.xctoolchain/usr/bin/swiftc -module-name ResourceRunnerTests -Onone @/tmp/ResourceRunner-M3-task009-full/Build/Intermediates.noindex/ResourceRunner.build/Debug/ResourceRunnerTests.build/Objects-normal/arm64/ResourceRunnerTests.SwiftFileList -DDEBUG -plugin-path /Applications/Xcode.app/Contents/Developer/Toolchains/XcodeDefault.xctoolchain/usr/lib/swift/host/plugins/testing -enable-bare-slash-regex -enable-upcoming-feature DisableOutwardActorInference -enable-upcoming-feature InferSendableFromCaptures -enable-upcoming-feature GlobalActorIsolatedTypesUsability -enable-upcoming-feature MemberImportVisibility -enable-upcoming-feature InferIsolatedConformances -enable-upcoming-feature NonisolatedNonsendingByDefault -enable-experimental-feature DebugDescriptionMacro -sdk /Applications/Xcode.app/Contents/Developer/Platforms/MacOSX.platform/Developer/SDKs/MacOSX26.5.sdk -target arm64-apple-macos26.5 -g -module-cache-path /tmp/ResourceRunner-M3-task009-full/ModuleCache.noindex -Xfrontend -serialize-debugging-options -profile-coverage-mapping -profile-generate -enable-testing -index-store-path /tmp/ResourceRunner-M3-task009-full/Index.noindex/DataStore -Xcc -D_LIBCPP_HARDENING_MODE\=_LIBCPP_HARDENING_MODE_DEBUG -swift-version 5 -I /tmp/ResourceRunner-M3-task009-full/Build/Products/Debug -Isystem /Applications/Xcode.app/Contents/Developer/Platforms/MacOSX.platform/Developer/usr/lib -F /tmp/ResourceRunner-M3-task009-full/Build/Products/Debug -F /Applications/Xcode.app/Contents/Developer/Platforms/MacOSX.platform/Developer/Library/Frameworks -c -j14 -enable-batch-mode -incremental -Xcc -ivfsstatcache -Xcc /tmp/ResourceRunner-M3-task009-full/SDKStatCaches.noindex/macosx26.5-25F70-e082c4a02f00227109f4ed75e425c832.sdkstatcache -output-file-map /tmp/ResourceRunner-M3-task009-full/Build/Intermediates.noindex/ResourceRunner.build/Debug/ResourceRunnerTests.build/Objects-normal/arm64/ResourceRunnerTests-OutputFileMap.json -use-frontend-parseable-output -save-temps -no-color-diagnostics -explicit-module-build -module-cache-path /tmp/ResourceRunner-M3-task009-full/Build/Intermediates.noindex/SwiftExplicitPrecompiledModules -clang-scanner-module-cache-path /tmp/ResourceRunner-M3-task009-full/ModuleCache.noindex -sdk-module-cache-path /tmp/ResourceRunner-M3-task009-full/ModuleCache.noindex -serialize-diagnostics -emit-dependencies -emit-module -emit-module-path /tmp/ResourceRunner-M3-task009-full/Build/Intermediates.noindex/ResourceRunner.build/Debug/ResourceRunnerTests.build/Objects-normal/arm64/ResourceRunnerTests.swiftmodule -validate-clang-modules-once -clang-build-session-file /tmp/ResourceRunner-M3-task009-full/ModuleCache.noindex/Session.modulevalidation -Xcc -I/tmp/ResourceRunner-M3-task009-full/Build/Intermediates.noindex/ResourceRunner.build/Debug/ResourceRunnerTests.build/swift-overrides.hmap -emit-const-values -Xfrontend -const-gather-protocols-file -Xfrontend /tmp/ResourceRunner-M3-task009-full/Build/Intermediates.noindex/ResourceRunner.build/Debug/ResourceRunnerTests.build/Objects-normal/arm64/ResourceRunnerTests_const_extract_protocols.json -Xcc -iquote -Xcc /tmp/ResourceRunner-M3-task009-full/Build/Intermediates.noindex/ResourceRunner.build/Debug/ResourceRunnerTests.build/ResourceRunnerTests-generated-files.hmap -Xcc -I/tmp/ResourceRunner-M3-task009-full/Build/Intermediates.noindex/ResourceRunner.build/Debug/ResourceRunnerTests.build/ResourceRunnerTests-own-target-headers.hmap -Xcc -I/tmp/ResourceRunner-M3-task009-full/Build/Intermediates.noindex/ResourceRunner.build/Debug/ResourceRunnerTests.build/ResourceRunnerTests-all-target-headers.hmap -Xcc -iquote -Xcc /tmp/ResourceRunner-M3-task009-full/Build/Intermediates.noindex/ResourceRunner.build/Debug/ResourceRunnerTests.build/ResourceRunnerTests-project-headers.hmap -Xcc -I/tmp/ResourceRunner-M3-task009-full/Build/Products/Debug/include -Xcc -I/tmp/ResourceRunner-M3-task009-full/Build/Intermediates.noindex/ResourceRunner.build/Debug/ResourceRunnerTests.build/DerivedSources-normal/arm64 -Xcc -I/tmp/ResourceRunner-M3-task009-full/Build/Intermediates.noindex/ResourceRunner.build/Debug/ResourceRunnerTests.build/DerivedSources/arm64 -Xcc -I/tmp/ResourceRunner-M3-task009-full/Build/Intermediates.noindex/ResourceRunner.build/Debug/ResourceRunnerTests.build/DerivedSources -Xcc -DDEBUG\=1 -emit-objc-header -emit-objc-header-path /tmp/ResourceRunner-M3-task009-full/Build/Intermediates.noindex/ResourceRunner.build/Debug/ResourceRunnerTests.build/Objects-normal/arm64/ResourceRunnerTests-Swift.h -working-directory /Users/zipkero/XcodeProjects/ResourceRunner -experimental-emit-module-separately -disable-cmo

ProcessProductPackagingDER /tmp/ResourceRunner-M3-task009-full/Build/Intermediates.noindex/ResourceRunner.build/Debug/ResourceRunnerUITests.build/ResourceRunnerUITests.xctest.xcent /tmp/ResourceRunner-M3-task009-full/Build/Intermediates.noindex/ResourceRunner.build/Debug/ResourceRunnerUITests.build/ResourceRunnerUITests.xctest.xcent.der (in target 'ResourceRunnerUITests' from project 'ResourceRunner')
    cd /Users/zipkero/XcodeProjects/ResourceRunner
    /usr/bin/derq query -f xml -i /tmp/ResourceRunner-M3-task009-full/Build/Intermediates.noindex/ResourceRunner.build/Debug/ResourceRunnerUITests.build/ResourceRunnerUITests.xctest.xcent -o /tmp/ResourceRunner-M3-task009-full/Build/Intermediates.noindex/ResourceRunner.build/Debug/ResourceRunnerUITests.build/ResourceRunnerUITests.xctest.xcent.der --raw

SwiftDriver ResourceRunnerUITests normal arm64 com.apple.xcode.tools.swift.compiler (in target 'ResourceRunnerUITests' from project 'ResourceRunner')
    cd /Users/zipkero/XcodeProjects/ResourceRunner
    builtin-SwiftDriver -- /Applications/Xcode.app/Contents/Developer/Toolchains/XcodeDefault.xctoolchain/usr/bin/swiftc -module-name ResourceRunnerUITests -Onone @/tmp/ResourceRunner-M3-task009-full/Build/Intermediates.noindex/ResourceRunner.build/Debug/ResourceRunnerUITests.build/Objects-normal/arm64/ResourceRunnerUITests.SwiftFileList -DDEBUG -module-alias Testing\=_Testing_Unavailable -plugin-path /Applications/Xcode.app/Contents/Developer/Toolchains/XcodeDefault.xctoolchain/usr/lib/swift/host/plugins/testing -enable-bare-slash-regex -enable-upcoming-feature DisableOutwardActorInference -enable-upcoming-feature InferSendableFromCaptures -enable-upcoming-feature GlobalActorIsolatedTypesUsability -enable-upcoming-feature MemberImportVisibility -enable-upcoming-feature InferIsolatedConformances -enable-upcoming-feature NonisolatedNonsendingByDefault -enable-experimental-feature DebugDescriptionMacro -sdk /Applications/Xcode.app/Contents/Developer/Platforms/MacOSX.platform/Developer/SDKs/MacOSX26.5.sdk -target arm64-apple-macos26.5 -g -module-cache-path /tmp/ResourceRunner-M3-task009-full/ModuleCache.noindex -Xfrontend -serialize-debugging-options -profile-coverage-mapping -profile-generate -enable-testing -index-store-path /tmp/ResourceRunner-M3-task009-full/Index.noindex/DataStore -Xcc -D_LIBCPP_HARDENING_MODE\=_LIBCPP_HARDENING_MODE_DEBUG -swift-version 5 -I /tmp/ResourceRunner-M3-task009-full/Build/Products/Debug -Isystem /Applications/Xcode.app/Contents/Developer/Platforms/MacOSX.platform/Developer/usr/lib -F /tmp/ResourceRunner-M3-task009-full/Build/Products/Debug -F /Applications/Xcode.app/Contents/Developer/Platforms/MacOSX.platform/Developer/Library/Frameworks -c -j14 -enable-batch-mode -incremental -Xcc -ivfsstatcache -Xcc /tmp/ResourceRunner-M3-task009-full/SDKStatCaches.noindex/macosx26.5-25F70-e082c4a02f00227109f4ed75e425c832.sdkstatcache -output-file-map /tmp/ResourceRunner-M3-task009-full/Build/Intermediates.noindex/ResourceRunner.build/Debug/ResourceRunnerUITests.build/Objects-normal/arm64/ResourceRunnerUITests-OutputFileMap.json -use-frontend-parseable-output -save-temps -no-color-diagnostics -explicit-module-build -module-cache-path /tmp/ResourceRunner-M3-task009-full/Build/Intermediates.noindex/SwiftExplicitPrecompiledModules -clang-scanner-module-cache-path /tmp/ResourceRunner-M3-task009-full/ModuleCache.noindex -sdk-module-cache-path /tmp/ResourceRunner-M3-task009-full/ModuleCache.noindex -serialize-diagnostics -emit-dependencies -emit-module -emit-module-path /tmp/ResourceRunner-M3-task009-full/Build/Intermediates.noindex/ResourceRunner.build/Debug/ResourceRunnerUITests.build/Objects-normal/arm64/ResourceRunnerUITests.swiftmodule -validate-clang-modules-once -clang-build-session-file /tmp/ResourceRunner-M3-task009-full/ModuleCache.noindex/Session.modulevalidation -Xcc -I/tmp/ResourceRunner-M3-task009-full/Build/Intermediates.noindex/ResourceRunner.build/Debug/ResourceRunnerUITests.build/swift-overrides.hmap -emit-const-values -Xfrontend -const-gather-protocols-file -Xfrontend /tmp/ResourceRunner-M3-task009-full/Build/Intermediates.noindex/ResourceRunner.build/Debug/ResourceRunnerUITests.build/Objects-normal/arm64/ResourceRunnerUITests_const_extract_protocols.json -Xcc -iquote -Xcc /tmp/ResourceRunner-M3-task009-full/Build/Intermediates.noindex/ResourceRunner.build/Debug/ResourceRunnerUITests.build/ResourceRunnerUITests-generated-files.hmap -Xcc -I/tmp/ResourceRunner-M3-task009-full/Build/Intermediates.noindex/ResourceRunner.build/Debug/ResourceRunnerUITests.build/ResourceRunnerUITests-own-target-headers.hmap -Xcc -I/tmp/ResourceRunner-M3-task009-full/Build/Intermediates.noindex/ResourceRunner.build/Debug/ResourceRunnerUITests.build/ResourceRunnerUITests-all-target-headers.hmap -Xcc -iquote -Xcc /tmp/ResourceRunner-M3-task009-full/Build/Intermediates.noindex/ResourceRunner.build/Debug/ResourceRunnerUITests.build/ResourceRunnerUITests-project-headers.hmap -Xcc -I/tmp/ResourceRunner-M3-task009-full/Build/Products/Debug/include -Xcc -I/tmp/ResourceRunner-M3-task009-full/Build/Intermediates.noindex/ResourceRunner.build/Debug/ResourceRunnerUITests.build/DerivedSources-normal/arm64 -Xcc -I/tmp/ResourceRunner-M3-task009-full/Build/Intermediates.noindex/ResourceRunner.build/Debug/ResourceRunnerUITests.build/DerivedSources/arm64 -Xcc -I/tmp/ResourceRunner-M3-task009-full/Build/Intermediates.noindex/ResourceRunner.build/Debug/ResourceRunnerUITests.build/DerivedSources -Xcc -DDEBUG\=1 -emit-objc-header -emit-objc-header-path /tmp/ResourceRunner-M3-task009-full/Build/Intermediates.noindex/ResourceRunner.build/Debug/ResourceRunnerUITests.build/Objects-normal/arm64/ResourceRunnerUITests-Swift.h -working-directory /Users/zipkero/XcodeProjects/ResourceRunner -experimental-emit-module-separately -disable-cmo

SwiftDriverJobDiscovery normal arm64 Compiling MonitoringScheduler.swift, NetworkActivity.swift, NetworkMetadata.swift (in target 'ResourceRunner' from project 'ResourceRunner')

SwiftDriverJobDiscovery normal arm64 Compiling DiskActivity.swift, DiskNativeAdapter.swift, DiskTopology.swift (in target 'ResourceRunner' from project 'ResourceRunner')

SwiftDriverJobDiscovery normal arm64 Compiling NetworkNativeAdapter.swift, NetworkTopology.swift, ProcessHistoryStore.swift (in target 'ResourceRunner' from project 'ResourceRunner')

SwiftExplicitDependencyCompileModuleFromInterface arm64 /tmp/ResourceRunner-M3-task009-full/Build/Intermediates.noindex/SwiftExplicitPrecompiledModules/Testing-2R0B5BGOSO1G4.swiftmodule

SwiftDriverJobDiscovery normal arm64 Compiling SystemMetrics.swift, SystemMetricsSampleSource.swift, GeneratedAssetSymbols.swift (in target 'ResourceRunner' from project 'ResourceRunner')

SwiftDriverJobDiscovery normal arm64 Compiling StatusBarController.swift, StorageMetadata.swift, SystemLifecycleObserver.swift (in target 'ResourceRunner' from project 'ResourceRunner')

SwiftDriverJobDiscovery normal arm64 Compiling ApplicationRowIcon.swift, AuxiliaryCollectionScheduler.swift, CharacterStateSource.swift, CollectionAdmission.swift (in target 'ResourceRunner' from project 'ResourceRunner')

SwiftDriverJobDiscovery normal arm64 Compiling CPUSystemMetricsCollector.swift, DashboardColorPalette.swift, DashboardPresentation.swift (in target 'ResourceRunner' from project 'ResourceRunner')

SwiftDriverJobDiscovery normal arm64 Compiling ResourceRateGraphView.swift, ResourceRunnerApp.swift, ResourceTopologyObserver.swift (in target 'ResourceRunner' from project 'ResourceRunner')

SwiftDriverJobDiscovery normal arm64 Compiling DashboardPresentationStore.swift, DashboardStyle.swift, DashboardView.swift (in target 'ResourceRunner' from project 'ResourceRunner')

SwiftDriverJobDiscovery normal arm64 Compiling AppDelegate.swift, ApplicationCoordinator.swift, ApplicationIconCache.swift, ApplicationRanking.swift (in target 'ResourceRunner' from project 'ResourceRunner')

SwiftDriver\ Compilation ResourceRunner normal arm64 com.apple.xcode.tools.swift.compiler (in target 'ResourceRunner' from project 'ResourceRunner')
    cd /Users/zipkero/XcodeProjects/ResourceRunner
    builtin-Swift-Compilation -- /Applications/Xcode.app/Contents/Developer/Toolchains/XcodeDefault.xctoolchain/usr/bin/swiftc -module-name ResourceRunner -Onone @/tmp/ResourceRunner-M3-task009-full/Build/Intermediates.noindex/ResourceRunner.build/Debug/ResourceRunner.build/Objects-normal/arm64/ResourceRunner.SwiftFileList -DDEBUG -default-isolation\=MainActor -enable-bare-slash-regex -enable-upcoming-feature DisableOutwardActorInference -enable-upcoming-feature InferSendableFromCaptures -enable-upcoming-feature GlobalActorIsolatedTypesUsability -enable-upcoming-feature MemberImportVisibility -enable-upcoming-feature InferIsolatedConformances -enable-upcoming-feature NonisolatedNonsendingByDefault -enable-experimental-feature DebugDescriptionMacro -sdk /Applications/Xcode.app/Contents/Developer/Platforms/MacOSX.platform/Developer/SDKs/MacOSX26.5.sdk -target arm64-apple-macos26.5 -g -module-cache-path /tmp/ResourceRunner-M3-task009-full/ModuleCache.noindex -Xfrontend -serialize-debugging-options -profile-coverage-mapping -profile-generate -enable-testing -index-store-path /tmp/ResourceRunner-M3-task009-full/Index.noindex/DataStore -Xcc -D_LIBCPP_HARDENING_MODE\=_LIBCPP_HARDENING_MODE_DEBUG -swift-version 5 -I /tmp/ResourceRunner-M3-task009-full/Build/Products/Debug -F /tmp/ResourceRunner-M3-task009-full/Build/Products/Debug -emit-localized-strings -emit-localized-strings-path /tmp/ResourceRunner-M3-task009-full/Build/Intermediates.noindex/ResourceRunner.build/Debug/ResourceRunner.build/Objects-normal/arm64 -c -j14 -enable-batch-mode -incremental -Xcc -ivfsstatcache -Xcc /tmp/ResourceRunner-M3-task009-full/SDKStatCaches.noindex/macosx26.5-25F70-e082c4a02f00227109f4ed75e425c832.sdkstatcache -output-file-map /tmp/ResourceRunner-M3-task009-full/Build/Intermediates.noindex/ResourceRunner.build/Debug/ResourceRunner.build/Objects-normal/arm64/ResourceRunner-OutputFileMap.json -use-frontend-parseable-output -save-temps -no-color-diagnostics -explicit-module-build -module-cache-path /tmp/ResourceRunner-M3-task009-full/Build/Intermediates.noindex/SwiftExplicitPrecompiledModules -clang-scanner-module-cache-path /tmp/ResourceRunner-M3-task009-full/ModuleCache.noindex -sdk-module-cache-path /tmp/ResourceRunner-M3-task009-full/ModuleCache.noindex -serialize-diagnostics -emit-dependencies -emit-module -emit-module-path /tmp/ResourceRunner-M3-task009-full/Build/Intermediates.noindex/ResourceRunner.build/Debug/ResourceRunner.build/Objects-normal/arm64/ResourceRunner.swiftmodule -validate-clang-modules-once -clang-build-session-file /tmp/ResourceRunner-M3-task009-full/ModuleCache.noindex/Session.modulevalidation -Xcc -I/tmp/ResourceRunner-M3-task009-full/Build/Intermediates.noindex/ResourceRunner.build/Debug/ResourceRunner.build/swift-overrides.hmap -emit-const-values -Xfrontend -const-gather-protocols-file -Xfrontend /tmp/ResourceRunner-M3-task009-full/Build/Intermediates.noindex/ResourceRunner.build/Debug/ResourceRunner.build/Objects-normal/arm64/ResourceRunner_const_extract_protocols.json -Xcc -iquote -Xcc /tmp/ResourceRunner-M3-task009-full/Build/Intermediates.noindex/ResourceRunner.build/Debug/ResourceRunner.build/ResourceRunner-generated-files.hmap -Xcc -I/tmp/ResourceRunner-M3-task009-full/Build/Intermediates.noindex/ResourceRunner.build/Debug/ResourceRunner.build/ResourceRunner-own-target-headers.hmap -Xcc -I/tmp/ResourceRunner-M3-task009-full/Build/Intermediates.noindex/ResourceRunner.build/Debug/ResourceRunner.build/ResourceRunner-all-target-headers.hmap -Xcc -iquote -Xcc /tmp/ResourceRunner-M3-task009-full/Build/Intermediates.noindex/ResourceRunner.build/Debug/ResourceRunner.build/ResourceRunner-project-headers.hmap -Xcc -I/tmp/ResourceRunner-M3-task009-full/Build/Products/Debug/include -Xcc -I/tmp/ResourceRunner-M3-task009-full/Build/Intermediates.noindex/ResourceRunner.build/Debug/ResourceRunner.build/DerivedSources-normal/arm64 -Xcc -I/tmp/ResourceRunner-M3-task009-full/Build/Intermediates.noindex/ResourceRunner.build/Debug/ResourceRunner.build/DerivedSources/arm64 -Xcc -I/tmp/ResourceRunner-M3-task009-full/Build/Intermediates.noindex/ResourceRunner.build/Debug/ResourceRunner.build/DerivedSources -Xcc -DDEBUG\=1 -emit-objc-header -emit-objc-header-path /tmp/ResourceRunner-M3-task009-full/Build/Intermediates.noindex/ResourceRunner.build/Debug/ResourceRunner.build/Objects-normal/arm64/ResourceRunner-Swift.h -working-directory /Users/zipkero/XcodeProjects/ResourceRunner -experimental-emit-module-separately -disable-cmo

Ld /tmp/ResourceRunner-M3-task009-full/Build/Products/Debug/ResourceRunner.app/Contents/MacOS/ResourceRunner.debug.dylib normal (in target 'ResourceRunner' from project 'ResourceRunner')
    cd /Users/zipkero/XcodeProjects/ResourceRunner
    /Applications/Xcode.app/Contents/Developer/Toolchains/XcodeDefault.xctoolchain/usr/bin/clang -Xlinker -reproducible -target arm64-apple-macos26.5 -dynamiclib -isysroot /Applications/Xcode.app/Contents/Developer/Platforms/MacOSX.platform/Developer/SDKs/MacOSX26.5.sdk -O0 -L/tmp/ResourceRunner-M3-task009-full/Build/Intermediates.noindex/EagerLinkingTBDs/Debug -L/tmp/ResourceRunner-M3-task009-full/Build/Products/Debug -F/tmp/ResourceRunner-M3-task009-full/Build/Intermediates.noindex/EagerLinkingTBDs/Debug -F/tmp/ResourceRunner-M3-task009-full/Build/Products/Debug -filelist /tmp/ResourceRunner-M3-task009-full/Build/Intermediates.noindex/ResourceRunner.build/Debug/ResourceRunner.build/Objects-normal/arm64/ResourceRunner.LinkFileList -install_name @rpath/ResourceRunner.debug.dylib -Xlinker -rpath -Xlinker @executable_path/../Frameworks -Xlinker -object_path_lto -Xlinker /tmp/ResourceRunner-M3-task009-full/Build/Intermediates.noindex/ResourceRunner.build/Debug/ResourceRunner.build/Objects-normal/arm64/ResourceRunner_lto.o -rdynamic -Xlinker -no_deduplicate -Xlinker -debug_variant -Xlinker -dependency_info -Xlinker /tmp/ResourceRunner-M3-task009-full/Build/Intermediates.noindex/ResourceRunner.build/Debug/ResourceRunner.build/Objects-normal/arm64/ResourceRunner_dependency_info.dat -fobjc-link-runtime -fprofile-instr-generate -L/Applications/Xcode.app/Contents/Developer/Toolchains/XcodeDefault.xctoolchain/usr/lib/swift/macosx -L/usr/lib/swift -Xlinker -add_ast_path -Xlinker /tmp/ResourceRunner-M3-task009-full/Build/Intermediates.noindex/ResourceRunner.build/Debug/ResourceRunner.build/Objects-normal/arm64/ResourceRunner.swiftmodule @/tmp/ResourceRunner-M3-task009-full/Build/Intermediates.noindex/ResourceRunner.build/Debug/ResourceRunner.build/Objects-normal/arm64/ResourceRunner-linker-args.resp -Xlinker -alias -Xlinker _main -Xlinker ___debug_main_executable_dylib_entry_point -Xlinker -no_adhoc_codesign -o /tmp/ResourceRunner-M3-task009-full/Build/Products/Debug/ResourceRunner.app/Contents/MacOS/ResourceRunner.debug.dylib

SwiftExplicitDependencyGeneratePcm arm64 /tmp/ResourceRunner-M3-task009-full/Build/Intermediates.noindex/SwiftExplicitPrecompiledModules/XCUIAutomation-5TYAQ58ARTUNIRENQ60ZJSJSO.pcm

SwiftExplicitDependencyCompileModuleFromInterface arm64 /tmp/ResourceRunner-M3-task009-full/Build/Intermediates.noindex/SwiftExplicitPrecompiledModules/_Testing_Foundation-2FLYKOSDMV7I2.swiftmodule

SwiftExplicitDependencyCompileModuleFromInterface arm64 /tmp/ResourceRunner-M3-task009-full/Build/Intermediates.noindex/SwiftExplicitPrecompiledModules/_Testing_CoreGraphics-2IGGQTDHTDX9U.swiftmodule

SwiftExplicitDependencyCompileModuleFromInterface arm64 /tmp/ResourceRunner-M3-task009-full/Build/Intermediates.noindex/SwiftExplicitPrecompiledModules/XCUIAutomation-369JLFAADVUQQ.swiftmodule

SwiftExplicitDependencyGeneratePcm arm64 /tmp/ResourceRunner-M3-task009-full/Build/Intermediates.noindex/SwiftExplicitPrecompiledModules/XCTest-3OOLL0IZ8EXKBCOA5CJYVN2EG.pcm

SwiftExplicitDependencyCompileModuleFromInterface arm64 /tmp/ResourceRunner-M3-task009-full/Build/Intermediates.noindex/SwiftExplicitPrecompiledModules/_Testing_AppKit-26ZV7MHPDBDV2.swiftmodule

SwiftExplicitDependencyCompileModuleFromInterface arm64 /tmp/ResourceRunner-M3-task009-full/Build/Intermediates.noindex/SwiftExplicitPrecompiledModules/XCTest-27IXMUE9SC65Y.swiftmodule

SwiftEmitModule normal arm64 Emitting\ module\ for\ ResourceRunnerTests (in target 'ResourceRunnerTests' from project 'ResourceRunner')
EmitSwiftModule normal arm64 (in target 'ResourceRunnerTests' from project 'ResourceRunner')
    cd /Users/zipkero/XcodeProjects/ResourceRunner
    
/Users/zipkero/XcodeProjects/ResourceRunner/ResourceRunnerTests/DashboardCardLayoutTests.swift:235:5: warning: 'nonisolated(unsafe)' is unnecessary for a constant with 'Sendable' type '[NSColor]', consider removing it
    nonisolated(unsafe) static let candidates: [NSColor] = resolvedInBothAppearances(DashboardStyle.CardSurface.fillColor)
    ^~~~~~~~~~~~~~~~~~~~
    
/Users/zipkero/XcodeProjects/ResourceRunner/ResourceRunnerTests/DashboardCardLayoutTests.swift:239:5: warning: 'nonisolated(unsafe)' is unnecessary for a constant with 'Sendable' type '[NSColor]', consider removing it
    nonisolated(unsafe) static let candidates: [NSColor] = resolvedInBothAppearances(DashboardColorPalette.graphPlotSurface)
    ^~~~~~~~~~~~~~~~~~~~
    
/Users/zipkero/XcodeProjects/ResourceRunner/ResourceRunnerTests/SystemLifecycleObserverTests.swift:43:21: warning: class 'OrderTrackingNotificationCenter' must restate inherited '@unchecked Sendable' conformance
private final class OrderTrackingNotificationCenter: NotificationCenter {
                    ^
                                                                       , @unchecked Sendable

SwiftCompile normal arm64 Compiling\ ResourceActivityPresentationTests.swift,\ ResourceRateGraphRenderingTests.swift,\ ResourceRateGraphTests.swift /Users/zipkero/XcodeProjects/ResourceRunner/ResourceRunnerTests/ResourceActivityPresentationTests.swift /Users/zipkero/XcodeProjects/ResourceRunner/ResourceRunnerTests/ResourceRateGraphRenderingTests.swift /Users/zipkero/XcodeProjects/ResourceRunner/ResourceRunnerTests/ResourceRateGraphTests.swift (in target 'ResourceRunnerTests' from project 'ResourceRunner')
SwiftCompile normal arm64 /Users/zipkero/XcodeProjects/ResourceRunner/ResourceRunnerTests/ResourceActivityPresentationTests.swift (in target 'ResourceRunnerTests' from project 'ResourceRunner')
    cd /Users/zipkero/XcodeProjects/ResourceRunner
    

SwiftCompile normal arm64 /Users/zipkero/XcodeProjects/ResourceRunner/ResourceRunnerTests/ResourceRateGraphRenderingTests.swift (in target 'ResourceRunnerTests' from project 'ResourceRunner')
    cd /Users/zipkero/XcodeProjects/ResourceRunner
    

SwiftCompile normal arm64 /Users/zipkero/XcodeProjects/ResourceRunner/ResourceRunnerTests/ResourceRateGraphTests.swift (in target 'ResourceRunnerTests' from project 'ResourceRunner')
    cd /Users/zipkero/XcodeProjects/ResourceRunner
    

SwiftCompile normal arm64 Compiling\ ResourceRunnerTests.swift,\ StatusBarControllerTests.swift /Users/zipkero/XcodeProjects/ResourceRunner/ResourceRunnerTests/ResourceRunnerTests.swift /Users/zipkero/XcodeProjects/ResourceRunner/ResourceRunnerTests/StatusBarControllerTests.swift (in target 'ResourceRunnerTests' from project 'ResourceRunner')

SwiftCompile normal arm64 /Users/zipkero/XcodeProjects/ResourceRunner/ResourceRunnerTests/ResourceRunnerTests.swift (in target 'ResourceRunnerTests' from project 'ResourceRunner')
    cd /Users/zipkero/XcodeProjects/ResourceRunner
    

SwiftCompile normal arm64 /Users/zipkero/XcodeProjects/ResourceRunner/ResourceRunnerTests/StatusBarControllerTests.swift (in target 'ResourceRunnerTests' from project 'ResourceRunner')
    cd /Users/zipkero/XcodeProjects/ResourceRunner
    

SwiftCompile normal arm64 Compiling\ MemoryCompositionDetailTests.swift,\ MemoryCompositionTests.swift,\ MonitoringLifecycleTests.swift /Users/zipkero/XcodeProjects/ResourceRunner/ResourceRunnerTests/MemoryCompositionDetailTests.swift /Users/zipkero/XcodeProjects/ResourceRunner/ResourceRunnerTests/MemoryCompositionTests.swift /Users/zipkero/XcodeProjects/ResourceRunner/ResourceRunnerTests/MonitoringLifecycleTests.swift (in target 'ResourceRunnerTests' from project 'ResourceRunner')
SwiftCompile normal arm64 /Users/zipkero/XcodeProjects/ResourceRunner/ResourceRunnerTests/MemoryCompositionDetailTests.swift (in target 'ResourceRunnerTests' from project 'ResourceRunner')
    cd /Users/zipkero/XcodeProjects/ResourceRunner
    
/Users/zipkero/XcodeProjects/ResourceRunner/ResourceRunnerTests/MonitoringLifecycleTests.swift:111:14: warning: instance method 'lock' is unavailable from asynchronous contexts; Use async-safe scoped locking instead; this is an error in the Swift 6 language mode
        lock.lock()
             ^
Foundation.NSLock.lock:2:11: note: 'lock()' declared here
open func lock()}
          ^
/Users/zipkero/XcodeProjects/ResourceRunner/ResourceRunnerTests/MonitoringLifecycleTests.swift:115:14: warning: instance method 'unlock' is unavailable from asynchronous contexts; Use async-safe scoped locking instead; this is an error in the Swift 6 language mode
        lock.unlock()
             ^
Foundation.NSLock.unlock:2:11: note: 'unlock()' declared here
open func unlock()}
          ^

SwiftCompile normal arm64 /Users/zipkero/XcodeProjects/ResourceRunner/ResourceRunnerTests/MemoryCompositionTests.swift (in target 'ResourceRunnerTests' from project 'ResourceRunner')
    cd /Users/zipkero/XcodeProjects/ResourceRunner
    
/Users/zipkero/XcodeProjects/ResourceRunner/ResourceRunnerTests/MonitoringLifecycleTests.swift:111:14: warning: instance method 'lock' is unavailable from asynchronous contexts; Use async-safe scoped locking instead; this is an error in the Swift 6 language mode
        lock.lock()
             ^
Foundation.NSLock.lock:2:11: note: 'lock()' declared here
open func lock()}
          ^
/Users/zipkero/XcodeProjects/ResourceRunner/ResourceRunnerTests/MonitoringLifecycleTests.swift:115:14: warning: instance method 'unlock' is unavailable from asynchronous contexts; Use async-safe scoped locking instead; this is an error in the Swift 6 language mode
        lock.unlock()
             ^
Foundation.NSLock.unlock:2:11: note: 'unlock()' declared here
open func unlock()}
          ^

SwiftCompile normal arm64 /Users/zipkero/XcodeProjects/ResourceRunner/ResourceRunnerTests/MonitoringLifecycleTests.swift (in target 'ResourceRunnerTests' from project 'ResourceRunner')
    cd /Users/zipkero/XcodeProjects/ResourceRunner
    
/Users/zipkero/XcodeProjects/ResourceRunner/ResourceRunnerTests/MonitoringLifecycleTests.swift:111:14: warning: instance method 'lock' is unavailable from asynchronous contexts; Use async-safe scoped locking instead; this is an error in the Swift 6 language mode
        lock.lock()
             ^
Foundation.NSLock.lock:2:11: note: 'lock()' declared here
open func lock()}
          ^
/Users/zipkero/XcodeProjects/ResourceRunner/ResourceRunnerTests/MonitoringLifecycleTests.swift:115:14: warning: instance method 'unlock' is unavailable from asynchronous contexts; Use async-safe scoped locking instead; this is an error in the Swift 6 language mode
        lock.unlock()
             ^
Foundation.NSLock.unlock:2:11: note: 'unlock()' declared here
open func unlock()}
          ^

SwiftCompile normal arm64 Compiling\ DetailPopoverValuelessStateTests.swift,\ DiskActivityTests.swift,\ DiskNativeAdapterTests.swift /Users/zipkero/XcodeProjects/ResourceRunner/ResourceRunnerTests/DetailPopoverValuelessStateTests.swift /Users/zipkero/XcodeProjects/ResourceRunner/ResourceRunnerTests/DiskActivityTests.swift /Users/zipkero/XcodeProjects/ResourceRunner/ResourceRunnerTests/DiskNativeAdapterTests.swift (in target 'ResourceRunnerTests' from project 'ResourceRunner')

SwiftCompile normal arm64 /Users/zipkero/XcodeProjects/ResourceRunner/ResourceRunnerTests/DetailPopoverValuelessStateTests.swift (in target 'ResourceRunnerTests' from project 'ResourceRunner')
    cd /Users/zipkero/XcodeProjects/ResourceRunner
    

SwiftCompile normal arm64 /Users/zipkero/XcodeProjects/ResourceRunner/ResourceRunnerTests/DiskActivityTests.swift (in target 'ResourceRunnerTests' from project 'ResourceRunner')
    cd /Users/zipkero/XcodeProjects/ResourceRunner
    

SwiftCompile normal arm64 /Users/zipkero/XcodeProjects/ResourceRunner/ResourceRunnerTests/DiskNativeAdapterTests.swift (in target 'ResourceRunnerTests' from project 'ResourceRunner')
    cd /Users/zipkero/XcodeProjects/ResourceRunner
    

SwiftCompile normal arm64 Compiling\ CPUCoreUsageGridTests.swift,\ DashboardCardLayoutTests.swift,\ DashboardColorPaletteTests.swift /Users/zipkero/XcodeProjects/ResourceRunner/ResourceRunnerTests/CPUCoreUsageGridTests.swift /Users/zipkero/XcodeProjects/ResourceRunner/ResourceRunnerTests/DashboardCardLayoutTests.swift /Users/zipkero/XcodeProjects/ResourceRunner/ResourceRunnerTests/DashboardColorPaletteTests.swift (in target 'ResourceRunnerTests' from project 'ResourceRunner')
SwiftCompile normal arm64 /Users/zipkero/XcodeProjects/ResourceRunner/ResourceRunnerTests/CPUCoreUsageGridTests.swift (in target 'ResourceRunnerTests' from project 'ResourceRunner')
    cd /Users/zipkero/XcodeProjects/ResourceRunner
    
@__swiftmacro_19ResourceRunnerTests021CPUDetailViewCoreGridC0V34gridReportsExactlyTheProposedWidth4TestfMp_.swift:16:94: warning: main actor-isolated static property 'unevenAndEvenCoreCounts' cannot be accessed from outside of the actor; this is an error in the Swift 6 language mode
  displayName: "격자가 제안받은 폭을 그대로 되돌린다",traits: [],arguments: {unevenAndEvenCoreCounts},sourceLocation: Testing.SourceLocation(__uncheckedFileID: "ResourceRunnerTests/CPUCoreUsageGridTests.swift", filePath: "/Users/zipkero/XcodeProjects/ResourceRunner/ResourceRunnerTests/CPUCoreUsageGridTests.swift", line: 528, column: 6),
/Users/zipkero/XcodeProjects/ResourceRunner/ResourceRunnerTests/CPUCoreUsageGridTests.swift:528:5: note: in expansion of macro 'Test' on instance method 'gridReportsExactlyTheProposedWidth(coreCount:)' here
    @Test(
    ^~~~~~
/Users/zipkero/XcodeProjects/ResourceRunner/ResourceRunnerTests/CPUCoreUsageGridTests.swift:528:5: note: in expansion of macro 'Test' on instance method 'gridReportsExactlyTheProposedWidth(coreCount:)' here
    @Test(
    ^~~~~~
@__swiftmacro_19ResourceRunnerTests021CPUDetailViewCoreGridC0V045detailPopoverContentWidthStaysExactlyThePopupK04TestfMp_.swift:16:111: warning: main actor-isolated static property 'unevenAndEvenCoreCounts' cannot be accessed from outside of the actor; this is an error in the Swift 6 language mode
  displayName: "상세 팝업 콘텐츠의 폭이 코어 수와 무관하게 400pt다",traits: [],arguments: {unevenAndEvenCoreCounts},sourceLocation: Testing.SourceLocation(__uncheckedFileID: "ResourceRunnerTests/CPUCoreUsageGridTests.swift", filePath: "/Users/zipkero/XcodeProjects/ResourceRunner/ResourceRunnerTests/CPUCoreUsageGridTests.swift", line: 544, column: 6),
/Users/zipkero/XcodeProjects/ResourceRunner/ResourceRunnerTests/CPUCoreUsageGridTests.swift:544:5: note: in expansion of macro 'Test' on instance method 'detailPopoverContentWidthStaysExactlyThePopupWidth(coreCount:)' here
    @Test(
    ^~~~~~
/Users/zipkero/XcodeProjects/ResourceRunner/ResourceRunnerTests/CPUCoreUsageGridTests.swift:544:5: note: in expansion of macro 'Test' on instance method 'detailPopoverContentWidthStaysExactlyThePopupWidth(coreCount:)' here
    @Test(
    ^~~~~~

SwiftCompile normal arm64 /Users/zipkero/XcodeProjects/ResourceRunner/ResourceRunnerTests/DashboardCardLayoutTests.swift (in target 'ResourceRunnerTests' from project 'ResourceRunner')
    cd /Users/zipkero/XcodeProjects/ResourceRunner
    
@__swiftmacro_19ResourceRunnerTests021CPUDetailViewCoreGridC0V34gridReportsExactlyTheProposedWidth4TestfMp_.swift:16:94: warning: main actor-isolated static property 'unevenAndEvenCoreCounts' cannot be accessed from outside of the actor; this is an error in the Swift 6 language mode
  displayName: "격자가 제안받은 폭을 그대로 되돌린다",traits: [],arguments: {unevenAndEvenCoreCounts},sourceLocation: Testing.SourceLocation(__uncheckedFileID: "ResourceRunnerTests/CPUCoreUsageGridTests.swift", filePath: "/Users/zipkero/XcodeProjects/ResourceRunner/ResourceRunnerTests/CPUCoreUsageGridTests.swift", line: 528, column: 6),
/Users/zipkero/XcodeProjects/ResourceRunner/ResourceRunnerTests/CPUCoreUsageGridTests.swift:528:5: note: in expansion of macro 'Test' on instance method 'gridReportsExactlyTheProposedWidth(coreCount:)' here
    @Test(
    ^~~~~~
/Users/zipkero/XcodeProjects/ResourceRunner/ResourceRunnerTests/CPUCoreUsageGridTests.swift:528:5: note: in expansion of macro 'Test' on instance method 'gridReportsExactlyTheProposedWidth(coreCount:)' here
    @Test(
    ^~~~~~
@__swiftmacro_19ResourceRunnerTests021CPUDetailViewCoreGridC0V045detailPopoverContentWidthStaysExactlyThePopupK04TestfMp_.swift:16:111: warning: main actor-isolated static property 'unevenAndEvenCoreCounts' cannot be accessed from outside of the actor; this is an error in the Swift 6 language mode
  displayName: "상세 팝업 콘텐츠의 폭이 코어 수와 무관하게 400pt다",traits: [],arguments: {unevenAndEvenCoreCounts},sourceLocation: Testing.SourceLocation(__uncheckedFileID: "ResourceRunnerTests/CPUCoreUsageGridTests.swift", filePath: "/Users/zipkero/XcodeProjects/ResourceRunner/ResourceRunnerTests/CPUCoreUsageGridTests.swift", line: 544, column: 6),
/Users/zipkero/XcodeProjects/ResourceRunner/ResourceRunnerTests/CPUCoreUsageGridTests.swift:544:5: note: in expansion of macro 'Test' on instance method 'detailPopoverContentWidthStaysExactlyThePopupWidth(coreCount:)' here
    @Test(
    ^~~~~~
/Users/zipkero/XcodeProjects/ResourceRunner/ResourceRunnerTests/CPUCoreUsageGridTests.swift:544:5: note: in expansion of macro 'Test' on instance method 'detailPopoverContentWidthStaysExactlyThePopupWidth(coreCount:)' here
    @Test(
    ^~~~~~
/Users/zipkero/XcodeProjects/ResourceRunner/ResourceRunnerTests/DashboardCardLayoutTests.swift:235:5: warning: 'nonisolated(unsafe)' is unnecessary for a constant with 'Sendable' type '[NSColor]', consider removing it
    nonisolated(unsafe) static let candidates: [NSColor] = resolvedInBothAppearances(DashboardStyle.CardSurface.fillColor)
    ^~~~~~~~~~~~~~~~~~~~
    
/Users/zipkero/XcodeProjects/ResourceRunner/ResourceRunnerTests/DashboardCardLayoutTests.swift:239:5: warning: 'nonisolated(unsafe)' is unnecessary for a constant with 'Sendable' type '[NSColor]', consider removing it
    nonisolated(unsafe) static let candidates: [NSColor] = resolvedInBothAppearances(DashboardColorPalette.graphPlotSurface)
    ^~~~~~~~~~~~~~~~~~~~
    
/Users/zipkero/XcodeProjects/ResourceRunner/ResourceRunnerTests/DashboardCardLayoutTests.swift:352:25: warning: '+' was deprecated in macOS 26.0: Use string interpolation on `Text` instead: `Text("Hello \(name)")`
                        + Text(entry.valueText).dashboardTypography(DashboardStyle.TypographyRole.value)
                        ^
/Users/zipkero/XcodeProjects/ResourceRunner/ResourceRunnerTests/DashboardCardLayoutTests.swift:366:25: warning: '+' was deprecated in macOS 26.0: Use string interpolation on `Text` instead: `Text("Hello \(name)")`
            return line + Text(Image(systemName: "square.fill"))
                        ^
/Users/zipkero/XcodeProjects/ResourceRunner/ResourceRunnerTests/DashboardCardLayoutTests.swift:369:25: warning: '+' was deprecated in macOS 26.0: Use string interpolation on `Text` instead: `Text("Hello \(name)")`
            return line + Text(" \(text)")
                        ^
/Users/zipkero/XcodeProjects/ResourceRunner/ResourceRunnerTests/DashboardCardLayoutTests.swift:371:25: warning: '+' was deprecated in macOS 26.0: Use string interpolation on `Text` instead: `Text("Hello \(name)")`
            return line + Text("  ")
                        ^
/Users/zipkero/XcodeProjects/ResourceRunner/ResourceRunnerTests/DashboardCardLayoutTests.swift:389:25: warning: '+' was deprecated in macOS 26.0: Use string interpolation on `Text` instead: `Text("Hello \(name)")`
            return line + Text(Image(systemName: name))
                        ^
/Users/zipkero/XcodeProjects/ResourceRunner/ResourceRunnerTests/DashboardCardLayoutTests.swift:391:25: warning: '+' was deprecated in macOS 26.0: Use string interpolation on `Text` instead: `Text("Hello \(name)")`
            return line + Text(" \(text)")
                        ^
/Users/zipkero/XcodeProjects/ResourceRunner/ResourceRunnerTests/DashboardCardLayoutTests.swift:393:25: warning: '+' was deprecated in macOS 26.0: Use string interpolation on `Text` instead: `Text("Hello \(name)")`
            return line + Text(" · ")
/Users/zipkero/XcodeProjects/ResourceRunner/ResourceRunnerTests/DashboardCardLayoutTests.swift:395:25: warning: '+' was deprecated in macOS 26.0: Use string interpolation on `Text` instead: `Text("Hello \(name)")`
            return line + Text("Swap \(text)")
                        ^
/Users/zipkero/XcodeProjects/ResourceRunner/ResourceRunnerTests/DashboardCardLayoutTests.swift:397:25: warning: '+' was deprecated in macOS 26.0: Use string interpolation on `Text` instead: `Text("Hello \(name)")`
            return line + Text(" (\(text))")
                        ^
/Users/zipkero/XcodeProjects/ResourceRunner/ResourceRunnerTests/DashboardCardLayoutTests.swift:399:25: warning: '+' was deprecated in macOS 26.0: Use string interpolation on `Text` instead: `Text("Hello \(name)")`
            return line + Text("구성 \(text)")

SwiftCompile normal arm64 /Users/zipkero/XcodeProjects/ResourceRunner/ResourceRunnerTests/DashboardColorPaletteTests.swift (in target 'ResourceRunnerTests' from project 'ResourceRunner')
    cd /Users/zipkero/XcodeProjects/ResourceRunner
    
@__swiftmacro_19ResourceRunnerTests021CPUDetailViewCoreGridC0V34gridReportsExactlyTheProposedWidth4TestfMp_.swift:16:94: warning: main actor-isolated static property 'unevenAndEvenCoreCounts' cannot be accessed from outside of the actor; this is an error in the Swift 6 language mode
  displayName: "격자가 제안받은 폭을 그대로 되돌린다",traits: [],arguments: {unevenAndEvenCoreCounts},sourceLocation: Testing.SourceLocation(__uncheckedFileID: "ResourceRunnerTests/CPUCoreUsageGridTests.swift", filePath: "/Users/zipkero/XcodeProjects/ResourceRunner/ResourceRunnerTests/CPUCoreUsageGridTests.swift", line: 528, column: 6),
/Users/zipkero/XcodeProjects/ResourceRunner/ResourceRunnerTests/CPUCoreUsageGridTests.swift:528:5: note: in expansion of macro 'Test' on instance method 'gridReportsExactlyTheProposedWidth(coreCount:)' here
    @Test(
    ^~~~~~
/Users/zipkero/XcodeProjects/ResourceRunner/ResourceRunnerTests/CPUCoreUsageGridTests.swift:528:5: note: in expansion of macro 'Test' on instance method 'gridReportsExactlyTheProposedWidth(coreCount:)' here
    @Test(
    ^~~~~~
@__swiftmacro_19ResourceRunnerTests021CPUDetailViewCoreGridC0V045detailPopoverContentWidthStaysExactlyThePopupK04TestfMp_.swift:16:111: warning: main actor-isolated static property 'unevenAndEvenCoreCounts' cannot be accessed from outside of the actor; this is an error in the Swift 6 language mode
  displayName: "상세 팝업 콘텐츠의 폭이 코어 수와 무관하게 400pt다",traits: [],arguments: {unevenAndEvenCoreCounts},sourceLocation: Testing.SourceLocation(__uncheckedFileID: "ResourceRunnerTests/CPUCoreUsageGridTests.swift", filePath: "/Users/zipkero/XcodeProjects/ResourceRunner/ResourceRunnerTests/CPUCoreUsageGridTests.swift", line: 544, column: 6),
/Users/zipkero/XcodeProjects/ResourceRunner/ResourceRunnerTests/CPUCoreUsageGridTests.swift:544:5: note: in expansion of macro 'Test' on instance method 'detailPopoverContentWidthStaysExactlyThePopupWidth(coreCount:)' here
    @Test(
    ^~~~~~
/Users/zipkero/XcodeProjects/ResourceRunner/ResourceRunnerTests/CPUCoreUsageGridTests.swift:544:5: note: in expansion of macro 'Test' on instance method 'detailPopoverContentWidthStaysExactlyThePopupWidth(coreCount:)' here
    @Test(
    ^~~~~~

SwiftCompile normal arm64 Compiling\ CPUActivityStateEvaluatorTests.swift,\ CPUCoreGridLayoutTests.swift,\ CPUCoreGridVerticalBudgetTests.swift /Users/zipkero/XcodeProjects/ResourceRunner/ResourceRunnerTests/CPUActivityStateEvaluatorTests.swift /Users/zipkero/XcodeProjects/ResourceRunner/ResourceRunnerTests/CPUCoreGridLayoutTests.swift /Users/zipkero/XcodeProjects/ResourceRunner/ResourceRunnerTests/CPUCoreGridVerticalBudgetTests.swift (in target 'ResourceRunnerTests' from project 'ResourceRunner')

SwiftCompile normal arm64 /Users/zipkero/XcodeProjects/ResourceRunner/ResourceRunnerTests/CPUActivityStateEvaluatorTests.swift (in target 'ResourceRunnerTests' from project 'ResourceRunner')
    cd /Users/zipkero/XcodeProjects/ResourceRunner
    

SwiftCompile normal arm64 /Users/zipkero/XcodeProjects/ResourceRunner/ResourceRunnerTests/CPUCoreGridLayoutTests.swift (in target 'ResourceRunnerTests' from project 'ResourceRunner')
    cd /Users/zipkero/XcodeProjects/ResourceRunner
    

SwiftCompile normal arm64 /Users/zipkero/XcodeProjects/ResourceRunner/ResourceRunnerTests/CPUCoreGridVerticalBudgetTests.swift (in target 'ResourceRunnerTests' from project 'ResourceRunner')
    cd /Users/zipkero/XcodeProjects/ResourceRunner
    

SwiftCompile normal arm64 Compiling\ ApplicationCoordinatorTests.swift,\ ApplicationIconCacheTests.swift,\ ApplicationProcessRowLayoutTests.swift /Users/zipkero/XcodeProjects/ResourceRunner/ResourceRunnerTests/ApplicationCoordinatorTests.swift /Users/zipkero/XcodeProjects/ResourceRunner/ResourceRunnerTests/ApplicationIconCacheTests.swift /Users/zipkero/XcodeProjects/ResourceRunner/ResourceRunnerTests/ApplicationProcessRowLayoutTests.swift (in target 'ResourceRunnerTests' from project 'ResourceRunner')

SwiftCompile normal arm64 /Users/zipkero/XcodeProjects/ResourceRunner/ResourceRunnerTests/ApplicationCoordinatorTests.swift (in target 'ResourceRunnerTests' from project 'ResourceRunner')
    cd /Users/zipkero/XcodeProjects/ResourceRunner
    

SwiftCompile normal arm64 /Users/zipkero/XcodeProjects/ResourceRunner/ResourceRunnerTests/ApplicationIconCacheTests.swift (in target 'ResourceRunnerTests' from project 'ResourceRunner')
    cd /Users/zipkero/XcodeProjects/ResourceRunner
    

SwiftCompile normal arm64 /Users/zipkero/XcodeProjects/ResourceRunner/ResourceRunnerTests/ApplicationProcessRowLayoutTests.swift (in target 'ResourceRunnerTests' from project 'ResourceRunner')
    cd /Users/zipkero/XcodeProjects/ResourceRunner
    

SwiftCompile normal arm64 Compiling\ MonitoringSampleStoreTests.swift,\ NetworkActivityTests.swift,\ NetworkMetadataTests.swift /Users/zipkero/XcodeProjects/ResourceRunner/ResourceRunnerTests/MonitoringSampleStoreTests.swift /Users/zipkero/XcodeProjects/ResourceRunner/ResourceRunnerTests/NetworkActivityTests.swift /Users/zipkero/XcodeProjects/ResourceRunner/ResourceRunnerTests/NetworkMetadataTests.swift (in target 'ResourceRunnerTests' from project 'ResourceRunner')

SwiftCompile normal arm64 /Users/zipkero/XcodeProjects/ResourceRunner/ResourceRunnerTests/MonitoringSampleStoreTests.swift (in target 'ResourceRunnerTests' from project 'ResourceRunner')
    cd /Users/zipkero/XcodeProjects/ResourceRunner
    

SwiftCompile normal arm64 /Users/zipkero/XcodeProjects/ResourceRunner/ResourceRunnerTests/NetworkActivityTests.swift (in target 'ResourceRunnerTests' from project 'ResourceRunner')
    cd /Users/zipkero/XcodeProjects/ResourceRunner
    

SwiftCompile normal arm64 /Users/zipkero/XcodeProjects/ResourceRunner/ResourceRunnerTests/NetworkMetadataTests.swift (in target 'ResourceRunnerTests' from project 'ResourceRunner')
    cd /Users/zipkero/XcodeProjects/ResourceRunner
    

SwiftCompile normal arm64 Compiling\ StorageMetadataTests.swift,\ SystemLifecycleObserverTests.swift /Users/zipkero/XcodeProjects/ResourceRunner/ResourceRunnerTests/StorageMetadataTests.swift /Users/zipkero/XcodeProjects/ResourceRunner/ResourceRunnerTests/SystemLifecycleObserverTests.swift (in target 'ResourceRunnerTests' from project 'ResourceRunner')

SwiftCompile normal arm64 /Users/zipkero/XcodeProjects/ResourceRunner/ResourceRunnerTests/StorageMetadataTests.swift (in target 'ResourceRunnerTests' from project 'ResourceRunner')
    cd /Users/zipkero/XcodeProjects/ResourceRunner
    

SwiftCompile normal arm64 /Users/zipkero/XcodeProjects/ResourceRunner/ResourceRunnerTests/SystemLifecycleObserverTests.swift (in target 'ResourceRunnerTests' from project 'ResourceRunner')
    cd /Users/zipkero/XcodeProjects/ResourceRunner
    
/Users/zipkero/XcodeProjects/ResourceRunner/ResourceRunnerTests/SystemLifecycleObserverTests.swift:43:21: warning: class 'OrderTrackingNotificationCenter' must restate inherited '@unchecked Sendable' conformance
private final class OrderTrackingNotificationCenter: NotificationCenter {
                    ^
                                                                       , @unchecked Sendable
/Users/zipkero/XcodeProjects/ResourceRunner/ResourceRunnerTests/SystemLifecycleObserverTests.swift:212:17: warning: mutation of captured var 'callOrder' in concurrently-executing code; this is an error in the Swift 6 language mode
                callOrder.append("readLowPowerMode")
                ^

SwiftCompile normal arm64 Compiling\ ApplicationRankingTests.swift,\ ApplicationRowIconTests.swift,\ AuxiliaryCollectionSchedulerTests.swift /Users/zipkero/XcodeProjects/ResourceRunner/ResourceRunnerTests/ApplicationRankingTests.swift /Users/zipkero/XcodeProjects/ResourceRunner/ResourceRunnerTests/ApplicationRowIconTests.swift /Users/zipkero/XcodeProjects/ResourceRunner/ResourceRunnerTests/AuxiliaryCollectionSchedulerTests.swift (in target 'ResourceRunnerTests' from project 'ResourceRunner')

SwiftCompile normal arm64 /Users/zipkero/XcodeProjects/ResourceRunner/ResourceRunnerTests/ApplicationRankingTests.swift (in target 'ResourceRunnerTests' from project 'ResourceRunner')
    cd /Users/zipkero/XcodeProjects/ResourceRunner
    
/Users/zipkero/XcodeProjects/ResourceRunner/ResourceRunnerTests/ApplicationRankingTests.swift:1079:31: warning: '#require(_:_:)' is redundant because 'result.first { $0.key.value == "/A" }' never equals 'nil' (from macro 'require')
        let a = try? #require(result.first { $0.key.value == "/A" })
                              ^~~~~~~~~~~~~~~~~~~~~~~~~~~~~~~~~~~~~
@__swiftmacro_19ResourceRunnerTests0034ApplicationRowIconTestsswift_oeBCkfMX59_8_6expectfMf_.swift:1:46: warning: '#require(_:_:)' is redundant because 'provider.icon(for: Self.knownKey)' never equals 'nil' (from macro 'require')
Testing.__checkValue(image === (try #require(provider.icon(for: Self.knownKey))),expression: .__fromSyntaxNode("image === (try #require(provider.icon(for: Self.knownKey)))"),comments: [],isRequired: false,sourceLocation: Testing.SourceLocation.__here()).__expected()
                                             ^~~~~~~~~~~~~~~~~~~~~~~~~~~~~~~~~
/Users/zipkero/XcodeProjects/ResourceRunner/ResourceRunnerTests/ApplicationRowIconTests.swift:60:9: note: in expansion of macro 'expect' here
        #expect(image === (try #require(provider.icon(for: Self.knownKey))))
        ^~~~~~~~~~~~~~~~~~~~~~~~~~~~~~~~~~~~~~~~~~~~~~~~~~~~~~~~~~~~~~~~~~~~
/Users/zipkero/XcodeProjects/ResourceRunner/ResourceRunnerTests/ApplicationRowIconTests.swift:60:9: note: in expansion of macro 'expect' here
        #expect(image === (try #require(provider.icon(for: Self.knownKey))))
        ^~~~~~~~~~~~~~~~~~~~~~~~~~~~~~~~~~~~~~~~~~~~~~~~~~~~~~~~~~~~~~~~~~~~

SwiftCompile normal arm64 /Users/zipkero/XcodeProjects/ResourceRunner/ResourceRunnerTests/ApplicationRowIconTests.swift (in target 'ResourceRunnerTests' from project 'ResourceRunner')
    cd /Users/zipkero/XcodeProjects/ResourceRunner
    
/Users/zipkero/XcodeProjects/ResourceRunner/ResourceRunnerTests/ApplicationRankingTests.swift:1079:31: warning: '#require(_:_:)' is redundant because 'result.first { $0.key.value == "/A" }' never equals 'nil' (from macro 'require')
        let a = try? #require(result.first { $0.key.value == "/A" })
                              ^~~~~~~~~~~~~~~~~~~~~~~~~~~~~~~~~~~~~
@__swiftmacro_19ResourceRunnerTests0034ApplicationRowIconTestsswift_oeBCkfMX59_8_6expectfMf_.swift:1:46: warning: '#require(_:_:)' is redundant because 'provider.icon(for: Self.knownKey)' never equals 'nil' (from macro 'require')
Testing.__checkValue(image === (try #require(provider.icon(for: Self.knownKey))),expression: .__fromSyntaxNode("image === (try #require(provider.icon(for: Self.knownKey)))"),comments: [],isRequired: false,sourceLocation: Testing.SourceLocation.__here()).__expected()
                                             ^~~~~~~~~~~~~~~~~~~~~~~~~~~~~~~~~
/Users/zipkero/XcodeProjects/ResourceRunner/ResourceRunnerTests/ApplicationRowIconTests.swift:60:9: note: in expansion of macro 'expect' here
        #expect(image === (try #require(provider.icon(for: Self.knownKey))))
        ^~~~~~~~~~~~~~~~~~~~~~~~~~~~~~~~~~~~~~~~~~~~~~~~~~~~~~~~~~~~~~~~~~~~
/Users/zipkero/XcodeProjects/ResourceRunner/ResourceRunnerTests/ApplicationRowIconTests.swift:60:9: note: in expansion of macro 'expect' here
        #expect(image === (try #require(provider.icon(for: Self.knownKey))))
        ^~~~~~~~~~~~~~~~~~~~~~~~~~~~~~~~~~~~~~~~~~~~~~~~~~~~~~~~~~~~~~~~~~~~

SwiftCompile normal arm64 /Users/zipkero/XcodeProjects/ResourceRunner/ResourceRunnerTests/AuxiliaryCollectionSchedulerTests.swift (in target 'ResourceRunnerTests' from project 'ResourceRunner')
    cd /Users/zipkero/XcodeProjects/ResourceRunner
    
/Users/zipkero/XcodeProjects/ResourceRunner/ResourceRunnerTests/ApplicationRankingTests.swift:1079:31: warning: '#require(_:_:)' is redundant because 'result.first { $0.key.value == "/A" }' never equals 'nil' (from macro 'require')
        let a = try? #require(result.first { $0.key.value == "/A" })
                              ^~~~~~~~~~~~~~~~~~~~~~~~~~~~~~~~~~~~~
@__swiftmacro_19ResourceRunnerTests0034ApplicationRowIconTestsswift_oeBCkfMX59_8_6expectfMf_.swift:1:46: warning: '#require(_:_:)' is redundant because 'provider.icon(for: Self.knownKey)' never equals 'nil' (from macro 'require')
Testing.__checkValue(image === (try #require(provider.icon(for: Self.knownKey))),expression: .__fromSyntaxNode("image === (try #require(provider.icon(for: Self.knownKey)))"),comments: [],isRequired: false,sourceLocation: Testing.SourceLocation.__here()).__expected()
                                             ^~~~~~~~~~~~~~~~~~~~~~~~~~~~~~~~~
/Users/zipkero/XcodeProjects/ResourceRunner/ResourceRunnerTests/ApplicationRowIconTests.swift:60:9: note: in expansion of macro 'expect' here
        #expect(image === (try #require(provider.icon(for: Self.knownKey))))
        ^~~~~~~~~~~~~~~~~~~~~~~~~~~~~~~~~~~~~~~~~~~~~~~~~~~~~~~~~~~~~~~~~~~~
/Users/zipkero/XcodeProjects/ResourceRunner/ResourceRunnerTests/ApplicationRowIconTests.swift:60:9: note: in expansion of macro 'expect' here
        #expect(image === (try #require(provider.icon(for: Self.knownKey))))
        ^~~~~~~~~~~~~~~~~~~~~~~~~~~~~~~~~~~~~~~~~~~~~~~~~~~~~~~~~~~~~~~~~~~~

SwiftCompile normal arm64 Compiling\ NetworkNativeAdapterTests.swift,\ ProcessHistoryStoreTests.swift,\ ProcessSurveyCollectorTests.swift /Users/zipkero/XcodeProjects/ResourceRunner/ResourceRunnerTests/NetworkNativeAdapterTests.swift /Users/zipkero/XcodeProjects/ResourceRunner/ResourceRunnerTests/ProcessHistoryStoreTests.swift /Users/zipkero/XcodeProjects/ResourceRunner/ResourceRunnerTests/ProcessSurveyCollectorTests.swift (in target 'ResourceRunnerTests' from project 'ResourceRunner')

SwiftCompile normal arm64 /Users/zipkero/XcodeProjects/ResourceRunner/ResourceRunnerTests/NetworkNativeAdapterTests.swift (in target 'ResourceRunnerTests' from project 'ResourceRunner')
    cd /Users/zipkero/XcodeProjects/ResourceRunner
    

SwiftCompile normal arm64 /Users/zipkero/XcodeProjects/ResourceRunner/ResourceRunnerTests/ProcessHistoryStoreTests.swift (in target 'ResourceRunnerTests' from project 'ResourceRunner')
    cd /Users/zipkero/XcodeProjects/ResourceRunner
    

SwiftCompile normal arm64 /Users/zipkero/XcodeProjects/ResourceRunner/ResourceRunnerTests/ProcessSurveyCollectorTests.swift (in target 'ResourceRunnerTests' from project 'ResourceRunner')
    cd /Users/zipkero/XcodeProjects/ResourceRunner
    

SwiftCompile normal arm64 Compiling\ DashboardPresentationTests.swift,\ DashboardValueColumnTests.swift,\ DetailAccessibilityFormattingTests.swift /Users/zipkero/XcodeProjects/ResourceRunner/ResourceRunnerTests/DashboardPresentationTests.swift /Users/zipkero/XcodeProjects/ResourceRunner/ResourceRunnerTests/DashboardValueColumnTests.swift /Users/zipkero/XcodeProjects/ResourceRunner/ResourceRunnerTests/DetailAccessibilityFormattingTests.swift (in target 'ResourceRunnerTests' from project 'ResourceRunner')
SwiftCompile normal arm64 /Users/zipkero/XcodeProjects/ResourceRunner/ResourceRunnerTests/DashboardPresentationTests.swift (in target 'ResourceRunnerTests' from project 'ResourceRunner')
    cd /Users/zipkero/XcodeProjects/ResourceRunner
    

SwiftCompile normal arm64 /Users/zipkero/XcodeProjects/ResourceRunner/ResourceRunnerTests/DashboardValueColumnTests.swift (in target 'ResourceRunnerTests' from project 'ResourceRunner')
    cd /Users/zipkero/XcodeProjects/ResourceRunner
    

SwiftCompile normal arm64 /Users/zipkero/XcodeProjects/ResourceRunner/ResourceRunnerTests/DetailAccessibilityFormattingTests.swift (in target 'ResourceRunnerTests' from project 'ResourceRunner')
    cd /Users/zipkero/XcodeProjects/ResourceRunner
    

ConstructStubExecutorLinkFileList /tmp/ResourceRunner-M3-task009-full/Build/Intermediates.noindex/ResourceRunner.build/Debug/ResourceRunner.build/ResourceRunner-ExecutorLinkFileList-normal-arm64.txt (in target 'ResourceRunner' from project 'ResourceRunner')
    cd /Users/zipkero/XcodeProjects/ResourceRunner
    construct-stub-executor-link-file-list /tmp/ResourceRunner-M3-task009-full/Build/Products/Debug/ResourceRunner.app/Contents/MacOS/ResourceRunner.debug.dylib /Applications/Xcode.app/Contents/Developer/Platforms/MacOSX.platform/Developer/usr/lib/libPreviewsJITStubExecutor_no_swift_entry_point.a /Applications/Xcode.app/Contents/Developer/Platforms/MacOSX.platform/Developer/usr/lib/libPreviewsJITStubExecutor.a --output /tmp/ResourceRunner-M3-task009-full/Build/Intermediates.noindex/ResourceRunner.build/Debug/ResourceRunner.build/ResourceRunner-ExecutorLinkFileList-normal-arm64.txt
note: Using stub executor library with Swift entry point. (in target 'ResourceRunner' from project 'ResourceRunner')

SwiftEmitModule normal arm64 Emitting\ module\ for\ ResourceRunnerUITests (in target 'ResourceRunnerUITests' from project 'ResourceRunner')

EmitSwiftModule normal arm64 (in target 'ResourceRunnerUITests' from project 'ResourceRunner')
    cd /Users/zipkero/XcodeProjects/ResourceRunner
    

Ld /tmp/ResourceRunner-M3-task009-full/Build/Products/Debug/ResourceRunner.app/Contents/MacOS/ResourceRunner normal (in target 'ResourceRunner' from project 'ResourceRunner')
    cd /Users/zipkero/XcodeProjects/ResourceRunner
    /Applications/Xcode.app/Contents/Developer/Toolchains/XcodeDefault.xctoolchain/usr/bin/clang -Xlinker -reproducible -target arm64-apple-macos26.5 -isysroot /Applications/Xcode.app/Contents/Developer/Platforms/MacOSX.platform/Developer/SDKs/MacOSX26.5.sdk -O0 -L/tmp/ResourceRunner-M3-task009-full/Build/Products/Debug -F/tmp/ResourceRunner-M3-task009-full/Build/Products/Debug -Xlinker -rpath -Xlinker @executable_path -Xlinker -rpath -Xlinker @executable_path/../Frameworks -rdynamic -Xlinker -no_deduplicate -Xlinker -debug_variant -e ___debug_blank_executor_main -Xlinker -sectcreate -Xlinker __TEXT -Xlinker __debug_dylib -Xlinker /tmp/ResourceRunner-M3-task009-full/Build/Intermediates.noindex/ResourceRunner.build/Debug/ResourceRunner.build/ResourceRunner-DebugDylibPath-normal-arm64.txt -Xlinker -sectcreate -Xlinker __TEXT -Xlinker __debug_instlnm -Xlinker /tmp/ResourceRunner-M3-task009-full/Build/Intermediates.noindex/ResourceRunner.build/Debug/ResourceRunner.build/ResourceRunner-DebugDylibInstallName-normal-arm64.txt -Xlinker -filelist -Xlinker /tmp/ResourceRunner-M3-task009-full/Build/Intermediates.noindex/ResourceRunner.build/Debug/ResourceRunner.build/ResourceRunner-ExecutorLinkFileList-normal-arm64.txt /tmp/ResourceRunner-M3-task009-full/Build/Products/Debug/ResourceRunner.app/Contents/MacOS/ResourceRunner.debug.dylib -Xlinker -no_adhoc_codesign -o /tmp/ResourceRunner-M3-task009-full/Build/Products/Debug/ResourceRunner.app/Contents/MacOS/ResourceRunner

SwiftDriverJobDiscovery normal arm64 Emitting module for ResourceRunnerUITests (in target 'ResourceRunnerUITests' from project 'ResourceRunner')

SwiftDriver\ Compilation\ Requirements ResourceRunnerUITests normal arm64 com.apple.xcode.tools.swift.compiler (in target 'ResourceRunnerUITests' from project 'ResourceRunner')
    cd /Users/zipkero/XcodeProjects/ResourceRunner
    builtin-Swift-Compilation-Requirements -- /Applications/Xcode.app/Contents/Developer/Toolchains/XcodeDefault.xctoolchain/usr/bin/swiftc -module-name ResourceRunnerUITests -Onone @/tmp/ResourceRunner-M3-task009-full/Build/Intermediates.noindex/ResourceRunner.build/Debug/ResourceRunnerUITests.build/Objects-normal/arm64/ResourceRunnerUITests.SwiftFileList -DDEBUG -module-alias Testing\=_Testing_Unavailable -plugin-path /Applications/Xcode.app/Contents/Developer/Toolchains/XcodeDefault.xctoolchain/usr/lib/swift/host/plugins/testing -enable-bare-slash-regex -enable-upcoming-feature DisableOutwardActorInference -enable-upcoming-feature InferSendableFromCaptures -enable-upcoming-feature GlobalActorIsolatedTypesUsability -enable-upcoming-feature MemberImportVisibility -enable-upcoming-feature InferIsolatedConformances -enable-upcoming-feature NonisolatedNonsendingByDefault -enable-experimental-feature DebugDescriptionMacro -sdk /Applications/Xcode.app/Contents/Developer/Platforms/MacOSX.platform/Developer/SDKs/MacOSX26.5.sdk -target arm64-apple-macos26.5 -g -module-cache-path /tmp/ResourceRunner-M3-task009-full/ModuleCache.noindex -Xfrontend -serialize-debugging-options -profile-coverage-mapping -profile-generate -enable-testing -index-store-path /tmp/ResourceRunner-M3-task009-full/Index.noindex/DataStore -Xcc -D_LIBCPP_HARDENING_MODE\=_LIBCPP_HARDENING_MODE_DEBUG -swift-version 5 -I /tmp/ResourceRunner-M3-task009-full/Build/Products/Debug -Isystem /Applications/Xcode.app/Contents/Developer/Platforms/MacOSX.platform/Developer/usr/lib -F /tmp/ResourceRunner-M3-task009-full/Build/Products/Debug -F /Applications/Xcode.app/Contents/Developer/Platforms/MacOSX.platform/Developer/Library/Frameworks -c -j14 -enable-batch-mode -incremental -Xcc -ivfsstatcache -Xcc /tmp/ResourceRunner-M3-task009-full/SDKStatCaches.noindex/macosx26.5-25F70-e082c4a02f00227109f4ed75e425c832.sdkstatcache -output-file-map /tmp/ResourceRunner-M3-task009-full/Build/Intermediates.noindex/ResourceRunner.build/Debug/ResourceRunnerUITests.build/Objects-normal/arm64/ResourceRunnerUITests-OutputFileMap.json -use-frontend-parseable-output -save-temps -no-color-diagnostics -explicit-module-build -module-cache-path /tmp/ResourceRunner-M3-task009-full/Build/Intermediates.noindex/SwiftExplicitPrecompiledModules -clang-scanner-module-cache-path /tmp/ResourceRunner-M3-task009-full/ModuleCache.noindex -sdk-module-cache-path /tmp/ResourceRunner-M3-task009-full/ModuleCache.noindex -serialize-diagnostics -emit-dependencies -emit-module -emit-module-path /tmp/ResourceRunner-M3-task009-full/Build/Intermediates.noindex/ResourceRunner.build/Debug/ResourceRunnerUITests.build/Objects-normal/arm64/ResourceRunnerUITests.swiftmodule -validate-clang-modules-once -clang-build-session-file /tmp/ResourceRunner-M3-task009-full/ModuleCache.noindex/Session.modulevalidation -Xcc -I/tmp/ResourceRunner-M3-task009-full/Build/Intermediates.noindex/ResourceRunner.build/Debug/ResourceRunnerUITests.build/swift-overrides.hmap -emit-const-values -Xfrontend -const-gather-protocols-file -Xfrontend /tmp/ResourceRunner-M3-task009-full/Build/Intermediates.noindex/ResourceRunner.build/Debug/ResourceRunnerUITests.build/Objects-normal/arm64/ResourceRunnerUITests_const_extract_protocols.json -Xcc -iquote -Xcc /tmp/ResourceRunner-M3-task009-full/Build/Intermediates.noindex/ResourceRunner.build/Debug/ResourceRunnerUITests.build/ResourceRunnerUITests-generated-files.hmap -Xcc -I/tmp/ResourceRunner-M3-task009-full/Build/Intermediates.noindex/ResourceRunner.build/Debug/ResourceRunnerUITests.build/ResourceRunnerUITests-own-target-headers.hmap -Xcc -I/tmp/ResourceRunner-M3-task009-full/Build/Intermediates.noindex/ResourceRunner.build/Debug/ResourceRunnerUITests.build/ResourceRunnerUITests-all-target-headers.hmap -Xcc -iquote -Xcc /tmp/ResourceRunner-M3-task009-full/Build/Intermediates.noindex/ResourceRunner.build/Debug/ResourceRunnerUITests.build/ResourceRunnerUITests-project-headers.hmap -Xcc -I/tmp/ResourceRunner-M3-task009-full/Build/Products/Debug/include -Xcc -I/tmp/ResourceRunner-M3-task009-full/Build/Intermediates.noindex/ResourceRunner.build/Debug/ResourceRunnerUITests.build/DerivedSources-normal/arm64 -Xcc -I/tmp/ResourceRunner-M3-task009-full/Build/Intermediates.noindex/ResourceRunner.build/Debug/ResourceRunnerUITests.build/DerivedSources/arm64 -Xcc -I/tmp/ResourceRunner-M3-task009-full/Build/Intermediates.noindex/ResourceRunner.build/Debug/ResourceRunnerUITests.build/DerivedSources -Xcc -DDEBUG\=1 -emit-objc-header -emit-objc-header-path /tmp/ResourceRunner-M3-task009-full/Build/Intermediates.noindex/ResourceRunner.build/Debug/ResourceRunnerUITests.build/Objects-normal/arm64/ResourceRunnerUITests-Swift.h -working-directory /Users/zipkero/XcodeProjects/ResourceRunner -experimental-emit-module-separately -disable-cmo

SwiftCompile normal arm64 Compiling\ DashboardDetailExpansionUITests.swift /Users/zipkero/XcodeProjects/ResourceRunner/ResourceRunnerUITests/DashboardDetailExpansionUITests.swift (in target 'ResourceRunnerUITests' from project 'ResourceRunner')

SwiftCompile normal arm64 /Users/zipkero/XcodeProjects/ResourceRunner/ResourceRunnerUITests/DashboardDetailExpansionUITests.swift (in target 'ResourceRunnerUITests' from project 'ResourceRunner')
    cd /Users/zipkero/XcodeProjects/ResourceRunner
    

SwiftMergeGeneratedHeaders /tmp/ResourceRunner-M3-task009-full/Build/Intermediates.noindex/ResourceRunner.build/Debug/ResourceRunnerUITests.build/DerivedSources/ResourceRunnerUITests-Swift.h /tmp/ResourceRunner-M3-task009-full/Build/Intermediates.noindex/ResourceRunner.build/Debug/ResourceRunnerUITests.build/Objects-normal/arm64/ResourceRunnerUITests-Swift.h (in target 'ResourceRunnerUITests' from project 'ResourceRunner')
    cd /Users/zipkero/XcodeProjects/ResourceRunner
    builtin-swiftHeaderTool -arch arm64 /tmp/ResourceRunner-M3-task009-full/Build/Intermediates.noindex/ResourceRunner.build/Debug/ResourceRunnerUITests.build/Objects-normal/arm64/ResourceRunnerUITests-Swift.h -o /tmp/ResourceRunner-M3-task009-full/Build/Intermediates.noindex/ResourceRunner.build/Debug/ResourceRunnerUITests.build/DerivedSources/ResourceRunnerUITests-Swift.h

SwiftDriverJobDiscovery normal arm64 Compiling ResourceRunnerTests.swift, StatusBarControllerTests.swift (in target 'ResourceRunnerTests' from project 'ResourceRunner')

Copy /tmp/ResourceRunner-M3-task009-full/Build/Products/Debug/ResourceRunnerUITests.swiftmodule/arm64-apple-macos.swiftmodule /tmp/ResourceRunner-M3-task009-full/Build/Intermediates.noindex/ResourceRunner.build/Debug/ResourceRunnerUITests.build/Objects-normal/arm64/ResourceRunnerUITests.swiftmodule (in target 'ResourceRunnerUITests' from project 'ResourceRunner')
    cd /Users/zipkero/XcodeProjects/ResourceRunner
    builtin-copy -exclude .DS_Store -exclude CVS -exclude .svn -exclude .git -exclude .hg -resolve-src-symlinks -rename /tmp/ResourceRunner-M3-task009-full/Build/Intermediates.noindex/ResourceRunner.build/Debug/ResourceRunnerUITests.build/Objects-normal/arm64/ResourceRunnerUITests.swiftmodule /tmp/ResourceRunner-M3-task009-full/Build/Products/Debug/ResourceRunnerUITests.swiftmodule/arm64-apple-macos.swiftmodule

Copy /tmp/ResourceRunner-M3-task009-full/Build/Products/Debug/ResourceRunnerUITests.swiftmodule/arm64-apple-macos.swiftdoc /tmp/ResourceRunner-M3-task009-full/Build/Intermediates.noindex/ResourceRunner.build/Debug/ResourceRunnerUITests.build/Objects-normal/arm64/ResourceRunnerUITests.swiftdoc (in target 'ResourceRunnerUITests' from project 'ResourceRunner')
    cd /Users/zipkero/XcodeProjects/ResourceRunner
    builtin-copy -exclude .DS_Store -exclude CVS -exclude .svn -exclude .git -exclude .hg -resolve-src-symlinks -rename /tmp/ResourceRunner-M3-task009-full/Build/Intermediates.noindex/ResourceRunner.build/Debug/ResourceRunnerUITests.build/Objects-normal/arm64/ResourceRunnerUITests.swiftdoc /tmp/ResourceRunner-M3-task009-full/Build/Products/Debug/ResourceRunnerUITests.swiftmodule/arm64-apple-macos.swiftdoc

Copy /tmp/ResourceRunner-M3-task009-full/Build/Products/Debug/ResourceRunnerUITests.swiftmodule/arm64-apple-macos.abi.json /tmp/ResourceRunner-M3-task009-full/Build/Intermediates.noindex/ResourceRunner.build/Debug/ResourceRunnerUITests.build/Objects-normal/arm64/ResourceRunnerUITests.abi.json (in target 'ResourceRunnerUITests' from project 'ResourceRunner')
    cd /Users/zipkero/XcodeProjects/ResourceRunner
    builtin-copy -exclude .DS_Store -exclude CVS -exclude .svn -exclude .git -exclude .hg -resolve-src-symlinks -rename /tmp/ResourceRunner-M3-task009-full/Build/Intermediates.noindex/ResourceRunner.build/Debug/ResourceRunnerUITests.build/Objects-normal/arm64/ResourceRunnerUITests.abi.json /tmp/ResourceRunner-M3-task009-full/Build/Products/Debug/ResourceRunnerUITests.swiftmodule/arm64-apple-macos.abi.json

Copy /tmp/ResourceRunner-M3-task009-full/Build/Products/Debug/ResourceRunnerUITests.swiftmodule/Project/arm64-apple-macos.swiftsourceinfo /tmp/ResourceRunner-M3-task009-full/Build/Intermediates.noindex/ResourceRunner.build/Debug/ResourceRunnerUITests.build/Objects-normal/arm64/ResourceRunnerUITests.swiftsourceinfo (in target 'ResourceRunnerUITests' from project 'ResourceRunner')
    cd /Users/zipkero/XcodeProjects/ResourceRunner
    builtin-copy -exclude .DS_Store -exclude CVS -exclude .svn -exclude .git -exclude .hg -resolve-src-symlinks -rename /tmp/ResourceRunner-M3-task009-full/Build/Intermediates.noindex/ResourceRunner.build/Debug/ResourceRunnerUITests.build/Objects-normal/arm64/ResourceRunnerUITests.swiftsourceinfo /tmp/ResourceRunner-M3-task009-full/Build/Products/Debug/ResourceRunnerUITests.swiftmodule/Project/arm64-apple-macos.swiftsourceinfo

SwiftCompile normal arm64 Compiling\ DashboardDetailPopoverUITests.swift /Users/zipkero/XcodeProjects/ResourceRunner/ResourceRunnerUITests/DashboardDetailPopoverUITests.swift (in target 'ResourceRunnerUITests' from project 'ResourceRunner')

SwiftCompile normal arm64 /Users/zipkero/XcodeProjects/ResourceRunner/ResourceRunnerUITests/DashboardDetailPopoverUITests.swift (in target 'ResourceRunnerUITests' from project 'ResourceRunner')
    cd /Users/zipkero/XcodeProjects/ResourceRunner
    

SwiftCompile normal arm64 Compiling\ DashboardCPUCardUITests.swift /Users/zipkero/XcodeProjects/ResourceRunner/ResourceRunnerUITests/DashboardCPUCardUITests.swift (in target 'ResourceRunnerUITests' from project 'ResourceRunner')

SwiftCompile normal arm64 /Users/zipkero/XcodeProjects/ResourceRunner/ResourceRunnerUITests/DashboardCPUCardUITests.swift (in target 'ResourceRunnerUITests' from project 'ResourceRunner')
    cd /Users/zipkero/XcodeProjects/ResourceRunner
    

SwiftDriverJobDiscovery normal arm64 Compiling DashboardDetailExpansionUITests.swift (in target 'ResourceRunnerUITests' from project 'ResourceRunner')

SwiftCompile normal arm64 Compiling\ DashboardCardSelectionUITests.swift /Users/zipkero/XcodeProjects/ResourceRunner/ResourceRunnerUITests/DashboardCardSelectionUITests.swift (in target 'ResourceRunnerUITests' from project 'ResourceRunner')

SwiftCompile normal arm64 /Users/zipkero/XcodeProjects/ResourceRunner/ResourceRunnerUITests/DashboardCardSelectionUITests.swift (in target 'ResourceRunnerUITests' from project 'ResourceRunner')
    cd /Users/zipkero/XcodeProjects/ResourceRunner
    

SwiftCompile normal arm64 Compiling\ ResourceRunnerUITests.swift /Users/zipkero/XcodeProjects/ResourceRunner/ResourceRunnerUITests/ResourceRunnerUITests.swift (in target 'ResourceRunnerUITests' from project 'ResourceRunner')

SwiftCompile normal arm64 /Users/zipkero/XcodeProjects/ResourceRunner/ResourceRunnerUITests/ResourceRunnerUITests.swift (in target 'ResourceRunnerUITests' from project 'ResourceRunner')
    cd /Users/zipkero/XcodeProjects/ResourceRunner
    

SwiftDriverJobDiscovery normal arm64 Compiling DashboardCPUCardUITests.swift (in target 'ResourceRunnerUITests' from project 'ResourceRunner')

SwiftDriverJobDiscovery normal arm64 Compiling DashboardDetailPopoverUITests.swift (in target 'ResourceRunnerUITests' from project 'ResourceRunner')

SwiftCompile normal arm64 Compiling\ OneSessionMonitoringIntegrationUITests.swift /Users/zipkero/XcodeProjects/ResourceRunner/ResourceRunnerUITests/OneSessionMonitoringIntegrationUITests.swift (in target 'ResourceRunnerUITests' from project 'ResourceRunner')

SwiftCompile normal arm64 /Users/zipkero/XcodeProjects/ResourceRunner/ResourceRunnerUITests/OneSessionMonitoringIntegrationUITests.swift (in target 'ResourceRunnerUITests' from project 'ResourceRunner')
    cd /Users/zipkero/XcodeProjects/ResourceRunner
    

SwiftDriverJobDiscovery normal arm64 Compiling ResourceRunnerUITests.swift (in target 'ResourceRunnerUITests' from project 'ResourceRunner')

SwiftCompile normal arm64 Compiling\ DashboardMemoryCardUITests.swift /Users/zipkero/XcodeProjects/ResourceRunner/ResourceRunnerUITests/DashboardMemoryCardUITests.swift (in target 'ResourceRunnerUITests' from project 'ResourceRunner')

SwiftCompile normal arm64 /Users/zipkero/XcodeProjects/ResourceRunner/ResourceRunnerUITests/DashboardMemoryCardUITests.swift (in target 'ResourceRunnerUITests' from project 'ResourceRunner')
    cd /Users/zipkero/XcodeProjects/ResourceRunner
    

SwiftDriverJobDiscovery normal arm64 Compiling DashboardCardSelectionUITests.swift (in target 'ResourceRunnerUITests' from project 'ResourceRunner')

SwiftCompile normal arm64 Compiling\ CPUCoreAccessibilityUITests.swift /Users/zipkero/XcodeProjects/ResourceRunner/ResourceRunnerUITests/CPUCoreAccessibilityUITests.swift (in target 'ResourceRunnerUITests' from project 'ResourceRunner')

SwiftCompile normal arm64 /Users/zipkero/XcodeProjects/ResourceRunner/ResourceRunnerUITests/CPUCoreAccessibilityUITests.swift (in target 'ResourceRunnerUITests' from project 'ResourceRunner')
    cd /Users/zipkero/XcodeProjects/ResourceRunner
    

SwiftDriverJobDiscovery normal arm64 Compiling OneSessionMonitoringIntegrationUITests.swift (in target 'ResourceRunnerUITests' from project 'ResourceRunner')

SwiftCompile normal arm64 Compiling\ StatusItemAccessibilityUITests.swift /Users/zipkero/XcodeProjects/ResourceRunner/ResourceRunnerUITests/StatusItemAccessibilityUITests.swift (in target 'ResourceRunnerUITests' from project 'ResourceRunner')

SwiftCompile normal arm64 /Users/zipkero/XcodeProjects/ResourceRunner/ResourceRunnerUITests/StatusItemAccessibilityUITests.swift (in target 'ResourceRunnerUITests' from project 'ResourceRunner')
    cd /Users/zipkero/XcodeProjects/ResourceRunner
    

SwiftDriverJobDiscovery normal arm64 Compiling DashboardMemoryCardUITests.swift (in target 'ResourceRunnerUITests' from project 'ResourceRunner')

SwiftCompile normal arm64 Compiling\ DashboardProcessListDisplayUITests.swift /Users/zipkero/XcodeProjects/ResourceRunner/ResourceRunnerUITests/DashboardProcessListDisplayUITests.swift (in target 'ResourceRunnerUITests' from project 'ResourceRunner')

SwiftCompile normal arm64 /Users/zipkero/XcodeProjects/ResourceRunner/ResourceRunnerUITests/DashboardProcessListDisplayUITests.swift (in target 'ResourceRunnerUITests' from project 'ResourceRunner')
    cd /Users/zipkero/XcodeProjects/ResourceRunner
    

SwiftDriverJobDiscovery normal arm64 Compiling CPUCoreAccessibilityUITests.swift (in target 'ResourceRunnerUITests' from project 'ResourceRunner')

SwiftCompile normal arm64 Compiling\ ResourceRunnerUITestsLaunchTests.swift /Users/zipkero/XcodeProjects/ResourceRunner/ResourceRunnerUITests/ResourceRunnerUITestsLaunchTests.swift (in target 'ResourceRunnerUITests' from project 'ResourceRunner')

SwiftCompile normal arm64 /Users/zipkero/XcodeProjects/ResourceRunner/ResourceRunnerUITests/ResourceRunnerUITestsLaunchTests.swift (in target 'ResourceRunnerUITests' from project 'ResourceRunner')
    cd /Users/zipkero/XcodeProjects/ResourceRunner
    

SwiftDriverJobDiscovery normal arm64 Compiling StatusItemAccessibilityUITests.swift (in target 'ResourceRunnerUITests' from project 'ResourceRunner')

SwiftCompile normal arm64 Compiling\ SystemMetricsCollectorTests.swift,\ SystemMetricsSampleSourceTests.swift /Users/zipkero/XcodeProjects/ResourceRunner/ResourceRunnerTests/SystemMetricsCollectorTests.swift /Users/zipkero/XcodeProjects/ResourceRunner/ResourceRunnerTests/SystemMetricsSampleSourceTests.swift (in target 'ResourceRunnerTests' from project 'ResourceRunner')

SwiftCompile normal arm64 /Users/zipkero/XcodeProjects/ResourceRunner/ResourceRunnerTests/SystemMetricsCollectorTests.swift (in target 'ResourceRunnerTests' from project 'ResourceRunner')
    cd /Users/zipkero/XcodeProjects/ResourceRunner
    

SwiftCompile normal arm64 /Users/zipkero/XcodeProjects/ResourceRunner/ResourceRunnerTests/SystemMetricsSampleSourceTests.swift (in target 'ResourceRunnerTests' from project 'ResourceRunner')
    cd /Users/zipkero/XcodeProjects/ResourceRunner
    

SwiftDriverJobDiscovery normal arm64 Compiling ResourceRunnerUITestsLaunchTests.swift (in target 'ResourceRunnerUITests' from project 'ResourceRunner')

SwiftCompile normal arm64 Compiling\ CharacterStateSourceTests.swift,\ CollectionAdmissionTests.swift,\ CollectionPipelinesTests.swift /Users/zipkero/XcodeProjects/ResourceRunner/ResourceRunnerTests/CharacterStateSourceTests.swift /Users/zipkero/XcodeProjects/ResourceRunner/ResourceRunnerTests/CollectionAdmissionTests.swift /Users/zipkero/XcodeProjects/ResourceRunner/ResourceRunnerTests/CollectionPipelinesTests.swift (in target 'ResourceRunnerTests' from project 'ResourceRunner')

SwiftCompile normal arm64 /Users/zipkero/XcodeProjects/ResourceRunner/ResourceRunnerTests/CharacterStateSourceTests.swift (in target 'ResourceRunnerTests' from project 'ResourceRunner')
    cd /Users/zipkero/XcodeProjects/ResourceRunner
    

SwiftCompile normal arm64 /Users/zipkero/XcodeProjects/ResourceRunner/ResourceRunnerTests/CollectionAdmissionTests.swift (in target 'ResourceRunnerTests' from project 'ResourceRunner')
    cd /Users/zipkero/XcodeProjects/ResourceRunner
    

SwiftCompile normal arm64 /Users/zipkero/XcodeProjects/ResourceRunner/ResourceRunnerTests/CollectionPipelinesTests.swift (in target 'ResourceRunnerTests' from project 'ResourceRunner')
    cd /Users/zipkero/XcodeProjects/ResourceRunner
    

SwiftDriverJobDiscovery normal arm64 Compiling DashboardProcessListDisplayUITests.swift (in target 'ResourceRunnerUITests' from project 'ResourceRunner')

SwiftDriverJobDiscovery normal arm64 Compiling CPUActivityStateEvaluatorTests.swift, CPUCoreGridLayoutTests.swift, CPUCoreGridVerticalBudgetTests.swift (in target 'ResourceRunnerTests' from project 'ResourceRunner')

SwiftDriver\ Compilation ResourceRunnerUITests normal arm64 com.apple.xcode.tools.swift.compiler (in target 'ResourceRunnerUITests' from project 'ResourceRunner')
    cd /Users/zipkero/XcodeProjects/ResourceRunner
    builtin-Swift-Compilation -- /Applications/Xcode.app/Contents/Developer/Toolchains/XcodeDefault.xctoolchain/usr/bin/swiftc -module-name ResourceRunnerUITests -Onone @/tmp/ResourceRunner-M3-task009-full/Build/Intermediates.noindex/ResourceRunner.build/Debug/ResourceRunnerUITests.build/Objects-normal/arm64/ResourceRunnerUITests.SwiftFileList -DDEBUG -module-alias Testing\=_Testing_Unavailable -plugin-path /Applications/Xcode.app/Contents/Developer/Toolchains/XcodeDefault.xctoolchain/usr/lib/swift/host/plugins/testing -enable-bare-slash-regex -enable-upcoming-feature DisableOutwardActorInference -enable-upcoming-feature InferSendableFromCaptures -enable-upcoming-feature GlobalActorIsolatedTypesUsability -enable-upcoming-feature MemberImportVisibility -enable-upcoming-feature InferIsolatedConformances -enable-upcoming-feature NonisolatedNonsendingByDefault -enable-experimental-feature DebugDescriptionMacro -sdk /Applications/Xcode.app/Contents/Developer/Platforms/MacOSX.platform/Developer/SDKs/MacOSX26.5.sdk -target arm64-apple-macos26.5 -g -module-cache-path /tmp/ResourceRunner-M3-task009-full/ModuleCache.noindex -Xfrontend -serialize-debugging-options -profile-coverage-mapping -profile-generate -enable-testing -index-store-path /tmp/ResourceRunner-M3-task009-full/Index.noindex/DataStore -Xcc -D_LIBCPP_HARDENING_MODE\=_LIBCPP_HARDENING_MODE_DEBUG -swift-version 5 -I /tmp/ResourceRunner-M3-task009-full/Build/Products/Debug -Isystem /Applications/Xcode.app/Contents/Developer/Platforms/MacOSX.platform/Developer/usr/lib -F /tmp/ResourceRunner-M3-task009-full/Build/Products/Debug -F /Applications/Xcode.app/Contents/Developer/Platforms/MacOSX.platform/Developer/Library/Frameworks -c -j14 -enable-batch-mode -incremental -Xcc -ivfsstatcache -Xcc /tmp/ResourceRunner-M3-task009-full/SDKStatCaches.noindex/macosx26.5-25F70-e082c4a02f00227109f4ed75e425c832.sdkstatcache -output-file-map /tmp/ResourceRunner-M3-task009-full/Build/Intermediates.noindex/ResourceRunner.build/Debug/ResourceRunnerUITests.build/Objects-normal/arm64/ResourceRunnerUITests-OutputFileMap.json -use-frontend-parseable-output -save-temps -no-color-diagnostics -explicit-module-build -module-cache-path /tmp/ResourceRunner-M3-task009-full/Build/Intermediates.noindex/SwiftExplicitPrecompiledModules -clang-scanner-module-cache-path /tmp/ResourceRunner-M3-task009-full/ModuleCache.noindex -sdk-module-cache-path /tmp/ResourceRunner-M3-task009-full/ModuleCache.noindex -serialize-diagnostics -emit-dependencies -emit-module -emit-module-path /tmp/ResourceRunner-M3-task009-full/Build/Intermediates.noindex/ResourceRunner.build/Debug/ResourceRunnerUITests.build/Objects-normal/arm64/ResourceRunnerUITests.swiftmodule -validate-clang-modules-once -clang-build-session-file /tmp/ResourceRunner-M3-task009-full/ModuleCache.noindex/Session.modulevalidation -Xcc -I/tmp/ResourceRunner-M3-task009-full/Build/Intermediates.noindex/ResourceRunner.build/Debug/ResourceRunnerUITests.build/swift-overrides.hmap -emit-const-values -Xfrontend -const-gather-protocols-file -Xfrontend /tmp/ResourceRunner-M3-task009-full/Build/Intermediates.noindex/ResourceRunner.build/Debug/ResourceRunnerUITests.build/Objects-normal/arm64/ResourceRunnerUITests_const_extract_protocols.json -Xcc -iquote -Xcc /tmp/ResourceRunner-M3-task009-full/Build/Intermediates.noindex/ResourceRunner.build/Debug/ResourceRunnerUITests.build/ResourceRunnerUITests-generated-files.hmap -Xcc -I/tmp/ResourceRunner-M3-task009-full/Build/Intermediates.noindex/ResourceRunner.build/Debug/ResourceRunnerUITests.build/ResourceRunnerUITests-own-target-headers.hmap -Xcc -I/tmp/ResourceRunner-M3-task009-full/Build/Intermediates.noindex/ResourceRunner.build/Debug/ResourceRunnerUITests.build/ResourceRunnerUITests-all-target-headers.hmap -Xcc -iquote -Xcc /tmp/ResourceRunner-M3-task009-full/Build/Intermediates.noindex/ResourceRunner.build/Debug/ResourceRunnerUITests.build/ResourceRunnerUITests-project-headers.hmap -Xcc -I/tmp/ResourceRunner-M3-task009-full/Build/Products/Debug/include -Xcc -I/tmp/ResourceRunner-M3-task009-full/Build/Intermediates.noindex/ResourceRunner.build/Debug/ResourceRunnerUITests.build/DerivedSources-normal/arm64 -Xcc -I/tmp/ResourceRunner-M3-task009-full/Build/Intermediates.noindex/ResourceRunner.build/Debug/ResourceRunnerUITests.build/DerivedSources/arm64 -Xcc -I/tmp/ResourceRunner-M3-task009-full/Build/Intermediates.noindex/ResourceRunner.build/Debug/ResourceRunnerUITests.build/DerivedSources -Xcc -DDEBUG\=1 -emit-objc-header -emit-objc-header-path /tmp/ResourceRunner-M3-task009-full/Build/Intermediates.noindex/ResourceRunner.build/Debug/ResourceRunnerUITests.build/Objects-normal/arm64/ResourceRunnerUITests-Swift.h -working-directory /Users/zipkero/XcodeProjects/ResourceRunner -experimental-emit-module-separately -disable-cmo

ExtractAppIntentsMetadata (in target 'ResourceRunner' from project 'ResourceRunner')
    cd /Users/zipkero/XcodeProjects/ResourceRunner
    /Applications/Xcode.app/Contents/Developer/Toolchains/XcodeDefault.xctoolchain/usr/bin/appintentsmetadataprocessor --toolchain-dir /Applications/Xcode.app/Contents/Developer/Toolchains/XcodeDefault.xctoolchain --module-name ResourceRunner --sdk-root /Applications/Xcode.app/Contents/Developer/Platforms/MacOSX.platform/Developer/SDKs/MacOSX26.5.sdk --xcode-version 17F113 --platform-family macOS --deployment-target 26.5 --bundle-identifier com.zipkero.ResourceRunner --output /tmp/ResourceRunner-M3-task009-full/Build/Products/Debug/ResourceRunner.app/Contents/Resources --target-triple arm64-apple-macos26.5 --binary-file /tmp/ResourceRunner-M3-task009-full/Build/Products/Debug/ResourceRunner.app/Contents/MacOS/ResourceRunner --dependency-file /tmp/ResourceRunner-M3-task009-full/Build/Intermediates.noindex/ResourceRunner.build/Debug/ResourceRunner.build/Objects-normal/arm64/ResourceRunner_dependency_info.dat --stringsdata-file /tmp/ResourceRunner-M3-task009-full/Build/Intermediates.noindex/ResourceRunner.build/Debug/ResourceRunner.build/Objects-normal/arm64/ExtractedAppShortcutsMetadata.stringsdata --source-file-list /tmp/ResourceRunner-M3-task009-full/Build/Intermediates.noindex/ResourceRunner.build/Debug/ResourceRunner.build/Objects-normal/arm64/ResourceRunner.SwiftFileList --metadata-file-list /tmp/ResourceRunner-M3-task009-full/Build/Intermediates.noindex/ResourceRunner.build/Debug/ResourceRunner.build/ResourceRunner.DependencyMetadataFileList --static-metadata-file-list /tmp/ResourceRunner-M3-task009-full/Build/Intermediates.noindex/ResourceRunner.build/Debug/ResourceRunner.build/ResourceRunner.DependencyStaticMetadataFileList --swift-const-vals-list /tmp/ResourceRunner-M3-task009-full/Build/Intermediates.noindex/ResourceRunner.build/Debug/ResourceRunner.build/Objects-normal/arm64/ResourceRunner.SwiftConstValuesFileList --compile-time-extraction --deployment-aware-processing --validate-assistant-intents --no-app-shortcuts-localization
2026-10-01 23:30:21.017 appintentsmetadataprocessor[4458:45747090] Starting appintentsmetadataprocessor export
2026-10-01 23:30:21.019 appintentsmetadataprocessor[4458:45747090] warning: Metadata extraction skipped. No AppIntents.framework dependency found.

CopySwiftLibs /tmp/ResourceRunner-M3-task009-full/Build/Products/Debug/ResourceRunner.app (in target 'ResourceRunner' from project 'ResourceRunner')
    cd /Users/zipkero/XcodeProjects/ResourceRunner
    builtin-swiftStdLibTool --copy --verbose --sign - --scan-executable /tmp/ResourceRunner-M3-task009-full/Build/Products/Debug/ResourceRunner.app/Contents/MacOS/ResourceRunner.debug.dylib --scan-folder /tmp/ResourceRunner-M3-task009-full/Build/Products/Debug/ResourceRunner.app/Contents/Frameworks --scan-folder /tmp/ResourceRunner-M3-task009-full/Build/Products/Debug/ResourceRunner.app/Contents/PlugIns --scan-folder /tmp/ResourceRunner-M3-task009-full/Build/Products/Debug/ResourceRunner.app/Contents/Library/SystemExtensions --scan-folder /tmp/ResourceRunner-M3-task009-full/Build/Products/Debug/ResourceRunner.app/Contents/Extensions --platform macosx --toolchain /Applications/Xcode.app/Contents/Developer/Toolchains/XcodeDefault.xctoolchain --destination /tmp/ResourceRunner-M3-task009-full/Build/Products/Debug/ResourceRunner.app/Contents/Frameworks --strip-bitcode --strip-bitcode-tool /Applications/Xcode.app/Contents/Developer/Toolchains/XcodeDefault.xctoolchain/usr/bin/bitcode_strip --emit-dependency-info /tmp/ResourceRunner-M3-task009-full/Build/Intermediates.noindex/ResourceRunner.build/Debug/ResourceRunner.build/SwiftStdLibToolInputDependencies.dep --filter-for-swift-os

ProcessInfoPlistFile /tmp/ResourceRunner-M3-task009-full/Build/Products/Debug/ResourceRunner.app/Contents/PlugIns/ResourceRunnerTests.xctest/Contents/Info.plist /tmp/ResourceRunner-M3-task009-full/Build/Intermediates.noindex/ResourceRunner.build/Debug/ResourceRunnerTests.build/empty-ResourceRunnerTests.plist (in target 'ResourceRunnerTests' from project 'ResourceRunner')
    cd /Users/zipkero/XcodeProjects/ResourceRunner
    builtin-infoPlistUtility /tmp/ResourceRunner-M3-task009-full/Build/Intermediates.noindex/ResourceRunner.build/Debug/ResourceRunnerTests.build/empty-ResourceRunnerTests.plist -producttype com.apple.product-type.bundle.unit-test -expandbuildsettings -platform macosx -o /tmp/ResourceRunner-M3-task009-full/Build/Products/Debug/ResourceRunner.app/Contents/PlugIns/ResourceRunnerTests.xctest/Contents/Info.plist

SwiftDriverJobDiscovery normal arm64 Compiling NetworkNativeAdapterTests.swift, ProcessHistoryStoreTests.swift, ProcessSurveyCollectorTests.swift (in target 'ResourceRunnerTests' from project 'ResourceRunner')

SwiftDriverJobDiscovery normal arm64 Compiling DetailPopoverValuelessStateTests.swift, DiskActivityTests.swift, DiskNativeAdapterTests.swift (in target 'ResourceRunnerTests' from project 'ResourceRunner')

SwiftDriverJobDiscovery normal arm64 Emitting module for ResourceRunnerTests (in target 'ResourceRunnerTests' from project 'ResourceRunner')

SwiftDriver\ Compilation\ Requirements ResourceRunnerTests normal arm64 com.apple.xcode.tools.swift.compiler (in target 'ResourceRunnerTests' from project 'ResourceRunner')
    cd /Users/zipkero/XcodeProjects/ResourceRunner
    builtin-Swift-Compilation-Requirements -- /Applications/Xcode.app/Contents/Developer/Toolchains/XcodeDefault.xctoolchain/usr/bin/swiftc -module-name ResourceRunnerTests -Onone @/tmp/ResourceRunner-M3-task009-full/Build/Intermediates.noindex/ResourceRunner.build/Debug/ResourceRunnerTests.build/Objects-normal/arm64/ResourceRunnerTests.SwiftFileList -DDEBUG -plugin-path /Applications/Xcode.app/Contents/Developer/Toolchains/XcodeDefault.xctoolchain/usr/lib/swift/host/plugins/testing -enable-bare-slash-regex -enable-upcoming-feature DisableOutwardActorInference -enable-upcoming-feature InferSendableFromCaptures -enable-upcoming-feature GlobalActorIsolatedTypesUsability -enable-upcoming-feature MemberImportVisibility -enable-upcoming-feature InferIsolatedConformances -enable-upcoming-feature NonisolatedNonsendingByDefault -enable-experimental-feature DebugDescriptionMacro -sdk /Applications/Xcode.app/Contents/Developer/Platforms/MacOSX.platform/Developer/SDKs/MacOSX26.5.sdk -target arm64-apple-macos26.5 -g -module-cache-path /tmp/ResourceRunner-M3-task009-full/ModuleCache.noindex -Xfrontend -serialize-debugging-options -profile-coverage-mapping -profile-generate -enable-testing -index-store-path /tmp/ResourceRunner-M3-task009-full/Index.noindex/DataStore -Xcc -D_LIBCPP_HARDENING_MODE\=_LIBCPP_HARDENING_MODE_DEBUG -swift-version 5 -I /tmp/ResourceRunner-M3-task009-full/Build/Products/Debug -Isystem /Applications/Xcode.app/Contents/Developer/Platforms/MacOSX.platform/Developer/usr/lib -F /tmp/ResourceRunner-M3-task009-full/Build/Products/Debug -F /Applications/Xcode.app/Contents/Developer/Platforms/MacOSX.platform/Developer/Library/Frameworks -c -j14 -enable-batch-mode -incremental -Xcc -ivfsstatcache -Xcc /tmp/ResourceRunner-M3-task009-full/SDKStatCaches.noindex/macosx26.5-25F70-e082c4a02f00227109f4ed75e425c832.sdkstatcache -output-file-map /tmp/ResourceRunner-M3-task009-full/Build/Intermediates.noindex/ResourceRunner.build/Debug/ResourceRunnerTests.build/Objects-normal/arm64/ResourceRunnerTests-OutputFileMap.json -use-frontend-parseable-output -save-temps -no-color-diagnostics -explicit-module-build -module-cache-path /tmp/ResourceRunner-M3-task009-full/Build/Intermediates.noindex/SwiftExplicitPrecompiledModules -clang-scanner-module-cache-path /tmp/ResourceRunner-M3-task009-full/ModuleCache.noindex -sdk-module-cache-path /tmp/ResourceRunner-M3-task009-full/ModuleCache.noindex -serialize-diagnostics -emit-dependencies -emit-module -emit-module-path /tmp/ResourceRunner-M3-task009-full/Build/Intermediates.noindex/ResourceRunner.build/Debug/ResourceRunnerTests.build/Objects-normal/arm64/ResourceRunnerTests.swiftmodule -validate-clang-modules-once -clang-build-session-file /tmp/ResourceRunner-M3-task009-full/ModuleCache.noindex/Session.modulevalidation -Xcc -I/tmp/ResourceRunner-M3-task009-full/Build/Intermediates.noindex/ResourceRunner.build/Debug/ResourceRunnerTests.build/swift-overrides.hmap -emit-const-values -Xfrontend -const-gather-protocols-file -Xfrontend /tmp/ResourceRunner-M3-task009-full/Build/Intermediates.noindex/ResourceRunner.build/Debug/ResourceRunnerTests.build/Objects-normal/arm64/ResourceRunnerTests_const_extract_protocols.json -Xcc -iquote -Xcc /tmp/ResourceRunner-M3-task009-full/Build/Intermediates.noindex/ResourceRunner.build/Debug/ResourceRunnerTests.build/ResourceRunnerTests-generated-files.hmap -Xcc -I/tmp/ResourceRunner-M3-task009-full/Build/Intermediates.noindex/ResourceRunner.build/Debug/ResourceRunnerTests.build/ResourceRunnerTests-own-target-headers.hmap -Xcc -I/tmp/ResourceRunner-M3-task009-full/Build/Intermediates.noindex/ResourceRunner.build/Debug/ResourceRunnerTests.build/ResourceRunnerTests-all-target-headers.hmap -Xcc -iquote -Xcc /tmp/ResourceRunner-M3-task009-full/Build/Intermediates.noindex/ResourceRunner.build/Debug/ResourceRunnerTests.build/ResourceRunnerTests-project-headers.hmap -Xcc -I/tmp/ResourceRunner-M3-task009-full/Build/Products/Debug/include -Xcc -I/tmp/ResourceRunner-M3-task009-full/Build/Intermediates.noindex/ResourceRunner.build/Debug/ResourceRunnerTests.build/DerivedSources-normal/arm64 -Xcc -I/tmp/ResourceRunner-M3-task009-full/Build/Intermediates.noindex/ResourceRunner.build/Debug/ResourceRunnerTests.build/DerivedSources/arm64 -Xcc -I/tmp/ResourceRunner-M3-task009-full/Build/Intermediates.noindex/ResourceRunner.build/Debug/ResourceRunnerTests.build/DerivedSources -Xcc -DDEBUG\=1 -emit-objc-header -emit-objc-header-path /tmp/ResourceRunner-M3-task009-full/Build/Intermediates.noindex/ResourceRunner.build/Debug/ResourceRunnerTests.build/Objects-normal/arm64/ResourceRunnerTests-Swift.h -working-directory /Users/zipkero/XcodeProjects/ResourceRunner -experimental-emit-module-separately -disable-cmo

SwiftMergeGeneratedHeaders /tmp/ResourceRunner-M3-task009-full/Build/Intermediates.noindex/ResourceRunner.build/Debug/ResourceRunnerTests.build/DerivedSources/ResourceRunnerTests-Swift.h /tmp/ResourceRunner-M3-task009-full/Build/Intermediates.noindex/ResourceRunner.build/Debug/ResourceRunnerTests.build/Objects-normal/arm64/ResourceRunnerTests-Swift.h (in target 'ResourceRunnerTests' from project 'ResourceRunner')
    cd /Users/zipkero/XcodeProjects/ResourceRunner
    builtin-swiftHeaderTool -arch arm64 /tmp/ResourceRunner-M3-task009-full/Build/Intermediates.noindex/ResourceRunner.build/Debug/ResourceRunnerTests.build/Objects-normal/arm64/ResourceRunnerTests-Swift.h -o /tmp/ResourceRunner-M3-task009-full/Build/Intermediates.noindex/ResourceRunner.build/Debug/ResourceRunnerTests.build/DerivedSources/ResourceRunnerTests-Swift.h

Copy /tmp/ResourceRunner-M3-task009-full/Build/Products/Debug/ResourceRunnerTests.swiftmodule/arm64-apple-macos.swiftmodule /tmp/ResourceRunner-M3-task009-full/Build/Intermediates.noindex/ResourceRunner.build/Debug/ResourceRunnerTests.build/Objects-normal/arm64/ResourceRunnerTests.swiftmodule (in target 'ResourceRunnerTests' from project 'ResourceRunner')
    cd /Users/zipkero/XcodeProjects/ResourceRunner
    builtin-copy -exclude .DS_Store -exclude CVS -exclude .svn -exclude .git -exclude .hg -resolve-src-symlinks -rename /tmp/ResourceRunner-M3-task009-full/Build/Intermediates.noindex/ResourceRunner.build/Debug/ResourceRunnerTests.build/Objects-normal/arm64/ResourceRunnerTests.swiftmodule /tmp/ResourceRunner-M3-task009-full/Build/Products/Debug/ResourceRunnerTests.swiftmodule/arm64-apple-macos.swiftmodule

Copy /tmp/ResourceRunner-M3-task009-full/Build/Products/Debug/ResourceRunnerTests.swiftmodule/arm64-apple-macos.swiftdoc /tmp/ResourceRunner-M3-task009-full/Build/Intermediates.noindex/ResourceRunner.build/Debug/ResourceRunnerTests.build/Objects-normal/arm64/ResourceRunnerTests.swiftdoc (in target 'ResourceRunnerTests' from project 'ResourceRunner')
    cd /Users/zipkero/XcodeProjects/ResourceRunner
    builtin-copy -exclude .DS_Store -exclude CVS -exclude .svn -exclude .git -exclude .hg -resolve-src-symlinks -rename /tmp/ResourceRunner-M3-task009-full/Build/Intermediates.noindex/ResourceRunner.build/Debug/ResourceRunnerTests.build/Objects-normal/arm64/ResourceRunnerTests.swiftdoc /tmp/ResourceRunner-M3-task009-full/Build/Products/Debug/ResourceRunnerTests.swiftmodule/arm64-apple-macos.swiftdoc

Copy /tmp/ResourceRunner-M3-task009-full/Build/Products/Debug/ResourceRunnerTests.swiftmodule/arm64-apple-macos.abi.json /tmp/ResourceRunner-M3-task009-full/Build/Intermediates.noindex/ResourceRunner.build/Debug/ResourceRunnerTests.build/Objects-normal/arm64/ResourceRunnerTests.abi.json (in target 'ResourceRunnerTests' from project 'ResourceRunner')
    cd /Users/zipkero/XcodeProjects/ResourceRunner
    builtin-copy -exclude .DS_Store -exclude CVS -exclude .svn -exclude .git -exclude .hg -resolve-src-symlinks -rename /tmp/ResourceRunner-M3-task009-full/Build/Intermediates.noindex/ResourceRunner.build/Debug/ResourceRunnerTests.build/Objects-normal/arm64/ResourceRunnerTests.abi.json /tmp/ResourceRunner-M3-task009-full/Build/Products/Debug/ResourceRunnerTests.swiftmodule/arm64-apple-macos.abi.json

Copy /tmp/ResourceRunner-M3-task009-full/Build/Products/Debug/ResourceRunnerTests.swiftmodule/Project/arm64-apple-macos.swiftsourceinfo /tmp/ResourceRunner-M3-task009-full/Build/Intermediates.noindex/ResourceRunner.build/Debug/ResourceRunnerTests.build/Objects-normal/arm64/ResourceRunnerTests.swiftsourceinfo (in target 'ResourceRunnerTests' from project 'ResourceRunner')
    cd /Users/zipkero/XcodeProjects/ResourceRunner
    builtin-copy -exclude .DS_Store -exclude CVS -exclude .svn -exclude .git -exclude .hg -resolve-src-symlinks -rename /tmp/ResourceRunner-M3-task009-full/Build/Intermediates.noindex/ResourceRunner.build/Debug/ResourceRunnerTests.build/Objects-normal/arm64/ResourceRunnerTests.swiftsourceinfo /tmp/ResourceRunner-M3-task009-full/Build/Products/Debug/ResourceRunnerTests.swiftmodule/Project/arm64-apple-macos.swiftsourceinfo

SwiftDriverJobDiscovery normal arm64 Compiling StorageMetadataTests.swift, SystemLifecycleObserverTests.swift (in target 'ResourceRunnerTests' from project 'ResourceRunner')

SwiftDriverJobDiscovery normal arm64 Compiling ApplicationCoordinatorTests.swift, ApplicationIconCacheTests.swift, ApplicationProcessRowLayoutTests.swift (in target 'ResourceRunnerTests' from project 'ResourceRunner')

SwiftDriverJobDiscovery normal arm64 Compiling SystemMetricsCollectorTests.swift, SystemMetricsSampleSourceTests.swift (in target 'ResourceRunnerTests' from project 'ResourceRunner')

SwiftDriverJobDiscovery normal arm64 Compiling MonitoringSampleStoreTests.swift, NetworkActivityTests.swift, NetworkMetadataTests.swift (in target 'ResourceRunnerTests' from project 'ResourceRunner')

SwiftDriverJobDiscovery normal arm64 Compiling ResourceActivityPresentationTests.swift, ResourceRateGraphRenderingTests.swift, ResourceRateGraphTests.swift (in target 'ResourceRunnerTests' from project 'ResourceRunner')

SwiftDriverJobDiscovery normal arm64 Compiling ApplicationRankingTests.swift, ApplicationRowIconTests.swift, AuxiliaryCollectionSchedulerTests.swift (in target 'ResourceRunnerTests' from project 'ResourceRunner')

SwiftDriverJobDiscovery normal arm64 Compiling MemoryCompositionDetailTests.swift, MemoryCompositionTests.swift, MonitoringLifecycleTests.swift (in target 'ResourceRunnerTests' from project 'ResourceRunner')

SwiftDriverJobDiscovery normal arm64 Compiling CharacterStateSourceTests.swift, CollectionAdmissionTests.swift, CollectionPipelinesTests.swift (in target 'ResourceRunnerTests' from project 'ResourceRunner')

SwiftDriverJobDiscovery normal arm64 Compiling CPUCoreUsageGridTests.swift, DashboardCardLayoutTests.swift, DashboardColorPaletteTests.swift (in target 'ResourceRunnerTests' from project 'ResourceRunner')

SwiftDriverJobDiscovery normal arm64 Compiling DashboardPresentationTests.swift, DashboardValueColumnTests.swift, DetailAccessibilityFormattingTests.swift (in target 'ResourceRunnerTests' from project 'ResourceRunner')

SwiftDriver\ Compilation ResourceRunnerTests normal arm64 com.apple.xcode.tools.swift.compiler (in target 'ResourceRunnerTests' from project 'ResourceRunner')
    cd /Users/zipkero/XcodeProjects/ResourceRunner
    builtin-Swift-Compilation -- /Applications/Xcode.app/Contents/Developer/Toolchains/XcodeDefault.xctoolchain/usr/bin/swiftc -module-name ResourceRunnerTests -Onone @/tmp/ResourceRunner-M3-task009-full/Build/Intermediates.noindex/ResourceRunner.build/Debug/ResourceRunnerTests.build/Objects-normal/arm64/ResourceRunnerTests.SwiftFileList -DDEBUG -plugin-path /Applications/Xcode.app/Contents/Developer/Toolchains/XcodeDefault.xctoolchain/usr/lib/swift/host/plugins/testing -enable-bare-slash-regex -enable-upcoming-feature DisableOutwardActorInference -enable-upcoming-feature InferSendableFromCaptures -enable-upcoming-feature GlobalActorIsolatedTypesUsability -enable-upcoming-feature MemberImportVisibility -enable-upcoming-feature InferIsolatedConformances -enable-upcoming-feature NonisolatedNonsendingByDefault -enable-experimental-feature DebugDescriptionMacro -sdk /Applications/Xcode.app/Contents/Developer/Platforms/MacOSX.platform/Developer/SDKs/MacOSX26.5.sdk -target arm64-apple-macos26.5 -g -module-cache-path /tmp/ResourceRunner-M3-task009-full/ModuleCache.noindex -Xfrontend -serialize-debugging-options -profile-coverage-mapping -profile-generate -enable-testing -index-store-path /tmp/ResourceRunner-M3-task009-full/Index.noindex/DataStore -Xcc -D_LIBCPP_HARDENING_MODE\=_LIBCPP_HARDENING_MODE_DEBUG -swift-version 5 -I /tmp/ResourceRunner-M3-task009-full/Build/Products/Debug -Isystem /Applications/Xcode.app/Contents/Developer/Platforms/MacOSX.platform/Developer/usr/lib -F /tmp/ResourceRunner-M3-task009-full/Build/Products/Debug -F /Applications/Xcode.app/Contents/Developer/Platforms/MacOSX.platform/Developer/Library/Frameworks -c -j14 -enable-batch-mode -incremental -Xcc -ivfsstatcache -Xcc /tmp/ResourceRunner-M3-task009-full/SDKStatCaches.noindex/macosx26.5-25F70-e082c4a02f00227109f4ed75e425c832.sdkstatcache -output-file-map /tmp/ResourceRunner-M3-task009-full/Build/Intermediates.noindex/ResourceRunner.build/Debug/ResourceRunnerTests.build/Objects-normal/arm64/ResourceRunnerTests-OutputFileMap.json -use-frontend-parseable-output -save-temps -no-color-diagnostics -explicit-module-build -module-cache-path /tmp/ResourceRunner-M3-task009-full/Build/Intermediates.noindex/SwiftExplicitPrecompiledModules -clang-scanner-module-cache-path /tmp/ResourceRunner-M3-task009-full/ModuleCache.noindex -sdk-module-cache-path /tmp/ResourceRunner-M3-task009-full/ModuleCache.noindex -serialize-diagnostics -emit-dependencies -emit-module -emit-module-path /tmp/ResourceRunner-M3-task009-full/Build/Intermediates.noindex/ResourceRunner.build/Debug/ResourceRunnerTests.build/Objects-normal/arm64/ResourceRunnerTests.swiftmodule -validate-clang-modules-once -clang-build-session-file /tmp/ResourceRunner-M3-task009-full/ModuleCache.noindex/Session.modulevalidation -Xcc -I/tmp/ResourceRunner-M3-task009-full/Build/Intermediates.noindex/ResourceRunner.build/Debug/ResourceRunnerTests.build/swift-overrides.hmap -emit-const-values -Xfrontend -const-gather-protocols-file -Xfrontend /tmp/ResourceRunner-M3-task009-full/Build/Intermediates.noindex/ResourceRunner.build/Debug/ResourceRunnerTests.build/Objects-normal/arm64/ResourceRunnerTests_const_extract_protocols.json -Xcc -iquote -Xcc /tmp/ResourceRunner-M3-task009-full/Build/Intermediates.noindex/ResourceRunner.build/Debug/ResourceRunnerTests.build/ResourceRunnerTests-generated-files.hmap -Xcc -I/tmp/ResourceRunner-M3-task009-full/Build/Intermediates.noindex/ResourceRunner.build/Debug/ResourceRunnerTests.build/ResourceRunnerTests-own-target-headers.hmap -Xcc -I/tmp/ResourceRunner-M3-task009-full/Build/Intermediates.noindex/ResourceRunner.build/Debug/ResourceRunnerTests.build/ResourceRunnerTests-all-target-headers.hmap -Xcc -iquote -Xcc /tmp/ResourceRunner-M3-task009-full/Build/Intermediates.noindex/ResourceRunner.build/Debug/ResourceRunnerTests.build/ResourceRunnerTests-project-headers.hmap -Xcc -I/tmp/ResourceRunner-M3-task009-full/Build/Products/Debug/include -Xcc -I/tmp/ResourceRunner-M3-task009-full/Build/Intermediates.noindex/ResourceRunner.build/Debug/ResourceRunnerTests.build/DerivedSources-normal/arm64 -Xcc -I/tmp/ResourceRunner-M3-task009-full/Build/Intermediates.noindex/ResourceRunner.build/Debug/ResourceRunnerTests.build/DerivedSources/arm64 -Xcc -I/tmp/ResourceRunner-M3-task009-full/Build/Intermediates.noindex/ResourceRunner.build/Debug/ResourceRunnerTests.build/DerivedSources -Xcc -DDEBUG\=1 -emit-objc-header -emit-objc-header-path /tmp/ResourceRunner-M3-task009-full/Build/Intermediates.noindex/ResourceRunner.build/Debug/ResourceRunnerTests.build/Objects-normal/arm64/ResourceRunnerTests-Swift.h -working-directory /Users/zipkero/XcodeProjects/ResourceRunner -experimental-emit-module-separately -disable-cmo

Ld /tmp/ResourceRunner-M3-task009-full/Build/Products/Debug/ResourceRunner.app/Contents/PlugIns/ResourceRunnerTests.xctest/Contents/MacOS/ResourceRunnerTests normal (in target 'ResourceRunnerTests' from project 'ResourceRunner')
    cd /Users/zipkero/XcodeProjects/ResourceRunner
    /Applications/Xcode.app/Contents/Developer/Toolchains/XcodeDefault.xctoolchain/usr/bin/clang -Xlinker -reproducible -target arm64-apple-macos26.5 -bundle -isysroot /Applications/Xcode.app/Contents/Developer/Platforms/MacOSX.platform/Developer/SDKs/MacOSX26.5.sdk -O0 -L/tmp/ResourceRunner-M3-task009-full/Build/Intermediates.noindex/EagerLinkingTBDs/Debug -L/tmp/ResourceRunner-M3-task009-full/Build/Products/Debug -L/Applications/Xcode.app/Contents/Developer/Platforms/MacOSX.platform/Developer/usr/lib -F/tmp/ResourceRunner-M3-task009-full/Build/Intermediates.noindex/EagerLinkingTBDs/Debug -F/tmp/ResourceRunner-M3-task009-full/Build/Products/Debug -iframework /Applications/Xcode.app/Contents/Developer/Platforms/MacOSX.platform/Developer/Library/Frameworks -filelist /tmp/ResourceRunner-M3-task009-full/Build/Intermediates.noindex/ResourceRunner.build/Debug/ResourceRunnerTests.build/Objects-normal/arm64/ResourceRunnerTests.LinkFileList -Xlinker -rpath -Xlinker @loader_path/../Frameworks -Xlinker -rpath -Xlinker @executable_path/../Frameworks -bundle_loader /tmp/ResourceRunner-M3-task009-full/Build/Products/Debug/ResourceRunner.app/Contents/MacOS/ResourceRunner -Xlinker -object_path_lto -Xlinker /tmp/ResourceRunner-M3-task009-full/Build/Intermediates.noindex/ResourceRunner.build/Debug/ResourceRunnerTests.build/Objects-normal/arm64/ResourceRunnerTests_lto.o -rdynamic -Xlinker -no_deduplicate -Xlinker -debug_variant -Xlinker -dependency_info -Xlinker /tmp/ResourceRunner-M3-task009-full/Build/Intermediates.noindex/ResourceRunner.build/Debug/ResourceRunnerTests.build/Objects-normal/arm64/ResourceRunnerTests_dependency_info.dat -fobjc-link-runtime -fprofile-instr-generate -L/Applications/Xcode.app/Contents/Developer/Toolchains/XcodeDefault.xctoolchain/usr/lib/swift/macosx -L/usr/lib/swift -Xlinker -add_ast_path -Xlinker /tmp/ResourceRunner-M3-task009-full/Build/Intermediates.noindex/ResourceRunner.build/Debug/ResourceRunnerTests.build/Objects-normal/arm64/ResourceRunnerTests.swiftmodule @/tmp/ResourceRunner-M3-task009-full/Build/Intermediates.noindex/ResourceRunner.build/Debug/ResourceRunnerTests.build/Objects-normal/arm64/ResourceRunnerTests-linker-args.resp -Xlinker -needed_framework -Xlinker XCTest -framework XCTest -Xlinker -needed-lXCTestSwiftSupport -lXCTestSwiftSupport /tmp/ResourceRunner-M3-task009-full/Build/Products/Debug/ResourceRunner.app/Contents/MacOS/ResourceRunner.debug.dylib -Xlinker -no_adhoc_codesign -o /tmp/ResourceRunner-M3-task009-full/Build/Products/Debug/ResourceRunner.app/Contents/PlugIns/ResourceRunnerTests.xctest/Contents/MacOS/ResourceRunnerTests

CopySwiftLibs /tmp/ResourceRunner-M3-task009-full/Build/Products/Debug/ResourceRunner.app/Contents/PlugIns/ResourceRunnerTests.xctest (in target 'ResourceRunnerTests' from project 'ResourceRunner')
    cd /Users/zipkero/XcodeProjects/ResourceRunner
    builtin-swiftStdLibTool --copy --verbose --sign - --scan-executable /tmp/ResourceRunner-M3-task009-full/Build/Products/Debug/ResourceRunner.app/Contents/PlugIns/ResourceRunnerTests.xctest/Contents/MacOS/ResourceRunnerTests --scan-folder /tmp/ResourceRunner-M3-task009-full/Build/Products/Debug/ResourceRunner.app/Contents/PlugIns/ResourceRunnerTests.xctest/Contents/Frameworks --scan-folder /tmp/ResourceRunner-M3-task009-full/Build/Products/Debug/ResourceRunner.app/Contents/PlugIns/ResourceRunnerTests.xctest/Contents/PlugIns --scan-folder /tmp/ResourceRunner-M3-task009-full/Build/Products/Debug/ResourceRunner.app/Contents/PlugIns/ResourceRunnerTests.xctest/Contents/Library/SystemExtensions --scan-folder /tmp/ResourceRunner-M3-task009-full/Build/Products/Debug/ResourceRunner.app/Contents/PlugIns/ResourceRunnerTests.xctest/Contents/Extensions --platform macosx --toolchain /Applications/Xcode.app/Contents/Developer/Toolchains/XcodeDefault.xctoolchain --destination /tmp/ResourceRunner-M3-task009-full/Build/Products/Debug/ResourceRunner.app/Contents/PlugIns/ResourceRunnerTests.xctest/Contents/Frameworks --strip-bitcode --scan-executable /Applications/Xcode.app/Contents/Developer/Platforms/MacOSX.platform/Developer/usr/lib/libXCTestSwiftSupport.dylib --strip-bitcode-tool /Applications/Xcode.app/Contents/Developer/Toolchains/XcodeDefault.xctoolchain/usr/bin/bitcode_strip --emit-dependency-info /tmp/ResourceRunner-M3-task009-full/Build/Intermediates.noindex/ResourceRunner.build/Debug/ResourceRunnerTests.build/SwiftStdLibToolInputDependencies.dep --filter-for-swift-os

ExtractAppIntentsMetadata (in target 'ResourceRunnerTests' from project 'ResourceRunner')
    cd /Users/zipkero/XcodeProjects/ResourceRunner
    /Applications/Xcode.app/Contents/Developer/Toolchains/XcodeDefault.xctoolchain/usr/bin/appintentsmetadataprocessor --toolchain-dir /Applications/Xcode.app/Contents/Developer/Toolchains/XcodeDefault.xctoolchain --module-name ResourceRunnerTests --sdk-root /Applications/Xcode.app/Contents/Developer/Platforms/MacOSX.platform/Developer/SDKs/MacOSX26.5.sdk --xcode-version 17F113 --platform-family macOS --deployment-target 26.5 --bundle-identifier com.zipkero.ResourceRunnerTests --output /tmp/ResourceRunner-M3-task009-full/Build/Products/Debug/ResourceRunner.app/Contents/PlugIns/ResourceRunnerTests.xctest/Contents/Resources --target-triple arm64-apple-macos26.5 --binary-file /tmp/ResourceRunner-M3-task009-full/Build/Products/Debug/ResourceRunner.app/Contents/PlugIns/ResourceRunnerTests.xctest/Contents/MacOS/ResourceRunnerTests --dependency-file /tmp/ResourceRunner-M3-task009-full/Build/Intermediates.noindex/ResourceRunner.build/Debug/ResourceRunnerTests.build/Objects-normal/arm64/ResourceRunnerTests_dependency_info.dat --stringsdata-file /tmp/ResourceRunner-M3-task009-full/Build/Intermediates.noindex/ResourceRunner.build/Debug/ResourceRunnerTests.build/Objects-normal/arm64/ExtractedAppShortcutsMetadata.stringsdata --source-file-list /tmp/ResourceRunner-M3-task009-full/Build/Intermediates.noindex/ResourceRunner.build/Debug/ResourceRunnerTests.build/Objects-normal/arm64/ResourceRunnerTests.SwiftFileList --metadata-file-list /tmp/ResourceRunner-M3-task009-full/Build/Intermediates.noindex/ResourceRunner.build/Debug/ResourceRunnerTests.build/ResourceRunnerTests.DependencyMetadataFileList --static-metadata-file-list /tmp/ResourceRunner-M3-task009-full/Build/Intermediates.noindex/ResourceRunner.build/Debug/ResourceRunnerTests.build/ResourceRunnerTests.DependencyStaticMetadataFileList --swift-const-vals-list /tmp/ResourceRunner-M3-task009-full/Build/Intermediates.noindex/ResourceRunner.build/Debug/ResourceRunnerTests.build/Objects-normal/arm64/ResourceRunnerTests.SwiftConstValuesFileList --compile-time-extraction --deployment-aware-processing --validate-assistant-intents --no-app-shortcuts-localization
2026-10-01 23:30:27.928 appintentsmetadataprocessor[4547:45747359] Starting appintentsmetadataprocessor export
2026-10-01 23:30:27.929 appintentsmetadataprocessor[4547:45747359] warning: Metadata extraction skipped. No AppIntents.framework dependency found.

CodeSign /tmp/ResourceRunner-M3-task009-full/Build/Products/Debug/ResourceRunner.app/Contents/PlugIns/ResourceRunnerTests.xctest (in target 'ResourceRunnerTests' from project 'ResourceRunner')
    cd /Users/zipkero/XcodeProjects/ResourceRunner
    
    Signing Identity:     "Sign to Run Locally"
    
    /usr/bin/codesign --force --sign - --timestamp\=none --generate-entitlement-der /tmp/ResourceRunner-M3-task009-full/Build/Products/Debug/ResourceRunner.app/Contents/PlugIns/ResourceRunnerTests.xctest

RegisterExecutionPolicyException /tmp/ResourceRunner-M3-task009-full/Build/Products/Debug/ResourceRunner.app/Contents/PlugIns/ResourceRunnerTests.xctest (in target 'ResourceRunnerTests' from project 'ResourceRunner')
    cd /Users/zipkero/XcodeProjects/ResourceRunner
    builtin-RegisterExecutionPolicyException /tmp/ResourceRunner-M3-task009-full/Build/Products/Debug/ResourceRunner.app/Contents/PlugIns/ResourceRunnerTests.xctest

Touch /tmp/ResourceRunner-M3-task009-full/Build/Products/Debug/ResourceRunner.app/Contents/PlugIns/ResourceRunnerTests.xctest (in target 'ResourceRunnerTests' from project 'ResourceRunner')
    cd /Users/zipkero/XcodeProjects/ResourceRunner
    /usr/bin/touch -c /tmp/ResourceRunner-M3-task009-full/Build/Products/Debug/ResourceRunner.app/Contents/PlugIns/ResourceRunnerTests.xctest

CodeSign /tmp/ResourceRunner-M3-task009-full/Build/Products/Debug/ResourceRunner.app/Contents/MacOS/ResourceRunner.debug.dylib (in target 'ResourceRunner' from project 'ResourceRunner')
    cd /Users/zipkero/XcodeProjects/ResourceRunner
    
    Signing Identity:     "Sign to Run Locally"
    
    /usr/bin/codesign --force --sign - --timestamp\=none --generate-entitlement-der /tmp/ResourceRunner-M3-task009-full/Build/Products/Debug/ResourceRunner.app/Contents/MacOS/ResourceRunner.debug.dylib

CodeSign /tmp/ResourceRunner-M3-task009-full/Build/Products/Debug/ResourceRunner.app/Contents/MacOS/__preview.dylib (in target 'ResourceRunner' from project 'ResourceRunner')
    cd /Users/zipkero/XcodeProjects/ResourceRunner
    
    Signing Identity:     "Sign to Run Locally"
    
    /usr/bin/codesign --force --sign - --timestamp\=none --generate-entitlement-der /tmp/ResourceRunner-M3-task009-full/Build/Products/Debug/ResourceRunner.app/Contents/MacOS/__preview.dylib

CodeSign /tmp/ResourceRunner-M3-task009-full/Build/Products/Debug/ResourceRunner.app (in target 'ResourceRunner' from project 'ResourceRunner')
    cd /Users/zipkero/XcodeProjects/ResourceRunner
    
    Signing Identity:     "Sign to Run Locally"
    
    /usr/bin/codesign --force --sign - --entitlements /tmp/ResourceRunner-M3-task009-full/Build/Intermediates.noindex/ResourceRunner.build/Debug/ResourceRunner.build/ResourceRunner.app.xcent --timestamp\=none --generate-entitlement-der /tmp/ResourceRunner-M3-task009-full/Build/Products/Debug/ResourceRunner.app

RegisterExecutionPolicyException /tmp/ResourceRunner-M3-task009-full/Build/Products/Debug/ResourceRunner.app (in target 'ResourceRunner' from project 'ResourceRunner')
    cd /Users/zipkero/XcodeProjects/ResourceRunner
    builtin-RegisterExecutionPolicyException /tmp/ResourceRunner-M3-task009-full/Build/Products/Debug/ResourceRunner.app

Validate /tmp/ResourceRunner-M3-task009-full/Build/Products/Debug/ResourceRunner.app (in target 'ResourceRunner' from project 'ResourceRunner')
    cd /Users/zipkero/XcodeProjects/ResourceRunner
    builtin-validationUtility /tmp/ResourceRunner-M3-task009-full/Build/Products/Debug/ResourceRunner.app -no-validate-extension -infoplist-subpath Contents/Info.plist

Touch /tmp/ResourceRunner-M3-task009-full/Build/Products/Debug/ResourceRunner.app (in target 'ResourceRunner' from project 'ResourceRunner')
    cd /Users/zipkero/XcodeProjects/ResourceRunner
    /usr/bin/touch -c /tmp/ResourceRunner-M3-task009-full/Build/Products/Debug/ResourceRunner.app

RegisterWithLaunchServices /tmp/ResourceRunner-M3-task009-full/Build/Products/Debug/ResourceRunner.app (in target 'ResourceRunner' from project 'ResourceRunner')
    cd /Users/zipkero/XcodeProjects/ResourceRunner
    /System/Library/Frameworks/CoreServices.framework/Versions/Current/Frameworks/LaunchServices.framework/Versions/Current/Support/lsregister -f -R -trusted /tmp/ResourceRunner-M3-task009-full/Build/Products/Debug/ResourceRunner.app

ProcessInfoPlistFile /tmp/ResourceRunner-M3-task009-full/Build/Products/Debug/ResourceRunnerUITests-Runner.app/Contents/PlugIns/ResourceRunnerUITests.xctest/Contents/Info.plist /tmp/ResourceRunner-M3-task009-full/Build/Intermediates.noindex/ResourceRunner.build/Debug/ResourceRunnerUITests.build/empty-ResourceRunnerUITests.plist (in target 'ResourceRunnerUITests' from project 'ResourceRunner')
    cd /Users/zipkero/XcodeProjects/ResourceRunner
    builtin-infoPlistUtility /tmp/ResourceRunner-M3-task009-full/Build/Intermediates.noindex/ResourceRunner.build/Debug/ResourceRunnerUITests.build/empty-ResourceRunnerUITests.plist -producttype com.apple.product-type.bundle.ui-testing -expandbuildsettings -platform macosx -additionalcontentfile /tmp/ResourceRunner-M3-task009-full/Build/Intermediates.noindex/ResourceRunner.build/Debug/ResourceRunnerUITests.build/ProductTypeInfoPlistAdditions.plist -o /tmp/ResourceRunner-M3-task009-full/Build/Products/Debug/ResourceRunnerUITests-Runner.app/Contents/PlugIns/ResourceRunnerUITests.xctest/Contents/Info.plist

CpResource /tmp/ResourceRunner-M3-task009-full/Build/Products/Debug/ResourceRunnerUITests-Runner.app/Contents/PlugIns/ResourceRunnerUITests.xctest/Contents/Resources/ExpansionProcessFixture.cfixture /Users/zipkero/XcodeProjects/ResourceRunner/ResourceRunnerUITests/ExpansionProcessFixture.cfixture (in target 'ResourceRunnerUITests' from project 'ResourceRunner')
    cd /Users/zipkero/XcodeProjects/ResourceRunner
    builtin-copy -exclude .DS_Store -exclude CVS -exclude .svn -exclude .git -exclude .hg -resolve-src-symlinks /Users/zipkero/XcodeProjects/ResourceRunner/ResourceRunnerUITests/ExpansionProcessFixture.cfixture /tmp/ResourceRunner-M3-task009-full/Build/Products/Debug/ResourceRunnerUITests-Runner.app/Contents/PlugIns/ResourceRunnerUITests.xctest/Contents/Resources

Ld /tmp/ResourceRunner-M3-task009-full/Build/Products/Debug/ResourceRunnerUITests-Runner.app/Contents/PlugIns/ResourceRunnerUITests.xctest/Contents/MacOS/ResourceRunnerUITests normal (in target 'ResourceRunnerUITests' from project 'ResourceRunner')
    cd /Users/zipkero/XcodeProjects/ResourceRunner
    /Applications/Xcode.app/Contents/Developer/Toolchains/XcodeDefault.xctoolchain/usr/bin/clang -Xlinker -reproducible -target arm64-apple-macos26.5 -bundle -isysroot /Applications/Xcode.app/Contents/Developer/Platforms/MacOSX.platform/Developer/SDKs/MacOSX26.5.sdk -O0 -L/tmp/ResourceRunner-M3-task009-full/Build/Intermediates.noindex/EagerLinkingTBDs/Debug -L/tmp/ResourceRunner-M3-task009-full/Build/Products/Debug -L/Applications/Xcode.app/Contents/Developer/Platforms/MacOSX.platform/Developer/usr/lib -F/tmp/ResourceRunner-M3-task009-full/Build/Intermediates.noindex/EagerLinkingTBDs/Debug -F/tmp/ResourceRunner-M3-task009-full/Build/Products/Debug -iframework /Applications/Xcode.app/Contents/Developer/Platforms/MacOSX.platform/Developer/Library/Frameworks -filelist /tmp/ResourceRunner-M3-task009-full/Build/Intermediates.noindex/ResourceRunner.build/Debug/ResourceRunnerUITests.build/Objects-normal/arm64/ResourceRunnerUITests.LinkFileList -Xlinker -rpath -Xlinker @loader_path/../Frameworks -Xlinker -object_path_lto -Xlinker /tmp/ResourceRunner-M3-task009-full/Build/Intermediates.noindex/ResourceRunner.build/Debug/ResourceRunnerUITests.build/Objects-normal/arm64/ResourceRunnerUITests_lto.o -rdynamic -Xlinker -no_deduplicate -Xlinker -debug_variant -Xlinker -dependency_info -Xlinker /tmp/ResourceRunner-M3-task009-full/Build/Intermediates.noindex/ResourceRunner.build/Debug/ResourceRunnerUITests.build/Objects-normal/arm64/ResourceRunnerUITests_dependency_info.dat -fobjc-link-runtime -fprofile-instr-generate -L/Applications/Xcode.app/Contents/Developer/Toolchains/XcodeDefault.xctoolchain/usr/lib/swift/macosx -L/usr/lib/swift -Xlinker -add_ast_path -Xlinker /tmp/ResourceRunner-M3-task009-full/Build/Intermediates.noindex/ResourceRunner.build/Debug/ResourceRunnerUITests.build/Objects-normal/arm64/ResourceRunnerUITests.swiftmodule @/tmp/ResourceRunner-M3-task009-full/Build/Intermediates.noindex/ResourceRunner.build/Debug/ResourceRunnerUITests.build/Objects-normal/arm64/ResourceRunnerUITests-linker-args.resp -Xlinker -needed_framework -Xlinker XCTest -framework XCTest -Xlinker -needed-lXCTestSwiftSupport -lXCTestSwiftSupport -Xlinker -no_adhoc_codesign -o /tmp/ResourceRunner-M3-task009-full/Build/Products/Debug/ResourceRunnerUITests-Runner.app/Contents/PlugIns/ResourceRunnerUITests.xctest/Contents/MacOS/ResourceRunnerUITests

PhaseScriptExecution Prepare\ expansion\ fixture /tmp/ResourceRunner-M3-task009-full/Build/Intermediates.noindex/ResourceRunner.build/Debug/ResourceRunnerUITests.build/Script-E20000000000000000000001.sh (in target 'ResourceRunnerUITests' from project 'ResourceRunner')
    cd /Users/zipkero/XcodeProjects/ResourceRunner
    export ACTION\=build
    export AD_HOC_CODE_SIGNING_ALLOWED\=YES
    export ALLOW_BUILD_REQUEST_OVERRIDES\=NO
    export ALLOW_TARGET_PLATFORM_SPECIALIZATION\=NO
    export ALTERNATE_GROUP\=staff
    export ALTERNATE_MODE\=u+w,go-w,a+rX
    export ALTERNATE_OWNER\=zipkero
    export ALTERNATIVE_DISTRIBUTION_WEB\=NO
    export ALWAYS_EMBED_SWIFT_STANDARD_LIBRARIES\=NO
    export ALWAYS_SEARCH_USER_PATHS\=NO
    export ALWAYS_USE_SEPARATE_HEADERMAPS\=NO
    export APPLICATION_EXTENSION_API_ONLY\=NO
    export APPLY_RULES_IN_COPY_FILES\=NO
    export APPLY_RULES_IN_COPY_HEADERS\=NO
    export APP_SHORTCUTS_ENABLE_FLEXIBLE_MATCHING\=YES
    export ARCHS\=arm64
    export ARCHS_BASE\=arm64
    export ARCHS_STANDARD\=arm64\ x86_64
    export ARCHS_STANDARD_32_64_BIT\=arm64\ x86_64\ i386
    export ARCHS_STANDARD_32_BIT\=i386
    export ARCHS_STANDARD_64_BIT\=arm64\ x86_64
    export ARCHS_STANDARD_INCLUDING_64_BIT\=arm64\ x86_64
    export ASSETCATALOG_COMPILER_GENERATE_SWIFT_ASSET_SYMBOL_EXTENSIONS\=YES
    export AUTOMATICALLY_MERGE_DEPENDENCIES\=NO
    export AUTOMATION_APPLE_EVENTS\=NO
    export AVAILABLE_PLATFORMS\=android\ appletvos\ appletvsimulator\ driverkit\ freebsd\ iphoneos\ iphonesimulator\ linux\ macosx\ none\ openbsd\ qnx\ watchos\ watchsimulator\ webassembly\ xros\ xrsimulator
    export BUILD_ACTIVE_RESOURCES_ONLY\=NO
    export BUILD_COMPONENTS\=headers\ build
    export BUILD_DIR\=/tmp/ResourceRunner-M3-task009-full/Build/Products
    export BUILD_LIBRARY_FOR_DISTRIBUTION\=NO
    export BUILD_ONLY_KNOWN_LOCALIZATIONS\=NO
    export BUILD_ROOT\=/tmp/ResourceRunner-M3-task009-full/Build/Products
    export BUILD_STYLE\=
    export BUILD_VARIANTS\=normal
    export BUILT_PRODUCTS_DIR\=/tmp/ResourceRunner-M3-task009-full/Build/Products/Debug
    export BUNDLE_CONTENTS_FOLDER_PATH\=Contents/
    export BUNDLE_CONTENTS_FOLDER_PATH_deep\=Contents/
    export BUNDLE_EXECUTABLE_FOLDER_NAME_deep\=MacOS
    export BUNDLE_EXECUTABLE_FOLDER_PATH\=Contents/MacOS
    export BUNDLE_EXTENSIONS_FOLDER_PATH\=Contents/Extensions
    export BUNDLE_FORMAT\=deep
    export BUNDLE_FRAMEWORKS_FOLDER_PATH\=Contents/Frameworks
    export BUNDLE_PLUGINS_FOLDER_PATH\=Contents/PlugIns
    export BUNDLE_PRIVATE_HEADERS_FOLDER_PATH\=Contents/PrivateHeaders
    export BUNDLE_PUBLIC_HEADERS_FOLDER_PATH\=Contents/Headers
    export CACHE_ROOT\=/var/folders/dk/wdd8br81397gt8_3sby166cc0000gn/C/com.apple.DeveloperTools/26.6-17F113/Xcode
    export CCHROOT\=/var/folders/dk/wdd8br81397gt8_3sby166cc0000gn/C/com.apple.DeveloperTools/26.6-17F113/Xcode
    export CHMOD\=/bin/chmod
    export CHOWN\=chown
    export CLANG_ANALYZER_NONNULL\=YES
    export CLANG_ANALYZER_NUMBER_OBJECT_CONVERSION\=YES_AGGRESSIVE
    export CLANG_CACHE_FINE_GRAINED_OUTPUTS\=YES
    export CLANG_COVERAGE_MAPPING\=YES
    export CLANG_CXX_LANGUAGE_STANDARD\=gnu++20
    export CLANG_ENABLE_EXPLICIT_MODULES\=YES
    export CLANG_ENABLE_MODULES\=YES
    export CLANG_ENABLE_OBJC_ARC\=YES
    export CLANG_ENABLE_OBJC_WEAK\=YES
    export CLANG_MODULES_BUILD_SESSION_FILE\=/tmp/ResourceRunner-M3-task009-full/ModuleCache.noindex/Session.modulevalidation
    export CLANG_PROFILE_DATA_DIRECTORY\=/tmp/ResourceRunner-M3-task009-full/Build/ProfileData
    export CLANG_WARN_BLOCK_CAPTURE_AUTORELEASING\=YES
    export CLANG_WARN_BOOL_CONVERSION\=YES
    export CLANG_WARN_COMMA\=YES
    export CLANG_WARN_CONSTANT_CONVERSION\=YES
    export CLANG_WARN_DEPRECATED_OBJC_IMPLEMENTATIONS\=YES
    export CLANG_WARN_DIRECT_OBJC_ISA_USAGE\=YES_ERROR
    export CLANG_WARN_DOCUMENTATION_COMMENTS\=YES
    export CLANG_WARN_EMPTY_BODY\=YES
    export CLANG_WARN_ENUM_CONVERSION\=YES
    export CLANG_WARN_INFINITE_RECURSION\=YES
    export CLANG_WARN_INT_CONVERSION\=YES
    export CLANG_WARN_NON_LITERAL_NULL_CONVERSION\=YES
    export CLANG_WARN_OBJC_IMPLICIT_RETAIN_SELF\=YES
    export CLANG_WARN_OBJC_LITERAL_CONVERSION\=YES
    export CLANG_WARN_OBJC_ROOT_CLASS\=YES_ERROR
    export CLANG_WARN_QUOTED_INCLUDE_IN_FRAMEWORK_HEADER\=YES
    export CLANG_WARN_RANGE_LOOP_ANALYSIS\=YES
    export CLANG_WARN_STRICT_PROTOTYPES\=YES
    export CLANG_WARN_SUSPICIOUS_MOVE\=YES
    export CLANG_WARN_UNGUARDED_AVAILABILITY\=YES_AGGRESSIVE
    export CLANG_WARN_UNREACHABLE_CODE\=YES
    export CLANG_WARN__DUPLICATE_METHOD_MATCH\=YES
    export CLASS_FILE_DIR\=/tmp/ResourceRunner-M3-task009-full/Build/Intermediates.noindex/ResourceRunner.build/Debug/ResourceRunnerUITests.build/JavaClasses
    export CLEAN_PRECOMPS\=YES
    export CLONE_HEADERS\=NO
    export CODESIGNING_FOLDER_PATH\=/tmp/ResourceRunner-M3-task009-full/Build/Products/Debug/ResourceRunnerUITests-Runner.app/Contents/PlugIns/ResourceRunnerUITests.xctest
    export CODE_SIGNING_ALLOWED\=YES
    export CODE_SIGNING_REQUIRED\=YES
    export CODE_SIGN_IDENTITY\=-
    export CODE_SIGN_IDENTITY_NO\=Apple\ Development
    export CODE_SIGN_IDENTITY_YES\=-
    export CODE_SIGN_INJECT_BASE_ENTITLEMENTS\=YES
    export CODE_SIGN_STYLE\=Automatic
    export COLOR_DIAGNOSTICS\=NO
    export COMBINE_HIDPI_IMAGES\=NO
    export COMPILATION_CACHE_CAS_PATH\=/tmp/ResourceRunner-M3-task009-full/CompilationCache.noindex
    export COMPILATION_CACHE_KEEP_CAS_DIRECTORY\=YES
    export COMPILER_INDEX_STORE_ENABLE\=Default
    export COMPOSITE_SDK_DIRS\=/tmp/ResourceRunner-M3-task009-full/Build/Intermediates.noindex/CompositeSDKs
    export COMPRESS_PNG_FILES\=NO
    export CONFIGURATION\=Debug
    export CONFIGURATION_BUILD_DIR\=/tmp/ResourceRunner-M3-task009-full/Build/Products/Debug
    export CONFIGURATION_TEMP_DIR\=/tmp/ResourceRunner-M3-task009-full/Build/Intermediates.noindex/ResourceRunner.build/Debug
    export CONTENTS_FOLDER_PATH\=ResourceRunnerUITests.xctest/Contents
    export CONTENTS_FOLDER_PATH_SHALLOW_BUNDLE_NO\=ResourceRunnerUITests.xctest/Contents
    export CONTENTS_FOLDER_PATH_SHALLOW_BUNDLE_YES\=ResourceRunnerUITests.xctest
    export COPYING_PRESERVES_HFS_DATA\=NO
    export COPY_HEADERS_RUN_UNIFDEF\=NO
    export COPY_PHASE_STRIP\=NO
    export CP\=/bin/cp
    export CREATE_INFOPLIST_SECTION_IN_BINARY\=NO
    export CURRENT_ARCH\=undefined_arch
    export CURRENT_PROJECT_VERSION\=1
    export CURRENT_VARIANT\=normal
    export DEAD_CODE_STRIPPING\=NO
    export DEBUGGING_SYMBOLS\=YES
    export DEBUG_INFORMATION_FORMAT\=dwarf
    export DEBUG_INFORMATION_VERSION\=compiler-default
    export DEFAULT_COMPILER\=com.apple.compilers.llvm.clang.1_0
    export DEFAULT_DEXT_INSTALL_PATH\=/System/Library/DriverExtensions
    export DEFAULT_KEXT_INSTALL_PATH\=/System/Library/Extensions
    export DEFINES_MODULE\=NO
    export DEPLOYMENT_LOCATION\=NO
    export DEPLOYMENT_POSTPROCESSING\=NO
    export DEPLOYMENT_TARGET_SETTING_NAME\=MACOSX_DEPLOYMENT_TARGET
    export DEPLOYMENT_TARGET_SUGGESTED_VALUES\=10.13\ 10.14\ 10.15\ 11.0\ 11.1\ 11.2\ 11.3\ 11.4\ 11.5\ 12.0\ 12.2\ 12.3\ 12.4\ 13.0\ 13.1\ 13.2\ 13.3\ 13.4\ 13.5\ 14.0\ 14.1\ 14.2\ 14.3\ 14.4\ 14.5\ 14.6\ 15.0\ 15.1\ 15.2\ 15.3\ 15.4\ 15.5\ 15.6\ 26.0\ 26.1\ 26.2\ 26.3\ 26.4\ 26.5
    export DERIVED_FILES_DIR\=/tmp/ResourceRunner-M3-task009-full/Build/Intermediates.noindex/ResourceRunner.build/Debug/ResourceRunnerUITests.build/DerivedSources
    export DERIVED_FILE_DIR\=/tmp/ResourceRunner-M3-task009-full/Build/Intermediates.noindex/ResourceRunner.build/Debug/ResourceRunnerUITests.build/DerivedSources
    export DERIVED_SOURCES_DIR\=/tmp/ResourceRunner-M3-task009-full/Build/Intermediates.noindex/ResourceRunner.build/Debug/ResourceRunnerUITests.build/DerivedSources
    export DEVELOPER_APPLICATIONS_DIR\=/Applications/Xcode.app/Contents/Developer/Applications
    export DEVELOPER_BIN_DIR\=/Applications/Xcode.app/Contents/Developer/usr/bin
    export DEVELOPER_DIR\=/Applications/Xcode.app/Contents/Developer
    export DEVELOPER_FRAMEWORKS_DIR\=/Applications/Xcode.app/Contents/Developer/Library/Frameworks
    export DEVELOPER_FRAMEWORKS_DIR_QUOTED\=/Applications/Xcode.app/Contents/Developer/Library/Frameworks
    export DEVELOPER_LIBRARY_DIR\=/Applications/Xcode.app/Contents/Developer/Library
    export DEVELOPER_SDK_DIR\=/Applications/Xcode.app/Contents/Developer/Platforms/MacOSX.platform/Developer/SDKs
    export DEVELOPER_TOOLS_DIR\=/Applications/Xcode.app/Contents/Developer/Tools
    export DEVELOPER_USR_DIR\=/Applications/Xcode.app/Contents/Developer/usr
    export DEVELOPMENT_LANGUAGE\=en
    export DIAGNOSE_MISSING_TARGET_DEPENDENCIES\=YES
    export DIFF\=/usr/bin/diff
    export DOCUMENTATION_FOLDER_PATH\=ResourceRunnerUITests.xctest/Contents/Resources/en.lproj/Documentation
    export DONT_GENERATE_INFOPLIST_FILE\=NO
    export DSTROOT\=/tmp/ResourceRunner.dst
    export DT_TOOLCHAIN_DIR\=/Applications/Xcode.app/Contents/Developer/Toolchains/XcodeDefault.xctoolchain
    export DUMP_DEPENDENCIES\=NO
    export DUMP_DEPENDENCIES_OUTPUT_PATH\=/tmp/ResourceRunner-M3-task009-full/Build/Intermediates.noindex/ResourceRunner.build/Debug/ResourceRunnerUITests.build/ResourceRunnerUITests-BuildDependencyInfo.json
    export DWARF_DSYM_FILE_NAME\=ResourceRunnerUITests.xctest.dSYM
    export DWARF_DSYM_FILE_SHOULD_ACCOMPANY_PRODUCT\=NO
    export DWARF_DSYM_FOLDER_PATH\=/tmp/ResourceRunner-M3-task009-full/Build/Products/Debug/ResourceRunnerUITests-Runner.app/Contents/PlugIns
    export DYNAMIC_LIBRARY_EXTENSION\=dylib
    export EAGER_COMPILATION_ALLOW_SCRIPTS\=NO
    export EAGER_LINKING\=NO
    export EFFECTIVE_SWIFT_VERSION\=5
    export EMBEDDED_CONTENT_CONTAINS_SWIFT\=NO
    export EMBEDDED_PROFILE_NAME\=embedded.provisionprofile
    export EMBED_ASSET_PACKS_IN_PRODUCT_BUNDLE\=NO
    export ENABLE_APP_SANDBOX\=NO
    export ENABLE_CODE_COVERAGE\=YES
    export ENABLE_COHORT_ARCHS\=NO
    export ENABLE_CPLUSPLUS_BOUNDS_SAFE_BUFFERS\=NO
    export ENABLE_C_BOUNDS_SAFETY\=NO
    export ENABLE_DEFAULT_HEADER_SEARCH_PATHS\=YES
    export ENABLE_DEFAULT_SEARCH_PATHS\=YES
    export ENABLE_ENHANCED_SECURITY\=NO
    export ENABLE_HARDENED_RUNTIME\=NO
    export ENABLE_HEADER_DEPENDENCIES\=YES
    export ENABLE_INCOMING_NETWORK_CONNECTIONS\=NO
    export ENABLE_ON_DEMAND_RESOURCES\=NO
    export ENABLE_OUTGOING_NETWORK_CONNECTIONS\=NO
    export ENABLE_POINTER_AUTHENTICATION\=NO
    export ENABLE_PREVIEWS\=NO
    export ENABLE_RESOURCE_ACCESS_AUDIO_INPUT\=NO
    export ENABLE_RESOURCE_ACCESS_BLUETOOTH\=NO
    export ENABLE_RESOURCE_ACCESS_CALENDARS\=NO
    export ENABLE_RESOURCE_ACCESS_CAMERA\=NO
    export ENABLE_RESOURCE_ACCESS_CONTACTS\=NO
    export ENABLE_RESOURCE_ACCESS_LOCATION\=NO
    export ENABLE_RESOURCE_ACCESS_PHOTO_LIBRARY\=NO
    export ENABLE_RESOURCE_ACCESS_PRINTING\=NO
    export ENABLE_RESOURCE_ACCESS_USB\=NO
    export ENABLE_SDK_IMPORTS\=NO
    export ENABLE_SECURITY_COMPILER_WARNINGS\=NO
    export ENABLE_STRICT_OBJC_MSGSEND\=YES
    export ENABLE_TESTABILITY\=YES
    export ENABLE_TESTING_SEARCH_PATHS\=YES
    export ENABLE_USER_SCRIPT_SANDBOXING\=NO
    export ENABLE_XOJIT_PREVIEWS\=YES
    export ENFORCE_VALID_ARCHS\=YES
    export ENTITLEMENTS_DESTINATION\=Signature
    export ENTITLEMENTS_REQUIRED\=YES
    export EXCLUDED_INSTALLSRC_SUBDIRECTORY_PATTERNS\=.DS_Store\ .svn\ .git\ .hg\ CVS
    export EXCLUDED_RECURSIVE_SEARCH_PATH_SUBDIRECTORIES\=\*.nib\ \*.lproj\ \*.framework\ \*.gch\ \*.xcode\*\ \*.xcassets\ \*.icon\ \(\*\)\ .DS_Store\ CVS\ .svn\ .git\ .hg\ \*.pbproj\ \*.pbxproj
    export EXECUTABLES_FOLDER_PATH\=ResourceRunnerUITests.xctest/Contents/Executables
    export EXECUTABLE_FOLDER_PATH\=ResourceRunnerUITests.xctest/Contents/MacOS
    export EXECUTABLE_FOLDER_PATH_SHALLOW_BUNDLE_NO\=ResourceRunnerUITests.xctest/Contents/MacOS
    export EXECUTABLE_FOLDER_PATH_SHALLOW_BUNDLE_YES\=ResourceRunnerUITests.xctest/Contents
    export EXECUTABLE_NAME\=ResourceRunnerUITests
    export EXECUTABLE_PATH\=ResourceRunnerUITests.xctest/Contents/MacOS/ResourceRunnerUITests
    export EXPANDED_CODE_SIGN_IDENTITY\=-
    export EXPANDED_CODE_SIGN_IDENTITY_NAME\=Sign\ to\ Run\ Locally
    export EXTENSIONS_FOLDER_PATH\=ResourceRunnerUITests.xctest/Contents/Extensions
    export FILE_LIST\=/tmp/ResourceRunner-M3-task009-full/Build/Intermediates.noindex/ResourceRunner.build/Debug/ResourceRunnerUITests.build/Objects/LinkFileList
    export FIXED_FILES_DIR\=/tmp/ResourceRunner-M3-task009-full/Build/Intermediates.noindex/ResourceRunner.build/Debug/ResourceRunnerUITests.build/FixedFiles
    export FRAMEWORKS_FOLDER_PATH\=ResourceRunnerUITests.xctest/Contents/Frameworks
    export FRAMEWORK_FLAG_PREFIX\=-framework
    export FRAMEWORK_SEARCH_PATHS\=/tmp/ResourceRunner-M3-task009-full/Build/Products/Debug\ 
    export FRAMEWORK_VERSION\=A
    export FULL_PRODUCT_NAME\=ResourceRunnerUITests.xctest
    export FUSE_BUILD_PHASES\=YES
    export FUSE_BUILD_SCRIPT_PHASES\=NO
    export GCC3_VERSION\=3.3
    export GCC_C_LANGUAGE_STANDARD\=gnu17
    export GCC_DYNAMIC_NO_PIC\=NO
    export GCC_INLINES_ARE_PRIVATE_EXTERN\=YES
    export GCC_NO_COMMON_BLOCKS\=YES
    export GCC_OPTIMIZATION_LEVEL\=0
    export GCC_PFE_FILE_C_DIALECTS\=c\ objective-c\ c++\ objective-c++
    export GCC_PREPROCESSOR_DEFINITIONS\=DEBUG\=1\ 
    export GCC_TREAT_WARNINGS_AS_ERRORS\=NO
    export GCC_VERSION\=com.apple.compilers.llvm.clang.1_0
    export GCC_VERSION_IDENTIFIER\=com_apple_compilers_llvm_clang_1_0
    export GCC_WARN_64_TO_32_BIT_CONVERSION\=YES
    export GCC_WARN_ABOUT_RETURN_TYPE\=YES_ERROR
    export GCC_WARN_UNDECLARED_SELECTOR\=YES
    export GCC_WARN_UNINITIALIZED_AUTOS\=YES_AGGRESSIVE
    export GCC_WARN_UNUSED_FUNCTION\=YES
    export GCC_WARN_UNUSED_VARIABLE\=YES
    export GENERATED_MODULEMAP_DIR\=/tmp/ResourceRunner-M3-task009-full/Build/Intermediates.noindex/GeneratedModuleMaps
    export GENERATED_TEST_ENTRY_POINT_PATH\=/tmp/ResourceRunner-M3-task009-full/Build/Intermediates.noindex/ResourceRunner.build/Debug/ResourceRunnerUITests.build/DerivedSources/test_entry_point.swift
    export GENERATE_INFOPLIST_FILE\=YES
    export GENERATE_INTERMEDIATE_TEXT_BASED_STUBS\=YES
    export GENERATE_PKGINFO_FILE\=NO
    export GENERATE_PRELINK_OBJECT_FILE\=NO
    export GENERATE_PROFILING_CODE\=NO
    export GENERATE_TEXT_BASED_STUBS\=NO
    export GID\=20
    export GROUP\=staff
    export HEADERMAP_INCLUDES_FLAT_ENTRIES_FOR_TARGET_BEING_BUILT\=YES
    export HEADERMAP_INCLUDES_FRAMEWORK_ENTRIES_FOR_ALL_PRODUCT_TYPES\=YES
    export HEADERMAP_INCLUDES_FRAMEWORK_ENTRIES_FOR_TARGETS_NOT_BEING_BUILT\=YES
    export HEADERMAP_INCLUDES_NONPUBLIC_NONPRIVATE_HEADERS\=YES
    export HEADERMAP_INCLUDES_PROJECT_HEADERS\=YES
    export HEADERMAP_USES_FRAMEWORK_PREFIX_ENTRIES\=YES
    export HEADERMAP_USES_VFS\=NO
    export HEADER_SEARCH_PATHS\=/tmp/ResourceRunner-M3-task009-full/Build/Products/Debug/include\ 
    export HOME\=/Users/zipkero
    export HOST_ARCH\=arm64
    export HOST_PLATFORM\=macosx
    export ICONV\=/usr/bin/iconv
    export IMPLICIT_DEPENDENCY_DOMAIN\=default
    export INDEX_STORE_COMPRESS\=NO
    export INDEX_STORE_ONLY_PROJECT_FILES\=NO
    export INFOPLIST_ENABLE_CFBUNDLEICONS_MERGE\=YES
    export INFOPLIST_EXPAND_BUILD_SETTINGS\=YES
    export INFOPLIST_OUTPUT_FORMAT\=same-as-input
    export INFOPLIST_PATH\=ResourceRunnerUITests.xctest/Contents/Info.plist
    export INFOPLIST_PREPROCESS\=NO
    export INFOSTRINGS_PATH\=ResourceRunnerUITests.xctest/Contents/Resources/en.lproj/InfoPlist.strings
    export INLINE_PRIVATE_FRAMEWORKS\=NO
    export INSTALLAPI_IGNORE_SKIP_INSTALL\=YES
    export INSTALLHDRS_COPY_PHASE\=NO
    export INSTALLHDRS_SCRIPT_PHASE\=NO
    export INSTALL_DIR\=/tmp/ResourceRunner.dst
    export INSTALL_GROUP\=staff
    export INSTALL_MODE_FLAG\=u+w,go-w,a+rX
    export INSTALL_OWNER\=zipkero
    export INSTALL_ROOT\=/tmp/ResourceRunner.dst
    export IOS_UNZIPPERED_TWIN_PREFIX_PATH\=/System/iOSSupport
    export IS_MACCATALYST\=NO
    export IS_UNOPTIMIZED_BUILD\=YES
    export JAVAC_DEFAULT_FLAGS\=-J-Xms64m\ -J-XX:NewSize\=4M\ -J-Dfile.encoding\=UTF8
    export JAVA_APP_STUB\=/System/Library/Frameworks/JavaVM.framework/Resources/MacOS/JavaApplicationStub
    export JAVA_ARCHIVE_CLASSES\=YES
    export JAVA_ARCHIVE_TYPE\=JAR
    export JAVA_COMPILER\=/usr/bin/javac
    export JAVA_FOLDER_PATH\=ResourceRunnerUITests.xctest/Contents/Resources/Java
    export JAVA_FRAMEWORK_RESOURCES_DIRS\=Resources
    export JAVA_JAR_FLAGS\=cv
    export JAVA_SOURCE_SUBDIR\=.
    export JAVA_USE_DEPENDENCIES\=YES
    export JAVA_ZIP_FLAGS\=-urg
    export JIKES_DEFAULT_FLAGS\=+E\ +OLDCSO
    export KASAN_CFLAGS_CLASSIC\=-DKASAN\=1\ -DKASAN_CLASSIC\=1\ -fsanitize\=address\ -mllvm\ -asan-globals-live-support\ -mllvm\ -asan-force-dynamic-shadow
    export KASAN_CFLAGS_TBI\=-DKASAN\=1\ -DKASAN_TBI\=1\ -fsanitize\=kernel-hwaddress\ -mllvm\ -hwasan-recover\=0\ -mllvm\ -hwasan-instrument-atomics\=0\ -mllvm\ -hwasan-instrument-stack\=1\ -mllvm\ -hwasan-generate-tags-with-calls\=1\ -mllvm\ -hwasan-instrument-with-calls\=1\ -mllvm\ -hwasan-use-short-granules\=0\ -mllvm\ -hwasan-memory-access-callback-prefix\=__asan_
    export KASAN_DEFAULT_CFLAGS\=-DKASAN\=1\ -DKASAN_CLASSIC\=1\ -fsanitize\=address\ -mllvm\ -asan-globals-live-support\ -mllvm\ -asan-force-dynamic-shadow
    export KEEP_PRIVATE_EXTERNS\=NO
    export LD_DEPENDENCY_INFO_FILE\=/tmp/ResourceRunner-M3-task009-full/Build/Intermediates.noindex/ResourceRunner.build/Debug/ResourceRunnerUITests.build/Objects-normal/undefined_arch/ResourceRunnerUITests_dependency_info.dat
    export LD_EXPORT_SYMBOLS\=YES
    export LD_GENERATE_MAP_FILE\=NO
    export LD_MAP_FILE_PATH\=/tmp/ResourceRunner-M3-task009-full/Build/Intermediates.noindex/ResourceRunner.build/Debug/ResourceRunnerUITests.build/ResourceRunnerUITests-LinkMap-normal-undefined_arch.txt
    export LD_NO_PIE\=NO
    export LD_QUOTE_LINKER_ARGUMENTS_FOR_COMPILER_DRIVER\=YES
    export LD_RUNPATH_SEARCH_PATHS\=\ @loader_path/../Frameworks
    export LD_RUNPATH_SEARCH_PATHS_SHALLOW_BUNDLE_NO\=@loader_path/../Frameworks
    export LD_RUNPATH_SEARCH_PATHS_SHALLOW_BUNDLE_YES\=@loader_path/Frameworks
    export LD_SHARED_CACHE_ELIGIBLE\=Automatic
    export LD_WARN_DUPLICATE_LIBRARIES\=NO
    export LD_WARN_UNUSED_DYLIBS\=NO
    export LEGACY_DEVELOPER_DIR\=/Applications/Xcode.app/Contents/PlugIns/Xcode3Core.ideplugin/Contents/SharedSupport/Developer
    export LEX\=lex
    export LIBRARY_DEXT_INSTALL_PATH\=/Library/DriverExtensions
    export LIBRARY_FLAG_NOSPACE\=YES
    export LIBRARY_FLAG_PREFIX\=-l
    export LIBRARY_KEXT_INSTALL_PATH\=/Library/Extensions
    export LIBRARY_SEARCH_PATHS\=/tmp/ResourceRunner-M3-task009-full/Build/Products/Debug\ \ \ /Applications/Xcode.app/Contents/Developer/Platforms/MacOSX.platform/Developer/usr/lib
    export LINKER_DISPLAYS_MANGLED_NAMES\=NO
    export LINK_FILE_LIST_normal_arm64\=/tmp/ResourceRunner-M3-task009-full/Build/Intermediates.noindex/ResourceRunner.build/Debug/ResourceRunnerUITests.build/Objects-normal/arm64/ResourceRunnerUITests.LinkFileList
    export LINK_OBJC_RUNTIME\=YES
    export LINK_WITH_STANDARD_LIBRARIES\=YES
    export LLVM_TARGET_TRIPLE_OS_VERSION\=macos26.5
    export LLVM_TARGET_TRIPLE_OS_VERSION_NO\=macos26.5
    export LLVM_TARGET_TRIPLE_OS_VERSION_YES\=macos26.5
    export LLVM_TARGET_TRIPLE_VENDOR\=apple
    export LM_AUX_CONST_METADATA_LIST_PATH_normal_arm64\=/tmp/ResourceRunner-M3-task009-full/Build/Intermediates.noindex/ResourceRunner.build/Debug/ResourceRunnerUITests.build/Objects-normal/arm64/ResourceRunnerUITests.SwiftConstValuesFileList
    export LOCALIZATION_EXPORT_SUPPORTED\=YES
    export LOCALIZATION_PREFERS_STRING_CATALOGS\=YES
    export LOCALIZED_RESOURCES_FOLDER_PATH\=ResourceRunnerUITests.xctest/Contents/Resources/en.lproj
    export LOCALIZED_STRING_CODE_COMMENTS\=NO
    export LOCALIZED_STRING_MACRO_NAMES\=NSLocalizedString\ CFCopyLocalizedString
    export LOCALIZED_STRING_SWIFTUI_SUPPORT\=YES
    export LOCAL_ADMIN_APPS_DIR\=/Applications/Utilities
    export LOCAL_APPS_DIR\=/Applications
    export LOCAL_DEVELOPER_DIR\=/Library/Developer
    export LOCAL_LIBRARY_DIR\=/Library
    export LOCROOT\=/Users/zipkero/XcodeProjects/ResourceRunner
    export LOCSYMROOT\=/Users/zipkero/XcodeProjects/ResourceRunner
    export MACH_O_TYPE\=mh_bundle
    export MACOSX_DEPLOYMENT_TARGET\=26.5
    export MAC_OS_X_PRODUCT_BUILD_VERSION\=25G83
    export MAC_OS_X_VERSION_ACTUAL\=260602
    export MAC_OS_X_VERSION_MAJOR\=260000
    export MAC_OS_X_VERSION_MINOR\=260600
    export MAKE_MERGEABLE\=NO
    export MARKETING_VERSION\=1.0
    export MERGEABLE_LIBRARY\=NO
    export MERGED_BINARY_TYPE\=none
    export MERGE_LINKED_LIBRARIES\=NO
    export METAL_LIBRARY_FILE_BASE\=default
    export METAL_LIBRARY_OUTPUT_DIR\=/tmp/ResourceRunner-M3-task009-full/Build/Products/Debug/ResourceRunnerUITests-Runner.app/Contents/PlugIns/ResourceRunnerUITests.xctest/Contents/Resources
    export MODULES_FOLDER_PATH\=ResourceRunnerUITests.xctest/Contents/Modules
    export MODULE_CACHE_DIR\=/tmp/ResourceRunner-M3-task009-full/ModuleCache.noindex
    export MTL_ENABLE_DEBUG_INFO\=INCLUDE_SOURCE
    export MTL_FAST_MATH\=YES
    export NATIVE_ARCH\=arm64
    export NATIVE_ARCH_32_BIT\=arm
    export NATIVE_ARCH_64_BIT\=arm64
    export NATIVE_ARCH_ACTUAL\=arm64
    export NO_COMMON\=YES
    export OBJECT_FILE_DIR\=/tmp/ResourceRunner-M3-task009-full/Build/Intermediates.noindex/ResourceRunner.build/Debug/ResourceRunnerUITests.build/Objects
    export OBJECT_FILE_DIR_normal\=/tmp/ResourceRunner-M3-task009-full/Build/Intermediates.noindex/ResourceRunner.build/Debug/ResourceRunnerUITests.build/Objects-normal
    export OBJROOT\=/tmp/ResourceRunner-M3-task009-full/Build/Intermediates.noindex
    export ONLY_ACTIVE_ARCH\=YES
    export OS\=MACOS
    export OSAC\=/usr/bin/osacompile
    export OTHER_SWIFT_FLAGS\=\ -module-alias\ Testing\=_Testing_Unavailable\ -plugin-path\ /Applications/Xcode.app/Contents/Developer/Toolchains/XcodeDefault.xctoolchain/usr/lib/swift/host/plugins/testing
    export PACKAGE_TYPE\=com.apple.package-type.bundle.unit-test
    export PASCAL_STRINGS\=YES
    export PATH\=/Applications/Xcode.app/Contents/SharedFrameworks/SwiftBuild.framework/Versions/A/PlugIns/SWBBuildService.bundle/Contents/PlugIns/SWBUniversalPlatformPlugin.bundle/Contents/Frameworks/SWBUniversalPlatform.framework/Resources:/Applications/Xcode.app/Contents/Developer/Toolchains/XcodeDefault.xctoolchain/usr/bin:/Applications/Xcode.app/Contents/Developer/Toolchains/XcodeDefault.xctoolchain/usr/local/bin:/Applications/Xcode.app/Contents/Developer/Toolchains/XcodeDefault.xctoolchain/usr/libexec:/Applications/Xcode.app/Contents/Developer/Platforms/MacOSX.platform/usr/bin:/Applications/Xcode.app/Contents/Developer/Platforms/MacOSX.platform/usr/local/bin:/Applications/Xcode.app/Contents/Developer/Platforms/MacOSX.platform/Developer/usr/bin:/Applications/Xcode.app/Contents/Developer/Platforms/MacOSX.platform/Developer/usr/local/bin:/Applications/Xcode.app/Contents/Developer/usr/bin:/Applications/Xcode.app/Contents/Developer/usr/local/bin:/Users/zipkero/.codex/packages/standalone/releases/0.159.3-aarch64-apple-darwin/codex-path:/Users/zipkero/.nvm/versions/node/v24.15.0/bin:/Users/zipkero/.local/bin:/usr/local/bin:/System/Cryptexes/App/usr/bin:/usr/bin:/bin:/usr/sbin:/sbin:/var/run/com.apple.security.cryptexd/codex.system/bootstrap/usr/local/bin:/var/run/com.apple.security.cryptexd/codex.system/bootstrap/usr/bin:/var/run/com.apple.security.cryptexd/codex.system/bootstrap/usr/appleinternal/bin:/pkg/env/global/bin:/Library/Apple/usr/bin:/usr/local/share/dotnet:/opt/homebrew/bin:/Users/zipkero/.codex/tmp/arg0/codex-arg0cUdpDo:/Applications/Orca.app/Contents/Resources/bin:/Users/zipkero/Library/Application\ Support/JetBrains/Toolbox/scripts:/Users/zipkero/.orbstack/bin:/Users/zipkero/go/bin:/Users/zipkero/.volta/bin:/Users/zipkero/.asdf/shims:/Users/zipkero/.fnm/aliases/default/bin:/Users/zipkero/.local/share/mise/shims:/Users/zipkero/Library/pnpm:/Users/zipkero/.yarn/bin:/Users/zipkero/.bun/bin:/opt/homebrew/sbin:/usr/local/sbin:/nix/var/nix/profiles/default/bin:/Users/zipkero/bin:/Users/zipkero/.nix-profile/bin:/Users/zipkero/.opencode/bin:/Users/zipkero/.vite-plus/bin
    export PATH_PREFIXES_EXCLUDED_FROM_HEADER_DEPENDENCIES\=/usr/include\ /usr/local/include\ /System/Library/Frameworks\ /System/Library/PrivateFrameworks\ /Applications/Xcode.app/Contents/Developer/Headers\ /Applications/Xcode.app/Contents/Developer/SDKs\ /Applications/Xcode.app/Contents/Developer/Platforms
    export PBDEVELOPMENTPLIST_PATH\=ResourceRunnerUITests.xctest/Contents/pbdevelopment.plist
    export PER_ARCH_MODULE_FILE_DIR\=/tmp/ResourceRunner-M3-task009-full/Build/Intermediates.noindex/ResourceRunner.build/Debug/ResourceRunnerUITests.build/Objects-normal/undefined_arch
    export PER_ARCH_OBJECT_FILE_DIR\=/tmp/ResourceRunner-M3-task009-full/Build/Intermediates.noindex/ResourceRunner.build/Debug/ResourceRunnerUITests.build/Objects-normal/undefined_arch
    export PER_VARIANT_OBJECT_FILE_DIR\=/tmp/ResourceRunner-M3-task009-full/Build/Intermediates.noindex/ResourceRunner.build/Debug/ResourceRunnerUITests.build/Objects-normal
    export PKGINFO_FILE_PATH\=/tmp/ResourceRunner-M3-task009-full/Build/Intermediates.noindex/ResourceRunner.build/Debug/ResourceRunnerUITests.build/PkgInfo
    export PKGINFO_PATH\=ResourceRunnerUITests.xctest/Contents/PkgInfo
    export PLATFORM_DEVELOPER_APPLICATIONS_DIR\=/Applications/Xcode.app/Contents/Developer/Applications
    export PLATFORM_DEVELOPER_BIN_DIR\=/Applications/Xcode.app/Contents/Developer/usr/bin
    export PLATFORM_DEVELOPER_LIBRARY_DIR\=/Applications/Xcode.app/Contents/Developer/Library
    export PLATFORM_DEVELOPER_SDK_DIR\=/Applications/Xcode.app/Contents/Developer/Platforms/MacOSX.platform/Developer/SDKs
    export PLATFORM_DEVELOPER_TOOLS_DIR\=/Applications/Xcode.app/Contents/Developer/Tools
    export PLATFORM_DEVELOPER_USR_DIR\=/Applications/Xcode.app/Contents/Developer/usr
    export PLATFORM_DIR\=/Applications/Xcode.app/Contents/Developer/Platforms/MacOSX.platform
    export PLATFORM_DISPLAY_NAME\=macOS
    export PLATFORM_FAMILY_NAME\=macOS
    export PLATFORM_NAME\=macosx
    export PLATFORM_PREFERRED_ARCH\=x86_64
    export PLATFORM_PRODUCT_BUILD_VERSION\=25F70
    export PLATFORM_REQUIRES_SWIFT_AUTOLINK_EXTRACT\=NO
    export PLATFORM_REQUIRES_SWIFT_MODULEWRAP\=NO
    export PLATFORM_USES_DSYMS\=YES
    export PLIST_FILE_OUTPUT_FORMAT\=same-as-input
    export PLUGINS_FOLDER_PATH\=ResourceRunnerUITests.xctest/Contents/PlugIns
    export PRECOMPS_INCLUDE_HEADERS_FROM_BUILT_PRODUCTS_DIR\=YES
    export PRECOMP_DESTINATION_DIR\=/tmp/ResourceRunner-M3-task009-full/Build/Intermediates.noindex/ResourceRunner.build/Debug/ResourceRunnerUITests.build/PrefixHeaders
    export PRIVATE_HEADERS_FOLDER_PATH\=ResourceRunnerUITests.xctest/Contents/PrivateHeaders
    export PROCESSED_INFOPLIST_PATH\=/tmp/ResourceRunner-M3-task009-full/Build/Intermediates.noindex/ResourceRunner.build/Debug/ResourceRunnerUITests.build/Objects-normal/undefined_arch/Processed-Info.plist
    export PRODUCT_BUNDLE_IDENTIFIER\=com.zipkero.ResourceRunnerUITests
    export PRODUCT_BUNDLE_PACKAGE_TYPE\=BNDL
    export PRODUCT_MODULE_NAME\=ResourceRunnerUITests
    export PRODUCT_NAME\=ResourceRunnerUITests
    export PRODUCT_SETTINGS_PATH\=
    export PRODUCT_SPECIFIC_LDFLAGS\=-Xlinker\ -needed_framework\ -Xlinker\ XCTest\ -framework\ XCTest\ -Xlinker\ -needed-lXCTestSwiftSupport\ -lXCTestSwiftSupport
    export PRODUCT_TYPE\=com.apple.product-type.bundle.ui-testing
    export PRODUCT_TYPE_SWIFT_STDLIB_TOOL_FLAGS\=--scan-executable\ \"/Applications/Xcode.app/Contents/Developer/Platforms/MacOSX.platform/Developer/usr/lib/libXCTestSwiftSupport.dylib\"
    export PROFILING_CODE\=NO
    export PROJECT\=ResourceRunner
    export PROJECT_DERIVED_FILE_DIR\=/tmp/ResourceRunner-M3-task009-full/Build/Intermediates.noindex/ResourceRunner.build/DerivedSources
    export PROJECT_DIR\=/Users/zipkero/XcodeProjects/ResourceRunner
    export PROJECT_FILE_PATH\=/Users/zipkero/XcodeProjects/ResourceRunner/ResourceRunner.xcodeproj
    export PROJECT_GUID\=8c3503f0990367d409751a2585fa2393
    export PROJECT_NAME\=ResourceRunner
    export PROJECT_TEMP_DIR\=/tmp/ResourceRunner-M3-task009-full/Build/Intermediates.noindex/ResourceRunner.build
    export PROJECT_TEMP_ROOT\=/tmp/ResourceRunner-M3-task009-full/Build/Intermediates.noindex
    export PROVISIONING_PROFILE_DESTINATION_PATH\=/tmp/ResourceRunner-M3-task009-full/Build/Products/Debug/ResourceRunnerUITests-Runner.app/Contents/PlugIns/..
    export PROVISIONING_PROFILE_REQUIRED\=NO
    export PROVISIONING_PROFILE_SUPPORTED\=YES
    export PUBLIC_HEADERS_FOLDER_PATH\=ResourceRunnerUITests.xctest/Contents/Headers
    export RECOMMENDED_MACOSX_DEPLOYMENT_TARGET\=11.0
    export RECURSIVE_SEARCH_PATHS_FOLLOW_SYMLINKS\=YES
    export REMOVE_CVS_FROM_RESOURCES\=YES
    export REMOVE_GIT_FROM_RESOURCES\=YES
    export REMOVE_HEADERS_FROM_EMBEDDED_BUNDLES\=YES
    export REMOVE_HG_FROM_RESOURCES\=YES
    export REMOVE_STATIC_EXECUTABLES_FROM_EMBEDDED_BUNDLES\=YES
    export REMOVE_SVN_FROM_RESOURCES\=YES
    export RESCHEDULE_INDEPENDENT_HEADERS_PHASES\=YES
    export REZ_COLLECTOR_DIR\=/tmp/ResourceRunner-M3-task009-full/Build/Intermediates.noindex/ResourceRunner.build/Debug/ResourceRunnerUITests.build/ResourceManagerResources
    export REZ_OBJECTS_DIR\=/tmp/ResourceRunner-M3-task009-full/Build/Intermediates.noindex/ResourceRunner.build/Debug/ResourceRunnerUITests.build/ResourceManagerResources/Objects
    export REZ_SEARCH_PATHS\=/tmp/ResourceRunner-M3-task009-full/Build/Products/Debug\ 
    export RPATH_ORIGIN\=@loader_path
    export RUNTIME_EXCEPTION_ALLOW_DYLD_ENVIRONMENT_VARIABLES\=NO
    export RUNTIME_EXCEPTION_ALLOW_JIT\=NO
    export RUNTIME_EXCEPTION_ALLOW_UNSIGNED_EXECUTABLE_MEMORY\=NO
    export RUNTIME_EXCEPTION_DEBUGGING_TOOL\=NO
    export RUNTIME_EXCEPTION_DISABLE_EXECUTABLE_PAGE_PROTECTION\=NO
    export RUNTIME_EXCEPTION_DISABLE_LIBRARY_VALIDATION\=NO
    export SCANNING_PCM_KEEP_CACHE_DIRECTORY\=YES
    export SCAN_ALL_SOURCE_FILES_FOR_INCLUDES\=NO
    export SCRIPTS_FOLDER_PATH\=ResourceRunnerUITests.xctest/Contents/Resources/Scripts
    export SCRIPT_INPUT_FILE_0\=/Users/zipkero/XcodeProjects/ResourceRunner/ResourceRunnerUITests/ExpansionProcessFixture.cfixture
    export SCRIPT_INPUT_FILE_COUNT\=1
    export SCRIPT_INPUT_FILE_LIST_COUNT\=0
    export SCRIPT_OUTPUT_FILE_0\=/tmp/ResourceRunner-M3-task009-full/Build/Products/Debug/ResourceRunnerExpansionFixture
    export SCRIPT_OUTPUT_FILE_COUNT\=1
    export SCRIPT_OUTPUT_FILE_LIST_COUNT\=0
    export SDKROOT\=/Applications/Xcode.app/Contents/Developer/Platforms/MacOSX.platform/Developer/SDKs/MacOSX26.5.sdk
    export SDK_DIR\=/Applications/Xcode.app/Contents/Developer/Platforms/MacOSX.platform/Developer/SDKs/MacOSX26.5.sdk
    export SDK_DIR_macosx\=/Applications/Xcode.app/Contents/Developer/Platforms/MacOSX.platform/Developer/SDKs/MacOSX26.5.sdk
    export SDK_DIR_macosx26_5\=/Applications/Xcode.app/Contents/Developer/Platforms/MacOSX.platform/Developer/SDKs/MacOSX26.5.sdk
    export SDK_NAME\=macosx26.5
    export SDK_NAMES\=macosx26.5
    export SDK_PRODUCT_BUILD_VERSION\=25F70
    export SDK_STAT_CACHE_DIR\=/tmp/ResourceRunner-M3-task009-full
    export SDK_STAT_CACHE_ENABLE\=YES
    export SDK_STAT_CACHE_PATH\=/tmp/ResourceRunner-M3-task009-full/SDKStatCaches.noindex/macosx26.5-25F70-e082c4a02f00227109f4ed75e425c832.sdkstatcache
    export SDK_VERSION\=26.5
    export SDK_VERSION_ACTUAL\=260500
    export SDK_VERSION_MAJOR\=260000
    export SDK_VERSION_MINOR\=260500
    export SED\=/usr/bin/sed
    export SEPARATE_STRIP\=NO
    export SEPARATE_SYMBOL_EDIT\=NO
    export SET_DIR_MODE_OWNER_GROUP\=YES
    export SET_FILE_MODE_OWNER_GROUP\=NO
    export SHALLOW_BUNDLE\=NO
    export SHALLOW_BUNDLE_PLATFORM\=NO
    export SHALLOW_BUNDLE_TRIPLE\=macos
    export SHALLOW_BUNDLE_ios_macabi\=NO
    export SHALLOW_BUNDLE_macos\=NO
    export SHARED_DERIVED_FILE_DIR\=/tmp/ResourceRunner-M3-task009-full/Build/Products/Debug/DerivedSources
    export SHARED_FRAMEWORKS_FOLDER_PATH\=ResourceRunnerUITests.xctest/Contents/SharedFrameworks
    export SHARED_PRECOMPS_DIR\=/tmp/ResourceRunner-M3-task009-full/Build/Intermediates.noindex/PrecompiledHeaders
    export SHARED_SUPPORT_FOLDER_PATH\=ResourceRunnerUITests.xctest/Contents/SharedSupport
    export SKIP_INSTALL\=YES
    export SKIP_MERGEABLE_LIBRARY_BUNDLE_HOOK\=NO
    export SOURCE_ROOT\=/Users/zipkero/XcodeProjects/ResourceRunner
    export SRCROOT\=/Users/zipkero/XcodeProjects/ResourceRunner
    export STRINGSDATA_DIR\=/tmp/ResourceRunner-M3-task009-full/Build/Intermediates.noindex/ResourceRunner.build/Debug/ResourceRunnerUITests.build/Objects-normal/undefined_arch
    export STRINGSDATA_ROOT\=/tmp/ResourceRunner-M3-task009-full/Build/Intermediates.noindex/ResourceRunner.build/Debug/ResourceRunnerUITests.build
    export STRINGS_FILE_INFOPLIST_RENAME\=YES
    export STRINGS_FILE_OUTPUT_ENCODING\=UTF-16
    export STRING_CATALOG_GENERATE_SYMBOLS\=NO
    export STRIP_BITCODE_FROM_COPIED_FILES\=NO
    export STRIP_INSTALLED_PRODUCT\=NO
    export STRIP_PNG_TEXT\=NO
    export STRIP_STYLE\=non-global
    export STRIP_SWIFT_SYMBOLS\=YES
    export SUPPORTED_PLATFORMS\=macosx
    export SUPPORTS_TEXT_BASED_API\=NO
    export SUPPRESS_WARNINGS\=NO
    export SWIFT_ACTIVE_COMPILATION_CONDITIONS\=DEBUG\ 
    export SWIFT_APPROACHABLE_CONCURRENCY\=YES
    export SWIFT_EMIT_CONST_VALUE_PROTOCOLS\=AnyResolverProviding\ AppEntity\ AppEnum\ AppExtension\ AppIntent\ AppIntentsPackage\ AppShortcutProviding\ AppShortcutsProvider\ AppUnionValue\ AppUnionValueCasesProviding\ DynamicOptionsProvider\ EntityQuery\ ExtensionPointDefining\ IntentValueQuery\ Resolver\ TransientEntity\ _AssistantIntentsProvider\ _GenerativeFunctionExtractable\ _IntentValueRepresentable
    export SWIFT_EMIT_LOC_STRINGS\=NO
    export SWIFT_ENABLE_EXPLICIT_MODULES\=YES
    export SWIFT_OPTIMIZATION_LEVEL\=-Onone
    export SWIFT_PLATFORM_TARGET_PREFIX\=macos
    export SWIFT_RESPONSE_FILE_PATH_normal_arm64\=/tmp/ResourceRunner-M3-task009-full/Build/Intermediates.noindex/ResourceRunner.build/Debug/ResourceRunnerUITests.build/Objects-normal/arm64/ResourceRunnerUITests.SwiftFileList
    export SWIFT_UPCOMING_FEATURE_MEMBER_IMPORT_VISIBILITY\=YES
    export SWIFT_VERSION\=5.0
    export SYMROOT\=/tmp/ResourceRunner-M3-task009-full/Build/Products
    export SYSTEM_ADMIN_APPS_DIR\=/Applications/Utilities
    export SYSTEM_APPS_DIR\=/Applications
    export SYSTEM_CORE_SERVICES_DIR\=/System/Library/CoreServices
    export SYSTEM_DEMOS_DIR\=/Applications/Extras
    export SYSTEM_DEVELOPER_APPS_DIR\=/Applications/Xcode.app/Contents/Developer/Applications
    export SYSTEM_DEVELOPER_BIN_DIR\=/Applications/Xcode.app/Contents/Developer/usr/bin
    export SYSTEM_DEVELOPER_DEMOS_DIR\=/Applications/Xcode.app/Contents/Developer/Applications/Utilities/Built\ Examples
    export SYSTEM_DEVELOPER_DIR\=/Applications/Xcode.app/Contents/Developer
    export SYSTEM_DEVELOPER_DOC_DIR\=/Applications/Xcode.app/Contents/Developer/ADC\ Reference\ Library
    export SYSTEM_DEVELOPER_GRAPHICS_TOOLS_DIR\=/Applications/Xcode.app/Contents/Developer/Applications/Graphics\ Tools
    export SYSTEM_DEVELOPER_JAVA_TOOLS_DIR\=/Applications/Xcode.app/Contents/Developer/Applications/Java\ Tools
    export SYSTEM_DEVELOPER_PERFORMANCE_TOOLS_DIR\=/Applications/Xcode.app/Contents/Developer/Applications/Performance\ Tools
    export SYSTEM_DEVELOPER_RELEASENOTES_DIR\=/Applications/Xcode.app/Contents/Developer/ADC\ Reference\ Library/releasenotes
    export SYSTEM_DEVELOPER_TOOLS\=/Applications/Xcode.app/Contents/Developer/Tools
    export SYSTEM_DEVELOPER_TOOLS_DOC_DIR\=/Applications/Xcode.app/Contents/Developer/ADC\ Reference\ Library/documentation/DeveloperTools
    export SYSTEM_DEVELOPER_TOOLS_RELEASENOTES_DIR\=/Applications/Xcode.app/Contents/Developer/ADC\ Reference\ Library/releasenotes/DeveloperTools
    export SYSTEM_DEVELOPER_USR_DIR\=/Applications/Xcode.app/Contents/Developer/usr
    export SYSTEM_DEVELOPER_UTILITIES_DIR\=/Applications/Xcode.app/Contents/Developer/Applications/Utilities
    export SYSTEM_DEXT_INSTALL_PATH\=/System/Library/DriverExtensions
    export SYSTEM_DOCUMENTATION_DIR\=/Library/Documentation
    export SYSTEM_EXTENSIONS_FOLDER_PATH\=ResourceRunnerUITests.xctest/Contents/Library/SystemExtensions
    export SYSTEM_EXTENSIONS_FOLDER_PATH_SHALLOW_BUNDLE_NO\=ResourceRunnerUITests.xctest/Contents/Library/SystemExtensions
    export SYSTEM_EXTENSIONS_FOLDER_PATH_SHALLOW_BUNDLE_YES\=ResourceRunnerUITests.xctest/Contents/SystemExtensions
    export SYSTEM_FRAMEWORK_SEARCH_PATHS\=\ \ /Applications/Xcode.app/Contents/Developer/Platforms/MacOSX.platform/Developer/Library/Frameworks
    export SYSTEM_KEXT_INSTALL_PATH\=/System/Library/Extensions
    export SYSTEM_LIBRARY_DIR\=/System/Library
    export TAPI_DEMANGLE\=YES
    export TAPI_ENABLE_PROJECT_HEADERS\=NO
    export TAPI_LANGUAGE\=objective-c
    export TAPI_LANGUAGE_STANDARD\=compiler-default
    export TAPI_USE_SRCROOT\=YES
    export TAPI_VERIFY_MODE\=Pedantic
    export TARGETNAME\=ResourceRunnerUITests
    export TARGET_BUILD_DIR\=/tmp/ResourceRunner-M3-task009-full/Build/Products/Debug/ResourceRunnerUITests-Runner.app/Contents/PlugIns
    export TARGET_BUILD_SUBPATH\=/ResourceRunnerUITests-Runner.app/Contents/PlugIns
    export TARGET_NAME\=ResourceRunnerUITests
    export TARGET_TEMP_DIR\=/tmp/ResourceRunner-M3-task009-full/Build/Intermediates.noindex/ResourceRunner.build/Debug/ResourceRunnerUITests.build
    export TEMP_DIR\=/tmp/ResourceRunner-M3-task009-full/Build/Intermediates.noindex/ResourceRunner.build/Debug/ResourceRunnerUITests.build
    export TEMP_FILES_DIR\=/tmp/ResourceRunner-M3-task009-full/Build/Intermediates.noindex/ResourceRunner.build/Debug/ResourceRunnerUITests.build
    export TEMP_FILE_DIR\=/tmp/ResourceRunner-M3-task009-full/Build/Intermediates.noindex/ResourceRunner.build/Debug/ResourceRunnerUITests.build
    export TEMP_ROOT\=/tmp/ResourceRunner-M3-task009-full/Build/Intermediates.noindex
    export TEMP_SANDBOX_DIR\=/tmp/ResourceRunner-M3-task009-full/Build/Intermediates.noindex/TemporaryTaskSandboxes
    export TESTING_FRAMEWORK_MODULE_ALIAS_FLAGS\=-module-alias\ Testing\=_Testing_Unavailable
    export TEST_FRAMEWORK_SEARCH_PATHS\=\ /Applications/Xcode.app/Contents/Developer/Platforms/MacOSX.platform/Developer/Library/Frameworks
    export TEST_LIBRARY_SEARCH_PATHS\=\ /Applications/Xcode.app/Contents/Developer/Platforms/MacOSX.platform/Developer/usr/lib
    export TEST_TARGET_NAME\=ResourceRunner
    export TOOLCHAINS\=com.apple.dt.toolchain.XcodeDefault
    export TOOLCHAIN_DIR\=/Applications/Xcode.app/Contents/Developer/Toolchains/XcodeDefault.xctoolchain
    export TREAT_MISSING_BASELINES_AS_TEST_FAILURES\=NO
    export TREAT_MISSING_SCRIPT_PHASE_OUTPUTS_AS_ERRORS\=NO
    export UID\=501
    export UNINSTALLED_PRODUCTS_DIR\=/tmp/ResourceRunner-M3-task009-full/Build/Intermediates.noindex/UninstalledProducts
    export UNLOCALIZED_RESOURCES_FOLDER_PATH\=ResourceRunnerUITests.xctest/Contents/Resources
    export UNLOCALIZED_RESOURCES_FOLDER_PATH_SHALLOW_BUNDLE_NO\=ResourceRunnerUITests.xctest/Contents/Resources
    export UNLOCALIZED_RESOURCES_FOLDER_PATH_SHALLOW_BUNDLE_YES\=ResourceRunnerUITests.xctest/Contents
    export UNSTRIPPED_PRODUCT\=NO
    export USER\=zipkero
    export USER_APPS_DIR\=/Users/zipkero/Applications
    export USER_LIBRARY_DIR\=/Users/zipkero/Library
    export USES_XCTRUNNER\=YES
    export USE_DYNAMIC_NO_PIC\=YES
    export USE_HEADERMAP\=YES
    export USE_HEADER_SYMLINKS\=NO
    export VALIDATE_DEVELOPMENT_ASSET_PATHS\=YES_ERROR
    export VALIDATE_PRODUCT\=NO
    export VALID_ARCHS\=arm64\ arm64e\ i386\ x86_64
    export VERBOSE_PBXCP\=NO
    export VERSIONPLIST_PATH\=ResourceRunnerUITests.xctest/Contents/version.plist
    export VERSION_INFO_BUILDER\=zipkero
    export VERSION_INFO_FILE\=ResourceRunnerUITests_vers.c
    export VERSION_INFO_STRING\=\"@\(\#\)PROGRAM:ResourceRunnerUITests\ \ PROJECT:ResourceRunner-1\"
    export WORKSPACE_DIR\=/Users/zipkero/XcodeProjects/ResourceRunner/ResourceRunner.xcodeproj
    export WRAPPER_EXTENSION\=xctest
    export WRAPPER_NAME\=ResourceRunnerUITests.xctest
    export WRAPPER_SUFFIX\=.xctest
    export WRAP_ASSET_PACKS_IN_SEPARATE_DIRECTORIES\=NO
    export XCODE_APP_SUPPORT_DIR\=/Applications/Xcode.app/Contents/Developer/Library/Xcode
    export XCODE_PRODUCT_BUILD_VERSION\=17F113
    export XCODE_VERSION_ACTUAL\=2660
    export XCODE_VERSION_MAJOR\=2600
    export XCODE_VERSION_MINOR\=2660
    export XCTRUNNER_PRODUCT_NAME\=ResourceRunnerUITests-Runner.app
    export XPCSERVICES_FOLDER_PATH\=ResourceRunnerUITests.xctest/Contents/XPCServices
    export YACC\=yacc
    export _BOOL_\=NO
    export _BOOL_NO\=NO
    export _BOOL_YES\=YES
    export _DEVELOPMENT_TEAM_IS_EMPTY\=YES
    export _DISCOVER_COMMAND_LINE_LINKER_INPUTS\=YES
    export _DISCOVER_COMMAND_LINE_LINKER_INPUTS_INCLUDE_WL\=YES
    export _IS_EMPTY_\=YES
    export _LD_MULTIARCH\=YES
    export _MACOSX_DEPLOYMENT_TARGET_IS_EMPTY\=NO
    export _WRAPPER_CONTENTS_DIR\=/Contents
    export _WRAPPER_CONTENTS_DIR_SHALLOW_BUNDLE_NO\=/Contents
    export _WRAPPER_PARENT_PATH\=/..
    export _WRAPPER_PARENT_PATH_SHALLOW_BUNDLE_NO\=/..
    export _WRAPPER_RESOURCES_DIR\=/Resources
    export _WRAPPER_RESOURCES_DIR_SHALLOW_BUNDLE_NO\=/Resources
    export __DIAGNOSE_DEPRECATED_ARCHS\=YES
    export __IS_NOT_MACOS\=NO
    export __IS_NOT_MACOS_macosx\=NO
    export __ORIGINAL_SDK_DEFINED_LLVM_TARGET_TRIPLE_SYS\=macos
    export arch\=undefined_arch
    export variant\=normal
    /bin/sh -c /tmp/ResourceRunner-M3-task009-full/Build/Intermediates.noindex/ResourceRunner.build/Debug/ResourceRunnerUITests.build/Script-E20000000000000000000001.sh
/tmp/ResourceRunner-M3-task009-full/Build/Products/Debug/ResourceRunnerExpansionFixture/expansion-fixture-742003e8-7cf5-4125-a755-68995e81ab79: replacing existing signature

CopySwiftLibs /tmp/ResourceRunner-M3-task009-full/Build/Products/Debug/ResourceRunnerUITests-Runner.app/Contents/PlugIns/ResourceRunnerUITests.xctest (in target 'ResourceRunnerUITests' from project 'ResourceRunner')
    cd /Users/zipkero/XcodeProjects/ResourceRunner
    builtin-swiftStdLibTool --copy --verbose --sign - --scan-executable /tmp/ResourceRunner-M3-task009-full/Build/Products/Debug/ResourceRunnerUITests-Runner.app/Contents/PlugIns/ResourceRunnerUITests.xctest/Contents/MacOS/ResourceRunnerUITests --scan-folder /tmp/ResourceRunner-M3-task009-full/Build/Products/Debug/ResourceRunnerUITests-Runner.app/Contents/PlugIns/ResourceRunnerUITests.xctest/Contents/Frameworks --scan-folder /tmp/ResourceRunner-M3-task009-full/Build/Products/Debug/ResourceRunnerUITests-Runner.app/Contents/PlugIns/ResourceRunnerUITests.xctest/Contents/PlugIns --scan-folder /tmp/ResourceRunner-M3-task009-full/Build/Products/Debug/ResourceRunnerUITests-Runner.app/Contents/PlugIns/ResourceRunnerUITests.xctest/Contents/Library/SystemExtensions --scan-folder /tmp/ResourceRunner-M3-task009-full/Build/Products/Debug/ResourceRunnerUITests-Runner.app/Contents/PlugIns/ResourceRunnerUITests.xctest/Contents/Extensions --platform macosx --toolchain /Applications/Xcode.app/Contents/Developer/Toolchains/XcodeDefault.xctoolchain --destination /tmp/ResourceRunner-M3-task009-full/Build/Products/Debug/ResourceRunnerUITests-Runner.app/Contents/PlugIns/ResourceRunnerUITests.xctest/Contents/Frameworks --strip-bitcode --scan-executable /Applications/Xcode.app/Contents/Developer/Platforms/MacOSX.platform/Developer/usr/lib/libXCTestSwiftSupport.dylib --strip-bitcode-tool /Applications/Xcode.app/Contents/Developer/Toolchains/XcodeDefault.xctoolchain/usr/bin/bitcode_strip --emit-dependency-info /tmp/ResourceRunner-M3-task009-full/Build/Intermediates.noindex/ResourceRunner.build/Debug/ResourceRunnerUITests.build/SwiftStdLibToolInputDependencies.dep --filter-for-swift-os

ExtractAppIntentsMetadata (in target 'ResourceRunnerUITests' from project 'ResourceRunner')
    cd /Users/zipkero/XcodeProjects/ResourceRunner
    /Applications/Xcode.app/Contents/Developer/Toolchains/XcodeDefault.xctoolchain/usr/bin/appintentsmetadataprocessor --toolchain-dir /Applications/Xcode.app/Contents/Developer/Toolchains/XcodeDefault.xctoolchain --module-name ResourceRunnerUITests --sdk-root /Applications/Xcode.app/Contents/Developer/Platforms/MacOSX.platform/Developer/SDKs/MacOSX26.5.sdk --xcode-version 17F113 --platform-family macOS --deployment-target 26.5 --bundle-identifier com.zipkero.ResourceRunnerUITests --output /tmp/ResourceRunner-M3-task009-full/Build/Products/Debug/ResourceRunnerUITests-Runner.app/Contents/PlugIns/ResourceRunnerUITests.xctest/Contents/Resources --target-triple arm64-apple-macos26.5 --binary-file /tmp/ResourceRunner-M3-task009-full/Build/Products/Debug/ResourceRunnerUITests-Runner.app/Contents/PlugIns/ResourceRunnerUITests.xctest/Contents/MacOS/ResourceRunnerUITests --dependency-file /tmp/ResourceRunner-M3-task009-full/Build/Intermediates.noindex/ResourceRunner.build/Debug/ResourceRunnerUITests.build/Objects-normal/arm64/ResourceRunnerUITests_dependency_info.dat --stringsdata-file /tmp/ResourceRunner-M3-task009-full/Build/Intermediates.noindex/ResourceRunner.build/Debug/ResourceRunnerUITests.build/Objects-normal/arm64/ExtractedAppShortcutsMetadata.stringsdata --source-file-list /tmp/ResourceRunner-M3-task009-full/Build/Intermediates.noindex/ResourceRunner.build/Debug/ResourceRunnerUITests.build/Objects-normal/arm64/ResourceRunnerUITests.SwiftFileList --metadata-file-list /tmp/ResourceRunner-M3-task009-full/Build/Intermediates.noindex/ResourceRunner.build/Debug/ResourceRunnerUITests.build/ResourceRunnerUITests.DependencyMetadataFileList --static-metadata-file-list /tmp/ResourceRunner-M3-task009-full/Build/Intermediates.noindex/ResourceRunner.build/Debug/ResourceRunnerUITests.build/ResourceRunnerUITests.DependencyStaticMetadataFileList --swift-const-vals-list /tmp/ResourceRunner-M3-task009-full/Build/Intermediates.noindex/ResourceRunner.build/Debug/ResourceRunnerUITests.build/Objects-normal/arm64/ResourceRunnerUITests.SwiftConstValuesFileList --compile-time-extraction --deployment-aware-processing --validate-assistant-intents --no-app-shortcuts-localization
2026-10-01 23:30:28.733 appintentsmetadataprocessor[4574:45747507] Starting appintentsmetadataprocessor export
2026-10-01 23:30:28.734 appintentsmetadataprocessor[4574:45747507] warning: Metadata extraction skipped. No AppIntents.framework dependency found.

CopyPlistFile /tmp/ResourceRunner-M3-task009-full/Build/Products/Debug/ResourceRunnerUITests-Runner.app/Contents/Info.plist /Applications/Xcode.app/Contents/Developer/Platforms/MacOSX.platform/Developer/Library/Xcode/Agents/XCTRunner.app/Contents/Info.plist (in target 'ResourceRunnerUITests' from project 'ResourceRunner')
    cd /Users/zipkero/XcodeProjects/ResourceRunner
    builtin-copyPlist --validate --convert xml1 --macro-expansion WRAPPEDPRODUCTNAME ResourceRunnerUITests-Runner --macro-expansion WRAPPEDPRODUCTBUNDLEIDENTIFIER com.zipkero.ResourceRunnerUITests.xctrunner --macro-expansion TESTPRODUCTNAME ResourceRunnerUITests --macro-expansion TESTPRODUCTBUNDLEIDENTIFIER com.zipkero.ResourceRunnerUITests --copy-value UIDeviceFamily /tmp/ResourceRunner-M3-task009-full/Build/Products/Debug/ResourceRunnerUITests-Runner.app/Contents/PlugIns/ResourceRunnerUITests.xctest/Contents/Info.plist --outdir /tmp/ResourceRunner-M3-task009-full/Build/Products/Debug/ResourceRunnerUITests-Runner.app/Contents -- /Applications/Xcode.app/Contents/Developer/Platforms/MacOSX.platform/Developer/Library/Xcode/Agents/XCTRunner.app/Contents/Info.plist

Copy /tmp/ResourceRunner-M3-task009-full/Build/Products/Debug/ResourceRunnerUITests-Runner.app/Contents/PkgInfo /Applications/Xcode.app/Contents/Developer/Platforms/MacOSX.platform/Developer/Library/Xcode/Agents/XCTRunner.app/Contents/PkgInfo (in target 'ResourceRunnerUITests' from project 'ResourceRunner')
    cd /Users/zipkero/XcodeProjects/ResourceRunner
    builtin-copy -exclude .DS_Store -exclude CVS -exclude .svn -exclude .git -exclude .hg -resolve-src-symlinks /Applications/Xcode.app/Contents/Developer/Platforms/MacOSX.platform/Developer/Library/Xcode/Agents/XCTRunner.app/Contents/PkgInfo /tmp/ResourceRunner-M3-task009-full/Build/Products/Debug/ResourceRunnerUITests-Runner.app/Contents

CopyAndPreserveArchs /tmp/ResourceRunner-M3-task009-full/Build/Products/Debug/ResourceRunnerUITests-Runner.app/Contents/MacOS/ResourceRunnerUITests-Runner (in target 'ResourceRunnerUITests' from project 'ResourceRunner')
    cd /Users/zipkero/XcodeProjects/ResourceRunner
    /Applications/Xcode.app/Contents/Developer/Toolchains/XcodeDefault.xctoolchain/usr/bin/lipo /Applications/Xcode.app/Contents/Developer/Platforms/MacOSX.platform/Developer/Library/Xcode/Agents/XCTRunner.app/Contents/MacOS/XCTRunner -output /tmp/ResourceRunner-M3-task009-full/Build/Products/Debug/ResourceRunnerUITests-Runner.app/Contents/MacOS/ResourceRunnerUITests-Runner -extract arm64

MkDir /tmp/ResourceRunner-M3-task009-full/Build/Products/Debug/ResourceRunnerUITests-Runner.app (in target 'ResourceRunnerUITests' from project 'ResourceRunner')
    cd /Users/zipkero/XcodeProjects/ResourceRunner
    /bin/mkdir -p /tmp/ResourceRunner-M3-task009-full/Build/Products/Debug/ResourceRunnerUITests-Runner.app

Copy /tmp/ResourceRunner-M3-task009-full/Build/Products/Debug/ResourceRunnerUITests-Runner.app/Contents/Frameworks/XCTAutomationSupport.framework /Applications/Xcode.app/Contents/Developer/Platforms/MacOSX.platform/Developer/Library/PrivateFrameworks/XCTAutomationSupport.framework (in target 'ResourceRunnerUITests' from project 'ResourceRunner')
    cd /Users/zipkero/XcodeProjects/ResourceRunner
    builtin-copy -exclude .DS_Store -exclude CVS -exclude .svn -exclude .git -exclude .hg -exclude Headers -exclude PrivateHeaders -exclude Modules -exclude \*.tbd -resolve-src-symlinks /Applications/Xcode.app/Contents/Developer/Platforms/MacOSX.platform/Developer/Library/PrivateFrameworks/XCTAutomationSupport.framework /tmp/ResourceRunner-M3-task009-full/Build/Products/Debug/ResourceRunnerUITests-Runner.app/Contents/Frameworks

Copy /tmp/ResourceRunner-M3-task009-full/Build/Products/Debug/ResourceRunnerUITests-Runner.app/Contents/Frameworks/XCUIAutomation.framework /Applications/Xcode.app/Contents/Developer/Platforms/MacOSX.platform/Developer/Library/Frameworks/XCUIAutomation.framework (in target 'ResourceRunnerUITests' from project 'ResourceRunner')
    cd /Users/zipkero/XcodeProjects/ResourceRunner
    builtin-copy -exclude .DS_Store -exclude CVS -exclude .svn -exclude .git -exclude .hg -exclude Headers -exclude PrivateHeaders -exclude Modules -exclude \*.tbd -resolve-src-symlinks /Applications/Xcode.app/Contents/Developer/Platforms/MacOSX.platform/Developer/Library/Frameworks/XCUIAutomation.framework /tmp/ResourceRunner-M3-task009-full/Build/Products/Debug/ResourceRunnerUITests-Runner.app/Contents/Frameworks

Copy /tmp/ResourceRunner-M3-task009-full/Build/Products/Debug/ResourceRunnerUITests-Runner.app/Contents/Frameworks/Testing.framework /Applications/Xcode.app/Contents/Developer/Platforms/MacOSX.platform/Developer/Library/Frameworks/Testing.framework (in target 'ResourceRunnerUITests' from project 'ResourceRunner')
    cd /Users/zipkero/XcodeProjects/ResourceRunner
    builtin-copy -exclude .DS_Store -exclude CVS -exclude .svn -exclude .git -exclude .hg -exclude Headers -exclude PrivateHeaders -exclude Modules -exclude \*.tbd -resolve-src-symlinks /Applications/Xcode.app/Contents/Developer/Platforms/MacOSX.platform/Developer/Library/Frameworks/Testing.framework /tmp/ResourceRunner-M3-task009-full/Build/Products/Debug/ResourceRunnerUITests-Runner.app/Contents/Frameworks

Copy /tmp/ResourceRunner-M3-task009-full/Build/Products/Debug/ResourceRunnerUITests-Runner.app/Contents/Frameworks/libXCTestSwiftSupport.dylib /Applications/Xcode.app/Contents/Developer/Platforms/MacOSX.platform/Developer/usr/lib/libXCTestSwiftSupport.dylib (in target 'ResourceRunnerUITests' from project 'ResourceRunner')
    cd /Users/zipkero/XcodeProjects/ResourceRunner
    builtin-copy -exclude .DS_Store -exclude CVS -exclude .svn -exclude .git -exclude .hg -exclude Headers -exclude PrivateHeaders -exclude Modules -exclude \*.tbd -resolve-src-symlinks /Applications/Xcode.app/Contents/Developer/Platforms/MacOSX.platform/Developer/usr/lib/libXCTestSwiftSupport.dylib /tmp/ResourceRunner-M3-task009-full/Build/Products/Debug/ResourceRunnerUITests-Runner.app/Contents/Frameworks

Copy /tmp/ResourceRunner-M3-task009-full/Build/Products/Debug/ResourceRunnerUITests-Runner.app/Contents/Frameworks/XCUnit.framework /Applications/Xcode.app/Contents/Developer/Platforms/MacOSX.platform/Developer/Library/PrivateFrameworks/XCUnit.framework (in target 'ResourceRunnerUITests' from project 'ResourceRunner')
    cd /Users/zipkero/XcodeProjects/ResourceRunner
    builtin-copy -exclude .DS_Store -exclude CVS -exclude .svn -exclude .git -exclude .hg -exclude Headers -exclude PrivateHeaders -exclude Modules -exclude \*.tbd -resolve-src-symlinks /Applications/Xcode.app/Contents/Developer/Platforms/MacOSX.platform/Developer/Library/PrivateFrameworks/XCUnit.framework /tmp/ResourceRunner-M3-task009-full/Build/Products/Debug/ResourceRunnerUITests-Runner.app/Contents/Frameworks

Copy /tmp/ResourceRunner-M3-task009-full/Build/Products/Debug/ResourceRunnerUITests-Runner.app/Contents/Frameworks/XCTest.framework /Applications/Xcode.app/Contents/Developer/Platforms/MacOSX.platform/Developer/Library/Frameworks/XCTest.framework (in target 'ResourceRunnerUITests' from project 'ResourceRunner')
    cd /Users/zipkero/XcodeProjects/ResourceRunner
    builtin-copy -exclude .DS_Store -exclude CVS -exclude .svn -exclude .git -exclude .hg -exclude Headers -exclude PrivateHeaders -exclude Modules -exclude \*.tbd -resolve-src-symlinks /Applications/Xcode.app/Contents/Developer/Platforms/MacOSX.platform/Developer/Library/Frameworks/XCTest.framework /tmp/ResourceRunner-M3-task009-full/Build/Products/Debug/ResourceRunnerUITests-Runner.app/Contents/Frameworks

Copy /tmp/ResourceRunner-M3-task009-full/Build/Products/Debug/ResourceRunnerUITests-Runner.app/Contents/Frameworks/XCTestCore.framework /Applications/Xcode.app/Contents/Developer/Platforms/MacOSX.platform/Developer/Library/PrivateFrameworks/XCTestCore.framework (in target 'ResourceRunnerUITests' from project 'ResourceRunner')
    cd /Users/zipkero/XcodeProjects/ResourceRunner
    builtin-copy -exclude .DS_Store -exclude CVS -exclude .svn -exclude .git -exclude .hg -exclude Headers -exclude PrivateHeaders -exclude Modules -exclude \*.tbd -resolve-src-symlinks /Applications/Xcode.app/Contents/Developer/Platforms/MacOSX.platform/Developer/Library/PrivateFrameworks/XCTestCore.framework /tmp/ResourceRunner-M3-task009-full/Build/Products/Debug/ResourceRunnerUITests-Runner.app/Contents/Frameworks

Copy /tmp/ResourceRunner-M3-task009-full/Build/Products/Debug/ResourceRunnerUITests-Runner.app/Contents/Frameworks/XCTestSupport.framework /Applications/Xcode.app/Contents/Developer/Platforms/MacOSX.platform/Developer/Library/PrivateFrameworks/XCTestSupport.framework (in target 'ResourceRunnerUITests' from project 'ResourceRunner')
    cd /Users/zipkero/XcodeProjects/ResourceRunner
    builtin-copy -exclude .DS_Store -exclude CVS -exclude .svn -exclude .git -exclude .hg -exclude Headers -exclude PrivateHeaders -exclude Modules -exclude \*.tbd -resolve-src-symlinks /Applications/Xcode.app/Contents/Developer/Platforms/MacOSX.platform/Developer/Library/PrivateFrameworks/XCTestSupport.framework /tmp/ResourceRunner-M3-task009-full/Build/Products/Debug/ResourceRunnerUITests-Runner.app/Contents/Frameworks

CodeSign /tmp/ResourceRunner-M3-task009-full/Build/Products/Debug/ResourceRunnerUITests-Runner.app/Contents/PlugIns/ResourceRunnerUITests.xctest (in target 'ResourceRunnerUITests' from project 'ResourceRunner')
    cd /Users/zipkero/XcodeProjects/ResourceRunner
    
    Signing Identity:     "Sign to Run Locally"
    
    /usr/bin/codesign --force --sign - --entitlements /tmp/ResourceRunner-M3-task009-full/Build/Intermediates.noindex/ResourceRunner.build/Debug/ResourceRunnerUITests.build/ResourceRunnerUITests.xctest.xcent --timestamp\=none --generate-entitlement-der /tmp/ResourceRunner-M3-task009-full/Build/Products/Debug/ResourceRunnerUITests-Runner.app/Contents/PlugIns/ResourceRunnerUITests.xctest

CodeSign /tmp/ResourceRunner-M3-task009-full/Build/Products/Debug/ResourceRunnerUITests-Runner.app/Contents/Frameworks/libXCTestSwiftSupport.dylib (in target 'ResourceRunnerUITests' from project 'ResourceRunner')
    cd /Users/zipkero/XcodeProjects/ResourceRunner
    
    Signing Identity:     "Sign to Run Locally"
    
    /usr/bin/codesign --force --sign - --timestamp\=none --preserve-metadata\=identifier,entitlements,flags --generate-entitlement-der /tmp/ResourceRunner-M3-task009-full/Build/Products/Debug/ResourceRunnerUITests-Runner.app/Contents/Frameworks/libXCTestSwiftSupport.dylib
/tmp/ResourceRunner-M3-task009-full/Build/Products/Debug/ResourceRunnerUITests-Runner.app/Contents/Frameworks/libXCTestSwiftSupport.dylib: replacing existing signature

CodeSign /tmp/ResourceRunner-M3-task009-full/Build/Products/Debug/ResourceRunnerUITests-Runner.app/Contents/Frameworks/XCUnit.framework (in target 'ResourceRunnerUITests' from project 'ResourceRunner')
    cd /Users/zipkero/XcodeProjects/ResourceRunner
    
    Signing Identity:     "Sign to Run Locally"
    
    /usr/bin/codesign --force --sign - --timestamp\=none --preserve-metadata\=identifier,entitlements,flags --generate-entitlement-der /tmp/ResourceRunner-M3-task009-full/Build/Products/Debug/ResourceRunnerUITests-Runner.app/Contents/Frameworks/XCUnit.framework
/tmp/ResourceRunner-M3-task009-full/Build/Products/Debug/ResourceRunnerUITests-Runner.app/Contents/Frameworks/XCUnit.framework: replacing existing signature

CodeSign /tmp/ResourceRunner-M3-task009-full/Build/Products/Debug/ResourceRunnerUITests-Runner.app/Contents/Frameworks/XCTestSupport.framework (in target 'ResourceRunnerUITests' from project 'ResourceRunner')
    cd /Users/zipkero/XcodeProjects/ResourceRunner
    
    Signing Identity:     "Sign to Run Locally"
    
    /usr/bin/codesign --force --sign - --timestamp\=none --preserve-metadata\=identifier,entitlements,flags --generate-entitlement-der /tmp/ResourceRunner-M3-task009-full/Build/Products/Debug/ResourceRunnerUITests-Runner.app/Contents/Frameworks/XCTestSupport.framework
/tmp/ResourceRunner-M3-task009-full/Build/Products/Debug/ResourceRunnerUITests-Runner.app/Contents/Frameworks/XCTestSupport.framework: replacing existing signature

CodeSign /tmp/ResourceRunner-M3-task009-full/Build/Products/Debug/ResourceRunnerUITests-Runner.app/Contents/Frameworks/XCTest.framework (in target 'ResourceRunnerUITests' from project 'ResourceRunner')
    cd /Users/zipkero/XcodeProjects/ResourceRunner
    
    Signing Identity:     "Sign to Run Locally"
    
    /usr/bin/codesign --force --sign - --timestamp\=none --preserve-metadata\=identifier,entitlements,flags --generate-entitlement-der /tmp/ResourceRunner-M3-task009-full/Build/Products/Debug/ResourceRunnerUITests-Runner.app/Contents/Frameworks/XCTest.framework
/tmp/ResourceRunner-M3-task009-full/Build/Products/Debug/ResourceRunnerUITests-Runner.app/Contents/Frameworks/XCTest.framework: replacing existing signature

CodeSign /tmp/ResourceRunner-M3-task009-full/Build/Products/Debug/ResourceRunnerUITests-Runner.app/Contents/Frameworks/XCTAutomationSupport.framework (in target 'ResourceRunnerUITests' from project 'ResourceRunner')
    cd /Users/zipkero/XcodeProjects/ResourceRunner
    
    Signing Identity:     "Sign to Run Locally"
    
    /usr/bin/codesign --force --sign - --timestamp\=none --preserve-metadata\=identifier,entitlements,flags --generate-entitlement-der /tmp/ResourceRunner-M3-task009-full/Build/Products/Debug/ResourceRunnerUITests-Runner.app/Contents/Frameworks/XCTAutomationSupport.framework
/tmp/ResourceRunner-M3-task009-full/Build/Products/Debug/ResourceRunnerUITests-Runner.app/Contents/Frameworks/XCTAutomationSupport.framework: replacing existing signature

CodeSign /tmp/ResourceRunner-M3-task009-full/Build/Products/Debug/ResourceRunnerUITests-Runner.app/Contents/Frameworks/XCTestCore.framework (in target 'ResourceRunnerUITests' from project 'ResourceRunner')
    cd /Users/zipkero/XcodeProjects/ResourceRunner
    
    Signing Identity:     "Sign to Run Locally"
    
    /usr/bin/codesign --force --sign - --timestamp\=none --preserve-metadata\=identifier,entitlements,flags --generate-entitlement-der /tmp/ResourceRunner-M3-task009-full/Build/Products/Debug/ResourceRunnerUITests-Runner.app/Contents/Frameworks/XCTestCore.framework
/tmp/ResourceRunner-M3-task009-full/Build/Products/Debug/ResourceRunnerUITests-Runner.app/Contents/Frameworks/XCTestCore.framework: replacing existing signature

CodeSign /tmp/ResourceRunner-M3-task009-full/Build/Products/Debug/ResourceRunnerUITests-Runner.app/Contents/Frameworks/XCUIAutomation.framework (in target 'ResourceRunnerUITests' from project 'ResourceRunner')
    cd /Users/zipkero/XcodeProjects/ResourceRunner
    
    Signing Identity:     "Sign to Run Locally"
    
    /usr/bin/codesign --force --sign - --timestamp\=none --preserve-metadata\=identifier,entitlements,flags --generate-entitlement-der /tmp/ResourceRunner-M3-task009-full/Build/Products/Debug/ResourceRunnerUITests-Runner.app/Contents/Frameworks/XCUIAutomation.framework
/tmp/ResourceRunner-M3-task009-full/Build/Products/Debug/ResourceRunnerUITests-Runner.app/Contents/Frameworks/XCUIAutomation.framework: replacing existing signature

CodeSign /tmp/ResourceRunner-M3-task009-full/Build/Products/Debug/ResourceRunnerUITests-Runner.app/Contents/Frameworks/Testing.framework (in target 'ResourceRunnerUITests' from project 'ResourceRunner')
    cd /Users/zipkero/XcodeProjects/ResourceRunner
    
    Signing Identity:     "Sign to Run Locally"
    
    /usr/bin/codesign --force --sign - --timestamp\=none --preserve-metadata\=identifier,entitlements,flags --generate-entitlement-der /tmp/ResourceRunner-M3-task009-full/Build/Products/Debug/ResourceRunnerUITests-Runner.app/Contents/Frameworks/Testing.framework
/tmp/ResourceRunner-M3-task009-full/Build/Products/Debug/ResourceRunnerUITests-Runner.app/Contents/Frameworks/Testing.framework: replacing existing signature

RegisterExecutionPolicyException /tmp/ResourceRunner-M3-task009-full/Build/Products/Debug/ResourceRunnerUITests-Runner.app/Contents/PlugIns/ResourceRunnerUITests.xctest (in target 'ResourceRunnerUITests' from project 'ResourceRunner')
    cd /Users/zipkero/XcodeProjects/ResourceRunner
    builtin-RegisterExecutionPolicyException /tmp/ResourceRunner-M3-task009-full/Build/Products/Debug/ResourceRunnerUITests-Runner.app/Contents/PlugIns/ResourceRunnerUITests.xctest

Touch /tmp/ResourceRunner-M3-task009-full/Build/Products/Debug/ResourceRunnerUITests-Runner.app/Contents/PlugIns/ResourceRunnerUITests.xctest (in target 'ResourceRunnerUITests' from project 'ResourceRunner')
    cd /Users/zipkero/XcodeProjects/ResourceRunner
    /usr/bin/touch -c /tmp/ResourceRunner-M3-task009-full/Build/Products/Debug/ResourceRunnerUITests-Runner.app/Contents/PlugIns/ResourceRunnerUITests.xctest

CodeSign /tmp/ResourceRunner-M3-task009-full/Build/Products/Debug/ResourceRunnerUITests-Runner.app (in target 'ResourceRunnerUITests' from project 'ResourceRunner')
    cd /Users/zipkero/XcodeProjects/ResourceRunner
    
    Signing Identity:     "Sign to Run Locally"
    
    /usr/bin/codesign --force --sign - --entitlements /tmp/ResourceRunner-M3-task009-full/Build/Intermediates.noindex/ResourceRunner.build/Debug/ResourceRunnerUITests.build/ResourceRunnerUITests.xctest.xcent --timestamp\=none --generate-entitlement-der /tmp/ResourceRunner-M3-task009-full/Build/Products/Debug/ResourceRunnerUITests-Runner.app
/tmp/ResourceRunner-M3-task009-full/Build/Products/Debug/ResourceRunnerUITests-Runner.app: replacing existing signature

note: Run script build phase 'Prepare expansion fixture' will be run during every build because the option to run the script phase "Based on dependency analysis" is unchecked. (in target 'ResourceRunnerUITests' from project 'ResourceRunner')
2026-10-01 23:30:29.806191+0900 ResourceRunner[4593:45747675] [Connection] Unable to get synchronousRemoteObjectProxy, error: Error Domain=NSCocoaErrorDomain Code=4097 "connection to service named com.apple.linkd.autoShortcut" UserInfo={NSDebugDescription=connection to service named com.apple.linkd.autoShortcut}
2026-10-01 23:30:29.806506+0900 ResourceRunner[4593:45747675] [Application] Error registering app with intents framework: Error Domain=NSCocoaErrorDomain Code=4097 "connection to service named com.apple.linkd.autoShortcut" UserInfo={NSDebugDescription=connection to service named com.apple.linkd.autoShortcut}
2026-10-01 23:30:29.807673+0900 ResourceRunner[4593:45747676] [Connection] Unable to get synchronousRemoteObjectProxy, error: Error Domain=NSCocoaErrorDomain Code=4097 "connection to service named com.apple.linkd.autoShortcut" UserInfo={NSDebugDescription=connection to service named com.apple.linkd.autoShortcut}
2026-10-01 23:30:29.807694+0900 ResourceRunner[4593:45747676] [Connection] Unable to re-register with Process Instance Registry, error: Error Domain=NSCocoaErrorDomain Code=4097 "connection to service named com.apple.linkd.autoShortcut" UserInfo={NSDebugDescription=connection to service named com.apple.linkd.autoShortcut}
2026-10-01 23:30:29.809248+0900 ResourceRunner[4593:45747686] [Connection] Unable to get synchronousRemoteObjectProxy, error: Error Domain=NSCocoaErrorDomain Code=4097 "connection to service named com.apple.linkd.autoShortcut" UserInfo={NSDebugDescription=connection to service named com.apple.linkd.autoShortcut}
2026-10-01 23:30:29.809281+0900 ResourceRunner[4593:45747686] [Connection] Unable to re-register with Process Instance Registry, error: Error Domain=NSCocoaErrorDomain Code=4097 "connection to service named com.apple.linkd.autoShortcut" UserInfo={NSDebugDescription=connection to service named com.apple.linkd.autoShortcut}
2026-10-01 23:30:29.811255+0900 ResourceRunner[4593:45747686] [Connection] Will NOT re-try to establish the connection
2026-10-01 23:30:29.811345+0900 ResourceRunner[4593:45747692] [Connection] Unable to get synchronousRemoteObjectProxy, error: Error Domain=NSCocoaErrorDomain Code=4097 "connection to service named com.apple.linkd.autoShortcut" UserInfo={NSDebugDescription=connection to service named com.apple.linkd.autoShortcut}
2026-10-01 23:30:29.811384+0900 ResourceRunner[4593:45747692] [Connection] Unable to re-register with Process Instance Registry, error: Error Domain=NSCocoaErrorDomain Code=4097 "connection to service named com.apple.linkd.autoShortcut" UserInfo={NSDebugDescription=connection to service named com.apple.linkd.autoShortcut}
2026-10-01 23:30:29.903439+0900 ResourceRunner[4593:45747596] [TopologyObserver] registered network=true workspaceTokens=3
2026-10-01 23:30:29.904482+0900 ResourceRunner[4593:45747596] [SystemLifecycle] initial snapshot: SystemLifecycleSnapshot(revision: 0, lowPowerMode: false, screenLockState: ResourceRunner.ScreenLockState.unlocked, displayAsleep: false, sessionActive: true, systemAsleep: false, boundarySequence: 0)
2026-10-01 23:30:29.914361+0900 ResourceRunner[4593:45747686] [MonitoringScheduler] apply axis=SystemMetricsSampleSource schedule=running(2.0 seconds) generation=1 collectionEpoch=0 appendedTotal=0
2026-10-01 23:30:29.914367+0900 ResourceRunner[4593:45747676] [MonitoringScheduler] apply axis=ProcessSurveySampleSource schedule=running(5.0 seconds) generation=1 collectionEpoch=0 appendedTotal=0
2026-10-01 23:30:29.914425+0900 ResourceRunner[4593:45747676] [MonitoringScheduler] apply axis=NetworkActivitySource schedule=running(2.0 seconds) generation=1 collectionEpoch=0 appendedTotal=0
2026-10-01 23:30:29.914490+0900 ResourceRunner[4593:45747686] [MonitoringScheduler] apply axis=DiskActivitySource schedule=running(2.0 seconds) generation=1 collectionEpoch=0 appendedTotal=0
2026-10-01 23:30:29.914553+0900 ResourceRunner[4593:45747692] [AuxiliaryScheduler] apply axis=networkMetadata schedule=running(60.0 seconds) epoch=0
2026-10-01 23:30:29.914574+0900 ResourceRunner[4593:45747692] [AuxiliaryScheduler] start axis=networkMetadata query=1
2026-10-01 23:30:29.914592+0900 ResourceRunner[4593:45747692] [AuxiliaryScheduler] apply axis=storageMetadata schedule=running(60.0 seconds) epoch=0
2026-10-01 23:30:29.914601+0900 ResourceRunner[4593:45747692] [AuxiliaryScheduler] start axis=storageMetadata query=1
2026-10-01 23:30:29.920353+0900 ResourceRunner[4593:45747675] [AuxiliaryScheduler] stored axis=storageMetadata query=1
2026-10-01 23:30:29.926348+0900 ResourceRunner[4593:45747686] [AuxiliaryScheduler] stored axis=networkMetadata query=1
2026-10-01 23:30:29.949399+0900 ResourceRunner[4593:45747596] [CollectionPipeline] delivered axis=storageMetadata epoch=0 result=available revision=1 devices=1
2026-10-01 23:30:29.949506+0900 ResourceRunner[4593:45747596] [CollectionPipeline] delivered axis=networkMetadata epoch=0 result=available revision=28 records=28
Test Suite 'All tests' started at 2026-10-01 23:30:30.018.
Test Suite 'All tests' passed at 2026-10-01 23:30:30.018.
	 Executed 0 tests, with 0 failures (0 unexpected) in 0.000 (0.000) seconds
◇ Test run started.
↳ Testing Library Version: 1902
↳ Target Platform: arm64e-apple-macos14.0
◇ Suite ApplicationCoordinatorTests started.
◇ Test startMonitoringAppliesInitialSnapshotWithoutAnyFurtherStreamUpdate() started.
2026-10-01 23:30:30.042901+0900 ResourceRunner[4593:45747596] [SystemLifecycle] initial snapshot: SystemLifecycleSnapshot(revision: 0, lowPowerMode: false, screenLockState: ResourceRunner.ScreenLockState.unlocked, displayAsleep: false, sessionActive: true, systemAsleep: false, boundarySequence: 0)
2026-10-01 23:30:30.043105+0900 ResourceRunner[4593:45747723] [MonitoringScheduler] apply axis=MemoryScheduledSampleSource schedule=running(5.0 seconds) generation=1 collectionEpoch=0 appendedTotal=0
2026-10-01 23:30:30.043107+0900 ResourceRunner[4593:45747676] [MonitoringScheduler] apply axis=MemoryScheduledSampleSource schedule=running(2.0 seconds) generation=1 collectionEpoch=0 appendedTotal=0
✔ Test startMonitoringAppliesInitialSnapshotWithoutAnyFurtherStreamUpdate() passed after 0.001 seconds.
◇ Test startMonitoringAppliesInitialThenForwardsSubsequentUpdatesInOrder() started.
2026-10-01 23:30:30.101188+0900 ResourceRunner[4593:45747596] [SystemLifecycle] initial snapshot: SystemLifecycleSnapshot(revision: 0, lowPowerMode: false, screenLockState: ResourceRunner.ScreenLockState.locked, displayAsleep: false, sessionActive: true, systemAsleep: false, boundarySequence: 0)
2026-10-01 23:30:30.101336+0900 ResourceRunner[4593:45747719] [MonitoringScheduler] apply axis=MemoryScheduledSampleSource schedule=paused generation=1 collectionEpoch=0 appendedTotal=0
2026-10-01 23:30:30.101342+0900 ResourceRunner[4593:45747676] [MonitoringScheduler] apply axis=MemoryScheduledSampleSource schedule=paused generation=1 collectionEpoch=0 appendedTotal=0
2026-10-01 23:30:30.101378+0900 ResourceRunner[4593:45747596] [SystemLifecycle] snapshot changed: SystemLifecycleSnapshot(revision: 1, lowPowerMode: false, screenLockState: ResourceRunner.ScreenLockState.unlocked, displayAsleep: false, sessionActive: true, systemAsleep: false, boundarySequence: 1)
2026-10-01 23:30:30.101465+0900 ResourceRunner[4593:45747676] [MonitoringScheduler] apply axis=MemoryScheduledSampleSource schedule=running(2.0 seconds) generation=2 collectionEpoch=0 appendedTotal=0
2026-10-01 23:30:30.101477+0900 ResourceRunner[4593:45747719] [MonitoringScheduler] apply axis=MemoryScheduledSampleSource schedule=running(5.0 seconds) generation=2 collectionEpoch=0 appendedTotal=0
✔ Test startMonitoringAppliesInitialThenForwardsSubsequentUpdatesInOrder() passed after 0.058 seconds.
◇ Test forwardPopoverPresentedChangesAppliedSchedule() started.
2026-10-01 23:30:30.101751+0900 ResourceRunner[4593:45747723] [MonitoringScheduler] apply axis=MemoryScheduledSampleSource schedule=running(5.0 seconds) generation=1 collectionEpoch=0 appendedTotal=0
2026-10-01 23:30:30.101805+0900 ResourceRunner[4593:45747716] [MonitoringScheduler] apply axis=MemoryScheduledSampleSource schedule=running(2.0 seconds) generation=2 collectionEpoch=0 appendedTotal=0
2026-10-01 23:30:30.101802+0900 ResourceRunner[4593:45747692] [MonitoringScheduler] apply axis=MemoryScheduledSampleSource schedule=running(1.0 seconds) generation=2 collectionEpoch=0 appendedTotal=0
2026-10-01 23:30:30.101729+0900 ResourceRunner[4593:45747676] [MonitoringScheduler] apply axis=MemoryScheduledSampleSource schedule=running(2.0 seconds) generation=1 collectionEpoch=0 appendedTotal=0
✔ Test forwardPopoverPresentedChangesAppliedSchedule() passed after 0.001 seconds.
◇ Test failedOrValuelessCPUTicksNeverTriggerCharacterStateSourceSend() started.
2026-10-01 23:30:30.107673+0900 ResourceRunner[4593:45747722] [MonitoringSampleStore] history=0 capacity=601
2026-10-01 23:30:30.108875+0900 ResourceRunner[4593:45747676] [MonitoringSampleStore] history=0 capacity=601
2026-10-01 23:30:30.109519+0900 ResourceRunner[4593:45747722] [MonitoringSampleStore] history=0 capacity=601
✔ Test failedOrValuelessCPUTicksNeverTriggerCharacterStateSourceSend() passed after 0.010 seconds.
◇ Test consumeSystemMetricsSendsOnlyOnActualDisplayedStateChanges() started.
2026-10-01 23:30:30.112183+0900 ResourceRunner[4593:45747716] [MonitoringSampleStore] first valid history point collectionEpoch=0 history=1
2026-10-01 23:30:30.112199+0900 ResourceRunner[4593:45747719] [MonitoringSampleStore] history=1 capacity=601
2026-10-01 23:30:30.112254+0900 ResourceRunner[4593:45747596] [CPUActivityState] usage=26.000000 collectionEpoch=0 displayedState=low
2026-10-01 23:30:30.112796+0900 ResourceRunner[4593:45747719] [MonitoringSampleStore] history=2 capacity=601
2026-10-01 23:30:30.112821+0900 ResourceRunner[4593:45747596] [CPUActivityState] usage=26.000000 collectionEpoch=0 displayedState=low
2026-10-01 23:30:30.113551+0900 ResourceRunner[4593:45747719] [MonitoringSampleStore] history=3 capacity=601
2026-10-01 23:30:30.113567+0900 ResourceRunner[4593:45747596] [CPUActivityState] usage=26.000000 collectionEpoch=0 displayedState=low
2026-10-01 23:30:30.114141+0900 ResourceRunner[4593:45747719] [MonitoringSampleStore] history=4 capacity=601
2026-10-01 23:30:30.114175+0900 ResourceRunner[4593:45747596] [CPUActivityState] usage=26.000000 collectionEpoch=0 displayedState=moderate
2026-10-01 23:30:30.114237+0900 ResourceRunner[4593:45747719] [MonitoringSampleStore] history=5 capacity=601
2026-10-01 23:30:30.114253+0900 ResourceRunner[4593:45747596] [CPUActivityState] usage=26.000000 collectionEpoch=0 displayedState=moderate
2026-10-01 23:30:30.114807+0900 ResourceRunner[4593:45747719] [MonitoringSampleStore] history=5 capacity=601
2026-10-01 23:30:30.115357+0900 ResourceRunner[4593:45747676] [MonitoringSampleStore] history=5 capacity=601
2026-10-01 23:30:30.115924+0900 ResourceRunner[4593:45747716] [MonitoringSampleStore] history=6 capacity=601
2026-10-01 23:30:30.115958+0900 ResourceRunner[4593:45747596] [CPUActivityState] usage=60.000000 collectionEpoch=0 displayedState=moderate
2026-10-01 23:30:30.116514+0900 ResourceRunner[4593:45747719] [MonitoringSampleStore] history=7 capacity=601
2026-10-01 23:30:30.116536+0900 ResourceRunner[4593:45747596] [CPUActivityState] usage=60.000000 collectionEpoch=0 displayedState=moderate
2026-10-01 23:30:30.117123+0900 ResourceRunner[4593:45747676] [MonitoringSampleStore] history=8 capacity=601
2026-10-01 23:30:30.117148+0900 ResourceRunner[4593:45747596] [CPUActivityState] usage=60.000000 collectionEpoch=0 displayedState=moderate
2026-10-01 23:30:30.117684+0900 ResourceRunner[4593:45747719] [MonitoringSampleStore] history=9 capacity=601
2026-10-01 23:30:30.117718+0900 ResourceRunner[4593:45747596] [CPUActivityState] usage=60.000000 collectionEpoch=0 displayedState=high
✔ Test consumeSystemMetricsSendsOnlyOnActualDisplayedStateChanges() passed after 0.005 seconds.
◇ Test consumeSystemMetricsPassesEpochToCharacterStateEvaluation() started.
2026-10-01 23:30:30.118039+0900 ResourceRunner[4593:45747596] [CPUActivityState] usage=50.000000 collectionEpoch=0 displayedState=low
2026-10-01 23:30:30.118057+0900 ResourceRunner[4593:45747692] [MonitoringSampleStore] history=1 capacity=601
2026-10-01 23:30:30.118039+0900 ResourceRunner[4593:45747676] [MonitoringSampleStore] first valid history point collectionEpoch=0 history=1
2026-10-01 23:30:30.118090+0900 ResourceRunner[4593:45747719] [MonitoringSampleStore] history=2 capacity=601
2026-10-01 23:30:30.118108+0900 ResourceRunner[4593:45747596] [CPUActivityState] usage=51.000000 collectionEpoch=0 displayedState=low
2026-10-01 23:30:30.118138+0900 ResourceRunner[4593:45747719] [MonitoringSampleStore] first valid history point collectionEpoch=1 history=3
2026-10-01 23:30:30.118148+0900 ResourceRunner[4593:45747719] [MonitoringSampleStore] history=3 capacity=601
2026-10-01 23:30:30.118172+0900 ResourceRunner[4593:45747596] [CPUActivityState] continuity reset previousEpoch=0 collectionEpoch=1 pendingRestarted=true highStreakRestarted=true displayedState=low
2026-10-01 23:30:30.118180+0900 ResourceRunner[4593:45747596] [CPUActivityState] usage=52.000000 collectionEpoch=1 displayedState=low
2026-10-01 23:30:30.119103+0900 ResourceRunner[4593:45747692] [MonitoringSampleStore] history=4 capacity=601
2026-10-01 23:30:30.119127+0900 ResourceRunner[4593:45747596] [CPUActivityState] usage=53.000000 collectionEpoch=1 displayedState=low
2026-10-01 23:30:30.119198+0900 ResourceRunner[4593:45747692] [MonitoringSampleStore] history=5 capacity=601
2026-10-01 23:30:30.119229+0900 ResourceRunner[4593:45747596] [CPUActivityState] usage=54.000000 collectionEpoch=1 displayedState=high
✔ Test consumeSystemMetricsPassesEpochToCharacterStateEvaluation() passed after 0.001 seconds.
◇ Test consumeSystemMetricsDeliversProcessSurveyRankingToBothCards() started.
2026-10-01 23:30:30.119728+0900 ResourceRunner[4593:45747692] [MonitoringSampleStore] first valid history point collectionEpoch=0 history=1
2026-10-01 23:30:30.119739+0900 ResourceRunner[4593:45747716] [MonitoringSampleStore] history=1 capacity=601
2026-10-01 23:30:30.119997+0900 ResourceRunner[4593:45747596] [CPUActivityState] usage=10.000000 collectionEpoch=0 displayedState=low
✔ Test consumeSystemMetricsDeliversProcessSurveyRankingToBothCards() passed after 0.001 seconds.
◇ Test processSurveyFailureReachesBothCardsAndClearsOnTheNextSuccess() started.
2026-10-01 23:30:30.120265+0900 ResourceRunner[4593:45747692] [MonitoringSampleStore] first valid history point collectionEpoch=0 history=1
2026-10-01 23:30:30.120276+0900 ResourceRunner[4593:45747676] [MonitoringSampleStore] history=1 capacity=601
2026-10-01 23:30:30.120344+0900 ResourceRunner[4593:45747596] [CPUActivityState] usage=42.000000 collectionEpoch=0 displayedState=low
2026-10-01 23:30:30.120401+0900 ResourceRunner[4593:45747719] [MonitoringSampleStore] history=2 capacity=601
2026-10-01 23:30:30.120466+0900 ResourceRunner[4593:45747596] [CPUActivityState] usage=42.000000 collectionEpoch=0 displayedState=low
✔ Test processSurveyFailureReachesBothCardsAndClearsOnTheNextSuccess() passed after 0.001 seconds.
✔ Suite ApplicationCoordinatorTests passed after 0.078 seconds.
◇ Suite ApplicationIconCacheTests started.
◇ Test loadsOnceForRepeatedLookupsOfTheSameKey() started.
✔ Test loadsOnceForRepeatedLookupsOfTheSameKey() passed after 0.001 seconds.
◇ Test remembersThatAnIconCouldNotBeObtained() started.
✔ Test remembersThatAnIconCouldNotBeObtained() passed after 0.001 seconds.
◇ Test neverRemembersMoreKeysThanTheCapacity() started.
✔ Test neverRemembersMoreKeysThanTheCapacity() passed after 0.001 seconds.
◇ Test evictsTheLeastRecentlyUsedKeyFirst() started.
✔ Test evictsTheLeastRecentlyUsedKeyFirst() passed after 0.001 seconds.
◇ Test defaultCapacityIsFixed() started.
✔ Test defaultCapacityIsFixed() passed after 0.001 seconds.
◇ Test cachesAnImageDownscaledToTheDisplaySize() started.
✔ Test cachesAnImageDownscaledToTheDisplaySize() passed after 0.001 seconds.
◇ Test isNotAnObservableObject() started.
✔ Test isNotAnObservableObject() passed after 0.001 seconds.
◇ Test productionLoaderReturnsNoIconForAPathThatDoesNotExist() started.
✔ Test productionLoaderReturnsNoIconForAPathThatDoesNotExist() passed after 0.001 seconds.
◇ Test productionLoaderReturnsAnIconForAPathThatExists() started.
✔ Test productionLoaderReturnsAnIconForAPathThatExists() passed after 0.032 seconds.
✔ Suite ApplicationIconCacheTests passed after 0.036 seconds.
◇ Suite ApplicationIconRepeatedLookupTests started.
◇ Test repeatedTicksNeverLoadAnIconMoreThanOnce() started.
✔ Test repeatedTicksNeverLoadAnIconMoreThanOnce() passed after 0.084 seconds.
✔ Suite ApplicationIconRepeatedLookupTests passed after 0.084 seconds.
◇ Suite "하위 프로세스 행의 두 시작선" started.
◇ Test "이름은 부모 앱 이름과 같고 값은 아이콘 한 칸 더 들어간다" started.
◇ Test case passing 1 argument formatting → cpu to "이름은 부모 앱 이름과 같고 값은 아이콘 한 칸 더 들어간다" started.
​◇ Test case passing 1 argument formatting → memory to "이름은 부모 앱 이름과 같고 값은 아이콘 한 칸 더 들어간다" started.
​✔ Test "이름은 부모 앱 이름과 같고 값은 아이콘 한 칸 더 들어간다" with 2 test cases passed after 1.073 seconds.
◇ Test "시작선은 아이콘 크기와 라벨 간격에서 유도된다" started.
✔ Test "시작선은 아이콘 크기와 라벨 간격에서 유도된다" passed after 0.254 seconds.
✔ Suite "하위 프로세스 행의 두 시작선" passed after 1.327 seconds.
◇ Suite "하위 프로세스 행의 네 간격" started.
◇ Test "네 간격은 하위 행 안 간격과 라벨 간격 단계에서 유도된다" started.
2026-10-01 23:30:31.954590+0900 ResourceRunner[4593:45747692] [MonitoringSampleStore] history=0 capacity=601
2026-10-01 23:30:31.954600+0900 ResourceRunner[4593:45747675] [SystemMetricsSampleSource] baseline-only tick: no cpu usage produced collectionEpoch=0 epochReset=false elapsed=none maximumTickGap=10.0 seconds
2026-10-01 23:30:31.954608+0900 ResourceRunner[4593:45747722] [MonitoringScheduler] appended sample axis=SystemMetricsSampleSource generation=1 collectionEpoch=0 appendedTotal=1
2026-10-01 23:30:31.954892+0900 ResourceRunner[4593:45747722] [MonitoringScheduler] appended sample axis=DiskActivitySource generation=1 collectionEpoch=0 appendedTotal=1
2026-10-01 23:30:31.955419+0900 ResourceRunner[4593:45747719] [MonitoringScheduler] appended sample axis=NetworkActivitySource generation=1 collectionEpoch=0 appendedTotal=1
2026-10-01 23:30:32.086715+0900 ResourceRunner[4593:45747596] [CollectionPipeline] delivered axis=diskActivity epoch=0 status=baselineOnly(ResourceRunner.DiskBaselineReason.first)
2026-10-01 23:30:32.086953+0900 ResourceRunner[4593:45747596] [CollectionPipeline] delivered axis=networkActivity epoch=0 status=baselineOnly(ResourceRunner.NetworkBaselineReason.first)
✔ Test "네 간격은 하위 행 안 간격과 라벨 간격 단계에서 유도된다" passed after 0.517 seconds.
◇ Test "네 간격은 모두 다르고 층을 넘을수록 넓어진다" started.
✔ Test "네 간격은 모두 다르고 층을 넘을수록 넓어진다" passed after 0.524 seconds.
◇ Test "하위가 1·2·3개일 때 접힘 대비 52pt에서 36pt씩 늘어나며 변경 전보다 작다" started.
◇ Test case passing 2 arguments childCount → 1, formatting → cpu to "하위가 1·2·3개일 때 접힘 대비 52pt에서 36pt씩 늘어나며 변경 전보다 작다" started.
​◇ Test case passing 2 arguments childCount → 1, formatting → memory to "하위가 1·2·3개일 때 접힘 대비 52pt에서 36pt씩 늘어나며 변경 전보다 작다" started.
​◇ Test case passing 2 arguments childCount → 2, formatting → cpu to "하위가 1·2·3개일 때 접힘 대비 52pt에서 36pt씩 늘어나며 변경 전보다 작다" started.
​◇ Test case passing 2 arguments childCount → 2, formatting → memory to "하위가 1·2·3개일 때 접힘 대비 52pt에서 36pt씩 늘어나며 변경 전보다 작다" started.
​◇ Test case passing 2 arguments childCount → 3, formatting → cpu to "하위가 1·2·3개일 때 접힘 대비 52pt에서 36pt씩 늘어나며 변경 전보다 작다" started.
​◇ Test case passing 2 arguments childCount → 3, formatting → memory to "하위가 1·2·3개일 때 접힘 대비 52pt에서 36pt씩 늘어나며 변경 전보다 작다" started.
​✔ Test "하위가 1·2·3개일 때 접힘 대비 52pt에서 36pt씩 늘어나며 변경 전보다 작다" with 6 test cases passed after 0.018 seconds.
◇ Test "접힌 앱 행 사이 간격이 변경 전과 같다" started.
✔ Test "접힌 앱 행 사이 간격이 변경 전과 같다" passed after 0.005 seconds.
✔ Suite "하위 프로세스 행의 네 간격" passed after 1.066 seconds.
◇ Suite "긴 하위 프로세스의 두 줄 폭" started.
◇ Test "production CPU 값과 긴 이름이 각 줄에서 360pt 안에 들어간다" started.
✔ Test "production CPU 값과 긴 이름이 각 줄에서 360pt 안에 들어간다" passed after 0.001 seconds.
◇ Test "같은 production 조합을 한 줄로 두면 360pt를 넘는다" started.
✔ Test "같은 production 조합을 한 줄로 두면 360pt를 넘는다" passed after 0.001 seconds.
✔ Suite "긴 하위 프로세스의 두 줄 폭" passed after 0.002 seconds.
◇ Suite "CPU·Memory 공용 하위 행 경로" started.
◇ Test "CPU와 Memory 모두 같은 두 줄 높이와 시작선 규칙을 쓴다" started.
◇ Test case passing 1 argument formatting → cpu to "CPU와 Memory 모두 같은 두 줄 높이와 시작선 규칙을 쓴다" started.
​◇ Test case passing 1 argument formatting → memory to "CPU와 Memory 모두 같은 두 줄 높이와 시작선 규칙을 쓴다" started.
​✔ Test "CPU와 Memory 모두 같은 두 줄 높이와 시작선 규칙을 쓴다" with 2 test cases passed after 0.763 seconds.
✔ Suite "CPU·Memory 공용 하위 행 경로" passed after 0.763 seconds.
◇ Suite "두 상세가 같은 앱 목록을 그리는지" started.
◇ Test "CPU 상세는 앱 하나를 더하면 접힌 행과 목록 간격만큼 늘어난다" started.
✔ Test "CPU 상세는 앱 하나를 더하면 접힌 행과 목록 간격만큼 늘어난다" passed after 0.014 seconds.
◇ Test "Memory 상세는 앱 하나를 더하면 접힌 행과 목록 간격만큼 늘어난다" started.
✔ Test "Memory 상세는 앱 하나를 더하면 접힌 행과 목록 간격만큼 늘어난다" passed after 0.011 seconds.
✔ Suite "두 상세가 같은 앱 목록을 그리는지" passed after 0.026 seconds.
◇ Suite ApplicationIdentityDerivationTests started.
◇ Test derivesOutermostBundleOrFallsBackToExecutablePath(path:expectedKey:expectedDisplayName:) started.
◇ Test case passing 3 arguments path → "/Applications/Google Chrome.app/Contents/Frameworks/Google Chrome Framework.framework/Versions/151.0.7922.77/Helpers/Google Chrome Helper (Renderer).app/Contents/MacOS/Google Chrome Helper (Renderer)", expectedKey → "/Applications/Google Chrome.app", expectedDisplayName → "Google Chrome" to derivesOutermostBundleOrFallsBackToExecutablePath(path:expectedKey:expectedDisplayName:) started.
​◇ Test case passing 3 arguments path → "/Applications/Visual Studio Code.app/Contents/Resources/app/bin/code", expectedKey → "/Applications/Visual Studio Code.app", expectedDisplayName → "Visual Studio Code" to derivesOutermostBundleOrFallsBackToExecutablePath(path:expectedKey:expectedDisplayName:) started.
​◇ Test case passing 3 arguments path → "/Applications/Outer.app/Contents/Nested/Wrapped.app/Contents/MacOS/Wrapped", expectedKey → "/Applications/Outer.app", expectedDisplayName → "Outer" to derivesOutermostBundleOrFallsBackToExecutablePath(path:expectedKey:expectedDisplayName:) started.
​◇ Test case passing 3 arguments path → "/usr/local/bin/node", expectedKey → "/usr/local/bin/node", expectedDisplayName → "node" to derivesOutermostBundleOrFallsBackToExecutablePath(path:expectedKey:expectedDisplayName:) started.
​◇ Test case passing 3 arguments path → "/private/var/folders/xy/T/AppTranslocation/abcd/d/Ghostty.app/Contents/MacOS/ghostty", expectedKey → "/private/var/folders/xy/T/AppTranslocation/abcd/d/Ghostty.app", expectedDisplayName → "Ghostty" to derivesOutermostBundleOrFallsBackToExecutablePath(path:expectedKey:expectedDisplayName:) started.
​✔ Test derivesOutermostBundleOrFallsBackToExecutablePath(path:expectedKey:expectedDisplayName:) with 5 test cases passed after 0.001 seconds.
◇ Test resolverCachesRepeatedPathWithoutChangingResult() started.
✔ Test resolverCachesRepeatedPathWithoutChangingResult() passed after 0.001 seconds.
◇ Test resolverEvictsLeastRecentlyUsedPathBeyondCapacity() started.
✔ Test resolverEvictsLeastRecentlyUsedPathBeyondCapacity() passed after 0.001 seconds.
✔ Suite ApplicationIdentityDerivationTests passed after 0.001 seconds.
◇ Suite ApplicationRankingAveragingTests started.
◇ Test oneTickSpikeDoesNotOutrankConsistentlyHigherApp() started.
✔ Test oneTickSpikeDoesNotOutrankConsistentlyHigherApp() passed after 0.001 seconds.
◇ Test processesUnderSameBundleAreAggregatedIntoOneEntry() started.
✔ Test processesUnderSameBundleAreAggregatedIntoOneEntry() passed after 0.001 seconds.
✔ Suite ApplicationRankingAveragingTests passed after 0.001 seconds.
◇ Suite ApplicationRankingExecutablePathTransitionTests started.
◇ Test sameIdentityMovesFromAOnlyToBWithFreshRankingHistory() started.
✔ Test sameIdentityMovesFromAOnlyToBWithFreshRankingHistory() passed after 0.001 seconds.
✔ Suite ApplicationRankingExecutablePathTransitionTests passed after 0.001 seconds.
◇ Suite ApplicationRankingCurrentVersusIncreaseTests started.
◇ Test largeCurrentUsageAndLargeIncreaseProduceDifferentTopEntries() started.
✔ Test largeCurrentUsageAndLargeIncreaseProduceDifferentTopEntries() passed after 0.001 seconds.
◇ Test staleUsageDoesNotRankHighInIncreaseList() started.
✔ Test staleUsageDoesNotRankHighInIncreaseList() passed after 0.001 seconds.
✔ Suite ApplicationRankingCurrentVersusIncreaseTests passed after 0.001 seconds.
◇ Suite ApplicationRankingWindowBoundaryTests started.
◇ Test baselineOutsideWindowIsIgnoredInFavorOfOldestWithinWindow() started.
✔ Test baselineOutsideWindowIsIgnoredInFavorOfOldestWithinWindow() passed after 0.001 seconds.
✔ Suite ApplicationRankingWindowBoundaryTests passed after 0.001 seconds.
◇ Suite ApplicationRankingUnreadableCountTests started.
◇ Test unreadableCountPassesThroughUnchanged() started.
✔ Test unreadableCountPassesThroughUnchanged() passed after 0.001 seconds.
✔ Suite ApplicationRankingUnreadableCountTests passed after 0.001 seconds.
◇ Suite ApplicationRankingComputationGantryTests started.
◇ Test computeReturnsUpToDetailCountFromLargerInput() started.
✔ Test computeReturnsUpToDetailCountFromLargerInput() passed after 0.001 seconds.
✔ Suite ApplicationRankingComputationGantryTests passed after 0.001 seconds.
◇ Suite ApplicationRankingCaptionTests started.
◇ Test captionEmbedsTheGivenCountExactly() started.
✔ Test captionEmbedsTheGivenCountExactly() passed after 0.001 seconds.
◇ Test captionDiffersBetweenCardAndDetailGantries() started.
✔ Test captionDiffersBetweenCardAndDetailGantries() passed after 0.001 seconds.
✔ Suite ApplicationRankingCaptionTests passed after 0.007 seconds.
◇ Suite CardTopApplicationsHeadingTests started.
◇ Test accessibilityTextEmbedsTheGivenCountAndStatesTheExclusion() started.
✔ Test accessibilityTextEmbedsTheGivenCountAndStatesTheExclusion() passed after 0.001 seconds.
◇ Test screenHeadingCarriesNeitherTheGantryNumberNorTheExclusionRule() started.
✔ Test screenHeadingCarriesNeitherTheGantryNumberNorTheExclusionRule() passed after 0.001 seconds.
✔ Suite CardTopApplicationsHeadingTests passed after 0.001 seconds.
◇ Suite ApplicationListHeadingTests started.
◇ Test headingEmbedsTheGivenMetricLabelAndCountExactly() started.
✔ Test headingEmbedsTheGivenMetricLabelAndCountExactly() passed after 0.001 seconds.
◇ Test headingDiffersBetweenCPUAndMemoryMetricLabels() started.
✔ Test headingDiffersBetweenCPUAndMemoryMetricLabels() passed after 0.001 seconds.
✔ Suite ApplicationListHeadingTests passed after 0.001 seconds.
◇ Suite ApplicationRankingCardDetailConsistencyTests started.
◇ Test detailTopOrderMatchesCardTopOrderUnderInstantVersusSmoothedDivergence() started.
✔ Test detailTopOrderMatchesCardTopOrderUnderInstantVersusSmoothedDivergence() passed after 0.001 seconds.
◇ Test groupByApplicationUsesSameSmoothingRuleAsCompute() started.
✔ Test groupByApplicationUsesSameSmoothingRuleAsCompute() passed after 0.006 seconds.
◇ Test groupByApplicationKeepsNilCPUWhenNoRecentValueHasIt() started.
✔ Test groupByApplicationKeepsNilCPUWhenNoRecentValueHasIt() passed after 0.001 seconds.
✔ Suite ApplicationRankingCardDetailConsistencyTests passed after 0.007 seconds.
◇ Suite ApplicationRankingCardTopEntriesTieBreakTests started.
◇ Test tiedValuesOrderByApplicationKeyAscending() started.
✔ Test tiedValuesOrderByApplicationKeyAscending() passed after 0.001 seconds.
◇ Test cardTopOrderMatchesDetailTopOrderUnderTiedValues() started.
✔ Test cardTopOrderMatchesDetailTopOrderUnderTiedValues() passed after 0.001 seconds.
✔ Suite ApplicationRankingCardTopEntriesTieBreakTests passed after 0.001 seconds.
◇ Suite ApplicationProcessGroupSortingTests started.
◇ Test sameLogicalInputProducesSameOrderRegardlessOfInputOrder() started.
✔ Test sameLogicalInputProducesSameOrderRegardlessOfInputOrder() passed after 0.001 seconds.
◇ Test cpuMetricSortsGroupsByDescendingSumOfProcessValues() started.
✔ Test cpuMetricSortsGroupsByDescendingSumOfProcessValues() passed after 0.001 seconds.
◇ Test residentMemoryMetricSortsGroupsByDescendingSumOfResidentBytes() started.
✔ Test residentMemoryMetricSortsGroupsByDescendingSumOfResidentBytes() passed after 0.001 seconds.
◇ Test residentMemoryMetricSortsGroupsByDescendingSumNotMaxOrFirstOfProcessValues() started.
✔ Test residentMemoryMetricSortsGroupsByDescendingSumNotMaxOrFirstOfProcessValues() passed after 0.001 seconds.
◇ Test groupsWithEqualValueTiebreakByKeyAscending() started.
✔ Test groupsWithEqualValueTiebreakByKeyAscending() passed after 0.001 seconds.
◇ Test processesWithinGroupSortByMetricDescending() started.
✔ Test processesWithinGroupSortByMetricDescending() passed after 0.001 seconds.
◇ Test processesWithEqualValueTiebreakByPidAscending() started.
✔ Test processesWithEqualValueTiebreakByPidAscending() passed after 0.001 seconds.
◇ Test nilCPUValueSortsAfterNonNilValuesInsteadOfBeingTreatedAsZero() started.
✔ Test nilCPUValueSortsAfterNonNilValuesInsteadOfBeingTreatedAsZero() passed after 0.001 seconds.
◇ Test nilCPUValuesTiebreakByPidAscending() started.
✔ Test nilCPUValuesTiebreakByPidAscending() passed after 0.001 seconds.
◇ Test groupWithAllNilCPUValuesSortsAfterGroupsWithValues() started.
✔ Test groupWithAllNilCPUValuesSortsAfterGroupsWithValues() passed after 0.001 seconds.
✔ Suite ApplicationProcessGroupSortingTests passed after 0.007 seconds.
◇ Suite ApplicationProcessGroupDisplayValueRegressionTests started.
◇ Test sortValueEqualsSortedProcessSumAndPreservesNilForValuelessGroups() started.
✔ Test sortValueEqualsSortedProcessSumAndPreservesNilForValuelessGroups() passed after 0.001 seconds.
◇ Test processExecutableNameSharesDeriveIdentityRule() started.
✔ Test processExecutableNameSharesDeriveIdentityRule() passed after 0.001 seconds.
✔ Suite ApplicationProcessGroupDisplayValueRegressionTests passed after 0.001 seconds.
◇ Suite ApplicationProcessValueFormattingTests started.
◇ Test cpuGroupValueTextKeepsNilAsDashInsteadOfZero() started.
✔ Test cpuGroupValueTextKeepsNilAsDashInsteadOfZero() passed after 0.008 seconds.
◇ Test cpuGroupValueTextFormatsRoundedPercentageWithCoreSumUnit() started.
✔ Test cpuGroupValueTextFormatsRoundedPercentageWithCoreSumUnit() passed after 0.001 seconds.
◇ Test cpuProcessValueTextKeepsNilAsDashInsteadOfZero() started.
✔ Test cpuProcessValueTextKeepsNilAsDashInsteadOfZero() passed after 0.001 seconds.
◇ Test cpuProcessValueTextAppendsRosettaSuffixWhenTranslated() started.
✔ Test cpuProcessValueTextAppendsRosettaSuffixWhenTranslated() passed after 0.001 seconds.
◇ Test memoryGroupValueTextKeepsNilAsDashInsteadOfZero() started.
✔ Test memoryGroupValueTextKeepsNilAsDashInsteadOfZero() passed after 0.001 seconds.
◇ Test memoryGroupValueTextUsesRoundedValueInSharedByteColumns() started.
✔ Test memoryGroupValueTextUsesRoundedValueInSharedByteColumns() passed after 0.001 seconds.
✔ Suite ApplicationProcessValueFormattingTests passed after 0.009 seconds.
◇ Suite ApplicationProcessGroupOrderingTests started.
◇ Test returnsLatestSortWhenNoRowIsExpanded() started.
✔ Test returnsLatestSortWhenNoRowIsExpanded() passed after 0.001 seconds.
◇ Test keepsStableOrderWhenARowIsExpandedEvenIfLatestSortChanged() started.
✔ Test keepsStableOrderWhenARowIsExpandedEvenIfLatestSortChanged() passed after 0.001 seconds.
◇ Test stableOrderStillReflectsLatestValuesNotFrozenValues() started.
✔ Test stableOrderStillReflectsLatestValuesNotFrozenValues() passed after 0.001 seconds.
◇ Test appThatDisappearedFromLatestGroupsIsDroppedFromStableOrder() started.
✔ Test appThatDisappearedFromLatestGroupsIsDroppedFromStableOrder() passed after 0.001 seconds.
◇ Test newAppNotInStableOrderIsAppendedAfterFixedOrder() started.
✔ Test newAppNotInStableOrderIsAppendedAfterFixedOrder() passed after 0.001 seconds.
◇ Test capLimitsResultToLeadingEntriesWhenNoRowIsExpanded() started.
✔ Test capLimitsResultToLeadingEntriesWhenNoRowIsExpanded() passed after 0.001 seconds.
◇ Test capIsAppliedAfterStableOrderIsFixedNotBeforeIt() started.
✔ Test capIsAppliedAfterStableOrderIsFixedNotBeforeIt() passed after 0.007 seconds.
✔ Suite ApplicationProcessGroupOrderingTests passed after 0.007 seconds.
◇ Suite ApplicationRowIconTests started.
◇ Test resolvesCachedImageAndMissingIconAsDifferentContents() started.
✔ Test resolvesCachedImageAndMissingIconAsDifferentContents() passed after 0.001 seconds.
◇ Test reservesTheSlotWithoutQueryingTheCacheWhenThereIsNoApplication() started.
✔ Test reservesTheSlotWithoutQueryingTheCacheWhenThereIsNoApplication() passed after 0.001 seconds.
◇ Test iconSlotOccupiesTheSameSizeForEveryContent() started.
✔ Test iconSlotOccupiesTheSameSizeForEveryContent() passed after 0.001 seconds.
◇ Test cardIconIsNotTallerThanTheRowTextItSitsOn() started.
✔ Test cardIconIsNotTallerThanTheRowTextItSitsOn() passed after 0.001 seconds.
◇ Test detailIconIsNotLargerThanTheCachedImage() started.
✔ Test detailIconIsNotLargerThanTheCachedImage() passed after 0.001 seconds.
◇ Test everyCardRankingRowGetsAnIconSlot() started.
✔ Test everyCardRankingRowGetsAnIconSlot() passed after 0.001 seconds.
◇ Test neutralSymbolResolvesToARealSystemSymbol() started.
✔ Test neutralSymbolResolvesToARealSystemSymbol() passed after 0.001 seconds.
◇ Test rowIconIsHiddenFromAccessibility() started.
✔ Test rowIconIsHiddenFromAccessibility() passed after 0.001 seconds.
✔ Suite ApplicationRowIconTests passed after 0.003 seconds.
◇ Suite AuxiliaryCollectionSchedulerTests started.
◇ Test allSixAxisSchedulesMatchTheApprovedTable() started.
✔ Test allSixAxisSchedulesMatchTheApprovedTable() passed after 0.007 seconds.
◇ Test lifecycleAppliesSixTargetsAndRoutesRefreshWithoutNewBoundary() started.
2026-10-01 23:30:33.490373+0900 ResourceRunner[4593:45747675] [AuxiliaryScheduler] apply axis=networkMetadata schedule=running(60.0 seconds) epoch=0
2026-10-01 23:30:33.490394+0900 ResourceRunner[4593:45747675] [AuxiliaryScheduler] start axis=networkMetadata query=1
2026-10-01 23:30:33.490412+0900 ResourceRunner[4593:45747675] [AuxiliaryScheduler] apply axis=storageMetadata schedule=running(60.0 seconds) epoch=0
2026-10-01 23:30:33.490429+0900 ResourceRunner[4593:45747675] [AuxiliaryScheduler] start axis=storageMetadata query=1
2026-10-01 23:30:33.490431+0900 ResourceRunner[4593:45747718] [AuxiliaryScheduler] stored axis=networkMetadata query=1
2026-10-01 23:30:33.490455+0900 ResourceRunner[4593:45747692] [AuxiliaryScheduler] stored axis=storageMetadata query=1
2026-10-01 23:30:33.490462+0900 ResourceRunner[4593:45747718] [AuxiliaryScheduler] start axis=networkMetadata query=2
2026-10-01 23:30:33.490473+0900 ResourceRunner[4593:45747718] [AuxiliaryScheduler] start axis=storageMetadata query=2
2026-10-01 23:30:33.490478+0900 ResourceRunner[4593:45747692] [AuxiliaryScheduler] stored axis=networkMetadata query=2
2026-10-01 23:30:33.490494+0900 ResourceRunner[4593:45747716] [AuxiliaryScheduler] stored axis=storageMetadata query=2
2026-10-01 23:30:33.496903+0900 ResourceRunner[4593:45747716] [AuxiliaryScheduler] apply axis=networkMetadata schedule=running(30.0 seconds) epoch=0
2026-10-01 23:30:33.496938+0900 ResourceRunner[4593:45747716] [AuxiliaryScheduler] apply axis=storageMetadata schedule=running(30.0 seconds) epoch=0
2026-10-01 23:30:33.496988+0900 ResourceRunner[4593:45747716] [AuxiliaryScheduler] apply axis=networkMetadata schedule=paused epoch=1
2026-10-01 23:30:33.496998+0900 ResourceRunner[4593:45747716] [AuxiliaryScheduler] apply axis=storageMetadata schedule=paused epoch=1
✔ Test lifecycleAppliesSixTargetsAndRoutesRefreshWithoutNewBoundary() passed after 0.006 seconds.
◇ Test immediateCacheFirstAndStaleOpenRefresh() started.
2026-10-01 23:30:33.497152+0900 ResourceRunner[4593:45747716] [AuxiliaryScheduler] apply axis=networkMetadata schedule=running(60.0 seconds) epoch=0
2026-10-01 23:30:33.497214+0900 ResourceRunner[4593:45747716] [AuxiliaryScheduler] start axis=networkMetadata query=1
2026-10-01 23:30:33.497237+0900 ResourceRunner[4593:45747675] [AuxiliaryScheduler] stored axis=networkMetadata query=1
2026-10-01 23:30:33.497276+0900 ResourceRunner[4593:45747675] [AuxiliaryScheduler] apply axis=networkMetadata schedule=running(30.0 seconds) epoch=0
2026-10-01 23:30:33.497291+0900 ResourceRunner[4593:45747675] [AuxiliaryScheduler] apply axis=networkMetadata schedule=running(60.0 seconds) epoch=0
2026-10-01 23:30:33.497319+0900 ResourceRunner[4593:45747721] [AuxiliaryScheduler] apply axis=networkMetadata schedule=running(30.0 seconds) epoch=0
2026-10-01 23:30:33.497341+0900 ResourceRunner[4593:45747721] [AuxiliaryScheduler] start axis=networkMetadata query=2
2026-10-01 23:30:33.497360+0900 ResourceRunner[4593:45747721] [AuxiliaryScheduler] stored axis=networkMetadata query=2
2026-10-01 23:30:33.497391+0900 ResourceRunner[4593:45747675] [AuxiliaryScheduler] apply axis=networkMetadata schedule=paused epoch=0
✔ Test immediateCacheFirstAndStaleOpenRefresh() passed after 0.001 seconds.
◇ Test mergedRequestsAndMissedDeadlinesNeverOverlap() started.
2026-10-01 23:30:33.497508+0900 ResourceRunner[4593:45747675] [AuxiliaryScheduler] apply axis=storageMetadata schedule=running(30.0 seconds) epoch=0
2026-10-01 23:30:33.497517+0900 ResourceRunner[4593:45747675] [AuxiliaryScheduler] start axis=storageMetadata query=1
2026-10-01 23:30:33.497552+0900 ResourceRunner[4593:45747716] [AuxiliaryScheduler] stored axis=storageMetadata query=1
2026-10-01 23:30:33.499386+0900 ResourceRunner[4593:45747716] [AuxiliaryScheduler] start axis=storageMetadata query=2
2026-10-01 23:30:33.499407+0900 ResourceRunner[4593:45747675] [AuxiliaryScheduler] stored axis=storageMetadata query=2
2026-10-01 23:30:33.499423+0900 ResourceRunner[4593:45747675] [AuxiliaryScheduler] apply axis=storageMetadata schedule=paused epoch=0
✔ Test mergedRequestsAndMissedDeadlinesNeverOverlap() passed after 0.001 seconds.
◇ Test pausedRequestsRunOnceAfterResumeAndOldResultIsDiscarded() started.
2026-10-01 23:30:33.499529+0900 ResourceRunner[4593:45747716] [AuxiliaryScheduler] apply axis=networkMetadata schedule=running(30.0 seconds) epoch=0
2026-10-01 23:30:33.499537+0900 ResourceRunner[4593:45747716] [AuxiliaryScheduler] start axis=networkMetadata query=1
2026-10-01 23:30:33.499556+0900 ResourceRunner[4593:45747743] [AuxiliaryScheduler] apply axis=networkMetadata schedule=paused epoch=1
2026-10-01 23:30:33.499610+0900 ResourceRunner[4593:45747743] [AuxiliaryScheduler] apply axis=networkMetadata schedule=running(30.0 seconds) epoch=2
2026-10-01 23:30:33.499620+0900 ResourceRunner[4593:45747675] [AuxiliaryScheduler] start axis=networkMetadata query=2
2026-10-01 23:30:33.499643+0900 ResourceRunner[4593:45747675] [AuxiliaryScheduler] stored axis=networkMetadata query=2
2026-10-01 23:30:33.499654+0900 ResourceRunner[4593:45747675] [AuxiliaryScheduler] apply axis=networkMetadata schedule=paused epoch=2
✔ Test pausedRequestsRunOnceAfterResumeAndOldResultIsDiscarded() passed after 0.001 seconds.
◇ Test slowMetadataSourceDoesNotDelayFourFastAxes() started.
2026-10-01 23:30:33.499775+0900 ResourceRunner[4593:45747675] [AuxiliaryScheduler] apply axis=networkMetadata schedule=running(30.0 seconds) epoch=0
2026-10-01 23:30:33.499783+0900 ResourceRunner[4593:45747675] [AuxiliaryScheduler] start axis=networkMetadata query=1
2026-10-01 23:30:33.499931+0900 ResourceRunner[4593:45747675] [MonitoringScheduler] apply axis=AuxiliaryIntSource schedule=running(2.0 seconds) generation=1 collectionEpoch=0 appendedTotal=0
2026-10-01 23:30:33.499931+0900 ResourceRunner[4593:45747718] [MonitoringScheduler] apply axis=AuxiliaryIntSource schedule=running(1.0 seconds) generation=1 collectionEpoch=0 appendedTotal=0
2026-10-01 23:30:33.499941+0900 ResourceRunner[4593:45747675] [MonitoringScheduler] apply axis=AuxiliaryIntSource schedule=running(1.0 seconds) generation=1 collectionEpoch=0 appendedTotal=0
2026-10-01 23:30:33.499958+0900 ResourceRunner[4593:45747716] [MonitoringScheduler] apply axis=AuxiliaryIntSource schedule=running(1.0 seconds) generation=1 collectionEpoch=0 appendedTotal=0
2026-10-01 23:30:33.499988+0900 ResourceRunner[4593:45747716] [MonitoringScheduler] appended sample axis=AuxiliaryIntSource generation=1 collectionEpoch=0 appendedTotal=1
2026-10-01 23:30:33.499995+0900 ResourceRunner[4593:45747716] [MonitoringScheduler] appended sample axis=AuxiliaryIntSource generation=1 collectionEpoch=0 appendedTotal=1
2026-10-01 23:30:33.499999+0900 ResourceRunner[4593:45747716] [MonitoringScheduler] appended sample axis=AuxiliaryIntSource generation=1 collectionEpoch=0 appendedTotal=1
2026-10-01 23:30:33.500004+0900 ResourceRunner[4593:45747675] [MonitoringScheduler] appended sample axis=AuxiliaryIntSource generation=1 collectionEpoch=0 appendedTotal=1
2026-10-01 23:30:33.500022+0900 ResourceRunner[4593:45747723] [AuxiliaryScheduler] stored axis=networkMetadata query=1
2026-10-01 23:30:33.500033+0900 ResourceRunner[4593:45747743] [MonitoringScheduler] appended sample axis=AuxiliaryIntSource generation=1 collectionEpoch=0 appendedTotal=2
2026-10-01 23:30:33.500034+0900 ResourceRunner[4593:45747692] [MonitoringScheduler] appended sample axis=AuxiliaryIntSource generation=1 collectionEpoch=0 appendedTotal=2
2026-10-01 23:30:33.500031+0900 ResourceRunner[4593:45747721] [MonitoringScheduler] appended sample axis=AuxiliaryIntSource generation=1 collectionEpoch=0 appendedTotal=2
2026-10-01 23:30:33.502936+0900 ResourceRunner[4593:45747721] [AuxiliaryScheduler] apply axis=networkMetadata schedule=paused epoch=0
2026-10-01 23:30:33.502989+0900 ResourceRunner[4593:45747723] [MonitoringScheduler] apply axis=AuxiliaryIntSource schedule=paused generation=2 collectionEpoch=0 appendedTotal=2
2026-10-01 23:30:33.503012+0900 Resourc✔ Test slowMetadataSourceDoesNotDelayFourFastAxes() passed after 0.003 seconds.
eRunner[4593:45747675] [MonitoringScheduler] apply axis=AuxiliaryIntSource schedule=paused generation=2 collectionEpoch=0 appendedTotal=1
2026-10-01 23:30:33.503017+0900 ResourceRunner[4593:45747692] [MonitoringScheduler] apply axis=AuxiliaryIntSource schedule=paused generation=2 collectionEpoch=0 appendedTotal=2
2026-10-01 23:30:33.503021+0900 ResourceRunner[4593:45747723] [MonitoringScheduler] apply axis=AuxiliaryIntSource schedule=paused generation=2 collectionEpoch=0 appendedTotal=2
✔ Suite AuxiliaryCollectionSchedulerTests passed after 0.020 seconds.
◇ Suite CPUActivityStateEvaluatorTests started.
◇ Test risesToModerateExactlyAtLowerBoundary() started.
✔ Test risesToModerateExactlyAtLowerBoundary() passed after 0.001 seconds.
◇ Test risesToHighExactlyAtMidBoundary() started.
✔ Test risesToHighExactlyAtMidBoundary() passed after 0.001 seconds.
◇ Test risesToVeryHighExactlyAtUpperBoundary() started.
✔ Test risesToVeryHighExactlyAtUpperBoundary() passed after 0.001 seconds.
◇ Test staysInDeadbandJustBelowBoundaryDoesNotDescend() started.
✔ Test staysInDeadbandJustBelowBoundaryDoesNotDescend() passed after 0.001 seconds.
◇ Test descendsBelowDeadbandFloor() started.
✔ Test descendsBelowDeadbandFloor() passed after 0.001 seconds.
◇ Test alternatingAroundLowerBoundaryNeverChangesDisplayedStateOnceInModerate() started.
✔ Test alternatingAroundLowerBoundaryNeverChangesDisplayedStateOnceInModerate() passed after 0.001 seconds.
◇ Test singleTickSpikeDoesNotChangeDisplayedState() started.
✔ Test singleTickSpikeDoesNotChangeDisplayedState() passed after 0.001 seconds.
◇ Test candidateMustHoldForAtLeastThreeSecondsToPromote() started.
✔ Test candidateMustHoldForAtLeastThreeSecondsToPromote() passed after 0.001 seconds.
◇ Test entersSustainedHighAfterSixtySecondsOfContinuousVeryHigh() started.
✔ Test entersSustainedHighAfterSixtySecondsOfContinuousVeryHigh() passed after 0.001 seconds.
◇ Test sustainedHighExitsOnlyAfterThreeSecondsBelowVeryHighDeadband() started.
✔ Test sustainedHighExitsOnlyAfterThreeSecondsBelowVeryHighDeadband() passed after 0.001 seconds.
◇ Test sustainedDurationCountsElapsedTimeNotSampleCount() started.
✔ Test sustainedDurationCountsElapsedTimeNotSampleCount() passed after 0.001 seconds.
◇ Test gapLongerThanAllowedBreaksSustainedStreak() started.
✔ Test gapLongerThanAllowedBreaksSustainedStreak() passed after 0.001 seconds.
◇ Test gapLongerThanAllowedBreaksMinimumHoldPending() started.
✔ Test gapLongerThanAllowedBreaksMinimumHoldPending() passed after 0.001 seconds.
◇ Test shortEpochChangeKeepsDisplayedBandButRestartsPendingHold() started.
✔ Test shortEpochChangeKeepsDisplayedBandButRestartsPendingHold() passed after 0.001 seconds.
◇ Test shortEpochChangeRestartsHighStreakWithoutLeavingVeryHigh() started.
✔ Test shortEpochChangeRestartsHighStreakWithoutLeavingVeryHigh() passed after 0.001 seconds.
◇ Test sustainedHighReturnsToVeryHighWhenContinuityBreaks(epochChanges:) started.
◇ Test case passing 1 argument epochChanges → false to sustainedHighReturnsToVeryHighWhenContinuityBreaks(epochChanges:) started.
​◇ Test case passing 1 argument epochChanges → true to sustainedHighReturnsToVeryHighWhenContinuityBreaks(epochChanges:) started.
​✔ Test sustainedHighReturnsToVeryHighWhenContinuityBreaks(epochChanges:) with 2 test cases passed after 0.006 seconds.
◇ Test sameEpochKeepsAccumulationAcrossFiveToOneSecondChangeAndExactTenSecondGap() started.
✔ Test sameEpochKeepsAccumulationAcrossFiveToOneSecondChangeAndExactTenSecondGap() passed after 0.001 seconds.
✔ Suite CPUActivityStateEvaluatorTests passed after 0.008 seconds.
◇ Suite "CPU 코어 격자 행·열 분할" started.
◇ Test "코어 수별 행·열이 실측 표와 같다" started.
◇ Test case passing 1 argument coreCount → 8 to "코어 수별 행·열이 실측 표와 같다" started.
​◇ Test case passing 1 argument coreCount → 10 to "코어 수별 행·열이 실측 표와 같다" started.
​◇ Test case passing 1 argument coreCount → 14 to "코어 수별 행·열이 실측 표와 같다" started.
​◇ Test case passing 1 argument coreCount → 16 to "코어 수별 행·열이 실측 표와 같다" started.
​◇ Test case passing 1 argument coreCount → 24 to "코어 수별 행·열이 실측 표와 같다" started.
​◇ Test case passing 1 argument coreCount → 64 to "코어 수별 행·열이 실측 표와 같다" started.
​✔ Test "코어 수별 행·열이 실측 표와 같다" with 6 test cases passed after 0.001 seconds.
◇ Test "모든 행을 이어 붙이면 0부터 코어 수 - 1까지가 순서대로 한 번씩 나온다" started.
◇ Test case passing 1 argument coreCount → 1 to "모든 행을 이어 붙이면 0부터 코어 수 - 1까지가 순서대로 한 번씩 나온다" started.
​◇ Test case passing 1 argument coreCount → 2 to "모든 행을 이어 붙이면 0부터 코어 수 - 1까지가 순서대로 한 번씩 나온다" started.
​◇ Test case passing 1 argument coreCount → 3 to "모든 행을 이어 붙이면 0부터 코어 수 - 1까지가 순서대로 한 번씩 나온다" started.
​◇ Test case passing 1 argument coreCount → 4 to "모든 행을 이어 붙이면 0부터 코어 수 - 1까지가 순서대로 한 번씩 나온다" started.
​◇ Test case passing 1 argument coreCount → 5 to "모든 행을 이어 붙이면 0부터 코어 수 - 1까지가 순서대로 한 번씩 나온다" started.
​◇ Test case passing 1 argument coreCount → 6 to "모든 행을 이어 붙이면 0부터 코어 수 - 1까지가 순서대로 한 번씩 나온다" started.
​◇ Test case passing 1 argument coreCount → 7 to "모든 행을 이어 붙이면 0부터 코어 수 - 1까지가 순서대로 한 번씩 나온다" started.
​◇ Test case passing 1 argument coreCount → 8 to "모든 행을 이어 붙이면 0부터 코어 수 - 1까지가 순서대로 한 번씩 나온다" started.
​◇ Test case passing 1 argument coreCount → 9 to "모든 행을 이어 붙이면 0부터 코어 수 - 1까지가 순서대로 한 번씩 나온다" started.
​◇ Test case passing 1 argument coreCount → 10 to "모든 행을 이어 붙이면 0부터 코어 수 - 1까지가 순서대로 한 번씩 나온다" started.
​◇ Test case passing 1 argument coreCount → 11 to "모든 행을 이어 붙이면 0부터 코어 수 - 1까지가 순서대로 한 번씩 나온다" started.
​◇ Test case passing 1 argument coreCount → 12 to "모든 행을 이어 붙이면 0부터 코어 수 - 1까지가 순서대로 한 번씩 나온다" started.
​◇ Test case passing 1 argument coreCount → 13 to "모든 행을 이어 붙이면 0부터 코어 수 - 1까지가 순서대로 한 번씩 나온다" started.
​◇ Test case passing 1 argument coreCount → 14 to "모든 행을 이어 붙이면 0부터 코어 수 - 1까지가 순서대로 한 번씩 나온다" started.
​◇ Test case passing 1 argument coreCount → 15 to "모든 행을 이어 붙이면 0부터 코어 수 - 1까지가 순서대로 한 번씩 나온다" started.
​◇ Test case passing 1 argument coreCount → 16 to "모든 행을 이어 붙이면 0부터 코어 수 - 1까지가 순서대로 한 번씩 나온다" started.
​◇ Test case passing 1 argument coreCount → 17 to "모든 행을 이어 붙이면 0부터 코어 수 - 1까지가 순서대로 한 번씩 나온다" started.
​◇ Test case passing 1 argument coreCount → 18 to "모든 행을 이어 붙이면 0부터 코어 수 - 1까지가 순서대로 한 번씩 나온다" started.
​◇ Test case passing 1 argument coreCount → 19 to "모든 행을 이어 붙이면 0부터 코어 수 - 1까지가 순서대로 한 번씩 나온다" started.
​◇ Test case passing 1 argument coreCount → 20 to "모든 행을 이어 붙이면 0부터 코어 수 - 1까지가 순서대로 한 번씩 나온다" started.
​◇ Test case passing 1 argument coreCount → 21 to "모든 행을 이어 붙이면 0부터 코어 수 - 1까지가 순서대로 한 번씩 나온다" started.
​◇ Test case passing 1 argument coreCount → 22 to "모든 행을 이어 붙이면 0부터 코어 수 - 1까지가 순서대로 한 번씩 나온다" started.
​◇ Test case passing 1 argument coreCount → 23 to "모든 행을 이어 붙이면 0부터 코어 수 - 1까지가 순서대로 한 번씩 나온다" started.
​◇ Test case passing 1 argument coreCount → 24 to "모든 행을 이어 붙이면 0부터 코어 수 - 1까지가 순서대로 한 번씩 나온다" started.
​◇ Test case passing 1 argument coreCount → 25 to "모든 행을 이어 붙이면 0부터 코어 수 - 1까지가 순서대로 한 번씩 나온다" started.
​◇ Test case passing 1 argument coreCount → 26 to "모든 행을 이어 붙이면 0부터 코어 수 - 1까지가 순서대로 한 번씩 나온다" started.
​◇ Test case passing 1 argument coreCount → 27 to "모든 행을 이어 붙이면 0부터 코어 수 - 1까지가 순서대로 한 번씩 나온다" started.
​◇ Test case passing 1 argument coreCount → 28 to "모든 행을 이어 붙이면 0부터 코어 수 - 1까지가 순서대로 한 번씩 나온다" started.
​◇ Test case passing 1 argument coreCount → 29 to "모든 행을 이어 붙이면 0부터 코어 수 - 1까지가 순서대로 한 번씩 나온다" started.
​◇ Test case passing 1 argument coreCount → 30 to "모든 행을 이어 붙이면 0부터 코어 수 - 1까지가 순서대로 한 번씩 나온다" started.
​◇ Test case passing 1 argument coreCount → 31 to "모든 행을 이어 붙이면 0부터 코어 수 - 1까지가 순서대로 한 번씩 나온다" started.
​◇ Test case passing 1 argument coreCount → 32 to "모든 행을 이어 붙이면 0부터 코어 수 - 1까지가 순서대로 한 번씩 나온다" started.
​◇ Test case passing 1 argument coreCount → 33 to "모든 행을 이어 붙이면 0부터 코어 수 - 1까지가 순서대로 한 번씩 나온다" started.
​◇ Test case passing 1 argument coreCount → 34 to "모든 행을 이어 붙이면 0부터 코어 수 - 1까지가 순서대로 한 번씩 나온다" started.
​◇ Test case passing 1 argument coreCount → 35 to "모든 행을 이어 붙이면 0부터 코어 수 - 1까지가 순서대로 한 번씩 나온다" started.
​◇ Test case passing 1 argument coreCount → 36 to "모든 행을 이어 붙이면 0부터 코어 수 - 1까지가 순서대로 한 번씩 나온다" started.
​◇ Test case passing 1 argument coreCount → 37 to "모든 행을 이어 붙이면 0부터 코어 수 - 1까지가 순서대로 한 번씩 나온다" started.
​◇ Test case passing 1 argument coreCount → 38 to "모든 행을 이어 붙이면 0부터 코어 수 - 1까지가 순서대로 한 번씩 나온다" started.
​◇ Test case passing 1 argument coreCount → 39 to "모든 행을 이어 붙이면 0부터 코어 수 - 1까지가 순서대로 한 번씩 나온다" started.
​◇ Test case passing 1 argument coreCount → 40 to "모든 행을 이어 붙이면 0부터 코어 수 - 1까지가 순서대로 한 번씩 나온다" started.
​◇ Test case passing 1 argument coreCount → 41 to "모든 행을 이어 붙이면 0부터 코어 수 - 1까지가 순서대로 한 번씩 나온다" started.
​◇ Test case passing 1 argument coreCount → 42 to "모든 행을 이어 붙이면 0부터 코어 수 - 1까지가 순서대로 한 번씩 나온다" started.
​◇ Test case passing 1 argument coreCount → 43 to "모든 행을 이어 붙이면 0부터 코어 수 - 1까지가 순서대로 한 번씩 나온다" started.
​◇ Test case passing 1 argument coreCount → 44 to "모든 행을 이어 붙이면 0부터 코어 수 - 1까지가 순서대로 한 번씩 나온다" started.
​◇ Test case passing 1 argument coreCount → 45 to "모든 행을 이어 붙이면 0부터 코어 수 - 1까지가 순서대로 한 번씩 나온다" started.
​◇ Test case passing 1 argument coreCount → 46 to "모든 행을 이어 붙이면 0부터 코어 수 - 1까지가 순서대로 한 번씩 나온다" started.
​◇ Test case passing 1 argument coreCount → 47 to "모든 행을 이어 붙이면 0부터 코어 수 - 1까지가 순서대로 한 번씩 나온다" started.
​◇ Test case passing 1 argument coreCount → 48 to "모든 행을 이어 붙이면 0부터 코어 수 - 1까지가 순서대로 한 번씩 나온다" started.
​◇ Test case passing 1 argument coreCount → 49 to "모든 행을 이어 붙이면 0부터 코어 수 - 1까지가 순서대로 한 번씩 나온다" started.
​◇ Test case passing 1 argument coreCount → 50 to "모든 행을 이어 붙이면 0부터 코어 수 - 1까지가 순서대로 한 번씩 나온다" started.
​◇ Test case passing 1 argument coreCount → 51 to "모든 행을 이어 붙이면 0부터 코어 수 - 1까지가 순서대로 한 번씩 나온다" started.
​◇ Test case passing 1 argument coreCount → 52 to "모든 행을 이어 붙이면 0부터 코어 수 - 1까지가 순서대로 한 번씩 나온다" started.
​◇ Test case passing 1 argument coreCount → 53 to "모든 행을 이어 붙이면 0부터 코어 수 - 1까지가 순서대로 한 번씩 나온다" started.
​◇ Test case passing 1 argument coreCount → 54 to "모든 행을 이어 붙이면 0부터 코어 수 - 1까지가 순서대로 한 번씩 나온다" started.
​◇ Test case passing 1 argument coreCount → 55 to "모든 행을 이어 붙이면 0부터 코어 수 - 1까지가 순서대로 한 번씩 나온다" started.
​◇ Test case passing 1 argument coreCount → 56 to "모든 행을 이어 붙이면 0부터 코어 수 - 1까지가 순서대로 한 번씩 나온다" started.
​◇ Test case passing 1 argument coreCount → 57 to "모든 행을 이어 붙이면 0부터 코어 수 - 1까지가 순서대로 한 번씩 나온다" started.
​◇ Test case passing 1 argument coreCount → 58 to "모든 행을 이어 붙이면 0부터 코어 수 - 1까지가 순서대로 한 번씩 나온다" started.
​◇ Test case passing 1 argument coreCount → 59 to "모든 행을 이어 붙이면 0부터 코어 수 - 1까지가 순서대로 한 번씩 나온다" started.
​◇ Test case passing 1 argument coreCount → 60 to "모든 행을 이어 붙이면 0부터 코어 수 - 1까지가 순서대로 한 번씩 나온다" started.
​◇ Test case passing 1 argument coreCount → 61 to "모든 행을 이어 붙이면 0부터 코어 수 - 1까지가 순서대로 한 번씩 나온다" started.
​◇ Test case passing 1 argument coreCount → 62 to "모든 행을 이어 붙이면 0부터 코어 수 - 1까지가 순서대로 한 번씩 나온다" started.
​◇ Test case passing 1 argument coreCount → 63 to "모든 행을 이어 붙이면 0부터 코어 수 - 1까지가 순서대로 한 번씩 나온다" started.
​◇ Test case passing 1 argument coreCount → 64 to "모든 행을 이어 붙이면 0부터 코어 수 - 1까지가 순서대로 한 번씩 나온다" started.
​◇ Test case passing 1 argument coreCount → 65 to "모든 행을 이어 붙이면 0부터 코어 수 - 1까지가 순서대로 한 번씩 나온다" started.
​◇ Test case passing 1 argument coreCount → 66 to "모든 행을 이어 붙이면 0부터 코어 수 - 1까지가 순서대로 한 번씩 나온다" started.
​◇ Test case passing 1 argument coreCount → 67 to "모든 행을 이어 붙이면 0부터 코어 수 - 1까지가 순서대로 한 번씩 나온다" started.
​◇ Test case passing 1 argument coreCount → 68 to "모든 행을 이어 붙이면 0부터 코어 수 - 1까지가 순서대로 한 번씩 나온다" started.
​◇ Test case passing 1 argument coreCount → 69 to "모든 행을 이어 붙이면 0부터 코어 수 - 1까지가 순서대로 한 번씩 나온다" started.
​◇ Test case passing 1 argument coreCount → 70 to "모든 행을 이어 붙이면 0부터 코어 수 - 1까지가 순서대로 한 번씩 나온다" started.
​◇ Test case passing 1 argument coreCount → 71 to "모든 행을 이어 붙이면 0부터 코어 수 - 1까지가 순서대로 한 번씩 나온다" started.
​◇ Test case passing 1 argument coreCount → 72 to "모든 행을 이어 붙이면 0부터 코어 수 - 1까지가 순서대로 한 번씩 나온다" started.
​◇ Test case passing 1 argument coreCount → 73 to "모든 행을 이어 붙이면 0부터 코어 수 - 1까지가 순서대로 한 번씩 나온다" started.
​◇ Test case passing 1 argument coreCount → 74 to "모든 행을 이어 붙이면 0부터 코어 수 - 1까지가 순서대로 한 번씩 나온다" started.
​◇ Test case passing 1 argument coreCount → 75 to "모든 행을 이어 붙이면 0부터 코어 수 - 1까지가 순서대로 한 번씩 나온다" started.
​◇ Test case passing 1 argument coreCount → 76 to "모든 행을 이어 붙이면 0부터 코어 수 - 1까지가 순서대로 한 번씩 나온다" started.
​◇ Test case passing 1 argument coreCount → 77 to "모든 행을 이어 붙이면 0부터 코어 수 - 1까지가 순서대로 한 번씩 나온다" started.
​◇ Test case passing 1 argument coreCount → 78 to "모든 행을 이어 붙이면 0부터 코어 수 - 1까지가 순서대로 한 번씩 나온다" started.
​◇ Test case passing 1 argument coreCount → 79 to "모든 행을 이어 붙이면 0부터 코어 수 - 1까지가 순서대로 한 번씩 나온다" started.
​◇ Test case passing 1 argument coreCount → 80 to "모든 행을 이어 붙이면 0부터 코어 수 - 1까지가 순서대로 한 번씩 나온다" started.
​✔ Test "모든 행을 이어 붙이면 0부터 코어 수 - 1까지가 순서대로 한 번씩 나온다" with 80 test cases passed after 0.067 seconds.
◇ Test "각 행 안에서 코어 인덱스가 오름차순이다" started.
◇ Test case passing 1 argument coreCount → 1 to "각 행 안에서 코어 인덱스가 오름차순이다" started.
​◇ Test case passing 1 argument coreCount → 2 to "각 행 안에서 코어 인덱스가 오름차순이다" started.
​◇ Test case passing 1 argument coreCount → 3 to "각 행 안에서 코어 인덱스가 오름차순이다" started.
​◇ Test case passing 1 argument coreCount → 4 to "각 행 안에서 코어 인덱스가 오름차순이다" started.
​◇ Test case passing 1 argument coreCount → 5 to "각 행 안에서 코어 인덱스가 오름차순이다" started.
​◇ Test case passing 1 argument coreCount → 6 to "각 행 안에서 코어 인덱스가 오름차순이다" started.
​◇ Test case passing 1 argument coreCount → 7 to "각 행 안에서 코어 인덱스가 오름차순이다" started.
​◇ Test case passing 1 argument coreCount → 8 to "각 행 안에서 코어 인덱스가 오름차순이다" started.
​◇ Test case passing 1 argument coreCount → 9 to "각 행 안에서 코어 인덱스가 오름차순이다" started.
​◇ Test case passing 1 argument coreCount → 10 to "각 행 안에서 코어 인덱스가 오름차순이다" started.
​◇ Test case passing 1 argument coreCount → 11 to "각 행 안에서 코어 인덱스가 오름차순이다" started.
​◇ Test case passing 1 argument coreCount → 12 to "각 행 안에서 코어 인덱스가 오름차순이다" started.
​◇ Test case passing 1 argument coreCount → 13 to "각 행 안에서 코어 인덱스가 오름차순이다" started.
​◇ Test case passing 1 argument coreCount → 14 to "각 행 안에서 코어 인덱스가 오름차순이다" started.
​◇ Test case passing 1 argument coreCount → 15 to "각 행 안에서 코어 인덱스가 오름차순이다" started.
​◇ Test case passing 1 argument coreCount → 16 to "각 행 안에서 코어 인덱스가 오름차순이다" started.
​◇ Test case passing 1 argument coreCount → 17 to "각 행 안에서 코어 인덱스가 오름차순이다" started.
​◇ Test case passing 1 argument coreCount → 18 to "각 행 안에서 코어 인덱스가 오름차순이다" started.
​◇ Test case passing 1 argument coreCount → 19 to "각 행 안에서 코어 인덱스가 오름차순이다" started.
​◇ Test case passing 1 argument coreCount → 20 to "각 행 안에서 코어 인덱스가 오름차순이다" started.
​◇ Test case passing 1 argument coreCount → 21 to "각 행 안에서 코어 인덱스가 오름차순이다" started.
​◇ Test case passing 1 argument coreCount → 22 to "각 행 안에서 코어 인덱스가 오름차순이다" started.
​◇ Test case passing 1 argument coreCount → 23 to "각 행 안에서 코어 인덱스가 오름차순이다" started.
​◇ Test case passing 1 argument coreCount → 24 to "각 행 안에서 코어 인덱스가 오름차순이다" started.
​◇ Test case passing 1 argument coreCount → 25 to "각 행 안에서 코어 인덱스가 오름차순이다" started.
​◇ Test case passing 1 argument coreCount → 26 to "각 행 안에서 코어 인덱스가 오름차순이다" started.
​◇ Test case passing 1 argument coreCount → 27 to "각 행 안에서 코어 인덱스가 오름차순이다" started.
​◇ Test case passing 1 argument coreCount → 28 to "각 행 안에서 코어 인덱스가 오름차순이다" started.
​◇ Test case passing 1 argument coreCount → 29 to "각 행 안에서 코어 인덱스가 오름차순이다" started.
​◇ Test case passing 1 argument coreCount → 30 to "각 행 안에서 코어 인덱스가 오름차순이다" started.
​◇ Test case passing 1 argument coreCount → 31 to "각 행 안에서 코어 인덱스가 오름차순이다" started.
​◇ Test case passing 1 argument coreCount → 32 to "각 행 안에서 코어 인덱스가 오름차순이다" started.
​◇ Test case passing 1 argument coreCount → 33 to "각 행 안에서 코어 인덱스가 오름차순이다" started.
​◇ Test case passing 1 argument coreCount → 34 to "각 행 안에서 코어 인덱스가 오름차순이다" started.
​◇ Test case passing 1 argument coreCount → 35 to "각 행 안에서 코어 인덱스가 오름차순이다" started.
​◇ Test case passing 1 argument coreCount → 36 to "각 행 안에서 코어 인덱스가 오름차순이다" started.
​◇ Test case passing 1 argument coreCount → 37 to "각 행 안에서 코어 인덱스가 오름차순이다" started.
​◇ Test case passing 1 argument coreCount → 38 to "각 행 안에서 코어 인덱스가 오름차순이다" started.
​◇ Test case passing 1 argument coreCount → 39 to "각 행 안에서 코어 인덱스가 오름차순이다" started.
​◇ Test case passing 1 argument coreCount → 40 to "각 행 안에서 코어 인덱스가 오름차순이다" started.
​◇ Test case passing 1 argument coreCount → 41 to "각 행 안에서 코어 인덱스가 오름차순이다" started.
​◇ Test case passing 1 argument coreCount → 42 to "각 행 안에서 코어 인덱스가 오름차순이다" started.
​◇ Test case passing 1 argument coreCount → 43 to "각 행 안에서 코어 인덱스가 오름차순이다" started.
​◇ Test case passing 1 argument coreCount → 44 to "각 행 안에서 코어 인덱스가 오름차순이다" started.
​◇ Test case passing 1 argument coreCount → 45 to "각 행 안에서 코어 인덱스가 오름차순이다" started.
​◇ Test case passing 1 argument coreCount → 46 to "각 행 안에서 코어 인덱스가 오름차순이다" started.
​◇ Test case passing 1 argument coreCount → 47 to "각 행 안에서 코어 인덱스가 오름차순이다" started.
​◇ Test case passing 1 argument coreCount → 48 to "각 행 안에서 코어 인덱스가 오름차순이다" started.
​◇ Test case passing 1 argument coreCount → 49 to "각 행 안에서 코어 인덱스가 오름차순이다" started.
​◇ Test case passing 1 argument coreCount → 50 to "각 행 안에서 코어 인덱스가 오름차순이다" started.
​◇ Test case passing 1 argument coreCount → 51 to "각 행 안에서 코어 인덱스가 오름차순이다" started.
​◇ Test case passing 1 argument coreCount → 52 to "각 행 안에서 코어 인덱스가 오름차순이다" started.
​◇ Test case passing 1 argument coreCount → 53 to "각 행 안에서 코어 인덱스가 오름차순이다" started.
​◇ Test case passing 1 argument coreCount → 54 to "각 행 안에서 코어 인덱스가 오름차순이다" started.
​◇ Test case passing 1 argument coreCount → 55 to "각 행 안에서 코어 인덱스가 오름차순이다" started.
​◇ Test case passing 1 argument coreCount → 56 to "각 행 안에서 코어 인덱스가 오름차순이다" started.
​◇ Test case passing 1 argument coreCount → 57 to "각 행 안에서 코어 인덱스가 오름차순이다" started.
​◇ Test case passing 1 argument coreCount → 58 to "각 행 안에서 코어 인덱스가 오름차순이다" started.
​◇ Test case passing 1 argument coreCount → 59 to "각 행 안에서 코어 인덱스가 오름차순이다" started.
​◇ Test case passing 1 argument coreCount → 60 to "각 행 안에서 코어 인덱스가 오름차순이다" started.
​◇ Test case passing 1 argument coreCount → 61 to "각 행 안에서 코어 인덱스가 오름차순이다" started.
​◇ Test case passing 1 argument coreCount → 62 to "각 행 안에서 코어 인덱스가 오름차순이다" started.
​◇ Test case passing 1 argument coreCount → 63 to "각 행 안에서 코어 인덱스가 오름차순이다" started.
​◇ Test case passing 1 argument coreCount → 64 to "각 행 안에서 코어 인덱스가 오름차순이다" started.
​◇ Test case passing 1 argument coreCount → 65 to "각 행 안에서 코어 인덱스가 오름차순이다" started.
​◇ Test case passing 1 argument coreCount → 66 to "각 행 안에서 코어 인덱스가 오름차순이다" started.
​◇ Test case passing 1 argument coreCount → 67 to "각 행 안에서 코어 인덱스가 오름차순이다" started.
​◇ Test case passing 1 argument coreCount → 68 to "각 행 안에서 코어 인덱스가 오름차순이다" started.
​◇ Test case passing 1 argument coreCount → 69 to "각 행 안에서 코어 인덱스가 오름차순이다" started.
​◇ Test case passing 1 argument coreCount → 70 to "각 행 안에서 코어 인덱스가 오름차순이다" started.
​◇ Test case passing 1 argument coreCount → 71 to "각 행 안에서 코어 인덱스가 오름차순이다" started.
​◇ Test case passing 1 argument coreCount → 72 to "각 행 안에서 코어 인덱스가 오름차순이다" started.
​◇ Test case passing 1 argument coreCount → 73 to "각 행 안에서 코어 인덱스가 오름차순이다" started.
​◇ Test case passing 1 argument coreCount → 74 to "각 행 안에서 코어 인덱스가 오름차순이다" started.
​◇ Test case passing 1 argument coreCount → 75 to "각 행 안에서 코어 인덱스가 오름차순이다" started.
​◇ Test case passing 1 argument coreCount → 76 to "각 행 안에서 코어 인덱스가 오름차순이다" started.
​◇ Test case passing 1 argument coreCount → 77 to "각 행 안에서 코어 인덱스가 오름차순이다" started.
​◇ Test case passing 1 argument coreCount → 78 to "각 행 안에서 코어 인덱스가 오름차순이다" started.
​◇ Test case passing 1 argument coreCount → 79 to "각 행 안에서 코어 인덱스가 오름차순이다" started.
​◇ Test case passing 1 argument coreCount → 80 to "각 행 안에서 코어 인덱스가 오름차순이다" started.
​✔ Test "각 행 안에서 코어 인덱스가 오름차순이다" with 80 test cases passed after 0.077 seconds.
◇ Test "마지막 행을 뺀 모든 행의 길이가 같고 마지막 행은 그보다 길지 않다" started.
◇ Test case passing 1 argument coreCount → 1 to "마지막 행을 뺀 모든 행의 길이가 같고 마지막 행은 그보다 길지 않다" started.
​◇ Test case passing 1 argument coreCount → 2 to "마지막 행을 뺀 모든 행의 길이가 같고 마지막 행은 그보다 길지 않다" started.
​◇ Test case passing 1 argument coreCount → 3 to "마지막 행을 뺀 모든 행의 길이가 같고 마지막 행은 그보다 길지 않다" started.
​◇ Test case passing 1 argument coreCount → 4 to "마지막 행을 뺀 모든 행의 길이가 같고 마지막 행은 그보다 길지 않다" started.
​◇ Test case passing 1 argument coreCount → 5 to "마지막 행을 뺀 모든 행의 길이가 같고 마지막 행은 그보다 길지 않다" started.
​◇ Test case passing 1 argument coreCount → 6 to "마지막 행을 뺀 모든 행의 길이가 같고 마지막 행은 그보다 길지 않다" started.
​◇ Test case passing 1 argument coreCount → 7 to "마지막 행을 뺀 모든 행의 길이가 같고 마지막 행은 그보다 길지 않다" started.
​◇ Test case passing 1 argument coreCount → 8 to "마지막 행을 뺀 모든 행의 길이가 같고 마지막 행은 그보다 길지 않다" started.
​◇ Test case passing 1 argument coreCount → 9 to "마지막 행을 뺀 모든 행의 길이가 같고 마지막 행은 그보다 길지 않다" started.
​◇ Test case passing 1 argument coreCount → 10 to "마지막 행을 뺀 모든 행의 길이가 같고 마지막 행은 그보다 길지 않다" started.
​◇ Test case passing 1 argument coreCount → 11 to "마지막 행을 뺀 모든 행의 길이가 같고 마지막 행은 그보다 길지 않다" started.
​◇ Test case passing 1 argument coreCount → 12 to "마지막 행을 뺀 모든 행의 길이가 같고 마지막 행은 그보다 길지 않다" started.
​◇ Test case passing 1 argument coreCount → 13 to "마지막 행을 뺀 모든 행의 길이가 같고 마지막 행은 그보다 길지 않다" started.
​◇ Test case passing 1 argument coreCount → 14 to "마지막 행을 뺀 모든 행의 길이가 같고 마지막 행은 그보다 길지 않다" started.
​◇ Test case passing 1 argument coreCount → 15 to "마지막 행을 뺀 모든 행의 길이가 같고 마지막 행은 그보다 길지 않다" started.
​◇ Test case passing 1 argument coreCount → 16 to "마지막 행을 뺀 모든 행의 길이가 같고 마지막 행은 그보다 길지 않다" started.
​◇ Test case passing 1 argument coreCount → 17 to "마지막 행을 뺀 모든 행의 길이가 같고 마지막 행은 그보다 길지 않다" started.
​◇ Test case passing 1 argument coreCount → 18 to "마지막 행을 뺀 모든 행의 길이가 같고 마지막 행은 그보다 길지 않다" started.
​◇ Test case passing 1 argument coreCount → 19 to "마지막 행을 뺀 모든 행의 길이가 같고 마지막 행은 그보다 길지 않다" started.
​◇ Test case passing 1 argument coreCount → 20 to "마지막 행을 뺀 모든 행의 길이가 같고 마지막 행은 그보다 길지 않다" started.
​◇ Test case passing 1 argument coreCount → 21 to "마지막 행을 뺀 모든 행의 길이가 같고 마지막 행은 그보다 길지 않다" started.
​◇ Test case passing 1 argument coreCount → 22 to "마지막 행을 뺀 모든 행의 길이가 같고 마지막 행은 그보다 길지 않다" started.
​◇ Test case passing 1 argument coreCount → 23 to "마지막 행을 뺀 모든 행의 길이가 같고 마지막 행은 그보다 길지 않다" started.
​◇ Test case passing 1 argument coreCount → 24 to "마지막 행을 뺀 모든 행의 길이가 같고 마지막 행은 그보다 길지 않다" started.
​◇ Test case passing 1 argument coreCount → 25 to "마지막 행을 뺀 모든 행의 길이가 같고 마지막 행은 그보다 길지 않다" started.
​◇ Test case passing 1 argument coreCount → 26 to "마지막 행을 뺀 모든 행의 길이가 같고 마지막 행은 그보다 길지 않다" started.
​◇ Test case passing 1 argument coreCount → 27 to "마지막 행을 뺀 모든 행의 길이가 같고 마지막 행은 그보다 길지 않다" started.
​◇ Test case passing 1 argument coreCount → 28 to "마지막 행을 뺀 모든 행의 길이가 같고 마지막 행은 그보다 길지 않다" started.
​◇ Test case passing 1 argument coreCount → 29 to "마지막 행을 뺀 모든 행의 길이가 같고 마지막 행은 그보다 길지 않다" started.
​◇ Test case passing 1 argument coreCount → 30 to "마지막 행을 뺀 모든 행의 길이가 같고 마지막 행은 그보다 길지 않다" started.
​◇ Test case passing 1 argument coreCount → 31 to "마지막 행을 뺀 모든 행의 길이가 같고 마지막 행은 그보다 길지 않다" started.
​◇ Test case passing 1 argument coreCount → 32 to "마지막 행을 뺀 모든 행의 길이가 같고 마지막 행은 그보다 길지 않다" started.
​◇ Test case passing 1 argument coreCount → 33 to "마지막 행을 뺀 모든 행의 길이가 같고 마지막 행은 그보다 길지 않다" started.
​◇ Test case passing 1 argument coreCount → 34 to "마지막 행을 뺀 모든 행의 길이가 같고 마지막 행은 그보다 길지 않다" started.
​◇ Test case passing 1 argument coreCount → 35 to "마지막 행을 뺀 모든 행의 길이가 같고 마지막 행은 그보다 길지 않다" started.
​◇ Test case passing 1 argument coreCount → 36 to "마지막 행을 뺀 모든 행의 길이가 같고 마지막 행은 그보다 길지 않다" started.
​◇ Test case passing 1 argument coreCount → 37 to "마지막 행을 뺀 모든 행의 길이가 같고 마지막 행은 그보다 길지 않다" started.
​◇ Test case passing 1 argument coreCount → 38 to "마지막 행을 뺀 모든 행의 길이가 같고 마지막 행은 그보다 길지 않다" started.
​◇ Test case passing 1 argument coreCount → 39 to "마지막 행을 뺀 모든 행의 길이가 같고 마지막 행은 그보다 길지 않다" started.
​◇ Test case passing 1 argument coreCount → 40 to "마지막 행을 뺀 모든 행의 길이가 같고 마지막 행은 그보다 길지 않다" started.
​◇ Test case passing 1 argument coreCount → 41 to "마지막 행을 뺀 모든 행의 길이가 같고 마지막 행은 그보다 길지 않다" started.
​◇ Test case passing 1 argument coreCount → 42 to "마지막 행을 뺀 모든 행의 길이가 같고 마지막 행은 그보다 길지 않다" started.
​◇ Test case passing 1 argument coreCount → 43 to "마지막 행을 뺀 모든 행의 길이가 같고 마지막 행은 그보다 길지 않다" started.
​◇ Test case passing 1 argument coreCount → 44 to "마지막 행을 뺀 모든 행의 길이가 같고 마지막 행은 그보다 길지 않다" started.
​◇ Test case passing 1 argument coreCount → 45 to "마지막 행을 뺀 모든 행의 길이가 같고 마지막 행은 그보다 길지 않다" started.
​◇ Test case passing 1 argument coreCount → 46 to "마지막 행을 뺀 모든 행의 길이가 같고 마지막 행은 그보다 길지 않다" started.
​◇ Test case passing 1 argument coreCount → 47 to "마지막 행을 뺀 모든 행의 길이가 같고 마지막 행은 그보다 길지 않다" started.
​◇ Test case passing 1 argument coreCount → 48 to "마지막 행을 뺀 모든 행의 길이가 같고 마지막 행은 그보다 길지 않다" started.
​◇ Test case passing 1 argument coreCount → 49 to "마지막 행을 뺀 모든 행의 길이가 같고 마지막 행은 그보다 길지 않다" started.
​◇ Test case passing 1 argument coreCount → 50 to "마지막 행을 뺀 모든 행의 길이가 같고 마지막 행은 그보다 길지 않다" started.
​◇ Test case passing 1 argument coreCount → 51 to "마지막 행을 뺀 모든 행의 길이가 같고 마지막 행은 그보다 길지 않다" started.
​◇ Test case passing 1 argument coreCount → 52 to "마지막 행을 뺀 모든 행의 길이가 같고 마지막 행은 그보다 길지 않다" started.
​◇ Test case passing 1 argument coreCount → 53 to "마지막 행을 뺀 모든 행의 길이가 같고 마지막 행은 그보다 길지 않다" started.
​◇ Test case passing 1 argument coreCount → 54 to "마지막 행을 뺀 모든 행의 길이가 같고 마지막 행은 그보다 길지 않다" started.
​◇ Test case passing 1 argument coreCount → 55 to "마지막 행을 뺀 모든 행의 길이가 같고 마지막 행은 그보다 길지 않다" started.
​◇ Test case passing 1 argument coreCount → 56 to "마지막 행을 뺀 모든 행의 길이가 같고 마지막 행은 그보다 길지 않다" started.
​◇ Test case passing 1 argument coreCount → 57 to "마지막 행을 뺀 모든 행의 길이가 같고 마지막 행은 그보다 길지 않다" started.
​◇ Test case passing 1 argument coreCount → 58 to "마지막 행을 뺀 모든 행의 길이가 같고 마지막 행은 그보다 길지 않다" started.
​◇ Test case passing 1 argument coreCount → 59 to "마지막 행을 뺀 모든 행의 길이가 같고 마지막 행은 그보다 길지 않다" started.
​◇ Test case passing 1 argument coreCount → 60 to "마지막 행을 뺀 모든 행의 길이가 같고 마지막 행은 그보다 길지 않다" started.
​◇ Test case passing 1 argument coreCount → 61 to "마지막 행을 뺀 모든 행의 길이가 같고 마지막 행은 그보다 길지 않다" started.
​◇ Test case passing 1 argument coreCount → 62 to "마지막 행을 뺀 모든 행의 길이가 같고 마지막 행은 그보다 길지 않다" started.
​◇ Test case passing 1 argument coreCount → 63 to "마지막 행을 뺀 모든 행의 길이가 같고 마지막 행은 그보다 길지 않다" started.
​◇ Test case passing 1 argument coreCount → 64 to "마지막 행을 뺀 모든 행의 길이가 같고 마지막 행은 그보다 길지 않다" started.
​◇ Test case passing 1 argument coreCount → 65 to "마지막 행을 뺀 모든 행의 길이가 같고 마지막 행은 그보다 길지 않다" started.
​◇ Test case passing 1 argument coreCount → 66 to "마지막 행을 뺀 모든 행의 길이가 같고 마지막 행은 그보다 길지 않다" started.
​◇ Test case passing 1 argument coreCount → 67 to "마지막 행을 뺀 모든 행의 길이가 같고 마지막 행은 그보다 길지 않다" started.
​◇ Test case passing 1 argument coreCount → 68 to "마지막 행을 뺀 모든 행의 길이가 같고 마지막 행은 그보다 길지 않다" started.
​◇ Test case passing 1 argument coreCount → 69 to "마지막 행을 뺀 모든 행의 길이가 같고 마지막 행은 그보다 길지 않다" started.
​◇ Test case passing 1 argument coreCount → 70 to "마지막 행을 뺀 모든 행의 길이가 같고 마지막 행은 그보다 길지 않다" started.
​◇ Test case passing 1 argument coreCount → 71 to "마지막 행을 뺀 모든 행의 길이가 같고 마지막 행은 그보다 길지 않다" started.
​◇ Test case passing 1 argument coreCount → 72 to "마지막 행을 뺀 모든 행의 길이가 같고 마지막 행은 그보다 길지 않다" started.
​◇ Test case passing 1 argument coreCount → 73 to "마지막 행을 뺀 모든 행의 길이가 같고 마지막 행은 그보다 길지 않다" started.
​◇ Test case passing 1 argument coreCount → 74 to "마지막 행을 뺀 모든 행의 길이가 같고 마지막 행은 그보다 길지 않다" started.
​◇ Test case passing 1 argument coreCount → 75 to "마지막 행을 뺀 모든 행의 길이가 같고 마지막 행은 그보다 길지 않다" started.
​◇ Test case passing 1 argument coreCount → 76 to "마지막 행을 뺀 모든 행의 길이가 같고 마지막 행은 그보다 길지 않다" started.
​◇ Test case passing 1 argument coreCount → 77 to "마지막 행을 뺀 모든 행의 길이가 같고 마지막 행은 그보다 길지 않다" started.
​◇ Test case passing 1 argument coreCount → 78 to "마지막 행을 뺀 모든 행의 길이가 같고 마지막 행은 그보다 길지 않다" started.
​◇ Test case passing 1 argument coreCount → 79 to "마지막 행을 뺀 모든 행의 길이가 같고 마지막 행은 그보다 길지 않다" started.
​◇ Test case passing 1 argument coreCount → 80 to "마지막 행을 뺀 모든 행의 길이가 같고 마지막 행은 그보다 길지 않다" started.
​✔ Test "마지막 행을 뺀 모든 행의 길이가 같고 마지막 행은 그보다 길지 않다" with 80 test cases passed after 0.069 seconds.
◇ Test "어떤 코어 수에서도 열 수가 열 상한을 넘지 않는다" started.
◇ Test case passing 1 argument coreCount → 1 to "어떤 코어 수에서도 열 수가 열 상한을 넘지 않는다" started.
​◇ Test case passing 1 argument coreCount → 2 to "어떤 코어 수에서도 열 수가 열 상한을 넘지 않는다" started.
​◇ Test case passing 1 argument coreCount → 3 to "어떤 코어 수에서도 열 수가 열 상한을 넘지 않는다" started.
​◇ Test case passing 1 argument coreCount → 4 to "어떤 코어 수에서도 열 수가 열 상한을 넘지 않는다" started.
​◇ Test case passing 1 argument coreCount → 5 to "어떤 코어 수에서도 열 수가 열 상한을 넘지 않는다" started.
​◇ Test case passing 1 argument coreCount → 6 to "어떤 코어 수에서도 열 수가 열 상한을 넘지 않는다" started.
​◇ Test case passing 1 argument coreCount → 7 to "어떤 코어 수에서도 열 수가 열 상한을 넘지 않는다" started.
​◇ Test case passing 1 argument coreCount → 8 to "어떤 코어 수에서도 열 수가 열 상한을 넘지 않는다" started.
​◇ Test case passing 1 argument coreCount → 9 to "어떤 코어 수에서도 열 수가 열 상한을 넘지 않는다" started.
​◇ Test case passing 1 argument coreCount → 10 to "어떤 코어 수에서도 열 수가 열 상한을 넘지 않는다" started.
​◇ Test case passing 1 argument coreCount → 11 to "어떤 코어 수에서도 열 수가 열 상한을 넘지 않는다" started.
​◇ Test case passing 1 argument coreCount → 12 to "어떤 코어 수에서도 열 수가 열 상한을 넘지 않는다" started.
​◇ Test case passing 1 argument coreCount → 13 to "어떤 코어 수에서도 열 수가 열 상한을 넘지 않는다" started.
​◇ Test case passing 1 argument coreCount → 14 to "어떤 코어 수에서도 열 수가 열 상한을 넘지 않는다" started.
​◇ Test case passing 1 argument coreCount → 15 to "어떤 코어 수에서도 열 수가 열 상한을 넘지 않는다" started.
​◇ Test case passing 1 argument coreCount → 16 to "어떤 코어 수에서도 열 수가 열 상한을 넘지 않는다" started.
​◇ Test case passing 1 argument coreCount → 17 to "어떤 코어 수에서도 열 수가 열 상한을 넘지 않는다" started.
​◇ Test case passing 1 argument coreCount → 18 to "어떤 코어 수에서도 열 수가 열 상한을 넘지 않는다" started.
​◇ Test case passing 1 argument coreCount → 19 to "어떤 코어 수에서도 열 수가 열 상한을 넘지 않는다" started.
​◇ Test case passing 1 argument coreCount → 20 to "어떤 코어 수에서도 열 수가 열 상한을 넘지 않는다" started.
​◇ Test case passing 1 argument coreCount → 21 to "어떤 코어 수에서도 열 수가 열 상한을 넘지 않는다" started.
​◇ Test case passing 1 argument coreCount → 22 to "어떤 코어 수에서도 열 수가 열 상한을 넘지 않는다" started.
​◇ Test case passing 1 argument coreCount → 23 to "어떤 코어 수에서도 열 수가 열 상한을 넘지 않는다" started.
​◇ Test case passing 1 argument coreCount → 24 to "어떤 코어 수에서도 열 수가 열 상한을 넘지 않는다" started.
​◇ Test case passing 1 argument coreCount → 25 to "어떤 코어 수에서도 열 수가 열 상한을 넘지 않는다" started.
​◇ Test case passing 1 argument coreCount → 26 to "어떤 코어 수에서도 열 수가 열 상한을 넘지 않는다" started.
​◇ Test case passing 1 argument coreCount → 27 to "어떤 코어 수에서도 열 수가 열 상한을 넘지 않는다" started.
​◇ Test case passing 1 argument coreCount → 28 to "어떤 코어 수에서도 열 수가 열 상한을 넘지 않는다" started.
​◇ Test case passing 1 argument coreCount → 29 to "어떤 코어 수에서도 열 수가 열 상한을 넘지 않는다" started.
​◇ Test case passing 1 argument coreCount → 30 to "어떤 코어 수에서도 열 수가 열 상한을 넘지 않는다" started.
​◇ Test case passing 1 argument coreCount → 31 to "어떤 코어 수에서도 열 수가 열 상한을 넘지 않는다" started.
​◇ Test case passing 1 argument coreCount → 32 to "어떤 코어 수에서도 열 수가 열 상한을 넘지 않는다" started.
​◇ Test case passing 1 argument coreCount → 33 to "어떤 코어 수에서도 열 수가 열 상한을 넘지 않는다" started.
​◇ Test case passing 1 argument coreCount → 34 to "어떤 코어 수에서도 열 수가 열 상한을 넘지 않는다" started.
​◇ Test case passing 1 argument coreCount → 35 to "어떤 코어 수에서도 열 수가 열 상한을 넘지 않는다" started.
​◇ Test case passing 1 argument coreCount → 36 to "어떤 코어 수에서도 열 수가 열 상한을 넘지 않는다" started.
​◇ Test case passing 1 argument coreCount → 37 to "어떤 코어 수에서도 열 수가 열 상한을 넘지 않는다" started.
​◇ Test case passing 1 argument coreCount → 38 to "어떤 코어 수에서도 열 수가 열 상한을 넘지 않는다" started.
​◇ Test case passing 1 argument coreCount → 39 to "어떤 코어 수에서도 열 수가 열 상한을 넘지 않는다" started.
​◇ Test case passing 1 argument coreCount → 40 to "어떤 코어 수에서도 열 수가 열 상한을 넘지 않는다" started.
​◇ Test case passing 1 argument coreCount → 41 to "어떤 코어 수에서도 열 수가 열 상한을 넘지 않는다" started.
​◇ Test case passing 1 argument coreCount → 42 to "어떤 코어 수에서도 열 수가 열 상한을 넘지 않는다" started.
​◇ Test case passing 1 argument coreCount → 43 to "어떤 코어 수에서도 열 수가 열 상한을 넘지 않는다" started.
​◇ Test case passing 1 argument coreCount → 44 to "어떤 코어 수에서도 열 수가 열 상한을 넘지 않는다" started.
​◇ Test case passing 1 argument coreCount → 45 to "어떤 코어 수에서도 열 수가 열 상한을 넘지 않는다" started.
​◇ Test case passing 1 argument coreCount → 46 to "어떤 코어 수에서도 열 수가 열 상한을 넘지 않는다" started.
​◇ Test case passing 1 argument coreCount → 47 to "어떤 코어 수에서도 열 수가 열 상한을 넘지 않는다" started.
​◇ Test case passing 1 argument coreCount → 48 to "어떤 코어 수에서도 열 수가 열 상한을 넘지 않는다" started.
​◇ Test case passing 1 argument coreCount → 49 to "어떤 코어 수에서도 열 수가 열 상한을 넘지 않는다" started.
​◇ Test case passing 1 argument coreCount → 50 to "어떤 코어 수에서도 열 수가 열 상한을 넘지 않는다" started.
​◇ Test case passing 1 argument coreCount → 51 to "어떤 코어 수에서도 열 수가 열 상한을 넘지 않는다" started.
​◇ Test case passing 1 argument coreCount → 52 to "어떤 코어 수에서도 열 수가 열 상한을 넘지 않는다" started.
​◇ Test case passing 1 argument coreCount → 53 to "어떤 코어 수에서도 열 수가 열 상한을 넘지 않는다" started.
​◇ Test case passing 1 argument coreCount → 54 to "어떤 코어 수에서도 열 수가 열 상한을 넘지 않는다" started.
​◇ Test case passing 1 argument coreCount → 55 to "어떤 코어 수에서도 열 수가 열 상한을 넘지 않는다" started.
​◇ Test case passing 1 argument coreCount → 56 to "어떤 코어 수에서도 열 수가 열 상한을 넘지 않는다" started.
​◇ Test case passing 1 argument coreCount → 57 to "어떤 코어 수에서도 열 수가 열 상한을 넘지 않는다" started.
​◇ Test case passing 1 argument coreCount → 58 to "어떤 코어 수에서도 열 수가 열 상한을 넘지 않는다" started.
​◇ Test case passing 1 argument coreCount → 59 to "어떤 코어 수에서도 열 수가 열 상한을 넘지 않는다" started.
​◇ Test case passing 1 argument coreCount → 60 to "어떤 코어 수에서도 열 수가 열 상한을 넘지 않는다" started.
​◇ Test case passing 1 argument coreCount → 61 to "어떤 코어 수에서도 열 수가 열 상한을 넘지 않는다" started.
​◇ Test case passing 1 argument coreCount → 62 to "어떤 코어 수에서도 열 수가 열 상한을 넘지 않는다" started.
​◇ Test case passing 1 argument coreCount → 63 to "어떤 코어 수에서도 열 수가 열 상한을 넘지 않는다" started.
​◇ Test case passing 1 argument coreCount → 64 to "어떤 코어 수에서도 열 수가 열 상한을 넘지 않는다" started.
​◇ Test case passing 1 argument coreCount → 65 to "어떤 코어 수에서도 열 수가 열 상한을 넘지 않는다" started.
​◇ Test case passing 1 argument coreCount → 66 to "어떤 코어 수에서도 열 수가 열 상한을 넘지 않는다" started.
​◇ Test case passing 1 argument coreCount → 67 to "어떤 코어 수에서도 열 수가 열 상한을 넘지 않는다" started.
​◇ Test case passing 1 argument coreCount → 68 to "어떤 코어 수에서도 열 수가 열 상한을 넘지 않는다" started.
​◇ Test case passing 1 argument coreCount → 69 to "어떤 코어 수에서도 열 수가 열 상한을 넘지 않는다" started.
​◇ Test case passing 1 argument coreCount → 70 to "어떤 코어 수에서도 열 수가 열 상한을 넘지 않는다" started.
​◇ Test case passing 1 argument coreCount → 71 to "어떤 코어 수에서도 열 수가 열 상한을 넘지 않는다" started.
​◇ Test case passing 1 argument coreCount → 72 to "어떤 코어 수에서도 열 수가 열 상한을 넘지 않는다" started.
​◇ Test case passing 1 argument coreCount → 73 to "어떤 코어 수에서도 열 수가 열 상한을 넘지 않는다" started.
​◇ Test case passing 1 argument coreCount → 74 to "어떤 코어 수에서도 열 수가 열 상한을 넘지 않는다" started.
​◇ Test case passing 1 argument coreCount → 75 to "어떤 코어 수에서도 열 수가 열 상한을 넘지 않는다" started.
​◇ Test case passing 1 argument coreCount → 76 to "어떤 코어 수에서도 열 수가 열 상한을 넘지 않는다" started.
​◇ Test case passing 1 argument coreCount → 77 to "어떤 코어 수에서도 열 수가 열 상한을 넘지 않는다" started.
​◇ Test case passing 1 argument coreCount → 78 to "어떤 코어 수에서도 열 수가 열 상한을 넘지 않는다" started.
​◇ Test case passing 1 argument coreCount → 79 to "어떤 코어 수에서도 열 수가 열 상한을 넘지 않는다" started.
​◇ Test case passing 1 argument coreCount → 80 to "어떤 코어 수에서도 열 수가 열 상한을 넘지 않는다" started.
​✔ Test "어떤 코어 수에서도 열 수가 열 상한을 넘지 않는다" with 80 test cases passed after 0.065 seconds.
◇ Test "코어 수 0이면 빈 배열이다" started.
✔ Test "코어 수 0이면 빈 배열이다" passed after 0.001 seconds.
◇ Test "코어 수 1이면 1행 1열이다" started.
✔ Test "코어 수 1이면 1행 1열이다" passed after 0.001 seconds.
✔ Suite "CPU 코어 격자 행·열 분할" passed after 0.280 seconds.
◇ Suite "CPU 코어 격자의 세로 예산" started.
◇ Test "논리 코어 14개에서 격자 아래끝이 팝업 첫 화면 안이다" started.
✔ Test "논리 코어 14개에서 격자 아래끝이 팝업 첫 화면 안이다" passed after 0.084 seconds.
◇ Test "코어 수가 달라져도 격자 아래끝이 첫 화면 안이다" started.
◇ Test case passing 1 argument coreCount → 8 to "코어 수가 달라져도 격자 아래끝이 첫 화면 안이다" started.
​◇ Test case passing 1 argument coreCount → 10 to "코어 수가 달라져도 격자 아래끝이 첫 화면 안이다" started.
2026-10-01 23:30:33.932052+0900 ResourceRunner[4593:45747717] [MonitoringSampleStore] history=1 capacity=601
2026-10-01 23:30:33.932066+0900 ResourceRunner[4593:45747596] [CPUActivityState] usage=22.468240 collectionEpoch=0 displayedState=low
2026-10-01 23:30:33.932074+0900 ResourceRunner[4593:45747686] [MonitoringScheduler] appended sample axis=SystemMetricsSampleSource generation=1 collectionEpoch=0 appendedTotal=2
2026-10-01 23:30:33.932048+0900 ResourceRunner[4593:45747721] [MonitoringSampleStore] first valid history point collectionEpoch=0 history=1
2026-10-01 23:30:33.932302+0900 ResourceRunner[4593:45747719] [MonitoringScheduler] appended sample axis=DiskActivitySource generation=1 collectionEpoch=0 appendedTotal=2
2026-10-01 23:30:33.932892+0900 ResourceRunner[4593:45747719] [MonitoringScheduler] appended sample axis=NetworkActivitySource generation=1 collectionEpoch=0 appendedTotal=2
2026-10-01 23:30:33.988116+0900 ResourceRunner[4593:45747596] [CollectionPipeline] delivered axis=diskActivity epoch=0 status=rate
2026-10-01 23:30:33.988264+0900 ResourceRunner[4593:45747596] [CollectionPipeline] delivered axis=networkActivity epoch=0 status=partial("물리 대상의 식별·연결·속도 일부를 확인하지 못했습니다")
​◇ Test case passing 1 argument coreCount → 16 to "코어 수가 달라져도 격자 아래끝이 첫 화면 안이다" started.
​◇ Test case passing 1 argument coreCount → 24 to "코어 수가 달라져도 격자 아래끝이 첫 화면 안이다" started.
​◇ Test case passing 1 argument coreCount → 32 to "코어 수가 달라져도 격자 아래끝이 첫 화면 안이다" started.
​◇ Test case passing 1 argument coreCount → 56 to "코어 수가 달라져도 격자 아래끝이 첫 화면 안이다" started.
​✔ Test "코어 수가 달라져도 격자 아래끝이 첫 화면 안이다" with 6 test cases passed after 0.409 seconds.
◇ Test "논리 코어 56개가 첫 화면에 들어가는 마지막 코어 수다" started.
✔ Test "논리 코어 56개가 첫 화면에 들어가는 마지막 코어 수다" passed after 0.094 seconds.
◇ Test "코어 57개 이상에서는 격자 아래끝이 첫 화면을 벗어난다" started.
◇ Test case passing 1 argument coreCount → 57 to "코어 57개 이상에서는 격자 아래끝이 첫 화면을 벗어난다" started.
​◇ Test case passing 1 argument coreCount → 65 to "코어 57개 이상에서는 격자 아래끝이 첫 화면을 벗어난다" started.
​◇ Test case passing 1 argument coreCount → 80 to "코어 57개 이상에서는 격자 아래끝이 첫 화면을 벗어난다" started.
​◇ Test case passing 1 argument coreCount → 128 to "코어 57개 이상에서는 격자 아래끝이 첫 화면을 벗어난다" started.
​✔ Test "코어 57개 이상에서는 격자 아래끝이 첫 화면을 벗어난다" with 4 test cases passed after 0.470 seconds.
◇ Test "어떤 코어 수에서도 격자의 필요 폭이 콘텐츠 폭을 넘지 않는다" started.
◇ Test case passing 1 argument coreCount → 1 to "어떤 코어 수에서도 격자의 필요 폭이 콘텐츠 폭을 넘지 않는다" started.
​◇ Test case passing 1 argument coreCount → 2 to "어떤 코어 수에서도 격자의 필요 폭이 콘텐츠 폭을 넘지 않는다" started.
​◇ Test case passing 1 argument coreCount → 8 to "어떤 코어 수에서도 격자의 필요 폭이 콘텐츠 폭을 넘지 않는다" started.
​◇ Test case passing 1 argument coreCount → 10 to "어떤 코어 수에서도 격자의 필요 폭이 콘텐츠 폭을 넘지 않는다" started.
​◇ Test case passing 1 argument coreCount → 14 to "어떤 코어 수에서도 격자의 필요 폭이 콘텐츠 폭을 넘지 않는다" started.
​◇ Test case passing 1 argument coreCount → 16 to "어떤 코어 수에서도 격자의 필요 폭이 콘텐츠 폭을 넘지 않는다" started.
​◇ Test case passing 1 argument coreCount → 24 to "어떤 코어 수에서도 격자의 필요 폭이 콘텐츠 폭을 넘지 않는다" started.
​◇ Test case passing 1 argument coreCount → 32 to "어떤 코어 수에서도 격자의 필요 폭이 콘텐츠 폭을 넘지 않는다" started.
​◇ Test case passing 1 argument coreCount → 56 to "어떤 코어 수에서도 격자의 필요 폭이 콘텐츠 폭을 넘지 않는다" started.
​◇ Test case passing 1 argument coreCount → 57 to "어떤 코어 수에서도 격자의 필요 폭이 콘텐츠 폭을 넘지 않는다" started.
​◇ Test case passing 1 argument coreCount → 64 to "어떤 코어 수에서도 격자의 필요 폭이 콘텐츠 폭을 넘지 않는다" started.
​◇ Test case passing 1 argument coreCount → 65 to "어떤 코어 수에서도 격자의 필요 폭이 콘텐츠 폭을 넘지 않는다" started.
2026-10-01 23:30:34.933955+0900 ResourceRunner[4593:45747716] [MonitoringScheduler] appended sample axis=ProcessSurveySampleSource generation=1 collectionEpoch=0 appendedTotal=1
​◇ Test case passing 1 argument coreCount → 128 to "어떤 코어 수에서도 격자의 필요 폭이 콘텐츠 폭을 넘지 않는다" started.
2026-10-01 23:30:34.972094+0900 ResourceRunner[4593:45747596] [CollectionPipeline] delivered axis=processSurvey epoch=0 failed=false
​✔ Test "어떤 코어 수에서도 격자의 필요 폭이 콘텐츠 폭을 넘지 않는다" with 13 test cases passed after 0.119 seconds.
◇ Test "콘텐츠 폭을 스크롤 막대 몫만큼 좁혀도 격자 아래끝이 그대로다" started.
◇ Test case passing 1 argument coreCount → 8 to "콘텐츠 폭을 스크롤 막대 몫만큼 좁혀도 격자 아래끝이 그대로다" started.
​◇ Test case passing 1 argument coreCount → 10 to "콘텐츠 폭을 스크롤 막대 몫만큼 좁혀도 격자 아래끝이 그대로다" started.
​◇ Test case passing 1 argument coreCount → 14 to "콘텐츠 폭을 스크롤 막대 몫만큼 좁혀도 격자 아래끝이 그대로다" started.
​◇ Test case passing 1 argument coreCount → 16 to "콘텐츠 폭을 스크롤 막대 몫만큼 좁혀도 격자 아래끝이 그대로다" started.
​◇ Test case passing 1 argument coreCount → 24 to "콘텐츠 폭을 스크롤 막대 몫만큼 좁혀도 격자 아래끝이 그대로다" started.
​◇ Test case passing 1 argument coreCount → 32 to "콘텐츠 폭을 스크롤 막대 몫만큼 좁혀도 격자 아래끝이 그대로다" started.
​◇ Test case passing 1 argument coreCount → 56 to "콘텐츠 폭을 스크롤 막대 몫만큼 좁혀도 격자 아래끝이 그대로다" started.
​✔ Test "콘텐츠 폭을 스크롤 막대 몫만큼 좁혀도 격자 아래끝이 그대로다" with 7 test cases passed after 0.901 seconds.
◇ Test "좁힌 폭에서도 칸이 화면 수치를 담을 만큼 넓다" started.
◇ Test case passing 1 argument coreCount → 8 to "좁힌 폭에서도 칸이 화면 수치를 담을 만큼 넓다" started.
​◇ Test case passing 1 argument coreCount → 10 to "좁힌 폭에서도 칸이 화면 수치를 담을 만큼 넓다" started.
​◇ Test case passing 1 argument coreCount → 14 to "좁힌 폭에서도 칸이 화면 수치를 담을 만큼 넓다" started.
​◇ Test case passing 1 argument coreCount → 16 to "좁힌 폭에서도 칸이 화면 수치를 담을 만큼 넓다" started.
​◇ Test case passing 1 argument coreCount → 24 to "좁힌 폭에서도 칸이 화면 수치를 담을 만큼 넓다" started.
2026-10-01 23:30:35.922617+0900 ResourceRunner[4593:45747721] [MonitoringSampleStore] history=2 capacity=601
2026-10-01 23:30:35.922619+0900 ResourceRunner[4593:45747716] [MonitoringScheduler] appended sample axis=SystemMetricsSampleSource generation=1 collectionEpoch=0 appendedTotal=3
2026-10-01 23:30:35.925103+0900 ResourceRunner[4593:45747596] [CPUActivityState] usage=20.714543 collectionEpoch=0 displayedState=low
2026-10-01 23:30:35.925233+0900 ResourceRunner[4593:45747716] [MonitoringScheduler] appended sample axis=DiskActivitySource generation=1 collectionEpoch=0 appendedTotal=3
2026-10-01 23:30:35.925344+0900 ResourceRunner[4593:45747716] [MonitoringScheduler] appended sample axis=NetworkActivitySource generation=1 collectionEpoch=0 appendedTotal=3
2026-10-01 23:30:35.946506+0900 ResourceRunner[4593:45747596] [CollectionPipeline] delivered axis=diskActivity epoch=0 status=rate
2026-10-01 23:30:35.946630+0900 ResourceRunner[4593:45747596] [CollectionPipeline] delivered axis=networkActivity epoch=0 status=partial("물리 대상의 식별·연결·속도 일부를 확인하지 못했습니다")
​◇ Test case passing 1 argument coreCount → 32 to "좁힌 폭에서도 칸이 화면 수치를 담을 만큼 넓다" started.
​◇ Test case passing 1 argument coreCount → 56 to "좁힌 폭에서도 칸이 화면 수치를 담을 만큼 넓다" started.
​◇ Test case passing 1 argument coreCount → 64 to "좁힌 폭에서도 칸이 화면 수치를 담을 만큼 넓다" started.
​✔ Test "좁힌 폭에서도 칸이 화면 수치를 담을 만큼 넓다" with 8 test cases passed after 0.192 seconds.
✔ Suite "CPU 코어 격자의 세로 예산" passed after 2.273 seconds.
◇ Suite "CPU 코어 사용률 격자 렌더" started.
◇ Test "격자 높이가 task-001이 정한 행 수만큼만 쌓인다" started.
◇ Test case passing 1 argument coreCount → 1 to "격자 높이가 task-001이 정한 행 수만큼만 쌓인다" started.
​◇ Test case passing 1 argument coreCount → 8 to "격자 높이가 task-001이 정한 행 수만큼만 쌓인다" started.
​◇ Test case passing 1 argument coreCount → 9 to "격자 높이가 task-001이 정한 행 수만큼만 쌓인다" started.
​◇ Test case passing 1 argument coreCount → 10 to "격자 높이가 task-001이 정한 행 수만큼만 쌓인다" started.
​◇ Test case passing 1 argument coreCount → 13 to "격자 높이가 task-001이 정한 행 수만큼만 쌓인다" started.
​◇ Test case passing 1 argument coreCount → 14 to "격자 높이가 task-001이 정한 행 수만큼만 쌓인다" started.
​◇ Test case passing 1 argument coreCount → 16 to "격자 높이가 task-001이 정한 행 수만큼만 쌓인다" started.
​◇ Test case passing 1 argument coreCount → 24 to "격자 높이가 task-001이 정한 행 수만큼만 쌓인다" started.
​◇ Test case passing 1 argument coreCount → 64 to "격자 높이가 task-001이 정한 행 수만큼만 쌓인다" started.
​✔ Test "격자 높이가 task-001이 정한 행 수만큼만 쌓인다" with 9 test cases passed after 0.059 seconds.
◇ Test "마지막 행의 칸 시작 x가 위 행의 같은 열과 같다" started.
◇ Test case passing 1 argument coreCount → 9 to "마지막 행의 칸 시작 x가 위 행의 같은 열과 같다" started.
​◇ Test case passing 1 argument coreCount → 10 to "마지막 행의 칸 시작 x가 위 행의 같은 열과 같다" started.
​◇ Test case passing 1 argument coreCount → 11 to "마지막 행의 칸 시작 x가 위 행의 같은 열과 같다" started.
​◇ Test case passing 1 argument coreCount → 13 to "마지막 행의 칸 시작 x가 위 행의 같은 열과 같다" started.
​◇ Test case passing 1 argument coreCount → 14 to "마지막 행의 칸 시작 x가 위 행의 같은 열과 같다" started.
​◇ Test case passing 1 argument coreCount → 17 to "마지막 행의 칸 시작 x가 위 행의 같은 열과 같다" started.
​◇ Test case passing 1 argument coreCount → 23 to "마지막 행의 칸 시작 x가 위 행의 같은 열과 같다" started.
​◇ Test case passing 1 argument coreCount → 24 to "마지막 행의 칸 시작 x가 위 행의 같은 열과 같다" started.
​✔ Test "마지막 행의 칸 시작 x가 위 행의 같은 열과 같다" with 8 test cases passed after 0.089 seconds.
◇ Test "칸이 위에서부터 막대 · 수치 · 번호 세 띠로 그려진다" started.
✔ Test "칸이 위에서부터 막대 · 수치 · 번호 세 띠로 그려진다" passed after 0.030 seconds.
◇ Test "칸의 이상적 폭이 화면 수치를 담은 조립과 같다" started.
✔ Test "칸의 이상적 폭이 화면 수치를 담은 조립과 같다" passed after 0.002 seconds.
◇ Test "코어 칸 수치의 %가 칸마다 같은 오른쪽 자리에 놓인다" started.
◇ Test case passing 1 argument width → 368.0 to "코어 칸 수치의 %가 칸마다 같은 오른쪽 자리에 놓인다" started.
​◇ Test case passing 1 argument width → 353.0 to "코어 칸 수치의 %가 칸마다 같은 오른쪽 자리에 놓인다" started.
​✔ Test "코어 칸 수치의 %가 칸마다 같은 오른쪽 자리에 놓인다" with 2 test cases passed after 0.061 seconds.
◇ Test "최대 코어 수치가 8열 칸과 스크롤러로 좁아진 칸 안에 든다" started.
◇ Test case passing 1 argument width → 368.0 to "최대 코어 수치가 8열 칸과 스크롤러로 좁아진 칸 안에 든다" started.
​◇ Test case passing 1 argument width → 353.0 to "최대 코어 수치가 8열 칸과 스크롤러로 좁아진 칸 안에 든다" started.
​✔ Test "최대 코어 수치가 8열 칸과 스크롤러로 좁아진 칸 안에 든다" with 2 test cases passed after 0.001 seconds.
◇ Test "코어 단계가 그래프 기준선에서 유도되고 기준선 변경을 따라간다" started.
✔ Test "코어 단계가 그래프 기준선에서 유도되고 기준선 변경을 따라간다" passed after 0.001 seconds.
◇ Test "각 그래프 기준선의 바로 아래와 바로 위에서 코어 단계가 갈린다" started.
✔ Test "각 그래프 기준선의 바로 아래와 바로 위에서 코어 단계가 갈린다" passed after 0.001 seconds.
◇ Test "색이 갈리는 두 경계 앞뒤에서 채움 색이 다르고 나머지 한 경계에서는 같다" started.
✔ Test "색이 갈리는 두 경계 앞뒤에서 채움 색이 다르고 나머지 한 경계에서는 같다" passed after 0.002 seconds.
◇ Test "칸의 채움 높이가 그 코어의 값을 따라 커진다" started.
✔ Test "칸의 채움 높이가 그 코어의 값을 따라 커진다" passed after 0.021 seconds.
◇ Test "막대 트랙 높이가 값과 무관하게 같다" started.
✔ Test "막대 트랙 높이가 값과 무관하게 같다" passed after 0.035 seconds.
◇ Test "격자 전체 높이가 값 분포와 무관하게 같다" started.
✔ Test "격자 전체 높이가 값 분포와 무관하게 같다" passed after 0.018 seconds.
◇ Test "값 분포만 다른 두 입력의 격자 그림이 서로 다르다" started.
✔ Test "값 분포만 다른 두 입력의 격자 그림이 서로 다르다" passed after 0.049 seconds.
◇ Test "0%와 1%가 같은 칸의 화면 수치로 갈린다" started.
✔ Test "0%와 1%가 같은 칸의 화면 수치로 갈린다" passed after 0.019 seconds.
✔ Suite "CPU 코어 사용률 격자 렌더" passed after 0.393 seconds.
◇ Suite "CPU 상세가 코어 격자를 조립하는지" started.
◇ Test "코어 수가 늘어난 만큼 CPU 상세 높이가 격자 높이만큼 늘어난다" started.
✔ Test "코어 수가 늘어난 만큼 CPU 상세 높이가 격자 높이만큼 늘어난다" passed after 0.025 seconds.
◇ Test "코어 값 분포만 다른 두 CPU 상세의 그림이 서로 다르다" started.
✔ Test "코어 값 분포만 다른 두 CPU 상세의 그림이 서로 다르다" passed after 0.082 seconds.
◇ Test "격자가 제안받은 폭을 그대로 되돌린다" started.
◇ Test case passing 1 argument coreCount → 8 to "격자가 제안받은 폭을 그대로 되돌린다" started.
​◇ Test case passing 1 argument coreCount → 9 to "격자가 제안받은 폭을 그대로 되돌린다" started.
​◇ Test case passing 1 argument coreCount → 10 to "격자가 제안받은 폭을 그대로 되돌린다" started.
​◇ Test case passing 1 argument coreCount → 11 to "격자가 제안받은 폭을 그대로 되돌린다" started.
​◇ Test case passing 1 argument coreCount → 13 to "격자가 제안받은 폭을 그대로 되돌린다" started.
​◇ Test case passing 1 argument coreCount → 14 to "격자가 제안받은 폭을 그대로 되돌린다" started.
​◇ Test case passing 1 argument coreCount → 16 to "격자가 제안받은 폭을 그대로 되돌린다" started.
​◇ Test case passing 1 argument coreCount → 17 to "격자가 제안받은 폭을 그대로 되돌린다" started.
​◇ Test case passing 1 argument coreCount → 23 to "격자가 제안받은 폭을 그대로 되돌린다" started.
​◇ Test case passing 1 argument coreCount → 24 to "격자가 제안받은 폭을 그대로 되돌린다" started.
​✔ Test "격자가 제안받은 폭을 그대로 되돌린다" with 10 test cases passed after 0.053 seconds.
◇ Test "상세 팝업 콘텐츠의 폭이 코어 수와 무관하게 400pt다" started.
◇ Test case passing 1 argument coreCount → 8 to "상세 팝업 콘텐츠의 폭이 코어 수와 무관하게 400pt다" started.
​◇ Test case passing 1 argument coreCount → 9 to "상세 팝업 콘텐츠의 폭이 코어 수와 무관하게 400pt다" started.
​◇ Test case passing 1 argument coreCount → 10 to "상세 팝업 콘텐츠의 폭이 코어 수와 무관하게 400pt다" started.
​◇ Test case passing 1 argument coreCount → 11 to "상세 팝업 콘텐츠의 폭이 코어 수와 무관하게 400pt다" started.
​◇ Test case passing 1 argument coreCount → 13 to "상세 팝업 콘텐츠의 폭이 코어 수와 무관하게 400pt다" started.
​◇ Test case passing 1 argument coreCount → 14 to "상세 팝업 콘텐츠의 폭이 코어 수와 무관하게 400pt다" started.
​◇ Test case passing 1 argument coreCount → 16 to "상세 팝업 콘텐츠의 폭이 코어 수와 무관하게 400pt다" started.
​◇ Test case passing 1 argument coreCount → 17 to "상세 팝업 콘텐츠의 폭이 코어 수와 무관하게 400pt다" started.
​◇ Test case passing 1 argument coreCount → 23 to "상세 팝업 콘텐츠의 폭이 코어 수와 무관하게 400pt다" started.
​◇ Test case passing 1 argument coreCount → 24 to "상세 팝업 콘텐츠의 폭이 코어 수와 무관하게 400pt다" started.
​✔ Test "상세 팝업 콘텐츠의 폭이 코어 수와 무관하게 400pt다" with 10 test cases passed after 0.075 seconds.
◇ Test "CPU 상세에 코어 사용률을 쉼표로 이어 붙인 한 줄이 남아 있지 않다" started.
✔ Test "CPU 상세에 코어 사용률을 쉼표로 이어 붙인 한 줄이 남아 있지 않다" passed after 0.012 seconds.
✔ Suite "CPU 상세가 코어 격자를 조립하는지" passed after 0.250 seconds.
◇ Suite CharacterStateSourceTests started.
◇ Test mapsEachStateToItsAccessibilityLabel(state:expectedLabel:) started.
◇ Test case passing 2 arguments state → .low, expectedLabel → "ResourceRunner, 낮음" to mapsEachStateToItsAccessibilityLabel(state:expectedLabel:) started.
​◇ Test case passing 2 arguments state → .moderate, expectedLabel → "ResourceRunner, 보통" to mapsEachStateToItsAccessibilityLabel(state:expectedLabel:) started.
​◇ Test case passing 2 arguments state → .high, expectedLabel → "ResourceRunner, 높음" to mapsEachStateToItsAccessibilityLabel(state:expectedLabel:) started.
​◇ Test case passing 2 arguments state → .veryHigh, expectedLabel → "ResourceRunner, 매우 높음" to mapsEachStateToItsAccessibilityLabel(state:expectedLabel:) started.
​◇ Test case passing 2 arguments state → .sustainedHigh, expectedLabel → "ResourceRunner, 장시간 고부하" to mapsEachStateToItsAccessibilityLabel(state:expectedLabel:) started.
​✔ Test mapsEachStateToItsAccessibilityLabel(state:expectedLabel:) with 5 test cases passed after 0.001 seconds.
◇ Test defaultInitialStateIsLow() started.
✔ Test defaultInitialStateIsLow() passed after 0.001 seconds.
◇ Test deliversEachInjectedStateExactlyOnceInOrderEvenWhenConsumptionLagsBehindInjection() started.
✔ Test deliversEachInjectedStateExactlyOnceInOrderEvenWhenConsumptionLagsBehindInjection() passed after 0.001 seconds.
✔ Suite CharacterStateSourceTests passed after 0.001 seconds.
◇ Suite CollectionAdmissionTests started.
◇ Test reverseResponsesAreRejectedAtEveryPhase() started.
✔ Test reverseResponsesAreRejectedAtEveryPhase() passed after 0.001 seconds.
◇ Test stopResumeInvalidatesOldTokensAndNormalGenerationKeepsEpoch() started.
✔ Test stopResumeInvalidatesOldTokensAndNormalGenerationKeepsEpoch() passed after 0.001 seconds.
◇ Test lateLifecycleApplyCannotOverwriteNewProcessPlan() started.
✔ Test lateLifecycleApplyCannotOverwriteNewProcessPlan() passed after 0.001 seconds.
◇ Test boundaryDuringSinkSuspensionLeavesLatestAndHistoryUntouched() started.
✔ Test boundaryDuringSinkSuspensionLeavesLatestAndHistoryUntouched() passed after 0.001 seconds.
◇ Test olderClockResponseCannotOverwriteNewerCPUBaseline() started.
2026-10-01 23:30:36.713029+0900 ResourceRunner[4593:45747716] [SystemMetricsSampleSource] baseline-only tick: no cpu usage produced collectionEpoch=0 epochReset=false elapsed=none maximumTickGap=10.0 seconds
✔ Test olderClockResponseCannotOverwriteNewerCPUBaseline() passed after 0.001 seconds.
◇ Test processSourceAndHistoryHonorTheSameBoundary() started.
✔ Test processSourceAndHistoryHonorTheSameBoundary() passed after 0.001 seconds.
◇ Test processCPUBaselineRestartsOnNewEpoch() started.
✔ Test processCPUBaselineRestartsOnNewEpoch() passed after 0.001 seconds.
◇ Test oldSchedulerWaitingInClockCannotIssueNewGenerationToken() started.
2026-10-01 23:30:36.713512+0900 ResourceRunner[4593:45747717] [MonitoringScheduler] apply axis=CountingIntSource schedule=running(1.0 seconds) generation=1 collectionEpoch=0 appendedTotal=0
✔ Test oldSchedulerWaitingInClockCannotIssueNewGenerationToken() passed after 0.001 seconds.
2026-10-01 23:30:36.713549+0900 ResourceRunner[4593:45747716] [MonitoringScheduler] apply axis=CountingIntSource schedule=running(2.0 seconds) generation=2 collectionEpoch=0 appendedTotal=0
2026-10-01 23:30:36.713623+0900 ResourceRunner[4593:45747692] [MonitoringScheduler] apply axis=CountingIntSource schedule=paused generation=3 collectionEpoch=0 appendedTotal=0
✔ Suite CollectionAdmissionTests passed after 0.011 seconds.
◇ Suite CollectionBoundaryDisplayTests started.
◇ Test workspaceSleepNotificationsReachTheCombinedSnapshot() started.
✔ Test workspaceSleepNotificationsReachTheCombinedSnapshot() passed after 0.001 seconds.
◇ Test newestSnapshotStillCarriesStopResumeBoundary() started.
✔ Test newestSnapshotStillCarriesStopResumeBoundary() passed after 0.001 seconds.
◇ Test coalescedRunningSnapshotRestartsBothAxesAtNewEpoch() started.
✔ Test coalescedRunningSnapshotRestartsBothAxesAtNewEpoch() passed after 0.001 seconds.
◇ Test delayedConsumerAndReorderedStopCannotReverseRealCards() started.
2026-10-01 23:30:36.723288+0900 ResourceRunner[4593:45747716] [MonitoringSampleStore] history=0 capacity=601
2026-10-01 23:30:36.723361+0900 ResourceRunner[4593:45747722] [MonitoringSampleStore] history=0 capacity=601
✔ Test delayedConsumerAndReorderedStopCannotReverseRealCards() passed after 0.001 seconds.
✔ Suite CollectionBoundaryDisplayTests passed after 0.001 seconds.
◇ Suite CollectionPipelinesTests started.
◇ Test sixInjectedAxesStartOnlyAfterInitialLifecycleAndSlowAuxDoesNotBlockCardsOrMenu() started.
2026-10-01 23:30:36.723918+0900 ResourceRunner[4593:45747722] [MonitoringScheduler] apply axis=PipelineSource schedule=running(2.0 seconds) generation=1 collectionEpoch=0 appendedTotal=0
2026-10-01 23:30:36.723990+0900 ResourceRunner[4593:45747692] [MonitoringScheduler] apply axis=PipelineSource schedule=running(5.0 seconds) generation=1 collectionEpoch=0 appendedTotal=0
2026-10-01 23:30:36.724056+0900 ResourceRunner[4593:45747692] [MonitoringScheduler] apply axis=PipelineSource schedule=running(2.0 seconds) generation=1 collectionEpoch=0 appendedTotal=0
2026-10-01 23:30:36.724132+0900 ResourceRunner[4593:45747716] [AuxiliaryScheduler] apply axis=networkMetadata schedule=running(60.0 seconds) epoch=0
2026-10-01 23:30:36.724146+0900 ResourceRunner[4593:45747717] [MonitoringScheduler] apply axis=PipelineSource schedule=running(2.0 seconds) generation=1 collectionEpoch=0 appendedTotal=0
2026-10-01 23:30:36.731433+0900 ResourceRunner[4593:45747716] [AuxiliaryScheduler] start axis=networkMetadata query=1
2026-10-01 23:30:36.731468+0900 ResourceRunner[4593:45747716] [AuxiliaryScheduler] apply axis=storageMetadata schedule=running(60.0 seconds) epoch=0
2026-10-01 23:30:36.731477+0900 ResourceRunner[4593:45747716] [AuxiliaryScheduler] start axis=storageMetadata query=1
2026-10-01 23:30:36.731510+0900 ResourceRunner[4593:45747717] [AuxiliaryScheduler] stored axis=storageMetadata query=1
2026-10-01 23:30:36.731531+0900 ResourceRunner[4593:45747596] [CollectionPipeline] delivered axis=storageMetadata epoch=0 result=failure revision=0 reason=injected storage metadata
2026-10-01 23:30:36.731789+0900 ResourceRunner[4593:45747719] [MonitoringScheduler] apply axis=PipelineSource schedule=running(2.0 seconds) generation=2 collectionEpoch=0 appendedTotal=0
2026-10-01 23:30:36.731807+0900 ResourceRunner[4593:45747717] [AuxiliaryScheduler] apply axis=networkMetadata schedule=running(30.0 seconds) epoch=0
2026-10-01 23:30:36.731813+0900 ResourceRunner[4593:45747692] [MonitoringScheduler] apply axis=PipelineSource schedule=running(1.0 seconds) generation=2 collectionEpoch=0 appendedTotal=0
2026-10-01 23:30:36.731825+0900 ResourceRunner[4593:45747717] [AuxiliaryScheduler] apply axis=storageMetadata schedule=running(30.0 seconds) epoch=0
2026-10-01 23:30:36.731860+0900 ResourceRunner[4593:45747596] [CollectionPipeline] delivered axis=storageMetadata epoch=0 result=failure revision=0 reason=injected storage metadata
2026-10-01 23:30:36.731844+0900 ResourceRunner[4593:45747719] [MonitoringScheduler] apply axis=PipelineSource schedule=running(1.0 seconds) generation=2 collectionEpoch=0 appendedTotal=0
2026-10-01 23:30:36.731834+0900 ResourceRunner[4593:45747722] [MonitoringScheduler] apply axis=PipelineSource schedule=running(1.0 seconds) generation=2 collectionEpoch=0 appendedTotal=0
2026-10-01 23:30:36.731995+0900 ResourceRunner[4593:45747596] [CPUActivityState] usage=80.000000 collectionEpoch=0 displayedState=low
2026-10-01 23:30:36.731940+0900 ResourceRunner[4593:45747692] [MonitoringScheduler] appended sample axis=PipelineSource generation=2 collectionEpoch=0 appendedTotal=1
2026-10-01 23:30:36.731954+0900 ResourceRunner[4593:45747742] [MonitoringSampleStore] first valid history point collectionEpoch=0 history=1
2026-10-01 23:30:36.731961+0900 ResourceRunner[4593:45747718] [MonitoringScheduler] appended sample axis=PipelineSource generation=2 collectionEpoch=0 appendedTotal=1
2026-10-01 23:30:36.731950+0900 ResourceRunner[4593:45747721] [MonitoringSampleStore] history=1 capacity=601
2026-10-01 23:30:36.731972+0900 ResourceRunner[4593:45747675] [MonitoringScheduler] appended sample axis=PipelineSource generation=2 collectionEpoch=0 appendedTotal=1
2026-10-01 23:30:36.732440+0900 ResourceRunner[4593:45747722] [MonitoringScheduler] appended sample axis=PipelineSource generation=2 collectionEpoch=0 appendedTotal=1
2026-10-01 23:30:36.732456+0900 ResourceRunner[4593:45747596] [CollectionPipeline] delivered axis=diskActivity epoch=0 status=rate
2026-10-01 23:30:36.732449+0900 ResourceRunner[4593:45747721] [MonitoringSampleStore] history=2 capacity=601
2026-10-01 23:30:36.732457+0900 ResourceRunner[4593:45747718] [MonitoringScheduler] appended sample axis=PipelineSource generation=2 collectionEpoch=0 appendedTotal=2
2026-10-01 23:30:36.732512+0900 ResourceRunner[4593:45747596] [CollectionPipeline] delivered axis=networkActivity epoch=0 status=failure("injected network")
2026-10-01 23:30:36.732538+0900 ResourceRunner[4593:45747596] [CPUActivityState] usage=80.000000 collectionEpoch=0 displayedState=low
2026-10-01 23:30:36.732563+0900 ResourceRunner[4593:45747721] [MonitoringScheduler] appended sample axis=PipelineSource generation=2 collectionEpoch=0 appendedTotal=2
2026-10-01 23:30:36.732580+0900 ResourceRunner[4593:45747721] [MonitoringScheduler] appended sample axis=PipelineSource generation=2 collectionEpoch=0 appendedTotal=3
2026-10-01 23:30:36.732574+0900 ResourceRunner[4593:45747743] [MonitoringSampleStore] history=3 capacity=601
2026-10-01 23:30:36.732597+0900 ResourceRunner[4593:45747743] [MonitoringSampleStore] history=4 capacity=601
2026-10-01 23:30:36.732604+0900 ResourceRunner[4593:45747675] [MonitoringScheduler] appended sample axis=PipelineSource generation=2 collectionEpoch=0 appendedTotal=4
2026-10-01 23:30:36.732614+0900 ResourceRunner[4593:45747675] [MonitoringScheduler] appended sample axis=PipelineSource generation=2 collectionEpoch=0 appendedTotal=2
2026-10-01 23:30:36.732636+0900 ResourceRunner[4593:45747596] [CPUActivityState] usage=80.000000 collectionEpoch=0 displayedState=low
2026-10-01 23:30:36.732704+0900 ResourceRunner[4593:45747743] [MonitoringScheduler] appended sample axis=PipelineSource generation=2 collectionEpoch=0 appendedTotal=3
2026-10-01 23:30:36.732707+0900 ResourceRunner[4593:45747675] [MonitoringScheduler] appended sample axis=PipelineSource generation=2 collectionEpoch=0 appendedTotal=2
2026-10-01 23:30:36.732716+0900 ResourceRunner[4593:45747596] [CollectionPipeline] delivered axis=diskActivity epoch=0 status=rate
2026-10-01 23:30:36.732719+0900 ResourceRunner[4593:45747743] [MonitoringScheduler] appended sample axis=PipelineSource generation=2 collectionEpoch=0 appendedTotal=4
2026-10-01 23:30:36.732761+0900 ResourceRunner[4593:45747596] [CPUActivityState] usage=80.000000 collectionEpoch=0 displayedState=low
2026-10-01 23:30:36.732788+0900 ResourceRunner[4593:45747721] [MonitoringScheduler] appended sample axis=PipelineSource generation=2 collectionEpoch=0 appendedTotal=3
2026-10-01 23:30:36.732789+0900 ResourceRunner[4593:45747596] [CollectionPipeline] delivered axis=networkActivity epoch=0 status=failure("injected network")
2026-10-01 23:30:36.732816+0900 ResourceRunner[4593:45747716] [MonitoringSampleStore] history=5 capacity=601
2026-10-01 23:30:36.732824+0900 ResourceRunner[4593:45747721] [MonitoringScheduler] appended sample axis=PipelineSource generation=2 collectionEpoch=0 appendedTotal=5
2026-10-01 23:30:36.732829+0900 ResourceRunner[4593:45747721] [MonitoringSampleStore] history=6 capacity=601
2026-10-01 23:30:36.732837+0900 ResourceRunner[4593:45747596] [CollectionPipeline] delivered axis=diskActivity epoch=0 status=rate
2026-10-01 23:30:36.732838+0900 ResourceRunner[4592026-10-01 23:30:36.732869+0900 ResourceRunner[4593:45747718] [MonitoringScheduler] appended sample axis=PipelineSource generation=2 collectionEpoch=0 appendedTotal=3
3:45747721] [MonitoringScheduler] appended sample axis=PipelineSource generation=2 collectionEpoch=0 appendedTotal=6
2026-10-01 23:30:36.732912+0900 ResourceRunner[4593:45747596] [CPUActivityState] usage=80.000000 collectionEpoch=0 displayedState=veryHigh
2026-10-01 23:30:36.732879+0900 ResourceRunner[4593:45747676] [MonitoringScheduler] appended sample axis=PipelineSource generation=2 collectionEpoch=0 appendedTotal=4
2026-10-01 23:30:36.732899+0900 ResourceRunner[4593:45747716] [MonitoringScheduler] appended sample axis=PipelineSource generation=2 collectionEpoch=0 appendedTotal=4
2026-10-01 23:30:36.734657+0900 ResourceRunner[4593:45747676] [MonitoringSampleStore] history=7 capacity=601
2026-10-01 23:30:36.734660+0900 ResourceRunner[4593:45747716] [MonitoringScheduler] appended sample axis=PipelineSource generation=2 collectionEpoch=0 appendedTotal=7
2026-10-01 23:30:36.734681+0900 ResourceRunner[4593:45747596] [CollectionPipeline] delivered axis=networkActivity epoch=0 status=failure("injected network")
2026-10-01 23:30:36.734675+0900 ResourceRunner[4593:45747721] [MonitoringScheduler] appended sample axis=PipelineSource generation=2 collectionEpoch=0 appendedTotal=5
2026-10-01 23:30:36.734785+0900 ResourceRunner[4593:45747596] [CPUActivityState] usage=80.000000 collectionEpoch=0 displayedState=veryHigh
2026-10-01 23:30:36.734823+0900 ResourceRunner[4593:45747718] [MonitoringScheduler] appended sample axis=PipelineSource generation=2 collectionEpoch=0 appendedTotal=5
2026-10-01 23:30:36.734829+0900 ResourceRunner[4593:45747718] [MonitoringScheduler] appended sample axis=PipelineSource generation=2 collectionEpoch=0 appendedTotal=6
2026-10-01 23:30:36.734831+0900 ResourceRunner[4593:45747596] [CollectionPipeline] delivered axis=diskActivity epoch=0 status=rate
2026-10-01 23:30:36.734859+0900 ResourceRunner[4593:45747718] [MonitoringScheduler] app2026-10-01 23:30:36.734860+0900 ResourceRunner[4593:45747596] [CollectionPipeline] delivered axis=networkActivity epoch=0 status=failure("injected network")
ended sample axis=PipelineSource generation=2 collectionEpoch=0 appendedTotal=6
2026-10-01 23:30:36.734902+0900 ResourceRunner[4593:45747596] [CPUActivityState] usage=80.000000 collectionEpoch=0 displayedState=veryHigh
2026-10-01 23:30:36.734926+0900 ResourceRunner[4593:45747718] [MonitoringScheduler] appended sample axis=PipelineSource generation=2 collectionEpoch=0 appendedTotal=7
2026-10-01 23:30:36.734945+0900 ResourceRunner[4593:45747743] [MonitoringScheduler] appended sample axis=PipelineSource generation=2 collectionEpoch=0 appendedTotal=8
2026-10-01 23:30:36.734969+0900 ResourceRunner[4593:45747743] [MonitoringScheduler] appended sample axis=PipelineSource generation=2 collectionEpoch=0 appendedTotal=7
2026-10-01 23:30:36.734972+0900 ResourceRunner[4593:45747596] [CollectionPipeline] delivered axis=diskActivity epoch=0 status=rate
2026-10-01 23:30:36.734981+0900 ResourceRunner[4593:45747718] [MonitoringSampleStore] history=8 capacity=601
2026-10-01 23:30:36.735002+0900 ResourceRunner[4593:45747596] [CollectionPipeline] delivered axis=processSurvey epoch=0 failed=false
2026-10-01 23:30:36.735003+0900 ResourceRunner[4593:45747716] [MonitoringScheduler] appended sample axis=PipelineSource generation=2 collectionEpoch=0 appendedTotal=8
2026-10-01 23:30:36.735017+0900 ResourceRunner[4593:45747596] [CollectionPipeline] delivered axis=networkActivity epoch=0 status=failure("injected network")
2026-10-01 23:30:36.735037+0900 ResourceRunner[4593:45747675] [MonitoringScheduler] appended sample axis=PipelineSource generation=2 collectionEpoch=0 appendedTotal=8
2026-10-01 23:30:36.735053+0900 ResourceRunner[4593:45747596] [CPUActivityState] usage=80.000000 collectionEpoch=0 displayedState=veryHigh
2026-10-01 23:30:36.735065+0900 ResourceRunner[4593:45747596] [CollectionPipeline] delivered axis=diskActivity epoch=0 status=rate
2026-10-01 23:30:36.735076+0900 ResourceRunner[4593:45747596] [CollectionPipeline] delivered axis=processSurvey epoch=0 failed=false
2026-10-01 23:30:36.735087+0900 ResourceRunner[4593:45747716] [AuxiliaryScheduler] start axis=networkMetadata query=2
2026-10-01 23:30:36.735093+0900 ResourceRunner[4593:45747596] [CollectionPipeline] delivered axis=networkActivity epoch=0 status=failure("injected network")
2026-10-01 23:30:36.735117+0900 ResourceRunner[4593:45747716] [AuxiliaryScheduler] stored axis=networkMetadata query=2
2026-10-01 23:30:36.735122+0900 ResourceRunner[4593:45747596] [CollectionPipeline] delivered axis=diskActivity epoch=0 status=rate
2026-10-01 23:30:36.735147+0900 ResourceRunner[4593:45747596] [CollectionPipeline] delivered axis=networkMetadata epoch=0 result=failure revision=0 reason=injected slow network metadata
✔ Test sixInjectedAxesStartOnlyAfterInitialLifecycleAndSlowAuxDoesNotBlockCardsOrMenu() passed after 0.011 seconds.
◇ Test independentMetricFailuresKeepSuccessfulValuesAndNoFabricatedZero() started.
2026-10-01 23:30:36.735407+0900 ResourceRunner[4593:45747743] [MonitoringScheduler] apply axis=PipelineSource schedule=running(5.0 seconds) generation=1 collectionEpoch=0 appendedTotal=0
2026-10-01 23:30:36.735419+0900 ResourceRunner[4593:45747675] [AuxiliaryScheduler] apply axis=networkMetadata schedule=running(60.0 seconds) epoch=0
2026-10-01 23:30:36.735427+0900 ResourceRunner[4593:45747675] [AuxiliaryScheduler] start axis=networkMetadata query=1
2026-10-01 23:30:36.735433+0900 ResourceRunner[4593:45747718] [MonitoringScheduler] apply axis=PipelineSource schedule=running(2.0 seconds) generation=1 collectionEpoch=0 appendedTotal=0
2026-10-01 23:30:36.735440+0900 ResourceRunner[4593:45747675] [AuxiliaryScheduler] apply axis=storageMetadata schedule=running(60.0 seconds) epoch=0
2026-10-01 23:30:36.735468+0900 ResourceRunner[4593:45747675] [AuxiliaryScheduler] start axis=storageMetadata query=1
2026-10-01 23:30:36.735455+0900 ResourceRunner[4593:45747716] [MonitoringScheduler] apply axis=PipelineSource schedule=running(2.0 seconds) generation=1 collectionEpoch=0 appendedTotal=0
2026-10-01 23:30:36.735464+0900 ResourceRunner[4593:45747721] [AuxiliaryScheduler] stored axis=networkMetadata query2026-10-01 23:30:36.735533+0900 ResourceRunner[4593:45747716] [MonitoringScheduler] apply axis=PipelineSource schedule=running(2.0 seconds) generation=2 collectionEpoch=0 appendedTotal=0
=1
2026-10-01 23:30:36.735534+0900 ResourceRunner[4593:45747717] [MonitoringScheduler] apply axis=PipelineSource schedule=running(1.0 seconds) generation=2 collectionEpoch=0 appendedTotal=0
2026-10-01 23:30:36.735524+0900 ResourceRunner[4593:45747676] [MonitoringScheduler] apply axis=PipelineSource schedule=running(1.0 seconds) generation=2 collectionEpoch=0 appendedTotal=0
2026-10-01 23:30:36.735540+0900 ResourceRunner[4593:45747675] [MonitoringScheduler] apply axis=PipelineSource schedule=running(1.0 seconds) generation=2 collectionEpoch=0 appendedTotal=0
2026-10-01 23:30:36.735542+0900 ResourceRunner[4593:45747743] [MonitoringScheduler] apply axis=PipelineSource schedule=running(2.0 seconds) generation=1 collectionEpoch=0 appendedTotal=0
2026-10-01 23:30:36.735563+0900 ResourceRunner[4593:45747721] [AuxiliaryScheduler] apply axis=networkMetadata schedule=running(30.0 seconds) epoch=0
2026-10-01 23:30:36.736576+0900 ResourceRunner[4593:45747721] [AuxiliaryScheduler] apply axis=storageMetadata schedule=running(30.0 seconds) epoch=0
2026-10-01 23:30:36.736587+0900 ResourceRunner[4593:45747721] [AuxiliaryScheduler] start axis=storageMetadata query=2
2026-10-01 23:30:36.736615+0900 ResourceRunner[4593:45747675] [AuxiliaryScheduler] stored axis=storageMetadata query=2
2026-10-01 23:30:36.736646+0900 ResourceRunner[4593:45747743] [MonitoringScheduler] appended sample axis=PipelineSource generation=2 collectionEpoch=0 appendedTotal=1
2026-10-01 23:30:36.736661+0900 ResourceRunner[4593:45747743] [MonitoringSampleStore] history=0 capacity=601
2026-10-01 23:30:36.736665+0900 ResourceRunner[4593:45747743] [MonitoringScheduler] appended sample axis=PipelineSource generation=2 collectionEpoch=0 appendedTotal=1
2026-10-01 23:30:36.736666+0900 ResourceRunner[4593:45747596] [CollectionPipeline] delivered axis=networkActivity epoch=0 status=rate
2026-10-01 23:30:36.736864+0900 ResourceRunner[4593:45747676] [MonitoringScheduler] appended sample axis=PipelineSource generation=2 collectionEpoch=0 appendedTotal=1
2026-10-01 23:30:36.736896+0900 ResourceRunner[4593:45747596] [CollectionPipeline] delivered axis=diskActivity epoch=0 status=failure("injected disk")
2026-10-01 23:30:37.368811+0900 ResourceRunner[4593:45747675] [MonitoringSampleStore] history=0 capacity=601
2026-10-01 23:30:37.368793+0900 ResourceRunner[4593:45747717] [MonitoringScheduler] appended sample axis=PipelineSource generation=2 collectionEpoch=0 appendedTotal=1
2026-10-01 23:30:37.368865+0900 ResourceRunner[4593:45747716] [MonitoringScheduler] appended sample axis=PipelineSource generation=2 collectionEpoch=0 appendedTotal=2
2026-10-01 23:30:37.368881+0900 ResourceRunner[4593:45747717] [MonitoringScheduler] appended sample axis=PipelineSource generation=2 collectionEpoch=0 appendedTotal=2
2026-10-01 23:30:37.368908+0900 ResourceRunner[4593:45747596] [CPUActivityState] usage=80.000000 collectionEpoch=0 displayedState=low
2026-10-01 23:30:37.368970+0900 ResourceRunner[4593:45747596] [CollectionPipeline] delivered axis=networkActivity epoch=0 status=rate
2026-10-01 23:30:37.368974+0900 ResourceRunner[4593:45747675] [MonitoringScheduler] appended sample axis=PipelineSource generation=2 collectionEpoch=0 appendedTotal=2
✔ Test independentMetricFailuresKeepSuccessfulValuesAndNoFabricatedZero() passed after 0.633 seconds.
◇ Test cancellationIgnoringOldNetworkResultCannotReplaceResumedDelivery() started.
2026-10-01 23:30:37.369321+0900 ResourceRunner[4593:45747675] [AuxiliaryScheduler] apply axis=networkMetadata schedule=running(60.0 seconds) epoch=0
2026-10-01 23:30:37.369338+0900 ResourceRunner[4593:45747675] [AuxiliaryScheduler] start axis=networkMetadata query=1
2026-10-01 23:30:37.369353+0900 ResourceRunner[4593:45747675] [AuxiliaryScheduler] apply axis=storageMetadata schedule=running(60.0 seconds) epoch=0
2026-10-01 23:30:37.369356+0900 ResourceRunner[4593:45747721] [MonitoringScheduler] apply axis=PipelineSource schedule=running(5.0 seconds) generation=1 collectionEpoch=0 appendedTotal=0
2026-10-01 23:30:37.369368+0900 ResourceRunner[4593:45747676] [MonitoringScheduler] apply axis=PipelineSource schedule=running(2.0 seconds) generation=1 collectionEpoch=0 appendedTotal=0
2026-10-01 23:30:37.369372+0900 ResourceRunner[4593:45747722] [AuxiliaryScheduler] stored axis=networkMetadata query=1
2026-10-01 23:30:37.369374+0900 ResourceRunner[4593:45747675] [AuxiliaryScheduler] start axis=storageMetadata query=1
2026-10-01 23:30:37.369374+0900 ResourceRunner[4593:45747743] [MonitoringScheduler] apply axis=PipelineSource schedule=running(2.0 seconds) generation=1 collectionEpoch=0 appendedTotal=0
2026-10-01 23:30:37.369388+0900 ResourceRunner[4593:45747717] [MonitoringScheduler] apply axis=PipelineSource schedule=running(2.0 seconds) generation=1 collectionEpoch=0 appendedTotal=0
2026-10-01 23:30:37.369736+0900 ResourceRunner[4593:45747716] [AuxiliaryScheduler] stored axis=storageMetadata query=1
2026-10-01 23:30:37.369786+0900 ResourceRunner[4593:45747722] [MonitoringSampleStore] first valid history point collectionEpoch=0 history=1
2026-10-01 23:30:37.369797+0900 ResourceRunner[4593:45747722] [MonitoringScheduler] appended sample axis=PipelineSource generation=1 collectionEpoch=0 appendedTotal=1
2026-10-01 23:30:37.369790+0900 ResourceRunner[4593:45747716] [MonitoringSampleStore] history=1 capacity=601
2026-10-01 23:30:37.369815+0900 ResourceRunner[4593:45747716] [MonitoringScheduler] appended sample axis=PipelineSource generation=1 collectionEpoch=0 appendedTotal=1
2026-10-01 23:30:37.369893+0900 ResourceRunner[4593:45747717] [MonitoringScheduler] apply axis=PipelineSource schedule=paused generation=2 collectionEpoch=1 appendedTotal=1
2026-10-01 23:30:37.369896+0900 ResourceRunner[4593:45747675] [MonitoringScheduler] apply axis=PipelineSource schedule=paused generation=2 collectionEpoch=1 appendedTotal=0
2026-10-01 23:30:37.369874+0900 ResourceRunner[4593:45747718] [AuxiliaryScheduler] apply axis=networkMetadata schedule=paused epoch=1
2026-10-01 23:30:37.369911+0900 ResourceRunner[4593:45747676] [MonitoringScheduler] apply axis=PipelineSource schedule=paused generation=2 collectionEpoch=1 appendedTotal=1
2026-10-01 23:30:37.369909+0900 ResourceRunner[4593:45747743] [MonitoringScheduler] apply axis=PipelineSource schedule=paused generation=2 collectionEpoch=1 appendedTotal=0
2026-10-01 23:30:37.372541+0900 ResourceRunner[4593:45747718] [AuxiliaryScheduler] apply axis=storageMetadata schedule=paused epoch=1
2026-10-02026-10-01 23:30:37.372626+0900 ResourceRunner[4593:45747676] [AuxiliaryScheduler] apply axis=networkMetadata schedule=running(60.0 seconds) epoch=2
1 23:30:37.372610+0900 ResourceRunner[4593:45747718] [MonitoringScheduler] apply axis=PipelineSource schedule=running(5.0 seconds) generation=3 collectionEpoch=2 appendedTotal=0
2026-10-01 23:30:37.372613+0900 ResourceRunner[4593:45747675] [MonitoringScheduler] apply axis=PipelineSource schedule=running(2.0 seconds) generation=3 collectionEpoch=2 appendedTotal=1
2026-10-01 23:30:37.372632+0900 ResourceRunner[4593:45747717] [MonitoringScheduler] apply axis=PipelineSource schedule=running(2.0 seconds) generation=3 collectionEpoch=2 appendedTotal=0
2026-10-01 23:30:37.372637+0900 ResourceRunner[4593:45747743] [MonitoringScheduler] apply axis=PipelineSource schedule=running(2.0 seconds) generation=3 collectionEpoch=2 appendedTotal=1
2026-10-01 23:30:37.372745+0900 ResourceRunner[4593:45747676] [AuxiliaryScheduler] apply axis=storageMetadata schedule=running(60.0 seconds) epoch=2
2026-10-01 23:30:37.372966+0900 ResourceRunner[4593:45747718] [MonitoringSampleStore] first valid history point collectionEpoch=2 history=2
2026-10-01 23:30:37.372972+0900 ResourceRunner[4593:45747718] [MonitoringSampleStore] history=2 capacity=601
2026-10-01 23:30:37.372990+0900 ResourceRunner[4593:45747721] [MonitoringScheduler] appended sample axis=PipelineSource generation=3 collectionEpoch=2 appendedTotal=1
2026-10-01 23:30:37.373005+0900 ResourceRunner[4593:45747596] [CollectionPipeline] delivered axis=networkActivity epoch=2 status=rate
2026-10-01 23:30:37.373006+0900 ResourceRunner[4593:45747676] [MonitoringScheduler] appended sample axis=PipelineSource generation=3 collectionEpoch=2 appendedTotal=2
2026-10-01 23:30:37.372993+0900 ResourceRunner[4593:45747743] [MonitoringScheduler] appended sample axis=PipelineSource generation=3 collectionEpoch=2 appendedTotal=2
✔ Test cancellationIgnoringOldNetworkResultCannotReplaceResumedDelivery() passed after 0.005 seconds.
◇ Test mountNotificationsAndNetworkSignalsAdvanceCumulativeRevision() started.
2026-10-01 23:30:37.375144+0900 ResourceRunner[4593:45747596] [TopologyObserver] registered network=false workspaceTokens=3
2026-10-01 23:30:37.375204+0900 ResourceRunner[4593:45747717] [MonitoringScheduler] apply axis=PipelineSource schedule=running(2.0 seconds) generation=1 collectionEpoch=0 appendedTotal=0
2026-10-01 23:30:37.375217+0900 ResourceRunner[4593:45747717] [MonitoringScheduler] apply axis=PipelineSource schedule=running(2.0 seconds) generation=1 collectionEpoch=0 appendedTotal=0
2026-10-01 23:30:37.375218+0900 ResourceRunner[4593:45747721] [MonitoringScheduler] apply axis=PipelineSource schedule=running(5.0 seconds) generation=1 collectionEpoch=0 appendedTotal=0
2026-10-01 23:30:37.375220+0900 ResourceRunner[4593:45747718] [AuxiliaryScheduler] apply axis=networkMetadata schedule=running(60.0 seconds) epoch=0
2026-10-01 23:30:37.375227+0900 ResourceRunner[4593:45747676] [MonitoringScheduler] apply axis=PipelineSource schedule=running(2.0 seconds) generation=1 collectionEpoch=0 appendedTotal=0
2026-10-01 23:30:37.375231+0900 ResourceRunner[4593:45747718] [AuxiliaryScheduler] start axis=networkMetadata query=1
2026-10-01 23:30:37.375244+0900 ResourceRunner[4593:45747718] [AuxiliaryScheduler] apply axis=storageMetadata schedule=running(60.0 seconds) epoch=0
2026-10-01 23:30:37.375257+0900 ResourceRunner[4593:45747676] [AuxiliaryScheduler] stored axis=networkMetadata query=1
2026-10-01 23:30:37.375345+0900 ResourceRunner[4593:45747718] [AuxiliaryScheduler] start axis=storageMetadata query=1
2026-10-01 23:30:37.375366+0900 ResourceRunner[4593:45747718] [AuxiliaryScheduler] stored axis=storageMetadata query=1
2026-10-01 23:30:37.375390+0900 ResourceRunner[4593:45747721] [AuxiliaryScheduler] start axis=storageMetadata query=2
2026-10-01 23:30:37.375404+0900 ResourceRunner[4593:45747676] [AuxiliaryScheduler] start axis=networkMetadata query=2
2026-10-01 23:30:37.375432+0900 ResourceRunner[4593:45747675] [AuxiliaryScheduler] stored axis=storageMetadata query=2
2026-10-01 23:30:37.375446+0900 ResourceRunner[4593:45747676] [AuxiliaryScheduler] stored axis=networkMetadata query=2
2026-10-01 23:30:37.375454+0900 ResourceRunner[4593:45747675] [AuxiliaryScheduler] start axis=storageMetadata query=3
2026-10-01 23:30:37.375455+0900 ResourceRunner[4593:45747676] [AuxiliaryScheduler] start axis=networkMetadata query=3
2026-10-01 23:30:37.375473+0900 ResourceRunner[4593:45747676] [AuxiliaryScheduler] stored axis=storageMetadata query=3
2026-10-01 23:30:37.375479+0900 ResourceRunner[4593:45747675] [AuxiliaryScheduler] stored axis=networkMetadata query=3
✔ Test mountNotificationsAndNetworkSignalsAdvanceCumulativeRevision() passed after 0.001 seconds.
◇ Test injectedLowPowerLifecycleUsesProductionSixAxisFactory() started.
2026-10-01 23:30:37.375798+0900 ResourceRunner[4593:45747676] [MonitoringScheduler] apply axis=PipelineSource schedule=running(5.0 seconds) generation=1 collectionEpoch=0 appendedTotal=0
2026-10-01 23:30:37.375812+0900 ResourceRunner[4593:45747676] [MonitoringScheduler] apply axis=PipelineSource schedule=running(5.0 seconds) generation=1 collectionEpoch=0 appendedTotal=0
2026-10-01 23:30:37.375811+0900 ResourceRunner[4593:45747718] [MonitoringScheduler] apply axis=PipelineSource schedule=running(10.0 seconds) generation=1 collectionEpoch=0 appendedTotal=0
2026-10-01 23:30:37.375818+0900 ResourceRunner[4593:45747717] [AuxiliaryScheduler] apply axis=networkMetadata schedule=running(120.0 seconds) epoch=0
2026-10-01 23:30:37.375824+0900 ResourceRunner[4593:45747675] [MonitoringScheduler] apply axis=PipelineSource schedule=running(5.0 seconds) generation=1 collectionEpoch=0 appendedTotal=0
2026-10-01 23:30:37.375830+0900 ResourceRunner[4593:45747717] [AuxiliaryScheduler] start axis=networkMetadata query=1
2026-10-01 23:30:37.375847+0900 ResourceRunner[4593:45747717] [AuxiliaryScheduler] apply axis=storageMetadata schedule=running(120.0 seconds) epoch=0
2026-10-01 23:30:37.375867+0900 ResourceRunner[4593:45747675] [AuxiliaryScheduler] stored axis=networkMetadata query=1
2026-10-01 23:30:37.375870+0900 ResourceRunner[4593:45747717] [AuxiliaryScheduler] start axis=storageMetadata query=1
2026-10-01 23:30:37.375890+0900 ResourceRunner[4593:45747717] [AuxiliaryScheduler] stored axis=storageMetadata query=1
2026-10-01 23:30:37.376065+0900 ResourceRunner[4593:45747675] [MonitoringSampleStore] first valid history point collectionEpoch=0 history=1
2026-10-01 23:30:37.376074+0900 ResourceRunner[4593:45747716] [MonitoringSampleStore] history=1 capacity=601
2026-10-01 23:30:37.376083+0900 ResourceRunner[4593:45747743] [MonitoringScheduler] appended sample axis=PipelineSource generation=1 collectionEpoch=0 appendedTotal=1
2026-10-01 23:30:37.376086+0900 ResourceRunner[4593:45747716] [MonitoringScheduler] appended sample axis=PipelineSource generation=1 collectionEpoch=0 appendedTotal=1
2026-10-01 23:30:37.376110+0900 ResourceRunner[4593:45747718] [MonitoringScheduler] appended sample axis=PipelineSource generation=1 collectionEpoch=0 appendedTotal=1
2026-10-01 23:30:37.376170+0900 ResourceRunner[4593:45747675] [AuxiliaryScheduler] apply axis=networkMetadata schedule=running(60.0 seconds) epoch=0
2026-10-01 23:30:37.376144+0900 ResourceRunner[4593:45747676] [MonitoringScheduler] apply axis=PipelineSource schedule=running(2.0 seconds) generation=2 collectionEpoch=0 appendedTotal=1
2026-10-01 23:30:37.376150+0900 ResourceRunner[4593:45747722] [MonitoringScheduler] apply axis=PipelineSource schedule=running(4.0 seconds) generation=2 collectionEpoch=0 appendedTotal=0
2026-10-01 23:30:37.376165+0900 ResourceRunner[4593:45747742] [MonitoringScheduler] apply axis=PipelineSource schedule=running(2.0 seconds) generation=2 collectionEpoch=0 appendedTotal=1
2026-10-01 23:30:37.376158+0900 ResourceRunner[4593:45747717] [MonitoringScheduler] apply axis=PipelineSource schedule=running(2.0 seconds) generation=2 collectionEpoch=0 appendedTotal=1
2026-10-01 23:30:37.379561+0900 ResourceRunner[4593:45747675] [AuxiliaryScheduler] apply axis=storageMetadata schedule=running(60.0 seconds) epoch=0
2026-10-01 23:30:37.380486+0900 ResourceRunner[4593:45747596] [CollectionPipeline] delivered axis=networkMetadata epoch=0 result=failure revision=0 reason=metadata
2026-10-01 23:30:37.380502+0900 ResourceRunner[4593:45747596] [CollectionPipeline] delivered axis=storageMetadata epoch=0 result=failure revision=0 reason=storage
2026-10-01 23:30:37.380572+0900 ResourceRunner[4593:45747722] [MonitoringSampleStore] history=2 capacity=601
2026-10-01 23:30:37.380577+0900 ResourceRunner[4593:45747742] [MonitoringScheduler] appended sample axis=PipelineSource generation=2 collectionEpoch=0 appendedTotal=2
2026-10-01 23:30:37.380617+0900 ResourceRunner[4593:45747718] [MonitoringScheduler] appended sample axis=PipelineSource generation=2 collectionEpoch=0 appendedTotal=3
2026-10-01 23:30:37.380647+0900 ResourceRunner[4593:45747743] [MonitoringScheduler] appended sample axis=PipelineSource generation=2 collectionEpoch=0 appendedTotal=1
2026-10-01 23:30:37.380666+0900 ResourceRunner[4593:45747717] [MonitoringSampleStore] history=3 capacity=601
2026-10-01 23:30:37.380703+0900 ResourceRunner[4593:45747722] [MonitoringScheduler] appended sample axis=PipelineSource generation=2 collectionEpoch=0 appendedTotal=2
2026-10-01 23:30:37.380710+0900 ResourceRunner[4593:45747722] [MonitoringScheduler] appended sample axis=PipelineSource generation=2 colle✔ Test injectedLowPowerLifecycleUsesProductionSixAxisFactory() passed after 0.005 seconds.
ctionEpoch=0 appendedTotal=2
◇ Test cachedReplayCannotReverseNewNativeOrCrossTopologyAndEpoch() started.
✔ Test cachedReplayCannotReverseNewNativeOrCrossTopologyAndEpoch() passed after 0.001 seconds.
✔ Suite CollectionPipelinesTests passed after 0.657 seconds.
◇ Suite DashboardCardHeightTests started.
◇ Test cpuCardHeightIsSameRegardlessOfTopApplicationsCount() started.
✔ Test cpuCardHeightIsSameRegardlessOfTopApplicationsCount() passed after 0.018 seconds.
◇ Test cpuCardHeightIsSameWhenProcessSurveyFails() started.
✔ Test cpuCardHeightIsSameWhenProcessSurveyFails() passed after 0.006 seconds.
◇ Test cpuCardHeightIsSameAcrossAllFourStates() started.
✔ Test cpuCardHeightIsSameAcrossAllFourStates() passed after 0.015 seconds.
◇ Test cpuCardHeightIsSameRegardlessOfUserSystemBandValues() started.
✔ Test cpuCardHeightIsSameRegardlessOfUserSystemBandValues() passed after 0.011 seconds.
◇ Test memoryCardHeightIsSameRegardlessOfTopApplicationsCount() started.
✔ Test memoryCardHeightIsSameRegardlessOfTopApplicationsCount() passed after 0.016 seconds.
◇ Test memoryCardHeightIsSameWhenProcessSurveyFails() started.
✔ Test memoryCardHeightIsSameWhenProcessSurveyFails() passed after 0.006 seconds.
◇ Test memoryCardHeightIsSameAcrossAllFourStates() started.
✔ Test memoryCardHeightIsSameAcrossAllFourStates() passed after 0.016 seconds.
◇ Test memoryCardHeightIsSameWithLongestPressureSwapLineContent() started.
✔ Test memoryCardHeightIsSameWithLongestPressureSwapLineContent() passed after 0.007 seconds.
◇ Test memoryCardHeightMatchesRefinedAssemblyBaseline() started.
✔ Test memoryCardHeightMatchesRefinedAssemblyBaseline() passed after 0.002 seconds.
◇ Test pressureSwapAndCompositionLegendLinesTruncateInsteadOfWrapping() started.
✔ Test pressureSwapAndCompositionLegendLinesTruncateInsteadOfWrapping() passed after 0.002 seconds.
◇ Test cardHeightIsSameRegardlessOfRowIconAvailability() started.
✔ Test cardHeightIsSameRegardlessOfRowIconAvailability() passed after 0.018 seconds.
◇ Test cardHeightsMatchBaselineBeforeRowIcons() started.
✔ Test cardHeightsMatchBaselineBeforeRowIcons() passed after 0.007 seconds.
◇ Test cardHeightsMatchBaselinesAcrossEveryStateWithNewElements() started.
✔ Test cardHeightsMatchBaselinesAcrossEveryStateWithNewElements() passed after 0.031 seconds.
✔ Suite DashboardCardHeightTests passed after 0.163 seconds.
◇ Suite DashboardStyleTests started.
◇ Test spacingScaleKeepsCardHierarchyConsistent() started.
✔ Test spacingScaleKeepsCardHierarchyConsistent() passed after 0.001 seconds.
◇ Test sectionHeadingRuleIsSharedByTheCardAndBothDetails() started.
✔ Test sectionHeadingRuleIsSharedByTheCardAndBothDetails() passed after 0.001 seconds.
◇ Test cardRankingHeadingFitsTheCardContentWidth() started.
✔ Test cardRankingHeadingFitsTheCardContentWidth() passed after 0.001 seconds.
◇ Test cardSurfaceConstantsKeepTheApprovedSlot() started.
✔ Test cardSurfaceConstantsKeepTheApprovedSlot() passed after 0.001 seconds.
◇ Test borderOnlySurfaceKeepsPreSurfaceChangeCardHeights() started.
✔ Test borderOnlySurfaceKeepsPreSurfaceChangeCardHeights() passed after 0.007 seconds.
◇ Test focusRoleIsTallerThanEveryOtherCardTypographyRole() started.
✔ Test focusRoleIsTallerThanEveryOtherCardTypographyRole() passed after 0.001 seconds.
◇ Test fourRolesUseDistinctPointSizesAndHeadingKeepsItsEmphasis() started.
✔ Test fourRolesUseDistinctPointSizesAndHeadingKeepsItsEmphasis() passed after 0.001 seconds.
◇ Test everyRolePointSizeMatchesTheMeasuredSystemFont() started.
✔ Test everyRolePointSizeMatchesTheMeasuredSystemFont() passed after 0.001 seconds.
◇ Test focusRoleIsAtLeastTwiceTheBodyValueInPointSizeAndLineHeight() started.
✔ Test focusRoleIsAtLeastTwiceTheBodyValueInPointSizeAndLineHeight() passed after 0.001 seconds.
◇ Test graphAxisLabelHeightFollowsTheLabelRoleLineHeight() started.
✔ Test graphAxisLabelHeightFollowsTheLabelRoleLineHeight() passed after 0.001 seconds.
◇ Test fourCardVerticalBudgetFitsTheReferenceDevice() started.
✔ Test fourCardVerticalBudgetFitsTheReferenceDevice() passed after 0.007 seconds.
◇ Test headingWeightDoesNotChangeTheIdealWidthOfSectionTitles() started.
✔ Test headingWeightDoesNotChangeTheIdealWidthOfSectionTitles() passed after 0.002 seconds.
◇ Test memoryFocusLineLeavesRoomForCompositionBarAcrossWorstCaseStates() started.
✔ Test memoryFocusLineLeavesRoomForCompositionBarAcrossWorstCaseStates() passed after 0.001 seconds.
✔ Suite DashboardStyleTests passed after 0.023 seconds.
◇ Suite DashboardCardPlaceholderRenderingTests started.
◇ Test cardSurfacesFillTheirInteriorWithASurfaceDistinctFromThePopoverBackground() started.
✔ Test cardSurfacesFillTheirInteriorWithASurfaceDistinctFromThePopoverBackground() passed after 0.013 seconds.
◇ Test cpuSeriesSwatchesShareHueAndUseDifferentBrightnessSteps() started.
✔ Test cpuSeriesSwatchesShareHueAndUseDifferentBrightnessSteps() passed after 0.001 seconds.
◇ Test cpuSeriesPlaceholderKeepsBothSwatchesWithoutInventingZeroValues() started.
✔ Test cpuSeriesPlaceholderKeepsBothSwatchesWithoutInventingZeroValues() passed after 0.001 seconds.
◇ Test everyValuelessStateRendersEveryNewDisplayElement() started.
✔ Test everyValuelessStateRendersEveryNewDisplayElement() passed after 0.249 seconds.
◇ Test cpuGraphPlaceholderDoesNotRenderInventedZeroValues() started.
✔ Test cpuGraphPlaceholderDoesNotRenderInventedZeroValues() passed after 0.031 seconds.
◇ Test memoryCompositionPlaceholderDrawsOnlyTrackWithoutSegments() started.
✔ Test memoryCompositionPlaceholderDrawsOnlyTrackWithoutSegments() passed after 0.001 seconds.
◇ Test memoryCompositionPlaceholderTrackIsActuallyRendered() started.
✔ Test memoryCompositionPlaceholderTrackIsActuallyRendered() passed after 0.001 seconds.
◇ Test cardRankingRowsKeepIconSlotBeforeContent() started.
✔ Test cardRankingRowsKeepIconSlotBeforeContent() passed after 0.001 seconds.
◇ Test everyValuelessCardRankingRowReservesTheSameIconSlot() started.
✔ Test everyValuelessCardRankingRowReservesTheSameIconSlot() passed after 0.004 seconds.
◇ Test everyFilledCardRankingRowReservesTheSameIconSlot() started.
✔ Test everyFilledCardRankingRowReservesTheSameIconSlot() passed after 0.003 seconds.
◇ Test cardRankingRowActuallyRendersProvidedIconInItsSlot() started.
✔ Test cardRankingRowActuallyRendersProvidedIconInItsSlot() passed after 0.014 seconds.
✔ Suite DashboardCardPlaceholderRenderingTests passed after 0.319 seconds.
◇ Suite CPUGraphPlotSurfaceRenderingTests started.
◇ Test valuelessStatesCoverTheWholePlotFrameWithTheGraphPlotSurface() started.
2026-10-01 23:30:37.933664+0900 ResourceRunner[4593:45747719] [MonitoringSampleStore] history=3 capacity=601
2026-10-01 23:30:37.933690+0900 ResourceRunner[4593:45747692] [MonitoringScheduler] appended sample axis=SystemMetricsSampleSource generation=1 collectionEpoch=0 appendedTotal=4
2026-10-01 23:30:37.933889+0900 ResourceRunner[4593:45747692] [MonitoringScheduler] appended sample axis=DiskActivitySource generation=1 collectionEpoch=0 appendedTotal=4
2026-10-01 23:30:37.934381+0900 ResourceRunner[4593:45747692] [MonitoringScheduler] appended sample axis=NetworkActivitySource generation=1 collectionEpoch=0 appendedTotal=4
2026-10-01 23:30:38.002943+0900 ResourceRunner[4593:45747596] [CPUActivityState] usage=23.018732 collectionEpoch=0 displayedState=low
2026-10-01 23:30:38.003062+0900 ResourceRunner[4593:45747596] [CollectionPipeline] delivered axis=diskActivity epoch=0 status=rate
2026-10-01 23:30:38.003174+0900 ResourceRunner[4593:45747596] [CollectionPipeline] delivered axis=networkActivity epoch=0 status=partial("물리 대상의 식별·연결·속도 일부를 확인하지 못했습니다")
✔ Test valuelessStatesCoverTheWholePlotFrameWithTheGraphPlotSurface() passed after 0.115 seconds.
◇ Test plotSurfaceCoversTheWholeWindowWhenDataFillsOnlyTheRightEnd() started.
✔ Test plotSurfaceCoversTheWholeWindowWhenDataFillsOnlyTheRightEnd() passed after 0.053 seconds.
◇ Test plotSurfaceKeepsTheSameShapeWhenDataFillsTheWholeWindow() started.
✔ Test plotSurfaceKeepsTheSameShapeWhenDataFillsTheWholeWindow() passed after 0.023 seconds.
◇ Test bandsJustOutsideTheWindowStartDoNotSpillPastThePlotFrame() started.
✔ Test bandsJustOutsideTheWindowStartDoNotSpillPastThePlotFrame() passed after 0.023 seconds.
◇ Test gridlineRowsOverTheBarePlotSurfaceAreDarkerThanItAndNotTheCardSurface() started.
✔ Test gridlineRowsOverTheBarePlotSurfaceAreDarkerThanItAndNotTheCardSurface() passed after 0.029 seconds.
◇ Test gridlineStaysVisibleInsideBandsThatCoverFiftyPercent() started.
✔ Test gridlineStaysVisibleInsideBandsThatCoverFiftyPercent() passed after 0.015 seconds.
✔ Suite CPUGraphPlotSurfaceRenderingTests passed after 0.260 seconds.
◇ Suite MemoryCardCompositionTotalRenderingTests started.
◇ Test cardWidthFollowsCompositionTotalRatherThanUsedBytes() started.
✔ Test cardWidthFollowsCompositionTotalRatherThanUsedBytes() passed after 0.008 seconds.
✔ Suite MemoryCardCompositionTotalRenderingTests passed after 0.008 seconds.
◇ Suite MemoryCardCompositionBarRenderingTests started.
◇ Test cardDrawsCompositionSegments() started.
✔ Test cardDrawsCompositionSegments() passed after 0.012 seconds.
✔ Suite MemoryCardCompositionBarRenderingTests passed after 0.012 seconds.
◇ Suite "대시보드 리소스 색 램프" started.
◇ Test popoverBackgroundAndCardSurfaceLiftTheCardInBothAppearances() started.
✔ Test popoverBackgroundAndCardSurfaceLiftTheCardInBothAppearances() passed after 0.001 seconds.
◇ Test allSixteenColorsMeetContrastAndKeepTheSameStepMeaning() started.
✔ Test allSixteenColorsMeetContrastAndKeepTheSameStepMeaning() passed after 0.001 seconds.
◇ Test memoryCategoriesSplitIntoTwoHuesWithTheDarkerCategoryFirst() started.
✔ Test memoryCategoriesSplitIntoTwoHuesWithTheDarkerCategoryFirst() passed after 0.001 seconds.
◇ Test memoryCategoryColorsMeetBackgroundContrastInBothAppearances() started.
✔ Test memoryCategoryColorsMeetBackgroundContrastInBothAppearances() passed after 0.001 seconds.
◇ Test adjacentMemoryCategoriesDifferInLightness() started.
✔ Test adjacentMemoryCategoriesDifferInLightness() passed after 0.001 seconds.
◇ Test cpuBandsUseTheCPUResourceRamp() started.
✔ Test cpuBandsUseTheCPUResourceRamp() passed after 0.001 seconds.
◇ Test coreFillColorsMeetCardSurfaceContrastInBothAppearances() started.
✔ Test coreFillColorsMeetCardSurfaceContrastInBothAppearances() passed after 0.001 seconds.
◇ Test busyCoreFillSplitsFromTheOtherTwoInHue() started.
✔ Test busyCoreFillSplitsFromTheOtherTwoInHue() passed after 0.001 seconds.
◇ Test quietAndElevatedCoreFillsAreLessSaturatedThanBusy() started.
✔ Test quietAndElevatedCoreFillsAreLessSaturatedThanBusy() passed after 0.001 seconds.
◇ Test graphPlotSurfaceSitsBetweenPopoverBackgroundAndCardSurfaceInBothAppearances() started.
✔ Test graphPlotSurfaceSitsBetweenPopoverBackgroundAndCardSurfaceInBothAppearances() passed after 0.001 seconds.
◇ Test graphPlotSurfaceIsAchromaticInBothAppearances() started.
✔ Test graphPlotSurfaceIsAchromaticInBothAppearances() passed after 0.001 seconds.
◇ Test cpuBandColorsMeetGraphPlotSurfaceContrastInBothAppearances() started.
✔ Test cpuBandColorsMeetGraphPlotSurfaceContrastInBothAppearances() passed after 0.001 seconds.
◇ Test graphPlotGridlineIsDarkerThanPlotSurfaceAndWeakerThanPlotEdge() started.
✔ Test graphPlotGridlineIsDarkerThanPlotSurfaceAndWeakerThanPlotEdge() passed after 0.001 seconds.
◇ Test graphPlotGridlineStaysVisibleInsideBothBandFillsAndWeakerThanTheFill() started.
✔ Test graphPlotGridlineStaysVisibleInsideBothBandFillsAndWeakerThanTheFill() passed after 0.001 seconds.
◇ Test graphPlotGridlineIsAchromaticInBothAppearances() started.
✔ Test graphPlotGridlineIsAchromaticInBothAppearances() passed after 0.001 seconds.
◇ Test gridlineIsWeakerThanGraphPlotEdgeWhichIsWeakerThanUpperBandFill() started.
✔ Test gridlineIsWeakerThanGraphPlotEdgeWhichIsWeakerThanUpperBandFill() passed after 0.001 seconds.
◇ Test cpuBandCompositeLightnessDifferenceImprovesInBothAppearances() started.
✔ Test cpuBandCompositeLightnessDifferenceImprovesInBothAppearances() passed after 0.001 seconds.
✔ Suite "대시보드 리소스 색 램프" passed after 0.015 seconds.
◇ Suite HistoryPointConnectedSegmentsTests started.
◇ Test emptyPointsProduceNoSegments() started.
✔ Test emptyPointsProduceNoSegments() passed after 0.001 seconds.
◇ Test singlePointProducesOneSegmentWithThatPoint() started.
✔ Test singlePointProducesOneSegmentWithThatPoint() passed after 0.001 seconds.
◇ Test adjacentPointsWithinGapStayInOneSegment() started.
✔ Test adjacentPointsWithinGapStayInOneSegment() passed after 0.001 seconds.
◇ Test gapLargerThanMaximumSplitsIntoSeparateSegments() started.
✔ Test gapLargerThanMaximumSplitsIntoSeparateSegments() passed after 0.001 seconds.
◇ Test gapExactlyAtMaximumStaysConnected() started.
✔ Test gapExactlyAtMaximumStaysConnected() passed after 0.001 seconds.
◇ Test shortStopSplitsDifferentEpochsButNormalIntervalChangeStaysConnected() started.
✔ Test shortStopSplitsDifferentEpochsButNormalIntervalChangeStaysConnected() passed after 0.001 seconds.
✔ Suite HistoryPointConnectedSegmentsTests passed after 0.001 seconds.
◇ Suite HistoryPointDownsamplingTests started.
◇ Test bucketWidthIsFourPixelsPerBucket() started.
✔ Test bucketWidthIsFourPixelsPerBucket() passed after 0.001 seconds.
◇ Test bucketCountIsAtLeastOneForNarrowWidths() started.
✔ Test bucketCountIsAtLeastOneForNarrowWidths() passed after 0.012 seconds.
◇ Test bucketCountIsSafeForNonFiniteOrNonPositiveWidths(width:) started.
◇ Test case passing 1 argument width → nan to bucketCountIsSafeForNonFiniteOrNonPositiveWidths(width:) started.
​◇ Test case passing 1 argument width → inf to bucketCountIsSafeForNonFiniteOrNonPositiveWidths(width:) started.
​◇ Test case passing 1 argument width → -inf to bucketCountIsSafeForNonFiniteOrNonPositiveWidths(width:) started.
​◇ Test case passing 1 argument width → 0.0 to bucketCountIsSafeForNonFiniteOrNonPositiveWidths(width:) started.
​◇ Test case passing 1 argument width → -1.0 to bucketCountIsSafeForNonFiniteOrNonPositiveWidths(width:) started.
​✔ Test bucketCountIsSafeForNonFiniteOrNonPositiveWidths(width:) with 5 test cases passed after 0.001 seconds.
◇ Test bucketKeepsMinAndMaxInsteadOfAveraging() started.
✔ Test bucketKeepsMinAndMaxInsteadOfAveraging() passed after 0.001 seconds.
◇ Test bucketWithAllEqualValuesKeepsOnlyOnePoint() started.
✔ Test bucketWithAllEqualValuesKeepsOnlyOnePoint() passed after 0.001 seconds.
◇ Test bucketOrdersMinAndMaxByActualTimestampNotByValue() started.
✔ Test bucketOrdersMinAndMaxByActualTimestampNotByValue() passed after 0.001 seconds.
◇ Test fewerPointsThanBucketCountPassThroughLosslessly() started.
✔ Test fewerPointsThanBucketCountPassThroughLosslessly() passed after 0.001 seconds.
◇ Test downsamplingActuallyReducesPointCountAndIsNotANoOp() started.
✔ Test downsamplingActuallyReducesPointCountAndIsNotANoOp() passed after 0.001 seconds.
◇ Test emptySegmentDownsamplesToEmpty() started.
✔ Test emptySegmentDownsamplesToEmpty() passed after 0.001 seconds.
◇ Test singlePointSegmentDownsamplesToThatPoint() started.
✔ Test singlePointSegmentDownsamplesToThatPoint() passed after 0.001 seconds.
◇ Test resultPointsAreInAscendingTimestampOrder() started.
✔ Test resultPointsAreInAscendingTimestampOrder() passed after 0.001 seconds.
◇ Test emptyBucketsProduceNoFabricatedPoints() started.
✔ Test emptyBucketsProduceNoFabricatedPoints() passed after 0.001 seconds.
◇ Test segmentsAreSplitBeforeBucketingSoGapsAndNarrowRangeSegmentsSurvive() started.
✔ Test segmentsAreSplitBeforeBucketingSoGapsAndNarrowRangeSegmentsSurvive() passed after 0.001 seconds.
◇ Test differentEpochsNeverShareADownsamplingBucket() started.
✔ Test differentEpochsNeverShareADownsamplingBucket() passed after 0.001 seconds.
◇ Test resultPointCountNeverExceedsTwiceTheBucketCount() started.
✔ Test resultPointCountNeverExceedsTwiceTheBucketCount() passed after 0.001 seconds.
◇ Test singleSpikeSurvivesAtEveryPositionInTheHistory() started.
✔ Test singleSpikeSurvivesAtEveryPositionInTheHistory() passed after 0.159 seconds.
◇ Test singleDipSurvivesAtEveryPositionInTheHistory() started.
✔ Test singleDipSurvivesAtEveryPositionInTheHistory() passed after 0.158 seconds.
◇ Test globalMinimumAndMaximumAreAlwaysPreserved() started.
✔ Test globalMinimumAndMaximumAreAlwaysPreserved() passed after 0.001 seconds.
◇ Test subValueTravelsWithTheSameSampleAsItsChosenOverallValue() started.
✔ Test subValueTravelsWithTheSameSampleAsItsChosenOverallValue() passed after 0.001 seconds.
✔ Suite HistoryPointDownsamplingTests passed after 0.342 seconds.
◇ Suite HistoryPointBandValueTests started.
◇ Test lowerAndUpperBandValuesSplitTheOverallValue() started.
✔ Test lowerAndUpperBandValuesSplitTheOverallValue() passed after 0.001 seconds.
◇ Test upperBandValueIsClampedToZeroWhenSubValueExceedsOverallValue() started.
✔ Test upperBandValueIsClampedToZeroWhenSubValueExceedsOverallValue() passed after 0.001 seconds.
◇ Test missingSubValueLeavesTheWholeValueInTheUpperBand() started.
✔ Test missingSubValueLeavesTheWholeValueInTheUpperBand() passed after 0.001 seconds.
✔ Suite HistoryPointBandValueTests passed after 0.001 seconds.
◇ Suite HistoryPointNormalizedXPositionTests started.
◇ Test staleLastSampleDoesNotStickToRightEdge() started.
✔ Test staleLastSampleDoesNotStickToRightEdge() passed after 0.001 seconds.
◇ Test pointAtCurrentTimestampIsAtRightEdge() started.
✔ Test pointAtCurrentTimestampIsAtRightEdge() passed after 0.001 seconds.
◇ Test pointAtWindowStartIsAtLeftEdge() started.
✔ Test pointAtWindowStartIsAtLeftEdge() passed after 0.001 seconds.
✔ Suite HistoryPointNormalizedXPositionTests passed after 0.004 seconds.
◇ Suite CPUCardPresentationAssembleTests started.
◇ Test emptyHistoryProducesEmptyGraphPoints() started.
✔ Test emptyHistoryProducesEmptyGraphPoints() passed after 0.001 seconds.
◇ Test historyWithGapCarriesAllPointsIntoGraphPoints() started.
✔ Test historyWithGapCarriesAllPointsIntoGraphPoints() passed after 0.001 seconds.
◇ Test cpuCardAssemblyPreservesEpochAcrossShortStop() started.
✔ Test cpuCardAssemblyPreservesEpochAcrossShortStop() passed after 0.001 seconds.
◇ Test pointsOlderThanTenMinuteWindowAreExcluded() started.
✔ Test pointsOlderThanTenMinuteWindowAreExcluded() passed after 0.001 seconds.
◇ Test fewerThanFiveTopApplicationsArePassedThroughUnchanged() started.
✔ Test fewerThanFiveTopApplicationsArePassedThroughUnchanged() passed after 0.001 seconds.
◇ Test moreThanFiveTopApplicationsAreTrimmedToFive() started.
✔ Test moreThanFiveTopApplicationsAreTrimmedToFive() passed after 0.001 seconds.
◇ Test graphPointsCarryPerSampleUserRatioNotTheLatestSnapshotValue() started.
✔ Test graphPointsCarryPerSampleUserRatioNotTheLatestSnapshotValue() passed after 0.001 seconds.
◇ Test graphPointsBandValuesSumToTheOverallValueAndNeverGoNegative() started.
✔ Test graphPointsBandValuesSumToTheOverallValueAndNeverGoNegative() passed after 0.001 seconds.
✔ Suite CPUCardPresentationAssembleTests passed after 0.001 seconds.
◇ Suite CPUCardAccessibilityLabelTests started.
◇ Test collectingStateDescribesCollectingWithoutAUsageValue() started.
✔ Test collectingStateDescribesCollectingWithoutAUsageValue() passed after 0.001 seconds.
◇ Test collectingStateIncludesSelectionShortcut() started.
✔ Test collectingStateIncludesSelectionShortcut() passed after 0.001 seconds.
◇ Test valuelessFailureAndStoppedStatesKeepTheTimeWindowAndCollectionProgress() started.
✔ Test valuelessFailureAndStoppedStatesKeepTheTimeWindowAndCollectionProgress() passed after 0.001 seconds.
◇ Test normalStateIncludesGraphSeriesBaselinesAndTopApplicationsHeading() started.
✔ Test normalStateIncludesGraphSeriesBaselinesAndTopApplicationsHeading() passed after 0.001 seconds.
◇ Test normalStateIncludesSelectionShortcut() started.
✔ Test normalStateIncludesSelectionShortcut() passed after 0.001 seconds.
✔ Suite CPUCardAccessibilityLabelTests passed after 0.001 seconds.
◇ Suite DashboardPresentationStoreTests started.
◇ Test startsInCollectingStateBeforeAnyUpdate() started.
✔ Test startsInCollectingStateBeforeAnyUpdate() passed after 0.001 seconds.
◇ Test firstSuccessfulTickMovesCardToNormal() started.
✔ Test firstSuccessfulTickMovesCardToNormal() passed after 0.001 seconds.
◇ Test cardNeverRegressesToCollectingAfterShowingARealValue() started.
✔ Test cardNeverRegressesToCollectingAfterShowingARealValue() passed after 0.001 seconds.
◇ Test noLatestSampleKeepsCardCollecting() started.
✔ Test noLatestSampleKeepsCardCollecting() passed after 0.001 seconds.
✔ Suite DashboardPresentationStoreTests passed after 0.001 seconds.
◇ Suite MemoryPressureLevelDisplayTests started.
◇ Test allThreeLevelsHaveDistinctLabelsAndSymbols() started.
✔ Test allThreeLevelsHaveDistinctLabelsAndSymbols() passed after 0.001 seconds.
◇ Test returningToNormalFromCriticalMatchesInitialNormalDisplay() started.
✔ Test returningToNormalFromCriticalMatchesInitialNormalDisplay() passed after 0.001 seconds.
✔ Suite MemoryPressureLevelDisplayTests passed after 0.002 seconds.
◇ Suite MemoryPressureSwapLineFormattingTests started.
◇ Test normalLevelWithNoChangeOmitsChangeSegment() started.
✔ Test normalLevelWithNoChangeOmitsChangeSegment() passed after 0.001 seconds.
◇ Test warningLevelWithZeroChangeIncludesSignedZero() started.
✔ Test warningLevelWithZeroChangeIncludesSignedZero() passed after 0.001 seconds.
◇ Test criticalLevelWithLargeNegativeChangeKeepsOrder() started.
✔ Test criticalLevelWithLargeNegativeChangeKeepsOrder() passed after 0.001 seconds.
◇ Test placeholderIsDashedSymbolFollowedByDashLabelOnly() started.
✔ Test placeholderIsDashedSymbolFollowedByDashLabelOnly() passed after 0.001 seconds.
◇ Test maximumLineCountIsOne() started.
✔ Test maximumLineCountIsOne() passed after 0.001 seconds.
✔ Suite MemoryPressureSwapLineFormattingTests passed after 0.028 seconds.
◇ Suite MemoryCardPresentationAssembleTests started.
◇ Test emptyHistoryProducesNoSwapChange() started.
✔ Test emptyHistoryProducesNoSwapChange() passed after 0.001 seconds.
◇ Test singleValueWithinWindowProducesNoSwapChange() started.
✔ Test singleValueWithinWindowProducesNoSwapChange() passed after 0.001 seconds.
◇ Test baselineExactlyAtWindowStartIsIncluded() started.
✔ Test baselineExactlyAtWindowStartIsIncluded() passed after 0.001 seconds.
◇ Test baselineJustBeforeWindowStartIsExcluded() started.
✔ Test baselineJustBeforeWindowStartIsExcluded() passed after 0.001 seconds.
◇ Test swapChangeCanBeNegativeWhenSwapDecreases() started.
✔ Test swapChangeCanBeNegativeWhenSwapDecreases() passed after 0.001 seconds.
◇ Test moreThanFiveTopApplicationsAreTrimmedToFive() started.
✔ Test moreThanFiveTopApplicationsAreTrimmedToFive() passed after 0.001 seconds.
◇ Test fewerThanFiveTopApplicationsArePassedThroughUnchanged() started.
✔ Test fewerThanFiveTopApplicationsArePassedThroughUnchanged() passed after 0.001 seconds.
◇ Test recentIncreaseRankingIsTrimmedToDetailCountNotCardCount() started.
✔ Test recentIncreaseRankingIsTrimmedToDetailCountNotCardCount() passed after 0.001 seconds.
◇ Test recentIncreaseRankingCaptionMatchesDetailGantryNotCardGantry() started.
✔ Test recentIncreaseRankingCaptionMatchesDetailGantryNotCardGantry() passed after 0.001 seconds.
✔ Suite MemoryCardPresentationAssembleTests passed after 0.001 seconds.
◇ Suite MemoryCardAccessibilityLabelTests started.
◇ Test collectingStateDescribesCollectingWithoutAValue() started.
✔ Test collectingStateDescribesCollectingWithoutAValue() passed after 0.001 seconds.
◇ Test collectingStateIncludesSelectionShortcut() started.
✔ Test collectingStateIncludesSelectionShortcut() passed after 0.001 seconds.
◇ Test normalStateIncludesAllCompositionAndMergedLineValuesWithDistinctMetricLabels() started.
✔ Test normalStateIncludesAllCompositionAndMergedLineValuesWithDistinctMetricLabels() passed after 0.001 seconds.
◇ Test detailDonutAccessibilityLabelIncludesEveryCompositionValueTotalAndPhysicalMemory() started.
✔ Test detailDonutAccessibilityLabelIncludesEveryCompositionValueTotalAndPhysicalMemory() passed after 0.001 seconds.
✔ Suite MemoryCardAccessibilityLabelTests passed after 0.001 seconds.
◇ Suite DashboardMemoryPresentationStoreTests started.
◇ Test startsInCollectingStateBeforeAnyUpdate() started.
✔ Test startsInCollectingStateBeforeAnyUpdate() passed after 0.015 seconds.
◇ Test firstSuccessfulTickMovesCardToNormal() started.
✔ Test firstSuccessfulTickMovesCardToNormal() passed after 0.001 seconds.
◇ Test memoryFailureTickBecomesFailureStateKeepingLastKnownValue() started.
✔ Test memoryFailureTickBecomesFailureStateKeepingLastKnownValue() passed after 0.001 seconds.
◇ Test noLatestSampleKeepsCardCollecting() started.
✔ Test noLatestSampleKeepsCardCollecting() passed after 0.001 seconds.
✔ Suite DashboardMemoryPresentationStoreTests passed after 0.016 seconds.
◇ Suite DashboardCardFailureIsolationTests started.
◇ Test cpuFailureLeavesMemoryCardNormalWithThatTickValueAndKeepsCPULastKnownValueNonZero() started.
✔ Test cpuFailureLeavesMemoryCardNormalWithThatTickValueAndKeepsCPULastKnownValueNonZero() passed after 0.001 seconds.
◇ Test memoryFailureLeavesCPUCardNormalWithThatTickValueAndKeepsMemoryLastKnownValueNonZero() started.
✔ Test memoryFailureLeavesCPUCardNormalWithThatTickValueAndKeepsMemoryLastKnownValueNonZero() passed after 0.001 seconds.
◇ Test bothMetricsFailingInTheSameTickMakesBothCardsFailWithTheirOwnLastKnownValue() started.
✔ Test bothMetricsFailingInTheSameTickMakesBothCardsFailWithTheirOwnLastKnownValue() passed after 0.001 seconds.
◇ Test failureWithoutAnySuccessHistoryIsDistinctFromCollecting() started.
✔ Test failureWithoutAnySuccessHistoryIsDistinctFromCollecting() passed after 0.001 seconds.
◇ Test processSurveyFailureMarksOnlyTopApplicationsFailedKeepingSystemMetrics() started.
✔ Test processSurveyFailureMarksOnlyTopApplicationsFailedKeepingSystemMetrics() passed after 0.001 seconds.
◇ Test failureDoesNotChangeCardSelection() started.
✔ Test failureDoesNotChangeCardSelection() passed after 0.001 seconds.
✔ Suite DashboardCardFailureIsolationTests passed after 0.001 seconds.
◇ Suite DashboardCollectionStoppedTests started.
◇ Test shortStopKeepsCPUStoppedUntilSecondTickWhileMemoryResumesImmediately() started.
✔ Test shortStopKeepsCPUStoppedUntilSecondTickWhileMemoryResumesImmediately() passed after 0.001 seconds.
◇ Test markCollectionStoppedFreezesBothCardsWithLastKnownValues() started.
✔ Test markCollectionStoppedFreezesBothCardsWithLastKnownValues() passed after 0.001 seconds.
◇ Test stoppingBeforeAnySuccessProducesStoppedWithoutLastKnownValue() started.
✔ Test stoppingBeforeAnySuccessProducesStoppedWithoutLastKnownValue() passed after 0.001 seconds.
◇ Test resumeAloneDoesNotChangeStateOnlyANextValueBearingTickDoes() started.
✔ Test resumeAloneDoesNotChangeStateOnlyANextValueBearingTickDoes() passed after 0.001 seconds.
✔ Suite DashboardCollectionStoppedTests passed after 0.012 seconds.
◇ Suite ApplicationProcessGroupingTests started.
◇ Test processesUnderSameBundleAreGroupedTogether() started.
✔ Test processesUnderSameBundleAreGroupedTogether() passed after 0.001 seconds.
◇ Test emptySnapshotsProduceNoGroups() started.
✔ Test emptySnapshotsProduceNoGroups() passed after 0.001 seconds.
✔ Suite ApplicationProcessGroupingTests passed after 0.001 seconds.
◇ Suite CPUUnitLabelTests started.
◇ Test overallAndProcessUsageUnitLabelsDiffer() started.
✔ Test overallAndProcessUsageUnitLabelsDiffer() passed after 0.001 seconds.
◇ Test overallUsageUnitLabelIsPercentSign() started.
✔ Test overallUsageUnitLabelIsPercentSign() passed after 0.001 seconds.
◇ Test processUsageUnitLabelIndicatesCoreSummation() started.
✔ Test processUsageUnitLabelIndicatesCoreSummation() passed after 0.001 seconds.
✔ Suite CPUUnitLabelTests passed after 0.001 seconds.
◇ Suite DashboardSelectionShortcutTests started.
◇ Test cpuShortcutDisplayTextMatchesDefinedKey() started.
✔ Test cpuShortcutDisplayTextMatchesDefinedKey() passed after 0.001 seconds.
◇ Test memoryShortcutDisplayTextMatchesDefinedKey() started.
✔ Test memoryShortcutDisplayTextMatchesDefinedKey() passed after 0.001 seconds.
✔ Suite DashboardSelectionShortcutTests passed after 0.001 seconds.
◇ Suite CPUCardDetailAssembleTests started.
◇ Test detailCarriesIdleRatioLoadAverageAndCoreUsageCount() started.
✔ Test detailCarriesIdleRatioLoadAverageAndCoreUsageCount() passed after 0.001 seconds.
◇ Test detailApplicationsHeadingEmbedsDetailGantry() started.
✔ Test detailApplicationsHeadingEmbedsDetailGantry() passed after 0.001 seconds.
◇ Test bothDetailApplicationListsCarryTheSystemProcessExclusionNote() started.
✔ Test bothDetailApplicationListsCarryTheSystemProcessExclusionNote() passed after 0.001 seconds.
◇ Test detailCarriesProcessGroupsThrough() started.
✔ Test detailCarriesProcessGroupsThrough() passed after 0.001 seconds.
◇ Test detailApplicationsAreSortedByCPUUsageDescending() started.
✔ Test detailApplicationsAreSortedByCPUUsageDescending() passed after 0.001 seconds.
✔ Suite CPUCardDetailAssembleTests passed after 0.010 seconds.
◇ Suite MemoryCardDetailAssembleTests started.
◇ Test detailCarriesRawMemoryComponents() started.
✔ Test detailCarriesRawMemoryComponents() passed after 0.001 seconds.
◇ Test detailApplicationsHeadingStatesCurrentUsageAndDetailGantry() started.
✔ Test detailApplicationsHeadingStatesCurrentUsageAndDetailGantry() passed after 0.001 seconds.
◇ Test presentationCarriesSwapUsageAndRecentChange() started.
✔ Test presentationCarriesSwapUsageAndRecentChange() passed after 0.001 seconds.
◇ Test presentationSwapRecentChangeIsNilWithoutABaseline() started.
✔ Test presentationSwapRecentChangeIsNilWithoutABaseline() passed after 0.001 seconds.
◇ Test applicationsListAndIncreaseRankingCarryDifferentMetrics() started.
✔ Test applicationsListAndIncreaseRankingCarryDifferentMetrics() passed after 0.001 seconds.
◇ Test memoryCardDetailDoesNotCarryASeparateCurrentUsageRankingField() started.
✔ Test memoryCardDetailDoesNotCarryASeparateCurrentUsageRankingField() passed after 0.001 seconds.
◇ Test recentIncreaseRankingCanContainNegativeValues() started.
✔ Test recentIncreaseRankingCanContainNegativeValues() passed after 0.001 seconds.
◇ Test detailApplicationsAreSortedByResidentMemoryDescending() started.
✔ Test detailApplicationsAreSortedByResidentMemoryDescending() passed after 0.001 seconds.
✔ Suite MemoryCardDetailAssembleTests passed after 0.001 seconds.
◇ Suite DashboardSelectionTests started.
◇ Test startsWithNoSelection() started.
✔ Test startsWithNoSelection() passed after 0.001 seconds.
◇ Test selectingCPUThenSameCardAgainReturnsToNoSelection() started.
✔ Test selectingCPUThenSameCardAgainReturnsToNoSelection() passed after 0.001 seconds.
◇ Test selectingMemoryThenSameCardAgainReturnsToNoSelection() started.
✔ Test selectingMemoryThenSameCardAgainReturnsToNoSelection() passed after 0.001 seconds.
◇ Test selectingMemoryWhileCPUIsSelectedSwitchesSelection() started.
✔ Test selectingMemoryWhileCPUIsSelectedSwitchesSelection() passed after 0.001 seconds.
◇ Test selectionSurvivesRepeatedCardUpdatesAndFailures() started.
✔ Test selectionSurvivesRepeatedCardUpdatesAndFailures() passed after 0.001 seconds.
◇ Test dismissDetailForSelectedCardClearsSelection() started.
✔ Test dismissDetailForSelectedCardClearsSelection() passed after 0.001 seconds.
◇ Test dismissDetailForSelectedMemoryCardClearsSelection() started.
✔ Test dismissDetailForSelectedMemoryCardClearsSelection() passed after 0.001 seconds.
◇ Test dismissDetailForCardThatIsNoLongerSelectedDoesNotClearNewSelection() started.
✔ Test dismissDetailForCardThatIsNoLongerSelectedDoesNotClearNewSelection() passed after 0.001 seconds.
◇ Test dismissDetailWhileNoSelectionStaysNone() started.
✔ Test dismissDetailWhileNoSelectionStaysNone() passed after 0.001 seconds.
✔ Suite DashboardSelectionTests passed after 0.012 seconds.
◇ Suite HistoryGraphGridlineTests started.
◇ Test graphSlotHeightIsDerivedFromPlotAxisSpacingAndLabelHeight() started.
✔ Test graphSlotHeightIsDerivedFromPlotAxisSpacingAndLabelHeight() passed after 0.001 seconds.
◇ Test graphPlotIsTallerAndLessHorizontallyCompressedThanBefore() started.
✔ Test graphPlotIsTallerAndLessHorizontallyCompressedThanBefore() passed after 0.001 seconds.
◇ Test baselineValuesAreExactlyTwentyFiveFiftySeventyFive() started.
✔ Test baselineValuesAreExactlyTwentyFiveFiftySeventyFive() passed after 0.001 seconds.
◇ Test yPositionsAreFifteenPointsApartAtSixtyPointHeight() started.
✔ Test yPositionsAreFifteenPointsApartAtSixtyPointHeight() passed after 0.001 seconds.
◇ Test zeroPercentIsAtTheBottomAndHundredPercentIsAtTheTop() started.
✔ Test zeroPercentIsAtTheBottomAndHundredPercentIsAtTheTop() passed after 0.001 seconds.
◇ Test yPositionScalesWithHeight() started.
✔ Test yPositionScalesWithHeight() passed after 0.001 seconds.
◇ Test exactlyOneBaselineIsDrawnAndItIsTheMiddleTickValue() started.
✔ Test exactlyOneBaselineIsDrawnAndItIsTheMiddleTickValue() passed after 0.001 seconds.
✔ Suite HistoryGraphGridlineTests passed after 0.001 seconds.
◇ Suite HistoryGraphTimeAxisTests started.
◇ Test emptyPointsMarkTheWholeWindowAsUncollected() started.
✔ Test emptyPointsMarkTheWholeWindowAsUncollected() passed after 0.001 seconds.
◇ Test firstPointInTheMiddleDeterminesTheUncollectedWidth() started.
✔ Test firstPointInTheMiddleDeterminesTheUncollectedWidth() passed after 0.001 seconds.
◇ Test fullWindowHasNoCollectionProgressTextButKeepsTheSameSlotHeight() started.
✔ Test fullWindowHasNoCollectionProgressTextButKeepsTheSameSlotHeight() passed after 0.013 seconds.
◇ Test middleGapDoesNotChangeTheFirstPointBasedUncollectedWidth() started.
✔ Test middleGapDoesNotChangeTheFirstPointBasedUncollectedWidth() passed after 0.001 seconds.
◇ Test collectionProgressUsesElapsedAndTotalDurations() started.
✔ Test collectionProgressUsesElapsedAndTotalDurations() passed after 0.001 seconds.
✔ Suite HistoryGraphTimeAxisTests passed after 0.013 seconds.
◇ Suite HistoryGraphViewDrawOrderTests started.
◇ Test gridlinesAreDrawnAfterBandFillsAndBeforeBoundaries() started.
✔ Test gridlinesAreDrawnAfterBandFillsAndBeforeBoundaries() passed after 0.001 seconds.
◇ Test drawOrderIsFillsThenGridlinesThenBoundaries() started.
✔ Test drawOrderIsFillsThenGridlinesThenBoundaries() passed after 0.001 seconds.
◇ Test bandFillOpacitiesAreTranslucentSoThePlotSurfaceAndGridlineReadThroughBands() started.
✔ Test bandFillOpacitiesAreTranslucentSoThePlotSurfaceAndGridlineReadThroughBands() passed after 0.001 seconds.
◇ Test lowerBoundaryIsDashedAndUpperBoundaryIsSolid() started.
✔ Test lowerBoundaryIsDashedAndUpperBoundaryIsSolid() passed after 0.001 seconds.
✔ Suite HistoryGraphViewDrawOrderTests passed after 0.001 seconds.
◇ Suite HistoryGraphGridlinePlaceholderDrawOrderTests started.
◇ Test placeholderDrawOrderContainsOnlyGridlines() started.
✔ Test placeholderDrawOrderContainsOnlyGridlines() passed after 0.001 seconds.
✔ Suite HistoryGraphGridlinePlaceholderDrawOrderTests passed after 0.001 seconds.
◇ Suite "대시보드 값 열 서식" started.
◇ Test "바이트는 1024 기반·KB 하한·소수 한 자리 고정이다" started.
✔ Test "바이트는 1024 기반·KB 하한·소수 한 자리 고정이다" passed after 0.001 seconds.
◇ Test "바이트 숫자는 로케일 소수 구분자를 따른다" started.
✔ Test "바이트 숫자는 로케일 소수 구분자를 따른다" passed after 0.001 seconds.
◇ Test "퍼센트는 정수 반올림과 기존 단위 라벨을 유지한다" started.
✔ Test "퍼센트는 정수 반올림과 기존 단위 라벨을 유지한다" passed after 0.001 seconds.
◇ Test "부호 있는 바이트는 부호를 숫자 열에 보존한다" started.
✔ Test "부호 있는 바이트는 부호를 숫자 열에 보존한다" passed after 0.001 seconds.
✔ Suite "대시보드 값 열 서식" passed after 0.001 seconds.
◇ Suite "대시보드 값 열 폭" started.
◇ Test "각 값 종류의 전체 숫자 후보 중 최댓값이 고정 숫자 열 안에 든다" started.
✔ Test "각 값 종류의 전체 숫자 후보 중 최댓값이 고정 숫자 열 안에 든다" passed after 0.003 seconds.
◇ Test "실제 전체 바이트 단위 집합 중 최댓값이 고정 단위 열 안에 든다" started.
✔ Test "실제 전체 바이트 단위 집합 중 최댓값이 고정 단위 열 안에 든다" passed after 0.001 seconds.
✔ Suite "대시보드 값 열 폭" passed after 0.013 seconds.
◇ Suite "네 목록 자리의 값 열 렌더 정렬" started.
◇ Test "카드 순위 행의 숫자 오른쪽 끝과 단위 시작이 같다" started.
✔ Test "카드 순위 행의 숫자 오른쪽 끝과 단위 시작이 같다" passed after 0.006 seconds.
◇ Test "상세 앱 목록 행의 숫자 오른쪽 끝과 단위 시작이 같다" started.
✔ Test "상세 앱 목록 행의 숫자 오른쪽 끝과 단위 시작이 같다" passed after 0.009 seconds.
◇ Test "상세 범례 행의 숫자 오른쪽 끝과 단위 시작이 같다" started.
✔ Test "상세 범례 행의 숫자 오른쪽 끝과 단위 시작이 같다" passed after 0.005 seconds.
◇ Test "상세 증가량 순위 행의 숫자 오른쪽 끝과 단위 시작이 같다" started.
✔ Test "상세 증가량 순위 행의 숫자 오른쪽 끝과 단위 시작이 같다" passed after 0.005 seconds.
✔ Suite "네 목록 자리의 값 열 렌더 정렬" passed after 0.027 seconds.
◇ Suite "CPU 코어 칸 접근성 서식" started.
◇ Test "이름·값·식별자가 화면 번호와 수치에서 갈리지 않는다" started.
✔ Test "이름·값·식별자가 화면 번호와 수치에서 갈리지 않는다" passed after 0.001 seconds.
◇ Test "코어 수가 달라도 모든 칸 식별자가 번호를 보존하고 겹치지 않는다" started.
◇ Test case passing 1 argument coreCount → 1 to "코어 수가 달라도 모든 칸 식별자가 번호를 보존하고 겹치지 않는다" started.
​◇ Test case passing 1 argument coreCount → 8 to "코어 수가 달라도 모든 칸 식별자가 번호를 보존하고 겹치지 않는다" started.
​◇ Test case passing 1 argument coreCount → 14 to "코어 수가 달라도 모든 칸 식별자가 번호를 보존하고 겹치지 않는다" started.
​◇ Test case passing 1 argument coreCount → 24 to "코어 수가 달라도 모든 칸 식별자가 번호를 보존하고 겹치지 않는다" started.
​◇ Test case passing 1 argument coreCount → 64 to "코어 수가 달라도 모든 칸 식별자가 번호를 보존하고 겹치지 않는다" started.
​✔ Test "코어 수가 달라도 모든 칸 식별자가 번호를 보존하고 겹치지 않는다" with 5 test cases passed after 0.001 seconds.
◇ Test "화면 수치와 접근성 값은 경계 반올림에서도 같은 문자열이다" started.
◇ Test case passing 1 argument usage → 0.0 to "화면 수치와 접근성 값은 경계 반올림에서도 같은 문자열이다" started.
​◇ Test case passing 1 argument usage → 0.49 to "화면 수치와 접근성 값은 경계 반올림에서도 같은 문자열이다" started.
​◇ Test case passing 1 argument usage → 0.5 to "화면 수치와 접근성 값은 경계 반올림에서도 같은 문자열이다" started.
​◇ Test case passing 1 argument usage → 12.49 to "화면 수치와 접근성 값은 경계 반올림에서도 같은 문자열이다" started.
​◇ Test case passing 1 argument usage → 12.5 to "화면 수치와 접근성 값은 경계 반올림에서도 같은 문자열이다" started.
​◇ Test case passing 1 argument usage → 99.5 to "화면 수치와 접근성 값은 경계 반올림에서도 같은 문자열이다" started.
​◇ Test case passing 1 argument usage → 100.0 to "화면 수치와 접근성 값은 경계 반올림에서도 같은 문자열이다" started.
​✔ Test "화면 수치와 접근성 값은 경계 반올림에서도 같은 문자열이다" with 7 test cases passed after 0.002 seconds.
✔ Suite "CPU 코어 칸 접근성 서식" passed after 0.003 seconds.
◇ Suite "하위 프로세스 이름 줄 접근성 서식" started.
◇ Test "소속 앱·실행 파일 이름·PID가 모두 들어간다" started.
✔ Test "소속 앱·실행 파일 이름·PID가 모두 들어간다" passed after 0.001 seconds.
✔ Suite "하위 프로세스 이름 줄 접근성 서식" passed after 0.001 seconds.
◇ Suite "상세 팝업 값 없음 상태" started.
◇ Test "확정 후보 400×480의 폭에 가장 넓은 상세 조립이 들어간다" started.
✔ Test "확정 후보 400×480의 폭에 가장 넓은 상세 조립이 들어간다" passed after 0.007 seconds.
◇ Test "CPU·Memory 상세 콘텐츠의 프레임은 네 상태 모두 재확정한 400×480이다" started.
✔ Test "CPU·Memory 상세 콘텐츠의 프레임은 네 상태 모두 재확정한 400×480이다" passed after 0.002 seconds.
◇ Test "수집 중·실패·중지는 같은 안내 문구 하나만 그린다" started.
2026-10-01 23:30:40.035743+0900 ResourceRunner[4593:45747719] [MonitoringSampleStore] history=4 capacity=601
2026-10-01 23:30:40.035764+0900 ResourceRunner[4593:45747717] [MonitoringScheduler] appended sample axis=SystemMetricsSampleSource generation=1 collectionEpoch=0 appendedTotal=5
2026-10-01 23:30:40.036006+0900 ResourceRunner[4593:45747717] [MonitoringScheduler] appended sample axis=DiskActivitySource generation=1 collectionEpoch=0 appendedTotal=5
2026-10-01 23:30:40.036377+0900 ResourceRunner[4593:45747717] [MonitoringScheduler] appended sample axis=NetworkActivitySource generation=1 collectionEpoch=0 appendedTotal=5
2026-10-01 23:30:40.042273+0900 ResourceRunner[4593:45747686] [MonitoringScheduler] appended sample axis=ProcessSurveySampleSource generation=1 collectionEpoch=0 appendedTotal=2
2026-10-01 23:30:42.035289+0900 ResourceRunner[4593:45747743] [MonitoringSampleStore] history=5 capacity=601
2026-10-01 23:30:42.035314+0900 ResourceRunner[4593:45747686] [MonitoringScheduler] appended sample axis=SystemMetricsSampleSource generation=1 collectionEpoch=0 appendedTotal=6
2026-10-01 23:30:42.035524+0900 ResourceRunner[4593:45747686] [MonitoringScheduler] appended sample axis=DiskActivitySource generation=1 collectionEpoch=0 appendedTotal=6
2026-10-01 23:30:42.036040+0900 ResourceRunner[4593:45747686] [MonitoringScheduler] appended sample axis=NetworkActivitySource generation=1 collectionEpoch=0 appendedTotal=6
2026-10-01 23:30:43.630627+0900 ResourceRunner[4593:45747596] [CPUActivityState] usage=21.606838 collectionEpoch=0 displayedState=low
2026-10-01 23:30:43.630749+0900 ResourceRunner[4593:45747596] [CollectionPipeline] delivered axis=diskActivity epoch=0 status=rate
2026-10-01 23:30:43.630864+0900 ResourceRunner[4593:45747596] [CollectionPipeline] delivered axis=networkActivity epoch=0 status=partial("물리 대상의 식별·연결·속도 일부를 확인하지 못했습니다")
2026-10-01 23:30:43.630895+0900 ResourceRunner[4593:45747596] [CollectionPipeline] delivered axis=processSurvey epoch=0 failed=false
✔ Test "수집 중·실패·중지는 같은 안내 문구 하나만 그린다" passed after 4.936 seconds.
◇ Test "production 전수 목록의 아홉 요소는 정상에만 있고 요소별 감도 점검을 통과한다" started.
2026-10-01 23:30:43.633627+0900 ResourceRunner[4593:45747596] [CPUActivityState] usage=21.103547 collectionEpoch=0 displayedState=low
2026-10-01 23:30:43.633676+0900 ResourceRunner[4593:45747596] [CollectionPipeline] delivered axis=diskActivity epoch=0 status=rate
2026-10-01 23:30:43.633749+0900 ResourceRunner[4593:45747596] [CollectionPipeline] delivered axis=networkActivity epoch=0 status=partial("물리 대상의 식별·연결·속도 일부를 확인하지 못했습니다")
2026-10-01 23:30:43.942037+0900 ResourceRunner[4593:45747675] [MonitoringSampleStore] history=6 capacity=601
2026-10-01 23:30:43.942061+0900 ResourceRunner[4593:45747718] [MonitoringScheduler] appended sample axis=SystemMetricsSampleSource generation=1 collectionEpoch=0 appendedTotal=7
2026-10-01 23:30:43.942298+0900 ResourceRunner[4593:45747718] [MonitoringScheduler] appended sample axis=DiskActivitySource generation=1 collectionEpoch=0 appendedTotal=7
2026-10-01 23:30:43.942936+0900 ResourceRunner[4593:45747718] [MonitoringScheduler] appended sample axis=NetworkActivitySource generation=1 collectionEpoch=0 appendedTotal=7
✔ Test "production 전수 목록의 아홉 요소는 정상에만 있고 요소별 감도 점검을 통과한다" passed after 0.314 seconds.
◇ Test "빈 코어 입력은 행과 렌더 높이를 만들지 않는다" started.
2026-10-01 23:30:43.948381+0900 ResourceRunner[4593:45747596] [CPUActivityState] usage=19.759127 collectionEpoch=0 displayedState=low
2026-10-01 23:30:43.948488+0900 ResourceRunner[4593:45747596] [CollectionPipeline] delivered axis=diskActivity epoch=0 status=rate
2026-10-01 23:30:43.948616+0900 ResourceRunner[4593:45747596] [CollectionPipeline] delivered axis=networkActivity epoch=0 status=partial("물리 대상의 식별·연결·속도 일부를 확인하지 못했습니다")
✔ Test "빈 코어 입력은 행과 렌더 높이를 만들지 않는다" passed after 0.003 seconds.
✔ Suite "상세 팝업 값 없음 상태" passed after 5.265 seconds.
◇ Suite DiskActivityTests started.
◇ Test realReadTimeAndFiveToOneSecondChangeKeepBytesAndOperationsBaseline() started.
✔ Test realReadTimeAndFiveToOneSecondChangeKeepBytesAndOperationsBaseline() passed after 0.001 seconds.
◇ Test multiplePhysicalDriversCountOnceWhileVirtualAndAPFSDoNotAddTraffic() started.
✔ Test multiplePhysicalDriversCountOnceWhileVirtualAndAPFSDoNotAddTraffic() passed after 0.001 seconds.
◇ Test requiredBytesMissingIsPartialAndOperationsUnsupportedDoesNotBlockBytes() started.
✔ Test requiredBytesMissingIsPartialAndOperationsUnsupportedDoesNotBlockBytes() passed after 0.001 seconds.
◇ Test newlyMissingRequiredBytesRemainPartialEvenWhenBaselineSetChanges() started.
✔ Test newlyMissingRequiredBytesRemainPartialEvenWhenBaselineSetChanges() passed after 0.001 seconds.
◇ Test optionalOperationsResetDropsOnlyIOPSForThatInterval() started.
✔ Test optionalOperationsResetDropsOnlyIOPSForThatInterval() passed after 0.001 seconds.
◇ Test zeroDeltaIsMeasuredZeroRatherThanNoDeviceOrMissingSample() started.
✔ Test zeroDeltaIsMeasuredZeroRatherThanNoDeviceOrMissingSample() passed after 0.001 seconds.
◇ Test allContinuityGapsAndFailureRestartHaveNoRate() started.
✔ Test allContinuityGapsAndFailureRestartHaveNoRate() passed after 0.002 seconds.
◇ Test epochIdReplacementRemovalAndShortNotificationsBreakContinuity() started.
✔ Test epochIdReplacementRemovalAndShortNotificationsBreakContinuity() passed after 0.001 seconds.
◇ Test historyHas601ValidPairsAnd600SecondMovingWindowWithShortGap() started.
✔ Test historyHas601ValidPairsAnd600SecondMovingWindowWithShortGap() passed after 0.050 seconds.
◇ Test briefFailureAndRecoveryCreateDistinctStoredRateSegmentsWithoutZeroPoints() started.
✔ Test briefFailureAndRecoveryCreateDistinctStoredRateSegmentsWithoutZeroPoints() passed after 0.001 seconds.
◇ Test sourceAndStoreRejectBoundaryOrTopologyChangedDuringSuspension() started.
✔ Test sourceAndStoreRejectBoundaryOrTopologyChangedDuringSuspension() passed after 0.001 seconds.
◇ Test lateBoundaryRejectsSourceBaselineAndStoreHistory() started.
✔ Test lateBoundaryRejectsSourceBaselineAndStoreHistory() passed after 0.001 seconds.
✔ Suite DiskActivityTests passed after 0.054 seconds.
◇ Suite DiskNativeAdapterTests started.
◇ Test driverRegistryIdentityDeduplicatesAndRejectsConflicts() started.
✔ Test driverRegistryIdentityDeduplicatesAndRejectsConflicts() passed after 0.001 seconds.
◇ Test apfsRelationSupportsManyToManyAndUnconfirmedRelation() started.
✔ Test apfsRelationSupportsManyToManyAndUnconfirmedRelation() passed after 0.001 seconds.
◇ Test duplicateMountsMergeWithoutAddingSharedCapacity() started.
✔ Test duplicateMountsMergeWithoutAddingSharedCapacity() passed after 0.001 seconds.
◇ Test conflictingSharedCapacityIsAnError() started.
✔ Test conflictingSharedCapacityIsAnError() passed after 0.001 seconds.
◇ Test capacityRejectsMissingWrongTypeAndInvalidRelation() started.
✔ Test capacityRejectsMissingWrongTypeAndInvalidRelation() passed after 0.001 seconds.
◇ Test requiredBytesAndOptionalOperationsAreDistinct() started.
✔ Test requiredBytesAndOptionalOperationsAreDistinct() passed after 0.001 seconds.
◇ Test externalUsesDeviceInternalBeforeConnectionAndNeverRemovable() started.
✔ Test externalUsesDeviceInternalBeforeConnectionAndNeverRemovable() passed after 0.001 seconds.
✔ Suite DiskNativeAdapterTests passed after 0.002 seconds.
◇ Suite MemoryCompositionDonutLayoutTests started.
◇ Test anglesPreserveTrackRatiosWithFixedStartAndDirection() started.
✔ Test anglesPreserveTrackRatiosWithFixedStartAndDirection() passed after 0.001 seconds.
◇ Test overflowingSegmentsNeverExceedOneFullTurn() started.
✔ Test overflowingSegmentsNeverExceedOneFullTurn() passed after 0.001 seconds.
◇ Test detailUsesTheExactCardCompositionLayout() started.
✔ Test detailUsesTheExactCardCompositionLayout() passed after 0.001 seconds.
✔ Suite MemoryCompositionDonutLayoutTests passed after 0.001 seconds.
◇ Suite MemoryCompositionDetailLegendTests started.
◇ Test rowsContainNamesAndDetailedByteValuesInDonutOrder() started.
✔ Test rowsContainNamesAndDetailedByteValuesInDonutOrder() passed after 0.001 seconds.
◇ Test unavailableValuesUseDashWithoutDroppingLegendRows() started.
✔ Test unavailableValuesUseDashWithoutDroppingLegendRows() passed after 0.001 seconds.
✔ Suite MemoryCompositionDetailLegendTests passed after 0.001 seconds.
◇ Suite MemoryCompositionDetailSummaryTests started.
◇ Test compositionTotalAndUsedBytesHaveDistinctLabelsAndPositions() started.
✔ Test compositionTotalAndUsedBytesHaveDistinctLabelsAndPositions() passed after 0.001 seconds.
✔ Suite MemoryCompositionDetailSummaryTests passed after 0.001 seconds.
◇ Suite "Memory 상세 범례 정렬" started.
◇ Test "네 구간 이름의 이상적 폭 최댓값이 이름 열 폭 안에 든다" started.
✔ Test "네 구간 이름의 이상적 폭 최댓값이 이름 열 폭 안에 든다" passed after 0.001 seconds.
◇ Test "네 범례 행의 값 열 시작 x가 서로 같다" started.
✔ Test "네 범례 행의 값 열 시작 x가 서로 같다" passed after 0.003 seconds.
✔ Suite "Memory 상세 범례 정렬" passed after 0.005 seconds.
◇ Suite MemoryCompositionLayoutTests started.
◇ Test segmentRatiosAreBytesOverTotalPhysicalMemory() started.
✔ Test segmentRatiosAreBytesOverTotalPhysicalMemory() passed after 0.001 seconds.
◇ Test overflowingCompositionIsClippedAtTrackEnd() started.
✔ Test overflowingCompositionIsClippedAtTrackEnd() passed after 0.001 seconds.
◇ Test zeroTotalPhysicalMemoryProducesNoSegments() started.
✔ Test zeroTotalPhysicalMemoryProducesNoSegments() passed after 0.001 seconds.
◇ Test compositionDoesNotDependOnUsedBytes() started.
✔ Test compositionDoesNotDependOnUsedBytes() passed after 0.001 seconds.
✔ Suite MemoryCompositionLayoutTests passed after 0.011 seconds.
◇ Suite MemoryCompositionLegendTests started.
◇ Test legendFollowsBarSegmentOrderWithNames() started.
✔ Test legendFollowsBarSegmentOrderWithNames() passed after 0.001 seconds.
◇ Test maximumLineCountIsOne() started.
✔ Test maximumLineCountIsOne() passed after 0.001 seconds.
✔ Suite MemoryCompositionLegendTests passed after 0.001 seconds.
◇ Suite MemoryCompositionTotalTests started.
◇ Test totalIsTheSumOfAllFourCategories() started.
✔ Test totalIsTheSumOfAllFourCategories() passed after 0.001 seconds.
◇ Test totalKeepsRealBytesWhileSegmentsAreClipped() started.
✔ Test totalKeepsRealBytesWhileSegmentsAreClipped() passed after 0.001 seconds.
◇ Test totalSaturatesInsteadOfTrappingOnOverflow() started.
✔ Test totalSaturatesInsteadOfTrappingOnOverflow() passed after 0.001 seconds.
◇ Test cardCompositionTotalIgnoresUsedBytes() started.
✔ Test cardCompositionTotalIgnoresUsedBytes() passed after 0.001 seconds.
✔ Suite MemoryCompositionTotalTests passed after 0.001 seconds.
◇ Suite CollectionSchedulePolicyTests started.
◇ Test allCombinationsOfPopoverPowerLockDisplaySleepAndSessionProduceExpectedPlan() started.
✔ Test allCombinationsOfPopoverPowerLockDisplaySleepAndSessionProduceExpectedPlan() passed after 0.001 seconds.
◇ Test eachUnobservableSignalAlonePausesBothAxes(screenLockState:displayAsleep:sessionActive:) started.
◇ Test case passing 3 arguments screenLockState → .unlocked, displayAsleep → true, sessionActive → true to eachUnobservableSignalAlonePausesBothAxes(screenLockState:displayAsleep:sessionActive:) started.
​◇ Test case passing 3 arguments screenLockState → .unlocked, displayAsleep → false, sessionActive → false to eachUnobservableSignalAlonePausesBothAxes(screenLockState:displayAsleep:sessionActive:) started.
​◇ Test case passing 3 arguments screenLockState → .locked, displayAsleep → false, sessionActive → true to eachUnobservableSignalAlonePausesBothAxes(screenLockState:displayAsleep:sessionActive:) started.
​◇ Test case passing 3 arguments screenLockState → .unknown, displayAsleep → false, sessionActive → true to eachUnobservableSignalAlonePausesBothAxes(screenLockState:displayAsleep:sessionActive:) started.
​✔ Test eachUnobservableSignalAlonePausesBothAxes(screenLockState:displayAsleep:sessionActive:) with 4 test cases passed after 0.001 seconds.
✔ Suite CollectionSchedulePolicyTests passed after 0.001 seconds.
◇ Suite MonitoringLifecycleStoreTests started.
◇ Test fiveShortPausesResetCPUAndSeparateHistoryAcrossBothSchedules() started.
2026-10-01 23:30:44.024926+0900 ResourceRunner[4593:45747742] [MonitoringScheduler] apply axis=SystemMetricsSampleSource schedule=running(2.0 seconds) generation=1 collectionEpoch=0 appendedTotal=0
2026-10-01 23:30:44.024929+0900 ResourceRunner[4593:45747686] [MonitoringScheduler] apply axis=MemoryScheduledSampleSource schedule=running(5.0 seconds) generation=1 collectionEpoch=0 appendedTotal=0
2026-10-01 23:30:44.024953+0900 ResourceRunner[4593:45747742] [MonitoringScheduler] appended sample axis=SystemMetricsSampleSource generation=1 collectionEpoch=0 appendedTotal=1
2026-10-01 23:30:44.024955+0900 ResourceRunner[4593:45747676] [MonitoringSampleStore] history=0 capacity=601
2026-10-01 23:30:44.024958+0900 ResourceRunner[4593:45748283] [SystemMetricsSampleSource] baseline-only tick: no cpu usage produced collectionEpoch=0 epochReset=false elapsed=none maximumTickGap=10.0 seconds
2026-10-01 23:30:44.024992+0900 ResourceRunner[4593:45747676] [MonitoringSampleStore] first valid history point collectionEpoch=0 history=1
2026-10-01 23:30:44.025007+0900 ResourceRunner[4593:45747675] [MonitoringSampleStore] history=1 capacity=601
2026-10-01 23:30:44.025014+0900 ResourceRunner[4593:45748283] [MonitoringScheduler] appended sample axis=SystemMetricsSampleSource generation=1 collectionEpoch=0 appendedTotal=2
2026-10-01 23:30:44.025060+0900 ResourceRunner[4593:45747675] [MonitoringScheduler] appended sample ax2026-10-01 23:30:44.025105+0900 ResourceRunner[4593:45747742] [MonitoringScheduler] apply axis=SystemMetricsSampleSource schedule=paused generation=2 collectionEpoch=1 appendedTotal=2
2026-10-01 23:30:44.025109+0900 ResourceRunner[4593:45747676] [MonitoringScheduler] apply axis=MemoryScheduledSampleSource schedule=paused generation=2 collectionEpoch=1 appendedTotal=1
2026-10-01 23:30:44.025332+0900 ResourceRunner[4593:45747722] [MonitoringSampleStore] history=1 capacity=601
2026-10-01 23:30:44.025332+0900 ResourceRunner[4593:45748282] [SystemMetricsSampleSource] baseline-only tick: no cpu usage produced collectionEpoch=1 epochReset=true elapsed=8.0 seconds maximumTickGap=10.0 seconds
2026-10-01 23:30:44.025339+0900 ResourceRunner[4593:45747719] [MonitoringScheduler] apply axis=MemoryScheduledSampleSource schedule=running(5.0 seconds) generation=3 collectionEpoch=1 appendedTotal=1
2026-10-01 23:30:44.025320+0900 ResourceRunner[4593:45747686] [MonitoringScheduler] apply axis=SystemMetricsSampleSource schedule=r✔ Test fiveShortPausesResetCPUAndSeparateHistoryAcrossBothSchedules() passed after 0.001 seconds.
unning(2.0 seconds) generation=3 collectionEpoch=1 appendedTotal=2
2026-10-01 23:30:44.025384+0900 ResourceRunner[4593:45747717] [MonitoringSampleStore] first valid history point collectionEpoch=1 history=2
2026-10-01 23:30:44.025401+0900 ResourceRunner[4593:45748285] [MonitoringScheduler] appended sample axis=SystemMetricsSampleSource generation=3 collectionEpoch=1 appendedTotal=4
2026-10-01 23:30:44.045004+0900 ResourceRunner[4593:45748282] [SystemMetricsSampleSource] baseline-only tick: no cpu usage produced collectionEpoch=2 epochReset=true elapsed=8.0 seconds maximumTickGap=10.0 seconds
2026-10-01 23:30:44.045003+0900 ResourceRunner[4593:45747719] [MonitoringSampleStore] history=2 capacity=601
2026-10-01 23:30:44.045571+0900 ResourceRunner[4593:45747717] [MonitoringScheduler] appended sample axis=SystemMetricsSampleSource generation=5 collectionEpoch=2 appendedTotal=5
2026-10-01 23:30:44.045571+0900 ResourceRunner[4593:45747686] [MonitoringSampleStore] first valid history point collectionEpoch=2 history=3
2026-10-01 23:30:44.025394+0900 ResourceRunner[4593:45748284] [MonitoringSampleStore] history=2 capacity=601
2026-10-01 23:30:44.045008+0900 ResourceRunner[4593:45747676] [MonitoringScheduler] apply axis=MemoryScheduledSampleSource schedule=paused generation=4 collectionEpoch=2 appendedTotal=2
2026-10-01 23:30:44.045017+0900 ResourceRunner[4593:45747722] [MonitoringScheduler] apply axis=MemoryScheduledSampleSource schedule=running(5.0 seconds) generation=5 collectionEpoch=2 appendedTotal=2
2026-10-01 23:30:44.045016+0900 ResourceRunner[4593:45747742] [MonitoringScheduler] apply axis=SystemMetricsSampleSource schedule=running(2.0 seconds) generation=5 collectionEpoch=2 appendedTotal=4
2026-10-01 23:30:44.045582+0900 ResourceRunner[4593:45747717] [MonitoringScheduler] appended sample axis=SystemMetricsSampleSource generation=5 collectionEpoch=2 appendedTotal=6
2026-10-01 23:30:44.045574+0900 ◇ Test firstSystemSnapshotIsAppliedToBothAxes() started.
ResourceRunner[4593:45748285] [MonitoringSampleStore] history=3 capacity=601
is=MemoryScheduledSampleSource generation=1 collectionEpoch=0 appendedTotal=1
2026-10-01 23:30:44.025700+0900 ResourceRunner[4593:45748283] [MonitoringScheduler] apply axis=SystemMetricsSampleSource schedule=paused generation=4 collectionEpoch=2 appendedTotal=4
2026-10-01 23:30:44.025404+0900 ResourceRunner[4593:45748291] [MonitoringScheduler] appended sample axis=MemoryScheduledSampleSource generation=3 collectionEpoch=1 appendedTotal=2
2026-10-01 23:30:44.045607+0900 ResourceRunner[4593:45748282] [MonitoringScheduler] appended sample axis=MemoryScheduledSampleSource generation=5 collectionEpoch=2 appendedTotal=3
2026-10-01 23:30:44.046381+0900 ResourceRunner[4593:45748284] [MonitoringScheduler] apply axis=MemoryScheduledSampleSource schedule=paused generation=6 collectionEpoch=3 appendedTotal=3
2026-10-01 23:30:44.045612+0900 ResourceRunner[4593:45747719] [MonitoringScheduler] apply axis=SystemMetricsSampleSource schedule=paused generation=6 collectionEpoch=3 appendedTotal=6
2026-10-01 23:30:44.046398+0900 ResourceRunner[4593:45747722] [MonitoringScheduler] apply axis=SystemMetricsSampleSource schedule=running(2.0 seconds) generation=7 collectionEpoch=3 appendedTotal=6
2026-10-01 23:30:44.046391+0900 ResourceRunner[4593:45747742] [SystemMetricsSampleSource] baseline-only tick: no cpu usage produced collectionEpoch=3 epochReset=true elapsed=8.0 seconds maximumTickGap=10.0 seconds
2026-10-01 23:30:44.025377+0900 ResourceRunner[4593:45747743] [MonitoringScheduler] appended sample axis=SystemMetricsSampleSource generation=3 collectionEpoch=1 appendedTotal=3
2026-10-01 23:30:44.046481+0900 ResourceRunner[4593:45748285] [MonitoringSampleStore] first valid history point collectionEpoch=3 history=4
2026-10-01 23:30:44.046409+0900 ResourceRunner[4593:45747686] [MonitoringScheduler] appended sample axis=SystemMetricsSampleSource generation=7 collectionEpoch=3 appendedT2026-10-01 23:30:44.046482+0900 ResourceRunner[4593:45747675] [MonitoringSampleStore] history=4 capacity=601
2026-10-01 23:30:44.046389+0900 ResourceRunner[4593:45747717] [MonitoringSampleStore] history=3 capacity=601
2026-10-01 23:30:44.046397+0900 ResourceRunner[4593:45747676] [MonitoringScheduler] apply axis=MemoryScheduledSampleSource schedule=running(5.0 seconds) generation=7 collectionEpoch=3 appendedTotal=3
2026-10-01 23:30:44.046485+0900 ResourceRunner[4593:45748291] [MonitoringScheduler] appended sample axis=MemoryScheduledSampleSource generation=7 collectionEpoch=3 appendedTotal=4
2026-10-01 23:30:44.046486+0900 ResourceRunner[4593:45748282] [MonitoringScheduler] apply axis=SystemMetricsSampleSource schedule=paused generation=8 collectionEpoch=4 appendedTotal=8
2026-10-01 23:30:44.046484+0900 ResourceRunner[4593:45748283] [MonitoringScheduler] appended sample axis=SystemMetricsSampleSource generation=7 collectionEpoch=3 appendedTotal=8
2026-10-01 23:30:44.046490+0900 ResourceRunner[4593:45748284] [M2026-10-01 23:30:44.046592+0900 ResourceRunner[4593:45747719] [MonitoringScheduler] apply axis=MemoryScheduledSampleSource schedule=running(5.0 seconds) generation=9 collectionEpoch=4 appendedTotal=4
onitoringScheduler] apply axis=MemoryScheduledSampleSource schedule=paused generation=8 collectionEpoch=4 appendedTotal=4
otal=7
2026-10-01 23:30:44.046697+0900 ResourceRunner[4593:45747676] [MonitoringSampleStore] history=5 capacity=601
2026-10-01 23:30:44.046582+0900 ResourceRunner[4593:45747743] [MonitoringSampleStore] history=4 capacity=601
2026-10-01 23:30:44.046698+0900 ResourceRunner[4593:45747717] [MonitoringScheduler] appended sample axis=SystemMetricsSampleSource generation=9 collectionEpoch=4 appendedTotal=10
2026-10-01 23:30:44.046698+0900 ResourceRunner[4593:45748291] [MonitoringScheduler] appended sample axis=MemoryScheduledSampleSource generation=9 collectionEpoch=4 appendedTotal=5
2026-10-01 23:30:44.046689+0900 ResourceRunner[4593:45747675] [MonitoringSampleStore] first valid history point collec✔ Test firstSystemSnapshotIsAppliedToBothAxes() passed after 0.001 seconds.
tionEpoch=4 history=5
2026-10-01 23:30:44.046701+0900 ResourceRunner[4593:45748282] [MonitoringScheduler] apply axis=SystemMetricsSampleSource schedule=paused generation=10 collectionEpoch=5 appendedTotal=10
2026-10-01 23:30:44.046701+0900 ResourceRunner[4593:45748283] [MonitoringScheduler] apply axis=MemoryScheduledSampleSource schedule=paused generation=10 collectionEpoch=5 appendedTotal=5
2026-10-01 23:30:44.046584+0900 ResourceRunner[4593:45748285] [MonitoringScheduler] appended sample axis=SystemMetricsSampleSource generation=9 collectionEpoch=4 appendedTotal=9
2026-10-01 23:30:44.053526+0900 ResourceRunner[4593:45747676] [SystemMetricsSampleSource] baseline-only tick: no cpu usage produced collectionEpoch=5 epochReset=true elapsed=8.0 seconds maximumTickGap=10.0 seconds
2026-10-01 23:30:44.053525+0900 ResourceRunner[4593:45748291] [MonitoringSampleStore] history=6 capacity=601
2026-10-01 23:30:44.046583+0900 ResourceRunner[4593:45747742] [SystemMetricsSampleSource] baseline-only tick: no cpu usage produced collectionEpoch=4 epochReset=true elapsed=8.0 seconds maximumTickGap=10.0 seconds
2026-10-01 23:30:44.053525+0900 ResourceRunner[4593:45747717] [MonitoringSampleStore] first valid history point collectionEpoch=5 history=6
2026-10-01 23:30:44.053525+0900 ResourceRunner[4593:45747686] [MonitoringSampleStore] history=5 capacity=601
2026-10-01 23:30:44.046592+0900 ResourceRunner[4593:45747722] [MonitoringScheduler] apply axis=SystemMetricsSampleSource schedule=running(2.0 seconds) generation=9 collectionEpoch=4 appendedTotal=8
2026-10-01 23:30:44.053783+0900 ResourceRunner[4593:45748282] [MonitoringScheduler] appended sample axis=SystemMetricsSampleSource generation=11 collectionEpoch=5 appendedTotal=12
2026-10-01 23:30:44.053538+0900 ResourceRunner[4593:45748284] [MonitoringScheduler] apply axis=MemoryScheduledSampleSource schedule=running(5.0 seconds) generation=11 collectionEpoch=5 appendedTotal=5
2026-10-01 23:30:44.053785+0900 ResourceRunner[4593:45747675] [MonitoringScheduler] appended sample axis=MemoryScheduledSampleSource generation=11 collectionEpoch=5 appendedTotal=6
2026-10-01 23:30:44.053538+0900 ResourceRunner[4593:45747719] [MonitoringScheduler] apply axis=SystemMetricsSampleSource schedule=running(2.0 seconds) generation=11 collectionEpoch=5 appendedTotal=10
2026-10-01 23:30:44.053790+0900 ResourceRunner[4593:45748283] [MonitoringScheduler] apply axis=MemoryScheduledSampleSource schedule=running(2.0 seconds) generation=1 collectionEpoch=0 appendedTotal=0
2026-10-01 23:30:44.053525+0900 ResourceRunner[4593:45747743] [MonitoringScheduler] appended sample axis=SystemMetricsSampleSource generation=11 collectionEpoch=5 appendedTotal=11
◇ Test snapshotWithRevisionLessThanOrEqualToLastIsRejected() started.
2026-10-01 23:30:44.053793+0900 ResourceRunner[4593:45748285] [MonitoringScheduler] apply axis=MemoryScheduledSampleSource schedule=running(5.0 seconds) generation=1 collectionEpoch=0 appendedTotal=0
2026-10-01 23:30:44.054097+0900 ResourceRunner[4593:45748285] [MonitoringScheduler] apply axis=MemoryScheduledSampleSource schedule=running(2.0 seconds) generation=1 collectionEpoch=0 appendedTotal=0
2026-10-01 23:30:44.054105+0900 ResourceRunner[4593:45747675] [MonitoringScheduler] apply axis=MemoryScheduledSampleSource schedule=running(5.0 seconds) generation=1 collectionEpoch=0 appendedTotal=0
2026-10-01 23:30:44.054125+0900 ResourceRunner[4593:45747743] [MonitoringScheduler] apply axis=MemoryScheduledSampleSource schedule=running(5.0 seconds) generation=2 collectionEpoch=0 appendedTotal=0
2026-10-01 23:30:44.054126+0900 ResourceRunner[4593:45748285] [MonitoringScheduler] apply axis=MemoryScheduledSampleSource schedule=running(10.0 seconds) generation=2 collectionEpoch=0 appendedTotal=0
✔ Test snapshotWithRevisionLessThanOrEqualToLastIsRejected() passed after 0.001 seconds.
◇ Test popoverEventIsAlwaysAppliedRegardlessOfRevision() started.
2026-10-01 23:30:44.054304+0900 ResourceRunner[4593:45747722] [MonitoringScheduler] apply axis=MemoryScheduledSampleSource schedule=running(5.0 seconds) generation=1 collectionEpoch=0 appendedTotal=0
2026-10-01 23:30:44.054312+0900 ResourceRunner[4593:45748282] [MonitoringScheduler] apply axis=MemoryScheduledSampleSource schedule=running(2.0 seconds) generation=1 collectionEpoch=0 appendedTotal=0
2026-10-01 23:30:44.054324+0900 ResourceRunner[4593:45747675] [MonitoringScheduler] apply axis=MemoryScheduledSampleSource schedule=running(1.0 seconds) generation=2 collectionEpoch=0 appendedTotal=0
2026-10-01 23:30:44.054336+0900 ResourceRunner[4593:45747675] [MonitoringScheduler] apply axis=MemoryScheduledSampleSource schedule=running(2.0 seconds) generation=2 collectionEpoch=0 appendedTotal=0
✔ Test popoverEventIsAlwaysAppliedRegardlessOfRevision() passed after 0.001 seconds.
◇ Test repeatedEventsProducingSamePlanDoNotCallApplyAgain() started.
2026-10-01 23:30:44.054525+0900 ResourceRunner[4593:45748284] [MonitoringScheduler] apply axis=MemoryScheduledSampleSource schedule=running(2.0 seconds) generation=1 collectionEpoch=0 appendedTotal=0
2026-10-01 23:30:44.054528+0900 ResourceRunner[4593:45747743] [MonitoringScheduler] apply axis=MemoryScheduledSampleSource schedule=running(5.0 seconds) generation=1 collectionEpoch=0 appendedTotal=0
2026-10-01 23:30:44.054560+0900 ResourceRunner[4593:45748284] [MonitoringScheduler] appended sample axis=MemoryScheduledSampleSource generation=1 collectionEpoch=0 appendedTotal=1
2026-10-01 23:30:44.054567+0900 ResourceRunner[4✔ Test repeatedEventsProducingSamePlanDoNotCallApplyAgain() passed after 0.001 seconds.
593:45747719] [MonitoringScheduler] appended sample axis=MemoryScheduledSampleSource generation=1 collectionEpoch=0 appendedTotal=2
◇ Test eachUnobservableSignalStopsBothAxesAndResumeDoesNotCatchUp(signal:) started.
◇ Test case passing 1 argument signal → .locked to eachUnobservableSignalStopsBothAxesAndResumeDoesNotCatchUp(signal:) started.
2026-10-01 23:30:44.056469+0900 ResourceRunner[4593:45748282] [MonitoringScheduler] apply axis=MemoryScheduledSampleSource schedule=running(2.0 seconds) generation=1 collectionEpoch=0 appendedTotal=0
2026-10-01 23:30:44.056479+0900 ResourceRunner[4593:45748282] [MonitoringScheduler] appended sample axis=MemoryScheduledSampleSource generation=1 collectionEpoch=0 appendedTotal=1
2026-10-01 23:30:44.056485+0900 ResourceRunner[4593:45748284] [MonitoringScheduler] appended sample axis=MemoryScheduledSampleSource generation=1 collectionEpoch=0 appendedTotal=1
2026-10-01 23:30:44.056486+0900 ResourceRunner[4593:45748282] [MonitoringScheduler] appended sample axis=MemoryScheduledSampleSource generation=1 collectionEpoch=0 appendedTotal=2
2026-10-01 23:30:44.056495+0900 ResourceRunner[4593:45748284] [MonitoringScheduler] apply axis=MemoryScheduledSampleSource schedule=paused generation=2 collectionEpoch=1 appendedTotal=2
2026-10-01 23:30:44.056488+0900 ResourceRunner[4593:45748285] [MonitoringScheduler] apply axis=MemoryScheduledSampleSource schedule=running(5.0 seconds) generation=1 collectionEpoch=0 appendedTotal=0
2026-10-01 23:30:44.056504+0900 ResourceRunner[4593:45748284] [MonitoringScheduler] apply axis=MemoryScheduledSampleSource schedule=paused generation=2 collectionEpoch=1 appendedTotal=1
2026-10-01 23:30:44.056676+0900 ResourceRunner[4593:45747722] [MonitoringScheduler] apply axis=MemoryScheduledSampleSource schedule=running(2.0 seconds) generation=3 collectionEpoch=1 appendedTotal=2
2026-10-01 23:30:44.056683+0900 ResourceRunner[4593:45748282] [MonitoringScheduler] apply axis=MemoryScheduledSampleSource schedule=running(5.0 seconds) generation=3 collectionEpoch=1 appendedTotal=1
2026-10-01 23:30:44.056697+0900 ResourceRunner[4593:45748282] [MonitoringScheduler] appended sample axis=MemoryScheduledSampleSource generation=3 collectionEpoch=1 appendedTotal=3
2026-10-01 23:30:44.056713+0900 ResourceRunner[4593:45748283] [MonitoringScheduler] appended sample axis=MemoryScheduledSampleSource generation=3 collectionEpoch=1 appendedTotal=4
​2026-10-01 23:30:44.056718+0900 ResourceRunner[4593:45748284] [MonitoringScheduler] appended sample axis=MemoryScheduledSampleSource generation=3 collectionEpoch=1 appendedTotal=2
◇ Test case passing 1 argument signal → .lockUnknown to eachUnobservableSignalStopsBothAxesAndResumeDoesNotCatchUp(signal:) started.
2026-10-01 23:30:44.056804+0900 ResourceRunner[4593:45748283] [MonitoringScheduler] apply axis=MemoryScheduledSampleSource schedule=running(2.0 seconds) generation=1 collectionEpoch=0 appendedTotal=0
2026-10-01 23:30:44.056801+0900 ResourceRunner[4593:45747722] [MonitoringScheduler] apply axis=MemorySched2026-10-01 23:30:44.056814+0900 ResourceRunner[4593:45748283] [MonitoringScheduler] appended sample axis=MemoryScheduledSampleSource generation=1 collectionEpoch=0 appendedTotal=1
uledSampleSource schedule=running(5.0 seconds) generation=1 collectionEpoch=0 appendedTotal=0
2026-10-01 23:30:44.056852+0900 ResourceRunner[4593:45747719] [MonitoringScheduler] apply axis=MemoryScheduledSampleSource schedule=paused generation=2 collectionEpoch=1 appendedTotal=1
2026-10-01 23:30:44.056825+0900 ResourceRunner[4593:45747743] [MonitoringScheduler] appended sample axis=MemoryScheduledSampleSource generation=1 collectionEpoch=0 appendedTotal=1
2026-10-01 23:30:44.056816+0900 ResourceRunner[4593:45748284] [MonitoringScheduler] appended sample axis=MemoryScheduledSampleSource generation=1 collectionEpoch=0 appendedTotal=2
2026-10-01 23:30:44.056853+0900 ResourceRunner[4593:45748285] [MonitoringScheduler] apply axis=MemoryScheduledSampleSource schedule=paused generation=2 collectionEpoch=1 appendedTotal=2
2026-10-01 23:30:44.056978+0900 ResourceRunner[4593:45748294] [MonitoringScheduler] apply axis=MemoryScheduledSampleSource schedule=running(2.0 seconds) generation=3 collectionEpoch=1 appendedTotal=2
​2026-10-01 23:30:44.056995+0900 ResourceRunner[4593:45748282] [MonitoringScheduler] apply axis=MemoryScheduledSampleSource schedule=running(5.0 seconds) generation=3 collectionEpoch=1 appendedTotal=1
2026-10-01 23:30:44.057019+0900 ResourceRunner[4593:45747742] [MonitoringScheduler] appended sample axis=MemoryScheduledSampleSource generation=3 collectionEpoch=1 appendedTotal=4
2026-10-01 23:30:44.057000+0900 ResourceRunner[4593:45747686] [MonitoringScheduler] appended sample axis=MemoryScheduledSampleSource generation=3 collectionEpoch=1 appendedTotal=3
2026-10-01 23:30:44.057024+0900 ResourceRunner[4593:45747675] [MonitoringScheduler] appended sample axis=MemoryScheduledSampleSource generation=3 collectionEpoch=1 appendedTotal=2
◇ Test case passing 1 argument signal → .displayAsleep to eachUnobservableSignalStopsBothAxesAndResumeDoesNotCatchUp(signal:) started.
2026-10-01 23:30:44.059069+0900 ResourceRunner[4593:45747742] [MonitoringScheduler] apply axis=MemoryScheduledSampleSource schedule=running(2.0 seconds) generation=1 collectionEpoch=0 appendedTotal=0
2026-10-01 23:30:44.059076+0900 ResourceRunner[4593:45747717] [MonitoringScheduler] apply axis=MemoryScheduledSampleSource schedule=running(5.0 seconds) generation=1 collectionEpoch=0 appendedTotal=0
2026-10-01 23:30:44.059095+0900 ResourceRunner[4593:45747686] [MonitoringScheduler] appended sample axis=MemoryScheduledSampleSource generation=1 collectionEpoch=0 appendedTotal=1
2026-10-01 23:30:44.059123+0900 ResourceRunner[4593:45748294] [MonitoringScheduler] appended sample axis=MemoryScheduledSampleSource generation=1 collectionEpoch=0 appendedTotal=2
2026-10-01 23:30:44.059113+0900 ResourceRunner[4593:45748282] [MonitoringScheduler] appended sample axis=MemoryScheduledSampleSource generation=1 collectionEpoch=0 appendedTotal=1
2026-10-01 23:30:44.059129+0900 ResourceRunner[4593:45747686] [MonitoringScheduler] apply axis=MemoryScheduledSampleSource schedule=paused generation=2 collectionEpoch=1 appendedTotal=2
2026-10-01 23:30:44.059128+0900 ResourceRunner[4593:45747717] [MonitoringScheduler] apply axis=MemoryScheduledSampleSource schedule=paused generation=2 collectionEpoch=1 appendedTotal=1
2026-10-01 23:30:44.059331+0900 ResourceRunner[4593:45748282] [MonitoringScheduler] apply axis=MemoryScheduledSampleSource schedule=running(2.0 seconds) generation=3 collectionEpoch=1 appendedTotal=2
2026-10-01 23:30:44.059342+0900 ResourceRunner[4593:45747675] [MonitoringScheduler] apply axis=MemoryScheduledSampleSource schedule=running(5.0 seconds) generation=3 collectionEpoch=1 appendedTotal=1
2026-10-01 23:30:44.059369+0900 ResourceRunner[4593:45747686] [MonitoringScheduler] appended sample axis=MemoryScheduledSampleSource generation=3 collectionEpoch=1 appendedTotal=3
2026-10-01 23:30:44.059382+0900 ResourceRunner[4593:45747686] [MonitoringScheduler] appended sample axis=MemoryScheduledSampleSource generation=3 collectionEpoch=1 appendedTotal=4
2026-10-01 23:30:44.059387+0900 ResourceRunner[4593:45747686] [MonitoringScheduler] appended sample axis=MemoryScheduledSampleSource generation=3 collectionEpoch=1 appendedTotal=2
​◇ Test case passing 1 argument signal → .sessionInactive to eachUnobservableSignalStopsBothAxesAndResumeDoesNotCatchUp(signal:) started.
2026-10-01 23:30:44.059489+0900 ResourceRunner[4593:45748282] [MonitoringScheduler] apply axis=MemoryS2026-10-01 23:30:44.059507+0900 ResourceRunner[4593:45748283] [MonitoringScheduler] apply axis=MemoryScheduledSampleSource schedule=running(5.0 seconds) generation=1 collectionEpoch=0 appendedTotal=0
2026-10-01 23:30:44.059510+0900 ResourceRunner[4593:45748294] [MonitoringScheduler] appended sample axis=MemoryScheduledSampleSource generation=1 collectionEpoch=0 appendedTotal=1
cheduledSampleSource schedule=running(2.0 seconds) generation=1 collectionEpoch=0 appendedTotal=0
2026-10-01 23:30:44.059515+0900 ResourceRunner[4593:45747742] [MonitoringScheduler] appended sample axis=MemoryScheduledSampleSource generation=1 collectionEpoch=0 appendedTotal=1
​2026-10-01 23:30:44.059541+0900 ResourceRunner[4593:45748285] [MonitoringScheduler] appended sample axis=MemoryScheduledSampleSource generation=1 collectionEpoch=0 appendedTotal=2
2026-10-01 23:30:44.059549+0900 ResourceRunner[4593:45747743] [MonitoringScheduler] apply axis=MemoryScheduledSampleSource schedule=paused generation=2 collectionEpoch=1 appendedTotal=2
2026-10-01 23:30:44.059563+0900 ResourceRunner[4593:45748284] [MonitoringScheduler] apply axis=MemoryScheduledSampleSource schedule=paused generation=2 collectionEpoch=1 appendedTotal=1
2026-10-01 23:30:44.059697+0900 ResourceRunner[4593:45747686] [MonitoringScheduler] apply axis=MemoryScheduledSampleSource schedule=running(5.0 seconds) generation=3 collectionEpoch=1 appendedTotal=1
2026-10-01 23:30:44.059715+0900 ResourceRunner[4593:45747722] [MonitoringScheduler] appended sample axis=MemoryScheduledSampleSource generation=3 collectionEpoch=1 appendedTotal=3
2026-10-01 23:30:44.059681+0900 ResourceRunner[4593:45747675] [MonitoringScheduler] apply axis=MemoryScheduledSampleSource schedule=running(2.0 seconds) generation=3 collectionEpoch=1 appendedTotal=2
2026-10-01 23:30:44.059727+0900 ResourceRunner[4593:45747676] [MonitoringScheduler] appended sample axis=MemoryScheduledSampleSource generation=3 collectionEpoch=1 appendedTotal=2
2026-10-01 23:30:44.059722+0900 ResourceRunner[4593:4574✔ Test eachUnobservableSignalStopsBothAxesAndResumeDoesNotCatchUp(signal:) with 4 test cases passed after 0.005 seconds.
8291] [MonitoringScheduler] appended sample axis=MemoryScheduledSampleSource generation=3 collectionEpoch=1 appendedTotal=4
◇ Test scheduleChangeOnOneAxisDoesNotRestartTheOtherAxis() started.
2026-10-01 23:30:44.061614+0900 ResourceRunner[4593:45747675] [MonitoringScheduler] apply axis=MemoryScheduledSampleSource schedule=running(2.0 seconds) generation=1 collectionEpoch=0 appendedTotal=0
2026-10-01 23:30:44.061642+0900 ResourceRunner[4593:45748284] [MonitoringScheduler] appended sample axis=MemoryScheduledSampleSource generation=1 collectionEpoch=0 appendedTotal=1
2026-10-01 23:30:44.061653+0900 ResourceRunner[4593:45747722] [MonitoringScheduler] apply axis=MemoryScheduledSampleSource schedule=running(6.0 seconds) generation=2 collectionEpoch=0 appendedTotal=0
✔ Test scheduleChangeOnOneAxisDoesNotRestartTheOtherAxis() passed after 0.001 seconds.
2026-10-01 23:30:44.061668+0900 ResourceRunner[4593:45747686] [MonitoringScheduler] apply axis=MemoryScheduledSampleSource schedule=running(4.0 seconds) generation=1 collectionEpoch=0 appendedTotal=0
◇ Test lockedSnapshotProducesPausedRegardlessOfPriorState() started.
2026-10-01 23:30:44.061795+0900 ResourceRunner[4593:45747676] [MonitoringScheduler] apply axis=MemoryScheduledSampleSource schedule=paused generation=1 collectionEpoch=0 appendedTotal=0
2026-10-01 23:30:44.061800+0900 ResourceRunner[4593:45747722✔ Test lockedSnapshotProducesPausedRegardlessOfPriorState() passed after 0.001 seconds.
] [MonitoringScheduler] apply axis=MemoryScheduledSampleSource schedule=paused generation=1 collectionEpoch=0 appendedTotal=0
✔ Suite MonitoringLifecycleStoreTests passed after 0.039 seconds.
◇ Suite MonitoringSchedulerTests started.
◇ Test collectionEpochAdvancesOnlyOnRunningToPausedTransition() started.
2026-10-01 23:30:44.064156+0900 ResourceRunner[4593:45747676] [MonitoringScheduler] apply axis=MemoryScheduledSampleSource schedule=paused generation=1 collectionEpoch=0 appendedTotal=0
2026-10-01 23:30:44.064176+0900 ResourceRunner[4593:45747717] [MonitoringScheduler] apply axis=MemoryScheduledSampleSource schedule=running(5.0 seconds) generation=2 collectionEpoch=0 appendedTotal=0
2026-10-01 23:30:44.064189+0900 ResourceRunner[4593:45747717] [MonitoringScheduler] apply axis=MemoryScheduledSampleSource schedule=paused generation=5 collectionEpoch=1 appendedTotal=0
2026-10-01 23:30:44.064189+0900 ResourceRunner[4593:45748284] [MonitoringScheduler] apply axis=MemoryScheduledSampleSource schedule=running(1.0 seconds) generation=3 collectionEpoch=0 appendedTotal=0
2026-10-01 23:30:44.064199+0900 ResourceRunner[4593:45747717] [MonitoringScheduler] apply axis=MemoryScheduledSampleSource schedule=paused generation=6 collectionEpoch=1 appendedTotal=0
2026-10-01 23:30:44.064202+0900 ResourceRunner[4593:45748285] [Mon2026-10-01 23:30:44.064214+0900 ResourceRunner[4593:45747676] [MonitoringScheduler] apply axis=MemoryScheduledSampleSource schedule=paused generation=8 collectionEpoch=2 appendedTotal=0
2026-10-01 23:30:44.064203+0900 ResourceRunner[4593:45748284] [MonitoringScheduler] apply axis=MemoryScheduledSampleSource schedule=running(1.0 seconds) generation=7 collectionEpoch=1 appendedTotal=0
itoringScheduler] apply axis=MemoryScheduledSampleSource schedule=running(1.0 seconds) generation=4 collectionEpoch=0 appendedTotal=0
✔ Test collectionEpochAdvancesOnlyOnRunningToPausedTransition() passed after 0.001 seconds.
◇ Test intervalChangeWithoutPauseKeepsSourceAndStoredEpoch() started.
2026-10-01 23:30:44.064326+0900 ResourceRunner[4593:45747717] [MonitoringScheduler] appended sample axis=MemoryScheduledSampleSource generation=1 collectionEpoch=0 appendedTotal=1
2026-10-01 23:30:44.064335+0900 ResourceRunner[4593:45747676] [MonitoringScheduler] apply axis=MemoryScheduledSampleSource schedule=running(5.0 seconds) generation=1 collectionEpoch=0 appendedTotal=0
✔ Test intervalChangeWithoutPauseKeepsSourceAndStoredEpoch() passed after 0.001 seconds.
2026-10-01 23:30:44.064363+0900 ResourceRunner[4593:45748285] [MonitoringScheduler] apply axis=MemoryScheduledSampleSource schedule=running(1.0 seconds) generation=2 collectionEpoch=0 appendedTotal=1
2026-10-01 23:30:44.064378+0900 ResourceRunner[4593:45748284] [MonitoringScheduler] appended sample axis=MemoryScheduledSampleSource generation=2 collectionEpoch=0 appendedTotal=2
◇ Test resumedSourceAndStoredSampleShareEpochAndOldGenerationIsDiscarded() started.
2026-10-01 23:30:44.066305+0900 ResourceRunner[4593:45748284] [MonitoringScheduler] apply axis=DelayedEpochSampleSource schedule=running(1.0 seconds) generation=1 collectionEpoch=0 appendedTotal=0
2026-10-01 23:30:44.066321+0900 ResourceRunner[4593:45748284] [MonitoringScheduler] apply axis=DelayedEpochSampleSource schedule=paused generation=2 collectionEpoch=1 appendedTotal=0
2026-10-01 23:30:44.066328+0900 ResourceRunner[4593:45748284] [MonitoringScheduler] apply axis=DelayedEpochSampleSource schedule=paused generation=3 collectionEpoch=1 appendedTotal=0
2026-10-01 23:30:44.066336+0900 ResourceRunner[4593:45748284] [MonitoringScheduler] apply axis=DelayedEpochSampleSource schedule=running(1.0 seconds) generation=4 collectionEpoch=1 appendedTotal=0
2026-10-01 23:30:44.066340+0900 ResourceRunner[4593:45747743] [MonitoringScheduler] appended sample axis=DelayedEpochSampleSource generation=4 collectionEpoch=1 appendedTotal=1
✔ Test resumedSourceAndStoredSampleShareEpochAndOldGenerationIsDiscarded() passed after 0.001 seconds.
◇ Test runningScheduleAppendsOneSamplePerTickUsingAnchoredDeadline() started.
2026-10-01 23:30:44.066518+0900 ResourceRunner[4593:45747743]✔ Test runningScheduleAppendsOneSamplePerTickUsingAnchoredDeadline() passed after 0.001 seconds.
2026-10-01 23:30:44.066524+0900 ResourceRunner[4593:45748285] [MonitoringScheduler] appended sample axis=MemoryScheduledSampleSource generation=1 collectionEpoch=0 appendedTotal=2
2026-10-01 23:30:44.066532+0900 ResourceRunner[4593:45747676] [MonitoringScheduler] appended sample axis=MemoryScheduledSampleSource generation=1 collectionEpoch=0 appendedTotal=1
 [MonitoringScheduler] apply axis=MemoryScheduledSampleSource schedule=running(1.0 seconds) generation=1 collectionEpoch=0 appendedTotal=0
◇ Test scheduleChangeCancelsPreviousTaskAndStartsExactlyOneNewGeneration() started.
2026-10-01 23:30:44.068220+0900 ResourceRunner[4593:45747743] [MonitoringScheduler] apply axis=MemoryScheduledSampleSource schedule=running(2.0 seconds) generation=2 collectionEpoch=0 appendedTotal=0
2026-10-01 23:30:44.068226+0900 ResourceRunner[4593:45747676] [MonitoringScheduler] apply axis=MemoryScheduledSampleSource schedule=running(1.0 seconds) generation=1 collectionEpoch=0 appendedTotal=0
2026-10-01 23:30:44.068277+0900 ResourceRunner[4593:45748291] [MonitoringScheduler] appended sample axis=MemoryScheduledSampleSource generation=2 collectionEpoch=0 appendedTotal=1
✔ Test scheduleChangeCancelsPreviousTaskAndStartsExactlyOneNewGeneration() passed after 0.001 seconds.
◇ Test generationAdvancesSynchronouslyBeforeAnySuspensionOnEveryApply() started.
✔ Test generationAdvancesSynchronouslyBeforeAnySuspensionOnEveryApply() passed after 0.001 seconds.
2026-10-01 23:30:44.068399+0900 ResourceRunner[4593:45748284] [MonitoringScheduler] apply axis=MemoryScheduledSampleSource schedule=running(1.0 seconds) generation=1 collectionEpoch=0 appendedTotal=0
2026-10-01 23:30:44.068407+0900 ResourceRunner[4593:45748291] [MonitoringScheduler] apply axis=MemoryScheduledSampleSource schedule=running(2.0 seconds) generation=2 collectionEpoch=0 appendedTotal=0
2026-10-01 23:30:44.068408+0900 ResourceRunner[4593:45748285] [MonitoringScheduler] apply axis=MemoryScheduledSampleSource schedule=paused generation=3 collectionEpoch=1 appendedTotal=0
◇ Test pauseCancelsTaskButKeepsAlreadyCollectedSamples() started.
2026-10-01 23:30:44.068415+0900 ResourceRunner[4593:45747717] [MonitoringScheduler] apply axis=MemoryScheduledSampleSource schedule=running(1.0 seconds) generation=4 collectionEpoch=1 appendedTotal=0
2026-10-01 23:30:44.068975+0900 ResourceRunner[4593:45748291] [MonitoringScheduler] appended sample axis=MemoryScheduledSampleSource generation=1 collectionEpoch=0 appendedTotal=2
2026-10-01 23:30:44.068979+0900 ResourceRunner[4593:45748285] [MonitoringScheduler] appended sample axis=MemoryScheduledSampleSource generation=1 collectionEpoch=0 appendedTotal=1
2026-10-01 23:30:44.068959+0900 ResourceRunner[4593:45747717] [MonitoringScheduler] apply axis=MemoryScheduledSampleSource schedule=running(2.0 seconds) generation=1 collectionEpoch=0 appendedTotal=0
2026-10-01 23:30:44.068999+0900 ResourceRunner[4593:45748285] [MonitoringScheduler] apply axis=MemoryScheduledSampleSource schedule=paused generation=2 collectionEpoch=1 appendedTotal=2
✔ Test pauseCancelsTaskButKeepsAlreadyCollectedSamples() passed after 0.001 seconds.
◇ Test resumeDoesNotCatchUpMissedTicks() started.
2026-10-01 23:30:44.069168+0900 ResourceRunner[4593:45748291] [MonitoringScheduler] apply axis=MemoryScheduledSampleSource schedule=running(2.0 seconds) generation=1 collectionEpoch=0 appendedTotal=0
2026-10-01 23:30:44.069168+0900 ResourceRunner[4593:45747722] [MonitoringScheduler] apply axis=MemoryScheduledSampleSource schedule=paused generation=2 collectionEpoch=1 appendedTotal=0
2026-10-01 23:30:44.069202+0900 ResourceRunner[4593:45747676] [MonitoringScheduler] apply axis=MemoryScheduledSampleSource schedule=running(1.0 seconds) generation=3 collectionEpoch=1 appendedTotal=0
2026-10-01 23:30:44.069214+0900 ResourceRunner[4593:45748285] [MonitoringScheduler] appended sample axis=MemoryScheduledSampleSource generation=3 collectionEpoch=1 appendedTotal=1
2026-10-01 23:30:44.069217+0900 ResourceRunner[4593:45747717] [MonitoringScheduler] appended sample axis=MemoryScheduledSampleSource generation=3 collectionEpoch=1 appendedTotal=2
✔ Test resumeDoesNotCatchUpMissedTicks() passed after 0.001 seconds.
◇ Test cancelledOrStaleGenerationResultsAreNotStored() started.
2026-10-01 23:30:44.069366+0900 ResourceRunner[4593:45748291] [MonitoringScheduler] apply axis=MemoryScheduledSampleSource schedule=running(1.0 seconds) generation=1 collectionEpoch=0 appendedTotal=0
2026-10-01 23:30:44.069367+0900 ResourceRunner[4593:45747676] [MonitoringScheduler] appended sample axis=MemoryScheduledSampleSource generation=2 collectionEpoch=0 appendedTotal=1
✔ Test cancelledOrStaleGenerationResultsAreNotStored() passed after 0.001 seconds.
2026-◇ Test providerFailureDoesNotProduceZeroSampleAndSchedulerContinues() started.
10-01 23:30:44.069381+0900 ResourceRunner[4593:45747717] [MonitoringScheduler] apply axis=MemoryScheduledSampleSource schedule=running(1.0 seconds) generation=2 collectionEpoch=0 appendedTotal=0
2026-10-01 23:30:44.073805+0900 ResourceRunner[4593:45748291] [MonitoringScheduler] apply axis=MemoryScheduledSampleSource schedule=running(1.0 seconds) generation=1 collectionEpoch=0 appendedTotal=0
2026-10-01 23:30:44.073944+0900 ResourceRunner[4593:45748291] [MonitoringScheduler] appended sample axis=MemoryScheduledSampleSource generation=1 collectionEpoch=0 appendedTotal=1
✔ Test providerFailureDoesNotProduceZeroSampleAndSchedulerContinues() passed after 0.004 seconds.
◇ Test providerFailureAfterSuccessDoesNotFabricateAnAdditionalSample() started.
2026-10-01 23:30:44.074093+0900 ResourceRunner[4593:45747717] [MonitoringScheduler] apply axis=MemoryScheduledSampleSource schedule=running(1.0 seconds) generation=1 collectionEpoch=0 appendedTotal=0
2026-10-01 23:30:44.074101+0900 ResourceRunner[4593:45747686] [MonitoringScheduler] appended sample axis=MemoryScheduledSampleSource generation=1 collectionEpoch=0 appendedTotal=1
✔ Test providerFailureAfterSuccessDoesNotFabricateAnAdditionalSample() passed after 0.001 seconds.
◇ Test repeatedApplyWithSameScheduleWouldRestartWork() started.
2026-10-01 23:30:44.074399+0900 ResourceRunner[4593:45747686] [MonitoringScheduler] apply axis=MemoryScheduledSampleSource schedule=running(1.0 seconds) generation=1 collectionEpoch=0 appendedTotal=0
2026-10-01 23:30:44.074409+0900 ResourceRunner[4593:45748285] [MonitoringScheduler] apply axis=MemoryScheduledSampleSource schedule=running(1.0 seconds) generation=2 collectionEpoch=0 appendedTotal=0
✔ Test repeatedApplyWithSameScheduleWouldRestartWork() passed after 0.001 seconds.
✔ Suite MonitoringSchedulerTests passed after 0.010 seconds.
◇ Suite MemorySystemLifecycleSourceIntegrationTests started.
◇ Test memorySourceSnapshotsDriveBothAxisSchedulesAcrossAllSignals() started.
2026-10-01 23:30:44.074612+0900 ResourceRunner[4593:45747686] [MonitoringScheduler] apply axis=MemoryScheduledSampleSource schedule=running(2.0 seconds) generation=1 collectionEpoch=0 appendedTotal=0
2026-10-01 23:30:44.074610+0900 ResourceRunner[4593:45747743] [MonitoringScheduler] apply axis=MemoryScheduledSampleSource schedule=running(5.0 seconds) generation=1 collectionEpoch=0 appendedTotal=0
2026-10-01 23:30:44.074804+0900 ResourceRunner[4593:45747742] [MonitoringScheduler] apply axis=MemoryScheduledSampleSource schedule=paused generation=4 collectionEpoch=1 appendedTotal=0
2026-10-01 23:30:44.074645+0900 ResourceRunner[4593:45748285] [MonitoringScheduler] apply axis=MemoryScheduledSampleSource schedule=running(1.0 seconds) generation=2 collectionEpoch=0 appendedTotal=0
2026-10-01 23:30:44.074664+0900 ResourceRunner[4593:45748284] [MonitoringScheduler] apply axis=MemoryScheduledSampleSource schedule=running(2.0 seconds) generation=2 collectionEpoch=0 appendedTotal=0
2026-10-01 23:30:44.074810+0900 ResourceRunner[4593:45747717] [MonitoringScheduler] apply axis=MemoryScheduledSampleSource schedule=paused generation=4 collectionEpoch=1 appendedTotal=0
✔ Test memorySourceSnapshotsDriveBothAxisSchedulesAcrossAllSignals() passed after 0.001 seconds.
2026-10-01 23:30:44.074741+0900 ResourceRunner[4593:45748291] [MonitoringScheduler] apply axis=MemoryScheduledSampleSource schedule=running(2.0 seconds) generation=3 collectionEpoch=0 appendedTotal=0
2026-10-01 23:30:44.074747+0900 ResourceRunner[4593:45747675] [MonitoringScheduler] apply axis=MemoryScheduledSampleSource schedule=running(4.0 seconds) generation=3 collectionEpoch=0 appendedTotal=0
2026-10-01 23:30:44.074914+0900 ResourceRunner[4593:45747676] [MonitoringScheduler] apply axis=MemoryScheduledSampleSource schedule=running(2.0 seconds) generation=5 collectionEpoch=1 appendedTotal=0
2026-10-01 23:30:44.074921+0900 ResourceRunner[4593:45747722] [MonitoringScheduler] apply axis=MemoryScheduledSampleSource schedule=running(4.0 seconds) generation=5 collectionEpoch=1 appendedTotal=0
2026-10-01 23:30:44.074972+0900 ResourceRunner[4593:45748294] [MonitoringScheduler] apply axis=MemoryScheduledSampleSource schedule=paused generation=6 collectionEpoch=2 appendedTotal=0
✔ Suite MemorySystemLifecycleSourceIntegrationTests passed after 0.002 seconds.
2026-10-01 23:30:44.074979+0900 ResourceRunner[4593:45748282] [MonitoringScheduler] apply axis=MemoryScheduledSampleSource schedule=paused generation=6 collectionEpoch=2 appendedTotal=0
◇ Suite HistoryCapacityTests started.
◇ Test computesCapacityForDefaultTenMinuteRange(samplingInterval:expectedCapacity:) started.
◇ Test case passing 2 arguments samplingInterval → 1.0 seconds, expectedCapacity → 600 to computesCapacityForDefaultTenMinuteRange(samplingInterval:expectedCapacity:) started.
​◇ Test case passing 2 arguments samplingInterval → 2.0 seconds, expectedCapacity → 300 to computesCapacityForDefaultTenMinuteRange(samplingInterval:expectedCapacity:) started.
​◇ Test case passing 2 arguments samplingInterval → 5.0 seconds, expectedCapacity → 120 to computesCapacityForDefaultTenMinuteRange(samplingInterval:expectedCapacity:) started.
​✔ Test computesCapacityForDefaultTenMinuteRange(samplingInterval:expectedCapacity:) with 3 test cases passed after 0.001 seconds.
◇ Test roundsUpWhenRangeDoesNotDivideEvenly() started.
✔ Test roundsUpWhenRangeDoesNotDivideEvenly() passed after 0.001 seconds.
◇ Test resultIsAlwaysAtLeastOne(timeRange:samplingInterval:) started.
◇ Test case passing 2 arguments timeRange → 1.0 seconds, samplingInterval → 600.0 seconds to resultIsAlwaysAtLeastOne(timeRange:samplingInterval:) started.
​◇ Test case passing 2 arguments timeRange → 0.0 seconds, samplingInterval → 1.0 seconds to resultIsAlwaysAtLeastOne(timeRange:samplingInterval:) started.
​◇ Test case passing 2 arguments timeRange → -10.0 seconds, samplingInterval → 1.0 seconds to resultIsAlwaysAtLeastOne(timeRange:samplingInterval:) started.
​✔ Test resultIsAlwaysAtLeastOne(timeRange:samplingInterval:) with 3 test cases passed after 0.001 seconds.
✔ Suite HistoryCapacityTests passed after 0.001 seconds.
◇ Suite CircularBufferTests started.
◇ Test emptyBufferReturnsEmptyElements() started.
✔ Test emptyBufferReturnsEmptyElements() passed after 0.001 seconds.
◇ Test firstSampleBecomesTheOnlyCurrentElement() started.
✔ Test firstSampleBecomesTheOnlyCurrentElement() passed after 0.001 seconds.
◇ Test appendJustBelowCapacityKeepsAllElementsInOrder() started.
✔ Test appendJustBelowCapacityKeepsAllElementsInOrder() passed after 0.001 seconds.
◇ Test appendAtCapacityKeepsAllElementsInOrderWithoutEviction() started.
✔ Test appendAtCapacityKeepsAllElementsInOrderWithoutEviction() passed after 0.001 seconds.
◇ Test appendBeyondCapacityReplacesOnlyTheOldestElement() started.
✔ Test appendBeyondCapacityReplacesOnlyTheOldestElement() passed after 0.001 seconds.
◇ Test consecutiveOverflowsPreserveOldestFirstOrderAcrossWrapAround() started.
✔ Test consecutiveOverflowsPreserveOldestFirstOrderAcrossWrapAround() passed after 0.001 seconds.
◇ Test readingAcrossWrapAroundBoundaryStaysOldestFirst() started.
✔ Test readingAcrossWrapAroundBoundaryStaysOldestFirst() passed after 0.005 seconds.
✔ Suite CircularBufferTests passed after 0.006 seconds.
◇ Suite MonitoringSampleStoreTests started.
◇ Test shortStopPreservesDistinctEpochsWithoutAddingABaselinePoint() started.
2026-10-01 23:30:44.084365+0900 ResourceRunner[4593:45747722] [MonitoringSampleStore] first valid history point collectionEpoch=0 history=1
2026-10-01 23:30:44.084381+0900 ResourceRunner[4593:45748282] [MonitoringSampleStore] history=1 capacity=601
2026-10-01 23:30:44.084389+0900 ResourceRunner[4593:45748294] [MonitoringSampleStore] history=1 capacity=601
2026-10-01 23:30:44.084405+0900 ResourceRunner[4593:45748294] [MonitoringSampleStore] first valid history point collectionEpoch=1 history=2
2026-10-01 23:30:44.084411+0900 ResourceRunner[4593:45748294] [MonitoringSampleStore] history=2 capacity=601
✔ Test shortStopPreservesDistinctEpochsWithoutAddingABaselinePoint() passed after 0.001 seconds.
◇ Test historySurvivesSamplingIntervalChanges() started.
2026-10-01 23:30:44.084553+0900 ResourceRunner[4593:45748294] [MonitoringSampleStore] first valid history point collectionEpoch=0 history=1
2026-10-01 23:30:44.084560+0900 ResourceRunner[4593:45748294] [MonitoringSampleStore] history=3 capacity=601
2026-10-01 23:30:44.084563+0900 ResourceRunner[4593:45748282] [MonitoringSampleStore] history=2 capacity=601
2026-10-01 23:30:44.084565+0900 ResourceRunner[4593:45748294] [MonitoringSampleStore] history=4 capacity=601
2026-10-01 23:30:44.084567+0900 ResourceRunner[4593:45747722] [MonitoringSampleStore] history=1 capacity=601
2026-10-01 23:30:44.084575+0900 ResourceRunner[4593:45747676] [MonitoringSampleStore] history=5 capacity=601
2026-10-01 23:30:44.084577+0900 ResourceRunner[4593:45748282] [MonitoringSampleStore] history=6 capacity=601
2026-10-01 23:30:44.084583+0900 ResourceRunner[4593:45747676] [MonitoringSampleStore] history=7 capacity=601
2026-10-01 23:30:44.084594+0900 ResourceRunner[4593:45748282] [MonitoringSampleStore] history=8 capacity=601
2026-10-01 23:30:44.084601+0900 ResourceRunner[4593:45747722] [MonitoringSampleStore] history=9 capacity=601
2026-10-01 23:30:44.084621+0900 ResourceRunner[4593:45748294] [MonitoringSampleStore] history=10 capacity=601
2026-10-01 23:30:44.084636+0900 ResourceRunner[4593:45747686] [MonitoringSampleStore] history=11 capacity=601
2026-10-01 23:30:44.084639+0900 ResourceRunner[4593:45748291] [MonitoringSampleStore] history=12 capacity=601
2026-10-01 23:30:44.084669+0900 ResourceRunner[4593:45747719] [MonitoringSampleStore] history=17 capacity=601
2026-10-01 23:30:44.084680+0900 ResourceRunner[4593:45747742] [MonitoringSampleStore] history=18 capacity=601
2026-10-01 23:30:44.085243+0900 ResourceRunner[4593:45747676] [MonitoringSampleStore] history=20 capacity=601
2026-10-01 23:30:44.085245+0900 ResourceRunner[4593:45748282] [MonitoringSampleStore] history=21 capacity=601
2026-10-01 23:30:44.085247+0900 ResourceRunner[4593:45747686] [MonitoringSampleStore] history=24 capacity=601
2026-10-01 23:30:44.085247+0900 ResourceRunner[4593:45747722] [MonitoringSampleStore] history=23 capacity=601
2026-10-01 23:30:44.085247+0900 ResourceRunner[4593:45748291] [MonitoringSampleStore] history=25 capacity=601
2026-10-01 23:30:44.084666+0900 ResourceRunner[4593:45747743] [MonitoringSampleStore] history=16 capacity=601
2026-10-01 23:30:44.084646+0900 ResourceRunner[4593:45747717] [MonitoringSampleStore] history=14 capacity=601
2026-10-01 23:30:44.084719+0900 ResourceRunner[4593:45748293] [MonitoringSampleStore] history=19 capacity=601
2026-10-01 23:30:44.085261+0900 ResourceRunner[4593:45747719] [MonitoringSampleStore] history=28 capacity=601
2026-10-01 23:30:44.085249+0900 ResourceRunner[4593:45747676] [MonitoringSampleStore] history=26 capacity=601
2026-10-01 23:30:44.085338+0900 ResourceRunner[4593:45748282] [MonitoringSampleStore] history=29 capacity=601
2026-10-01 23:30:44.085340+0900 ResourceRunner[4593:45747686] [MonitoringSampleStore] history=31 capacity=601
2026-10-01 23:30:44.085341+0900 ResourceRunner[4593:45747722] [MonitoringSampleStore] history=30 capacity=601
2026-10-01 23:30:44.084643+0900 ResourceRunner[4593:45748285] [MonitoringSampleStore] history=13 capacity=601
2026-10-01 23:30:44.085249+0900 ResourceRunner[4593:45747742] [MonitoringSampleStore] history=27 capacity=601
2026-10-01 23:30:44.085349+0900 ResourceRunner[4593:45747717] [MonitoringSampleStore] history=33 capacity=601
2026-10-01 23:30:44.085245+0900 ResourceRunner[4593:45748294] [MonitoringSampleStore] history=22 capacity=601
2026-10-01 23:30:44.085405+0900 ResourceRunner[4593:45748282] [MonitoringSampleStore] history=38 capacity=601
2026-10-01 23:30:44.085409+0900 ResourceRunner[4593:45747722] [MonitoringSampleStore] history=41 capacity=601
2026-10-01 23:30:44.085408+0900 ResourceRunner[4593:45747686] [MonitoringSampleStore] history=39 capacity=601
2026-10-01 23:30:44.085410+0900 ResourceRunner[4593:45747742] [MonitoringSampleStore] history=42 capacity=601
2026-10-01 23:30:44.084647+0900 ResourceRunner[4593:45748284] [MonitoringSampleStore] history=15 capacity=601
2026-10-01 23:30:44.085349+0900 ResourceRunner[4593:45748293] [MonitoringSampleStore] history=34 capacity=601
2026-10-01 23:30:44.085341+0900 ResourceRunner[4593:45748291] [MonitoringSampleStore] history=32 capacity=601
2026-10-01 23:30:44.085412+0900 ResourceRunner[4593:45748294] [MonitoringSampleStore] history=45 capacity=601
2026-10-01 23:30:44.085370+0900 ResourceRunner[4593:45747719] [MonitoringSampleStore] history=36 capacity=601
2026-10-01 23:30:44.085408+0900 ResourceRunner[4593:45748285] [MonitoringSampleStore] history=40 capacity=601
2026-10-01 23:30:44.085471+0900 ResourceRunner[4593:45747742] [MonitoringSampleStore] history=48 capacity=601
2026-10-01 23:30:44.085473+0900 ResourceRunner[4593:45748284] [MonitoringSampleStore] history=49 capacity=601
2026-10-01 23:30:44.085473+0900 ResourceRunner[4593:45748293] [MonitoringSampleStore] history=50 capacity=601
2026-10-01 23:30:44.085473+0900 ResourceRunner[4593:45748291] [MonitoringSampleStore] history=51 capacity=601
2026-10-01 23:30:44.085475+0900 ResourceRunner[4593:45748294] [MonitoringSampleStore] history=52 capacity=601
2026-10-01 23:30:44.085351+0900 ResourceRunner[4593:45747676] [MonitoringSampleStore] history=35 capacity=601
2026-10-01 23:30:44.085410+0900 ResourceRunner[4593:45747717] [MonitoringSampleStore] history=43 capacity=601
2026-10-01 23:30:44.085379+0900 ResourceRunner[4593:45747743] [MonitoringSampleStore] history=37 capacity=601
2026-10-01 23:30:44.085411+0900 ResourceRunner[4593:45748282] [MonitoringSampleStore] history=44 capacity=601
2026-10-01 23:30:44.085477+0900 ResourceRunner[4593:45747742] [MonitoringSampleStore] history=54 capacity=601
2026-10-01 23:30:44.085535+0900 ResourceRunner[4593:45748293] [MonitoringSampleStore] history=57 capacity=601
2026-10-01 23:30:44.085480+0900 ResourceRunner[4593:45748284] [MonitoringSampleStore] history=56 capacity=601
2026-10-01 23:30:44.085538+0900 ResourceRunner[4593:45747676] [MonitoringSampleStore] history=60 capacity=601
2026-10-01 23:30:44.085536+0900 ResourceRunner[4593:45748294] [MonitoringSampleStore] history=58 capacity=601
2026-10-01 23:30:44.085475+0900 ResourceRunner[4593:45747719] [MonitoringSampleStore] history=53 capacity=601
2026-10-01 23:30:44.085541+0900 ResourceRunner[4593:45747717] [MonitoringSampleStore] history=61 capacity=601
2026-10-01 23:30:44.085541+0900 ResourceRunner[4593:45747743] [MonitoringSampleStore] history=62 capacity=601
2026-10-01 23:30:44.085418+0900 ResourceRunner[4593:45747686] [MonitoringSampleStore] history=47 capacity=601
2026-10-01 23:30:44.085418+0900 ResourceRunner[4593:45747722] [MonitoringSampleStore] history=46 capacity=601
2026-10-01 23:30:44.085600+0900 ResourceRunner[4593:45748284] [MonitoringSampleStore] history=66 capacity=601
2026-10-01 23:30:44.085601+0900 ResourceRunner[4593:45747676] [MonitoringSampleStore] history=67 capacity=601
2026-10-01 23:30:44.085602+0900 ResourceRunner[4593:45748294] [MonitoringSampleStore] history=68 capacity=601
2026-10-01 23:30:44.085602+0900 ResourceRunner[4593:45747719] [MonitoringSampleStore] history=69 capacity=601
2026-10-01 23:30:44.085603+0900 ResourceRunner[4593:45747717] [MonitoringSampleStore] history=70 capacity=601
2026-10-01 23:30:44.085477+0900 ResourceRunner[4593:45748285] [MonitoringSampleStore] history=55 capacity=601
2026-10-01 23:30:44.085536+0900 ResourceRunner[4593:45748291] [MonitoringSampleStore] history=59 capacity=601
2026-10-01 23:30:44.085548+0900 ResourceRunner[4593:45748293] [MonitoringSampleStore] history=64 capacity=601
2026-10-01 23:30:44.085604+0900 ResourceRunner[4593:45747743] [MonitoringSampleStore] history=71 capacity=601
2026-10-01 23:30:44.085661+0900 ResourceRunner[4593:45748294] [MonitoringSampleStore] history=76 capacity=601
2026-10-01 23:30:44.085542+0900 ResourceRunner[4593:45748282] [MonitoringSampleStore] history=63 capacity=601
2026-10-01 23:30:44.085575+0900 ResourceRunner[4593:45747742] [MonitoringSampleStore] history=65 capacity=601
2026-10-01 23:30:44.085663+0900 ResourceRunner[4593:45747717] [MonitoringSampleStore] history=77 capacity=601
2026-10-01 23:30:44.085624+0900 ResourceRunner[4593:45747686] [MonitoringSampleStore] history=72 capacity=601
2026-10-01 23:30:44.085612+0900 ResourceRunner[4593:45748284] [MonitoringSampleStore] history=73 capacity=601
2026-10-01 23:30:44.085617+0900 ResourceRunner[4593:45747676] [MonitoringSampleStore] history=75 capacity=601
2026-10-01 23:30:44.085612+0900 ResourceRunner[4593:45747722] [MonitoringSampleStore] history=74 capacity=601
2026-10-01 23:30:44.085663+0900 ResourceRunner[4593:45747719] [MonitoringSampleStore] history=78 capacity=601
2026-10-01 23:30:44.085682+0900 ResourceRunner[4593:45747743] [MonitoringSampleStore] history=80 capacity=601
2026-10-01 23:30:44.085664+0900 ResourceRunner[4593:45748285] [MonitoringSampleStore] history=79 capacity=601
2026-10-01 23:30:44.085708+0900 ResourceRunner[4593:45748282] [MonitoringSampleStore] history=81 capacity=601
2026-10-01 23:30:44.085734+0900 ResourceRunner[4593:45747686] [MonitoringSampleStore] history=82 capacity=601
2026-10-01 23:30:44.085763+0900 ResourceRunner[4593:45747742] [MonitoringSampleStore] history=83 capacity=601
2026-10-01 23:30:44.085790+0900 ResourceRunner[4593:45747686] [MonitoringSampleStore] history=84 capacity=601
2026-10-01 23:30:44.085815+0900 ResourceRunner[4593:45747686] [MonitoringSampleStore] history=85 capacity=601
2026-10-01 23:30:44.085840+0900 ResourceRunner[4593:45747686] [MonitoringSampleStore] history=86 capacity=601
2026-10-01 23:30:44.085866+0900 ResourceRunner[4593:45747686] [MonitoringSampleStore] history=87 capacity=601
2026-10-01 23:30:44.085893+0900 ResourceRunner[4593:45747686] [MonitoringSampleStore] history=88 capacity=601
2026-10-01 23:30:44.085924+0900 ResourceRunner[4593:45747686] [MonitoringSampleStore] history=89 capacity=601
2026-10-01 23:30:44.085947+0900 ResourceRunner[4593:45747686] [MonitoringSampleStore] history=90 capacity=601
2026-10-01 23:30:44.085974+0900 ResourceRunner[4593:45747686] [MonitoringSampleStore] history=91 capacity=601
2026-10-01 23:30:44.086001+0900 ResourceRunner[4593:45747686] [MonitoringSampleStore] history=92 capacity=601
2026-10-01 23:30:44.086029+0900 ResourceRunner[4593:45747686] [MonitoringSampleStore] history=93 capacity=601
2026-10-01 23:30:44.086060+0900 ResourceRunner[4593:45747686] [MonitoringSampleStore] history=94 capacity=601
2026-10-01 23:30:44.086089+0900 ResourceRunner[4593:45747686] [MonitoringSampleStore] history=95 capacity=601
2026-10-01 23:30:44.086116+0900 ResourceRunner[4593:45747686] [MonitoringSampleStore] history=96 capacity=601
2026-10-01 23:30:44.086145+0900 ResourceRunner[4593:45747686] [MonitoringSampleStore] history=97 capacity=601
2026-10-01 23:30:44.086178+0900 ResourceRunner[4593:45747686] [MonitoringSampleStore] history=98 capacity=601
2026-10-01 23:30:44.086211+0900 ResourceRunner[4593:45747686] [MonitoringSampleStore] history=99 capacity=601
2026-10-01 23:30:44.086244+0900 ResourceRunner[4593:45747686] [MonitoringSampleStore] history=100 capacity=601
2026-10-01 23:30:44.086274+0900 ResourceRunner[4593:45747686] [MonitoringSampleStore] history=101 capacity=601
2026-10-01 23:30:44.086307+0900 ResourceRunner[4593:45747686] [MonitoringSampleStore] history=102 capacity=601
2026-10-01 23:30:44.086337+0900 ResourceRunner[4593:45747686] [MonitoringSampleStore] history=103 capacity=601
2026-10-01 23:30:44.086368+0900 ResourceRunner[4593:45747686] [MonitoringSampleStore] history=104 capacity=601
2026-10-01 23:30:44.086399+092026-10-01 23:30:44.086431+0900 ResourceRunner[4593:45747742] [MonitoringSampleStore] history=106 capacity=601
2026-10-01 23:30:44.086501+0900 ResourceRunner[4593:45748285] [MonitoringSampleStore] history=108 capacity=601
2026-10-01 23:30:44.086535+0900 ResourceRunner[4593:45747743] [MonitoringSampleStore] history=109 capacity=601
2026-10-01 23:30:44.086569+0900 ResourceRunner[4593:45747719] [MonitoringSampleStore] history=110 capacity=601
2026-10-01 23:30:44.086605+0900 ResourceRunner[4593:45747717] [MonitoringSampleStore] history=111 capacity=601
2026-10-01 23:30:44.086473+0900 ResourceRunner[4593:45748282] [MonitoringSampleStore] history=107 capacity=601
2026-10-01 23:30:44.086639+0900 ResourceRunner[4593:45747722] [MonitoringSampleStore] history=112 capacity=601
2026-10-01 23:30:44.098310+0900 ResourceRunner[4593:45747743] [MonitoringSampleStore] history=118 capacity=601
2026-10-01 23:30:44.098311+0900 ResourceRunner[4593:45747719] [MonitoringSampleStore] history=119 capacity=601
2026-10-01 23:30:44.098312026-10-01 23:30:44.098311+0900 ResourceRunner[4593:45747717] [MonitoringSampleStore] history=122 capacity=601
2026-10-01 23:30:44.098313+0900 ResourceRunner[4593:45747722] [MonitoringSampleStore] history=124 capacity=601
2026-10-01 23:30:44.086739+0900 ResourceRunner[4593:45748294] [MonitoringSampleStore] history=115 capacity=601
2026-10-01 23:30:44.086778+0900 ResourceRunner[4593:45748291] [MonitoringSampleStore] history=116 capacity=601
2026-10-01 23:30:44.098314+0900 ResourceRunner[4593:45748282] [MonitoringSampleStore] history=123 capacity=601
2026-10-01 23:30:44.086814+0900 ResourceRunner[4593:45748293] [MonitoringSampleStore] history=117 capacity=601
2026-10-01 23:30:44.086673+0900 ResourceRunner[4593:45748284] [MonitoringSampleStore] history=113 capacity=601
2026-10-01 23:30:44.098729+0900 ResourceRunner[4593:45747717] [MonitoringSampleStore] history=127 capacity=601
2026-10-01 23:30:44.098729+0900 ResourceRunner[4593:45747722] [MonitoringSampleStore] history=128 capacity=601
2026-10-01 23:30:44.098730+0900 ResourceRunner[4593:45748294] [MonitoringSampleStore] history=129 capacity=601
2026-10-01 23:30:44.098734+0900 ResourceRunner[4593:45748293] [MonitoringSampleStore] history=132 capacity=601
2026-10-01 23:30:44.086706+0900 ResourceRunner[4593:45747676] [MonitoringSampleStore] history=114 capacity=601
2026-10-01 23:30:44.098732+0900 ResourceRunner[4593:45748291] [MonitoringSampleStore] history=130 capacity=601
00 ResourceRunner[4593:45747686] [MonitoringSampleStore] history=105 capacity=601
2026-10-01 23:30:44.098735+0900 ResourceRunner[4593:45748284] [MonitoringSampleStore] history=133 capacity=601
2026-10-01 23:30:44.098739+0900 ResourceRunner[4593:45747717] [MonitoringSampleStore] history=135 capacity=601
2026-10-01 23:30:44.098738+0900 ResourceRunner[4593:45747722] [MonitoringSampleStore] history=134 capacity=601
2026-10-01 23:30:44.098318+0900 ResourceRunner[4593:45747719] [MonitoringSampleStore] history=126 capacity=601
2+0900 ResourceRunner[4593:45748285] [MonitoringSampleStore] history=121 capacity=601
2026-10-01 23:30:44.098313+0900 ResourceRunner[4593:45747742] [MonitoringSampleStore] history=120 capacity=601
2026-10-01 23:30:44.098732+0900 ResourceRunner[4593:45748282] [MonitoringSampleStore] history=131 capacity=601
2026-10-01 23:30:44.099296+0900 ResourceRunner[4593:45748294] [MonitoringSampleStore] history=137 capacity=601
2026-10-01 23:30:44.099296+0900 ResourceRunner[4593:45748293] [MonitoringSampleStore] history=136 capacity=601
2026-10-01 23:30:44.099299+0900 ResourceRunner[4593:45748284] [MonitoringSampleStore] history=141 capacity=601
2026-10-01 23:30:44.099298+0900 ResourceRunner[4593:45748291] [MonitoringSampleStore] history=138 capacity=601
2026-10-01 23:30:44.099298+0900 ResourceRunner[4593:45747676] [MonitoringSampleStore] history=139 capacity=601
2026-10-01 23:30:44.099408+0900 ResourceRunner[4593:45747742] [MonitoringSampleStore] history=145 capacity=601
2026-10-01 23:30:44.099408+0900 ResourceRunner[4593:45748285] [MonitoringSampleStore] history=146 capacity=601
2026-10-01 23:30:44.099410+0900 ResourceRunner[4593:45748282] [MonitoringSampleStore] history=147 capacity=601
2026-10-01 23:30:44.099327+0900 ResourceRunner[4593:45747717] [MonitoringSampleStore] history=143 capacity=601
2026-10-01 23:30:44.099329+0900 ResourceRunner[4593:45747719] [MonitoringSampleStore] history=144 capacity=601
2026-10-01 23:30:44.099412+0900 ResourceRunner[4593:45748294] [MonitoringSampleStore] history=149 capacity=601
2026-10-01 23:30:44.099305+0900 ResourceRunner[4593:45747722] [MonitoringSampleStore] history=142 capacity=601
2026-10-01 23:30:44.099412+0900 ResourceRunner[4593:45748284] [MonitoringSampleStore] history=148 capacity=601
2026-10-01 23:30:44.099413+0900 ResourceRunner[4593:45748291] [MonitoringSampleStore] history=151 capacity=601
2026-10-01 23:30:44.098317+0900 ResourceRunner[4593:45747743] [MonitoringSampleStore] history=125 capacity=601
2026-10-01 23:30:44.099523+0900 ResourceRunner[4593:45747719] [MonitoringSampleStore] history=157 capacity=601
2026-10-01 23:30:44.099522+0900 ResourceRunner[4593:45747717] [MonitoringSampleStore] history=156 capacity=601
2026-10-01 23:30:44.099413+0900 ResourceRunner[4593:45748293] [MonitoringSampleStore] history=150 capacity=601
2026-10-01 23:30:44.099299+0900 ResourceRunner[4593:45747686] [MonitoringSampleStore] history=140 capacity=601
2026-10-01 23:30:44.099414+0900 ResourceRunner[4593:45748285] [MonitoringSampleStore] history=153 capacity=601
2026-10-01 23:30:44.099415+0900 ResourceRunner[4593:45747676] [MonitoringSampleStore] history=154 capacity=601
2026-10-01 23:30:44.099526+0900 ResourceRunner[4593:45748294] [MonitoringSampleStore] history=158 capacity=601
2026-10-01 23:30:44.099414+0900 ResourceRunner[4593:45747742] [MonitoringSampleStore] history=152 capacity=601
2026-10-01 23:30:44.099604+0900 ResourceRunner[4593:45747717] [MonitoringSampleStore] history=164 capacity=601
2026-10-01 23:30:44.099527+0900 ResourceRunner[4593:45748291] [MonitoringSampleStore] history=161 capacity=601
2026-10-01 23:30:44.099605+0900 ResourceRunner[4593:45748293] [MonitoringSampleStore] history=165 capacity=601
2026-10-01 23:30:44.099529+0900 ResourceRunner[4593:45747743] [MonitoringSampleStore] history=163 capacity=601
2026-10-01 23:30:44.099527+0900 ResourceRunner[4593:45748284] [MonitoringSampleStore] history=160 capacity=601
2026-10-01 23:30:44.099527+0900 ResourceRunner[4593:45747722] [MonitoringSampleStore] history=159 capacity=601
2026-10-01 23:30:44.099605+0900 ResourceRunner[4593:45747686] [MonitoringSampleStore] history=166 capacity=601
2026-10-01 23:30:44.099610+0900 ResourceRunner[4593:45748294] [MonitoringSampleStore] history=169 capacity=601
2026-10-01 23:30:44.099529+0900 ResourceRunner[4593:45747719] [MonitoringSampleStore] history=162 capacity=601
2026-10-01 23:30:44.099610+0900 ResourceRunner[4593:45748285] [MonitoringSampleStore] history=167 capacity=601
2026-10-01 23:30:44.099689+0900 ResourceRunner[4593:45748293] [MonitoringSampleStore] history=173 capacity=601
2026-10-01 23:30:44.099690+0900 ResourceRunner[4593:45747743] [MonitoringSampleStore] history=174 capacity=601
2026-10-01 23:30:44.099611+0900 ResourceRunner[4593:45747742] [MonitoringSampleStore] history=171 capacity=601
2026-10-01 23:30:44.099522+0900 ResourceRunner[4593:45748282] [MonitoringSampleStore] history=155 capacity=601
2026-10-01 23:30:44.099692+0900 ResourceRunner[4593:45748284] [MonitoringSampleStore] history=175 capacity=601
2026-10-01 23:30:44.099694+0900 ResourceRunner[4593:45747722] [MonitoringSampleStore] history=176 capacity=601
2026-10-01 23:30:44.099695+0900 ResourceRunner[4593:45747686] [MonitoringSampleStore] history=177 capacity=601
2026-10-01 23:30:44.099611+0900 ResourceRunner[4593:45747717] [MonitoringSampleStore] history=170 capacity=601
2026-10-01 23:30:44.099699+0900 ResourceRunner[4593:45748285] [MonitoringSampleStore] history=179 capacity=601
2026-10-01 23:30:44.099775+0900 ResourceRunner[4593:45747743] [MonitoringSampleStore] history=182 capacity=601
2026-10-01 23:30:44.099776+0900 ResourceRunner[4593:45747742] [MonitoringSampleStore] history=183 capacity=601
2026-10-01 23:30:44.099778+0900 ResourceRunner[4593:45748282] [MonitoringSampleStore] history=184 capacity=601
2026-10-01 23:30:44.099610+0900 ResourceRunner[4593:45747676] [MonitoringSampleStore] history=168 capacity=601
2026-10-01 23:30:44.099716+0900 ResourceRunner[4593:45748294] [MonitoringSampleStore] history=181 capacity=601
2026-10-01 23:30:44.099779+0900 ResourceRunner[4593:45748284] [MonitoringSampleStore] history=185 capacity=601
2026-10-01 23:30:44.099780+0900 ResourceRunner[4593:45747722] [MonitoringSampleStore] history=186 capacity=601
2026-10-01 23:30:44.099612+0900 ResourceRunner[4593:45748291] [MonitoringSampleStore] history=172 capacity=601
2026-10-01 23:30:44.099780+0900 ResourceRunner[4593:45747686] [MonitoringSampleStore] history=187 capacity=601
2026-10-01 23:30:44.099782+0900 ResourceRunner[4593:45748285] [MonitoringSampleStore] history=190 capacity=601
2026-10-01 23:30:44.099861+0900 ResourceRunner[4593:45748282] [MonitoringSampleStore] history=192 capacity=601
2026-10-01 23:30:44.099862+0900 ResourceRunner[4593:45747676] [MonitoringSampleStore] history=193 capacity=601
2026-10-01 23:30:44.099700+0900 ResourceRunner[4593:45748293] [MonitoringSampleStore] history=180 capacity=601
2026-10-01 23:30:44.099781+0900 ResourceRunner[4593:45747717] [MonitoringSampleStore] history=188 capacity=601
2026-10-01 23:30:44.099699+0900 ResourceRunner[4593:45747719] [MonitoringSampleStore] history=178 capacity=601
2026-10-01 23:30:44.099786+0900 ResourceRunner[4593:45747742] [MonitoringSampleStore] history=191 capacity=601
2026-10-01 23:30:44.099866+0900 ResourceRunner[4593:45747686] [MonitoringSampleStore] history=198 capacity=601
2026-10-01 23:30:44.099862+0900 ResourceRunner[4593:45748294] [MonitoringSampleStore] history=194 capacity=601
2026-10-01 23:30:44.099866+0900 ResourceRunner[4593:45748284] [MonitoringSampleStore] history=196 capacity=601
2026-10-01 23:30:44.099943+0900 ResourceRunner[4593:45747676] [MonitoringSampleStore] history=201 capacity=601
2026-10-01 23:30:44.099944+0900 ResourceRunner[4593:45748293] [MonitoringSampleStore] history=202 capacity=601
2026-10-01 23:30:44.099867+0900 ResourceRunner[4593:45748285] [MonitoringSampleStore] history=199 capacity=601
2026-10-01 23:30:44.099945+0900 ResourceRunner[4593:45747717] [MonitoringSampleStore] history=205 capacity=601
2026-10-01 23:30:44.099781+0900 ResourceRunner[4593:45747743] [MonitoringSampleStore] history=189 capacity=601
2026-10-01 23:30:44.099948+0900 ResourceRunner[4593:45747676] [MonitoringSampleStore] history=208 capacity=601
2026-10-01 23:30:44.099948+0900 ResourceRunner[4593:45748284] [MonitoringSampleStore] history=209 capacity=601
2026-10-01 23:30:44.099866+0900 ResourceRunner[4593:45748291] [MonitoringSampleStore] history=197 capacity=601
2026-10-01 23:30:44.099946+0900 ResourceRunner[4593:45747742] [MonitoringSampleStore] history=207 capacity=601
2026-10-01 23:30:44.100024+0900 ResourceRunner[4593:45748285] [MonitoringSampleStore] history=211 capacity=601
2026-10-01 23:30:44.100022+0900 ResourceRunner[4593:45748293] [MonitoringSampleStore] history=210 capacity=601
2026-10-01 23:30:44.100025+0900 ResourceRunner[4593:45747717] [MonitoringSampleStore] history=212 capacity=601
2026-10-01 23:30:44.099946+0900 ResourceRunner[4593:45748294] [MonitoringSampleStore] history=206 capacity=601
2026-10-01 23:30:44.099867+0900 ResourceRunner[4593:45748282] [MonitoringSampleStore] history=200 capacity=601
2026-10-01 23:30:44.099865+0900 ResourceRunner[4593:45747722] [MonitoringSampleStore] history=195 capacity=601
2026-10-01 23:30:44.099945+0900 ResourceRunner[4593:45747719] [MonitoringSampleStore] history=204 capacity=601
2026-10-01 23:30:44.099945+0900 ResourceRunner[4593:45747686] [MonitoringSampleStore] history=203 capacity=601
2026-10-01 23:30:44.100030+0900 ResourceRunner[4593:45748285] [MonitoringSampleStore] history=217 capacity=601
2026-10-01 23:30:44.100095+0900 ResourceRunner[4593:45748293] [MonitoringSampleStore] history=219 capacity=601
2026-10-01 23:30:44.100095+0900 ResourceRunner[4593:45747717] [MonitoringSampleStore] history=220 capacity=601
2026-10-01 23:30:44.100096+0900 ResourceRunner[4593:45748294] [MonitoringSampleStore] history=221 capacity=601
2026-10-01 23:30:44.100028+0900 ResourceRunner[4593:45747676] [MonitoringSampleStore] history=214 capacity=601
2026-10-01 23:30:44.100101+0900 ResourceRunner[4593:45748293] [MonitoringSampleStore] history=226 capacity=601
2026-10-01 23:30:44.100169+0900 ResourceRunner[4593:45747717] [MonitoringSampleStore] history=228 capacity=601
2026-10-01 23:30:44.100170+0900 ResourceRunner[4593:45748294] [MonitoringSampleStore] history=229 capacity=601
2026-10-01 23:30:44.100030+0900 ResourceRunner[4593:45747742] [MonitoringSampleStore] history=218 capacity=601
2026-10-01 23:30:44.100173+0900 ResourceRunner[4593:45747717] [MonitoringSampleStore] history=230 capacity=601
2026-10-01 23:30:44.100029+0900 ResourceRunner[4593:45748291] [MonitoringSampleStore] history=216 capacity=601
2026-10-01 23:30:44.100174+0900 ResourceRunner[4593:45748293] [MonitoringSampleStore] history=231 capacity=601
2026-10-01 23:30:44.100029+0900 ResourceRunner[4593:45748284] [MonitoringSampleStore] history=215 capacity=601
2026-10-01 23:30:44.100027+0900 ResourceRunner[4593:45747743] [MonitoringSampleStore] history=213 capacity=601
2026-10-01 23:30:44.100174+0900 ResourceRunner[4593:45748294] [MonitoringSampleStore] history=232 capacity=601
2026-10-01 23:30:44.100101+0900 ResourceRunner[4593:45747686] [MonitoringSampleStore] history=225 capacity=601
2026-10-01 23:30:44.100180+0900 ResourceRunner[4593:45747742] [MonitoringSampleStore] history=234 capacity=601
2026-10-01 23:30:44.100182+0900 ResourceRunner[4593:45748291] [MonitoringSampleStore] history=236 capacity=601
2026-10-01 23:30:44.100182+0900 ResourceRunner[4593:45748293] [MonitoringSampleStore] history=237 capacity=601
2026-10-01 23:30:44.100264+0900 ResourceRunner[4593:45747743] [MonitoringSampleStore] history=239 capacity=601
2026-10-01 23:30:44.100174+0900 ResourceRunner[4593:45747676] [MonitoringSampleStore] history=233 capacity=601
2026-10-01 23:30:44.100100+0900 ResourceRunner2026-10-01 23:30:44.100180+0900 ResourceRunner[4593:45747717] [MonitoringSampleStore] history=235 capacity=601
2026-10-01 23:30:44.100264+0900 ResourceRunner[4593:45748284] [MonitoringSampleStore] history=238 capacity=601
2026-10-01 23:30:44.100101+0900 ResourceRunner[4593:45748285] [MonitoringSampleStore] history=227 capacity=601
2026-10-01 23:30:44.100267+0900 ResourceRunner[4593:45748291] [MonitoringSampleStore] history=243 capacity=601
2026-10-01 23:30:44.100271+0900 ResourceRunner[4593:45747743] [MonitoringSampleStore] history=245 capacity=601
2026-10-01 23:30:44.100100+0900 ResourceRunner[4593:45748282] [MonitoringSampleStore] history=222 capacity=601
2026-10-01 23:30:44.100273+0900 ResourceRunner[4593:45747676] [MonitoringSampleStore] history=246 capacity=601
2026-10-01 23:30:44.100267+0900 ResourceRunner[4593:45747742] [MonitoringSampleStore] history=242 capacity=601
2026-10-01 23:30:44.100100+0900 ResourceRunner[4593:45747722] [MonitoringSampleStore] history=223 capacity=601
2026-10-01 23:30:44.100267+0900 ResourceRunner[4593:45747686] [MonitoringSampleStore] history=241 capacity=601
2026-10-01 23:30:44.100367+0900 ResourceRunner[4593:45748282] [MonitoringSampleStore] history=248 capacity=601
2026-10-01 23:30:44.100265+0900 ResourceRunner[4593:45748294] [MonitoringSampleStore] history=240 capacity=601
2026-10-01 23:30:44.100368+0900 ResourceRunner[4593:45747717] [MonitoringSampleStore] history=249 capacity=601
2026-10-01 23:30:44.100268+0900 ResourceRunner[4593:45748293] [MonitoringSampleStore] history=244 capacity=601
2026-10-01 23:30:44.100368+0900 ResourceRunner[4593:45748284] [MonitoringSampleStore] history=250 capacity=601
2026-10-01 23:30:44.100374+0900 ResourceRunner[4593:45747722] [MonitoringSampleStore] history=253 capacity=601
[4593:45747719] [MonitoringSampleStore] history=224 capacity=601
2026-10-01 23:30:44.100369+0900 ResourceRunner[4593:45747742] [MonitoringSampleStore] history=251 capacity=601
2026-10-01 23:30:44.100437+0900 ResourceRunner[4593:45748282] [MonitoringSampleStore] history=257 capacity=601
2026-10-01 23:30:44.100369+0900 ResourceRunner[4593:45747676] [MonitoringSampleStore] history=252 capacity=601
2026-10-01 23:30:44.100367+0900 ResourceRunner[4593:45747743] [MonitoringSampleStore] history=247 capacity=601
2026-10-01 23:30:44.100441+0900 ResourceRunner[4593:45747717] [MonitoringSampleStore] history=259 capacity=601
2026-10-01 23:30:44.100379+0900 ResourceRunner[4593:45748285] [MonitoringSampleStore] history=254 capacity=601
2026-10-01 23:30:44.100444+0900 ResourceRunner[4593:45747742] [MonitoringSampleStore] history=263 capacity=601
2026-10-01 23:30:44.100440+0900 ResourceRunner[4593:45748293] [MonitoringSampleStore] history=260 capacity=601
2026-10-01 23:30:44.100440+0900 ResourceRunner[4593:45748294] [MonitoringSampleStore] history=258 capacity=601
2026-10-01 23:30:44.100492+0900 ResourceRunner[4593:45747676] [MonitoringSampleStore] history=266 capacity=601
2026-10-01 23:30:44.100462+0900 ResourceRunner[4593:45747719] [MonitoringSampleStore] history=264 capacity=601
2026-10-012026-10-01 23:30:44.100442+0900 ResourceRunner[4593:45747722] [MonitoringSampleStore] history=262 capacity=601
2026-10-01 23:30:44.100379+0900 ResourceRunner[4593:45748291] [MonitoringSampleStore] history=255 capacity=601
2026-10-01 23:30:44.100441+0900 ResourceRunner[4593:45748284] [MonitoringSampleStore] history=261 capacity=601
2026-10-01 23:30:44.100498+0900 ResourceRunner[4593:45748293] [MonitoringSampleStore] history=271 capacity=601
2026-10-01 23:30:44.100499+0900 ResourceRunner[4593:45747676] [MonitoringSampleStore] history=273 capacity=601
2026-10-01 23:30:44.100498+0900 ResourceRunner[4593:45748294] [MonitoringSampleStore] history=272 capacity=601
2026-10-01 23:30:44.100437+0900 ResourceRunner[4593:45747686] [MonitoringSampleStore] history=256 capacity=601
2026-10-01 23:30:44.100492+0900 ResourceRunner[4593:45748282] [MonitoringSampleStore] history=265 capacity=601
2026-10-01 23:30:44.100566+0900 ResourceRunner[4593:45748291] [MonitoringSampleStore] history=276 capacity=601
2026-10-01 23:30:44.100567+0900 ResourceRunner[4593:45748293] [MonitoringSampleStore] history=278 capacity=601
2026-10-01 23:30:44.100564+0900 ResourceRunner[4593:45747722] [MonitoringSampleStore] history=275 capacity=601
2026-10-01 23:30:44.100568+0900 ResourceRunner[4593:45747676] [MonitoringSampleStore] history=279 capacity=601
2026-10-01 23:30:44.100495+0900 ResourceRunner[4593:45747717] [MonitoringSampleStore] history=267 capacity=601
2026-10-01 23:30:44.100495+0900 ResourceRunner[4593:45748285] [MonitoringSampleStore] history=269 capacity=601
2026-10-01 23:30:44.100499+0900 ResourceRunner[4593:45747719] [MonitoringSampleStore] history=274 capacity=601
2026-10-01 23:30:44.100574+0900 ResourceRunner[4593:45748291] [MonitoringSampleStore] history=283 capacity=601
2026-10-01 23:30:44.100566+0900 ResourceRunner[4593:45748284] [MonitoringSampleStore] history=277 capacity=601
 23:30:44.100495+0900 ResourceRunner[4593:45747743] [MonitoringSampleStore] history=268 capacity=601
2026-10-01 23:30:44.100625+0900 ResourceRunner[4593:45748293] [MonitoringSampleStore] history=285 capacity=601
2026-10-01 23:30:44.100626+0900 ResourceRunner[4593:45747722] [MonitoringSampleStore] history=284 capacity=601
2026-10-01 23:30:44.100631+0900 ResourceRunner[4593:45748284] [MonitoringSampleStore] history=291 capacity=601
2026-10-01 23:30:44.100568+0900 ResourceRunner[4593:45748294] [MonitoringSampleStore] history=280 capacity=601
2026-10-01 23:30:44.100496+0900 ResourceRunner[4593:45747742] [MonitoringSampleStore] history=270 capacity=601
2026-10-01 23:30:44.100626+0900 ResourceRunner[4593:45747676] [MonitoringSampleStore] history=286 capacity=601
2026-10-01 23:30:44.100573+0900 ResourceRunner[4593:45747686] [MonitoringSampleStore] history=281 capacity=601
2026-10-01 23:30:44.100627+0900 ResourceRunner[4593:45748285] [MonitoringSampleStore] history=287 capacity=601
2026-10-01 23:30:44.100687+0900 ResourceRunner[4593:45748293] [MonitoringSampleStore] history=293 capacity=601
2026-10-01 23:30:44.100688+0900 ResourceRunner[4593:45747722] [MonitoringSampleStore] history=294 capacity=601
2026-10-01 23:30:44.100628+0900 ResourceRunner[4593:45747719] [MonitoringSampleStore] history=289 capacity=601
2026-10-01 23:30:44.100651+0900 ResourceRunner[4593:45747743] [MonitoringSampleStore] history=292 capacity=601
2026-10-01 23:30:44.100573+0900 ResourceRunner[4593:45748282] [MonitoringSampleStore] history=282 capacity=601
2026-10-01 23:30:44.100629+0900 ResourceRunner[4593:45748291] [MonitoringSampleStore] history=290 capacity=601
2026-10-01 23:30:44.100691+0900 ResourceRunner[4593:45748294] [MonitoringSampleStore] history=295 capacity=601
2026-10-01 23:30:44.100692+0900 ResourceRunner[4593:45747742] [MonitoringSampleStore] history=297 capacity=601
2026-10-01 23:30:44.100695+0900 ResourceRunner[4593:45748285] [MonitoringSampleStore] history=301 capacity=601
2026-10-01 23:30:44.100754+0900 ResourceRunner[4593:45747722] [MonitoringSampleStore] history=302 capacity=601
2026-10-01 23:30:44.100693+0900 ResourceRunner[4593:45747676] [MonitoringSampleStore] history=298 capacity=601
2026-10-01 23:30:44.100628+0900 ResourceRunner[4593:45747717] [MonitoringSampleStore] history=288 capacity=601
2026-10-01 23:30:44.100760+0900 ResourceRunner[4593:45748294] [MonitoringSampleStore] history=303 capacity=601
2026-10-01 23:30:44.100761+0900 ResourceRunner[4593:45747742] [MonitoringSampleStore] history=305 capacity=601
2026-10-01 23:30:44.100694+0900 ResourceRunner[4593:45748293] [MonitoringSampleStore] history=300 capacity=601
2026-10-01 23:30:44.100694+0900 ResourceRunner[4593:45747686] [MonitoringSampleStore] history=299 capacity=601
2026-10-01 23:30:44.100691+0900 ResourceRunner[4593:45748284] [MonitoringSampleStore] history=296 capacity=601
2026-10-01 23:30:44.100761+0900 ResourceRunner[4593:45747743] [MonitoringSampleStore] history=306 capacity=601
2026-10-01 23:30:44.100806+0900 ResourceRunner[4593:45747676] [MonitoringSampleStore] history=311 capacity=601
2026-10-01 23:30:44.100806+0900 ResourceRunner[4593:45747717] [MonitoringSampleStore] history=312 capacity=601
2026-10-01 23:30:44.100811+0900 ResourceRunner[4593:45748294] [MonitoringSampleStore] history=313 capacity=601
2026-10-01 23:30:44.100812+0900 ResourceRunner[4593:45747742] [MonitoringSampleStore] history=314 capacity=601
2026-10-01 23:30:44.100814+0900 ResourceRunner[4593:45748293] [MonitoringSampleStore] history=315 capacity=601
2026-10-01 23:30:44.100814+0900 ResourceRunner[4593:45747686] [MonitoringSampleStore] history=316 capacity=601
2026-10-01 23:30:44.100760+0900 ResourceRunner[4593:45747719] [MonitoringSampleStore] history=304 capacity=601
2026-10-01 23:30:44.100770+0900 ResourceRunner[4593:45748282] [MonitoringSampleStore] history=309 capacity=601
2026-10-01 23:30:44.100761+0900 ResourceRunner[4593:45748285] [MonitoringSampleStore] history=307 capacity=601
2026-10-01 23:30:44.100770+0900 ResourceRunner[4593:45748291] [MonitoringSampleStore] history=310 capacity=601
2026-10-01 23:30:44.100869+0900 ResourceRunner[4593:45747742] [MonitoringSampleStore] history=321 capacity=601
2026-10-01 23:30:44.100815+0900 ResourceRunner[4593:45747676] [MonitoringSampleStore] history=319 capacity=601
2026-10-01 23:30:44.100815+0900 ResourceRunner[4593:45747743] [MonitoringSampleStore] history=318 capacity=601
2026-10-01 23:30:44.100872+0900 ResourceRunner[4593:45747686] [MonitoringSampleStore] history=323 capacity=601
2026-10-01 23:30:44.100918+0900 ResourceRunner[4593:45747676] [MonitoringSampleStore] history=330 capacity=601
2026-10-01 23:30:44.100815+0900 ResourceRunner[4593:45747717] [MonitoringSampleStore] history=320 capacity=601
2026-10-01 23:30:44.100873+0900 ResourceRunner[4593:45747719] [MonitoringSampleStore] history=325 capacity=601
2026-10-01 23:30:44.100762+0900 ResourceRunner[4593:45747722] [MonitoringSampleStore] history=308 capacity=601
2026-10-01 23:30:44.100814+0900 ResourceRunner[4593:45748284] [MonitoringSampleStore] history=317 capacity=601
2026-10-01 23:30:44.100919+0900 ResourceRunner[4593:45747743] [MonitoringSampleStore] history=331 capacity=601
2026-10-01 23:30:44.100869+0900 ResourceRunner[4593:45748294] [MonitoringSampleStore] history=322 capacity=601
2026-10-01 23:30:44.100923+0900 ResourceRunner[4593:45747676] [MonitoringSampleStore] history=332 capacity=601
2026-10-01 23:30:44.100924+0900 ResourceRunner[4593:45747686] [MonitoringSampleStore] history=333 capacity=601
2026-10-01 23:30:44.100925+0900 ResourceRunner[4593:45747717] [MonitoringSampleStore] history=334 capacity=601
2026-10-01 23:30:44.100926+0900 ResourceRunner[4593:45747719] [MonitoringSampleStore] history=335 capacity=601
2026-10-01 23:30:44.100927+0900 ResourceRunner[4593:45747722] [MonitoringSampleStore] history=336 capacity=601
2026-10-01 23:30:44.100927+0900 ResourceRunner[4593:45748284] [MonitoringSampleStore] history=337 capacity=601
2026-10-01 23:30:44.100872+0900 ResourceRunner[4593:45748293] [MonitoringSampleStore] history=324 capacity=601
2026-10-01 23:30:44.100983+0900 ResourceRunner[4593:45747676] [MonitoringSampleStore] history=339 capacity=601
2026-10-01 23:30:44.100983+0900 ResourceRunner[4593:45748294] [MonitoringSampleStore] history=340 capacity=601
2026-10-01 23:30:44.100875+0900 ResourceRunner[4593:45748285] [MonitoringSampleStore] history=327 capacity=601
2026-10-01 23:30:44.100875+0900 ResourceRunner[4593:45747742] [MonitoringSampleStore] history=329 capacity=601
2026-10-01 23:30:44.100987+0900 ResourceRunner[4593:45747719] [MonitoringSampleStore] history=343 capacity=601
2026-10-01 23:30:44.100987+0900 ResourceRunner[4593:45747722] [MonitoringSampleStore] history=344 capacity=601
2026-10-01 23:30:44.100989+0900 ResourceRunner[4593:45748293] [MonitoringSampleStore] history=347 capacity=601
2026-10-01 23:30:44.100985+0900 ResourceRunner[4593:45747686] [MonitoringSampleStore] history=341 capacity=601
2026-10-01 23:30:44.100873+0900 ResourceRunner[4593:45748282] [MonitoringSampleStore] history=326 capacity=601
2026-10-01 23:30:44.100988+0900 ResourceRunner[4593:45748284] [MonitoringSampleStore] history=345 capacity=601
2026-10-01 23:30:44.100927+0900 ResourceRunner[4593:45747743] [MonitoringSampleStore] history=338 capacity=601
2026-10-01 23:30:44.101045+0900 ResourceRunner[4593:45748294] [MonitoringSampleStore] history=348 capacity=601
2026-10-01 23:30:44.100875+0900 ResourceRunner[4593:45748291] [MonitoringSampleStore] history=328 capacity=601
2026-10-01 23:30:44.101048+0900 ResourceRunner[4593:45748285] [MonitoringSampleStore] history=349 capacity=601
2026-10-01 23:30:44.100989+0900 ResourceRunner[4593:45747676] [MonitoringSampleStore] history=346 capacity=601
2026-10-01 23:30:44.100986+0900 ResourceRunner[4593:45747717] [MonitoringSampleStore] history=342 capacity=601
2026-10-01 23:30:44.101049+0900 ResourceRunner[4593:45747742] [MonitoringSampleStore] history=350 capacity=601
2026-10-01 23:30:44.101049+0900 ResourceRunner[4593:45747719] [MonitoringSampleStore] history=351 capacity=601
2026-10-01 23:30:44.101377+0900 ResourceRunner[4593:45747686] [MonitoringSampleStore] history=355 capacity=601
2026-10-01 23:30:44.101655+0900 ResourceRunner[4593:45748294] [MonitoringSampleStore] history=358 capacity=601
2026-10-01 23:30:44.101559+0900 ResourceRunner[4593:45748293] [MonitoringSampleStore] history=357 capacity=601
2026-10-01 23:30:44.101472+0900 ResourceRunner[4593:45747722] [MonitoringSampleStore] history=356 capacity=601
2026-10-01 23:30:44.101192+0900 ResourceRunner[4593:45748282] [MonitoringSampleStore] history=353 capacity=601
2026-10-01 23:30:44.101098+0900 ResourceRunner[4593:45747743] [MonitoringSampleStore] history=352 capacity=601
2026-10-01 23:30:44.101285+0900 ResourceRunner[4593:45748284] [MonitoringSampleStore] history=354 capacity=601
2026-10-01 23:30:44.101746+0900 ResourceRunner[4593:45748284] [MonitoringSampleStore] history=359 capacity=601
2026-10-01 23:30:44.101835+0900 ResourceRunner[4593:45748284] [MonitoringSampleStore] history=360 capacity=601
2026-10-01 23:30:44.101926+0900 ResourceRunner[4593:45748284] [MonitoringSampleStore] history=361 capacity=601
2026-10-01 23:30:44.102016+0900 ResourceRunner[4593:45748284] [MonitoringSampleStore] history=362 capacity=601
2026-10-01 23:30:44.102106+0900 ResourceRunner[4593:45748284] [MonitoringSampleStore] history=363 capacity=601
2026-10-01 23:30:44.102197+0900 ResourceRunner[4593:45748284] [MonitoringSampleStore] history=364 capacity=601
2026-10-01 23:30:44.102292+0900 ResourceRunner[4593:45748284] [MonitoringSampleStore] history=365 capacity=601
2026-10-01 23:30:44.102383+0900 ResourceRunner[4593:45748284] [MonitoringSampleStore] history=366 capacity=601
2026-10-01 23:30:44.102475+0900 ResourceRunner[4593:45748284] [MonitoringSampleStore] history=367 capacity=601
2026-10-01 23:30:44.102568+0900 ResourceRunner[4593:45748284] [MonitoringSampleStore] history=368 capacity=601
2026-10-01 23:30:44.102660+0900 ResourceRunner[4593:45748284] [MonitoringSampleStore] history=369 capacity=601
2026-10-01 23:30:44.102754+0900 ResourceRunner[4593:45748284] [MonitoringSampleStore] history=370 capacity=601
2026-10-01 23:30:44.102849+0900 ResourceRunner[4593:45748284] [MonitoringSampleStore] history=371 capacity=601
2026-10-01 23:30:44.102945+0900 ResourceRunner[4593:45748284] [MonitoringSampleStore] history=372 capacity=601
2026-10-01 23:30:44.103041+0900 ResourceRunner[4593:45748284] [MonitoringSampleStore] history=373 capacity=601
2026-10-01 23:30:44.103133+0900 ResourceRunner[4593:45748284] [MonitoringSampleStore] history=374 capacity=601
2026-10-01 23:30:44.103230+0900 ResourceRunner[4593:45748284] [MonitoringSampleStore] history=375 capacity=601
2026-10-01 23:30:44.103326+0900 ResourceRunner[4593:45748284] [MonitoringSampleStore] history=376 capacity=601
2026-10-01 23:30:44.103421+0900 ResourceRunner[4593:45748284] [MonitoringSampleStore] history=377 capacity=601
2026-10-01 23:30:44.103515+0900 ResourceRunner[4593:45748284] [MonitoringSampleStore] history=378 capacity=601
2026-10-01 23:30:44.103613+0900 ResourceRunner[4593:45748284] [MonitoringSampleStore] history=379 capacity=601
2026-10-01 23:30:44.103708+0900 ResourceRunner[4593:45748284] [MonitoringSampleStore] history=380 capacity=601
2026-10-01 23:30:44.103802+0900 ResourceRunner[4593:45748284] [MonitoringSampleStore] history=381 capacity=601
2026-10-01 23:30:44.103897+0900 ResourceRunner[4593:45748284] [MonitoringSampleStore] history=382 capacity=601
2026-10-01 23:30:44.103995+0900 ResourceRunner[4593:45748284] [MonitoringSampleStore] history=383 capacity=601
2026-10-01 23:30:44.104090+0900 ResourceRunner[4593:45748284] [MonitoringSampleStore] history=384 capacity=601
2026-10-01 23:30:44.104185+0900 ResourceRunner[4593:45748284] [MonitoringSampleStore] history=385 capacity=601
2026-10-01 23:30:44.104285+0900 ResourceRunner[4593:45748284] [MonitoringSampleStore] history=386 capacity=601
2026-10-01 23:30:44.104380+0900 ResourceRunner[4593:45748284] [MonitoringSampleStore] history=387 capacity=601
2026-10-01 23:30:44.104475+0900 ResourceRunner[4593:45748284] [MonitoringSampleStore] history=388 capacity=601
2026-10-01 23:30:44.104570+0900 ResourceRunner[4593:45748284] [MonitoringSampleStore] history=389 capacity=601
2026-10-01 23:30:44.104665+0900 ResourceRunner[4593:45748284] [MonitoringSampleStore] history=390 capacity=601
2026-10-01 23:30:44.104761+0900 ResourceRunner[4593:45748284] [MonitoringSampleStore] history=391 capacity=601
2026-10-01 23:30:44.104857+0900 ResourceRunner[4593:45748284] [MonitoringSampleStore] history=392 capacity=601
2026-10-01 23:30:44.104953+0900 ResourceRunner[4593:45748284] [MonitoringSampleStore] history=393 capacity=601
2026-10-01 23:30:44.105050+0900 ResourceRunner[4593:45748284] [MonitoringSampleStore] history=394 capacity=601
2026-10-01 23:30:44.105146+0900 ResourceRunner[4593:45748284] [MonitoringSampleStore] history=395 capacity=601
2026-10-01 23:30:44.105248+0900 ResourceRunner[4593:45748284] [MonitoringSampleStore] history=396 capacity=601
2026-10-01 23:30:44.105344+0900 ResourceRunner[4593:45748284] [MonitoringSampleStore] history=397 capacity=601
2026-10-01 23:30:44.105461+0900 ResourceRunner[4593:45748284] [MonitoringSampleStore] history=398 capacity=601
2026-10-01 23:30:44.105564+0900 ResourceRunner[4593:45748284] [MonitoringSampleStore] history=399 capacity=601
2026-10-01 23:30:44.105663+0900 ResourceRunner[4593:45748284] [MonitoringSampleStore] history=400 capacity=601
2026-10-01 23:30:44.105898+0900 ResourceRunner[4593:45748284] [MonitoringScheduler] apply axis=SilentSystemMetricsSampleSource schedule=running(2.0 seconds) generation=1 collectionEpoch=0 appendedTotal=0
2026-10-01 23:30:44.105913+0900 ResourceRunner[4593:45747722] [MonitoringScheduler] apply axis=SilentSystemMetricsSampleSource schedule=paused generation=3 collectionEpoch=1 appendedTotal=0
2026-10-01 23:30:44.105915+0900 ResourceRunner[4593:45748282] [MonitoringScheduler] apply axis=SilentSystemMetricsSampleSource schedule=running(5.0 seconds) generation=2 collectionEpoch=0 appendedTotal=0
✔ Test historySurvivesSamplingIntervalChanges() passed after 0.021 seconds.
◇ Test onlyTicksWithBothCPUUsageAndSwapEnterHistory() started.
2026-10-01 23:30:44.106162+0900 ResourceRunner[4593:45747722] [MonitoringSampleStore] first valid history point collectionEpoch=0 history=1
2026-10-01 23:30:44.106175+0900 ResourceRunner[4593:45747722] [MonitoringSampleStore] history=1 capacity=601
2026-10-01 23:30:44.106176+0900 ResourceRunner[4593:45747743] [MonitoringSampleStore] history=1 capacity=601
2026-10-01 23:30:44.106178+0900 ResourceRunner[4593:45747722] [MonitoringSampleStore] history=1 capacity=601
2026-10-01 23:30:44.106181+0900 ResourceRunner[4593:45747722] [MonitoringSampleStore] history=2 capacity=601
2026-10-01 23:30:44.106184+0900 ResourceRunner[4593:45748284] [MonitoringSampleStore] history=1 capacity=601
✔ Test onlyTicksWithBothCPUUsageAndSwapEnterHistory() passed after 0.001 seconds.
◇ Test historyPointCarriesUserRatioAlongsideOverallUsage() started.
2026-10-01 23:30:44.106298+0900 ResourceRunner[4593:45748284] [MonitoringSampleStore] first valid history point collectionEpoch=0 history=1
2026-10-01 23:30:44.106304+0900 ResourceRunner[4593:45748284] [MonitoringSampleStore] history=1 capacity=601
2026-10-01 23:30:44.106308+0900 ResourceRunner[4593:45748284] [MonitoringSampleStore] history=2 capacity=601
✔ Test historyPointCarriesUserRatioAlongsideOverallUsage() passed after 0.001 seconds.
◇ Test latestSnapshotIsReplacedEvenByTicksWithoutHistoryEntry() started.
2026-10-01 23:30:44.106431+0900 ResourceRunner[4593:45747722] [MonitoringSampleStore] first valid history point collectionEpoch=0 history=1
2026-10-01 23:30:44.106436+0900 ResourceRunner[4593:45747722] [MonitoringSampleStore] history=1 capacity=601
2026-10-01 23:30:44.106439+0900 ResourceRunner[4593:45747722] [MonitoringSampleStore] history=1 capacity=601
✔ Test latestSnapshotIsReplacedEvenByTicksWithoutHistoryEntry() passed after 0.001 seconds.
◇ Test displayValueSelectsOnlyTheTenMinuteWindowFromLatestSampleTime() started.
2026-10-01 23:30:44.106537+0900 ResourceRunner[4593:45747743] [MonitoringSampleStore] first valid history point collectionEpoch=0 history=1
2026-10-01 23:30:44.106552+0900 ResourceRunner[4593:45748284] [MonitoringSampleStore] history=1 capacity=601
✔ Test displayValueSelectsOnlyTheTenMinuteWindowFromLatestSampleTime() passed after 0.001 seconds.
2026-10-01 23:30:44.106558+0900 ResourceRunner[4593:45747722] [MonitoringSampleStore] history=2 capacity=601
2026-10-01 23:30:44.106572+0900 ResourceRunner[4593:45748291] [MonitoringSampleStore] history=3 capacity=601
2026-10-01 23:30:44.106581+0900 ResourceRunner[4593:45747676] [MonitoringSampleStore] history=4 capacity=601
◇ Test exceedingCapacityReplacesOnlyTheOldestEntry() started.
2026-10-01 23:30:44.107280+0900 ResourceRunner[4593:45747722] [MonitoringSampleStore] first valid history point collectionEpoch=0 history=1
2026-10-01 23:30:44.107284+0900 ResourceRunner[4593:45747743] [MonitoringSampleStore] history=2 capacity=601
2026-10-01 23:30:44.107288+0900 ResourceRunner[4593:45747722] [MonitoringSampleStore] history=3 capacity=601
2026-10-01 23:30:44.107288+0900 ResourceRunner[4593:45747676] [MonitoringSampleStore] history=1 capacity=601
2026-10-01 23:30:44.107301+0900 ResourceRunner[4593:45747676] [MonitoringSampleStore] history=4 capacity=601
2026-10-01 23:30:44.107307+0900 ResourceRunner[4593:45747676] [MonitoringSampleStore] history=5 capacity=601
2026-10-01 23:30:44.107310+0900 ResourceRunner[4593:45747676] [MonitoringSampleStore] history=6 capacity=601
2026-10-01 23:30:44.107332+0900 ResourceRunner[4593:45747722] [MonitoringSampleStore] history=7 capacity=601
2026-10-01 23:30:44.107342+0900 ResourceRunner[4593:45747722] [MonitoringSampleStore] history=8 capacity=601
2026-10-01 23:30:44.107346+0900 ResourceRunner[4593:45747743] [MonitoringSampleStore] history=9 capacity=601
2026-10-01 23:30:44.107349+0900 ResourceRunner[4593:45747722] [MonitoringSampleStore] history=10 capacity=601
2026-10-01 23:30:44.107351+0900 ResourceRunner[4593:45747743] [MonitoringSampleStore] history=11 capacity=601
2026-10-01 23:30:44.107355+0900 ResourceRunner[4593:45747743] [MonitoringSampleStore] history=12 capacity=601
2026-10-01 23:30:44.107367+0900 ResourceRunner[4593:45748282] [MonitoringSampleStore] history=13 capacity=601
2026-10-01 23:30:44.107381+0900 ResourceRunner[4593:45748282] [MonitoringSampleStore] history=14 capacity=601
2026-10-01 23:30:44.107385+0900 ResourceRunner[4593:45748284] [MonitoringSampleStore] history=15 capacity=601
2026-10-01 23:30:44.107390+0900 ResourceRunner[4593:45748284] [MonitoringSampleStore] history=16 capacity=601
2026-10-01 23:30:44.107404+0900 ResourceRunner[4593:45748284] [MonitoringSampleStore] history=17 capacity=601
2026-10-01 23:30:44.107410+0900 ResourceRunner[4593:45748284] [MonitoringSampleStore] history=18 capacity=601
2026-10-01 23:30:44.107425+0900 ResourceRunner[4593:45748284] [MonitoringSampleStore] history=19 capacity=601
2026-10-01 23:30:44.107431+0900 ResourceRunner[4593:45748284] [MonitoringSampleStore] history=20 capacity=601
2026-10-01 23:30:44.107441+0900 ResourceRunner[4593:45748284] [MonitoringSampleStore] history=21 capacity=601
2026-10-01 23:30:44.107458+0900 ResourceRunner[4593:45748284] [MonitoringSampleStore] history=22 capacity=601
2026-10-01 23:30:44.107462+0900 ResourceRunner[4593:45748291] [MonitoringSampleStore] history=23 capacity=601
2026-10-01 23:30:44.107473+0900 ResourceRunner[4593:45748282] [MonitoringSampleStore] history=24 capacity=601
2026-10-01 23:30:44.107484+0900 ResourceRunner[4593:45748291] [MonitoringSampleStore] history=25 capacity=601
2026-10-01 23:30:44.107495+0900 ResourceRunner[4593:45748291] [MonitoringSampleStore] history=26 capacity=601
2026-10-01 23:30:44.107506+0900 ResourceRunner[4593:45748291] [MonitoringSampleStore] history=27 capacity=601
2026-10-01 23:30:44.107516+0900 ResourceRunner[4593:45748291] [MonitoringSampleStore] history=28 capacity=601
2026-10-01 23:30:44.107528+0900 ResourceRunner[4593:45748291] [MonitoringSampleStore] history=29 capacity=601
2026-10-01 23:30:44.107541+0900 ResourceRunner[4593:45748291] [MonitoringSampleStore] history=30 capacity=601
2026-10-01 23:30:44.107551+0900 ResourceRunner[4593:45748291] [MonitoringSampleStore] history=31 capacity=601
2026-10-01 23:30:44.107564+0900 ResourceRunner[4593:45748291] [MonitoringSampleStore] history=32 capacity=601
2026-10-01 23:30:44.107576+0900 ResourceRunner[4593:45748291] [MonitoringSampleStore] history=33 capacity=601
2026-10-01 23:30:44.107589+0900 ResourceRunner[4593:45748291] [MonitoringSampleStore] history=34 capacity=601
2026-10-01 23:30:44.107602+0900 ResourceRunner[4593:45748291] [MonitoringSampleStore] history=35 capacity=601
2026-10-01 23:30:44.107615+0900 ResourceRunner[4593:45748291] [MonitoringSampleStore] history=36 capacity=601
2026-10-01 23:30:44.107630+0900 ResourceRunner[4593:45748291] [MonitoringSampleStore] history=37 capacity=601
2026-10-01 23:30:44.107643+0900 ResourceRunner[4593:45748291] [MonitoringSampleStore] history=38 capacity=601
2026-10-01 23:30:44.107657+0900 ResourceRunner[4593:45748291] [MonitoringSampleStore] history=39 capacity=601
2026-10-01 23:30:44.107671+0900 ResourceRunner[4593:45748291] [MonitoringSampleStore] history=40 capacity=601
2026-10-01 23:30:44.107686+0900 ResourceRunner[4593:45748291] [MonitoringSampleStore] history=41 capacity=601
2026-10-01 23:30:44.107701+0900 ResourceRunner[4593:45748291] [MonitoringSampleStore] history=42 capacity=601
2026-10-01 23:30:44.107716+0900 ResourceRunner[4593:45748291] [MonitoringSampleStore] history=43 capacity=601
2026-10-01 23:30:44.107732+0900 ResourceRunner[4593:45748291] [MonitoringSampleStore] history=44 capacity=601
2026-10-01 23:30:44.107747+0900 ResourceRunner[4593:45748291] [MonitoringSampleStore] history=45 capacity=601
2026-10-01 23:30:44.107763+0900 ResourceRunner[4593:45748291] [MonitoringSampleStore] history=46 capacity=601
2026-10-01 23:30:44.107779+0900 ResourceRunner[4593:45748291] [MonitoringSampleStore] history=47 capacity=601
2026-10-01 23:30:44.107796+0900 ResourceRunner[4593:45748291] [MonitoringSampleStore] history=48 capacity=601
2026-10-01 23:30:44.107812+0900 ResourceRunner[4593:45748291] [MonitoringSampleStore] history=49 capacity=601
2026-10-01 23:30:44.107829+0900 ResourceRunner[4593:45748291] [MonitoringSampleStore] history=50 capacity=601
2026-10-01 23:30:44.107846+0900 ResourceRunner[4593:45748291] [MonitoringSampleStore] history=51 capacity=601
2026-10-01 23:30:44.107866+0900 ResourceRunner[4593:45748291] [MonitoringSampleStore] history=52 capacity=601
2026-10-01 23:30:44.107884+0900 ResourceRunner[4593:45748291] [MonitoringSampleStore] history=53 capacity=601
2026-10-01 23:30:44.107902+0900 ResourceRunner[4593:45748291] [MonitoringSampleStore] history=54 capacity=601
2026-10-01 23:30:44.107920+0900 ResourceRunner[4593:45748291] [MonitoringSampleStore] history=55 capacity=601
2026-10-01 23:30:44.107943+0900 ResourceRunner[4593:45748291] [MonitoringSampleStore] history=56 capacity=601
2026-10-01 23:30:44.107962+0900 ResourceRunner[4593:45748291] [MonitoringSampleStore] history=57 capacity=601
2026-10-01 23:30:44.107982+0900 ResourceRunner[4593:45748291] [MonitoringSampleStore] history=58 capacity=601
2026-10-01 23:30:44.108000+0900 ResourceRunner[4593:45748291] [MonitoringSampleStore] history=59 capacity=601
2026-10-01 23:30:44.108020+0900 ResourceRunner[4593:45748291] [MonitoringSampleStore] history=60 capacity=601
2026-10-01 23:30:44.108039+0900 ResourceRunner[4593:45748291] [MonitoringSampleStore] history=61 capacity=601
2026-10-01 23:30:44.108060+0900 ResourceRunner[4593:45748291] [MonitoringSampleStore] history=62 capacity=601
2026-10-01 23:30:44.108083+0900 ResourceRunner[4593:45748291] [MonitoringSampleStore] history=63 capacity=601
2026-10-01 23:30:44.108104+0900 ResourceRunner[4593:45748291] [MonitoringSampleStore] history=64 capacity=601
2026-10-01 23:30:44.108124+0900 ResourceRunner[4593:45748291] [MonitoringSampleStore] history=65 capacity=601
2026-10-01 23:30:44.108145+0900 ResourceRunner[4593:45748291] [MonitoringSampleStore] history=66 capacity=601
2026-10-01 23:30:44.108170+0900 ResourceRunner[4593:45748291] [MonitoringSampleStore] history=67 capacity=601
2026-10-01 23:30:44.108194+0900 ResourceRunner[4593:45748291] [MonitoringSampleStore] history=68 capacity=601
2026-10-01 23:30:44.108216+0900 ResourceRunner[4593:45748291] [MonitoringSampleStore] history=69 capacity=601
2026-10-01 23:30:44.108238+0900 ResourceRunner[4593:45748291] [MonitoringSampleStore] history=70 capacity=601
2026-10-01 23:30:44.108260+0900 ResourceRunner[4593:45748291] [MonitoringSampleStore] history=71 capacity=601
2026-10-01 23:30:44.108282+0900 ResourceRunner[4593:45748291] [MonitoringSampleStore] history=72 capacity=601
2026-10-01 23:30:44.108305+0900 ResourceRunner[4593:45748291] [MonitoringSampleStore] history=73 capacity=601
2026-10-01 23:30:44.108328+0900 ResourceRunner[4593:45748291] [MonitoringSampleStore] history=74 capacity=601
2026-10-01 23:30:44.108352+0900 ResourceRunner[4593:45748291] [MonitoringSampleStore] history=75 capacity=601
2026-10-01 23:30:44.108376+0900 ResourceRunner[4593:45748291] [MonitoringSampleStore] history=76 capacity=601
2026-10-01 23:30:44.108402+0900 ResourceRunner[4593:45748291] [MonitoringSampleStore] history=77 capacity=601
2026-10-01 23:30:44.108426+0900 ResourceRunner[4593:45748291] [MonitoringSampleStore] history=78 capacity=601
2026-10-01 23:30:44.108450+0900 ResourceRunner[4593:45748291] [MonitoringSampleStore] history=79 capacity=601
2026-10-01 23:30:44.108474+0900 ResourceRunner[4593:45748291] [MonitoringSampleStore] history=80 capacity=601
2026-10-01 23:30:44.108499+0900 ResourceRunner[4593:45748291] [MonitoringSampleStore] history=81 capacity=601
2026-10-01 23:30:44.108524+0900 ResourceRunner[4593:45748291] [MonitoringSampleStore] history=82 capacity=601
2026-10-01 23:30:44.108550+0900 ResourceRunner[4593:45748291] [MonitoringSampleStore] history=83 capacity=601
2026-10-01 23:30:44.108576+0900 ResourceRunner[4593:45748291] [MonitoringSampleStore] history=84 capacity=601
2026-10-01 23:30:44.108602+0900 ResourceRunner[4593:45748291] [MonitoringSampleStore] history=85 capacity=601
2026-10-01 23:30:44.108629+0900 ResourceRunner[4593:45748291] [MonitoringSampleStore] history=86 capacity=601
2026-10-01 23:30:44.108655+0900 ResourceRunner[4593:45748291] [MonitoringSampleStore] history=87 capacity=601
2026-10-01 23:30:44.108682+0900 ResourceRunner[4593:45748291] [MonitoringSampleStore] history=88 capacity=601
2026-10-01 23:30:44.108709+0900 ResourceRunner[4593:45748291] [MonitoringSampleStore] history=89 capacity=601
2026-10-01 23:30:44.108736+0900 ResourceRunner[4593:45748291] [MonitoringSampleStore] history=90 capacity=601
2026-10-01 23:30:44.108764+0900 Re2026-10-01 23:30:44.108857+0900 ResourceRunner[4593:45747743] [MonitoringSampleStore] history=94 capacity=601
2026-10-01 23:30:44.108893+0900 ResourceRunner[4593:45747722] [MonitoringSampleStore] history=95 capacity=601
2026-10-01 23:30:44.108960+0900 ResourceRunner[4593:45747675] [MonitoringSampleStore] history=97 capacity=601
2026-10-01 23:30:44.108926+0900 ResourceRunner[4593:45747676] [MonitoringSampleStore] history=96 capacity=601
2026-10-01 23:30:44.108997+0900 ResourceRunner[4593:45748285] [MonitoringSampleStore] history=98 capacity=601
2026-10-01 23:30:44.109035+0900 ResourceRunner[4593:45747742] [MonitoringSampleStore] history=99 capacity=601
2026-10-01 23:30:44.108822+0900 ResourceRunner[4593:45748284] [MonitoringSampleStore] history=93 capacity=601
2026-10-01 23:30:44.108792+0900 ResourceRunner[4593:45748282] [MonitoringSampleStore] history=92 capacity=601
2026-10-01 23:30:44.112244+0900 ResourceRunner[4593:45747743] [MonitoringSampleStore] history=105 capacity=601
2026-10-01 23:30:44.112244+0900 ResourceRunner[4593:45747675] [MonitoringSampleStore] history=106 capacity=601
2026-10-01 23:30:44.112246+0900 ResourceRunner[4593:45748285] [MonitoringSampleStore] history=107 capacity=601
2026-10-01 23:30:44.109066+0900 ResourceRunner[4593:45747686] [MonitoringSampleStore] history=100 capacity=601
2026-10-01 23:30:44.109103+0900 ResourceRunner[4593:45748294] [MonitoringSampleStore] history=101 capacity=601
2026-10-01 23:30:44.109141+0900 ResourceRunner[4593:45747717] [MonitoringSampleStore] history=102 capacity=601
2026-10-01 23:30:44.112257+0900 ResourceRunner[4593:45747743] [MonitoringSampleStore] history=109 capacity=601
2026-10-01 23:30:44.112244+0900 ResourceRunner[4593:45747722] [MonitoringSampleStore] history=104 capacity=601
2026-10-01 23:30:44.112257+0900 ResourceRunner[4593:45748282] [MonitoringSampleStore] history=110 capacity=601
2026-10-01 23:30:44.112268+0900 ResourceRunner[4593:45748284] [MonitoringSampleStore] history=111 capacity=601
2026-10-01 23:30:44.112259+0900 ResourceRunner[4593:45747676] [MonitoringSampleStore] history=108 capacity=601
2026-10-01 23:30:44.112281+0900 ResourceRunner[4593:45747742] [MonitoringSampleStore] history=112 capacity=601
2026-10-01 23:30:44.112436+0900 ResourceRunner[4593:45747686] [MonitoringSampleStore] history=115 capacity=601
2026-10-01 23:30:44.112436+0900 ResourceRunner[4593:45748285] [MonitoringSampleStore] history=114 capacity=601
2026-10-01 23:30:44.112455+0900 ResourceRunner[4593:45748284] [MonitoringSampleStore] history=120 capacity=601
2026-10-01 23:30:44.112437+0900 ResourceRunner[4593:45747717] [MonitoringSampleStore] history=116 capacity=601
2026-10-01 23:30:44.109179+0900 ResourceRunner[4593:45747719] [MonitoringSampleStore] history=103 capacity=601
2026-10-01 23:30:44.112507+0900 ResourceRunner[4593:45748285] [MonitoringSampleStore] history=125 capacity=601
2026-10-01 23:30:44.112506+0900 ResourceRunner[4593:45747742] [MonitoringSampleStore] history=122 capacity=601
2026-10-01 23:30:44.112506+0900 ResourceRunner[4593:45747686] [MonitoringSampleStore] history=124 capacity=601
2026-10-01 23:30:44.112455+0900 ResourceRunner[4593:45748282] [MonitoringSampleStore] history=119 capacity=601
sourceRunner[4593:45748291] [MonitoringSampleStore] history=91 capacity=601
2026-10-01 23:30:44.112439+0900 ResourceRunner[4593:45748294] [MonitoringSampleStore] history=117 capacity=601
2026-10-01 23:30:44.112437+0900 ResourceRunner[4593:45747675] [MonitoringSampleStore] history=113 capacity=601
2026-10-01 23:30:44.112514+0900 ResourceRunner[4593:45747719] [MonitoringSampleStore] history=126 capacity=601
2026-10-01 23:30:44.112568+0900 ResourceRunner[4593:45747686] [MonitoringSampleStore] history=131 capacity=601
2026-10-01 23:30:44.112568+0900 ResourceRunner[4593:45748282] [MonitoringSampleStore] history=132 capacity=601
2026-10-01 23:30:44.112570+0900 ResourceRunner[4593:45748291] [MonitoringSampleStore] history=133 capacity=601
2026-10-01 23:30:44.112573+0900 ResourceRunner[4593:45747675] [MonitoringSampleStore] history=134 capacity=601
2026-10-01 23:30:44.112456+0900 ResourceRunner[4593:45747743] [MonitoringSampleStore] history=118 capacity=601
2026-10-01 23:30:44.112576+0900 ResourceRunner[4593:45747719] [MonitoringSampleStore] history=137 capacity=601
2026-10-01 23:30:44.112576+0900 ResourceRunner[4593:45748291] [MonitoringSampleStore] history=139 capacity=601
2026-10-01 23:30:44.112580+0900 ResourceRunner[4593:45747675] [MonitoringSampleStore] history=140 capacity=601
2026-10-01 23:30:44.112576+0900 ResourceRunner[4593:45747686] [MonitoringSampleStore] history=138 capacity=601
2026-10-01 23:30:44.112514+0900 ResourceRunner[4593:45747742] [MonitoringSampleStore] history=129 capacity=601
2026-10-01 23:30:44.112460+0900 ResourceRunner[4593:45747722] [MonitoringSampleStore] history=121 capacity=601
2026-10-01 23:30:44.112575+0900 ResourceRunner[4593:45748282] [MonitoringSampleStore] history=136 capacity=601
2026-10-01 23:30:44.112578+0900 ResourceRunner[4593:45748294] [MonitoringSampleStore] history=135 capacity=601
2026-10-01 23:30:44.112642+0900 ResourceRunner[4593:457472026-10-01 23:30:44.112645+0900 ResourceRunner[4593:45747686] [MonitoringSampleStore] history=144 capacity=601
2026-10-01 23:30:44.112644+0900 ResourceRunner[4593:45748291] [MonitoringSampleStore] history=143 capacity=601
2026-10-01 23:30:44.112647+0900 ResourceRunner[4593:45747742] [MonitoringSampleStore] history=146 capacity=601
2026-10-01 23:30:44.112515+0900 ResourceRunner[4593:45748285] [MonitoringSampleStore] history=128 capacity=601
2026-10-01 23:30:44.112648+0900 ResourceRunner[4593:45747722] [MonitoringSampleStore] history=147 capacity=601
2026-10-01 23:30:44.112646+0900 ResourceRunner[4593:45747675] [MonitoringSampleStore] history=145 capacity=601
743] [MonitoringSampleStore] history=141 capacity=601
2026-10-01 23:30:44.112720+0900 ResourceRunner[4593:45748291] [MonitoringSampleStore] history=151 capacity=601
2026-10-01 23:30:44.112719+0900 ResourceRunner[4593:45747686] [MonitoringSampleStore] history=150 capacity=601
2026-10-01 23:30:44.112721+0900 ResourceRunner[4593:45747742] [MonitoringSampleStore] history=153 capacity=601
2026-10-01 23:30:44.112721+0900 ResourceRunner[4593:45747722] [MonitoringSampleStore] history=154 capacity=601
2026-10-01 23:30:44.112519+0900 ResourceRunner[4593:45747717] [MonitoringSampleStore] history=130 capacity=601
2026-10-01 23:30:44.112643+0900 ResourceRunner[4593:45747719] [MonitoringSampleStore] history=142 capacity=601
2026-10-01 23:30:44.112651+0900 ResourceRunner[4593:45748294] [MonitoringSampleStore] history=148 capacity=601
2026-10-01 23:30:44.112724+0900 ResourceRunner[4593:45747675] [MonitoringSampleStore] history=155 capacity=601
2026-10-01 23:30:44.112506+0900 ResourceRunner[4593:45747676] [MonitoringSampleStore] history=123 capacity=601
2026-10-01 23:30:44.112654+0900 ResourceRunner[4593:45748282] [MonitoringSampleStore] history=149 capacity=601
2026-10-01 23:30:44.112782+0900 ResourceRunner[4593:45747742] [MonitoringSampleStore] history=159 capacity=601
2026-10-01 23:30:44.112721+0900 ResourceRunner[4593:45748285] [MonitoringSampleStore] history=152 capacity=601
2026-10-01 23:30:44.112785+0900 ResourceRunner[4593:45748294] [MonitoringSampleStore] history=163 capacity=601
2026-10-01 23:30:44.112724+0900 ResourceRunner[4593:45747743] [MonitoringSampleStore] history=156 capacity=601
2026-10-01 23:30:44.112784+0900 ResourceRunner[4593:45747717] [MonitoringSampleStore] history=161 capacity=601
2026-10-01 23:30:44.112786+0900 ResourceRunner[4593:45747676] [MonitoringSampleStore] history=164 capacity=601
2026-10-01 23:30:44.112788+0900 ResourceRunner[4593:45747742] [MonitoringSampleStore] history=167 capacity=601
2026-10-01 23:30:44.112518+0900 ResourceRunner[4593:45748284] [MonitoringSampleStore] history=127 capacity=601
2026-10-01 23:30:44.112785+0900 ResourceRunner[4593:45747719] [MonitoringSampleStore] history=162 capacity=601
2026-10-01 23:30:44.112847+0900 ResourceRunner[4593:45748285] [MonitoringSampleStore] history=168 capacity=601
2026-10-01 23:30:44.112849+0900 ResourceRunner[4593:45748294] [MonitoringSampleStore] history=169 capacity=601
2026-10-01 23:30:44.112787+0900 ResourceRunner[4593:45748282] [MonitoringSampleStore] history=166 capacity=601
2026-10-01 23:30:44.112853+0900 ResourceRunner[4593:45747676] [MonitoringSampleStore] history=172 capacity=601
2026-10-01 23:30:44.112852+0900 ResourceRunner[4593:45747743] [MonitoringSampleStore] history=170 capacity=601
2026-10-01 23:30:44.112853+0900 ResourceRunner[4593:45747717] [MonitoringSampleStore] history=171 capacity=601
2026-10-01 23:30:44.112727+0900 ResourceRunner[4593:45747686] [MonitoringSampleStore] history=158 capacity=601
2026-10-01 23:30:44.112857+0900 ResourceRunner[4593:45748284] [MonitoringSampleStore] history=175 capacity=601
2026-10-01 23:30:44.112786+0900 ResourceRunner[4593:45747675] [MonitoringSampleStore] history=165 capacity=601
2026-10-01 23:30:44.112867+0900 ResourceRunner[4593:45747742] [MonitoringSampleStore] history=177 capacity=601
2026-10-01 23:30:44.112905+0900 ResourceRunner[4593:45748282] [MonitoringSampleStore] history=178 capacity=601
2026-10-01 23:30:44.112906+0900 ResourceRunner[4593:45747676] [MonitoringSampleStore] history=179 capacity=601
2026-10-01 23:30:44.112856+0900 ResourceRunner[4593:45748294] [MonitoringSampleStore] history=173 capacity=601
2026-10-01 23:30:44.112908+0900 ResourceRunner[4593:45747743] [MonitoringSampleStore] history=180 capacity=601
2026-10-01 23:30:44.112908+0900 ResourceRunner[4593:45747717] [MonitoringSampleStore] history=181 capacity=601
2026-10-01 23:30:44.112909+0900 ResourceRunner[4593:45748284] [MonitoringSampleStore] history=183 capacity=601
2026-10-01 23:30:44.112911+0900 ResourceRunner[4593:45747742] [MonitoringSampleStore] history=186 capacity=601
2026-10-01 23:30:44.112727+0900 ResourceRunner[4593:45748291] [MonitoringSampleStore] history=157 capacity=601
2026-10-01 23:30:44.112862+0900 ResourceRunner[4593:45747719] [MonitoringSampleStore] history=176 capacity=601
2026-10-01 23:30:44.112963+0900 ResourceRunner[4593:45747676] [MonitoringSampleStore] history=187 capacity=601
2026-10-01 23:30:44.112965+0900 ResourceRunner[4593:45748294] [MonitoringSampleStore] history=188 capacity=601
2026-10-01 23:30:44.112908+0900 ResourceRunner[4593:45747686] [MonitoringSampleStore] history=182 capacity=601
2026-10-01 23:30:44.112914+0900 ResourceRunner[4593:45748282] [MonitoringSampleStore] history=185 capacity=601
2026-10-01 23:30:44.112915+0900 ResourceRunner[4593:45747675] [MonitoringSampleStore] history=184 capacity=601
2026-10-01 23:30:44.112782+0900 ResourceRunner[4593:45747722] [MonitoringSampleStore] history=160 capacity=601
2026-10-01 23:30:44.112856+0900 ResourceRunner[4593:45748285] [MonitoringSampleStore] history=174 capacity=601
2026-10-01 23:30:44.112968+0900 ResourceRunner[4593:45747742] [MonitoringSampleStore] history=192 capacity=601
2026-10-01 23:30:44.112967+0900 ResourceRunner[4593:45748284] [MonitoringSampleStore] history=191 capacity=601
2026-10-01 23:30:44.112966+0900 ResourceRunner[4593:45747717] [MonitoringSampleStore] history=189 capacity=601
2026-10-01 23:30:44.112966+0900 ResourceRunner[4593:45747743] [MonitoringSampleStore] history=190 capacity=601
2026-10-01 23:30:44.112991+0900 ResourceRunner[4593:45748291] [MonitoringSampleStore] history=193 capacity=601
2026-10-01 23:30:44.113045+0900 ResourceRunner[4593:45747717] [MonitoringSampleStore] history=194 capacity=601
2026-10-01 23:30:44.113096+0900 ResourceRunner[4593:45747717] [MonitoringSampleStore] history=195 capacity=601
2026-10-01 23:30:44.113146+0900 ResourceRunner[4593:45747717] [MonitoringSampleStore] history=196 capacity=601
2026-10-01 23:30:44.113201+0900 ResourceRunner[4593:45747717] [MonitoringSampleStore] history=197 capacity=601
2026-10-01 23:30:44.113256+0900 ResourceRunner[4593:45747717] [MonitoringSampleStore] history=198 capacity=601
2026-10-01 23:30:44.113307+0900 ResourceRunner[4593:45747717] [MonitoringSampleStore] history=199 capacity=601
2026-10-01 23:30:44.113363+0900 ResourceRunner[4593:45747717] [MonitoringSampleStore] history=200 capacity=601
2026-10-01 23:30:44.113415+0900 ResourceRunner[4593:45747717] [MonitoringSampleStore] history=201 capacity=601
2026-10-01 23:30:44.113468+0900 ResourceRunner[4593:45747717] [MonitoringSampleStore] history=202 capacity=601
2026-10-01 23:30:44.113520+0900 ResourceRunner[4593:45747717] [MonitoringSampleStore] history=203 capacity=601
2026-10-01 23:30:44.113577+0900 ResourceRunner[4593:45747717] [MonitoringSampleStore] history=204 capacity=601
2026-10-01 23:30:44.113630+0900 ResourceRunner[4593:45747717] [MonitoringSampleStore] history=205 capacity=601
2026-10-01 23:30:44.113685+0900 ResourceRunner[4593:45747717] [MonitoringSampleStore] history=206 capacity=601
2026-10-01 23:30:44.113737+0900 ResourceRunner[4593:45747717] [MonitoringSampleStore] history=207 capacity=601
2026-10-01 23:30:44.113796+0900 ResourceRunner[4593:45747717] [MonitoringSampleStore] history=208 capacity=601
2026-10-01 23:30:44.113853+0900 ResourceRunner[4593:45747717] [MonitoringSampleStore] history=209 capacity=601
2026-10-01 23:30:44.113907+0900 ResourceRunner[4593:45747717] [MonitoringSampleStore] history=210 capacity=601
2026-10-01 23:30:44.113962+0900 ResourceRunner[4593:45747717] [MonitoringSampleStore] history=211 capacity=601
2026-10-01 23:30:44.114016+0900 ResourceRunner[4593:45747717] [MonitoringSampleStore] history=212 capacity=601
2026-10-01 23:30:44.114075+0900 ResourceRunner[4593:45747717] [MonitoringSampleStore] history=213 capacity=601
2026-10-01 23:30:44.114130+0900 ResourceRunner[4593:45747717] [MonitoringSampleStore] history=214 capacity=601
2026-10-01 23:30:44.114187+0900 ResourceRunner[4593:45747717] [MonitoringSampleStore] history=215 capacity=601
2026-10-01 23:30:44.114246+0900 ResourceRunner[4593:45747717] [MonitoringSampleStore] history=216 capacity=601
2026-10-01 23:30:44.114301+0900 ResourceRunner[4593:45747717] [MonitoringSampleStore] history=217 capacity=601
2026-10-01 23:30:44.114360+0900 ResourceRunner[4593:45747717] [MonitoringSampleStore] history=218 capacity=601
2026-10-01 23:30:44.114416+0900 ResourceRunner[4593:45747717] [MonitoringSampleStore] history=219 capacity=601
2026-10-01 23:30:44.114471+0900 ResourceRunner[4593:45747717] [MonitoringSampleStore] history=220 capacity=601
2026-10-01 23:30:44.114527+0900 ResourceRunner[4593:45747717] [MonitoringSampleStore] history=221 capacity=601
2026-10-01 23:30:44.114587+0900 ResourceRunner[4593:45747717] [MonitoringSampleStore] history=222 capacity=601
2026-10-01 23:30:44.114640+0900 ResourceRunner[4593:45747717] [MonitoringSampleStore] history=223 capacity=601
2026-10-01 23:30:44.114696+0900 ResourceRunner[4593:45747717] [MonitoringSampleStore] history=224 capacity=601
2026-10-01 23:30:44.114753+0900 ResourceRunner[4593:45747717] [MonitoringSampleStore] history=225 capacity=601
2026-10-01 23:30:44.114810+0900 ResourceRunner[4593:45747717] [MonitoringSampleStore] history=226 capacity=601
2026-10-01 23:30:44.114867+0900 ResourceRunner[4593:45747717] [MonitoringSampleStore] history=227 capacity=601
2026-10-01 23:30:44.114925+0900 ResourceRunner[4593:45747717] [MonitoringSampleStore] history=228 capacity=601
2026-10-01 23:30:44.114984+0900 ResourceRunner[4593:45747717] [MonitoringSampleStore] history=229 capacity=601
2026-10-01 23:30:44.115042+0900 ResourceRunner[4593:45747717] [MonitoringSampleStore] history=230 capacity=601
2026-10-01 23:30:44.115100+0900 ResourceRunner[4593:45747717] [MonitoringSampleStore] history=231 capacity=601
2026-10-01 23:30:44.115162+0900 ResourceRunner[4593:45747717] [MonitoringSampleStore] history=232 capacity=601
2026-10-01 23:30:44.115221+0900 ResourceRunner[4593:45747717] [MonitoringSampleStore] history=233 capacity=601
2026-10-01 23:30:44.115280+0900 ResourceRunner[4593:45747717] [MonitoringSampleStore] history=234 capacity=601
2026-10-01 23:30:44.115340+0900 ResourceRunner[4593:45747717] [MonitoringSampleStore] history=235 capacity=601
2026-10-01 23:30:44.115399+0900 ResourceRunner[4593:45747717] [MonitoringSampleStore] history=236 capacity=601
2026-10-01 23:30:44.115462+0900 ResourceRunner[4593:45747717] [MonitoringSampleStore] history=237 capacity=601
2026-10-01 23:30:44.115521+0900 ResourceRunner[4593:45747717] [MonitoringSampleStore] history=238 capacity=601
2026-10-01 23:30:44.115586+0900 ResourceRunner[4593:45747717] [MonitoringSampleStore] history=239 capacity=601
2026-10-01 23:30:44.115647+0900 ResourceRunner[4593:45747717] [MonitoringSampleStore] history=240 capacity=601
2026-10-01 23:30:44.115711+0900 ResourceRunner[4593:45747717] [MonitoringSampleStore] history=241 capacity=601
2026-10-01 23:30:44.115772+0900 ResourceRunner[4593:45747717] [MonitoringSampleStore] history=242 capacity=601
2026-10-01 23:30:44.115833+0900 ResourceRunner[4593:45747717] [MonitoringSampleStore] history=243 capacity=601
2026-10-01 23:30:44.115894+0900 ResourceRunner[4593:45747717] [MonitoringSampleStore] history=244 capacity=601
2026-10-01 23:30:44.115956+0900 ResourceRunner[4593:45747717] [MonitoringSampleStore] history=245 capacity=601
2026-10-01 23:30:44.116018+0900 ResourceRunner[4593:45747717] [MonitoringSampleStore] history=246 capacity=601
2026-10-01 23:30:44.116082+0900 ResourceRunner[4593:45747717] [MonitoringSampleStore] history=247 capacity=601
2026-10-01 23:30:44.116145+0900 ResourceRunner[4593:45747717] [MonitoringSampleStore] history=248 capacity=601
2026-10-01 23:30:44.116209+0900 ResourceRunner[4593:45747717] [MonitoringSampleStore] history=249 capacity=601
2026-10-01 23:30:44.116271+0900 ResourceRunner[4593:45747717] [MonitoringSampleStore] history=250 capacity=601
2026-10-01 23:30:44.116344+0900 ResourceRunner[4593:45747717] [MonitoringSampleStore] history=251 capacity=601
2026-10-01 23:30:44.116408+0900 ResourceRunner[4593:45747717] [MonitoringSampleStore] history=252 capacity=601
2026-10-01 23:30:44.116472+0900 ResourceRunner[4593:45747717] [MonitoringSampleStore] history=253 capacity=601
2026-10-01 23:30:44.116543+0900 ResourceRunner[4593:45747717] [MonitoringSampleStore] history=254 capacity=601
2026-10-01 23:30:44.116610+0900 ResourceRunner[4593:45747717] [MonitoringSampleStore] history=255 capacity=601
2026-10-01 23:30:44.116682+0900 ResourceRunner[4593:45747717] [MonitoringSampleStore] history=256 capacity=601
2026-10-01 23:30:44.116756+0900 ResourceRunner[4593:45747717] [MonitoringSampleStore] history=257 capacity=601
2026-10-01 23:30:44.116821+0900 ResourceRunner[4593:45747717] [MonitoringSampleStore] history=258 capacity=601
2026-10-01 23:30:44.116886+0900 ResourceRunner[4593:45747717] [MonitoringSampleStore] history=259 capacity=601
2026-10-01 23:30:44.116951+0900 ResourceRunner[4593:45747717] [MonitoringSampleStore] history=260 capacity=601
2026-10-01 23:30:44.117017+0900 ResourceRunner[4593:45747717] [MonitoringSampleStore] history=261 capacity=601
2026-10-01 23:30:44.117093+0900 ResourceRunner[4593:45747717] [MonitoringSampleStore] history=262 capacity=601
2026-10-01 23:30:44.117158+0900 ResourceRunner[4593:45747717] [MonitoringSampleStore] history=263 capacity=601
2026-10-01 23:30:44.117230+0900 ResourceRunner[4593:45747717] [MonitoringSampleStore] history=264 capacity=601
2026-10-01 23:30:44.117301+0900 ResourceRunner[4593:45747717] [MonitoringSampleStore] history=265 capacity=601
2026-10-01 23:30:44.117367+0900 ResourceRunner[4593:45747717] [MonitoringSampleStore] history=266 capacity=601
2026-10-01 23:30:44.117434+0900 ResourceRunner[4593:45747717] [MonitoringSampleStore] history=267 capacity=601
2026-10-01 23:30:44.117501+0900 ResourceRunner[4593:45747717] [MonitoringSampleStore] history=268 capacity=601
2026-10-01 23:30:44.117567+0900 ResourceRunner[4593:45747717] [MonitoringSampleStore] history=269 capacity=601
2026-10-01 23:30:44.117634+0900 ResourceRunner[4593:45747717] [MonitoringSampleStore] history=270 capacity=601
2026-10-01 23:30:44.117702+0900 ResourceRunner[4593:45747717] [MonitoringSampleStore] history=271 capacity=601
2026-10-01 23:30:44.117770+0900 ResourceRunner[4593:45747717] [MonitoringSampleStore] history=272 capacity=601
2026-10-01 23:30:44.117838+0900 ResourceRunner[4593:45747717] [MonitoringSampleStore] history=273 capacity=601
2026-10-01 23:30:44.117906+0900 ResourceRunner[4593:45747717] [MonitoringSampleStore] history=274 capacity=601
2026-10-01 23:30:44.117978+0900 ResourceRunner[4593:45747717] [MonitoringSampleStore] history=275 capacity=601
2026-10-01 23:30:44.118048+0900 ResourceRunner[4593:45747717] [MonitoringSampleStore] history=276 capacity=601
2026-10-01 23:30:44.118118+0900 ResourceRunner[4593:45747717] [MonitoringSampleStore] history=277 capacity=601
2026-10-01 23:30:44.118188+0900 ResourceRunner[4593:45747717] [MonitoringSampleStore] history=278 capacity=601
2026-10-01 23:30:44.118258+0900 ResourceRunner[4593:45747717] [MonitoringSampleStore] history=279 capacity=601
2026-10-01 23:30:44.118333+0900 ResourceRunner[4593:45747717] [MonitoringSampleStore] history=280 capacity=601
2026-10-01 23:30:44.118404+0900 ResourceRunner[4593:45747717] [MonitoringSampleStore] history=281 capacity=601
2026-10-01 23:30:44.118475+0900 ResourceRunner[4593:45747717] [MonitoringSampleStore] history=282 capacity=601
2026-10-01 23:30:44.118551+0900 ResourceRunner[4593:45747717] [MonitoringSampleStore] history=283 capacity=601
2026-10-01 23:30:44.118618+0900 ResourceRunner[4593:45747717] [MonitoringSampleStore] history=284 capacity=601
2026-10-01 23:30:44.118689+0900 ResourceRunner[4593:45747717] [MonitoringSampleStore] history=285 capacity=601
2026-10-01 23:30:44.118763+0900 ResourceRunner[4593:45747717] [MonitoringSampleStore] history=286 capacity=601
2026-10-01 23:30:44.118833+0900 ResourceRunner[4593:45747717] [MonitoringSampleStore] history=287 capacity=601
2026-10-01 23:30:44.118907+0900 ResourceRunner[4593:45747717] [MonitoringSampleStore] history=288 capacity=601
2026-10-01 23:30:44.118979+0900 ResourceRunner[4593:45747717] [MonitoringSampleStore] history=289 capacity=601
2026-10-01 23:30:44.119060+0900 ResourceRunner[4593:45747717] [MonitoringSampleStore] history=290 capacity=601
2026-10-01 23:30:44.119130+0900 ResourceRunner[4593:45747717] [MonitoringSampleStore] history=291 capacity=601
2026-10-01 23:30:44.119203+0900 ResourceRunner[4593:45747717] [MonitoringSampleStore] history=292 capacity=601
2026-10-01 23:30:44.119278+0900 ResourceRunner[4593:45747717] [MonitoringSampleStore] history=293 capacity=601
2026-10-01 23:30:44.119351+0900 ResourceRunner[4593:45747717] [MonitoringSampleStore] history=294 capacity=601
2026-10-01 23:30:44.119426+0900 ResourceRunner[4593:45747717] [MonitoringSampleStore] history=295 capacity=601
2026-10-01 23:30:44.119522+0900 ResourceRunner[4593:45747717] [MonitoringSampleStore] history=296 capacity=601
2026-10-01 23:30:44.119609+0900 ResourceRunner[4593:45747717] [MonitoringSampleStore] history=297 capacity=601
2026-10-01 23:30:44.119712+0900 ResourceRunner[4593:45747717] [MonitoringSampleStore] history=298 capacity=601
2026-10-01 23:30:44.119788+0900 ResourceRunner[4593:45747717] [MonitoringSampleStore] history=299 capacity=601
2026-10-01 23:30:44.119860+0900 ResourceRunner[4593:45747717] [MonitoringSampleStore] history=300 capacity=601
2026-10-01 23:30:44.119930+0900 ResourceRunner[4593:45747717] [MonitoringSampleStore] history=301 capacity=601
2026-10-01 23:30:44.119999+0900 ResourceRunner[4593:45747717] [MonitoringSampleStore] history=302 capacity=601
2026-10-01 23:30:44.120075+0900 ResourceRunner[4593:45747717] [MonitoringSampleStore] history=303 capacity=601
2026-10-01 23:30:44.120144+0900 ResourceRunner[4593:45747717] [MonitoringSampleStore] history=304 capacity=601
2026-10-01 23:30:44.120222+0900 ResourceRunner[4593:45747717] [MonitoringSampleStore] history=305 capacity=601
2026-10-01 23:30:44.120291+0900 ResourceRunner[4593:45747717] [MonitoringSampleStore] history=306 capacity=601
2026-10-01 23:30:44.120362+0900 ResourceRunner[4593:45747717] [MonitoringSampleStore] history=307 capacity=601
2026-10-01 23:30:44.120442+0900 ResourceRunner[4593:45747717] [MonitoringSampleStore] history=308 capacity=601
2026-10-01 23:30:44.120513+0900 ResourceRunner[4593:45747717] [MonitoringSampleStore] history=309 capacity=601
2026-10-01 23:30:44.120588+0900 ResourceRunner[4593:45747717] [MonitoringSampleStore] history=310 capacity=601
2026-10-01 23:30:44.120659+0900 ResourceRunner[4593:45747717] [MonitoringSampleStore] history=311 capacity=601
2026-10-01 23:30:44.120735+0900 ResourceRunner[4593:45747717] [MonitoringSampleStore] history=312 capacity=601
2026-10-01 23:30:44.120806+0900 ResourceRunner[4593:45747717] [MonitoringSampleStore] history=313 capacity=601
2026-10-01 23:30:44.120881+0900 ResourceRunner[4593:45747717] [MonitoringSampleStore] history=314 capacity=601
2026-10-01 23:30:44.120959+0900 ResourceRunner[4593:45747717] [MonitoringSampleStore] history=315 capacity=601
2026-10-01 23:30:44.121034+0900 ResourceRunner[4593:45747717] [MonitoringSampleStore] history=316 capacity=601
2026-10-01 23:30:44.121111+0900 ResourceRunner[4593:45747717] [MonitoringSampleStore] history=317 capacity=601
2026-10-01 23:30:44.121198+0900 ResourceRunner[4593:45747717] [MonitoringSampleStore] history=318 capacity=601
2026-10-01 23:30:44.121274+0900 ResourceRunner[4593:45747717] [MonitoringSampleStore] history=319 capacity=601
2026-10-01 23:30:44.121351+0900 ResourceRunner[4593:45747717] [MonitoringSampleStore] history=320 capacity=601
2026-10-01 23:30:44.121429+0900 ResourceRunner[4593:45747717] [MonitoringSampleStore] history=321 capacity=601
2026-10-01 23:30:44.121508+0900 ResourceRunner[4593:45747717] [MonitoringSampleStore] history=322 capacity=601
2026-10-01 23:30:44.121586+0900 ResourceRunner[4593:45747717] [MonitoringSampleStore] history=323 capacity=601
2026-10-01 23:30:44.121664+0900 ResourceRunner[4593:45747717] [MonitoringSampleStore] history=324 capacity=601
2026-10-01 23:30:44.121742+0900 ResourceRunner[4593:45747717] [MonitoringSampleStore] history=325 capacity=601
2026-10-01 23:30:44.121821+0900 ResourceRunner[4593:45747717] [MonitoringSampleStore] history=326 capacity=601
2026-10-01 23:30:44.121901+0900 ResourceRunner[4593:45747717] [MonitoringSampleStore] history=327 capacity=601
2026-10-01 23:30:44.121980+0900 ResourceRunner[4593:45747717] [MonitoringSampleStore] history=328 capacity=601
2026-10-01 23:30:44.122066+0900 ResourceRunner[4593:45747717] [MonitoringSampleStore] history=329 capacity=601
2026-10-01 23:30:44.122148+0900 ResourceRunner[4593:45747717] [MonitoringSampleStore] history=330 capacity=601
2026-10-01 23:30:44.122228+0900 ResourceRunner[4593:45747717] [MonitoringSampleStore] history=331 capacity=601
2026-10-01 23:30:44.122306+0900 ResourceRunner[4593:45747717] [MonitoringSampleStore] history=332 capacity=601
2026-10-01 23:30:44.122387+0900 ResourceRunner[4593:45747717] [MonitoringSampleStore] history=333 capacity=601
2026-10-01 23:30:44.122467+0900 ResourceRunner[4593:45747717] [MonitoringSampleStore] history=334 capacity=601
2026-10-01 23:30:44.122549+0900 ResourceRunner[4593:45747717] [MonitoringSampleStore] history=335 capacity=601
2026-10-01 23:30:44.122630+0900 ResourceRunner[4593:45747717] [MonitoringSampleStore] history=336 capacity=601
2026-10-01 23:30:44.122712+0900 ResourceRunner[4593:45747717] [MonitoringSampleStore] history=337 capacity=601
2026-10-01 23:30:44.122792+0900 ResourceRunner[4593:45747717] [MonitoringSampleStore] history=338 capacity=601
2026-10-01 23:30:44.122874+0900 ResourceRunner[4593:45747717] [MonitoringSampleStore] history=339 capacity=601
2026-10-01 23:30:44.122955+0900 ResourceRunner[4593:45747717] [MonitoringSampleStore] history=340 capacity=601
2026-10-01 23:30:44.123038+0900 ResourceRunner[4593:45747717] [MonitoringSampleStore] history=341 capacity=601
2026-10-01 23:30:44.123120+0900 ResourceRunner[4593:45747717] [MonitoringSampleStore] history=342 capacity=601
2026-10-01 23:30:44.123203+0900 ResourceRunner[4593:45747717] [MonitoringSampleStore] history=343 capacity=601
2026-10-01 23:30:44.123285+0900 ResourceRunner[4593:45747717] [MonitoringSampleStore] history=344 capacity=601
2026-10-01 23:30:44.123369+0900 ResourceRunner[4593:45747717] [MonitoringSampleStore] history=345 capacity=601
2026-10-01 23:30:44.123452+0900 ResourceRunner[4593:45747717] [MonitoringSampleStore] history=346 capacity=601
2026-10-01 23:30:44.123535+0900 ResourceRunner[4593:45747717] [MonitoringSampleStore] history=347 capacity=601
2026-10-01 23:30:44.123619+0900 ResourceRunner[4593:45747717] [MonitoringSampleStore] history=348 capacity=601
2026-10-01 23:30:44.123703+0900 ResourceRunner[4593:45747717] [MonitoringSampleStore] history=349 capacity=601
2026-10-01 23:30:44.123787+0900 ResourceRunner[4593:45747717] [MonitoringSampleStore] history=350 capacity=601
2026-10-01 23:30:44.123872+0900 ResourceRunner[4593:45747717] [MonitoringSampleStore] history=351 capacity=601
2026-10-01 23:30:44.123957+0900 ResourceRunner[4593:45747717] [MonitoringSampleStore] history=352 capacity=601
2026-10-01 23:30:44.124042+0900 ResourceRunner[4593:45747717] [MonitoringSampleStore] history=353 capacity=601
2026-10-01 23:30:44.124127+0900 ResourceRunner[4593:45747717] [MonitoringSampleStore] history=354 capacity=601
2026-10-01 23:30:44.124212+0900 ResourceRunner[4593:45747717] [MonitoringSampleStore] history=355 capacity=601
2026-10-01 23:30:44.124298+0900 ResourceRunner[4593:45747717] [MonitoringSampleStore] history=356 capacity=601
2026-10-01 23:30:44.124384+0900 ResourceRunner[4593:45747717] [MonitoringSampleStore] history=357 capacity=601
2026-10-01 23:30:44.124469+0900 ResourceRunner[4593:45747717] [MonitoringSampleStore] history=358 capacity=601
2026-10-01 23:30:44.124557+0900 ResourceRunner[4593:45747717] [MonitoringSampleStore] history=359 capacity=601
2026-10-01 23:30:44.124643+0900 ResourceRunner[4593:45747717] [MonitoringSampleStore] history=360 capacity=601
2026-10-01 23:30:44.124729+0900 ResourceRunner[4593:45747717] [MonitoringSampleStore] history=361 capacity=601
2026-10-01 23:30:44.124824+0900 ResourceRunner[4593:45747717] [MonitoringSampleStore] history=362 capacity=601
2026-10-01 23:30:44.124913+0900 ResourceRunner[4593:45747717] [MonitoringSampleStore] history=363 capacity=601
2026-10-01 23:30:44.125002+0900 ResourceRunner[4593:45747717] [MonitoringSampleStore] history=364 capacity=601
2026-10-01 23:30:44.125090+0900 ResourceRunner[4593:45747717] [MonitoringSampleStore] history=365 capacity=601
2026-10-01 23:30:44.125180+0900 ResourceRunner[4593:45747717] [MonitoringSampleStore] history=366 capacity=601
2026-10-01 23:30:44.125268+0900 ResourceRunner[4593:45747717] [MonitoringSampleStore] history=367 capacity=601
2026-10-01 23:30:44.125355+0900 ResourceRunner[4593:45747717] [MonitoringSampleStore] history=368 capacity=601
2026-10-01 23:30:44.125444+0900 ResourceRunner[4593:45747717] [MonitoringSampleStore] history=369 capacity=601
2026-10-01 23:30:44.125535+0900 ResourceRunner[4593:45747717] [MonitoringSampleStore] history=370 capacity=601
2026-10-01 23:30:44.125628+0900 ResourceRunner[4593:45747717] [MonitoringSampleStore] history=371 capacity=601
2026-10-01 23:30:44.125714+0900 ResourceRunner[4593:45747717] [MonitoringSampleStore] history=372 capacity=601
2026-10-01 23:30:44.125804+0900 ResourceRunner[4593:45747717] [MonitoringSampleStore] history=373 capacity=601
2026-10-01 23:30:44.125893+0900 ResourceRunner[4593:45747717] [MonitoringSampleStore] history=374 capacity=601
2026-10-01 23:30:44.125984+0900 ResourceRunner[4593:45747717] [MonitoringSampleStore] history=375 capacity=601
2026-10-01 23:30:44.126072+0900 ResourceRunner[4593:45747717] [MonitoringSampleStore] history=376 capacity=601
2026-10-01 23:30:44.126161+0900 ResourceRunner[4593:45747717] [MonitoringSampleStore] history=377 capacity=601
2026-10-01 23:30:44.126251+0900 ResourceRunner[4593:45747717] [MonitoringSampleStore] history=378 capacity=601
2026-10-01 23:30:44.126342+0900 ResourceRunner[4593:45747717] [MonitoringSampleStore] history=379 capacity=601
2026-10-01 23:30:44.126432+0900 ResourceRunner[4593:45747717] [MonitoringSampleStore] history=380 capacity=601
2026-10-01 23:30:44.126523+0900 ResourceRunner[4593:45747717] [MonitoringSampleStore] history=381 capacity=601
2026-10-01 23:30:44.126614+0900 ResourceRunner[4593:45747717] [MonitoringSampleStore] history=382 capacity=601
2026-10-01 23:30:44.126707+0900 ResourceRunner[4593:45747717] [MonitoringSampleStore] history=383 capacity=601
2026-10-01 23:30:44.126799+0900 ResourceRunner[4593:45747717] [MonitoringSampleStore] history=384 capacity=601
2026-10-01 23:30:44.126898+0900 ResourceRunner[4593:45747717] [MonitoringSampleStore] history=385 capacity=601
2026-10-01 23:30:44.126990+0900 ResourceRunner[4593:45747717] [MonitoringSampleStore] history=386 capacity=601
2026-10-01 23:30:44.127083+0900 ResourceRunner[4593:45747717] [MonitoringSampleStore] history=387 capacity=601
2026-10-01 23:30:44.127176+0900 ResourceRunner[4593:45747717] [MonitoringSampleStore] history=388 capacity=601
2026-10-01 23:30:44.127268+0900 ResourceRunner[4593:45747717] [MonitoringSampleStore] history=389 capacity=601
2026-10-01 23:30:44.127364+0900 ResourceRunner[4593:45747717] [MonitoringSampleStore] history=390 capacity=601
2026-10-01 23:30:44.127454+0900 ResourceRunner[4593:45747717] [MonitoringSampleStore] history=391 capacity=601
2026-10-01 23:30:44.127547+0900 ResourceRunner[4593:45747717] [MonitoringSampleStore] history=392 capacity=601
2026-10-01 23:30:44.127641+0900 ResourceRunner[4593:45747717] [MonitoringSampleStore] history=393 capacity=601
2026-10-01 23:30:44.127735+0900 ResourceRunner[4593:45747717] [MonitoringSampleStore] history=394 capacity=601
2026-10-01 23:30:44.127830+0900 ResourceRunner[4593:45747717] [MonitoringSampleStore] history=395 capacity=601
2026-10-01 23:30:44.127924+0900 ResourceRunner[4593:45747717] [MonitoringSampleStore] history=396 capacity=601
2026-10-01 23:30:44.128018+0900 ResourceRunner[4593:45747717] [MonitoringSampleStore] history=397 capacity=601
2026-10-01 23:30:44.128114+0900 ResourceRunner[4593:45747717] [MonitoringSampleStore] history=398 capacity=601
2026-10-01 23:30:44.128209+0900 ResourceRunner[4593:45747717] [MonitoringSampleStore] history=399 capacity=601
2026-10-01 23:30:44.128304+0900 ResourceRunner[4593:45747717] [MonitoringSampleStore] history=400 capacity=601
2026-10-01 23:30:44.128399+0900 ResourceRunner[4593:45747717] [MonitoringSampleStore] history=401 capacity=601
2026-10-01 23:30:44.128494+0900 ResourceRunner[4593:45747717] [MonitoringSampleStore] history=402 capacity=601
2026-10-01 23:30:44.128590+0900 ResourceRunner[4593:45747717] [MonitoringSampleStore] history=403 capacity=601
2026-10-01 23:30:44.128686+0900 ResourceRunner[4593:45747717] [MonitoringSampleStore] history=404 capacity=601
2026-10-01 23:30:44.128782+0900 ResourceRunner[4593:45747717] [MonitoringSampleStore] history=405 capacity=601
2026-10-01 23:30:44.128878+0900 ResourceRunner[4593:45747717] [MonitoringSampleStore] history=406 capacity=601
2026-10-01 23:30:44.128975+0900 ResourceRunner[4593:45747717] [MonitoringSampleStore] history=407 capacity=601
2026-10-01 23:30:44.129072+0900 ResourceRunner[4593:45747717] [MonitoringSampleStore] history=408 capacity=601
2026-10-01 23:30:44.129169+0900 ResourceRunner[4593:45747717] [MonitoringSampleStore] history=409 capacity=601
2026-10-01 23:30:44.129266+0900 ResourceRunner[4593:45747717] [MonitoringSampleStore] history=410 capacity=601
2026-10-01 23:30:44.129373+0900 ResourceRunner[4593:45747717] [MonitoringSampleStore] history=411 capacity=601
2026-10-01 23:30:44.129480+0900 ResourceRunner[4593:45747717] [MonitoringSampleStore] history=412 capacity=601
2026-10-01 23:30:44.129623+0900 ResourceRunner[4593:45747717] [MonitoringSampleStore] history=413 capacity=601
2026-10-01 23:30:44.129759+0900 ResourceRunner[4593:45747717] [MonitoringSampleStore] history=414 capacity=601
2026-10-01 23:30:44.129876+0900 ResourceRunner[4593:45747717] [MonitoringSampleStore] history=415 capacity=601
2026-10-01 23:30:44.129995+0900 ResourceRunner[4593:45747717] [MonitoringSampleStore] history=416 capacity=601
2026-10-01 23:30:44.130120+0900 ResourceRunner[4593:45747717] [MonitoringSampleStore] history=417 capacity=601
2026-10-01 23:30:44.130233+0900 ResourceRunner[4593:45747717] [MonitoringSampleStore] history=418 capacity=601
2026-10-01 23:30:44.130353+0900 ResourceRunner[4593:45747717] [MonitoringSampleStore] history=419 capacity=601
2026-10-01 23:30:44.130475+0900 ResourceRunner[4593:45747717] [MonitoringSampleStore] history=420 capacity=601
2026-10-01 23:30:44.130600+0900 ResourceRunner[4593:45747717] [MonitoringSampleStore] history=421 capacity=601
2026-10-01 23:30:44.130726+0900 ResourceRunner[4593:45747717] [MonitoringSampleStore] history=422 capacity=601
2026-10-01 23:30:44.130847+0900 ResourceRunner[4593:45747717] [MonitoringSampleStore] history=423 capacity=601
2026-10-01 23:30:44.130969+0900 ResourceRunner[4593:45747717] [MonitoringSampleStore] history=424 capacity=601
2026-10-01 23:30:44.131086+0900 ResourceRunner[4593:45747717] [MonitoringSampleStore] history=425 capacity=601
2026-10-01 23:30:44.131203+0900 ResourceRunner[4593:45747717] [MonitoringSampleStore] history=426 capacity=601
2026-10-01 23:30:44.131324+0900 ResourceRunner[4593:45747717] [MonitoringSampleStore] history=427 capacity=601
2026-10-01 23:30:44.131440+0900 ResourceRunner[4593:45747717] [MonitoringSampleStore] history=428 capacity=601
2026-10-01 23:30:44.131562+0900 ResourceRunner[4593:45747717] [MonitoringSampleStore] history=429 capacity=601
2026-10-01 23:30:44.131685+0900 ResourceRunner[4593:45747717] [MonitoringSampleStore] history=430 capacity=601
2026-10-01 23:30:44.131805+0900 ResourceRunner[4593:45747717] [MonitoringSampleStore] history=431 capacity=601
2026-10-01 23:30:44.131927+0900 ResourceRunner[4593:45747717] [MonitoringSampleStore] history=432 capacity=601
2026-10-01 23:30:44.132046+0900 ResourceRunner[4593:45747717] [MonitoringSampleStore] history=433 capacity=601
2026-10-01 23:30:44.132164+0900 ResourceRunner[4593:45747717] [MonitoringSampleStore] history=434 capacity=601
2026-10-01 23:30:44.132281+0900 ResourceRunner[4593:45747717] [MonitoringSampleStore] history=435 capacity=601
2026-10-01 23:30:44.132401+0900 ResourceRunner[4593:45747717] [MonitoringSampleStore] history=436 capacity=601
2026-10-01 23:30:44.132540+0900 ResourceRunner[4593:45747717] [MonitoringSampleStore] history=437 capacity=601
2026-10-01 23:30:44.132660+0900 ResourceRunner[4593:45747717] [MonitoringSampleStore] history=438 capacity=601
2026-10-01 23:30:44.132782+0900 ResourceRunner[4593:45747717] [MonitoringSampleStore] history=439 capacity=601
2026-10-01 23:30:44.132901+0900 ResourceRunner[4593:45747717] [MonitoringSampleStore] history=440 capacity=601
2026-10-01 23:30:44.133023+0900 ResourceRunner[4593:45747717] [MonitoringSampleStore] history=441 capacity=601
2026-10-01 23:30:44.133160+0900 ResourceRunner[4593:45747717] [MonitoringSampleStore] history=442 capacity=601
2026-10-01 23:30:44.133284+0900 ResourceRunner[4593:45747717] [MonitoringSampleStore] history=443 capacity=601
2026-10-01 23:30:44.133411+0900 ResourceRunner[4593:45747717] [MonitoringSampleStore] history=444 capacity=601
2026-10-01 23:30:44.133533+0900 ResourceRunner[4593:45747717] [MonitoringSampleStore] history=445 capacity=601
2026-10-01 23:30:44.133654+0900 ResourceRunner[4593:45747717] [MonitoringSampleStore] history=446 capacity=601
2026-10-01 23:30:44.133791+0900 ResourceRunner[4593:45747717] [MonitoringSampleStore] history=447 capacity=601
2026-10-01 23:30:44.133914+0900 ResourceRunner[4593:45747717] [MonitoringSampleStore] history=448 capacity=601
2026-10-01 23:30:44.134034+0900 ResourceRunner[4593:45747717] [MonitoringSampleStore] history=449 capacity=601
2026-10-01 23:30:44.134149+0900 ResourceRunner[4593:45747717] [MonitoringSampleStore] history=450 capacity=601
2026-10-01 23:30:44.134267+0900 ResourceRunner[4593:45747717] [MonitoringSampleStore] history=451 capacity=601
2026-10-01 23:30:44.134437+0900 ResourceRunner[4593:45747717] [MonitoringSampleStore] history=452 capacity=601
2026-10-01 23:30:44.134540+0900 ResourceRunner[4593:45747717] [MonitoringSampleStore] history=453 capacity=601
2026-10-01 23:30:44.134677+0900 ResourceRunner[4593:45747717] [MonitoringSampleStore] history=454 capacity=601
2026-10-01 23:30:44.134788+0900 ResourceRunner[4593:45747717] [MonitoringSampleStore] history=455 capacity=601
2026-10-01 23:30:44.134895+0900 ResourceRunner[4593:45747717] [MonitoringSampleStore] history=456 capacity=601
2026-10-01 23:30:44.135013+0900 ResourceRunner[4593:45747717] [MonitoringSampleStore] history=457 capacity=601
2026-10-01 23:30:44.135134+0900 ResourceRunner[4593:45747717] [MonitoringSampleStore] history=458 capacity=601
2026-10-01 23:30:44.135230+0900 ResourceRunner[4593:45747717] [MonitoringSampleStore] history=459 capacity=601
2026-10-01 23:30:44.135355+0900 ResourceRunner[4593:45747717] [MonitoringSampleStore] history=460 capacity=601
2026-10-01 23:30:44.135468+0900 ResourceRunner[4593:45747717] [MonitoringSampleStore] history=461 capacity=601
2026-10-01 23:30:44.135584+0900 ResourceRunner[4593:45747717] [MonitoringSampleStore] history=462 capacity=601
2026-10-01 23:30:44.135704+0900 ResourceRunner[4593:45747717] [MonitoringSampleStore] history=463 capacity=601
2026-10-01 23:30:44.135842+0900 ResourceRunner[4593:45747717] [MonitoringSampleStore] history=464 capacity=601
2026-10-01 23:30:44.135948+0900 ResourceRunner[4593:45747717] [MonitoringSampleStore] history=465 capacity=601
2026-10-01 23:30:44.136077+0900 ResourceRunner[4593:45747717] [MonitoringSampleStore] history=466 capacity=601
2026-10-01 23:30:44.136175+0900 ResourceRunner[4593:45747717] [MonitoringSampleStore] history=467 capacity=601
2026-10-01 23:30:44.136277+0900 ResourceRunner[4593:45747717] [MonitoringSampleStore] history=468 capacity=601
2026-10-01 23:30:44.136383+0900 ResourceRunner[4593:45747717] [MonitoringSampleStore] history=469 capacity=601
2026-10-01 23:30:44.136495+0900 ResourceRunner[4593:45747717] [MonitoringSampleStore] history=470 capacity=601
2026-10-01 23:30:44.136605+0900 ResourceRunner[4593:45747717] [MonitoringSampleStore] history=471 capacity=601
2026-10-01 23:30:44.136720+0900 ResourceRunner[4593:45747717] [MonitoringSampleStore] history=472 capacity=601
2026-10-01 23:30:44.136829+0900 ResourceRunner[4593:45747717] [MonitoringSampleStore] history=473 capacity=601
2026-10-01 23:30:44.136948+0900 ResourceRunner[4593:45747717] [MonitoringSampleStore] history=474 capacity=601
2026-10-01 23:30:44.137068+0900 ResourceRunner[4593:45747717] [MonitoringSampleStore] history=475 capacity=601
2026-10-01 23:30:44.137185+0900 ResourceRunner[4593:45747717] [MonitoringSampleStore] history=476 capacity=601
2026-10-01 23:30:44.137304+0900 ResourceRunner[4593:45747717] [MonitoringSampleStore] history=477 capacity=601
2026-10-01 23:30:44.137423+0900 ResourceRunner[4593:45747717] [MonitoringSampleStore] history=478 capacity=601
2026-10-01 23:30:44.137533+0900 ResourceRunner[4593:45747717] [MonitoringSampleStore] history=479 capacity=601
2026-10-01 23:30:44.137656+0900 ResourceRunner[4593:45747717] [MonitoringSampleStore] history=480 capacity=601
2026-10-01 23:30:44.137775+0900 ResourceRunner[4593:45747717] [MonitoringSampleStore] history=481 capacity=601
2026-10-01 23:30:44.137898+0900 ResourceRunner[4593:45747717] [MonitoringSampleStore] history=482 capacity=601
2026-10-01 23:30:44.138007+0900 ResourceRunner[4593:45747717] [MonitoringSampleStore] history=483 capacity=601
2026-10-01 23:30:44.138122+0900 ResourceRunner[4593:45747717] [MonitoringSampleStore] history=484 capacity=601
2026-10-01 23:30:44.138235+0900 ResourceRunner[4593:45747717] [MonitoringSampleStore] history=485 capacity=601
2026-10-01 23:30:44.138357+0900 ResourceRunner[4593:45747717] [MonitoringSampleStore] history=486 capacity=601
2026-10-01 23:30:44.138477+0900 ResourceRunner[4593:45747717] [MonitoringSampleStore] history=487 capacity=601
2026-10-01 23:30:44.138596+0900 ResourceRunner[4593:45747717] [MonitoringSampleStore] history=488 capacity=601
2026-10-01 23:30:44.138712+0900 ResourceRunner[4593:45747717] [MonitoringSampleStore] history=489 capacity=601
2026-10-01 23:30:44.138828+0900 ResourceRunner[4593:45747717] [MonitoringSampleStore] history=490 capacity=601
2026-10-01 23:30:44.138946+0900 ResourceRunner[4593:45747717] [MonitoringSampleStore] history=491 capacity=601
2026-10-01 23:30:44.139059+0900 ResourceRunner[4593:45747717] [MonitoringSampleStore] history=492 capacity=601
2026-10-01 23:30:44.139175+0900 ResourceRunner[4593:45747717] [MonitoringSampleStore] history=493 capacity=601
2026-10-01 23:30:44.139290+0900 ResourceRunner[4593:45747717] [MonitoringSampleStore] history=494 capacity=601
2026-10-01 23:30:44.139413+0900 ResourceRunner[4593:45747717] [MonitoringSampleStore] history=495 capacity=601
2026-10-01 23:30:44.139557+0900 ResourceRunner[4593:45747717] [MonitoringSampleStore] history=496 capacity=601
2026-10-01 23:30:44.139743+0900 ResourceRunner[4593:45747717] [MonitoringSampleStore] history=497 capacity=601
2026-10-01 23:30:44.139882+0900 ResourceRunner[4593:45747717] [MonitoringSampleStore] history=498 capacity=601
2026-10-01 23:30:44.140019+0900 ResourceRunner[4593:45747717] [MonitoringSampleStore] history=499 capacity=601
2026-10-01 23:30:44.140148+0900 ResourceRunner[4593:45747717] [MonitoringSampleStore] history=500 capacity=601
2026-10-01 23:30:44.140291+0900 ResourceRunner[4593:45747717] [MonitoringSampleStore] history=501 capacity=601
2026-10-01 23:30:44.140430+0900 ResourceRunner[4593:45747717] [MonitoringSampleStore] history=502 capacity=601
2026-10-01 23:30:44.140570+0900 ResourceRunner[4593:45747717] [MonitoringSampleStore] history=503 capacity=601
2026-10-01 23:30:44.140709+0900 ResourceRunner[4593:45747717] [MonitoringSampleStore] history=504 capacity=601
2026-10-01 23:30:44.140839+0900 ResourceRunner[4593:45747717] [MonitoringSampleStore] history=505 capacity=601
2026-10-01 23:30:44.140979+0900 ResourceRunner[4593:45747717] [MonitoringSampleStore] history=506 capacity=601
2026-10-01 23:30:44.141107+0900 ResourceRunner[4593:45747717] [MonitoringSampleStore] history=507 capacity=601
2026-10-01 23:30:44.141251+0900 ResourceRunner[4593:45747717] [MonitoringSampleStore] history=508 capacity=601
2026-10-01 23:30:44.141403+0900 ResourceRunner[4593:45747717] [MonitoringSampleStore] history=509 capacity=601
2026-10-01 23:30:44.141540+0900 ResourceRunner[4593:45747717] [MonitoringSampleStore] history=510 capacity=601
2026-10-01 23:30:44.141691+0900 ResourceRunner[4593:45747717] [MonitoringSampleStore] history=511 capacity=601
2026-10-01 23:30:44.141851+0900 ResourceRunner[4593:45747717] [MonitoringSampleStore] history=512 capacity=601
2026-10-01 23:30:44.141995+0900 ResourceRunner[4593:45747717] [MonitoringSampleStore] history=513 capacity=601
2026-10-01 23:30:44.142135+0900 ResourceRunner[4593:45747717] [MonitoringSampleStore] history=514 capacity=601
2026-10-01 23:30:44.142281+0900 ResourceRunner[4593:45747717] [MonitoringSampleStore] history=515 capacity=601
2026-10-01 23:30:44.142422+0900 ResourceRunner[4593:45747717] [MonitoringSampleStore] history=516 capacity=601
2026-10-01 23:30:44.142568+0900 ResourceRunner[4593:45747717] [MonitoringSampleStore] history=517 capacity=601
2026-10-01 23:30:44.142711+0900 ResourceRunner[4593:45747717] [MonitoringSampleStore] history=518 capacity=601
2026-10-01 23:30:44.142856+0900 ResourceRunner[4593:45747717] [MonitoringSampleStore] history=519 capacity=601
2026-10-01 23:30:44.143001+0900 ResourceRunner[4593:45747717] [MonitoringSampleStore] history=520 capacity=601
2026-10-01 23:30:44.143143+0900 ResourceRunner[4593:45747717] [MonitoringSampleStore] history=521 capacity=601
2026-10-01 23:30:44.143283+0900 ResourceRunner[4593:45747717] [MonitoringSampleStore] history=522 capacity=601
2026-10-01 23:30:44.143426+0900 ResourceRunner[4593:45747717] [MonitoringSampleStore] history=523 capacity=601
2026-10-01 23:30:44.143569+0900 ResourceRunner[4593:45747717] [MonitoringSampleStore] history=524 capacity=601
2026-10-01 23:30:44.143716+0900 ResourceRunner[4593:45747717] [MonitoringSampleStore] history=525 capacity=601
2026-10-01 23:30:44.143852+0900 ResourceRunner[4593:45747717] [MonitoringSampleStore] history=526 capacity=601
2026-10-01 23:30:44.143997+0900 ResourceRunner[4593:45747717] [MonitoringSampleStore] history=527 capacity=601
2026-10-01 23:30:44.144138+0900 ResourceRunner[4593:45747717] [MonitoringSampleStore] history=528 capacity=601
2026-10-01 23:30:44.144280+0900 ResourceRunner[4593:45747717] [MonitoringSampleStore] history=529 capacity=601
2026-10-01 23:30:44.144425+0900 ResourceRunner[4593:45747717] [MonitoringSampleStore] history=530 capacity=601
2026-10-01 23:30:44.144570+0900 ResourceRunner[4593:45747717] [MonitoringSampleStore] history=531 capacity=601
2026-10-01 23:30:44.144712+0900 ResourceRunner[4593:45747717] [MonitoringSampleStore] history=532 capacity=601
2026-10-01 23:30:44.144854+0900 ResourceRunner[4593:45747717] [MonitoringSampleStore] history=533 capacity=601
2026-10-01 23:30:44.144997+0900 ResourceRunner[4593:45747717] [MonitoringSampleStore] history=534 capacity=601
2026-10-01 23:30:44.145141+0900 ResourceRunner[4593:45747717] [MonitoringSampleStore] history=535 capacity=601
2026-10-01 23:30:44.145287+0900 ResourceRunner[4593:45747717] [MonitoringSampleStore] history=536 capacity=601
2026-10-01 23:30:44.145430+0900 ResourceRunner[4593:45747717] [MonitoringSampleStore] history=537 capacity=601
2026-10-01 23:30:44.145573+0900 ResourceRunner[4593:45747717] [MonitoringSampleStore] history=538 capacity=601
2026-10-01 23:30:44.145717+0900 ResourceRunner[4593:45747717] [MonitoringSampleStore] history=539 capacity=601
2026-10-01 23:30:44.145861+0900 ResourceRunner[4593:45747717] [MonitoringSampleStore] history=540 capacity=601
2026-10-01 23:30:44.146006+0900 ResourceRunner[4593:45747717] [MonitoringSampleStore] history=541 capacity=601
2026-10-01 23:30:44.146150+0900 ResourceRunner[4593:45747717] [MonitoringSampleStore] history=542 capacity=601
2026-10-01 23:30:44.146294+0900 ResourceRunner[4593:45747717] [MonitoringSampleStore] history=543 capacity=601
2026-10-01 23:30:44.146439+0900 ResourceRunner[4593:45747717] [MonitoringSampleStore] history=544 capacity=601
2026-10-01 23:30:44.146587+0900 ResourceRunner[4593:45747717] [MonitoringSampleStore] history=545 capacity=601
2026-10-01 23:30:44.146733+0900 ResourceRunner[4593:45747717] [MonitoringSampleStore] history=546 capacity=601
2026-10-01 23:30:44.146890+0900 ResourceRunner[4593:45747717] [MonitoringSampleStore] history=547 capacity=601
2026-10-01 23:30:44.147041+0900 ResourceRunner[4593:45747717] [MonitoringSampleStore] history=548 capacity=601
2026-10-01 23:30:44.147189+0900 ResourceRunner[4593:45747717] [MonitoringSampleStore] history=549 capacity=601
2026-10-01 23:30:44.147341+0900 ResourceRunner[4593:45747717] [MonitoringSampleStore] history=550 capacity=601
2026-10-01 23:30:44.147496+0900 ResourceRunner[4593:45747717] [MonitoringSampleStore] history=551 capacity=601
2026-10-01 23:30:44.147646+0900 ResourceRunner[4593:45747717] [MonitoringSampleStore] history=552 capacity=601
2026-10-01 23:30:44.147797+0900 ResourceRunner[4593:45747717] [MonitoringSampleStore] history=553 capacity=601
2026-10-01 23:30:44.147949+0900 ResourceRunner[4593:45747717] [MonitoringSampleStore] history=554 capacity=601
2026-10-01 23:30:44.148099+0900 ResourceRunner[4593:45747717] [MonitoringSampleStore] history=555 capacity=601
2026-10-01 23:30:44.148247+0900 ResourceRunner[4593:45747717] [MonitoringSampleStore] history=556 capacity=601
2026-10-01 23:30:44.148394+0900 ResourceRunner[4593:45747717] [MonitoringSampleStore] history=557 capacity=601
2026-10-01 23:30:44.148536+0900 ResourceRunner[4593:45747717] [MonitoringSampleStore] history=558 capacity=601
2026-10-01 23:30:44.148688+0900 ResourceRunner[4593:45747717] [MonitoringSampleStore] history=559 capacity=601
2026-10-01 23:30:44.148836+0900 ResourceRunner[4593:45747717] [MonitoringSampleStore] history=560 capacity=601
2026-10-01 23:30:44.148986+0900 ResourceRunner[4593:45747717] [MonitoringSampleStore] history=561 capacity=601
2026-10-01 23:30:44.149140+0900 ResourceRunner[4593:45747717] [MonitoringSampleStore] history=562 capacity=601
2026-10-01 23:30:44.149289+0900 ResourceRunner[4593:45747717] [MonitoringSampleStore] history=563 capacity=601
2026-10-01 23:30:44.149438+0900 ResourceRunner[4593:45747717] [MonitoringSampleStore] history=564 capacity=601
2026-10-01 23:30:44.149600+0900 ResourceRunner[4593:45747717] [MonitoringSampleStore] history=565 capacity=601
2026-10-01 23:30:44.149755+0900 ResourceRunner[4593:45747717] [MonitoringSampleStore] history=566 capacity=601
2026-10-01 23:30:44.149904+0900 ResourceRunner[4593:45747717] [MonitoringSampleStore] history=567 capacity=601
2026-10-01 23:30:44.150054+0900 ResourceRunner[4593:45747717] [MonitoringSampleStore] history=568 capacity=601
2026-10-01 23:30:44.150209+0900 ResourceRunner[4593:45747717] [MonitoringSampleStore] history=569 capacity=601
2026-10-01 23:30:44.150359+0900 ResourceRunner[4593:45747717] [MonitoringSampleStore] history=570 capacity=601
2026-10-01 23:30:44.150509+0900 ResourceRunner[4593:45747717] [MonitoringSampleStore] history=571 capacity=601
2026-10-01 23:30:44.150661+0900 ResourceRunner[4593:45747717] [MonitoringSampleStore] history=572 capacity=601
2026-10-01 23:30:44.150820+0900 ResourceRunner[4593:45747717] [MonitoringSampleStore] history=573 capacity=601
2026-10-01 23:30:44.150978+0900 ResourceRunner[4593:45747717] [MonitoringSampleStore] history=574 capacity=601
2026-10-01 23:30:44.151130+0900 ResourceRunner[4593:45747717] [MonitoringSampleStore] history=575 capacity=601
2026-10-01 23:30:44.151285+0900 ResourceRunner[4593:45747717] [MonitoringSampleStore] history=576 capacity=601
2026-10-01 23:30:44.151441+0900 ResourceRunner[4593:45747717] [MonitoringSampleStore] history=577 capacity=601
2026-10-01 23:30:44.151593+0900 ResourceRunner[4593:45747717] [MonitoringSampleStore] history=578 capacity=601
2026-10-01 23:30:44.151744+0900 ResourceRunner[4593:45747717] [MonitoringSampleStore] history=579 capacity=601
2026-10-01 23:30:44.151897+0900 ResourceRunner[4593:45747717] [MonitoringSampleStore] history=580 capacity=601
2026-10-01 23:30:44.152058+0900 ResourceRunner[4593:45747717] [MonitoringSampleStore] history=581 capacity=601
2026-10-01 23:30:44.152219+0900 ResourceRunner[4593:45747717] [MonitoringSampleStore] history=582 capacity=601
2026-10-01 23:30:44.152375+0900 ResourceRunner[4593:45747717] [MonitoringSampleStore] history=583 capacity=601
2026-10-01 23:30:44.152536+0900 ResourceRunner[4593:45747717] [MonitoringSampleStore] history=584 capacity=601
2026-10-01 23:30:44.152689+0900 ResourceRunner[4593:45747717] [MonitoringSampleStore] history=585 capacity=601
2026-10-01 23:30:44.152852+0900 ResourceRunner[4593:45747717] [MonitoringSampleStore] history=586 capacity=601
2026-10-01 23:30:44.153006+0900 ResourceRunner[4593:45747717] [MonitoringSampleStore] history=587 capacity=601
2026-10-01 23:30:44.153161+0900 ResourceRunner[4593:45747717] [MonitoringSampleStore] history=588 capacity=601
2026-10-01 23:30:44.153316+0900 ResourceRunner[4593:45747717] [MonitoringSampleStore] history=589 capacity=601
2026-10-01 23:30:44.153473+0900 ResourceRunner[4593:45747717] [MonitoringSampleStore] history=590 capacity=601
2026-10-01 23:30:44.153628+0900 ResourceRunner[4593:45747717] [MonitoringSampleStore] history=591 capacity=601
2026-10-01 23:30:44.153784+0900 ResourceRunner[4593:45747717] [MonitoringSampleStore] history=592 capacity=601
2026-10-01 23:30:44.153940+0900 ResourceRunner[4593:45747717] [MonitoringSampleStore] history=593 capacity=601
2026-10-01 23:30:44.154097+0900 ResourceRunner[4593:45747717] [MonitoringSampleStore] history=594 capacity=601
2026-10-01 23:30:44.154252+0900 ResourceRunner[4593:45747717] [MonitoringSampleStore] history=595 capacity=601
2026-10-01 23:30:44.154413+0900 ResourceRunner[4593:45747717] [MonitoringSampleStore] history=596 capacity=601
2026-10-01 23:30:44.154588+0900 ResourceRunner[4593:45747717] [MonitoringSampleStore] history=597 capacity=601
2026-10-01 23:30:44.154747+0900 ResourceRunner[4593:45747717] [MonitoringSampleStore] history=598 capacity=601
2026-10-01 23:30:44.154903+0900 ResourceRunner[4593:45747717] [MonitoringSampleStore] history=599 capacity=601
2026-10-01 23:30:44.155064+0900 ResourceRunner[4593:45747717] [MonitoringSampleStore] history=600 capacity=601
2026-10-01 23:30:44.155226+0900 ResourceRunner[4593:45747717] [MonitoringSampleStore] history=601 capacity=601
2026-10-01 23:30:44.155382+0900 ResourceRunner[4593:45747717] [MonitoringSampleStore] history=601 capacity=601
✔ Test exceedingCapacityReplacesOnlyTheOldestEntry() passed after 0.048 seconds.
◇ Test ringCoversTheWholeTenMinuteWindowAtTheShortestInterval() started.
2026-10-01 23:30:44.155817+0900 ResourceRunner[4593:45748291] [MonitoringSampleStore] first valid history point collectionEpoch=0 history=1
2026-10-01 23:30:44.155820+0900 ResourceRunner[4593:45748284] [MonitoringSampleStore] history=1 capacity=601
2026-10-01 23:30:44.155825+0900 ResourceRunner[4593:45747743] [MonitoringSampleStore] history=2 capacity=601
2026-10-01 23:30:44.155833+0900 ResourceRunner[4593:45748284] [MonitoringSampleStore] history=3 capacity=601
2026-10-01 23:30:44.155834+0900 ResourceRunner[4593:45748291] [MonitoringSampleStore] history=4 capacity=601
2026-10-01 23:30:44.155843+0900 ResourceRunner[4593:45748284] [MonitoringSampleStore] history=7 capacity=601
2026-10-01 23:30:44.155842+0900 ResourceRunner[4593:45747742] [MonitoringSampleStore] history=6 capacity=601
2026-10-01 23:30:44.155850+0900 ResourceRunner[4593:45748291] [MonitoringSampleStore] history=8 capacity=601
2026-10-01 23:30:44.155856+0900 ResourceRunner[4593:45747742] [MonitoringSampleStore] history=9 capacity=601
2026-10-01 23:30:44.155859+0900 ResourceRunner[4593:45748284] [MonitoringSampleStore] history=10 capacity=601
2026-10-01 23:30:44.155834+0900 ResourceRunner[4593:45747743] [MonitoringSampleStore] history=5 capacity=601
2026-10-01 23:30:44.155865+0900 ResourceRunner[4593:45748291] [MonitoringSampleStore] history=11 capacity=601
2026-10-01 23:30:44.155868+0900 ResourceRunner[4593:45747742] [MonitoringSampleStore] history=12 capacity=601
2026-10-01 23:30:44.155873+0900 ResourceRunner[4593:45748291] [MonitoringSampleStore] history=13 capacity=601
2026-10-01 23:30:44.155889+0900 ResourceRunner[4593:45747742] [MonitoringSampleStore] history=14 capacity=601
2026-10-01 23:30:44.155908+0900 ResourceRunner[4593:45748291] [MonitoringSampleStore] history=16 capacity=601
2026-10-01 23:30:44.155913+0900 ResourceRunner[4593:45748291] [MonitoringSampleStore] history=17 capacity=601
2026-10-01 23:30:44.155913+0900 ResourceRunner[4593:45748285] [MonitoringSampleStore] history=15 capacity=601
2026-10-01 23:30:44.155920+0900 ResourceRunner[4593:45748285] [MonitoringSampleStore] history=18 capacity=601
2026-10-01 23:30:44.155943+0900 ResourceRunner[4593:45747717] [MonitoringSampleStore] history=19 capacity=601
2026-10-01 23:30:44.155953+0900 ResourceRunner[4593:45747717] [MonitoringSampleStore] history=20 capacity=601
2026-10-01 23:30:44.155957+0900 ResourceRunner[4593:45747742] [MonitoringSampleStore] history=21 capacity=601
2026-10-01 23:30:44.155964+0900 ResourceRunner[4593:45747742] [MonitoringSampleStore] history=22 capacity=601
2026-10-01 23:30:44.155981+0900 ResourceRunner[4593:45747742] [MonitoringSampleStore] history=23 capacity=601
2026-10-01 23:30:44.155987+0900 ResourceRunner[4593:45747742] [MonitoringSampleStore] history=24 capacity=601
2026-10-01 23:30:44.156003+0900 ResourceRunner[4593:45748291] [MonitoringSampleStore] history=25 capacity=601
2026-10-01 23:30:44.156023+0900 ResourceRunner[4593:45748291] [MonitoringSampleStore] history=26 capacity=601
2026-10-01 23:30:44.156030+0900 ResourceRunner[4593:45748291] [MonitoringSampleStore] history=27 capacity=601
2026-10-01 23:30:44.156034+0900 ResourceRunner[4593:45748291] [MonitoringSampleStore] history=28 capacity=601
2026-10-01 23:30:44.156053+0900 ResourceRunner[4593:45748291] [MonitoringSampleStore] history=29 capacity=601
2026-10-01 23:30:44.156066+0900 ResourceRunner[4593:45748291] [MonitoringSampleStore] history=30 capacity=601
2026-10-01 23:30:44.156082+0900 ResourceRunner[4593:45747717] [MonitoringSampleStore] history=31 capacity=601
2026-10-01 23:30:44.156102+0900 ResourceRunner[4593:45747717] [MonitoringSampleStore] history=32 capacity=601
2026-10-01 23:30:44.156111+0900 ResourceRunner[4593:45747717] [MonitoringSampleStore] history=33 capacity=601
2026-10-01 23:30:44.156135+0900 ResourceRunner[4593:45748291] [MonitoringSampleStore] history=34 capacity=601
2026-10-01 23:30:44.156155+0900 ResourceRunner[4593:45748291] [MonitoringSampleStore] history=35 capacity=601
2026-10-01 23:30:44.156160+0900 ResourceRunner[4593:45748291] [MonitoringSampleStore] history=36 capacity=601
2026-10-01 23:30:44.156188+0900 ResourceRunner[4593:45748291] [MonitoringSampleStore] history=37 capacity=601
2026-10-01 23:30:44.156216+0900 ResourceRunner[4593:45748291] [MonitoringSampleStore] history=38 capacity=601
2026-10-01 23:30:44.156220+0900 ResourceRunner[4593:45748291] [MonitoringSampleStore] history=39 capacity=601
2026-10-01 23:30:44.156245+0900 ResourceRunner[4593:45748291] [MonitoringSampleStore] history=40 capacity=601
2026-10-01 23:30:44.156250+0900 ResourceRunner[4593:45748291] [MonitoringSampleStore] history=41 capacity=601
2026-10-01 23:30:44.156273+0900 ResourceRunner[4593:45748291] [MonitoringSampleStore] history=42 capacity=601
2026-10-01 23:30:44.156290+0900 ResourceRunner[4593:45748291] [MonitoringSampleStore] history=43 capacity=601
2026-10-01 23:30:44.156304+0900 ResourceRunner[4593:45748291] [MonitoringSampleStore] history=44 capacity=601
2026-10-01 23:30:44.156326+0900 ResourceRunner[4593:45748291] [MonitoringSampleStore] history=45 capacity=601
2026-10-01 23:30:44.156335+0900 ResourceRunner[4593:45748291] [MonitoringSampleStore] history=46 capacity=601
2026-10-01 23:30:44.156355+0900 ResourceRunner[4593:45747717] [MonitoringSampleStore] history=47 capacity=601
2026-10-01 23:30:44.156377+0900 ResourceRunner[4593:45747717] [MonitoringSampleStore] history=48 capacity=601
2026-10-01 23:30:44.156396+0900 ResourceRunner[4593:45747717] [MonitoringSampleStore] history=49 capacity=601
2026-10-01 23:30:44.156413+0900 ResourceRunner[4593:45748291] [MonitoringSampleStore] history=50 capacity=601
2026-10-01 23:30:44.156453+0900 ResourceRunner[4593:45747742] [MonitoringSampleStore] history=52 capacity=601
2026-10-01 23:30:44.156472+0900 ResourceRunner[4593:45748285] [MonitoringSampleStore] history=53 capacity=601
2026-10-01 23:30:44.156496+0900 ResourceRunner[4593:45748284] [MonitoringSampleStore] history=54 capacity=601
2026-10-01 23:30:44.156432+0900 ResourceRunner[4593:45747743] [MonitoringSampleStore] history=51 capacity=601
2026-10-01 23:30:44.156516+0900 ResourceRunner[4593:45747722] [MonitoringSampleStore] history=55 capacity=601
2026-10-01 23:30:44.157493+0900 ResourceRunner[4593:45748291] [MonitoringSampleStore] history=62 capacity=601
2026-10-01 23:30:44.157494+0900 ResourceRunner[4593:45747717] [MonitoringSampleStore] history=63 capacity=601
2026-10-01 23:30:44.157500+0900 ResourceRunner[4593:45748284] [MonitoringSampleStore] history=66 capacity=601
2026-10-01 23:30:44.157498+0900 ResourceRunner[4593:45747742] [MonitoringSampleStore] history=64 capacity=601
2026-10-01 23:30:44.156535+0900 ResourceRunner[4593:45747675] [MonitoringSampleStore] history=56 capacity=601
2026-10-01 23:30:44.157501+0900 ResourceRunner[4593:45747743] [MonitoringSampleStore] history=67 capacity=601
2026-10-01 23:30:44.157502+0900 ResourceRunner[4593:45747722] [MonitoringSampleStore] history=68 capacity=601
2026-10-01 23:30:44.157502+0900 ResourceRunner[4593:45748291] [MonitoringSampleStore] history=69 capacity=601
2026-10-01 23:30:44.156620+0900 ResourceRunner[4593:45747719] [MonitoringSampleStore] history=60 capacity=601
2026-10-01 23:30:44.157502+0900 ResourceRunner[4593:45747717] [MonitoringSampleStore] history=70 capacity=601
2026-10-01 23:30:44.157582+0900 ResourceRunner[4593:45748284] [MonitoringSampleStore] history=71 capacity=601
2026-10-01 23:30:44.156562+0900 ResourceRunner[4593:45748282] [MonitoringSampleStore] history=57 capacity=601
2026-10-01 23:30:44.156642+0900 ResourceRunner[4593:45747676] [MonitoringSampleStore] history=61 capacity=601
2026-10-01 23:30:44.157583+0900 ResourceRunner[4593:45747742] [MonitoringSampleStore] history=72 capacity=601
2026-10-01 23:30:44.156579+0900 ResourceRunner[4593:45747686] [MonitoringSampleStore] history=58 capacity=601
2026-10-01 23:30:44.156598+0900 ResourceRunner[4593:45748294] [MonitoringSampleStore] history=59 capacity=601
2026-10-01 23:30:44.157586+0900 ResourceRunner[4593:45747719] [MonitoringSampleStore] history=77 capacity=601
2026-10-01 23:30:44.157584+0900 ResourceRunner[4593:45747722] [MonitoringSampleStore] history=75 capacity=601
2026-10-01 23:30:44.157585+0900 ResourceRunner[4593:45747675] [MonitoringSampleStore] history=74 capacity=601
2026-10-01 23:30:44.157651+0900 ResourceRunner[4593:45748282] [MonitoringSampleStore] history=80 capacity=601
2026-10-01 23:30:44.157652+0900 ResourceRunner[4593:45747676] [MonitoringSampleStore] history=81 capacity=601
2026-10-01 23:30:44.157498+0900 ResourceRunner[4593:45748285] [MonitoringSampleStore] history=65 capacity=601
2026-10-01 23:30:44.157657+0900 ResourceRunner[4593:45748294] [MonitoringSampleStore] history=84 capacity=601
2026-10-01 23:30:44.157656+0900 ResourceRunner[4593:45747686] [MonitoringSampleStore] history=85 capacity=601
2026-10-01 23:30:44.157656+0900 ResourceRunner[4593:45747722] [MonitoringSampleStore] history=82 capacity=601
2026-10-01 23:30:44.157586+0900 ResourceRunner[4593:45748291] [MonitoringSampleStore] history=76 capacity=601
2026-10-01 23:30:44.157584+0900 ResourceRunner[4593:45747743] [MonitoringSampleStore] history=73 capacity=601
2026-10-01 23:30:44.157588+0900 ResourceRunner[4593:45748284] [MonitoringSampleStore] history=79 capacity=601
2026-10-01 23:30:44.157658+0900 ResourceRunner[4593:45747675] [MonitoringSampleStore] history=87 capacity=601
2026-10-01 23:30:44.157657+0900 ResourceRunner[4593:45748282] [MonitoringSampleStore] history=88 capacity=601
2026-10-01 23:30:44.157737+0900 ResourceRunner[4593:45748285] [MonitoringSampleStore] history=90 capacity=601
2026-10-01 23:30:44.157741+0900 ResourceRunner[4593:45747743] [MonitoringSampleStore] history=95 capacity=601
2026-10-01 23:30:44.157740+0900 ResourceRunner[4593:45747722] [MonitoringSampleStore] history=93 capacity=601
2026-10-01 23:30:44.157658+0900 ResourceRunner[4593:45747676] [MonitoringSampleStore] history=89 capacity=601
2026-10-01 23:30:44.157737+0900 ResourceRunner[4593:45748294] [MonitoringSampleStore] history=91 capacity=601
2026-10-01 23:30:44.157742+0900 ResourceRunner[4593:45748282] [MonitoringSampleStore] history=97 capacity=601
2026-10-01 23:30:44.157656+0900 ResourceRunner[4593:45747719] [MonitoringSampleStore] history=83 capacity=601
2026-10-01 23:30:44.157656+0900 ResourceRunner[4593:45747742] [MonitoringSampleStore] history=86 capacity=601
2026-10-01 23:30:44.157877+0900 ResourceRunner[4593:45748285] [MonitoringSampleStore] history=99 capacity=601
2026-10-01 23:30:44.157881+0900 ResourceRunner[4593:45748294] [MonitoringSampleStore] history=2026-10-01 23:30:44.157753+0900 ResourceRunner[4593:45747675] [MonitoringSampleStore] history=98 capacity=601
102 capacity=601
2026-10-01 23:30:44.157741+0900 ResourceRunner[4593:45748291] [MonitoringSampleStore] history=94 capacity=601
2026-10-01 23:30:44.157881+0900 ResourceRunner[4593:45747743] [MonitoringSampleStore] history=100 capacity=601
2026-10-01 23:30:44.157885+0900 ResourceRunner[4593:45747676] [MonitoringSampleStore] history=106 capacity=601
2026-10-01 23:30:44.157588+0900 ResourceRunner[4593:45747717] [MonitoringSampleStore] history=78 capacity=601
2026-10-01 23:30:44.157737+0900 ResourceRunner[4593:45747686] [MonitoringSampleStore] history=92 capacity=601
2026-10-01 23:30:44.157883+0900 ResourceRunner[4593:45747719] [MonitoringSampleStore] history=104 capacity=601
2026-10-01 23:30:44.157742+0900 ResourceRunner[4593:45748284] [MonitoringSampleStore] history=96 capacity=601
2026-10-01 23:30:44.157949+0900 ResourceRunner[4593:45747675] [MonitoringSampleStore] history=108 capacity=601
2026-10-01 23:30:44.157952+0900 ResourceRunner[4593:45747676] [MonitoringSampleStore] history=111 capacity=601
2026-10-01 23:30:44.157881+0900 ResourceRunner[4593:45747722] [MonitoringSampleStore] history=101 capacity=601
2026-10-01 23:30:44.157883+0900 ResourceRunner[4593:45747742] [MonitoringSampleStore] history=105 capacity=601
2026-10-01 23:30:44.157953+0900 ResourceRunner[4593:45747743] [MonitoringSampleStore] history=112 capacity=601
2026-10-01 23:30:44.157881+0900 ResourceRunner[4593:45748282] [MonitoringSampleStore] history=103 capacity=601
2026-10-01 23:30:44.157952+0900 ResourceRunner[4593:45748291] [MonitoringSampleStore] history=110 capacity=601
2026-10-01 23:30:44.157886+0900 ResourceRunner[4593:45748285] [MonitoringSampleStore] history=107 capacity=601
2026-10-01 23:30:44.157952+0900 ResourceRunner[4593:45748294] [MonitoringSampleStore] history=109 capacity=601
2026-10-01 23:30:44.157987+0900 ResourceRunner[4593:45748284] [MonitoringSampleStore] history=113 capacity=601
2026-10-01 23:30:44.158017+0900 ResourceRunner[4593:45748284] [MonitoringSampleStore] history=114 capacity=601
2026-10-01 23:30:44.158054+0900 ResourceRunner[4593:45748294] [MonitoringSampleStore] history=115 capacity=601
2026-10-01 23:30:44.158090+0900 ResourceRunner[4593:45748294] [MonitoringSampleStore] history=116 capacity=601
2026-10-01 23:30:44.158127+0900 ResourceRunner[4593:45748294] [MonitoringSampleStore] history=117 capacity=601
2026-10-01 23:30:44.158170+0900 ResourceRunner[4593:45748294] [MonitoringSampleStore] history=118 capacity=601
2026-10-01 23:30:44.158205+0900 ResourceRunner[4593:45748294] [MonitoringSampleStore] history=119 capacity=601
2026-10-01 23:30:44.158253+0900 ResourceRunner[4593:45748294] [MonitoringSampleStore] history=120 capacity=601
2026-10-01 23:30:44.158294+0900 ResourceRunner[4593:45748294] [MonitoringSampleStore] history=121 capacity=601
2026-10-01 23:30:44.158337+0900 ResourceRunner[4593:45748294] [MonitoringSampleStore] history=122 capacity=601
2026-10-01 23:30:44.158375+0900 ResourceRunner[4593:45748294] [MonitoringSampleStore] history=123 capacity=601
2026-10-01 23:30:44.158417+0900 ResourceRunner[4593:45748294] [MonitoringSampleStore] history=124 capacity=601
2026-10-01 23:30:44.158457+0900 ResourceRunner[4593:45748294] [MonitoringSampleStore] history=125 capacity=601
2026-10-01 23:30:44.158499+0900 ResourceRunner[4593:45748294] [MonitoringSampleStore] history=126 capacity=601
2026-10-01 23:30:44.158547+0900 ResourceRunner[4593:45748294] [MonitoringSampleStore] history=127 capacity=601
2026-10-01 23:30:44.158581+0900 ResourceRunner[4593:45748294] [MonitoringSampleStore] history=128 capacity=601
2026-10-01 23:30:44.158623+0900 ResourceRunner[4593:45748294] [MonitoringSampleStore] history=129 capacity=601
2026-10-01 23:30:44.158666+0900 ResourceRunner[4593:45748294] [MonitoringSampleStore] history=130 capacity=601
2026-10-01 23:30:44.158709+0900 ResourceRunner[4593:45748294] [MonitoringSampleStore] history=131 capacity=601
2026-10-01 23:30:44.158749+0900 ResourceRunner[4593:45748294] [MonitoringSampleStore] history=132 capacity=601
2026-10-01 23:30:44.158794+0900 ResourceRunner[4593:45748294] [MonitoringSampleStore] history=133 capacity=601
2026-10-01 23:30:44.158855+0900 ResourceRunner[4593:45748294] [MonitoringSampleStore] history=134 capacity=601
2026-10-01 23:30:44.158876+0900 ResourceRunner[4593:45748294] [MonitoringSampleStore] history=135 capacity=601
2026-10-01 23:30:44.158920+0900 ResourceRunner[4593:45748294] [MonitoringSampleStore] history=136 capacity=601
2026-10-01 23:30:44.158966+0900 ResourceRunner[4593:45748294] [MonitoringSampleStore] history=137 capacity=601
2026-10-01 23:30:44.159010+0900 ResourceRunner[4593:45748294] [MonitoringSampleStore] history=138 capacity=601
2026-10-01 23:30:44.159055+0900 ResourceRunner[4593:45748294] [MonitoringSampleStore] history=139 capacity=601
2026-10-01 23:30:44.159100+0900 ResourceRunner[4593:45748294] [MonitoringSampleStore] history=140 capacity=601
2026-10-01 23:30:44.159136+0900 ResourceRunner[4593:45748294] [MonitoringSampleStore] history=141 capacity=601
2026-10-01 23:30:44.159174+0900 ResourceRunner[4593:45748294] [MonitoringSampleStore] history=142 capacity=601
2026-10-01 23:30:44.159211+0900 ResourceRunner[4593:45748294] [MonitoringSampleStore] history=143 capacity=601
2026-10-01 23:30:44.159248+0900 ResourceRunner[4593:45748294] [MonitoringSampleStore] history=144 capacity=601
2026-10-01 23:30:44.159293+0900 ResourceRunner[4593:45748294] [MonitoringSampleStore] history=145 capacity=601
2026-10-01 23:30:44.159331+0900 ResourceRunner[4593:45748294] [MonitoringSampleStore] history=146 capacity=601
2026-10-01 23:30:44.159369+0900 ResourceRunner[4593:45748294] [MonitoringSampleStore] history=147 capacity=601
2026-10-01 23:30:44.159407+0900 ResourceRunner[4593:45748294] [MonitoringSampleStore] history=148 capacity=601
2026-10-01 23:30:44.159450+0900 ResourceRunner[4593:45748294] [MonitoringSampleStore] history=149 capacity=601
2026-10-01 23:30:44.159489+0900 ResourceRunner[4593:45748294] [MonitoringSampleStore] history=150 capacity=601
2026-10-01 23:30:44.159528+0900 ResourceRunner[4593:45748294] [MonitoringSampleStore] history=151 capacity=601
2026-10-01 23:30:44.159568+0900 ResourceRunner[4593:45748294] [MonitoringSampleStore] history=152 capacity=601
2026-10-01 23:30:44.159607+0900 ResourceRunner[4593:45748294] [MonitoringSampleStore] history=153 capacity=601
2026-10-01 23:30:44.159647+0900 ResourceRunner[4593:45748294] [MonitoringSampleStore] history=154 capacity=601
2026-10-01 23:30:44.159687+0900 ResourceRunner[4593:45748294] [MonitoringSampleStore] history=155 capacity=601
2026-10-01 23:30:44.159732+0900 ResourceRunner[4593:45748294] [MonitoringSampleStore] history=156 capacity=601
2026-10-01 23:30:44.159772+0900 ResourceRunner[4593:45748294] [MonitoringSampleStore] history=157 capacity=601
2026-10-01 23:30:44.159814+0900 ResourceRunner[4593:45748294] [MonitoringSampleStore] history=158 capacity=601
2026-10-01 23:30:44.159855+0900 ResourceRunner[4593:45748294] [MonitoringSampleStore] history=159 capacity=601
2026-10-01 23:30:44.159900+0900 ResourceRunner[4593:45748294] [MonitoringSampleStore] history=160 capacity=601
2026-10-01 23:30:44.159942+0900 ResourceRunner[4593:45748294] [MonitoringSampleStore] history=161 capacity=601
2026-10-01 23:30:44.159987+0900 ResourceRunner[4593:45748294] [MonitoringSampleStore] history=162 capacity=601
2026-10-01 23:30:44.160029+0900 ResourceRunner[4593:45748294] [MonitoringSampleStore] history=163 capacity=601
2026-10-01 23:30:44.160077+0900 ResourceRunner[4593:45748294] [MonitoringSampleStore] history=164 capacity=601
2026-10-01 23:30:44.160121+0900 ResourceRunner[4593:45748294] [MonitoringSampleStore] history=165 capacity=601
2026-10-01 23:30:44.160165+0900 ResourceRunner[4593:45748294] [MonitoringSampleStore] history=166 capacity=601
2026-10-01 23:30:44.160225+0900 ResourceRunner[4593:45748294] [MonitoringSampleStore] history=167 capacity=601
2026-10-01 23:30:44.160263+0900 ResourceRunner[4593:45748294] [MonitoringSampleStore] history=168 capacity=601
2026-10-01 23:30:44.160300+0900 ResourceRunner[4593:45748294] [MonitoringSampleStore] history=169 capacity=601
2026-10-01 23:30:44.160340+0900 ResourceRunner[4593:45748294] [MonitoringSampleStore] history=170 capacity=601
2026-10-01 23:30:44.160383+0900 ResourceRunner[4593:45748294] [MonitoringSampleStore] history=171 capacity=601
2026-10-01 23:30:44.160428+0900 ResourceRunner[4593:45748294] [MonitoringSampleStore] history=172 capacity=601
2026-10-01 23:30:44.160475+0900 ResourceRunner[4593:45748294] [MonitoringSampleStore] history=173 capacity=601
2026-10-01 23:30:44.160520+0900 ResourceRunner[4593:45748294] [MonitoringSampleStore] history=174 capacity=601
2026-10-01 23:30:44.160565+0900 ResourceRunner[4593:45748294] [MonitoringSampleStore] history=175 capacity=601
2026-10-01 23:30:44.160615+0900 ResourceRunner[4593:45748294] [MonitoringSampleStore] history=176 capacity=601
2026-10-01 23:30:44.160662+0900 ResourceRunner[4593:45748294] [MonitoringSampleStore] history=177 capacity=601
2026-10-01 23:30:44.160705+0900 ResourceRunner[4593:45748294] [MonitoringSampleStore] history=178 capacity=601
2026-10-01 23:30:44.160754+0900 ResourceRunner[4593:45748294] [MonitoringSampleStore] history=179 capacity=601
2026-10-01 23:30:44.160801+0900 ResourceRunner[4593:45748294] [MonitoringSampleStore] history=180 capacity=601
2026-10-01 23:30:44.160846+0900 ResourceRunner[4593:45748294] [MonitoringSampleStore] history=181 capacity=601
2026-10-01 23:30:44.160893+0900 ResourceRunner[4593:45748294] [MonitoringSampleStore] history=182 capacity=601
2026-10-01 23:30:44.160945+0900 ResourceRunner[4593:45748294] [MonitoringSampleStore] history=183 capacity=601
2026-10-01 23:30:44.160995+0900 ResourceRunner[4593:45748294] [MonitoringSampleStore] history=184 capacity=601
2026-10-01 23:30:44.161047+0900 ResourceRunner[4593:45748294] [MonitoringSampleStore] history=185 capacity=601
2026-10-01 23:30:44.161093+0900 ResourceRunner[4593:45748294] [MonitoringSampleStore] history=186 capacity=601
2026-10-01 23:30:44.161141+0900 ResourceRunner[4593:45748294] [MonitoringSampleStore] history=187 capacity=601
2026-10-01 23:30:44.161190+0900 ResourceRunner[4593:45748294] [MonitoringSampleStore] history=188 capacity=601
2026-10-01 23:30:44.161238+0900 ResourceRunner[4593:45748294] [MonitoringSampleStore] history=189 capacity=601
2026-10-01 23:30:44.161287+0900 ResourceRunner[4593:45748294] [MonitoringSampleStore] history=190 capacity=601
2026-10-01 23:30:44.161337+0900 ResourceRunner[4593:45748294] [MonitoringSampleStore] history=191 capacity=601
2026-10-01 23:30:44.161387+0900 ResourceRunner[4593:45748294] [MonitoringSampleStore] history=192 capacity=601
2026-10-01 23:30:44.161435+0900 ResourceRunner[4593:45748294] [MonitoringSampleStore] history=193 capacity=601
2026-10-01 23:30:44.161484+0900 ResourceRunner[4593:45748294] [MonitoringSampleStore] history=194 capacity=601
2026-10-01 23:30:44.161535+0900 ResourceRunner[4593:45748294] [MonitoringSampleStore] history=195 capacity=601
2026-10-01 23:30:44.161585+0900 ResourceRunner[4593:45748294] [MonitoringSampleStore] history=196 capacity=601
2026-10-01 23:30:44.161634+0900 ResourceRunner[4593:45748294] [MonitoringSampleStore] history=197 capacity=601
2026-10-01 23:30:44.161685+0900 ResourceRunner[4593:45748294] [MonitoringSampleStore] history=198 capacity=601
2026-10-01 23:30:44.161740+0900 ResourceRunner[4593:45748294] [MonitoringSampleStore] history=199 capacity=601
2026-10-01 23:30:44.161791+0900 ResourceRunner[4593:45748294] [MonitoringSampleStore] history=200 capacity=601
2026-10-01 23:30:44.161842+0900 ResourceRunner[4593:45748294] [MonitoringSampleStore] history=201 capacity=601
2026-10-01 23:30:44.161893+0900 ResourceRunner[4593:45748294] [MonitoringSampleStore] history=202 capacity=601
2026-10-01 23:30:44.161947+0900 ResourceRunner[4593:45748294] [MonitoringSampleStore] history=203 capacity=601
2026-10-01 23:30:44.161999+0900 ResourceRunner[4593:45748294] [MonitoringSampleStore] history=204 capacity=601
2026-10-01 23:30:44.162050+0900 ResourceRunner[4593:45748294] [MonitoringSampleStore] history=205 capacity=601
2026-10-01 23:30:44.162102+0900 ResourceRunner[4593:45748294] [MonitoringSampleStore] history=206 capacity=601
2026-10-01 23:30:44.162155+0900 ResourceRunner[4593:45748294] [MonitoringSampleStore] history=207 capacity=601
2026-10-01 23:30:44.162208+0900 ResourceRunner[4593:45748294] [MonitoringSampleStore] history=208 capacity=601
2026-10-01 23:30:44.162260+0900 ResourceRunner[4593:45748294] [MonitoringSampleStore] history=209 capacity=601
2026-10-01 23:30:44.162313+0900 ResourceRunner[4593:45748294] [MonitoringSampleStore] history=210 capacity=601
2026-10-01 23:30:44.162367+0900 ResourceRunner[4593:45748294] [MonitoringSampleStore] history=211 capacity=601
2026-10-01 23:30:44.162420+0900 ResourceRunner[4593:45748294] [MonitoringSampleStore] history=212 capacity=601
2026-10-01 23:30:44.162475+0900 ResourceRunner[4593:45748294] [MonitoringSampleStore] history=213 capacity=601
2026-10-01 23:30:44.162528+0900 ResourceRunner[4593:45748294] [MonitoringSampleStore] history=214 capacity=601
2026-10-01 23:30:44.162583+0900 ResourceRunner[4593:45748294] [MonitoringSampleStore] history=215 capacity=601
2026-10-01 23:30:44.162643+0900 ResourceRunner[4593:45748294] [MonitoringSampleStore] history=216 capacity=601
2026-10-01 23:30:44.162692+0900 ResourceRunner[4593:45748294] [MonitoringSampleStore] history=217 capacity=601
2026-10-01 23:30:44.162756+0900 ResourceRunner[4593:45748294] [MonitoringSampleStore] history=218 capacity=601
2026-10-01 23:30:44.162812+0900 ResourceRunner[4593:45748294] [MonitoringSampleStore] history=219 capacity=601
2026-10-01 23:30:44.162868+0900 ResourceRunner[4593:45748294] [MonitoringSampleStore] history=220 capacity=601
2026-10-01 23:30:44.162923+0900 ResourceRunner[4593:45748294] [MonitoringSampleStore] history=221 capacity=601
2026-10-01 23:30:44.162979+0900 ResourceRunner[4593:45748294] [MonitoringSampleStore] history=222 capacity=601
2026-10-01 23:30:44.163035+0900 ResourceRunner[4593:45748294] [MonitoringSampleStore] history=223 capacity=601
2026-10-01 23:30:44.163093+0900 ResourceRunner[4593:45748294] [MonitoringSampleStore] history=224 capacity=601
2026-10-01 23:30:44.163150+0900 ResourceRunner[4593:45748294] [MonitoringSampleStore] history=225 capacity=601
2026-10-01 23:30:44.163206+0900 ResourceRunner[4593:45748294] [MonitoringSampleStore] history=226 capacity=601
2026-10-01 23:30:44.163263+0900 ResourceRunner[4593:45748294] [MonitoringSampleStore] history=227 capacity=601
2026-10-01 23:30:44.163320+0900 ResourceRunner[4593:45748294] [MonitoringSampleStore] history=228 capacity=601
2026-10-01 23:30:44.163377+0900 ResourceRunner[4593:45748294] [MonitoringSampleStore] history=229 capacity=601
2026-10-01 23:30:44.163435+0900 ResourceRunner[4593:45748294] [MonitoringSampleStore] history=230 capacity=601
2026-10-01 23:30:44.163497+0900 ResourceRunner[4593:45748294] [MonitoringSampleStore] history=231 capacity=601
2026-10-01 23:30:44.163555+0900 ResourceRunner[4593:45748294] [MonitoringSampleStore] history=232 capacity=601
2026-10-01 23:30:44.163613+0900 ResourceRunner[4593:45748294] [MonitoringSampleStore] history=233 capacity=601
2026-10-01 23:30:44.163672+0900 ResourceRunner[4593:45748294] [MonitoringSampleStore] history=234 capacity=601
2026-10-01 23:30:44.163730+0900 ResourceRunner[4593:45748294] [MonitoringSampleStore] history=235 capacity=601
2026-10-01 23:30:44.163789+0900 ResourceRunner[4593:45748294] [MonitoringSampleStore] history=236 capacity=601
2026-10-01 23:30:44.163847+0900 ResourceRunner[4593:45748294] [MonitoringSampleStore] history=237 capacity=601
2026-10-01 23:30:44.163906+0900 ResourceRunner[4593:45748294] [MonitoringSampleStore] history=238 capacity=601
2026-10-01 23:30:44.163965+0900 ResourceRunner[4593:45748294] [MonitoringSampleStore] history=239 capacity=601
2026-10-01 23:30:44.164024+0900 ResourceRunner[4593:45748294] [MonitoringSampleStore] history=240 capacity=601
2026-10-01 23:30:44.164083+0900 ResourceRunner[4593:45748294] [MonitoringSampleStore] history=241 capacity=601
2026-10-01 23:30:44.164147+0900 ResourceRunner[4593:45748294] [MonitoringSampleStore] history=242 capacity=601
2026-10-01 23:30:44.164209+0900 ResourceRunner[4593:45748294] [MonitoringSampleStore] history=243 capacity=601
2026-10-01 23:30:44.164270+0900 ResourceRunner[4593:45748294] [MonitoringSampleStore] history=244 capacity=601
2026-10-01 23:30:44.164331+0900 ResourceRunner[4593:45748294] [MonitoringSampleStore] history=245 capacity=601
2026-10-01 23:30:44.164392+0900 ResourceRunner[4593:45748294] [MonitoringSampleStore] history=246 capacity=601
2026-10-01 23:30:44.164454+0900 ResourceRunner[4593:45748294] [MonitoringSampleStore] history=247 capacity=601
2026-10-01 23:30:44.164515+0900 ResourceRunner[4593:45748294] [MonitoringSampleStore] history=248 capacity=601
2026-10-01 23:30:44.164578+0900 ResourceRunner[4593:45748294] [MonitoringSampleStore] history=249 capacity=601
2026-10-01 23:30:44.164640+0900 ResourceRunner[4593:45748294] [MonitoringSampleStore] history=250 capacity=601
2026-10-01 23:30:44.164703+0900 ResourceRunner[4593:45748294] [MonitoringSampleStore] history=251 capacity=601
2026-10-01 23:30:44.164766+0900 ResourceRunner[4593:45748294] [MonitoringSampleStore] history=252 capacity=601
2026-10-01 23:30:44.164829+0900 ResourceRunner[4593:45748294] [MonitoringSampleStore] history=253 capacity=601
2026-10-01 23:30:44.164892+0900 ResourceRunner[4593:45748294] [MonitoringSampleStore] history=254 capacity=601
2026-10-01 23:30:44.164956+0900 ResourceRunner[4593:45748294] [MonitoringSampleStore] history=255 capacity=601
2026-10-01 23:30:44.165022+0900 ResourceRunner[4593:45748294] [MonitoringSampleStore] history=256 capacity=601
2026-10-01 23:30:44.165086+0900 ResourceRunner[4593:45748294] [MonitoringSampleStore] history=257 capacity=601
2026-10-01 23:30:44.165150+0900 ResourceRunner[4593:45748294] [MonitoringSampleStore] history=258 capacity=601
2026-10-01 23:30:44.165214+0900 ResourceRunner[4593:45748294] [MonitoringSampleStore] history=259 capacity=601
2026-10-01 23:30:44.165278+0900 ResourceRunner[4593:45748294] [MonitoringSampleStore] history=260 capacity=601
2026-10-01 23:30:44.165343+0900 ResourceRunner[4593:45748294] [MonitoringSampleStore] history=261 capacity=601
2026-10-01 23:30:44.165407+0900 ResourceRunner[4593:45748294] [MonitoringSampleStore] history=262 capacity=601
2026-10-01 23:30:44.165472+0900 ResourceRunner[4593:45748294] [MonitoringSampleStore] history=263 capacity=601
2026-10-01 23:30:44.165537+0900 ResourceRunner[4593:45748294] [MonitoringSampleStore] history=264 capacity=601
2026-10-01 23:30:44.165602+0900 ResourceRunner[4593:45748294] [MonitoringSampleStore] history=265 capacity=601
2026-10-01 23:30:44.165668+0900 ResourceRunner[4593:45748294] [MonitoringSampleStore] history=266 capacity=601
2026-10-01 23:30:44.165740+0900 ResourceRunner[4593:45748294] [MonitoringSampleStore] history=267 capacity=601
2026-10-01 23:30:44.165807+0900 ResourceRunner[4593:45748294] [MonitoringSampleStore] history=268 capacity=601
2026-10-01 23:30:44.165872+0900 ResourceRunner[4593:45748294] [MonitoringSampleStore] history=269 capacity=601
2026-10-01 23:30:44.165938+0900 ResourceRunner[4593:45748294] [MonitoringSampleStore] history=270 capacity=601
2026-10-01 23:30:44.166004+0900 ResourceRunner[4593:45748294] [MonitoringSampleStore] history=271 capacity=601
2026-10-01 23:30:44.166070+0900 ResourceRunner[4593:45748294] [MonitoringSampleStore] history=272 capacity=601
2026-10-01 23:30:44.166137+0900 ResourceRunner[4593:45748294] [MonitoringSampleStore] history=273 capacity=601
2026-10-01 23:30:44.166203+0900 ResourceRunner[4593:45748294] [MonitoringSampleStore] history=274 capacity=601
2026-10-01 23:30:44.166270+0900 ResourceRunner[4593:45748294] [MonitoringSampleStore] history=275 capacity=601
2026-10-01 23:30:44.166338+0900 ResourceRunner[4593:45748294] [MonitoringSampleStore] history=276 capacity=601
2026-10-01 23:30:44.166405+0900 ResourceRunner[4593:45748294] [MonitoringSampleStore] history=277 capacity=601
2026-10-01 23:30:44.166473+0900 ResourceRunner[4593:45748294] [MonitoringSampleStore] history=278 capacity=601
2026-10-01 23:30:44.166541+0900 ResourceRunner[4593:45748294] [MonitoringSampleStore] history=279 capacity=601
2026-10-01 23:30:44.166609+0900 ResourceRunner[4593:45748294] [MonitoringSampleStore] history=280 capacity=601
2026-10-01 23:30:44.166679+0900 ResourceRunner[4593:45748294] [MonitoringSampleStore] history=281 capacity=601
2026-10-01 23:30:44.166748+0900 ResourceRunner[4593:45748294] [MonitoringSampleStore] history=282 capacity=601
2026-10-01 23:30:44.166822+0900 ResourceRunner[4593:45748294] [MonitoringSampleStore] history=283 capacity=601
2026-10-01 23:30:44.166892+0900 ResourceRunner[4593:45748294] [MonitoringSampleStore] history=284 capacity=601
2026-10-01 23:30:44.166963+0900 ResourceRunner[4593:45748294] [MonitoringSampleStore] history=285 capacity=601
2026-10-01 23:30:44.167041+0900 ResourceRunner[4593:45748294] [MonitoringSampleStore] history=286 capacity=601
2026-10-01 23:30:44.167123+0900 ResourceRunner[4593:45748294] [MonitoringSampleStore] history=287 capacity=601
2026-10-01 23:30:44.167194+0900 ResourceRunner[4593:45748294] [MonitoringSampleStore] history=288 capacity=601
2026-10-01 23:30:44.167264+0900 ResourceRunner[4593:45748294] [MonitoringSampleStore] history=289 capacity=601
2026-10-01 23:30:44.167335+0900 ResourceRunner[4593:45748294] [MonitoringSampleStore] history=290 capacity=601
2026-10-01 23:30:44.167405+0900 ResourceRunner[4593:45748294] [MonitoringSampleStore] history=291 capacity=601
2026-10-01 23:30:44.167476+0900 ResourceRunner[4593:45748294] [MonitoringSampleStore] history=292 capacity=601
2026-10-01 23:30:44.167547+0900 ResourceRunner[4593:45748294] [MonitoringSampleStore] history=293 capacity=601
2026-10-01 23:30:44.167618+0900 ResourceRunner[4593:45748294] [MonitoringSampleStore] history=294 capacity=601
2026-10-01 23:30:44.167689+0900 ResourceRunner[4593:45748294] [MonitoringSampleStore] history=295 capacity=601
2026-10-01 23:30:44.167761+0900 ResourceRunner[4593:45748294] [MonitoringSampleStore] history=296 capacity=601
2026-10-01 23:30:44.167834+0900 ResourceRunner[4593:45748294] [MonitoringSampleStore] history=297 capacity=601
2026-10-01 23:30:44.167916+0900 ResourceRunner[4593:45748294] [MonitoringSampleStore] history=298 capacity=601
2026-10-01 23:30:44.168004+0900 ResourceRunner[4593:45748294] [MonitoringSampleStore] history=299 capacity=601
2026-10-01 23:30:44.168091+0900 ResourceRunner[4593:45748294] [MonitoringSampleStore] history=300 capacity=601
2026-10-01 23:30:44.168178+0900 ResourceRunner[4593:45748294] [MonitoringSampleStore] history=301 capacity=601
2026-10-01 23:30:44.168265+0900 ResourceRunner[4593:45748294] [MonitoringSampleStore] history=302 capacity=601
2026-10-01 23:30:44.168354+0900 ResourceRunner[4593:45748294] [MonitoringSampleStore] history=303 capacity=601
2026-10-01 23:30:44.168435+0900 ResourceRunner[4593:45748294] [MonitoringSampleStore] history=304 capacity=601
2026-10-01 23:30:44.168521+0900 ResourceRunner[4593:45748294] [MonitoringSampleStore] history=305 capacity=601
2026-10-01 23:30:44.168609+0900 ResourceRunner[4593:45748294] [MonitoringSampleStore] history=306 capacity=601
2026-10-01 23:30:44.168698+0900 ResourceRunner[4593:45748294] [MonitoringSampleStore] history=307 capacity=601
2026-10-01 23:30:44.168786+0900 ResourceRunner[4593:45748294] [MonitoringSampleStore] history=308 capacity=601
2026-10-01 23:30:44.168879+0900 ResourceRunner[4593:45748294] [MonitoringSampleStore] history=309 capacity=601
2026-10-01 23:30:44.168969+0900 ResourceRunner[4593:45748294] [MonitoringSampleStore] history=310 capacity=601
2026-10-01 23:30:44.169053+0900 ResourceRunner[4593:45748294] [MonitoringSampleStore] history=311 capacity=601
2026-10-01 23:30:44.169149+0900 ResourceRunner[4593:45748294] [MonitoringSampleStore] history=312 capacity=601
2026-10-01 23:30:44.169234+0900 ResourceRunner[4593:45748294] [MonitoringSampleStore] history=313 capacity=601
2026-10-01 23:30:44.169329+0900 ResourceRunner[4593:45748294] [MonitoringSampleStore] history=314 capacity=601
2026-10-01 23:30:44.169421+0900 ResourceRunner[4593:45748294] [MonitoringSampleStore] history=315 capacity=601
2026-10-01 23:30:44.169510+0900 ResourceRunner[4593:45748294] [MonitoringSampleStore] history=316 capacity=601
2026-10-01 23:30:44.169601+0900 ResourceRunner[4593:45748294] [MonitoringSampleStore] history=317 capacity=601
2026-10-01 23:30:44.169691+0900 ResourceRunner[4593:45748294] [MonitoringSampleStore] history=318 capacity=601
2026-10-01 23:30:44.169782+0900 ResourceRunner[4593:45748294] [MonitoringSampleStore] history=319 capacity=601
2026-10-01 23:30:44.169873+0900 ResourceRunner[4593:45748294] [MonitoringSampleStore] history=320 capacity=601
2026-10-01 23:30:44.169964+0900 ResourceRunner[4593:45748294] [MonitoringSampleStore] history=321 capacity=601
2026-10-01 23:30:44.170056+0900 ResourceRunner[4593:45748294] [MonitoringSampleStore] history=322 capacity=601
2026-10-01 23:30:44.170147+0900 ResourceRunner[4593:45748294] [MonitoringSampleStore] history=323 capacity=601
2026-10-01 23:30:44.170239+0900 ResourceRunner[4593:45748294] [MonitoringSampleStore] history=324 capacity=601
2026-10-01 23:30:44.170334+0900 ResourceRunner[4593:45748294] [MonitoringSampleStore] history=325 capacity=601
2026-10-01 23:30:44.170435+0900 ResourceRunner[4593:45748294] [MonitoringSampleStore] history=326 capacity=601
2026-10-01 23:30:44.170541+0900 ResourceRunner[4593:45748294] [MonitoringSampleStore] history=327 capacity=601
2026-10-01 23:30:44.170628+0900 ResourceRunner[4593:45748294] [MonitoringSampleStore] history=328 capacity=601
2026-10-01 23:30:44.170719+0900 ResourceRunner[4593:45748294] [MonitoringSampleStore] history=329 capacity=601
2026-10-01 23:30:44.170817+0900 ResourceRunner[4593:45748294] [MonitoringSampleStore] history=330 capacity=601
2026-10-01 23:30:44.170901+0900 ResourceRunner[4593:45748294] [MonitoringSampleStore] history=331 capacity=601
2026-10-01 23:30:44.171004+0900 ResourceRunner[4593:45748294] [MonitoringSampleStore] history=332 capacity=601
2026-10-01 23:30:44.171099+0900 ResourceRunner[4593:45748294] [MonitoringSampleStore] history=333 capacity=601
2026-10-01 23:30:44.171193+0900 ResourceRunner[4593:45748294] [MonitoringSampleStore] history=334 capacity=601
2026-10-01 23:30:44.171296+0900 ResourceRunner[4593:45748294] [MonitoringSampleStore] history=335 capacity=601
2026-10-01 23:30:44.171406+0900 ResourceRunner[4593:45748294] [MonitoringSampleStore] history=336 capacity=601
2026-10-01 23:30:44.171504+0900 ResourceRunner[4593:45748294] [MonitoringSampleStore] history=337 capacity=601
2026-10-01 23:30:44.171610+0900 ResourceRunner[4593:45748294] [MonitoringSampleStore] history=338 capacity=601
2026-10-01 23:30:44.171705+0900 ResourceRunner[4593:45748294] [MonitoringSampleStore] history=339 capacity=601
2026-10-01 23:30:44.171800+0900 ResourceRunner[4593:45748294] [MonitoringSampleStore] history=340 capacity=601
2026-10-01 23:30:44.171902+0900 ResourceRunner[4593:45748294] [MonitoringSampleStore] history=341 capacity=601
2026-10-01 23:30:44.171998+0900 ResourceRunner[4593:45748294] [MonitoringSampleStore] history=342 capacity=601
2026-10-01 23:30:44.172098+0900 ResourceRunner[4593:45748294] [MonitoringSampleStore] history=343 capacity=601
2026-10-01 23:30:44.172190+0900 ResourceRunner[4593:45748294] [MonitoringSampleStore] history=344 capacity=601
2026-10-01 23:30:44.172288+0900 ResourceRunner[4593:45748294] [MonitoringSampleStore] history=345 capacity=601
2026-10-01 23:30:44.172390+0900 ResourceRunner[4593:45748294] [MonitoringSampleStore] history=346 capacity=601
2026-10-01 23:30:44.172490+0900 ResourceRunner[4593:45748294] [MonitoringSampleStore] history=347 capacity=601
2026-10-01 23:30:44.172589+0900 ResourceRunner[4593:45748294] [MonitoringSampleStore] history=348 capacity=601
2026-10-01 23:30:44.172686+0900 ResourceRunner[4593:45748294] [MonitoringSampleStore] history=349 capacity=601
2026-10-01 23:30:44.172783+0900 ResourceRunner[4593:45748294] [MonitoringSampleStore] history=350 capacity=601
2026-10-01 23:30:44.172881+0900 ResourceRunner[4593:45748294] [MonitoringSampleStore] history=351 capacity=601
2026-10-01 23:30:44.172978+0900 ResourceRunner[4593:45748294] [MonitoringSampleStore] history=352 capacity=601
2026-10-01 23:30:44.173082+0900 ResourceRunner[4593:45748294] [MonitoringSampleStore] history=353 capacity=601
2026-10-01 23:30:44.173180+0900 ResourceRunner[4593:45748294] [MonitoringSampleStore] history=354 capacity=601
2026-10-01 23:30:44.173279+0900 ResourceRunner[4593:45748294] [MonitoringSampleStore] history=355 capacity=601
2026-10-01 23:30:44.173381+0900 ResourceRunner[4593:45748294] [MonitoringSampleStore] history=356 capacity=601
2026-10-01 23:30:44.173480+0900 ResourceRunner[4593:45748294] [MonitoringSampleStore] history=357 capacity=601
2026-10-01 23:30:44.173580+0900 ResourceRunner[4593:45748294] [MonitoringSampleStore] history=358 capacity=601
2026-10-01 23:30:44.173679+0900 ResourceRunner[4593:45748294] [MonitoringSampleStore] history=359 capacity=601
2026-10-01 23:30:44.173778+0900 ResourceRunner[4593:45748294] [MonitoringSampleStore] history=360 capacity=601
2026-10-01 23:30:44.173880+0900 ResourceRunner[4593:45748294] [MonitoringSampleStore] history=361 capacity=601
2026-10-01 23:30:44.173979+0900 ResourceRunner[4593:45748294] [MonitoringSampleStore] history=362 capacity=601
2026-10-01 23:30:44.174079+0900 ResourceRunner[4593:45748294] [MonitoringSampleStore] history=363 capacity=601
2026-10-01 23:30:44.174179+0900 ResourceRunner[4593:45748294] [MonitoringSampleStore] history=364 capacity=601
2026-10-01 23:30:44.174282+0900 ResourceRunner[4593:45748294] [MonitoringSampleStore] history=365 capacity=601
2026-10-01 23:30:44.174383+0900 ResourceRunner[4593:45748294] [MonitoringSampleStore] history=366 capacity=601
2026-10-01 23:30:44.174489+0900 ResourceRunner[4593:45748294] [MonitoringSampleStore] history=367 capacity=601
2026-10-01 23:30:44.174590+0900 ResourceRunner[4593:45748294] [MonitoringSampleStore] history=368 capacity=601
2026-10-01 23:30:44.174692+0900 ResourceRunner[4593:45748294] [MonitoringSampleStore] history=369 capacity=601
2026-10-01 23:30:44.174794+0900 ResourceRunner[4593:45748294] [MonitoringSampleStore] history=370 capacity=601
2026-10-01 23:30:44.174899+0900 ResourceRunner[4593:45748294] [MonitoringSampleStore] history=371 capacity=601
2026-10-01 23:30:44.175000+0900 ResourceRunner[4593:45748294] [MonitoringSampleStore] history=372 capacity=601
2026-10-01 23:30:44.175107+0900 ResourceRunner[4593:45748294] [MonitoringSampleStore] history=373 capacity=601
2026-10-01 23:30:44.175214+0900 ResourceRunner[4593:45748294] [MonitoringSampleStore] history=374 capacity=601
2026-10-01 23:30:44.175321+0900 ResourceRunner[4593:45748294] [MonitoringSampleStore] history=375 capacity=601
2026-10-01 23:30:44.175433+0900 ResourceRunner[4593:45748294] [MonitoringSampleStore] history=376 capacity=601
2026-10-01 23:30:44.175531+0900 ResourceRunner[4593:45748294] [MonitoringSampleStore] history=377 capacity=601
2026-10-01 23:30:44.175633+0900 ResourceRunner[4593:45748294] [MonitoringSampleStore] history=378 capacity=601
2026-10-01 23:30:44.175748+0900 ResourceRunner[4593:45748294] [MonitoringSampleStore] history=379 capacity=601
2026-10-01 23:30:44.175855+0900 ResourceRunner[4593:45748294] [MonitoringSampleStore] history=380 capacity=601
2026-10-01 23:30:44.175964+0900 ResourceRunner[4593:45748294] [MonitoringSampleStore] history=381 capacity=601
2026-10-01 23:30:44.176070+0900 ResourceRunner[4593:45748294] [MonitoringSampleStore] history=382 capacity=601
2026-10-01 23:30:44.176180+0900 ResourceRunner[4593:45748294] [MonitoringSampleStore] history=383 capacity=601
2026-10-01 23:30:44.176285+0900 ResourceRunner[4593:45748294] [MonitoringSampleStore] history=384 capacity=601
2026-10-01 23:30:44.176390+0900 ResourceRunner[4593:45748294] [MonitoringSampleStore] history=385 capacity=601
2026-10-01 23:30:44.176499+0900 ResourceRunner[4593:45748294] [MonitoringSampleStore] history=386 capacity=601
2026-10-01 23:30:44.176609+0900 ResourceRunner[4593:45748294] [MonitoringSampleStore] history=387 capacity=601
2026-10-01 23:30:44.176716+0900 ResourceRunner[4593:45748294] [MonitoringSampleStore] history=388 capacity=601
2026-10-01 23:30:44.176828+0900 ResourceRunner[4593:45748294] [MonitoringSampleStore] history=389 capacity=601
2026-10-01 23:30:44.176942+0900 ResourceRunner[4593:45748294] [MonitoringSampleStore] history=390 capacity=601
2026-10-01 23:30:44.177058+0900 ResourceRunner[4593:45748294] [MonitoringSampleStore] history=391 capacity=601
2026-10-01 23:30:44.177161+0900 ResourceRunner[4593:45748294] [MonitoringSampleStore] history=392 capacity=601
2026-10-01 23:30:44.177268+0900 ResourceRunner[4593:45748294] [MonitoringSampleStore] history=393 capacity=601
2026-10-01 23:30:44.177378+0900 ResourceRunner[4593:45748294] [MonitoringSampleStore] history=394 capacity=601
2026-10-01 23:30:44.177480+0900 ResourceRunner[4593:45748294] [MonitoringSampleStore] history=395 capacity=601
2026-10-01 23:30:44.177596+0900 ResourceRunner[4593:45748294] [MonitoringSampleStore] history=396 capacity=601
2026-10-01 23:30:44.177767+0900 ResourceRunner[4593:45748294] [MonitoringSampleStore] history=397 capacity=601
2026-10-01 23:30:44.177897+0900 ResourceRunner[4593:45748294] [MonitoringSampleStore] history=398 capacity=601
2026-10-01 23:30:44.178025+0900 ResourceRunner[4593:45748294] [MonitoringSampleStore] history=399 capacity=601
2026-10-01 23:30:44.178122+0900 ResourceRunner[4593:45748294] [MonitoringSampleStore] history=400 capacity=601
2026-10-01 23:30:44.178214+0900 ResourceRunner[4593:45748294] [MonitoringSampleStore] history=401 capacity=601
2026-10-01 23:30:44.178315+0900 ResourceRunner[4593:45748294] [MonitoringSampleStore] history=402 capacity=601
2026-10-01 23:30:44.178408+0900 ResourceRunner[4593:45748294] [MonitoringSampleStore] history=403 capacity=601
2026-10-01 23:30:44.178498+0900 ResourceRunner[4593:45748294] [MonitoringSampleStore] history=404 capacity=601
2026-10-01 23:30:44.178608+0900 ResourceRunner[4593:45748294] [MonitoringSampleStore] history=405 capacity=601
2026-10-01 23:30:44.178711+0900 ResourceRunner[4593:45748294] [MonitoringSampleStore] history=406 capacity=601
2026-10-01 23:30:44.178811+0900 ResourceRunner[4593:45748294] [MonitoringSampleStore] history=407 capacity=601
2026-10-01 23:30:44.178917+0900 ResourceRunner[4593:45748294] [MonitoringSampleStore] history=408 capacity=601
2026-10-01 23:30:44.179007+0900 ResourceRunner[4593:45748294] [MonitoringSampleStore] history=409 capacity=601
2026-10-01 23:30:44.179119+0900 ResourceRunner[4593:45748294] [MonitoringSampleStore] history=410 capacity=601
2026-10-01 23:30:44.179206+0900 ResourceRunner[4593:45748294] [MonitoringSampleStore] history=411 capacity=601
2026-10-01 23:30:44.179300+0900 ResourceRunner[4593:45748294] [MonitoringSampleStore] history=412 capacity=601
2026-10-01 23:30:44.179407+0900 ResourceRunner[4593:45748294] [MonitoringSampleStore] history=413 capacity=601
2026-10-01 23:30:44.179533+0900 ResourceRunner[4593:45748294] [MonitoringSampleStore] history=414 capacity=601
2026-10-01 23:30:44.179639+0900 ResourceRunner[4593:45748294] [MonitoringSampleStore] history=415 capacity=601
2026-10-01 23:30:44.179740+0900 ResourceRunner[4593:45748294] [MonitoringSampleStore] history=416 capacity=601
2026-10-01 23:30:44.179846+0900 ResourceRunner[4593:45748294] [MonitoringSampleStore] history=417 capacity=601
2026-10-01 23:30:44.179950+0900 ResourceRunner[4593:45748294] [MonitoringSampleStore] history=418 capacity=601
2026-10-01 23:30:44.180056+0900 ResourceRunner[4593:45748294] [MonitoringSampleStore] history=419 capacity=601
2026-10-01 23:30:44.180166+0900 ResourceRunner[4593:45748294] [MonitoringSampleStore] history=420 capacity=601
2026-10-01 23:30:44.180265+0900 ResourceRunner[4593:45748294] [MonitoringSampleStore] history=421 capacity=601
2026-10-01 23:30:44.180380+0900 ResourceRunner[4593:45748294] [MonitoringSampleStore] history=422 capacity=601
2026-10-01 23:30:44.180489+0900 ResourceRunner[4593:45748294] [MonitoringSampleStore] history=423 capacity=601
2026-10-01 23:30:44.180590+0900 ResourceRunner[4593:45748294] [MonitoringSampleStore] history=424 capacity=601
2026-10-01 23:30:44.180700+0900 ResourceRunner[4593:45748294] [MonitoringSampleStore] history=425 capacity=601
2026-10-01 23:30:44.180808+0900 ResourceRunner[4593:45748294] [MonitoringSampleStore] history=426 capacity=601
2026-10-01 23:30:44.180916+0900 ResourceRunner[4593:45748294] [MonitoringSampleStore] history=427 capacity=601
2026-10-01 23:30:44.181028+0900 ResourceRunner[4593:45748294] [MonitoringSampleStore] history=428 capacity=601
2026-10-01 23:30:44.181128+0900 ResourceRunner[4593:45748294] [MonitoringSampleStore] history=429 capacity=601
2026-10-01 23:30:44.181235+0900 ResourceRunner[4593:45748294] [MonitoringSampleStore] history=430 capacity=601
2026-10-01 23:30:44.181346+0900 ResourceRunner[4593:45748294] [MonitoringSampleStore] history=431 capacity=601
2026-10-01 23:30:44.181456+0900 ResourceRunner[4593:45748294] [MonitoringSampleStore] history=432 capacity=601
2026-10-01 23:30:44.181567+0900 ResourceRunner[4593:45748294] [MonitoringSampleStore] history=433 capacity=601
2026-10-01 23:30:44.181678+0900 ResourceRunner[4593:45748294] [MonitoringSampleStore] history=434 capacity=601
2026-10-01 23:30:44.181791+0900 ResourceRunner[4593:45748294] [MonitoringSampleStore] history=435 capacity=601
2026-10-01 23:30:44.181898+0900 ResourceRunner[4593:45748294] [MonitoringSampleStore] history=436 capacity=601
2026-10-01 23:30:44.182010+0900 ResourceRunner[4593:45748294] [MonitoringSampleStore] history=437 capacity=601
2026-10-01 23:30:44.182120+0900 ResourceRunner[4593:45748294] [MonitoringSampleStore] history=438 capacity=601
2026-10-01 23:30:44.182230+0900 ResourceRunner[4593:45748294] [MonitoringSampleStore] history=439 capacity=601
2026-10-01 23:30:44.182343+0900 ResourceRunner[4593:45748294] [MonitoringSampleStore] history=440 capacity=601
2026-10-01 23:30:44.182451+0900 ResourceRunner[4593:45748294] [MonitoringSampleStore] history=441 capacity=601
2026-10-01 23:30:44.182563+0900 ResourceRunner[4593:45748294] [MonitoringSampleStore] history=442 capacity=601
2026-10-01 23:30:44.182670+0900 ResourceRunner[4593:45748294] [MonitoringSampleStore] history=443 capacity=601
2026-10-01 23:30:44.182781+0900 ResourceRunner[4593:45748294] [MonitoringSampleStore] history=444 capacity=601
2026-10-01 23:30:44.182887+0900 ResourceRunner[4593:45748294] [MonitoringSampleStore] history=445 capacity=601
2026-10-01 23:30:44.183000+0900 ResourceRunner[4593:45748294] [MonitoringSampleStore] history=446 capacity=601
2026-10-01 23:30:44.183113+0900 ResourceRunner[4593:45748294] [MonitoringSampleStore] history=447 capacity=601
2026-10-01 23:30:44.183229+0900 ResourceRunner[4593:45748294] [MonitoringSampleStore] history=448 capacity=601
2026-10-01 23:30:44.183348+0900 ResourceRunner[4593:45748294] [MonitoringSampleStore] history=449 capacity=601
2026-10-01 23:30:44.183456+0900 ResourceRunner[4593:45748294] [MonitoringSampleStore] history=450 capacity=601
2026-10-01 23:30:44.183571+0900 ResourceRunner[4593:45748294] [MonitoringSampleStore] history=451 capacity=601
2026-10-01 23:30:44.183678+0900 ResourceRunner[4593:45748294] [MonitoringSampleStore] history=452 capacity=601
2026-10-01 23:30:44.183786+0900 ResourceRunner[4593:45748294] [MonitoringSampleStore] history=453 capacity=601
2026-10-01 23:30:44.183894+0900 ResourceRunner[4593:45748294] [MonitoringSampleStore] history=454 capacity=601
2026-10-01 23:30:44.184002+0900 ResourceRunner[4593:45748294] [MonitoringSampleStore] history=455 capacity=601
2026-10-01 23:30:44.184114+0900 ResourceRunner[4593:45748294] [MonitoringSampleStore] history=456 capacity=601
2026-10-01 23:30:44.184220+0900 ResourceRunner[4593:45748294] [MonitoringSampleStore] history=457 capacity=601
2026-10-01 23:30:44.184337+0900 ResourceRunner[4593:45748294] [MonitoringSampleStore] history=458 capacity=601
2026-10-01 23:30:44.184451+0900 ResourceRunner[4593:45748294] [MonitoringSampleStore] history=459 capacity=601
2026-10-01 23:30:44.184568+0900 ResourceRunner[4593:45748294] [MonitoringSampleStore] history=460 capacity=601
2026-10-01 23:30:44.184684+0900 ResourceRunner[4593:45748294] [MonitoringSampleStore] history=461 capacity=601
2026-10-01 23:30:44.184801+0900 ResourceRunner[4593:45748294] [MonitoringSampleStore] history=462 capacity=601
2026-10-01 23:30:44.184917+0900 ResourceRunner[4593:45748294] [MonitoringSampleStore] history=463 capacity=601
2026-10-01 23:30:44.185045+0900 ResourceRunner[4593:45748294] [MonitoringSampleStore] history=464 capacity=601
2026-10-01 23:30:44.185155+0900 ResourceRunner[4593:45748294] [MonitoringSampleStore] history=465 capacity=601
2026-10-01 23:30:44.185265+0900 ResourceRunner[4593:45748294] [MonitoringSampleStore] history=466 capacity=601
2026-10-01 23:30:44.185385+0900 ResourceRunner[4593:45748294] [MonitoringSampleStore] history=467 capacity=601
2026-10-01 23:30:44.185497+0900 ResourceRunner[4593:45748294] [MonitoringSampleStore] history=468 capacity=601
2026-10-01 23:30:44.185607+0900 ResourceRunner[4593:45748294] [MonitoringSampleStore] history=469 capacity=601
2026-10-01 23:30:44.185724+0900 ResourceRunner[4593:45748294] [MonitoringSampleStore] history=470 capacity=601
2026-10-01 23:30:44.185848+0900 ResourceRunner[4593:45748294] [MonitoringSampleStore] history=471 capacity=601
2026-10-01 23:30:44.185969+0900 ResourceRunner[4593:45748294] [MonitoringSampleStore] history=472 capacity=601
2026-10-01 23:30:44.186094+0900 ResourceRunner[4593:45748294] [MonitoringSampleStore] history=473 capacity=601
2026-10-01 23:30:44.186223+0900 ResourceRunner[4593:45748294] [MonitoringSampleStore] history=474 capacity=601
2026-10-01 23:30:44.186334+0900 ResourceRunner[4593:45748294] [MonitoringSampleStore] history=475 capacity=601
2026-10-01 23:30:44.186455+0900 ResourceRunner[4593:45748294] [MonitoringSampleStore] history=476 capacity=601
2026-10-01 23:30:44.186586+0900 ResourceRunner[4593:45748294] [MonitoringSampleStore] history=477 capacity=601
2026-10-01 23:30:44.186701+0900 ResourceRunner[4593:45748294] [MonitoringSampleStore] history=478 capacity=601
2026-10-01 23:30:44.186826+0900 ResourceRunner[4593:45748294] [MonitoringSampleStore] history=479 capacity=601
2026-10-01 23:30:44.186957+0900 ResourceRunner[4593:45748294] [MonitoringSampleStore] history=480 capacity=601
2026-10-01 23:30:44.187084+0900 ResourceRunner[4593:45748294] [MonitoringSampleStore] history=481 capacity=601
2026-10-01 23:30:44.187197+0900 ResourceRunner[4593:45748294] [MonitoringSampleStore] history=482 capacity=601
2026-10-01 23:30:44.187319+0900 ResourceRunner[4593:45748294] [MonitoringSampleStore] history=483 capacity=601
2026-10-01 23:30:44.187435+0900 ResourceRunner[4593:45748294] [MonitoringSampleStore] history=484 capacity=601
2026-10-01 23:30:44.187562+0900 ResourceRunner[4593:45748294] [MonitoringSampleStore] history=485 capacity=601
2026-10-01 23:30:44.187677+0900 ResourceRunner[4593:45748294] [MonitoringSampleStore] history=486 capacity=601
2026-10-01 23:30:44.187854+0900 ResourceRunner[4593:45748294] [MonitoringSampleStore] history=487 capacity=601
2026-10-01 23:30:44.188011+0900 ResourceRunner[4593:45748294] [MonitoringSampleStore] history=488 capacity=601
2026-10-01 23:30:44.188156+0900 ResourceRunner[4593:45748294] [MonitoringSampleStore] history=489 capacity=601
2026-10-01 23:30:44.188298+0900 ResourceRunner[4593:45748294] [MonitoringSampleStore] history=490 capacity=601
2026-10-01 23:30:44.188426+0900 ResourceRunner[4593:45748294] [MonitoringSampleStore] history=491 capacity=601
2026-10-01 23:30:44.188566+0900 ResourceRunner[4593:45748294] [MonitoringSampleStore] history=492 capacity=601
2026-10-01 23:30:44.188700+0900 ResourceRunner[4593:45748294] [MonitoringSampleStore] history=493 capacity=601
2026-10-01 23:30:44.188848+0900 ResourceRunner[4593:45748294] [MonitoringSampleStore] history=494 capacity=601
2026-10-01 23:30:44.188982+0900 ResourceRunner[4593:45748294] [MonitoringSampleStore] history=495 capacity=601
2026-10-01 23:30:44.189112+0900 ResourceRunner[4593:45748294] [MonitoringSampleStore] history=496 capacity=601
2026-10-01 23:30:44.189252+0900 ResourceRunner[4593:45748294] [MonitoringSampleStore] history=497 capacity=601
2026-10-01 23:30:44.189397+0900 ResourceRunner[4593:45748294] [MonitoringSampleStore] history=498 capacity=601
2026-10-01 23:30:44.189536+0900 ResourceRunner[4593:45748294] [MonitoringSampleStore] history=499 capacity=601
2026-10-01 23:30:44.189678+0900 ResourceRunner[4593:45748294] [MonitoringSampleStore] history=500 capacity=601
2026-10-01 23:30:44.189815+0900 ResourceRunner[4593:45748294] [MonitoringSampleStore] history=501 capacity=601
2026-10-01 23:30:44.189965+0900 ResourceRunner[4593:45748294] [MonitoringSampleStore] history=502 capacity=601
2026-10-01 23:30:44.190096+0900 ResourceRunner[4593:45748294] [MonitoringSampleStore] history=503 capacity=601
2026-10-01 23:30:44.190238+0900 ResourceRunner[4593:45748294] [MonitoringSampleStore] history=504 capacity=601
2026-10-01 23:30:44.190372+0900 ResourceRunner[4593:45748294] [MonitoringSampleStore] history=505 capacity=601
2026-10-01 23:30:44.190507+0900 ResourceRunner[4593:45748294] [MonitoringSampleStore] history=506 capacity=601
2026-10-01 23:30:44.190643+0900 ResourceRunner[4593:45748294] [MonitoringSampleStore] history=507 capacity=601
2026-10-01 23:30:44.190788+0900 ResourceRunner[4593:45748294] [MonitoringSampleStore] history=508 capacity=601
2026-10-01 23:30:44.190930+0900 ResourceRunner[4593:45748294] [MonitoringSampleStore] history=509 capacity=601
2026-10-01 23:30:44.191070+0900 ResourceRunner[4593:45748294] [MonitoringSampleStore] history=510 capacity=601
2026-10-01 23:30:44.191213+0900 ResourceRunner[4593:45748294] [MonitoringSampleStore] history=511 capacity=601
2026-10-01 23:30:44.191354+0900 ResourceRunner[4593:45748294] [MonitoringSampleStore] history=512 capacity=601
2026-10-01 23:30:44.191492+0900 ResourceRunner[4593:45748294] [MonitoringSampleStore] history=513 capacity=601
2026-10-01 23:30:44.191633+0900 ResourceRunner[4593:45748294] [MonitoringSampleStore] history=514 capacity=601
2026-10-01 23:30:44.191778+0900 ResourceRunner[4593:45748294] [MonitoringSampleStore] history=515 capacity=601
2026-10-01 23:30:44.191919+0900 ResourceRunner[4593:45748294] [MonitoringSampleStore] history=516 capacity=601
2026-10-01 23:30:44.192060+0900 ResourceRunner[4593:45748294] [MonitoringSampleStore] history=517 capacity=601
2026-10-01 23:30:44.192205+0900 ResourceRunner[4593:45748294] [MonitoringSampleStore] history=518 capacity=601
2026-10-01 23:30:44.192339+0900 ResourceRunner[4593:45748294] [MonitoringSampleStore] history=519 capacity=601
2026-10-01 23:30:44.192477+0900 ResourceRunner[4593:45748294] [MonitoringSampleStore] history=520 capacity=601
2026-10-01 23:30:44.192621+0900 ResourceRunner[4593:45748294] [MonitoringSampleStore] history=521 capacity=601
2026-10-01 23:30:44.192773+0900 ResourceRunner[4593:45748294] [MonitoringSampleStore] history=522 capacity=601
2026-10-01 23:30:44.192916+0900 ResourceRunner[4593:45748294] [MonitoringSampleStore] history=523 capacity=601
2026-10-01 23:30:44.193056+0900 ResourceRunner[4593:45748294] [MonitoringSampleStore] history=524 capacity=601
2026-10-01 23:30:44.193196+0900 ResourceRunner[4593:45748294] [MonitoringSampleStore] history=525 capacity=601
2026-10-01 23:30:44.193342+0900 ResourceRunner[4593:45748294] [MonitoringSampleStore] history=526 capacity=601
2026-10-01 23:30:44.193489+0900 ResourceRunner[4593:45748294] [MonitoringSampleStore] history=527 capacity=601
2026-10-01 23:30:44.193631+0900 ResourceRunner[4593:45748294] [MonitoringSampleStore] history=528 capacity=601
2026-10-01 23:30:44.193773+0900 ResourceRunner[4593:45748294] [MonitoringSampleStore] history=529 capacity=601
2026-10-01 23:30:44.193914+0900 ResourceRunner[4593:45748294] [MonitoringSampleStore] history=530 capacity=601
2026-10-01 23:30:44.194056+0900 ResourceRunner[4593:45748294] [MonitoringSampleStore] history=531 capacity=601
2026-10-01 23:30:44.194197+0900 ResourceRunner[4593:45748294] [MonitoringSampleStore] history=532 capacity=601
2026-10-01 23:30:44.194340+0900 ResourceRunner[4593:45748294] [MonitoringSampleStore] history=533 capacity=601
2026-10-01 23:30:44.194483+0900 ResourceRunner[4593:45748294] [MonitoringSampleStore] history=534 capacity=601
2026-10-01 23:30:44.194626+0900 ResourceRunner[4593:45748294] [MonitoringSampleStore] history=535 capacity=601
2026-10-01 23:30:44.194770+0900 ResourceRunner[4593:45748294] [MonitoringSampleStore] history=536 capacity=601
2026-10-01 23:30:44.194915+0900 ResourceRunner[4593:45748294] [MonitoringSampleStore] history=537 capacity=601
2026-10-01 23:30:44.195059+0900 ResourceRunner[4593:45748294] [MonitoringSampleStore] history=538 capacity=601
2026-10-01 23:30:44.195202+0900 ResourceRunner[4593:45748294] [MonitoringSampleStore] history=539 capacity=601
2026-10-01 23:30:44.195350+0900 ResourceRunner[4593:45748294] [MonitoringSampleStore] history=540 capacity=601
2026-10-01 23:30:44.195507+0900 ResourceRunner[4593:45748294] [MonitoringSampleStore] history=541 capacity=601
2026-10-01 23:30:44.195649+0900 ResourceRunner[4593:45748294] [MonitoringSampleStore] history=542 capacity=601
2026-10-01 23:30:44.195793+0900 ResourceRunner[4593:45748294] [MonitoringSampleStore] history=543 capacity=601
2026-10-01 23:30:44.195947+0900 ResourceRunner[4593:45748294] [MonitoringSampleStore] history=544 capacity=601
2026-10-01 23:30:44.196096+0900 ResourceRunner[4593:45748294] [MonitoringSampleStore] history=545 capacity=601
2026-10-01 23:30:44.196245+0900 ResourceRunner[4593:45748294] [MonitoringSampleStore] history=546 capacity=601
2026-10-01 23:30:44.196391+0900 ResourceRunner[4593:45748294] [MonitoringSampleStore] history=547 capacity=601
2026-10-01 23:30:44.196545+0900 ResourceRunner[4593:45748294] [MonitoringSampleStore] history=548 capacity=601
2026-10-01 23:30:44.196701+0900 ResourceRunner[4593:45748294] [MonitoringSampleStore] history=549 capacity=601
2026-10-01 23:30:44.196845+0900 ResourceRunner[4593:45748294] [MonitoringSampleStore] history=550 capacity=601
2026-10-01 23:30:44.196992+0900 ResourceRunner[4593:45748294] [MonitoringSampleStore] history=551 capacity=601
2026-10-01 23:30:44.197139+0900 ResourceRunner[4593:45748294] [MonitoringSampleStore] history=552 capacity=601
2026-10-01 23:30:44.197291+0900 ResourceRunner[4593:45748294] [MonitoringSampleStore] history=553 capacity=601
2026-10-01 23:30:44.197454+0900 ResourceRunner[4593:45748294] [MonitoringSampleStore] history=554 capacity=601
2026-10-01 23:30:44.197603+0900 ResourceRunner[4593:45748294] [MonitoringSampleStore] history=555 capacity=601
2026-10-01 23:30:44.197760+0900 ResourceRunner[4593:45748294] [MonitoringSampleStore] history=556 capacity=601
2026-10-01 23:30:44.197910+0900 ResourceRunner[4593:45748294] [MonitoringSampleStore] history=557 capacity=601
2026-10-01 23:30:44.198058+0900 ResourceRunner[4593:45748294] [MonitoringSampleStore] history=558 capacity=601
2026-10-01 23:30:44.198206+0900 ResourceRunner[4593:45748294] [MonitoringSampleStore] history=559 capacity=601
2026-10-01 23:30:44.198355+0900 ResourceRunner[4593:45748294] [MonitoringSampleStore] history=560 capacity=601
2026-10-01 23:30:44.198503+0900 ResourceRunner[4593:45748294] [MonitoringSampleStore] history=561 capacity=601
2026-10-01 23:30:44.198659+0900 ResourceRunner[4593:45748294] [MonitoringSampleStore] history=562 capacity=601
2026-10-01 23:30:44.198814+0900 ResourceRunner[4593:45748294] [MonitoringSampleStore] history=563 capacity=601
2026-10-01 23:30:44.198966+0900 ResourceRunner[4593:45748294] [MonitoringSampleStore] history=564 capacity=601
2026-10-01 23:30:44.199116+0900 ResourceRunner[4593:45748294] [MonitoringSampleStore] history=565 capacity=601
2026-10-01 23:30:44.199278+0900 ResourceRunner[4593:45748294] [MonitoringSampleStore] history=566 capacity=601
2026-10-01 23:30:44.199431+0900 ResourceRunner[4593:45748294] [MonitoringSampleStore] history=567 capacity=601
2026-10-01 23:30:44.199591+0900 ResourceRunner[4593:45748294] [MonitoringSampleStore] history=568 capacity=601
2026-10-01 23:30:44.199743+0900 ResourceRunner[4593:45748294] [MonitoringSampleStore] history=569 capacity=601
2026-10-01 23:30:44.199900+0900 ResourceRunner[4593:45748294] [MonitoringSampleStore] history=570 capacity=601
2026-10-01 23:30:44.200051+0900 ResourceRunner[4593:45748294] [MonitoringSampleStore] history=571 capacity=601
2026-10-01 23:30:44.200200+0900 ResourceRunner[4593:45748294] [MonitoringSampleStore] history=572 capacity=601
2026-10-01 23:30:44.200349+0900 ResourceRunner[4593:45748294] [MonitoringSampleStore] history=573 capacity=601
2026-10-01 23:30:44.200499+0900 ResourceRunner[4593:45748294] [MonitoringSampleStore] history=574 capacity=601
2026-10-01 23:30:44.200648+0900 ResourceRunner[4593:45748294] [MonitoringSampleStore] history=575 capacity=601
2026-10-01 23:30:44.200799+0900 ResourceRunner[4593:45748294] [MonitoringSampleStore] history=576 capacity=601
2026-10-01 23:30:44.200952+0900 ResourceRunner[4593:45748294] [MonitoringSampleStore] history=577 capacity=601
2026-10-01 23:30:44.201119+0900 ResourceRunner[4593:45748294] [MonitoringSampleStore] history=578 capacity=601
2026-10-01 23:30:44.201273+0900 ResourceRunner[4593:45748294] [MonitoringSampleStore] history=579 capacity=601
2026-10-01 23:30:44.201436+0900 ResourceRunner[4593:45748294] [MonitoringSampleStore] history=580 capacity=601
2026-10-01 23:30:44.201593+0900 ResourceRunner[4593:45748294] [MonitoringSampleStore] history=581 capacity=601
2026-10-01 23:30:44.201814+0900 ResourceRunner[4593:45748294] [MonitoringSampleStore] history=582 capacity=601
2026-10-01 23:30:44.201970+0900 ResourceRunner[4593:45748294] [MonitoringSampleStore] history=583 capacity=601
2026-10-01 23:30:44.202099+0900 ResourceRunner[4593:45748294] [MonitoringSampleStore] history=584 capacity=601
2026-10-01 23:30:44.202249+0900 ResourceRunner[4593:45748294] [MonitoringSampleStore] history=585 capacity=601
2026-10-01 23:30:44.202408+0900 ResourceRunner[4593:45748294] [MonitoringSampleStore] history=586 capacity=601
2026-10-01 23:30:44.202535+0900 ResourceRunner[4593:45748294] [MonitoringSampleStore] history=587 capacity=601
2026-10-01 23:30:44.202672+0900 ResourceRunner[4593:45748294] [MonitoringSampleStore] history=588 capacity=601
2026-10-01 23:30:44.202801+0900 ResourceRunner[4593:45748294] [MonitoringSampleStore] history=589 capacity=601
2026-10-01 23:30:44.202936+0900 ResourceRunner[4593:45748294] [MonitoringSampleStore] history=590 capacity=601
2026-10-01 23:30:44.203063+0900 ResourceRunner[4593:45748294] [MonitoringSampleStore] history=591 capacity=601
2026-10-01 23:30:44.203199+0900 ResourceRunner[4593:45748294] [MonitoringSampleStore] history=592 capacity=601
2026-10-01 23:30:44.203332+0900 ResourceRunner[4593:45748294] [MonitoringSampleStore] history=593 capacity=601
2026-10-01 23:30:44.203459+0900 ResourceRunner[4593:45748294] [MonitoringSampleStore] history=594 capacity=601
2026-10-01 23:30:44.203585+0900 ResourceRunner[4593:45748294] [MonitoringSampleStore] history=595 capacity=601
2026-10-01 23:30:44.203713+0900 ResourceRunner[4593:45748294] [MonitoringSampleStore] history=596 capacity=601
2026-10-01 23:30:44.203846+0900 ResourceRunner[4593:45748294] [MonitoringSampleStore] history=597 capacity=601
2026-10-01 23:30:44.203994+0900 ResourceRunner[4593:45748294] [MonitoringSampleStore] history=598 capacity=601
2026-10-01 23:30:44.204132+0900 ResourceRunner[4593:45748294] [MonitoringSampleStore] history=599 capacity=601
2026-10-01 23:30:44.204277+0900 ResourceRunner[4593:45748294] [MonitoringSampleStore] history=600 capacity=601
2026-10-01 23:30:44.204421+0900 ResourceRunner[4593:45748294] [MonitoringSampleStore] history=601 capacity=601
✔ Test ringCoversTheWholeTenMinuteWindowAtTheShortestInterval() passed after 0.048 seconds.
◇ Test displayValueIsEmptyAfterAnHourLongStop() started.
2026-10-01 23:30:44.204876+0900 ResourceRunner[4593:45748284] [MonitoringSampleStore] first valid history point collectionEpoch=0 history=1
2026-10-01 23:30:44.204887+0900 ResourceRunner[4593:45748285] [MonitoringSampleStore] history=1 capacity=601
2026-10-01 23:30:44.204894+0900 ResourceRunner[4593:45748284] [MonitoringSampleStore] history=2 capacity=601
2026-10-01 23:30:44.204895+0900 ResourceRunner[4593:45748285] [MonitoringSampleStore] history=3 capacity=601
2026-10-01 23:30:44.204902+0900 ResourceRunner[4593:45748285] [MonitoringSampleStore] history=4 capacity=601
2026-10-01 23:30:44.204906+0900 ResourceRunner[4593:45748285] [MonitoringSampleStore] history=6 capacity=601
2026-10-01 23:30:44.204909+0900 ResourceRunner[4593:45748284] [MonitoringSampleStore] history=7 capacity=601
2026-10-01 23:30:44.204913+0900 ResourceRunner[4593:45748282] [MonitoringSampleStore] history=5 capacity=601
2026-10-01 23:30:44.204915+0900 ResourceRunner[4593:45748284] [MonitoringSampleStore] history=8 capacity=601
2026-10-01 23:30:44.204930+0900 ResourceRunner[4593:45748284] [MonitoringSampleStore] history=9 capacity=601
2026-10-01 23:30:44.204936+0900 ResourceRunner[4593:45748284] [MonitoringSampleStore] history=10 capacity=601
2026-10-01 23:30:44.204965+0900 ResourceRunner[4593:45748291] [MonitoringSampleStore] history=10 capacity=601
✔ Test displayValueIsEmptyAfterAnHourLongStop() passed after 0.001 seconds.
◇ Test emptyStoreHasNoLatestSnapshotAndNoHistory() started.
✔ Test emptyStoreHasNoLatestSnapshotAndNoHistory() passed after 0.001 seconds.
◇ Test displayValueStreamKeepsOnlyTheNewestCombination() started.
2026-10-01 23:30:44.205179+0900 ResourceRunner[4593:45748282] [MonitoringSampleStore] first valid history point collectionEpoch=0 history=1
2026-10-01 23:30:44.205185+0900 ResourceRunner[4593:45748282] [MonitoringSampleStore] history=1 capacity=601
2026-10-01 23:30:44.205187+0900 ResourceRunner[4593:45748291] [MonitoringSampleStore] history=2 capacity=601
2026-10-01 23:30:44.205189+0900 ResourceRunner[4593:45748282] [MonitoringSampleStore] history=3 capacity=601
✔ Test displayValueStreamKeepsOnlyTheNewestCombination() passed after 0.001 seconds.
✔ Suite MonitoringSampleStoreTests passed after 0.120 seconds.
◇ Suite NetworkActivityTests started.
◇ Test actualReadTimeAndNormalFiveToOneSecondChangeKeepTheBaseline() started.
✔ Test actualReadTimeAndNormalFiveToOneSecondChangeKeepTheBaseline() passed after 0.001 seconds.
◇ Test negativeElapsedAndUnsignedExtremesNeverCreateInvalidRates() started.
✔ Test negativeElapsedAndUnsignedExtremesNeverCreateInvalidRates() passed after 0.001 seconds.
◇ Test realZeroIsAValidRateAndVPNIsDetailedButNotSummed() started.
✔ Test realZeroIsAValidRateAndVPNIsDetailedButNotSummed() passed after 0.001 seconds.
◇ Test twoPhysicalTargetsAreSummedOnceAndRemovalClearsCurrentList() started.
✔ Test twoPhysicalTargetsAreSummedOnceAndRemovalClearsCurrentList() passed after 0.001 seconds.
◇ Test everyInvalidIntervalAndFailureRestartsAtARealBaseline() started.
✔ Test everyInvalidIntervalAndFailureRestartsAtARealBaseline() passed after 0.001 seconds.
◇ Test newEpochAndPartialIdentityDoNotPublishACompleteSum() started.
✔ Test newEpochAndPartialIdentityDoNotPublishACompleteSum() passed after 0.001 seconds.
◇ Test linkDisconnectAndReconnectDoNotAverageAcrossTheGap() started.
✔ Test linkDisconnectAndReconnectDoNotAverageAcrossTheGap() passed after 0.001 seconds.
◇ Test topologyLifetimeAndRevisionSurviveRemovalReuseAndMergedNotifications() started.
✔ Test topologyLifetimeAndRevisionSurviveRemovalReuseAndMergedNotifications() passed after 0.003 seconds.
◇ Test metadataCacheRequiresExactLifetimeAndRevision() started.
✔ Test metadataCacheRequiresExactLifetimeAndRevision() passed after 0.001 seconds.
◇ Test reusedNameAndIndexCannotInheritRateOrMetadata() started.
✔ Test reusedNameAndIndexCannotInheritRateOrMetadata() passed after 0.001 seconds.
◇ Test staleSourceAndStoreResultsCannotChangeBaselineLatestOrHistory() started.
✔ Test staleSourceAndStoreResultsCannotChangeBaselineLatestOrHistory() passed after 0.001 seconds.
◇ Test topologyChangeDuringMetadataAwaitRejectsOldActivitySnapshot() started.
✔ Test topologyChangeDuringMetadataAwaitRejectsOldActivitySnapshot() passed after 0.001 seconds.
◇ Test historyKeeps601ValidPairsAndFiltersTheMoving600SecondWindow() started.
✔ Test historyKeeps601ValidPairsAndFiltersTheMoving600SecondWindow() passed after 0.045 seconds.
✔ Suite NetworkActivityTests passed after 0.052 seconds.
◇ Suite NetworkMetadataTests started.
◇ Test newerReaderRequestPreventsOlderRouteAndMetadataFromRestoringTopology() started.
✔ Test newerReaderRequestPreventsOlderRouteAndMetadataFromRestoringTopology() passed after 0.001 seconds.
◇ Test fastReaderRejectsBoundaryDuringRouteReadWithoutChangingTopology() started.
✔ Test fastReaderRejectsBoundaryDuringRouteReadWithoutChangingTopology() passed after 0.001 seconds.
◇ Test fastReaderRetriesChangedTopologyInsteadOfRestoringOldSet() started.
✔ Test fastReaderRetriesChangedTopologyInsteadOfRestoringOldSet() passed after 0.001 seconds.
◇ Test nativeTopologyChangeDuringSlowReadRetriesWithoutRestoringOldSet() started.
✔ Test nativeTopologyChangeDuringSlowReadRetriesWithoutRestoringOldSet() passed after 0.001 seconds.
◇ Test gateBoundaryDuringNativeReadLeavesTrackerAndStoresUntouched() started.
✔ Test gateBoundaryDuringNativeReadLeavesTrackerAndStoresUntouched() passed after 0.001 seconds.
◇ Test topologyChangeDuringFailedMetadataReadOrBeforeStoreCommitRejectsOldFailure() started.
✔ Test topologyChangeDuringFailedMetadataReadOrBeforeStoreCommitRejectsOldFailure() passed after 0.001 seconds.
✔ Suite NetworkMetadataTests passed after 0.001 seconds.
◇ Suite NetworkNativeAdapterTests started.
◇ Test parses64BitCountersOncePerInterface() started.
✔ Test parses64BitCountersOncePerInterface() passed after 0.001 seconds.
◇ Test rejectsTruncatedHeaderAndMessage() started.
✔ Test rejectsTruncatedHeaderAndMessage() passed after 0.001 seconds.
◇ Test rejectsVersionAndMalformedSocketAddress() started.
✔ Test rejectsVersionAndMalformedSocketAddress() passed after 0.001 seconds.
◇ Test rejectsDuplicateAndUnresolvedIndex() started.
✔ Test rejectsDuplicateAndUnresolvedIndex() passed after 0.001 seconds.
◇ Test retriesOnlySizeRaceTwiceThenReturnsFailure() started.
✔ Test retriesOnlySizeRaceTwiceThenReturnsFailure() passed after 0.001 seconds.
◇ Test classifiesFromProviderAndFunctionalType() started.
✔ Test classifiesFromProviderAndFunctionalType() passed after 0.001 seconds.
✔ Suite NetworkNativeAdapterTests passed after 0.008 seconds.
◇ Suite ProcessHistoryIdentityBoundaryTests started.
◇ Test firstSurveyOfIdentityProducesNoRateAndSingleMemoryBaseline() started.
✔ Test firstSurveyOfIdentityProducesNoRateAndSingleMemoryBaseline() passed after 0.001 seconds.
◇ Test pidReuseWithDifferentStartTimeDoesNotInheritPreviousCPUBaseline() started.
✔ Test pidReuseWithDifferentStartTimeDoesNotInheritPreviousCPUBaseline() passed after 0.001 seconds.
◇ Test executablePathChangeRestartsHistoryWhileUnchangedPathKeepsIt() started.
✔ Test executablePathChangeRestartsHistoryWhileUnchangedPathKeepsIt() passed after 0.001 seconds.
◇ Test terminatedProcessIsRemovedAfterNextSurveyWithoutAffectingSurvivingIdentity() started.
✔ Test terminatedProcessIsRemovedAfterNextSurveyWithoutAffectingSurvivingIdentity() passed after 0.001 seconds.
◇ Test processMissingFromASurveyIsRemovedAndRestartsFreshOnReappearance() started.
✔ Test processMissingFromASurveyIsRemovedAndRestartsFreshOnReappearance() passed after 0.001 seconds.
◇ Test failedSurveyKeepsHistoryIntactAndOnlyRecordsTheFailure() started.
✔ Test failedSurveyKeepsHistoryIntactAndOnlyRecordsTheFailure() passed after 0.001 seconds.
✔ Suite ProcessHistoryIdentityBoundaryTests passed after 0.001 seconds.
◇ Suite ProcessHistoryCPUUsageTests started.
◇ Test twoFullyUsedCoresProduce200Percent() started.
✔ Test twoFullyUsedCoresProduce200Percent() passed after 0.001 seconds.
◇ Test gapExceedingMaximumTickGapProducesNoRateButUpdatesBaseline() started.
✔ Test gapExceedingMaximumTickGapProducesNoRateButUpdatesBaseline() passed after 0.001 seconds.
✔ Suite ProcessHistoryCPUUsageTests passed after 0.001 seconds.
◇ Suite ProcessHistoryMemoryBaselineRingTests started.
◇ Test tightSurveysWithinMinimumIntervalDoNotAddBaseline() started.
✔ Test tightSurveysWithinMinimumIntervalDoNotAddBaseline() passed after 0.001 seconds.
◇ Test ringCapacityIsIndependentOfSurveyPeriod() started.
✔ Test ringCapacityIsIndependentOfSurveyPeriod() passed after 0.006 seconds.
✔ Suite ProcessHistoryMemoryBaselineRingTests passed after 0.006 seconds.
◇ Suite ProcessHistoryRecentValueRingTests started.
◇ Test recentValuesRetainsOnlyTheLastThreeSamplesInOrder() started.
✔ Test recentValuesRetainsOnlyTheLastThreeSamplesInOrder() passed after 0.014 seconds.
✔ Suite ProcessHistoryRecentValueRingTests passed after 0.014 seconds.
◇ Suite ProcessSurveyCollectorTests started.
◇ Test effectiveUIDFiltersProcessesWhenRealUIDDiffers() started.
✔ Test effectiveUIDFiltersProcessesWhenRealUIDDiffers() passed after 0.001 seconds.
◇ Test nonMatchingUIDProcessesAreExcludedWithoutTaskInfoCall() started.
✔ Test nonMatchingUIDProcessesAreExcludedWithoutTaskInfoCall() passed after 0.001 seconds.
◇ Test taskInfoFailureExcludesProcessWithoutFillingValues() started.
✔ Test taskInfoFailureExcludesProcessWithoutFillingValues() passed after 0.001 seconds.
◇ Test executablePathFailureExcludesProcess() started.
✔ Test executablePathFailureExcludesProcess() passed after 0.001 seconds.
◇ Test sampleCountPlusUnreadableCountEqualsListedEntries() started.
✔ Test sampleCountPlusUnreadableCountEqualsListedEntries() passed after 0.001 seconds.
◇ Test translatedFlagPassesThroughFromListing() started.
✔ Test translatedFlagPassesThroughFromListing() passed after 0.001 seconds.
◇ Test listProcessesFailureIsThrown() started.
✔ Test listProcessesFailureIsThrown() passed after 0.001 seconds.
✔ Suite ProcessSurveyCollectorTests passed after 0.001 seconds.
◇ Suite ProcessSurveyPathRefreshTests started.
◇ Test sameIdentityReadsChangedPathOnNextSurvey() started.
✔ Test sameIdentityReadsChangedPathOnNextSurvey() passed after 0.001 seconds.
◇ Test secondPathFailureDoesNotReusePreviousPath() started.
✔ Test secondPathFailureDoesNotReusePreviousPath() passed after 0.001 seconds.
◇ Test differentStartTimeForSamePIDIsTreatedAsNewIdentityAndReReadsPath() started.
✔ Test differentStartTimeForSamePIDIsTreatedAsNewIdentityAndReReadsPath() passed after 0.001 seconds.
✔ Suite ProcessSurveyPathRefreshTests passed after 0.001 seconds.
◇ Suite ProcessSurveySampleSourceTests started.
◇ Test enumerationFailureIsReturnedAsAFailedSampleInsteadOfThrowing() started.
✔ Test enumerationFailureIsReturnedAsAFailedSampleInsteadOfThrowing() passed after 0.001 seconds.
✔ Suite ProcessSurveySampleSourceTests passed after 0.010 seconds.
◇ Suite ProcessSurveyRealDevicePathTests started.
◇ Test realSurveyExcludesOtherUIDsAndRefreshesOwnPath() started.
ProcessSurvey DP20: first=0.005589875 seconds, second=0.005179791 seconds, pathCalls=1204, pathFailures=26, unreadable=354/354
✔ Test realSurveyExcludesOtherUIDsAndRefreshesOwnPath() passed after 0.011 seconds.
◇ Test realSurveyReportsCPUTimeInNanoseconds() started.
✔ Test realSurveyReportsCPUTimeInNanoseconds() passed after 0.512 seconds.
✔ Suite ProcessSurveyRealDevicePathTests passed after 0.523 seconds.
◇ Suite ResourceActivityPresentationTests started.
◇ Test measuredZeroIsDistinctFromNoConnectionBaselineAndFailure() started.
✔ Test measuredZeroIsDistinctFromNoConnectionBaselineAndFailure() passed after 0.001 seconds.
◇ Test supplementalFailureDoesNotFreezeFastRateAndIdentityMustMatch() started.
✔ Test supplementalFailureDoesNotFreezeFastRateAndIdentityMustMatch() passed after 0.001 seconds.
◇ Test partialRateNeverBecomesFullLastKnownOnStop() started.
✔ Test partialRateNeverBecomesFullLastKnownOnStop() passed after 0.001 seconds.
◇ Test diskCapacityAndUnsupportedOperationsRemainSeparateFromByteRate() started.
✔ Test diskCapacityAndUnsupportedOperationsRemainSeparateFromByteRate() passed after 0.001 seconds.
◇ Test formatterKeepsFourUnitsAndSmallRateAndLocale() started.
✔ Test formatterKeepsFourUnitsAndSmallRateAndLocale() passed after 0.001 seconds.
◇ Test auxiliaryCanArriveBeforeFastSampleAndDiskIdentityMismatchHidesDeviceRelation() started.
✔ Test auxiliaryCanArriveBeforeFastSampleAndDiskIdentityMismatchHidesDeviceRelation() passed after 0.001 seconds.
◇ Test activityFailureUsesOnlyPriorFullSuccessAndOptionalLookupFailureIsExplicit() started.
✔ Test activityFailureUsesOnlyPriorFullSuccessAndOptionalLookupFailureIsExplicit() passed after 0.001 seconds.
◇ Test productionConsumersAdvanceFastCardsDuringAuxFailureAndRejectOldEpoch() started.
2026-10-01 23:30:44.828650+0900 ResourceRunner[4593:45747596] [CollectionPipeline] delivered axis=networkActivity epoch=0 status=rate
2026-10-01 23:30:44.828721+0900 ResourceRunner[4593:45747596] [CollectionPipeline] delivered axis=diskActivity epoch=0 status=rate
2026-10-01 23:30:44.837945+0900 ResourceRunner[4593:45747596] [CollectionPipeline] delivered axis=networkMetadata epoch=0 result=failure revision=1 reason=SC failed
2026-10-01 23:30:44.838038+0900 ResourceRunner[4593:45747596] [CollectionPipeline] delivered axis=storageMetadata epoch=0 result=failure revision=1 reason=DA failed
2026-10-01 23:30:44.848729+0900 ResourceRunner[4593:45747596] [CollectionPipeline] delivered axis=networkActivity epoch=0 status=rate
2026-10-01 23:30:44.848794+0900 ResourceRunner[4593:45747596] [CollectionPipeline] delivered axis=diskActivity epoch=0 status=rate
✔ Test productionConsumersAdvanceFastCardsDuringAuxFailureAndRejectOldEpoch() passed after 0.029 seconds.
◇ Test queuedOldTopologyEventsCannotReachProductionDisplayOrReassembleOldActivity() started.
2026-10-01 23:30:44.860969+0900 ResourceRunner[4593:45747596] [CollectionPipeline] delivered axis=networkActivity epoch=0 status=rate
2026-10-01 23:30:44.861031+0900 ResourceRunner[4593:45747596] [CollectionPipeline] delivered axis=diskActivity epoch=0 status=rate
2026-10-01 23:30:44.870254+0900 ResourceRunner[4593:45747596] [CollectionPipeline] delivered axis=networkMetadata epoch=0 result=failure revision=1 reason=new SC failure
2026-10-01 23:30:44.870336+0900 ResourceRunner[4593:45747596] [CollectionPipeline] delivered axis=storageMetadata epoch=0 result=failure revision=1 reason=new DA failure
✔ Test queuedOldTopologyEventsCannotReachProductionDisplayOrReassembleOldActivity() passed after 0.022 seconds.
✔ Suite ResourceActivityPresentationTests passed after 0.054 seconds.
◇ Suite ResourceRateGraphRenderingTests started.
◇ Test lightAndDarkNormalAndPlaceholderShareFrameSurfaceAndRealGap() started.
⎙ Attached 'network-normal-light.png' to lightAndDarkNormalAndPlaceholderShareFrameSurfaceAndRealGap().
⎙ Attached 'network-placeholder-light.png' to lightAndDarkNormalAndPlaceholderShareFrameSurfaceAndRealGap().
⎙ Attached 'network-header-normal-light.png' to lightAndDarkNormalAndPlaceholderShareFrameSurfaceAndRealGap().
⎙ Attached 'network-header-placeholder-light.png' to lightAndDarkNormalAndPlaceholderShareFrameSurfaceAndRealGap().
⎙ Attached 'disk-normal-light.png' to lightAndDarkNormalAndPlaceholderShareFrameSurfaceAndRealGap().
⎙ Attached 'disk-placeholder-light.png' to lightAndDarkNormalAndPlaceholderShareFrameSurfaceAndRealGap().
⎙ Attached 'disk-header-normal-light.png' to lightAndDarkNormalAndPlaceholderShareFrameSurfaceAndRealGap().
⎙ Attached 'disk-header-placeholder-light.png' to lightAndDarkNormalAndPlaceholderShareFrameSurfaceAndRealGap().
⎙ Attached 'network-normal-dark.png' to lightAndDarkNormalAndPlaceholderShareFrameSurfaceAndRealGap().
⎙ Attached 'network-placeholder-dark.png' to lightAndDarkNormalAndPlaceholderShareFrameSurfaceAndRealGap().
⎙ Attached 'network-header-normal-dark.png' to lightAndDarkNormalAndPlaceholderShareFrameSurfaceAndRealGap().
⎙ Attached 'network-header-placeholder-dark.png' to lightAndDarkNormalAndPlaceholderShareFrameSurfaceAndRealGap().
⎙ Attached 'disk-normal-dark.png' to lightAndDarkNormalAndPlaceholderShareFrameSurfaceAndRealGap().
⎙ Attached 'disk-placeholder-dark.png' to lightAndDarkNormalAndPlaceholderShareFrameSurfaceAndRealGap().
⎙ Attached 'disk-header-normal-dark.png' to lightAndDarkNormalAndPlaceholderShareFrameSurfaceAndRealGap().
⎙ Attached 'disk-header-placeholder-dark.png' to lightAndDarkNormalAndPlaceholderShareFrameSurfaceAndRealGap().
✔ Test lightAndDarkNormalAndPlaceholderShareFrameSurfaceAndRealGap() passed after 0.034 seconds.
◇ Test renderStylesAndPaletteRolesMatchTheLegendAndGraph() started.
✔ Test renderStylesAndPaletteRolesMatchTheLegendAndGraph() passed after 0.001 seconds.
◇ Test wideConnectedRunsExposeDashSolidZeroAndBothPeaksWithoutPaintingGap() started.
⎙ Attached 'network-extended-light.png' to wideConnectedRunsExposeDashSolidZeroAndBothPeaksWithoutPaintingGap().
⎙ Attached 'disk-extended-light.png' to wideConnectedRunsExposeDashSolidZeroAndBothPeaksWithoutPaintingGap().
2026-10-01 23:30:44.922344+0900 ResourceRunner[4593:45747686] [MonitoringScheduler] appended sample axis=ProcessSurveySampleSource generation=1 collectionEpoch=0 appendedTotal=3
⎙ Attached 'network-extended-dark.png' to wideConnectedRunsExposeDashSolidZeroAndBothPeaksWithoutPaintingGap().
⎙ Attached 'disk-extended-dark.png' to wideConnectedRunsExposeDashSolidZeroAndBothPeaksWithoutPaintingGap().
✔ Test wideConnectedRunsExposeDashSolidZeroAndBothPeaksWithoutPaintingGap() passed after 0.011 seconds.
✔ Suite ResourceRateGraphRenderingTests passed after 0.046 seconds.
◇ Suite ResourceRateGraphTests started.
◇ Test originalPeaksOfBothSeriesSetOnePositiveAxisBeforeDownsampling() started.
✔ Test originalPeaksOfBothSeriesSetOnePositiveAxisBeforeDownsampling() passed after 0.001 seconds.
◇ Test zeroAndAxisBoundariesAndPlaceholderNeverInventPeak() started.
✔ Test zeroAndAxisBoundariesAndPlaceholderNeverInventPeak() passed after 0.001 seconds.
◇ Test epochSegmentAndMoreThanTenSecondsSplitBeforeSamplingWithoutFakeZero() started.
✔ Test epochSegmentAndMoreThanTenSecondsSplitBeforeSamplingWithoutFakeZero() passed after 0.001 seconds.
◇ Test stoppedWindowMovesAndProgressDoesNotRestartAfterOldPointsLeave() started.
✔ Test stoppedWindowMovesAndProgressDoesNotRestartAfterOldPointsLeave() passed after 0.001 seconds.
◇ Test initialProgressUsesIndependentFirstPointEvenWhenRecentHistoryWasFiltered() started.
✔ Test initialProgressUsesIndependentFirstPointEvenWhenRecentHistoryWasFiltered() passed after 0.001 seconds.
◇ Test activityStoresKeepFirstValidPointOutsideTheirRecentWindow() started.
✔ Test activityStoresKeepFirstValidPointOutsideTheirRecentWindow() passed after 0.004 seconds.
✔ Suite ResourceRateGraphTests passed after 0.005 seconds.
◇ Suite ResourceRunnerTests started.
◇ Test example() started.
✔ Test example() passed after 0.001 seconds.
✔ Suite ResourceRunnerTests passed after 0.001 seconds.
◇ Suite StatusBarControllerTests started.
◇ Test statusItemHasFixedSquareLength() started.
2026-10-01 23:30:44.937178+0900 ResourceRunner[4593:45747596] [StatusBar] Unhandled disconnected auxiliary scene <NSHostedViewScene: 0x80afd4e70>
2026-10-01 23:30:44.937284+0900 ResourceRunner[4593:45747596] [Common] [BSBlockSentinel:FBSWorkspaceScenesClient] failed!
✔ Test statusItemHasFixedSquareLength() passed after 0.004 seconds.
◇ Test popoverUsesTransientBehavior() started.
2026-10-01 23:30:44.939681+0900 ResourceRunner[4593:45747676] [SceneClient] No scene exists for identity: com.apple.controlcenter:1E78DBB4-632C-455B-9D61-03C45B18854D-Aux[1]-NSStatusItemView
2026-10-01 23:30:44.940028+0900 ResourceRunner[4593:45747596] [StatusBar] Unhandled disconnected scene <NSStatusItemScene: 0x80aa1d5e0>
2026-10-01 23:30:44.940047+0900 ResourceRunner[4593:45747596] [Common] [BSBlockSentinel:FBSWorkspaceScenesClient] failed!
2026-10-01 23:30:44.940077+0900 ResourceRunner[4593:45747596] [StatusBar] Unhandled disconnected auxiliary scene <NSHostedViewScene: 0x80afd59d0>
2026-10-01 23:30:44.940129+0900 ResourceRunner[4593:45747596] [Common] [BSBlockSentinel:FBSWorkspaceScenesClient] failed!
2026-10-01 23:30:44.940212+0900 ResourceRunner[4593:45747596] [CollectionPipeline] delivered axis=processSurvey epoch=0 failed=false
✔ Test popoverUsesTransientBehavior() passed after 0.002 seconds.
◇ Test popoverDelegateIsWiredToController() started.
2026-10-01 23:30:44.943741+0900 ResourceRunner[4593:45747596] [StatusBar] Unhandled disconnected auxiliary scene <NSHostedViewScene: 0x80afd5180>
✔ Test popoverDelegateIsWiredToController() passed after 0.003 seconds.
2026-10-01 23:30:44.943811+0900 ResourceRunner[4593:45747596] [Common] [BSBlockSentinel:FBSWorkspaceScenesClient] failed!
◇ Test delegateOutputReflectsActualShowAndCloseInOrder() started.
2026-10-01 23:30:44.945734+0900 ResourceRunner[4593:45748294] [SceneClient] No scene exists for identity: com.apple.controlcenter:ED83946A-C115-4D11-825C-C6E5522CED62-Aux[1]-NSStatusItemView
2026-10-01 23:30:44.946236+0900 ResourceRunner[4593:45748294] [SceneClient] No scene exists for identity: com.apple.controlcenter:808F1522-3595-454C-BE01-D5C2F2134704-Aux[1]-NSStatusItemView
2026-10-01 23:30:44.946287+0900 ResourceRunner[4593:45747596] [StatusBar] Unhandled disconnected scene <NSStatusItemScene: 0x80aa1c190>
2026-10-01 23:30:44.946308+0900 ResourceRunner[4593:45747596] [Common] [BSBlockSentinel:FBSWorkspaceScenesClient] failed!
2026-10-01 23:30:44.946630+0900 ResourceRunner[4593:45747596] [StatusBar] Unhandled disconnected auxiliary scene <NSHostedViewScene: 0x80afd5570>
2026-10-01 23:30:44.946714+0900 ResourceRunner[4593:45747596] [Common] [BSBlockSentinel:FBSWorkspaceScenesClient] failed!
2026-10-01 23:30:44.946756+0900 ResourceRunner[4593:45747596] [StatusBar] Unhandled disconnected scene <NSStatusItemScene: 0x80aa1c8c0>
2026-10-01 23:30:44.946767+0900 ResourceRunner[4593:45747596] [Common] [BSBlockSentinel:FBSWorkspaceScenesClient] failed!
✔ Test delegateOutputReflectsActualShowAndCloseInOrder() passed after 0.003 seconds.
◇ Test renderReflectsReceivedAccessibilityLabelOnButton() started.
2026-10-01 23:30:44.949635+0900 ResourceRunner[4593:45747596] [StatusBar] Unhandled disconnected auxiliary scene <NSHostedViewScene: 0x80afd5570>
✔ Test renderReflectsReceivedAccessibilityLabelOnButton() passed after 0.002 seconds.
2026-10-01 23:30:44.949696+0900 ResourceRunner[4593:45747596] [Common] [BSBlockSentinel:FBSWorkspaceScenesClient] failed!
◇ Test renderDoesNotSetAccessibilityValue() started.
2026-10-01 23:30:44.951460+0900 ResourceRunner[4593:45748293] [SceneClient] No scene exists for identity: com.apple.controlcenter:04913144-94DC-4DDD-BAEA-36FCD47E1687-Aux[1]-NSStatusItemView
2026-10-01 23:30:44.951544+0900 ResourceRunner[4593:45747676] [SceneClient] No scene exists for identity: com.apple.controlcenter:54C0314A-4017-4439-B257-01AEE67F2765-Aux[1]-NSStatusItemView
2026-10-01 23:30:44.952031+0900 ResourceRunner[4593:45747596] [StatusBar] Unhandled disconnected scene <NSStatusItemScene: 0x80aa1c910>
✔ Test renderDoesNotSetAccessibilityValue() passed after 0.002 seconds.
2026-10-01 23:30:44.952051+0900 ResourceRunner[4593:45747596] [Common] [BSBlockSentinel:FBSWorkspaceScenesClient] failed!
2026-10-01 23:30:44.952066+0900 ResourceRunner[4593:45747596] [StatusBar] Unhandled disconnected scene <NSStatusItemScene: 0x80aa1cdc0>
2026-10-01 23:30:44.952076+0900 ResourceRunner[4593:45747596] [Common] [BSBlockSentinel:FBSWorkspaceScenesClient] failed!
◇ Test cyclingThroughAllStatesKeepsLengthAndButtonImageStable() started.
2026-10-01 23:30:44.952097+0900 ResourceRunner[4593:45747596] [StatusBar] Unhandled disconnected auxiliary scene <NSHostedViewScene: 0x80afd5340>
2026-10-01 23:30:44.952150+0900 ResourceRunner[4593:45747596] [Common] [BSBlockSentinel:FBSWorkspaceScenesClient] failed!
2026-10-01 23:30:44.955103+0900 ResourceRunner[4593:45747596] [StatusBar] Unhandled disconnected auxiliary scene <NSHostedViewScene: 0x80afd5880>
2026-10-01 23:30:44.955202+0900 ResourceRunner[4593:45747596] [Common] [BSBlockSentinel:FBSWorkspaceScenesClient] failed!
✔ Test cyclingThroughAllStatesKeepsLengthAndButtonImageStable() passed after 0.003 seconds.
◇ Test renderKeepsAnOpenPopoverShown() started.
2026-10-01 23:30:44.955764+0900 ResourceRunner[4593:45748293] [SceneClient] No scene exists for identity: com.apple.controlcenter:47464EAC-2AF4-49EE-82C2-EDF07A6341B6-Aux[1]-NSStatusItemView
2026-10-01 23:30:44.956542+0900 ResourceRunner[4593:45748293] [SceneClient] No scene exists for identity: com.apple.controlcenter:3A129892-6FA9-43DB-B1EA-DB3C9FE37D32-Aux[1]-NSStatusItemView
2026-10-01 23:30:44.958184+0900 ResourceRunner[4593:45747596] [StatusBar] Unhandled disconnected scene <NSStatusItemScene: 0x80aa1db30>
2026-10-01 23:30:44.958206+0900 ResourceRunner[4593:45747596] [Common] [BSBlockSentinel:FBSWorkspaceScenesClient] failed!
2026-10-01 23:30:44.958221+0900 ResourceRunner[4593:45747596] [StatusBar] Unhandled disconnected scene <NSStatusItemScene: 0x80aa1cc80>
2026-10-01 23:30:44.958230+0900 ResourceRunner[4593:45747596] [Common] [BSBlockSentinel:FBSWorkspaceScenesClient] failed!
2026-10-01 23:30:45.940960+0900 ResourceRunner[4593:45747722] [MonitoringSampleStore] history=7 capacity=601
2026-10-01 23:30:45.941100+0900 ResourceRunner[4593:45747722] [MonitoringScheduler] appended sample axis=SystemMetricsSampleSource generation=1 collectionEpoch=0 appendedTotal=8
2026-10-01 23:30:45.941123+0900 ResourceRunner[4593:45747722] [MonitoringScheduler] appended sample axis=DiskActivitySource generation=1 collectionEpoch=0 appendedTotal=8
2026-10-01 23:30:45.942192+0900 ResourceRunner[4593:45747722] [MonitoringScheduler] appended sample axis=NetworkActivitySource generation=1 collectionEpoch=0 appendedTotal=8
2026-10-01 23:30:47.035098+0900 ResourceRunner[4593:45748293] [SceneClient] No scene exists for identity: com.apple.controlcenter:8F302D83-166A-4029-B0E9-8EC7E1B25C56-Aux[1]-NSStatusItemView
2026-10-01 23:30:47.037165+0900 ResourceRunner[4593:45747596] [StatusBar] Unhandled disconnected auxiliary scene <NSHostedViewScene: 0x80afd5d50>
2026-10-01 23:30:47.037235+0900 ResourceRunner[4593:45747596] [Common] [BSBlockSentinel:FBSWorkspaceScenesClient] failed!
2026-10-01 23:30:47.037276+0900 ResourceRunner[4593:45747596] [StatusBar] Unhandled disconnected scene <NSStatusItemScene: 0x80aa1dae0>
2026-10-01 23:30:47.037297+0900 ResourceRunner[4593:45747596] [Common] [BSBlockSentinel:FBSWorkspaceScenesClient] failed!
2026-10-01 23:30:47.042335+0900 ResourceRunner[4593:45747596] [CPUActivityState] usage=20.043181 collectionEpoch=0 displayedState=low
2026-10-01 23:30:47.042578+0900 ResourceRunner[4593:45747596] [CollectionPipeline] delivered axis=diskActivity epoch=0 status=rate
2026-10-01 23:30:47.042786+0900 ResourceRunner[4593:45747596] [CollectionPipeline] delivered axis=networkActivity epoch=0 status=partial("물리 대상의 식별·연결·속도 일부를 확인하지 못했습니다")
✔ Test renderKeepsAnOpenPopoverShown() passed after 2.087 seconds.
✔ Suite StatusBarControllerTests passed after 2.110 seconds.
◇ Suite StorageMetadataTests started.
◇ Test manyToManyRelationsSharedCapacityAndUnmountedExternalStayDistinct() started.
✔ Test manyToManyRelationsSharedCapacityAndUnmountedExternalStayDistinct() passed after 0.001 seconds.
◇ Test noExternalAndFailureAreDifferentFromUnmountedOrUnknownRelation() started.
✔ Test noExternalAndFailureAreDifferentFromUnmountedOrUnknownRelation() passed after 0.001 seconds.
◇ Test fastAndSlowReadersRejectBoundaryAndOlderRequestBeforeTrackerMutation() started.
✔ Test fastAndSlowReadersRejectBoundaryAndOlderRequestBeforeTrackerMutation() passed after 0.001 seconds.
◇ Test fastReadRetriesConcurrentTopologyChangeWithoutRestoringOldDevice() started.
✔ Test fastReadRetriesConcurrentTopologyChangeWithoutRestoringOldDevice() passed after 0.001 seconds.
◇ Test slowNativeReadRetriesTopologyRaceAndCannotRestoreOldSet() started.
✔ Test slowNativeReadRetriesTopologyRaceAndCannotRestoreOldSet() passed after 0.001 seconds.
◇ Test mountChangeAdvancesTopologyRevisionAndInvalidatesOldCapacityCache() started.
✔ Test mountChangeAdvancesTopologyRevisionAndInvalidatesOldCapacityCache() passed after 0.001 seconds.
◇ Test slowStorageSuspensionDoesNotBlockFastDiskSamples() started.
✔ Test slowStorageSuspensionDoesNotBlockFastDiskSamples() passed after 0.002 seconds.
◇ Test failureFromOlderTopologyCannotOverwriteStorageLatestAfterSourceOrSinkDelay() started.
✔ Test failureFromOlderTopologyCannotOverwriteStorageLatestAfterSourceOrSinkDelay() passed after 0.001 seconds.
✔ Suite StorageMetadataTests passed after 0.005 seconds.
◇ Suite CombinedSnapshotProducerTests started.
◇ Test revisionIncrementsOnlyWhenFieldActuallyChanges() started.
✔ Test revisionIncrementsOnlyWhenFieldActuallyChanges() passed after 0.001 seconds.
◇ Test fieldUpdateDoesNotRevertOtherFieldsLatestValue() started.
✔ Test fieldUpdateDoesNotRevertOtherFieldsLatestValue() passed after 0.001 seconds.
◇ Test displaySleepAndSessionChangesMergeWithoutRevertingOtherFields() started.
✔ Test displaySleepAndSessionChangesMergeWithoutRevertingOtherFields() passed after 0.001 seconds.
◇ Test emitsChangesInArrivalOrderWithDuplicatesRemoved() started.
✔ Test emitsChangesInArrivalOrderWithDuplicatesRemoved() passed after 0.008 seconds.
◇ Test lagInConsumptionKeepsOnlyLatestCombinedSnapshot() started.
✔ Test lagInConsumptionKeepsOnlyLatestCombinedSnapshot() passed after 0.001 seconds.
✔ Suite CombinedSnapshotProducerTests passed after 0.009 seconds.
◇ Suite SystemLifecycleObserverTests started.
◇ Test startRegistersScreenLockObserverBeforeReadingInitialState() started.
✔ Test startRegistersScreenLockObserverBeforeReadingInitialState() passed after 0.001 seconds.
◇ Test startRegistersLowPowerObserverBeforeReadingInitialLowPowerMode() started.
✔ Test startRegistersLowPowerObserverBeforeReadingInitialLowPowerMode() passed after 0.001 seconds.
◇ Test lowPowerAndScreenLockCallbacksDuringRegistrationMergeInArrivalOrder() started.
✔ Test lowPowerAndScreenLockCallbacksDuringRegistrationMergeInArrivalOrder() passed after 0.001 seconds.
◇ Test initialSnapshotRevisionIsAlwaysZero() started.
✔ Test initialSnapshotRevisionIsAlwaysZero() passed after 0.001 seconds.
◇ Test initialSnapshotAssumesScreenAwakeAndSessionActiveWithoutAnyNotification() started.
✔ Test initialSnapshotAssumesScreenAwakeAndSessionActiveWithoutAnyNotification() passed after 0.001 seconds.
◇ Test workspaceNotificationsUpdateDisplaySleepAndSessionFields() started.
✔ Test workspaceNotificationsUpdateDisplaySleepAndSessionFields() passed after 0.001 seconds.
◇ Test callbackArrivingDuringRegistrationIsNotDroppedAndAppliesOnTopOfInitial() started.
✔ Test callbackArrivingDuringRegistrationIsNotDroppedAndAppliesOnTopOfInitial() passed after 0.001 seconds.
◇ Test multipleCallbacksDuringRegistrationApplyInArrivalOrder() started.
✔ Test multipleCallbacksDuringRegistrationApplyInArrivalOrder() passed after 0.001 seconds.
◇ Test lagInConsumingUpdatesKeepsOnlyLatestCombinedSnapshot() started.
✔ Test lagInConsumingUpdatesKeepsOnlyLatestCombinedSnapshot() passed after 0.003 seconds.
✔ Suite SystemLifecycleObserverTests passed after 0.017 seconds.
◇ Suite MemorySystemLifecycleSourceTests started.
◇ Test initialSnapshotUsesGivenValuesWithRevisionZero() started.
✔ Test initialSnapshotUsesGivenValuesWithRevisionZero() passed after 0.001 seconds.
◇ Test sendUpdatesPreserveOtherFieldAndIncrementRevisionInOrder() started.
✔ Test sendUpdatesPreserveOtherFieldAndIncrementRevisionInOrder() passed after 0.001 seconds.
◇ Test sendDisplayAsleepAndSessionActivePreserveOtherFields() started.
✔ Test sendDisplayAsleepAndSessionActivePreserveOtherFields() passed after 0.001 seconds.
◇ Test sendBeforeStartHasNoEffect() started.
✔ Test sendBeforeStartHasNoEffect() passed after 0.001 seconds.
◇ Test lagInConsumingUpdatesKeepsOnlyLatestSnapshot() started.
✔ Test lagInConsumingUpdatesKeepsOnlyLatestSnapshot() passed after 0.007 seconds.
✔ Suite MemorySystemLifecycleSourceTests passed after 0.008 seconds.
◇ Suite ScreenLockStateReaderTests started.
◇ Test lockedKeyTrueIsLocked() started.
✔ Test lockedKeyTrueIsLocked() passed after 0.001 seconds.
◇ Test lockedKeyFalseIsUnlocked() started.
✔ Test lockedKeyFalseIsUnlocked() passed after 0.001 seconds.
◇ Test missingLockedKeyIsUnlocked() started.
✔ Test missingLockedKeyIsUnlocked() passed after 0.001 seconds.
◇ Test nilDictionaryIsUnknown() started.
✔ Test nilDictionaryIsUnknown() passed after 0.001 seconds.
◇ Test nonBooleanLockedValueIsUnknown() started.
✔ Test nonBooleanLockedValueIsUnknown() passed after 0.001 seconds.
◇ Test normalizesNumberAndStringToSameInt() started.
✔ Test normalizesNumberAndStringToSameInt() passed after 0.001 seconds.
◇ Test normalizeReturnsNilForUnparseableValue() started.
✔ Test normalizeReturnsNilForUnparseableValue() passed after 0.001 seconds.
✔ Suite ScreenLockStateReaderTests passed after 0.001 seconds.
◇ Suite ScreenLockObservationAdapterHandleTests started.
◇ Test matchingUserIDAppliesCandidate() started.
✔ Test matchingUserIDAppliesCandidate() passed after 0.001 seconds.
◇ Test mismatchingUserIDIsIgnored() started.
✔ Test mismatchingUserIDIsIgnored() passed after 0.001 seconds.
◇ Test unparseableObjectAppliesCandidateDespiteCachedUserID() started.
✔ Test unparseableObjectAppliesCandidateDespiteCachedUserID() passed after 0.001 seconds.
◇ Test missingCachedUserIDAppliesCandidateDespiteParsableObject() started.
✔ Test missingCachedUserIDAppliesCandidateDespiteParsableObject() passed after 0.001 seconds.
◇ Test unlockCandidateIsNeverDiscardedWhenUserIDsMatch() started.
✔ Test unlockCandidateIsNeverDiscardedWhenUserIDsMatch() passed after 0.001 seconds.
✔ Suite ScreenLockObservationAdapterHandleTests passed after 0.001 seconds.
◇ Suite ScreenLockObservationAdapterIntegrationTests started.
◇ Test readInitialScreenLockStateCachesUserIDForLaterNotificationHandling() started.
✔ Test readInitialScreenLockStateCachesUserIDForLaterNotificationHandling() passed after 0.001 seconds.
◇ Test registeredObserverAppliesLockedAndUnlockedNotificationNamesRespectively() started.
✔ Test registeredObserverAppliesLockedAndUnlockedNotificationNamesRespectively() passed after 0.001 seconds.
✔ Suite ScreenLockObservationAdapterIntegrationTests passed after 0.001 seconds.
◇ Suite CPUSystemMetricsCollectorTests started.
◇ Test firstTickProducesNoUsage() started.
✔ Test firstTickProducesNoUsage() passed after 0.001 seconds.
◇ Test secondTickProducesUsageFromTickDelta() started.
✔ Test secondTickProducesUsageFromTickDelta() passed after 0.001 seconds.
◇ Test overallUsageComesFromSummedTicksNotCoreAverage() started.
✔ Test overallUsageComesFromSummedTicksNotCoreAverage() passed after 0.014 seconds.
◇ Test niceTicksCountAsUserTime() started.
✔ Test niceTicksCountAsUserTime() passed after 0.001 seconds.
◇ Test ratiosStayInRangeAndSumToOneHundred(secondTick:) started.
◇ Test case passing 1 argument secondTick → [ResourceRunner.CPUCoreTicks(user: 25, system: 25, idle: 50, nice: 0)] to ratiosStayInRangeAndSumToOneHundred(secondTick:) started.
​◇ Test case passing 1 argument secondTick → [ResourceRunner.CPUCoreTicks(user: 100, system: 0, idle: 0, nice: 0)] to ratiosStayInRangeAndSumToOneHundred(secondTick:) started.
​◇ Test case passing 1 argument secondTick → [ResourceRunner.CPUCoreTicks(user: 0, system: 0, idle: 100, nice: 0)] to ratiosStayInRangeAndSumToOneHundred(secondTick:) started.
​◇ Test case passing 1 argument secondTick → [ResourceRunner.CPUCoreTicks(user: 33, system: 33, idle: 34, nice: 0)] to ratiosStayInRangeAndSumToOneHundred(secondTick:) started.
​◇ Test case passing 1 argument secondTick → [ResourceRunner.CPUCoreTicks(user: 1, system: 2, idle: 3, nice: 0), ResourceRunner.CPUCoreTicks(user: 4, system: 5, idle: 6, nice: 0)] to ratiosStayInRangeAndSumToOneHundred(secondTick:) started.
​✔ Test ratiosStayInRangeAndSumToOneHundred(secondTick:) with 5 test cases passed after 0.001 seconds.
◇ Test gapBeyondMaximumRefreshesBaselineWithoutProducingUsage() started.
✔ Test gapBeyondMaximumRefreshesBaselineWithoutProducingUsage() passed after 0.001 seconds.
◇ Test gapExactlyAtMaximumStillProducesUsage() started.
✔ Test gapExactlyAtMaximumStillProducesUsage() passed after 0.001 seconds.
◇ Test fiveSecondToOneSecondIntervalChangeKeepsProducingUsage() started.
✔ Test fiveSecondToOneSecondIntervalChangeKeepsProducingUsage() passed after 0.001 seconds.
◇ Test explicitResetSkipsShortGapAndNextTickUsesNewBaseline() started.
✔ Test explicitResetSkipsShortGapAndNextTickUsesNewBaseline() passed after 0.001 seconds.
◇ Test coreCountChangeRefreshesBaselineWithoutProducingUsage() started.
✔ Test coreCountChangeRefreshesBaselineWithoutProducingUsage() passed after 0.001 seconds.
◇ Test rewoundCounterRefreshesBaselineWithoutProducingUsage() started.
✔ Test rewoundCounterRefreshesBaselineWithoutProducingUsage() passed after 0.001 seconds.
◇ Test zeroTotalTickDeltaProducesNoUsage() started.
✔ Test zeroTotalTickDeltaProducesNoUsage() passed after 0.001 seconds.
◇ Test tickReadFailureIsThrownAsCPUCollectorFailure() started.
✔ Test tickReadFailureIsThrownAsCPUCollectorFailure() passed after 0.001 seconds.
◇ Test emptyCoreListIsTreatedAsFailure() started.
✔ Test emptyCoreListIsTreatedAsFailure() passed after 0.013 seconds.
✔ Suite CPUSystemMetricsCollectorTests passed after 0.030 seconds.
◇ Suite MemoryPressureLevelTests started.
◇ Test documentedRawValuesMapToLevels(rawValue:expected:) started.
◇ Test case passing 2 arguments rawValue → 1, expected → .normal to documentedRawValuesMapToLevels(rawValue:expected:) started.
​◇ Test case passing 2 arguments rawValue → 2, expected → .warning to documentedRawValuesMapToLevels(rawValue:expected:) started.
​◇ Test case passing 2 arguments rawValue → 4, expected → .critical to documentedRawValuesMapToLevels(rawValue:expected:) started.
​✔ Test documentedRawValuesMapToLevels(rawValue:expected:) with 3 test cases passed after 0.001 seconds.
◇ Test otherRawValuesAreNotInterpreted(rawValue:) started.
◇ Test case passing 1 argument rawValue → 0 to otherRawValuesAreNotInterpreted(rawValue:) started.
​◇ Test case passing 1 argument rawValue → 3 to otherRawValuesAreNotInterpreted(rawValue:) started.
​◇ Test case passing 1 argument rawValue → 5 to otherRawValuesAreNotInterpreted(rawValue:) started.
​◇ Test case passing 1 argument rawValue → 6 to otherRawValuesAreNotInterpreted(rawValue:) started.
​◇ Test case passing 1 argument rawValue → 7 to otherRawValuesAreNotInterpreted(rawValue:) started.
​◇ Test case passing 1 argument rawValue → 8 to otherRawValuesAreNotInterpreted(rawValue:) started.
​◇ Test case passing 1 argument rawValue → 16 to otherRawValuesAreNotInterpreted(rawValue:) started.
​◇ Test case passing 1 argument rawValue → -1 to otherRawValuesAreNotInterpreted(rawValue:) started.
​◇ Test case passing 1 argument rawValue → 2147483647 to otherRawValuesAreNotInterpreted(rawValue:) started.
​◇ Test case passing 1 argument rawValue → -2147483648 to otherRawValuesAreNotInterpreted(rawValue:) started.
​✔ Test otherRawValuesAreNotInterpreted(rawValue:) with 10 test cases passed after 0.014 seconds.
✔ Suite MemoryPressureLevelTests passed after 0.014 seconds.
◇ Suite MemorySystemMetricsDerivationTests started.
◇ Test usedBytesIsTotalMinusReclaimablePages() started.
✔ Test usedBytesIsTotalMinusReclaimablePages() passed after 0.001 seconds.
◇ Test usedBytesIsNotTheSumOfAppWiredAndCompressed() started.
✔ Test usedBytesIsNotTheSumOfAppWiredAndCompressed() passed after 0.001 seconds.
◇ Test componentBytesComeFromTheirOwnCounters() started.
✔ Test componentBytesComeFromTheirOwnCounters() passed after 0.006 seconds.
◇ Test usedBytesNeverExceedsTotalPhysicalBytes() started.
✔ Test usedBytesNeverExceedsTotalPhysicalBytes() passed after 0.001 seconds.
✔ Suite MemorySystemMetricsDerivationTests passed after 0.007 seconds.
◇ Suite SystemMetricsRealDevicePathTests started.
◇ Test twoConsecutiveRealTicksProduceCoreUsagesForEveryLogicalCore() started.
✔ Test twoConsecutiveRealTicksProduceCoreUsagesForEveryLogicalCore() passed after 0.303 seconds.
◇ Test realMemoryCollectProducesValueOnFirstTick() started.
✔ Test realMemoryCollectProducesValueOnFirstTick() passed after 0.001 seconds.
✔ Suite SystemMetricsRealDevicePathTests passed after 0.303 seconds.
◇ Suite SystemMetricsSampleSourceTests started.
◇ Test cpuFailureKeepsMemoryValueInTheSameSample() started.
✔ Test cpuFailureKeepsMemoryValueInTheSameSample() passed after 0.001 seconds.
◇ Test memoryFailureKeepsCPUValueInTheSameSample() started.
✔ Test memoryFailureKeepsCPUValueInTheSameSample() passed after 0.001 seconds.
◇ Test bothFailuresAreCarriedAsFailuresWithoutThrowing() started.
✔ Test bothFailuresAreCarriedAsFailuresWithoutThrowing() passed after 0.001 seconds.
◇ Test baselineOnlyCPUTickIsNotAFailure() started.
✔ Test baselineOnlyCPUTickIsNotAFailure() passed after 0.001 seconds.
2026-10-01 23:30:47.454014+0900 ResourceRunner[4593:45747676] [SystemMetricsSampleSource] baseline-only tick: no cpu usage produced collectionEpoch=0 epochReset=false elapsed=none maximumTickGap=10.0 seconds
◇ Test oneTickReadsTheTimestampOnceAndSharesIt() started.
✔ Test oneTickReadsTheTimestampOnceAndSharesIt() passed after 0.001 seconds.
◇ Test newerEpochResetsOnlyCPUBaselineAndOldEpochDoesNotCollect() started.
✔ Test newerEpochResetsOnlyCPUBaselineAndOldEpochDoesNotCollect() passed after 0.001 seconds.
2026-10-01 23:30:47.455176+0900 ResourceRunner[4593:45747718] [SystemMetricsSampleSource] baseline-only tick: no cpu usage produced collectionEpoch=1 epochReset=true elapsed=0.0 seconds maximumTickGap=10.0 seconds
2026-10-01 23:30:47.455186+0900 ResourceRunner[4593:45748284] [SystemMetricsSampleSource] baseline-only tick: no cpu usage produced collectionEpoch=0 epochReset=false elapsed=none maximumTickGap=10.0 seconds
◇ Test sameEpochProducesUsageAcrossFiveToOneSecondIntervalChange() started.
2026-10-01 23:30:47.455966+0900 ResourceRunner[4593:45747676] [SystemMetricsSampleSource] baseline-only tick: no cpu usage produced collectionEpoch=0 epochReset=false elapsed=none maximumTickGap=10.0 seconds
✔ Test sameEpochProducesUsageAcrossFiveToOneSecondIntervalChange() passed after 0.001 seconds.
✔ Suite SystemMetricsSampleSourceTests passed after 0.003 seconds.
✔ Test run with 597 tests in 116 suites passed after 17.414 seconds.
2026-10-01 23:30:47.817 xcodebuild[4120:45745746] [MT] IDETestOperationsObserverDebug: 19.005 elapsed -- Testing started completed.
2026-10-01 23:30:47.817 xcodebuild[4120:45745746] [MT] IDETestOperationsObserverDebug: 0.000 sec, +0.000 sec -- start
2026-10-01 23:30:47.817 xcodebuild[4120:45745746] [MT] IDETestOperationsObserverDebug: 19.005 sec, +19.005 sec -- end

Test session results, code coverage, and logs:
	/tmp/ResourceRunner-M3-task009-full/Logs/Test/Test-ResourceRunner-2026.10.01_23-30-11-+0900.xcresult

** TEST SUCCEEDED **

Testing started
