record	wallUTC	uptimeSeconds	phase	readAt	epoch	generation	request	boundary	topologyRevision	rateSegment	statusOrKind	identity	bsdNames	readBytes	writeBytes	readBps	writeBps	readOps	writeOps	completeOrPartial	extra
sample	2026-10-03T04:05:49.140Z	966074.406439	unmarked	Instant(_value: 3041476.546183416 seconds)	0	1	1	0	1	1	baselineOnly(ResourceRunner.DiskBaselineReason.first)	knownPhysical				-1.0	-1.0			false	representativeRead=-1.0;representativeWrite=-1.0
device	2026-10-03T04:05:49.140Z	966074.406439	unmarked	Instant(_value: 3041476.546183416 seconds)	0	1	1	0	1	1	physical	4294969732	disk0	1127571419136	6073787498496	-1.0	-1.0	57796086	268997704	false	bytesReason=IOBlockStorageDriver Statistics bytes;operationsReason=IOBlockStorageDriver Statistics operations
delivery	2026-10-03T04:05:49.140Z	966074.406439	unmarked	Instant(_value: 3041476.546183416 seconds)	0	1	1	0	1	1	delivered	diskActivity									sameReadAt=true
card	2026-10-03T04:05:49.140Z	966074.406439	unmarked	Optional(Swift.ContinuousClock.Instant(_value: 3041476.546183416 seconds))					1		baseline("first")	DiskCard				-1.0	-1.0			false	Disk 카드, 기준점 갱신 중, 현재 속도 없음, 측정된 속도 없음, 보조 정보 확인됨, 저장 공간 전체 926.4 GB, 사용 가능 764.8 GB, 사용 중은 전체에서 사용 가능을 뺀 값, APFS 공유 공간이며 볼륨별 독점 사용량이 아님
sample	2026-10-03T04:05:50.147Z	966075.4131495	unmarked	Instant(_value: 3041478.2431177497 seconds)	0	2	2	0	1	1	rate	knownPhysical				0.0	9203684.366020966			true	representativeRead=0.0;representativeWrite=9203684.366020966
device	2026-10-03T04:05:50.147Z	966075.4131495	unmarked	Instant(_value: 3041478.2431177497 seconds)	0	2	2	0	1	1	physical	4294969732	disk0	1127571419136	6073803116544	0.0	9203684.366020966	57796086	268998091	true	bytesReason=IOBlockStorageDriver Statistics bytes;operationsReason=IOBlockStorageDriver Statistics operations
delivery	2026-10-03T04:05:50.147Z	966075.4131495	unmarked	Instant(_value: 3041478.2431177497 seconds)	0	2	2	0	1	1	delivered	diskActivity									sameReadAt=true
card	2026-10-03T04:05:50.147Z	966075.4131495	unmarked	Optional(Swift.ContinuousClock.Instant(_value: 3041478.2431177497 seconds))					1		measured	DiskCard				0.0	9203684.366020966			false	Disk 카드, 정상 측정, 현재 Read 0.0 B/s, Write 8.8 MB/s, 보조 정보 확인됨, 저장 공간 전체 926.4 GB, 사용 가능 764.8 GB, 사용 중은 전체에서 사용 가능을 뺀 값, APFS 공유 공간이며 볼륨별 독점 사용량이 아님
sample	2026-10-03T04:05:51.187Z	966076.4533266667	unmarked	Instant(_value: 3041479.199374958 seconds)	0	2	3	0	1	1	rate	knownPhysical				81383.96170918066	280898885.5224399			true	representativeRead=81383.96170918066;representativeWrite=280898885.5224399
device	2026-10-03T04:05:51.187Z	966076.4533266667	unmarked	Instant(_value: 3041479.199374958 seconds)	0	2	3	0	1	1	physical	4294969732	disk0	1127571496960	6074071728128	81383.96170918066	280898885.5224399	57796105	268998357	true	bytesReason=IOBlockStorageDriver Statistics bytes;operationsReason=IOBlockStorageDriver Statistics operations
delivery	2026-10-03T04:05:51.187Z	966076.4533266667	unmarked	Instant(_value: 3041479.199374958 seconds)	0	2	3	0	1	1	delivered	diskActivity									sameReadAt=true
card	2026-10-03T04:05:51.187Z	966076.4533266667	unmarked	Optional(Swift.ContinuousClock.Instant(_value: 3041479.199374958 seconds))					1		measured	DiskCard				81383.96170918066	280898885.5224399			false	Disk 카드, 정상 측정, 현재 Read 79.5 KB/s, Write 267.9 MB/s, 보조 정보 확인됨, 저장 공간 전체 926.4 GB, 사용 가능 764.8 GB, 사용 중은 전체에서 사용 가능을 뺀 값, APFS 공유 공간이며 볼륨별 독점 사용량이 아님
sample	2026-10-03T04:05:52.237Z	966077.5030397917	unmarked	Instant(_value: 3041480.230144041 seconds)	0	2	4	0	1	1	rate	knownPhysical				0.0	19868.659564753358			true	representativeRead=0.0;representativeWrite=19868.659564753358
device	2026-10-03T04:05:52.237Z	966077.5030397917	unmarked	Instant(_value: 3041480.230144041 seconds)	0	2	4	0	1	1	physical	4294969732	disk0	1127571496960	6074071748608	0.0	19868.659564753358	57796105	268998359	true	bytesReason=IOBlockStorageDriver Statistics bytes;operationsReason=IOBlockStorageDriver Statistics operations
delivery	2026-10-03T04:05:52.237Z	966077.5030397917	unmarked	Instant(_value: 3041480.230144041 seconds)	0	2	4	0	1	1	delivered	diskActivity									sameReadAt=true
card	2026-10-03T04:05:52.237Z	966077.5030397917	unmarked	Optional(Swift.ContinuousClock.Instant(_value: 3041480.230144041 seconds))					1		measured	DiskCard				0.0	19868.659564753358			false	Disk 카드, 정상 측정, 현재 Read 0.0 B/s, Write 19.4 KB/s, 보조 정보 확인됨, 저장 공간 전체 926.4 GB, 사용 가능 764.8 GB, 사용 중은 전체에서 사용 가능을 뺀 값, APFS 공유 공간이며 볼륨별 독점 사용량이 아님
sample	2026-10-03T04:05:53.287Z	966078.5530788334	unmarked	Instant(_value: 3041481.2476561246 seconds)	0	2	5	0	1	1	rate	knownPhysical				8051.010035965332	0.0			true	representativeRead=8051.010035965332;representativeWrite=0.0
device	2026-10-03T04:05:53.287Z	966078.5530788334	unmarked	Instant(_value: 3041481.2476561246 seconds)	0	2	5	0	1	1	physical	4294969732	disk0	1127571505152	6074071748608	8051.010035965332	0.0	57796107	268998359	true	bytesReason=IOBlockStorageDriver Statistics bytes;operationsReason=IOBlockStorageDriver Statistics operations
delivery	2026-10-03T04:05:53.287Z	966078.5530788334	unmarked	Instant(_value: 3041481.2476561246 seconds)	0	2	5	0	1	1	delivered	diskActivity									sameReadAt=true
card	2026-10-03T04:05:53.287Z	966078.5530788334	unmarked	Optional(Swift.ContinuousClock.Instant(_value: 3041481.2476561246 seconds))					1		measured	DiskCard				8051.010035965332	0.0			false	Disk 카드, 정상 측정, 현재 Read 7.9 KB/s, Write 0.0 B/s, 보조 정보 확인됨, 저장 공간 전체 926.4 GB, 사용 가능 764.8 GB, 사용 중은 전체에서 사용 가능을 뺀 값, APFS 공유 공간이며 볼륨별 독점 사용량이 아님
sample	2026-10-03T04:05:54.337Z	966079.6032025417	unmarked	Instant(_value: 3041482.2437082496 seconds)	0	2	6	0	1	1	rate	knownPhysical				4112.234588124593	189162.79105373126			true	representativeRead=4112.234588124593;representativeWrite=189162.79105373126
device	2026-10-03T04:05:54.337Z	966079.6032025417	unmarked	Instant(_value: 3041482.2437082496 seconds)	0	2	6	0	1	1	physical	4294969732	disk0	1127571509248	6074071937024	4112.234588124593	189162.79105373126	57796108	268998364	true	bytesReason=IOBlockStorageDriver Statistics bytes;operationsReason=IOBlockStorageDriver Statistics operations
delivery	2026-10-03T04:05:54.337Z	966079.6032025417	unmarked	Instant(_value: 3041482.2437082496 seconds)	0	2	6	0	1	1	delivered	diskActivity									sameReadAt=true
card	2026-10-03T04:05:54.337Z	966079.6032025417	unmarked	Optional(Swift.ContinuousClock.Instant(_value: 3041482.2437082496 seconds))					1		measured	DiskCard				4112.234588124593	189162.79105373126			false	Disk 카드, 정상 측정, 현재 Read 4.0 KB/s, Write 184.7 KB/s, 보조 정보 확인됨, 저장 공간 전체 926.4 GB, 사용 가능 764.8 GB, 사용 중은 전체에서 사용 가능을 뺀 값, APFS 공유 공간이며 볼륨별 독점 사용량이 아님
sample	2026-10-03T04:05:55.341Z	966080.6077112918	read-idle	Instant(_value: 3041483.253598583 seconds)	0	2	7	0	1	1	rate	knownPhysical				0.0	0.0			true	representativeRead=0.0;representativeWrite=0.0
device	2026-10-03T04:05:55.341Z	966080.6077112918	read-idle	Instant(_value: 3041483.253598583 seconds)	0	2	7	0	1	1	physical	4294969732	disk0	1127571509248	6074071937024	0.0	0.0	57796108	268998364	true	bytesReason=IOBlockStorageDriver Statistics bytes;operationsReason=IOBlockStorageDriver Statistics operations
delivery	2026-10-03T04:05:55.341Z	966080.6077112918	read-idle	Instant(_value: 3041483.253598583 seconds)	0	2	7	0	1	1	delivered	diskActivity									sameReadAt=true
card	2026-10-03T04:05:55.341Z	966080.6077112918	read-idle	Optional(Swift.ContinuousClock.Instant(_value: 3041483.253598583 seconds))					1		measured	DiskCard				0.0	0.0			false	Disk 카드, 정상 측정, 현재 Read 0.0 B/s, Write 0.0 B/s, 보조 정보 확인됨, 저장 공간 전체 926.4 GB, 사용 가능 764.8 GB, 사용 중은 전체에서 사용 가능을 뺀 값, APFS 공유 공간이며 볼륨별 독점 사용량이 아님
sample	2026-10-03T04:05:56.357Z	966081.6236847084	read-idle	Instant(_value: 3041484.2488257913 seconds)	0	2	8	0	1	1	rate	knownPhysical				0.0	20578.215542515594			true	representativeRead=0.0;representativeWrite=20578.215542515594
device	2026-10-03T04:05:56.357Z	966081.6236847084	read-idle	Instant(_value: 3041484.2488257913 seconds)	0	2	8	0	1	1	physical	4294969732	disk0	1127571509248	6074071957504	0.0	20578.215542515594	57796108	268998366	true	bytesReason=IOBlockStorageDriver Statistics bytes;operationsReason=IOBlockStorageDriver Statistics operations
delivery	2026-10-03T04:05:56.357Z	966081.6236847084	read-idle	Instant(_value: 3041484.2488257913 seconds)	0	2	8	0	1	1	delivered	diskActivity									sameReadAt=true
card	2026-10-03T04:05:56.357Z	966081.6236847084	read-idle	Optional(Swift.ContinuousClock.Instant(_value: 3041484.2488257913 seconds))					1		measured	DiskCard				0.0	20578.215542515594			false	Disk 카드, 정상 측정, 현재 Read 0.0 B/s, Write 20.1 KB/s, 보조 정보 확인됨, 저장 공간 전체 926.4 GB, 사용 가능 764.8 GB, 사용 중은 전체에서 사용 가능을 뺀 값, APFS 공유 공간이며 볼륨별 독점 사용량이 아님
sample	2026-10-03T04:05:57.374Z	966082.6402370001	read-idle	Instant(_value: 3041485.198226375 seconds)	0	2	9	0	1	1	rate	knownPhysical				17257.204467866643	0.0			true	representativeRead=17257.204467866643;representativeWrite=0.0
device	2026-10-03T04:05:57.374Z	966082.6402370001	read-idle	Instant(_value: 3041485.198226375 seconds)	0	2	9	0	1	1	physical	4294969732	disk0	1127571525632	6074071957504	17257.204467866643	0.0	57796109	268998366	true	bytesReason=IOBlockStorageDriver Statistics bytes;operationsReason=IOBlockStorageDriver Statistics operations
delivery	2026-10-03T04:05:57.374Z	966082.6402370001	read-idle	Instant(_value: 3041485.198226375 seconds)	0	2	9	0	1	1	delivered	diskActivity									sameReadAt=true
card	2026-10-03T04:05:57.374Z	966082.6402370001	read-idle	Optional(Swift.ContinuousClock.Instant(_value: 3041485.198226375 seconds))					1		measured	DiskCard				17257.204467866643	0.0			false	Disk 카드, 정상 측정, 현재 Read 16.9 KB/s, Write 0.0 B/s, 보조 정보 확인됨, 저장 공간 전체 926.4 GB, 사용 가능 764.8 GB, 사용 중은 전체에서 사용 가능을 뺀 값, APFS 공유 공간이며 볼륨별 독점 사용량이 아님
sample	2026-10-03T04:05:58.420Z	966083.6865468334	read-idle	Instant(_value: 3041486.231246041 seconds)	0	2	10	0	1	1	rate	knownPhysical				0.0	27755.521936017045			true	representativeRead=0.0;representativeWrite=27755.521936017045
device	2026-10-03T04:05:58.420Z	966083.6865468334	read-idle	Instant(_value: 3041486.231246041 seconds)	0	2	10	0	1	1	physical	4294969732	disk0	1127571525632	6074071986176	0.0	27755.521936017045	57796109	268998371	true	bytesReason=IOBlockStorageDriver Statistics bytes;operationsReason=IOBlockStorageDriver Statistics operations
delivery	2026-10-03T04:05:58.420Z	966083.6865468334	read-idle	Instant(_value: 3041486.231246041 seconds)	0	2	10	0	1	1	delivered	diskActivity									sameReadAt=true
card	2026-10-03T04:05:58.420Z	966083.6865468334	read-idle	Optional(Swift.ContinuousClock.Instant(_value: 3041486.231246041 seconds))					1		measured	DiskCard				0.0	27755.521936017045			false	Disk 카드, 정상 측정, 현재 Read 0.0 B/s, Write 27.1 KB/s, 보조 정보 확인됨, 저장 공간 전체 926.4 GB, 사용 가능 764.8 GB, 사용 중은 전체에서 사용 가능을 뺀 값, APFS 공유 공간이며 볼륨별 독점 사용량이 아님
sample	2026-10-03T04:05:59.470Z	966084.736541375	read-idle	Instant(_value: 3041487.2535578753 seconds)	0	2	11	0	1	1	rate	knownPhysical				0.0	0.0			true	representativeRead=0.0;representativeWrite=0.0
device	2026-10-03T04:05:59.470Z	966084.736541375	read-idle	Instant(_value: 3041487.2535578753 seconds)	0	2	11	0	1	1	physical	4294969732	disk0	1127571525632	6074071986176	0.0	0.0	57796109	268998371	true	bytesReason=IOBlockStorageDriver Statistics bytes;operationsReason=IOBlockStorageDriver Statistics operations
delivery	2026-10-03T04:05:59.470Z	966084.736541375	read-idle	Instant(_value: 3041487.2535578753 seconds)	0	2	11	0	1	1	delivered	diskActivity									sameReadAt=true
card	2026-10-03T04:05:59.470Z	966084.736541375	read-idle	Optional(Swift.ContinuousClock.Instant(_value: 3041487.2535578753 seconds))					1		measured	DiskCard				0.0	0.0			false	Disk 카드, 정상 측정, 현재 Read 0.0 B/s, Write 0.0 B/s, 보조 정보 확인됨, 저장 공간 전체 926.4 GB, 사용 가능 764.8 GB, 사용 중은 전체에서 사용 가능을 뺀 값, APFS 공유 공간이며 볼륨별 독점 사용량이 아님
sample	2026-10-03T04:06:00.486Z	966085.7524271667	read-idle	Instant(_value: 3041488.2502464578 seconds)	0	2	12	0	1	1	rate	knownPhysical				0.0	0.0			true	representativeRead=0.0;representativeWrite=0.0
device	2026-10-03T04:06:00.486Z	966085.7524271667	read-idle	Instant(_value: 3041488.2502464578 seconds)	0	2	12	0	1	1	physical	4294969732	disk0	1127571525632	6074071986176	0.0	0.0	57796109	268998371	true	bytesReason=IOBlockStorageDriver Statistics bytes;operationsReason=IOBlockStorageDriver Statistics operations
delivery	2026-10-03T04:06:00.486Z	966085.7524271667	read-idle	Instant(_value: 3041488.2502464578 seconds)	0	2	12	0	1	1	delivered	diskActivity									sameReadAt=true
card	2026-10-03T04:06:00.486Z	966085.7524271667	read-idle	Optional(Swift.ContinuousClock.Instant(_value: 3041488.2502464578 seconds))					1		measured	DiskCard				0.0	0.0			false	Disk 카드, 정상 측정, 현재 Read 0.0 B/s, Write 0.0 B/s, 보조 정보 확인됨, 저장 공간 전체 926.4 GB, 사용 가능 764.8 GB, 사용 중은 전체에서 사용 가능을 뺀 값, APFS 공유 공간이며 볼륨별 독점 사용량이 아님
sample	2026-10-03T04:06:01.533Z	966086.7995259167	read-idle	Instant(_value: 3041489.245555791 seconds)	0	2	13	0	1	1	rate	knownPhysical				0.0	37037.73166567906			true	representativeRead=0.0;representativeWrite=37037.73166567906
device	2026-10-03T04:06:01.533Z	966086.7995259167	read-idle	Instant(_value: 3041489.245555791 seconds)	0	2	13	0	1	1	physical	4294969732	disk0	1127571525632	6074072023040	0.0	37037.73166567906	57796109	268998373	true	bytesReason=IOBlockStorageDriver Statistics bytes;operationsReason=IOBlockStorageDriver Statistics operations
delivery	2026-10-03T04:06:01.533Z	966086.7995259167	read-idle	Instant(_value: 3041489.245555791 seconds)	0	2	13	0	1	1	delivered	diskActivity									sameReadAt=true
card	2026-10-03T04:06:01.533Z	966086.7995259167	read-idle	Optional(Swift.ContinuousClock.Instant(_value: 3041489.245555791 seconds))					1		measured	DiskCard				0.0	37037.73166567906			false	Disk 카드, 정상 측정, 현재 Read 0.0 B/s, Write 36.2 KB/s, 보조 정보 확인됨, 저장 공간 전체 926.4 GB, 사용 가능 764.8 GB, 사용 중은 전체에서 사용 가능을 뺀 값, APFS 공유 공간이며 볼륨별 독점 사용량이 아님
sample	2026-10-03T04:06:02.583Z	966087.8491825	read-idle	Instant(_value: 3041490.256579125 seconds)	0	2	14	0	1	1	rate	knownPhysical				0.0	4051.3407181164025			true	representativeRead=0.0;representativeWrite=4051.3407181164025
device	2026-10-03T04:06:02.583Z	966087.8491825	read-idle	Instant(_value: 3041490.256579125 seconds)	0	2	14	0	1	1	physical	4294969732	disk0	1127571525632	6074072027136	0.0	4051.3407181164025	57796109	268998374	true	bytesReason=IOBlockStorageDriver Statistics bytes;operationsReason=IOBlockStorageDriver Statistics operations
delivery	2026-10-03T04:06:02.583Z	966087.8491825	read-idle	Instant(_value: 3041490.256579125 seconds)	0	2	14	0	1	1	delivered	diskActivity									sameReadAt=true
card	2026-10-03T04:06:02.583Z	966087.8491825	read-idle	Optional(Swift.ContinuousClock.Instant(_value: 3041490.256579125 seconds))					1		measured	DiskCard				0.0	4051.3407181164025			false	Disk 카드, 정상 측정, 현재 Read 0.0 B/s, Write 4.0 KB/s, 보조 정보 확인됨, 저장 공간 전체 926.4 GB, 사용 가능 764.8 GB, 사용 중은 전체에서 사용 가능을 뺀 값, APFS 공유 공간이며 볼륨별 독점 사용량이 아님
sample	2026-10-03T04:06:03.633Z	966088.8996020834	read-idle	Instant(_value: 3041491.2541096658 seconds)	0	2	15	0	1	1	rate	knownPhysical				0.0	41061.399442405644			true	representativeRead=0.0;representativeWrite=41061.399442405644
device	2026-10-03T04:06:03.633Z	966088.8996020834	read-idle	Instant(_value: 3041491.2541096658 seconds)	0	2	15	0	1	1	physical	4294969732	disk0	1127571525632	6074072068096	0.0	41061.399442405644	57796109	268998375	true	bytesReason=IOBlockStorageDriver Statistics bytes;operationsReason=IOBlockStorageDriver Statistics operations
delivery	2026-10-03T04:06:03.633Z	966088.8996020834	read-idle	Instant(_value: 3041491.2541096658 seconds)	0	2	15	0	1	1	delivered	diskActivity									sameReadAt=true
card	2026-10-03T04:06:03.633Z	966088.8996020834	read-idle	Optional(Swift.ContinuousClock.Instant(_value: 3041491.2541096658 seconds))					1		measured	DiskCard				0.0	41061.399442405644			false	Disk 카드, 정상 측정, 현재 Read 0.0 B/s, Write 40.1 KB/s, 보조 정보 확인됨, 저장 공간 전체 926.4 GB, 사용 가능 764.8 GB, 사용 중은 전체에서 사용 가능을 뺀 값, APFS 공유 공간이며 볼륨별 독점 사용량이 아님
sample	2026-10-03T04:06:04.853Z	966090.11984675	read-idle	Instant(_value: 3041493.258929375 seconds)	0	2	17	0	1	1	rate	knownPhysical				0.0	310958.7632531585			true	representativeRead=0.0;representativeWrite=310958.7632531585
device	2026-10-03T04:06:04.853Z	966090.11984675	read-idle	Instant(_value: 3041493.258929375 seconds)	0	2	17	0	1	1	physical	4294969732	disk0	1127571529728	6074072522752	0.0	310958.7632531585	57796110	268998379	true	bytesReason=IOBlockStorageDriver Statistics bytes;operationsReason=IOBlockStorageDriver Statistics operations
delivery	2026-10-03T04:06:04.853Z	966090.11984675	read-idle	Instant(_value: 3041493.258929375 seconds)	0	2	17	0	1	1	delivered	diskActivity									sameReadAt=true
card	2026-10-03T04:06:04.853Z	966090.11984675	read-idle	Optional(Swift.ContinuousClock.Instant(_value: 3041493.258929375 seconds))					1		measured	DiskCard				0.0	310958.7632531585			false	Disk 카드, 정상 측정, 현재 Read 0.0 B/s, Write 303.7 KB/s, 보조 정보 확인됨, 저장 공간 전체 926.4 GB, 사용 가능 764.8 GB, 사용 중은 전체에서 사용 가능을 뺀 값, APFS 공유 공간이며 볼륨별 독점 사용량이 아님
sample	2026-10-03T04:06:05.913Z	966091.1798432084	read-idle	Instant(_value: 3041494.196309 seconds)	0	2	18	0	1	1	rate	knownPhysical				43696.27726866796	305873.94088067574			true	representativeRead=43696.27726866796;representativeWrite=305873.94088067574
device	2026-10-03T04:06:05.913Z	966091.1798432084	read-idle	Instant(_value: 3041494.196309 seconds)	0	2	18	0	1	1	physical	4294969732	disk0	1127571570688	6074072809472	43696.27726866796	305873.94088067574	57796120	268998398	true	bytesReason=IOBlockStorageDriver Statistics bytes;operationsReason=IOBlockStorageDriver Statistics operations
delivery	2026-10-03T04:06:05.913Z	966091.1798432084	read-idle	Instant(_value: 3041494.196309 seconds)	0	2	18	0	1	1	delivered	diskActivity									sameReadAt=true
card	2026-10-03T04:06:05.913Z	966091.1798432084	read-idle	Optional(Swift.ContinuousClock.Instant(_value: 3041494.196309 seconds))					1		measured	DiskCard				43696.27726866796	305873.94088067574			false	Disk 카드, 정상 측정, 현재 Read 42.7 KB/s, Write 298.7 KB/s, 보조 정보 확인됨, 저장 공간 전체 926.4 GB, 사용 가능 764.8 GB, 사용 중은 전체에서 사용 가능을 뺀 값, APFS 공유 공간이며 볼륨별 독점 사용량이 아님
sample	2026-10-03T04:06:06.925Z	966092.1911476251	read-idle	Instant(_value: 3041495.254731916 seconds)	0	2	19	0	1	1	rate	knownPhysical				0.0	0.0			true	representativeRead=0.0;representativeWrite=0.0
device	2026-10-03T04:06:06.925Z	966092.1911476251	read-idle	Instant(_value: 3041495.254731916 seconds)	0	2	19	0	1	1	physical	4294969732	disk0	1127571570688	6074072809472	0.0	0.0	57796120	268998398	true	bytesReason=IOBlockStorageDriver Statistics bytes;operationsReason=IOBlockStorageDriver Statistics operations
delivery	2026-10-03T04:06:06.925Z	966092.1911476251	read-idle	Instant(_value: 3041495.254731916 seconds)	0	2	19	0	1	1	delivered	diskActivity									sameReadAt=true
card	2026-10-03T04:06:06.925Z	966092.1911476251	read-idle	Optional(Swift.ContinuousClock.Instant(_value: 3041495.254731916 seconds))					1		measured	DiskCard				0.0	0.0			false	Disk 카드, 정상 측정, 현재 Read 0.0 B/s, Write 0.0 B/s, 보조 정보 확인됨, 저장 공간 전체 926.4 GB, 사용 가능 764.8 GB, 사용 중은 전체에서 사용 가능을 뺀 값, APFS 공유 공간이며 볼륨별 독점 사용량이 아님
sample	2026-10-03T04:06:07.943Z	966093.2093877083	read-idle	Instant(_value: 3041496.2146444577 seconds)	0	2	20	0	1	1	rate	knownPhysical				0.0	12801.166212911092			true	representativeRead=0.0;representativeWrite=12801.166212911092
device	2026-10-03T04:06:07.943Z	966093.2093877083	read-idle	Instant(_value: 3041496.2146444577 seconds)	0	2	20	0	1	1	physical	4294969732	disk0	1127571570688	6074072821760	0.0	12801.166212911092	57796120	268998399	true	bytesReason=IOBlockStorageDriver Statistics bytes;operationsReason=IOBlockStorageDriver Statistics operations
delivery	2026-10-03T04:06:07.943Z	966093.2093877083	read-idle	Instant(_value: 3041496.2146444577 seconds)	0	2	20	0	1	1	delivered	diskActivity									sameReadAt=true
card	2026-10-03T04:06:07.943Z	966093.2093877083	read-idle	Optional(Swift.ContinuousClock.Instant(_value: 3041496.2146444577 seconds))					1		measured	DiskCard				0.0	12801.166212911092			false	Disk 카드, 정상 측정, 현재 Read 0.0 B/s, Write 12.5 KB/s, 보조 정보 확인됨, 저장 공간 전체 926.4 GB, 사용 가능 764.8 GB, 사용 중은 전체에서 사용 가능을 뺀 값, APFS 공유 공간이며 볼륨별 독점 사용량이 아님
sample	2026-10-03T04:06:09.012Z	966094.2782258751	read-idle	Instant(_value: 3041497.2559740003 seconds)	0	2	21	0	1	1	rate	knownPhysical				0.0	0.0			true	representativeRead=0.0;representativeWrite=0.0
device	2026-10-03T04:06:09.012Z	966094.2782258751	read-idle	Instant(_value: 3041497.2559740003 seconds)	0	2	21	0	1	1	physical	4294969732	disk0	1127571570688	6074072821760	0.0	0.0	57796120	268998399	true	bytesReason=IOBlockStorageDriver Statistics bytes;operationsReason=IOBlockStorageDriver Statistics operations
delivery	2026-10-03T04:06:09.012Z	966094.2782258751	read-idle	Instant(_value: 3041497.2559740003 seconds)	0	2	21	0	1	1	delivered	diskActivity									sameReadAt=true
card	2026-10-03T04:06:09.012Z	966094.2782258751	read-idle	Optional(Swift.ContinuousClock.Instant(_value: 3041497.2559740003 seconds))					1		measured	DiskCard				0.0	0.0			false	Disk 카드, 정상 측정, 현재 Read 0.0 B/s, Write 0.0 B/s, 보조 정보 확인됨, 저장 공간 전체 926.4 GB, 사용 가능 764.8 GB, 사용 중은 전체에서 사용 가능을 뺀 값, APFS 공유 공간이며 볼륨별 독점 사용량이 아님
sample	2026-10-03T04:06:10.022Z	966095.2882057917	read-load	Instant(_value: 3041498.230840041 seconds)	0	2	22	0	1	1	rate	knownPhysical				0.0	0.0			true	representativeRead=0.0;representativeWrite=0.0
device	2026-10-03T04:06:10.022Z	966095.2882057917	read-load	Instant(_value: 3041498.230840041 seconds)	0	2	22	0	1	1	physical	4294969732	disk0	1127571570688	6074072821760	0.0	0.0	57796120	268998399	true	bytesReason=IOBlockStorageDriver Statistics bytes;operationsReason=IOBlockStorageDriver Statistics operations
delivery	2026-10-03T04:06:10.022Z	966095.2882057917	read-load	Instant(_value: 3041498.230840041 seconds)	0	2	22	0	1	1	delivered	diskActivity									sameReadAt=true
card	2026-10-03T04:06:10.022Z	966095.2882057917	read-load	Optional(Swift.ContinuousClock.Instant(_value: 3041498.230840041 seconds))					1		measured	DiskCard				0.0	0.0			false	Disk 카드, 정상 측정, 현재 Read 0.0 B/s, Write 0.0 B/s, 보조 정보 확인됨, 저장 공간 전체 926.4 GB, 사용 가능 764.8 GB, 사용 중은 전체에서 사용 가능을 뺀 값, APFS 공유 공간이며 볼륨별 독점 사용량이 아님
sample	2026-10-03T04:06:11.079Z	966096.345800625	read-load	Instant(_value: 3041499.213977666 seconds)	0	2	23	0	1	1	rate	knownPhysical				22397775.692899555	37496.27627159524			true	representativeRead=22397775.692899555;representativeWrite=37496.27627159524
device	2026-10-03T04:06:11.079Z	966096.345800625	read-load	Instant(_value: 3041499.213977666 seconds)	0	2	23	0	1	1	physical	4294969732	disk0	1127593590784	6074072858624	22397775.692899555	37496.27627159524	57796141	268998401	true	bytesReason=IOBlockStorageDriver Statistics bytes;operationsReason=IOBlockStorageDriver Statistics operations
delivery	2026-10-03T04:06:11.079Z	966096.345800625	read-load	Instant(_value: 3041499.213977666 seconds)	0	2	23	0	1	1	delivered	diskActivity									sameReadAt=true
card	2026-10-03T04:06:11.079Z	966096.345800625	read-load	Optional(Swift.ContinuousClock.Instant(_value: 3041499.213977666 seconds))					1		measured	DiskCard				22397775.692899555	37496.27627159524			false	Disk 카드, 정상 측정, 현재 Read 21.4 MB/s, Write 36.6 KB/s, 보조 정보 확인됨, 저장 공간 전체 926.4 GB, 사용 가능 764.8 GB, 사용 중은 전체에서 사용 가능을 뺀 값, APFS 공유 공간이며 볼륨별 독점 사용량이 아님
sample	2026-10-03T04:06:12.145Z	966097.411125125	read-load	Instant(_value: 3041500.255397791 seconds)	0	2	24	0	1	1	rate	knownPhysical				33226751.787613094	3933.0908839504136			true	representativeRead=33226751.787613094;representativeWrite=3933.0908839504136
device	2026-10-03T04:06:12.145Z	966097.411125125	read-load	Instant(_value: 3041500.255397791 seconds)	0	2	24	0	1	1	physical	4294969732	disk0	1127628193792	6074072862720	33226751.787613094	3933.0908839504136	57796174	268998402	true	bytesReason=IOBlockStorageDriver Statistics bytes;operationsReason=IOBlockStorageDriver Statistics operations
delivery	2026-10-03T04:06:12.145Z	966097.411125125	read-load	Instant(_value: 3041500.255397791 seconds)	0	2	24	0	1	1	delivered	diskActivity									sameReadAt=true
card	2026-10-03T04:06:12.145Z	966097.411125125	read-load	Optional(Swift.ContinuousClock.Instant(_value: 3041500.255397791 seconds))					1		measured	DiskCard				33226751.787613094	3933.0908839504136			false	Disk 카드, 정상 측정, 현재 Read 31.7 MB/s, Write 3.8 KB/s, 보조 정보 확인됨, 저장 공간 전체 926.4 GB, 사용 가능 764.8 GB, 사용 중은 전체에서 사용 가능을 뺀 값, APFS 공유 공간이며 볼륨별 독점 사용량이 아님
sample	2026-10-03T04:06:13.187Z	966098.4530301667	read-load	Instant(_value: 3041501.2531388327 seconds)	0	2	25	0	1	1	rate	knownPhysical				36278303.16315684	82105.47281465845			true	representativeRead=36278303.16315684;representativeWrite=82105.47281465845
device	2026-10-03T04:06:13.187Z	966098.4530301667	read-load	Instant(_value: 3041501.2531388327 seconds)	0	2	25	0	1	1	physical	4294969732	disk0	1127664390144	6074072944640	36278303.16315684	82105.47281465845	57796368	268998404	true	bytesReason=IOBlockStorageDriver Statistics bytes;operationsReason=IOBlockStorageDriver Statistics operations
delivery	2026-10-03T04:06:13.187Z	966098.4530301667	read-load	Instant(_value: 3041501.2531388327 seconds)	0	2	25	0	1	1	delivered	diskActivity									sameReadAt=true
card	2026-10-03T04:06:13.187Z	966098.4530301667	read-load	Optional(Swift.ContinuousClock.Instant(_value: 3041501.2531388327 seconds))					1		measured	DiskCard				36278303.16315684	82105.47281465845			false	Disk 카드, 정상 측정, 현재 Read 34.6 MB/s, Write 80.2 KB/s, 보조 정보 확인됨, 저장 공간 전체 926.4 GB, 사용 가능 764.8 GB, 사용 중은 전체에서 사용 가능을 뺀 값, APFS 공유 공간이며 볼륨별 독점 사용량이 아님
sample	2026-10-03T04:06:14.253Z	966099.5196442917	read-load	Instant(_value: 3041502.2327337503 seconds)	0	2	26	0	1	1	rate	knownPhysical				34470803.60871248	296873.73316576733			true	representativeRead=34470803.60871248;representativeWrite=296873.73316576733
device	2026-10-03T04:06:14.253Z	966099.5196442917	read-load	Instant(_value: 3041502.2327337503 seconds)	0	2	26	0	1	1	physical	4294969732	disk0	1127698157568	6074073235456	34470803.60871248	296873.73316576733	57796476	268998408	true	bytesReason=IOBlockStorageDriver Statistics bytes;operationsReason=IOBlockStorageDriver Statistics operations
delivery	2026-10-03T04:06:14.253Z	966099.5196442917	read-load	Instant(_value: 3041502.2327337503 seconds)	0	2	26	0	1	1	delivered	diskActivity									sameReadAt=true
card	2026-10-03T04:06:14.253Z	966099.5196442917	read-load	Optional(Swift.ContinuousClock.Instant(_value: 3041502.2327337503 seconds))					1		measured	DiskCard				34470803.60871248	296873.73316576733			false	Disk 카드, 정상 측정, 현재 Read 32.9 MB/s, Write 289.9 KB/s, 보조 정보 확인됨, 저장 공간 전체 926.4 GB, 사용 가능 764.8 GB, 사용 중은 전체에서 사용 가능을 뺀 값, APFS 공유 공간이며 볼륨별 독점 사용량이 아님
sample	2026-10-03T04:06:15.311Z	966100.5779036251	read-load	Instant(_value: 3041503.235868541 seconds)	0	2	27	0	1	1	rate	knownPhysical				33461824.174733467	2094681.6109381658			true	representativeRead=33461824.174733467;representativeWrite=2094681.6109381658
device	2026-10-03T04:06:15.311Z	966100.5779036251	read-load	Instant(_value: 3041503.235868541 seconds)	0	2	27	0	1	1	physical	4294969732	disk0	1127731724288	6074075336704	33461824.174733467	2094681.6109381658	57796511	268998741	true	bytesReason=IOBlockStorageDriver Statistics bytes;operationsReason=IOBlockStorageDriver Statistics operations
delivery	2026-10-03T04:06:15.311Z	966100.5779036251	read-load	Instant(_value: 3041503.235868541 seconds)	0	2	27	0	1	1	delivered	diskActivity									sameReadAt=true
card	2026-10-03T04:06:15.311Z	966100.5779036251	read-load	Optional(Swift.ContinuousClock.Instant(_value: 3041503.235868541 seconds))					1		measured	DiskCard				33461824.174733467	2094681.6109381658			false	Disk 카드, 정상 측정, 현재 Read 31.9 MB/s, Write 2.0 MB/s, 보조 정보 확인됨, 저장 공간 전체 926.4 GB, 사용 가능 764.8 GB, 사용 중은 전체에서 사용 가능을 뺀 값, APFS 공유 공간이며 볼륨별 독점 사용량이 아님
sample	2026-10-03T04:06:16.378Z	966101.6447924584	read-load	Instant(_value: 3041504.2446897076 seconds)	0	2	28	0	1	1	rate	knownPhysical				34300438.1072825	48722.21322057173			true	representativeRead=34300438.1072825;representativeWrite=48722.21322057173
device	2026-10-03T04:06:16.378Z	966101.6447924584	read-load	Instant(_value: 3041504.2446897076 seconds)	0	2	28	0	1	1	physical	4294969732	disk0	1127766327296	6074075385856	34300438.1072825	48722.21322057173	57796544	268998742	true	bytesReason=IOBlockStorageDriver Statistics bytes;operationsReason=IOBlockStorageDriver Statistics operations
delivery	2026-10-03T04:06:16.378Z	966101.6447924584	read-load	Instant(_value: 3041504.2446897076 seconds)	0	2	28	0	1	1	delivered	diskActivity									sameReadAt=true
card	2026-10-03T04:06:16.378Z	966101.6447924584	read-load	Optional(Swift.ContinuousClock.Instant(_value: 3041504.2446897076 seconds))					1		measured	DiskCard				34300438.1072825	48722.21322057173			false	Disk 카드, 정상 측정, 현재 Read 32.7 MB/s, Write 47.6 KB/s, 보조 정보 확인됨, 저장 공간 전체 926.4 GB, 사용 가능 764.8 GB, 사용 중은 전체에서 사용 가능을 뺀 값, APFS 공유 공간이며 볼륨별 독점 사용량이 아님
sample	2026-10-03T04:06:17.439Z	966102.7050587501	read-load	Instant(_value: 3041505.254616291 seconds)	0	2	29	0	1	1	rate	knownPhysical				33224625.002271082	32445.922853780354			true	representativeRead=33224625.002271082;representativeWrite=32445.922853780354
device	2026-10-03T04:06:17.439Z	966102.7050587501	read-load	Instant(_value: 3041505.254616291 seconds)	0	2	29	0	1	1	physical	4294969732	disk0	1127799881728	6074075418624	33224625.002271082	32445.922853780354	57796576	268998745	true	bytesReason=IOBlockStorageDriver Statistics bytes;operationsReason=IOBlockStorageDriver Statistics operations
delivery	2026-10-03T04:06:17.439Z	966102.7050587501	read-load	Instant(_value: 3041505.254616291 seconds)	0	2	29	0	1	1	delivered	diskActivity									sameReadAt=true
card	2026-10-03T04:06:17.439Z	966102.7050587501	read-load	Optional(Swift.ContinuousClock.Instant(_value: 3041505.254616291 seconds))					1		measured	DiskCard				33224625.002271082	32445.922853780354			false	Disk 카드, 정상 측정, 현재 Read 31.7 MB/s, Write 31.7 KB/s, 보조 정보 확인됨, 저장 공간 전체 926.4 GB, 사용 가능 764.8 GB, 사용 중은 전체에서 사용 가능을 뺀 값, APFS 공유 공간이며 볼륨별 독점 사용량이 아님
sample	2026-10-03T04:06:18.503Z	966103.769199125	read-load	Instant(_value: 3041506.2476735003 seconds)	0	2	30	0	1	1	rate	knownPhysical				33789022.118664265	705312.8396352037			true	representativeRead=33789022.118664265;representativeWrite=705312.8396352037
device	2026-10-03T04:06:18.503Z	966103.769199125	read-load	Instant(_value: 3041506.2476735003 seconds)	0	2	30	0	1	1	physical	4294969732	disk0	1127833436160	6074076119040	33789022.118664265	705312.8396352037	57796608	268998874	true	bytesReason=IOBlockStorageDriver Statistics bytes;operationsReason=IOBlockStorageDriver Statistics operations
delivery	2026-10-03T04:06:18.503Z	966103.769199125	read-load	Instant(_value: 3041506.2476735003 seconds)	0	2	30	0	1	1	delivered	diskActivity									sameReadAt=true
card	2026-10-03T04:06:18.503Z	966103.769199125	read-load	Optional(Swift.ContinuousClock.Instant(_value: 3041506.2476735003 seconds))					1		measured	DiskCard				33789022.118664265	705312.8396352037			false	Disk 카드, 정상 측정, 현재 Read 32.2 MB/s, Write 688.8 KB/s, 보조 정보 확인됨, 저장 공간 전체 926.4 GB, 사용 가능 764.8 GB, 사용 중은 전체에서 사용 가능을 뺀 값, APFS 공유 공간이며 볼륨별 독점 사용량이 아님
sample	2026-10-03T04:06:19.672Z	966104.9385280834	read-load	Instant(_value: 3041507.199031125 seconds)	0	2	31	0	1	1	rate	knownPhysical				33082894.563440327	2057993.7013696611			true	representativeRead=33082894.563440327;representativeWrite=2057993.7013696611
device	2026-10-03T04:06:19.672Z	966104.9385280834	read-load	Instant(_value: 3041507.199031125 seconds)	0	2	31	0	1	1	physical	4294969732	disk0	1127864909824	6074078076928	33082894.563440327	2057993.7013696611	57796639	268998910	true	bytesReason=IOBlockStorageDriver Statistics bytes;operationsReason=IOBlockStorageDriver Statistics operations
delivery	2026-10-03T04:06:19.672Z	966104.9385280834	read-load	Instant(_value: 3041507.199031125 seconds)	0	2	31	0	1	1	delivered	diskActivity									sameReadAt=true
card	2026-10-03T04:06:19.672Z	966104.9385280834	read-load	Optional(Swift.ContinuousClock.Instant(_value: 3041507.199031125 seconds))					1		measured	DiskCard				33082894.563440327	2057993.7013696611			false	Disk 카드, 정상 측정, 현재 Read 31.6 MB/s, Write 2.0 MB/s, 보조 정보 확인됨, 저장 공간 전체 926.4 GB, 사용 가능 764.5 GB, 사용 중은 전체에서 사용 가능을 뺀 값, APFS 공유 공간이며 볼륨별 독점 사용량이 아님
sample	2026-10-03T04:06:20.713Z	966105.9796793751	read-load	Instant(_value: 3041509.2480364996 seconds)	0	2	33	0	1	1	rate	knownPhysical				33873523.4019488	45484.46745867148			true	representativeRead=33873523.4019488;representativeWrite=45484.46745867148
device	2026-10-03T04:06:20.713Z	966105.9796793751	read-load	Instant(_value: 3041509.2480364996 seconds)	0	2	33	0	1	1	physical	4294969732	disk0	1127934115840	6074081947648	33873523.4019488	45484.46745867148	57796705	268999116	true	bytesReason=IOBlockStorageDriver Statistics bytes;operationsReason=IOBlockStorageDriver Statistics operations
delivery	2026-10-03T04:06:20.713Z	966105.9796793751	read-load	Instant(_value: 3041509.2480364996 seconds)	0	2	33	0	1	1	delivered	diskActivity									sameReadAt=true
card	2026-10-03T04:06:20.713Z	966105.9796793751	read-load	Optional(Swift.ContinuousClock.Instant(_value: 3041509.2480364996 seconds))					1		measured	DiskCard				33873523.4019488	45484.46745867148			false	Disk 카드, 정상 측정, 현재 Read 32.3 MB/s, Write 44.4 KB/s, 보조 정보 확인됨, 저장 공간 전체 926.4 GB, 사용 가능 764.5 GB, 사용 중은 전체에서 사용 가능을 뺀 값, APFS 공유 공간이며 볼륨별 독점 사용량이 아님
sample	2026-10-03T04:06:21.800Z	966107.0666482918	read-load	Instant(_value: 3041510.2569505004 seconds)	0	2	34	0	1	1	rate	knownPhysical				33257970.45139625	4059.810846117706			true	representativeRead=33257970.45139625;representativeWrite=4059.810846117706
device	2026-10-03T04:06:21.800Z	966107.0666482918	read-load	Instant(_value: 3041510.2569505004 seconds)	0	2	34	0	1	1	physical	4294969732	disk0	1127967670272	6074081951744	33257970.45139625	4059.810846117706	57796737	268999117	true	bytesReason=IOBlockStorageDriver Statistics bytes;operationsReason=IOBlockStorageDriver Statistics operations
delivery	2026-10-03T04:06:21.800Z	966107.0666482918	read-load	Instant(_value: 3041510.2569505004 seconds)	0	2	34	0	1	1	delivered	diskActivity									sameReadAt=true
card	2026-10-03T04:06:21.800Z	966107.0666482918	read-load	Optional(Swift.ContinuousClock.Instant(_value: 3041510.2569505004 seconds))					1		measured	DiskCard				33257970.45139625	4059.810846117706			false	Disk 카드, 정상 측정, 현재 Read 31.7 MB/s, Write 4.0 KB/s, 보조 정보 확인됨, 저장 공간 전체 926.4 GB, 사용 가능 764.5 GB, 사용 중은 전체에서 사용 가능을 뺀 값, APFS 공유 공간이며 볼륨별 독점 사용량이 아님
sample	2026-10-03T04:06:22.863Z	966108.1292957084	read-load	Instant(_value: 3041511.2501296657 seconds)	0	2	35	0	1	1	rate	knownPhysical				33784873.01051581	0.0			true	representativeRead=33784873.01051581;representativeWrite=0.0
device	2026-10-03T04:06:22.863Z	966108.1292957084	read-load	Instant(_value: 3041511.2501296657 seconds)	0	2	35	0	1	1	physical	4294969732	disk0	1128001224704	6074081951744	33784873.01051581	0.0	57796769	268999117	true	bytesReason=IOBlockStorageDriver Statistics bytes;operationsReason=IOBlockStorageDriver Statistics operations
delivery	2026-10-03T04:06:22.863Z	966108.1292957084	read-load	Instant(_value: 3041511.2501296657 seconds)	0	2	35	0	1	1	delivered	diskActivity									sameReadAt=true
card	2026-10-03T04:06:22.863Z	966108.1292957084	read-load	Optional(Swift.ContinuousClock.Instant(_value: 3041511.2501296657 seconds))					1		measured	DiskCard				33784873.01051581	0.0			false	Disk 카드, 정상 측정, 현재 Read 32.2 MB/s, Write 0.0 B/s, 보조 정보 확인됨, 저장 공간 전체 926.4 GB, 사용 가능 764.5 GB, 사용 중은 전체에서 사용 가능을 뺀 값, APFS 공유 공간이며 볼륨별 독점 사용량이 아님
sample	2026-10-03T04:06:23.922Z	966109.1887421667	read-load	Instant(_value: 3041512.247456583 seconds)	0	2	36	0	1	1	rate	knownPhysical				33644366.18329033	205348.91469293414			true	representativeRead=33644366.18329033;representativeWrite=205348.91469293414
device	2026-10-03T04:06:23.922Z	966109.1887421667	read-load	Instant(_value: 3041512.247456583 seconds)	0	2	36	0	1	1	physical	4294969732	disk0	1128034779136	6074082156544	33644366.18329033	205348.91469293414	57796801	268999121	true	bytesReason=IOBlockStorageDriver Statistics bytes;operationsReason=IOBlockStorageDriver Statistics operations
delivery	2026-10-03T04:06:23.922Z	966109.1887421667	read-load	Instant(_value: 3041512.247456583 seconds)	0	2	36	0	1	1	delivered	diskActivity									sameReadAt=true
card	2026-10-03T04:06:23.922Z	966109.1887421667	read-load	Optional(Swift.ContinuousClock.Instant(_value: 3041512.247456583 seconds))					1		measured	DiskCard				33644366.18329033	205348.91469293414			false	Disk 카드, 정상 측정, 현재 Read 32.1 MB/s, Write 200.5 KB/s, 보조 정보 확인됨, 저장 공간 전체 926.4 GB, 사용 가능 764.5 GB, 사용 중은 전체에서 사용 가능을 뺀 값, APFS 공유 공간이며 볼륨별 독점 사용량이 아님
sample	2026-10-03T04:06:24.986Z	966110.2527217084	read-load	Instant(_value: 3041513.253116708 seconds)	0	2	37	0	1	1	rate	knownPhysical				33365578.65412035	12218.839839155402			true	representativeRead=33365578.65412035;representativeWrite=12218.839839155402
device	2026-10-03T04:06:24.986Z	966110.2527217084	read-load	Instant(_value: 3041513.253116708 seconds)	0	2	37	0	1	1	physical	4294969732	disk0	1128068333568	6074082168832	33365578.65412035	12218.839839155402	57796833	268999122	true	bytesReason=IOBlockStorageDriver Statistics bytes;operationsReason=IOBlockStorageDriver Statistics operations
delivery	2026-10-03T04:06:24.986Z	966110.2527217084	read-load	Instant(_value: 3041513.253116708 seconds)	0	2	37	0	1	1	delivered	diskActivity									sameReadAt=true
card	2026-10-03T04:06:24.986Z	966110.2527217084	read-load	Optional(Swift.ContinuousClock.Instant(_value: 3041513.253116708 seconds))					1		measured	DiskCard				33365578.65412035	12218.839839155402			false	Disk 카드, 정상 측정, 현재 Read 31.8 MB/s, Write 11.9 KB/s, 보조 정보 확인됨, 저장 공간 전체 926.4 GB, 사용 가능 764.5 GB, 사용 중은 전체에서 사용 가능을 뺀 값, APFS 공유 공간이며 볼륨별 독점 사용량이 아님
sample	2026-10-03T04:06:26.048Z	966111.3142206668	read-load	Instant(_value: 3041514.2208800004 seconds)	0	2	38	0	1	1	rate	knownPhysical				33588643.285717845	46556.83923171576			true	representativeRead=33588643.285717845;representativeWrite=46556.83923171576
device	2026-10-03T04:06:26.048Z	966111.3142206668	read-load	Instant(_value: 3041514.2208800004 seconds)	0	2	38	0	1	1	physical	4294969732	disk0	1128100839424	6074082213888	33588643.285717845	46556.83923171576	57796864	268999124	true	bytesReason=IOBlockStorageDriver Statistics bytes;operationsReason=IOBlockStorageDriver Statistics operations
delivery	2026-10-03T04:06:26.048Z	966111.3142206668	read-load	Instant(_value: 3041514.2208800004 seconds)	0	2	38	0	1	1	delivered	diskActivity									sameReadAt=true
card	2026-10-03T04:06:26.048Z	966111.3142206668	read-load	Optional(Swift.ContinuousClock.Instant(_value: 3041514.2208800004 seconds))					1		measured	DiskCard				33588643.285717845	46556.83923171576			false	Disk 카드, 정상 측정, 현재 Read 32.0 MB/s, Write 45.5 KB/s, 보조 정보 확인됨, 저장 공간 전체 926.4 GB, 사용 가능 764.5 GB, 사용 중은 전체에서 사용 가능을 뺀 값, APFS 공유 공간이며 볼륨별 독점 사용량이 아님
sample	2026-10-03T04:06:27.113Z	966112.3796598751	read-load	Instant(_value: 3041515.25800675 seconds)	0	2	39	0	1	1	rate	knownPhysical				34094933.91236895	150076.15992934324			true	representativeRead=34094933.91236895;representativeWrite=150076.15992934324
device	2026-10-03T04:06:27.113Z	966112.3796598751	read-load	Instant(_value: 3041515.25800675 seconds)	0	2	39	0	1	1	physical	4294969732	disk0	1128136200192	6074082369536	34094933.91236895	150076.15992934324	57796967	268999136	true	bytesReason=IOBlockStorageDriver Statistics bytes;operationsReason=IOBlockStorageDriver Statistics operations
delivery	2026-10-03T04:06:27.113Z	966112.3796598751	read-load	Instant(_value: 3041515.25800675 seconds)	0	2	39	0	1	1	delivered	diskActivity									sameReadAt=true
card	2026-10-03T04:06:27.113Z	966112.3796598751	read-load	Optional(Swift.ContinuousClock.Instant(_value: 3041515.25800675 seconds))					1		measured	DiskCard				34094933.91236895	150076.15992934324			false	Disk 카드, 정상 측정, 현재 Read 32.5 MB/s, Write 146.6 KB/s, 보조 정보 확인됨, 저장 공간 전체 926.4 GB, 사용 가능 764.5 GB, 사용 중은 전체에서 사용 가능을 뺀 값, APFS 공유 공간이며 볼륨별 독점 사용량이 아님
sample	2026-10-03T04:06:28.176Z	966113.442035375	read-load	Instant(_value: 3041516.25074725 seconds)	0	2	40	0	1	1	rate	knownPhysical				33799801.66015187	0.0			true	representativeRead=33799801.66015187;representativeWrite=0.0
device	2026-10-03T04:06:28.176Z	966113.442035375	read-load	Instant(_value: 3041516.25074725 seconds)	0	2	40	0	1	1	physical	4294969732	disk0	1128169754624	6074082369536	33799801.66015187	0.0	57796999	268999136	true	bytesReason=IOBlockStorageDriver Statistics bytes;operationsReason=IOBlockStorageDriver Statistics operations
delivery	2026-10-03T04:06:28.176Z	966113.442035375	read-load	Instant(_value: 3041516.25074725 seconds)	0	2	40	0	1	1	delivered	diskActivity									sameReadAt=true
card	2026-10-03T04:06:28.176Z	966113.442035375	read-load	Optional(Swift.ContinuousClock.Instant(_value: 3041516.25074725 seconds))					1		measured	DiskCard				33799801.66015187	0.0			false	Disk 카드, 정상 측정, 현재 Read 32.2 MB/s, Write 0.0 B/s, 보조 정보 확인됨, 저장 공간 전체 926.4 GB, 사용 가능 764.5 GB, 사용 중은 전체에서 사용 가능을 뺀 값, APFS 공유 공간이며 볼륨별 독점 사용량이 아님
sample	2026-10-03T04:06:29.186Z	966114.4527138334	read-load	Instant(_value: 3041517.248912833 seconds)	0	2	41	0	1	1	rate	knownPhysical				33616097.94153762	0.0			true	representativeRead=33616097.94153762;representativeWrite=0.0
device	2026-10-03T04:06:29.186Z	966114.4527138334	read-load	Instant(_value: 3041517.248912833 seconds)	0	2	41	0	1	1	physical	4294969732	disk0	1128203309056	6074082369536	33616097.94153762	0.0	57797031	268999136	true	bytesReason=IOBlockStorageDriver Statistics bytes;operationsReason=IOBlockStorageDriver Statistics operations
delivery	2026-10-03T04:06:29.186Z	966114.4527138334	read-load	Instant(_value: 3041517.248912833 seconds)	0	2	41	0	1	1	delivered	diskActivity									sameReadAt=true
card	2026-10-03T04:06:29.186Z	966114.4527138334	read-load	Optional(Swift.ContinuousClock.Instant(_value: 3041517.248912833 seconds))					1		measured	DiskCard				33616097.94153762	0.0			false	Disk 카드, 정상 측정, 현재 Read 32.1 MB/s, Write 0.0 B/s, 보조 정보 확인됨, 저장 공간 전체 926.4 GB, 사용 가능 764.5 GB, 사용 중은 전체에서 사용 가능을 뺀 값, APFS 공유 공간이며 볼륨별 독점 사용량이 아님
sample	2026-10-03T04:06:30.243Z	966115.5093358334	read-load	Instant(_value: 3041518.248197 seconds)	0	2	42	0	1	1	rate	knownPhysical				33578468.57589609	12296.802456993197			true	representativeRead=33578468.57589609;representativeWrite=12296.802456993197
device	2026-10-03T04:06:30.243Z	966115.5093358334	read-load	Instant(_value: 3041518.248197 seconds)	0	2	42	0	1	1	physical	4294969732	disk0	1128236863488	6074082381824	33578468.57589609	12296.802456993197	57797063	268999137	true	bytesReason=IOBlockStorageDriver Statistics bytes;operationsReason=IOBlockStorageDriver Statistics operations
delivery	2026-10-03T04:06:30.243Z	966115.5093358334	read-load	Instant(_value: 3041518.248197 seconds)	0	2	42	0	1	1	delivered	diskActivity									sameReadAt=true
card	2026-10-03T04:06:30.243Z	966115.5093358334	read-load	Optional(Swift.ContinuousClock.Instant(_value: 3041518.248197 seconds))					1		measured	DiskCard				33578468.57589609	12296.802456993197			false	Disk 카드, 정상 측정, 현재 Read 32.0 MB/s, Write 12.0 KB/s, 보조 정보 확인됨, 저장 공간 전체 926.4 GB, 사용 가능 764.5 GB, 사용 중은 전체에서 사용 가능을 뺀 값, APFS 공유 공간이며 볼륨별 독점 사용량이 아님
sample	2026-10-03T04:06:31.311Z	966116.5774542501	read-load	Instant(_value: 3041519.259539666 seconds)	0	2	43	0	1	1	rate	knownPhysical				33178103.849521562	32400.4920405484			true	representativeRead=33178103.849521562;representativeWrite=32400.4920405484
device	2026-10-03T04:06:31.311Z	966116.5774542501	read-load	Instant(_value: 3041519.259539666 seconds)	0	2	43	0	1	1	physical	4294969732	disk0	1128270417920	6074082414592	33178103.849521562	32400.4920405484	57797095	268999138	true	bytesReason=IOBlockStorageDriver Statistics bytes;operationsReason=IOBlockStorageDriver Statistics operations
delivery	2026-10-03T04:06:31.311Z	966116.5774542501	read-load	Instant(_value: 3041519.259539666 seconds)	0	2	43	0	1	1	delivered	diskActivity									sameReadAt=true
card	2026-10-03T04:06:31.311Z	966116.5774542501	read-load	Optional(Swift.ContinuousClock.Instant(_value: 3041519.259539666 seconds))					1		measured	DiskCard				33178103.849521562	32400.4920405484			false	Disk 카드, 정상 측정, 현재 Read 31.6 MB/s, Write 31.6 KB/s, 보조 정보 확인됨, 저장 공간 전체 926.4 GB, 사용 가능 764.5 GB, 사용 중은 전체에서 사용 가능을 뺀 값, APFS 공유 공간이며 볼륨별 독점 사용량이 아님
sample	2026-10-03T04:06:32.313Z	966117.5797375417	read-load	Instant(_value: 3041520.254604458 seconds)	0	2	44	0	1	1	rate	knownPhysical				33720851.41567344	12348.944610231974			true	representativeRead=33720851.41567344;representativeWrite=12348.944610231974
device	2026-10-03T04:06:32.313Z	966117.5797375417	read-load	Instant(_value: 3041520.254604458 seconds)	0	2	44	0	1	1	physical	4294969732	disk0	1128303972352	6074082426880	33720851.41567344	12348.944610231974	57797127	268999141	true	bytesReason=IOBlockStorageDriver Statistics bytes;operationsReason=IOBlockStorageDriver Statistics operations
delivery	2026-10-03T04:06:32.313Z	966117.5797375417	read-load	Instant(_value: 3041520.254604458 seconds)	0	2	44	0	1	1	delivered	diskActivity									sameReadAt=true
card	2026-10-03T04:06:32.313Z	966117.5797375417	read-load	Optional(Swift.ContinuousClock.Instant(_value: 3041520.254604458 seconds))					1		measured	DiskCard				33720851.41567344	12348.944610231974			false	Disk 카드, 정상 측정, 현재 Read 32.2 MB/s, Write 12.1 KB/s, 보조 정보 확인됨, 저장 공간 전체 926.4 GB, 사용 가능 764.5 GB, 사용 중은 전체에서 사용 가능을 뺀 값, APFS 공유 공간이며 볼륨별 독점 사용량이 아님
sample	2026-10-03T04:06:33.383Z	966118.6495937083	read-load	Instant(_value: 3041521.255720041 seconds)	0	2	45	0	1	1	rate	knownPhysical				33517040.95889595	12274.306991783185			true	representativeRead=33517040.95889595;representativeWrite=12274.306991783185
device	2026-10-03T04:06:33.383Z	966118.6495937083	read-load	Instant(_value: 3041521.255720041 seconds)	0	2	45	0	1	1	physical	4294969732	disk0	1128337526784	6074082439168	33517040.95889595	12274.306991783185	57797159	268999142	true	bytesReason=IOBlockStorageDriver Statistics bytes;operationsReason=IOBlockStorageDriver Statistics operations
delivery	2026-10-03T04:06:33.383Z	966118.6495937083	read-load	Instant(_value: 3041521.255720041 seconds)	0	2	45	0	1	1	delivered	diskActivity									sameReadAt=true
card	2026-10-03T04:06:33.383Z	966118.6495937083	read-load	Optional(Swift.ContinuousClock.Instant(_value: 3041521.255720041 seconds))					1		measured	DiskCard				33517040.95889595	12274.306991783185			false	Disk 카드, 정상 측정, 현재 Read 32.0 MB/s, Write 12.0 KB/s, 보조 정보 확인됨, 저장 공간 전체 926.4 GB, 사용 가능 764.5 GB, 사용 중은 전체에서 사용 가능을 뺀 값, APFS 공유 공간이며 볼륨별 독점 사용량이 아님
sample	2026-10-03T04:06:34.447Z	966119.7137693334	read-load	Instant(_value: 3041522.253852708 seconds)	0	2	46	0	1	1	rate	knownPhysical				33617206.519100934	348811.34693891346			true	representativeRead=33617206.519100934;representativeWrite=348811.34693891346
device	2026-10-03T04:06:34.447Z	966119.7137693334	read-load	Instant(_value: 3041522.253852708 seconds)	0	2	46	0	1	1	physical	4294969732	disk0	1128371081216	6074082787328	33617206.519100934	348811.34693891346	57797191	268999144	true	bytesReason=IOBlockStorageDriver Statistics bytes;operationsReason=IOBlockStorageDriver Statistics operations
delivery	2026-10-03T04:06:34.447Z	966119.7137693334	read-load	Instant(_value: 3041522.253852708 seconds)	0	2	46	0	1	1	delivered	diskActivity									sameReadAt=true
card	2026-10-03T04:06:34.447Z	966119.7137693334	read-load	Optional(Swift.ContinuousClock.Instant(_value: 3041522.253852708 seconds))					1		measured	DiskCard				33617206.519100934	348811.34693891346			false	Disk 카드, 정상 측정, 현재 Read 32.1 MB/s, Write 340.6 KB/s, 보조 정보 확인됨, 저장 공간 전체 926.4 GB, 사용 가능 764.5 GB, 사용 중은 전체에서 사용 가능을 뺀 값, APFS 공유 공간이며 볼륨별 독점 사용량이 아님
sample	2026-10-03T04:06:35.509Z	966120.7755658751	read-load	Instant(_value: 3041523.252259375 seconds)	0	2	47	0	1	1	rate	knownPhysical				33607980.70472019	0.0			true	representativeRead=33607980.70472019;representativeWrite=0.0
device	2026-10-03T04:06:35.509Z	966120.7755658751	read-load	Instant(_value: 3041523.252259375 seconds)	0	2	47	0	1	1	physical	4294969732	disk0	1128404635648	6074082787328	33607980.70472019	0.0	57797223	268999144	true	bytesReason=IOBlockStorageDriver Statistics bytes;operationsReason=IOBlockStorageDriver Statistics operations
delivery	2026-10-03T04:06:35.509Z	966120.7755658751	read-load	Instant(_value: 3041523.252259375 seconds)	0	2	47	0	1	1	delivered	diskActivity									sameReadAt=true
card	2026-10-03T04:06:35.509Z	966120.7755658751	read-load	Optional(Swift.ContinuousClock.Instant(_value: 3041523.252259375 seconds))					1		measured	DiskCard				33607980.70472019	0.0			false	Disk 카드, 정상 측정, 현재 Read 32.1 MB/s, Write 0.0 B/s, 보조 정보 확인됨, 저장 공간 전체 926.4 GB, 사용 가능 764.5 GB, 사용 중은 전체에서 사용 가능을 뺀 값, APFS 공유 공간이며 볼륨별 독점 사용량이 아님
sample	2026-10-03T04:06:36.573Z	966121.8392442501	read-load	Instant(_value: 3041524.246876416 seconds)	0	2	48	0	1	1	rate	knownPhysical				33736031.675331004	86481.52651146865			true	representativeRead=33736031.675331004;representativeWrite=86481.52651146865
device	2026-10-03T04:06:36.573Z	966121.8392442501	read-load	Instant(_value: 3041524.246876416 seconds)	0	2	48	0	1	1	physical	4294969732	disk0	1128438190080	6074082873344	33736031.675331004	86481.52651146865	57797255	268999156	true	bytesReason=IOBlockStorageDriver Statistics bytes;operationsReason=IOBlockStorageDriver Statistics operations
delivery	2026-10-03T04:06:36.573Z	966121.8392442501	read-load	Instant(_value: 3041524.246876416 seconds)	0	2	48	0	1	1	delivered	diskActivity									sameReadAt=true
card	2026-10-03T04:06:36.573Z	966121.8392442501	read-load	Optional(Swift.ContinuousClock.Instant(_value: 3041524.246876416 seconds))					1		measured	DiskCard				33736031.675331004	86481.52651146865			false	Disk 카드, 정상 측정, 현재 Read 32.2 MB/s, Write 84.5 KB/s, 보조 정보 확인됨, 저장 공간 전체 926.4 GB, 사용 가능 764.5 GB, 사용 중은 전체에서 사용 가능을 뺀 값, APFS 공유 공간이며 볼륨별 독점 사용량이 아님
sample	2026-10-03T04:06:37.641Z	966122.9077555417	read-load	Instant(_value: 3041525.253824125 seconds)	0	2	49	0	1	1	rate	knownPhysical				33322914.08987157	12203.215609083827			true	representativeRead=33322914.08987157;representativeWrite=12203.215609083827
device	2026-10-03T04:06:37.641Z	966122.9077555417	read-load	Instant(_value: 3041525.253824125 seconds)	0	2	49	0	1	1	physical	4294969732	disk0	1128471744512	6074082885632	33322914.08987157	12203.215609083827	57797287	268999157	true	bytesReason=IOBlockStorageDriver Statistics bytes;operationsReason=IOBlockStorageDriver Statistics operations
delivery	2026-10-03T04:06:37.641Z	966122.9077555417	read-load	Instant(_value: 3041525.253824125 seconds)	0	2	49	0	1	1	delivered	diskActivity									sameReadAt=true
card	2026-10-03T04:06:37.641Z	966122.9077555417	read-load	Optional(Swift.ContinuousClock.Instant(_value: 3041525.253824125 seconds))					1		measured	DiskCard				33322914.08987157	12203.215609083827			false	Disk 카드, 정상 측정, 현재 Read 31.8 MB/s, Write 11.9 KB/s, 보조 정보 확인됨, 저장 공간 전체 926.4 GB, 사용 가능 764.5 GB, 사용 중은 전체에서 사용 가능을 뺀 값, APFS 공유 공간이며 볼륨별 독점 사용량이 아님
sample	2026-10-03T04:06:38.680Z	966123.9461867501	read-load	Instant(_value: 3041527.257667208 seconds)	0	2	51	0	1	1	rate	knownPhysical				33559231.98712058	0.0			true	representativeRead=33559231.98712058;representativeWrite=0.0
device	2026-10-03T04:06:38.680Z	966123.9461867501	read-load	Instant(_value: 3041527.257667208 seconds)	0	2	51	0	1	1	physical	4294969732	disk0	1128538853376	6074082893824	33559231.98712058	0.0	57797351	268999159	true	bytesReason=IOBlockStorageDriver Statistics bytes;operationsReason=IOBlockStorageDriver Statistics operations
delivery	2026-10-03T04:06:38.680Z	966123.9461867501	read-load	Instant(_value: 3041527.257667208 seconds)	0	2	51	0	1	1	delivered	diskActivity									sameReadAt=true
card	2026-10-03T04:06:38.680Z	966123.9461867501	read-load	Optional(Swift.ContinuousClock.Instant(_value: 3041527.257667208 seconds))					1		measured	DiskCard				33559231.98712058	0.0			false	Disk 카드, 정상 측정, 현재 Read 32.0 MB/s, Write 0.0 B/s, 보조 정보 확인됨, 저장 공간 전체 926.4 GB, 사용 가능 764.5 GB, 사용 중은 전체에서 사용 가능을 뺀 값, APFS 공유 공간이며 볼륨별 독점 사용량이 아님
sample	2026-10-03T04:06:39.778Z	966125.0444547083	read-load	Instant(_value: 3041528.253003166 seconds)	0	2	52	0	1	1	rate	knownPhysical				33728125.39341616	20575.967175095266			true	representativeRead=33728125.39341616;representativeWrite=20575.967175095266
device	2026-10-03T04:06:39.778Z	966125.0444547083	read-load	Instant(_value: 3041528.253003166 seconds)	0	2	52	0	1	1	physical	4294969732	disk0	1128572424192	6074082914304	33728125.39341616	20575.967175095266	57797384	268999162	true	bytesReason=IOBlockStorageDriver Statistics bytes;operationsReason=IOBlockStorageDriver Statistics operations
delivery	2026-10-03T04:06:39.778Z	966125.0444547083	read-load	Instant(_value: 3041528.253003166 seconds)	0	2	52	0	1	1	delivered	diskActivity									sameReadAt=true
card	2026-10-03T04:06:39.778Z	966125.0444547083	read-load	Optional(Swift.ContinuousClock.Instant(_value: 3041528.253003166 seconds))					1		measured	DiskCard				33728125.39341616	20575.967175095266			false	Disk 카드, 정상 측정, 현재 Read 32.2 MB/s, Write 20.1 KB/s, 보조 정보 확인됨, 저장 공간 전체 926.4 GB, 사용 가능 764.5 GB, 사용 중은 전체에서 사용 가능을 뺀 값, APFS 공유 공간이며 볼륨별 독점 사용량이 아님
sample	2026-10-03T04:06:40.831Z	966126.0976507084	read-recovery	Instant(_value: 3041529.269970708 seconds)	0	2	53	0	1	1	rate	knownPhysical				10310810.883283826	36248.944511544694			true	representativeRead=10310810.883283826;representativeWrite=36248.944511544694
device	2026-10-03T04:06:40.831Z	966126.0976507084	read-recovery	Instant(_value: 3041529.269970708 seconds)	0	2	53	0	1	1	physical	4294969732	disk0	1128582909952	6074082951168	10310810.883283826	36248.944511544694	57797394	268999164	true	bytesReason=IOBlockStorageDriver Statistics bytes;operationsReason=IOBlockStorageDriver Statistics operations
delivery	2026-10-03T04:06:40.831Z	966126.0976507084	read-recovery	Instant(_value: 3041529.269970708 seconds)	0	2	53	0	1	1	delivered	diskActivity									sameReadAt=true
card	2026-10-03T04:06:40.831Z	966126.0976507084	read-recovery	Optional(Swift.ContinuousClock.Instant(_value: 3041529.269970708 seconds))					1		measured	DiskCard				10310810.883283826	36248.944511544694			false	Disk 카드, 정상 측정, 현재 Read 9.8 MB/s, Write 35.4 KB/s, 보조 정보 확인됨, 저장 공간 전체 926.4 GB, 사용 가능 764.5 GB, 사용 중은 전체에서 사용 가능을 뺀 값, APFS 공유 공간이며 볼륨별 독점 사용량이 아님
sample	2026-10-03T04:06:41.893Z	966127.1595604584	read-recovery	Instant(_value: 3041530.254763958 seconds)	0	2	54	0	1	1	rate	knownPhysical				0.0	469995.09795584			true	representativeRead=0.0;representativeWrite=469995.09795584
device	2026-10-03T04:06:41.893Z	966127.1595604584	read-recovery	Instant(_value: 3041530.254763958 seconds)	0	2	54	0	1	1	physical	4294969732	disk0	1128582909952	6074083414016	0.0	469995.09795584	57797394	268999188	true	bytesReason=IOBlockStorageDriver Statistics bytes;operationsReason=IOBlockStorageDriver Statistics operations
delivery	2026-10-03T04:06:41.893Z	966127.1595604584	read-recovery	Instant(_value: 3041530.254763958 seconds)	0	2	54	0	1	1	delivered	diskActivity									sameReadAt=true
card	2026-10-03T04:06:41.893Z	966127.1595604584	read-recovery	Optional(Swift.ContinuousClock.Instant(_value: 3041530.254763958 seconds))					1		measured	DiskCard				0.0	469995.09795584			false	Disk 카드, 정상 측정, 현재 Read 0.0 B/s, Write 459.0 KB/s, 보조 정보 확인됨, 저장 공간 전체 926.4 GB, 사용 가능 764.5 GB, 사용 중은 전체에서 사용 가능을 뺀 값, APFS 공유 공간이며 볼륨별 독점 사용량이 아님
sample	2026-10-03T04:06:42.942Z	966128.2079379584	read-recovery	Instant(_value: 3041531.254646875 seconds)	0	2	55	0	1	1	rate	knownPhysical				0.0	0.0			true	representativeRead=0.0;representativeWrite=0.0
device	2026-10-03T04:06:42.942Z	966128.2079379584	read-recovery	Instant(_value: 3041531.254646875 seconds)	0	2	55	0	1	1	physical	4294969732	disk0	1128582909952	6074083414016	0.0	0.0	57797394	268999188	true	bytesReason=IOBlockStorageDriver Statistics bytes;operationsReason=IOBlockStorageDriver Statistics operations
delivery	2026-10-03T04:06:42.942Z	966128.2079379584	read-recovery	Instant(_value: 3041531.254646875 seconds)	0	2	55	0	1	1	delivered	diskActivity									sameReadAt=true
card	2026-10-03T04:06:42.942Z	966128.2079379584	read-recovery	Optional(Swift.ContinuousClock.Instant(_value: 3041531.254646875 seconds))					1		measured	DiskCard				0.0	0.0			false	Disk 카드, 정상 측정, 현재 Read 0.0 B/s, Write 0.0 B/s, 보조 정보 확인됨, 저장 공간 전체 926.4 GB, 사용 가능 764.5 GB, 사용 중은 전체에서 사용 가능을 뺀 값, APFS 공유 공간이며 볼륨별 독점 사용량이 아님
sample	2026-10-03T04:06:43.977Z	966129.243792625	read-recovery	Instant(_value: 3041532.2431728747 seconds)	0	2	56	0	1	1	rate	knownPhysical				0.0	244469.03773901748			true	representativeRead=0.0;representativeWrite=244469.03773901748
device	2026-10-03T04:06:43.977Z	966129.243792625	read-recovery	Instant(_value: 3041532.2431728747 seconds)	0	2	56	0	1	1	physical	4294969732	disk0	1128582909952	6074083655680	0.0	244469.03773901748	57797394	268999190	true	bytesReason=IOBlockStorageDriver Statistics bytes;operationsReason=IOBlockStorageDriver Statistics operations
delivery	2026-10-03T04:06:43.977Z	966129.243792625	read-recovery	Instant(_value: 3041532.2431728747 seconds)	0	2	56	0	1	1	delivered	diskActivity									sameReadAt=true
card	2026-10-03T04:06:43.977Z	966129.243792625	read-recovery	Optional(Swift.ContinuousClock.Instant(_value: 3041532.2431728747 seconds))					1		measured	DiskCard				0.0	244469.03773901748			false	Disk 카드, 정상 측정, 현재 Read 0.0 B/s, Write 238.7 KB/s, 보조 정보 확인됨, 저장 공간 전체 926.4 GB, 사용 가능 764.5 GB, 사용 중은 전체에서 사용 가능을 뺀 값, APFS 공유 공간이며 볼륨별 독점 사용량이 아님
sample	2026-10-03T04:06:45.024Z	966130.2907380417	read-recovery	Instant(_value: 3041533.259154375 seconds)	0	2	57	0	1	1	rate	knownPhysical				0.0	0.0			true	representativeRead=0.0;representativeWrite=0.0
device	2026-10-03T04:06:45.024Z	966130.2907380417	read-recovery	Instant(_value: 3041533.259154375 seconds)	0	2	57	0	1	1	physical	4294969732	disk0	1128582909952	6074083655680	0.0	0.0	57797394	268999190	true	bytesReason=IOBlockStorageDriver Statistics bytes;operationsReason=IOBlockStorageDriver Statistics operations
delivery	2026-10-03T04:06:45.024Z	966130.2907380417	read-recovery	Instant(_value: 3041533.259154375 seconds)	0	2	57	0	1	1	delivered	diskActivity									sameReadAt=true
card	2026-10-03T04:06:45.024Z	966130.2907380417	read-recovery	Optional(Swift.ContinuousClock.Instant(_value: 3041533.259154375 seconds))					1		measured	DiskCard				0.0	0.0			false	Disk 카드, 정상 측정, 현재 Read 0.0 B/s, Write 0.0 B/s, 보조 정보 확인됨, 저장 공간 전체 926.4 GB, 사용 가능 764.5 GB, 사용 중은 전체에서 사용 가능을 뺀 값, APFS 공유 공간이며 볼륨별 독점 사용량이 아님
sample	2026-10-03T04:06:46.082Z	966131.3488378751	read-recovery	Instant(_value: 3041534.254489 seconds)	0	2	58	0	1	1	rate	knownPhysical				0.0	456787.0830375262			true	representativeRead=0.0;representativeWrite=456787.0830375262
device	2026-10-03T04:06:46.082Z	966131.3488378751	read-recovery	Instant(_value: 3041534.254489 seconds)	0	2	58	0	1	1	physical	4294969732	disk0	1128582909952	6074084110336	0.0	456787.0830375262	57797394	268999192	true	bytesReason=IOBlockStorageDriver Statistics bytes;operationsReason=IOBlockStorageDriver Statistics operations
delivery	2026-10-03T04:06:46.082Z	966131.3488378751	read-recovery	Instant(_value: 3041534.254489 seconds)	0	2	58	0	1	1	delivered	diskActivity									sameReadAt=true
card	2026-10-03T04:06:46.082Z	966131.3488378751	read-recovery	Optional(Swift.ContinuousClock.Instant(_value: 3041534.254489 seconds))					1		measured	DiskCard				0.0	456787.0830375262			false	Disk 카드, 정상 측정, 현재 Read 0.0 B/s, Write 446.1 KB/s, 보조 정보 확인됨, 저장 공간 전체 926.4 GB, 사용 가능 764.5 GB, 사용 중은 전체에서 사용 가능을 뺀 값, APFS 공유 공간이며 볼륨별 독점 사용량이 아님
sample	2026-10-03T04:06:47.151Z	966132.417734625	read-recovery	Instant(_value: 3041535.217222333 seconds)	0	2	59	0	1	1	rate	knownPhysical				0.0	0.0			true	representativeRead=0.0;representativeWrite=0.0
device	2026-10-03T04:06:47.151Z	966132.417734625	read-recovery	Instant(_value: 3041535.217222333 seconds)	0	2	59	0	1	1	physical	4294969732	disk0	1128582909952	6074084110336	0.0	0.0	57797394	268999192	true	bytesReason=IOBlockStorageDriver Statistics bytes;operationsReason=IOBlockStorageDriver Statistics operations
delivery	2026-10-03T04:06:47.151Z	966132.417734625	read-recovery	Instant(_value: 3041535.217222333 seconds)	0	2	59	0	1	1	delivered	diskActivity									sameReadAt=true
card	2026-10-03T04:06:47.151Z	966132.417734625	read-recovery	Optional(Swift.ContinuousClock.Instant(_value: 3041535.217222333 seconds))					1		measured	DiskCard				0.0	0.0			false	Disk 카드, 정상 측정, 현재 Read 0.0 B/s, Write 0.0 B/s, 보조 정보 확인됨, 저장 공간 전체 926.4 GB, 사용 가능 764.5 GB, 사용 중은 전체에서 사용 가능을 뺀 값, APFS 공유 공간이며 볼륨별 독점 사용량이 아님
sample	2026-10-03T04:06:48.187Z	966133.4536637501	read-recovery	Instant(_value: 3041536.2265075413 seconds)	0	2	60	0	1	1	rate	knownPhysical				0.0	8116.635352491958			true	representativeRead=0.0;representativeWrite=8116.635352491958
device	2026-10-03T04:06:48.187Z	966133.4536637501	read-recovery	Instant(_value: 3041536.2265075413 seconds)	0	2	60	0	1	1	physical	4294969732	disk0	1128582909952	6074084118528	0.0	8116.635352491958	57797394	268999194	true	bytesReason=IOBlockStorageDriver Statistics bytes;operationsReason=IOBlockStorageDriver Statistics operations
delivery	2026-10-03T04:06:48.187Z	966133.4536637501	read-recovery	Instant(_value: 3041536.2265075413 seconds)	0	2	60	0	1	1	delivered	diskActivity									sameReadAt=true
card	2026-10-03T04:06:48.187Z	966133.4536637501	read-recovery	Optional(Swift.ContinuousClock.Instant(_value: 3041536.2265075413 seconds))					1		measured	DiskCard				0.0	8116.635352491958			false	Disk 카드, 정상 측정, 현재 Read 0.0 B/s, Write 7.9 KB/s, 보조 정보 확인됨, 저장 공간 전체 926.4 GB, 사용 가능 764.5 GB, 사용 중은 전체에서 사용 가능을 뺀 값, APFS 공유 공간이며 볼륨별 독점 사용량이 아님
sample	2026-10-03T04:06:49.253Z	966134.5193889583	read-recovery	Instant(_value: 3041537.227582875 seconds)	0	2	61	0	1	1	rate	knownPhysical				0.0	1689830.8674140202			true	representativeRead=0.0;representativeWrite=1689830.8674140202
device	2026-10-03T04:06:49.253Z	966134.5193889583	read-recovery	Instant(_value: 3041537.227582875 seconds)	0	2	61	0	1	1	physical	4294969732	disk0	1128582909952	6074085810176	0.0	1689830.8674140202	57797394	268999213	true	bytesReason=IOBlockStorageDriver Statistics bytes;operationsReason=IOBlockStorageDriver Statistics operations
delivery	2026-10-03T04:06:49.253Z	966134.5193889583	read-recovery	Instant(_value: 3041537.227582875 seconds)	0	2	61	0	1	1	delivered	diskActivity									sameReadAt=true
card	2026-10-03T04:06:49.253Z	966134.5193889583	read-recovery	Optional(Swift.ContinuousClock.Instant(_value: 3041537.227582875 seconds))					1		measured	DiskCard				0.0	1689830.8674140202			false	Disk 카드, 정상 측정, 현재 Read 0.0 B/s, Write 1.6 MB/s, 보조 정보 확인됨, 저장 공간 전체 926.4 GB, 사용 가능 764.5 GB, 사용 중은 전체에서 사용 가능을 뺀 값, APFS 공유 공간이며 볼륨별 독점 사용량이 아님
sample	2026-10-03T04:06:50.411Z	966135.6775531668	read-recovery	Instant(_value: 3041538.2443311247 seconds)	0	2	62	0	1	1	rate	knownPhysical				0.0	4354840.050130404			true	representativeRead=0.0;representativeWrite=4354840.050130404
device	2026-10-03T04:06:50.411Z	966135.6775531668	read-recovery	Instant(_value: 3041538.2443311247 seconds)	0	2	62	0	1	1	physical	4294969732	disk0	1128582909952	6074090237952	0.0	4354840.050130404	57797394	268999442	true	bytesReason=IOBlockStorageDriver Statistics bytes;operationsReason=IOBlockStorageDriver Statistics operations
delivery	2026-10-03T04:06:50.411Z	966135.6775531668	read-recovery	Instant(_value: 3041538.2443311247 seconds)	0	2	62	0	1	1	delivered	diskActivity									sameReadAt=true
card	2026-10-03T04:06:50.411Z	966135.6775531668	read-recovery	Optional(Swift.ContinuousClock.Instant(_value: 3041538.2443311247 seconds))					1		measured	DiskCard				0.0	4354840.050130404			false	Disk 카드, 정상 측정, 현재 Read 0.0 B/s, Write 4.2 MB/s, 보조 정보 확인됨, 저장 공간 전체 926.4 GB, 사용 가능 764.5 GB, 사용 중은 전체에서 사용 가능을 뺀 값, APFS 공유 공간이며 볼륨별 독점 사용량이 아님
sample	2026-10-03T04:06:51.467Z	966136.733382125	read-recovery	Instant(_value: 3041539.2010330833 seconds)	0	2	63	0	1	1	rate	knownPhysical				0.0	34251.00129250493			true	representativeRead=0.0;representativeWrite=34251.00129250493
device	2026-10-03T04:06:51.467Z	966136.733382125	read-recovery	Instant(_value: 3041539.2010330833 seconds)	0	2	63	0	1	1	physical	4294969732	disk0	1128582909952	6074090270720	0.0	34251.00129250493	57797394	268999443	true	bytesReason=IOBlockStorageDriver Statistics bytes;operationsReason=IOBlockStorageDriver Statistics operations
delivery	2026-10-03T04:06:51.467Z	966136.733382125	read-recovery	Instant(_value: 3041539.2010330833 seconds)	0	2	63	0	1	1	delivered	diskActivity									sameReadAt=true
card	2026-10-03T04:06:51.467Z	966136.733382125	read-recovery	Optional(Swift.ContinuousClock.Instant(_value: 3041539.2010330833 seconds))					1		measured	DiskCard				0.0	34251.00129250493			false	Disk 카드, 정상 측정, 현재 Read 0.0 B/s, Write 33.4 KB/s, 보조 정보 확인됨, 저장 공간 전체 926.4 GB, 사용 가능 764.5 GB, 사용 중은 전체에서 사용 가능을 뺀 값, APFS 공유 공간이며 볼륨별 독점 사용량이 아님
sample	2026-10-03T04:06:52.495Z	966137.7616066667	read-recovery	Instant(_value: 3041540.252612 seconds)	0	2	64	0	1	1	rate	knownPhysical				0.0	35055.8568682297			true	representativeRead=0.0;representativeWrite=35055.8568682297
device	2026-10-03T04:06:52.495Z	966137.7616066667	read-recovery	Instant(_value: 3041540.252612 seconds)	0	2	64	0	1	1	physical	4294969732	disk0	1128582909952	6074090307584	0.0	35055.8568682297	57797394	268999445	true	bytesReason=IOBlockStorageDriver Statistics bytes;operationsReason=IOBlockStorageDriver Statistics operations
delivery	2026-10-03T04:06:52.495Z	966137.7616066667	read-recovery	Instant(_value: 3041540.252612 seconds)	0	2	64	0	1	1	delivered	diskActivity									sameReadAt=true
card	2026-10-03T04:06:52.495Z	966137.7616066667	read-recovery	Optional(Swift.ContinuousClock.Instant(_value: 3041540.252612 seconds))					1		measured	DiskCard				0.0	35055.8568682297			false	Disk 카드, 정상 측정, 현재 Read 0.0 B/s, Write 34.2 KB/s, 보조 정보 확인됨, 저장 공간 전체 926.4 GB, 사용 가능 764.5 GB, 사용 중은 전체에서 사용 가능을 뺀 값, APFS 공유 공간이며 볼륨별 독점 사용량이 아님
sample	2026-10-03T04:06:53.559Z	966138.8257066667	read-recovery	Instant(_value: 3041541.254160875 seconds)	0	2	65	0	1	1	rate	knownPhysical				0.0	0.0			true	representativeRead=0.0;representativeWrite=0.0
device	2026-10-03T04:06:53.559Z	966138.8257066667	read-recovery	Instant(_value: 3041541.254160875 seconds)	0	2	65	0	1	1	physical	4294969732	disk0	1128582909952	6074090307584	0.0	0.0	57797394	268999445	true	bytesReason=IOBlockStorageDriver Statistics bytes;operationsReason=IOBlockStorageDriver Statistics operations
delivery	2026-10-03T04:06:53.559Z	966138.8257066667	read-recovery	Instant(_value: 3041541.254160875 seconds)	0	2	65	0	1	1	delivered	diskActivity									sameReadAt=true
card	2026-10-03T04:06:53.559Z	966138.8257066667	read-recovery	Optional(Swift.ContinuousClock.Instant(_value: 3041541.254160875 seconds))					1		measured	DiskCard				0.0	0.0			false	Disk 카드, 정상 측정, 현재 Read 0.0 B/s, Write 0.0 B/s, 보조 정보 확인됨, 저장 공간 전체 926.4 GB, 사용 가능 764.5 GB, 사용 중은 전체에서 사용 가능을 뺀 값, APFS 공유 공간이며 볼륨별 독점 사용량이 아님
sample	2026-10-03T04:06:54.626Z	966139.8927401667	read-recovery	Instant(_value: 3041542.252657375 seconds)	0	2	66	0	1	1	rate	knownPhysical				0.0	69736.84935300224			true	representativeRead=0.0;representativeWrite=69736.84935300224
device	2026-10-03T04:06:54.626Z	966139.8927401667	read-recovery	Instant(_value: 3041542.252657375 seconds)	0	2	66	0	1	1	physical	4294969732	disk0	1128582909952	6074090377216	0.0	69736.84935300224	57797394	268999447	true	bytesReason=IOBlockStorageDriver Statistics bytes;operationsReason=IOBlockStorageDriver Statistics operations
delivery	2026-10-03T04:06:54.626Z	966139.8927401667	read-recovery	Instant(_value: 3041542.252657375 seconds)	0	2	66	0	1	1	delivered	diskActivity									sameReadAt=true
card	2026-10-03T04:06:54.626Z	966139.8927401667	read-recovery	Optional(Swift.ContinuousClock.Instant(_value: 3041542.252657375 seconds))					1		measured	DiskCard				0.0	69736.84935300224			false	Disk 카드, 정상 측정, 현재 Read 0.0 B/s, Write 68.1 KB/s, 보조 정보 확인됨, 저장 공간 전체 926.4 GB, 사용 가능 764.5 GB, 사용 중은 전체에서 사용 가능을 뺀 값, APFS 공유 공간이며 볼륨별 독점 사용량이 아님
sample	2026-10-03T04:06:55.725Z	966140.9915452917	write-idle	Instant(_value: 3041544.256450833 seconds)	0	2	68	0	1	1	rate	knownPhysical				0.0	43776.27535973642			true	representativeRead=0.0;representativeWrite=43776.27535973642
device	2026-10-03T04:06:55.725Z	966140.9915452917	write-idle	Instant(_value: 3041544.256450833 seconds)	0	2	68	0	1	1	physical	4294969732	disk0	1128582909952	6074090422272	0.0	43776.27535973642	57797394	268999451	true	bytesReason=IOBlockStorageDriver Statistics bytes;operationsReason=IOBlockStorageDriver Statistics operations
delivery	2026-10-03T04:06:55.725Z	966140.9915452917	write-idle	Instant(_value: 3041544.256450833 seconds)	0	2	68	0	1	1	delivered	diskActivity									sameReadAt=true
card	2026-10-03T04:06:55.725Z	966140.9915452917	write-idle	Optional(Swift.ContinuousClock.Instant(_value: 3041544.256450833 seconds))					1		measured	DiskCard				0.0	43776.27535973642			false	Disk 카드, 정상 측정, 현재 Read 0.0 B/s, Write 42.8 KB/s, 보조 정보 확인됨, 저장 공간 전체 926.4 GB, 사용 가능 764.5 GB, 사용 중은 전체에서 사용 가능을 뺀 값, APFS 공유 공간이며 볼륨별 독점 사용량이 아님
sample	2026-10-03T04:06:56.792Z	966142.0586904167	write-idle	Instant(_value: 3041545.244320166 seconds)	0	2	69	0	1	1	rate	knownPhysical				0.0	0.0			true	representativeRead=0.0;representativeWrite=0.0
device	2026-10-03T04:06:56.792Z	966142.0586904167	write-idle	Instant(_value: 3041545.244320166 seconds)	0	2	69	0	1	1	physical	4294969732	disk0	1128582909952	6074090422272	0.0	0.0	57797394	268999451	true	bytesReason=IOBlockStorageDriver Statistics bytes;operationsReason=IOBlockStorageDriver Statistics operations
delivery	2026-10-03T04:06:56.792Z	966142.0586904167	write-idle	Instant(_value: 3041545.244320166 seconds)	0	2	69	0	1	1	delivered	diskActivity									sameReadAt=true
card	2026-10-03T04:06:56.792Z	966142.0586904167	write-idle	Optional(Swift.ContinuousClock.Instant(_value: 3041545.244320166 seconds))					1		measured	DiskCard				0.0	0.0			false	Disk 카드, 정상 측정, 현재 Read 0.0 B/s, Write 0.0 B/s, 보조 정보 확인됨, 저장 공간 전체 926.4 GB, 사용 가능 764.5 GB, 사용 중은 전체에서 사용 가능을 뺀 값, APFS 공유 공간이며 볼륨별 독점 사용량이 아님
sample	2026-10-03T04:06:57.858Z	966143.12444225	write-idle	Instant(_value: 3041546.247062625 seconds)	0	2	70	0	1	1	rate	knownPhysical				0.0	0.0			true	representativeRead=0.0;representativeWrite=0.0
device	2026-10-03T04:06:57.858Z	966143.12444225	write-idle	Instant(_value: 3041546.247062625 seconds)	0	2	70	0	1	1	physical	4294969732	disk0	1128582909952	6074090422272	0.0	0.0	57797394	268999451	true	bytesReason=IOBlockStorageDriver Statistics bytes;operationsReason=IOBlockStorageDriver Statistics operations
delivery	2026-10-03T04:06:57.858Z	966143.12444225	write-idle	Instant(_value: 3041546.247062625 seconds)	0	2	70	0	1	1	delivered	diskActivity									sameReadAt=true
card	2026-10-03T04:06:57.858Z	966143.12444225	write-idle	Optional(Swift.ContinuousClock.Instant(_value: 3041546.247062625 seconds))					1		measured	DiskCard				0.0	0.0			false	Disk 카드, 정상 측정, 현재 Read 0.0 B/s, Write 0.0 B/s, 보조 정보 확인됨, 저장 공간 전체 926.4 GB, 사용 가능 764.5 GB, 사용 중은 전체에서 사용 가능을 뺀 값, APFS 공유 공간이며 볼륨별 독점 사용량이 아님
sample	2026-10-03T04:06:58.927Z	966144.1937335834	write-idle	Instant(_value: 3041547.2538935826 seconds)	0	2	71	0	1	1	rate	knownPhysical				0.0	0.0			true	representativeRead=0.0;representativeWrite=0.0
device	2026-10-03T04:06:58.927Z	966144.1937335834	write-idle	Instant(_value: 3041547.2538935826 seconds)	0	2	71	0	1	1	physical	4294969732	disk0	1128582909952	6074090422272	0.0	0.0	57797394	268999451	true	bytesReason=IOBlockStorageDriver Statistics bytes;operationsReason=IOBlockStorageDriver Statistics operations
delivery	2026-10-03T04:06:58.927Z	966144.1937335834	write-idle	Instant(_value: 3041547.2538935826 seconds)	0	2	71	0	1	1	delivered	diskActivity									sameReadAt=true
card	2026-10-03T04:06:58.927Z	966144.1937335834	write-idle	Optional(Swift.ContinuousClock.Instant(_value: 3041547.2538935826 seconds))					1		measured	DiskCard				0.0	0.0			false	Disk 카드, 정상 측정, 현재 Read 0.0 B/s, Write 0.0 B/s, 보조 정보 확인됨, 저장 공간 전체 926.4 GB, 사용 가능 764.5 GB, 사용 중은 전체에서 사용 가능을 뺀 값, APFS 공유 공간이며 볼륨별 독점 사용량이 아님
sample	2026-10-03T04:06:59.967Z	966145.2337827084	write-idle	Instant(_value: 3041548.2517899163 seconds)	0	2	72	0	1	1	rate	knownPhysical				0.0	0.0			true	representativeRead=0.0;representativeWrite=0.0
device	2026-10-03T04:06:59.967Z	966145.2337827084	write-idle	Instant(_value: 3041548.2517899163 seconds)	0	2	72	0	1	1	physical	4294969732	disk0	1128582909952	6074090422272	0.0	0.0	57797394	268999451	true	bytesReason=IOBlockStorageDriver Statistics bytes;operationsReason=IOBlockStorageDriver Statistics operations
delivery	2026-10-03T04:06:59.967Z	966145.2337827084	write-idle	Instant(_value: 3041548.2517899163 seconds)	0	2	72	0	1	1	delivered	diskActivity									sameReadAt=true
card	2026-10-03T04:06:59.967Z	966145.2337827084	write-idle	Optional(Swift.ContinuousClock.Instant(_value: 3041548.2517899163 seconds))					1		measured	DiskCard				0.0	0.0			false	Disk 카드, 정상 측정, 현재 Read 0.0 B/s, Write 0.0 B/s, 보조 정보 확인됨, 저장 공간 전체 926.4 GB, 사용 가능 764.5 GB, 사용 중은 전체에서 사용 가능을 뺀 값, APFS 공유 공간이며 볼륨별 독점 사용량이 아님
sample	2026-10-03T04:07:00.974Z	966146.24064025	write-idle	Instant(_value: 3041549.2623694157 seconds)	0	2	73	0	1	1	rate	knownPhysical				0.0	16212.480067129802			true	representativeRead=0.0;representativeWrite=16212.480067129802
device	2026-10-03T04:07:00.974Z	966146.24064025	write-idle	Instant(_value: 3041549.2623694157 seconds)	0	2	73	0	1	1	physical	4294969732	disk0	1128582909952	6074090438656	0.0	16212.480067129802	57797394	268999452	true	bytesReason=IOBlockStorageDriver Statistics bytes;operationsReason=IOBlockStorageDriver Statistics operations
delivery	2026-10-03T04:07:00.974Z	966146.24064025	write-idle	Instant(_value: 3041549.2623694157 seconds)	0	2	73	0	1	1	delivered	diskActivity									sameReadAt=true
card	2026-10-03T04:07:00.974Z	966146.24064025	write-idle	Optional(Swift.ContinuousClock.Instant(_value: 3041549.2623694157 seconds))					1		measured	DiskCard				0.0	16212.480067129802			false	Disk 카드, 정상 측정, 현재 Read 0.0 B/s, Write 15.8 KB/s, 보조 정보 확인됨, 저장 공간 전체 926.4 GB, 사용 가능 764.5 GB, 사용 중은 전체에서 사용 가능을 뺀 값, APFS 공유 공간이며 볼륨별 독점 사용량이 아님
sample	2026-10-03T04:07:02.001Z	966147.2675690834	write-idle	Instant(_value: 3041550.2505617077 seconds)	0	2	74	0	1	1	rate	knownPhysical				0.0	232116.76700671937			true	representativeRead=0.0;representativeWrite=232116.76700671937
device	2026-10-03T04:07:02.001Z	966147.2675690834	write-idle	Instant(_value: 3041550.2505617077 seconds)	0	2	74	0	1	1	physical	4294969732	disk0	1128582909952	6074090668032	0.0	232116.76700671937	57797394	268999464	true	bytesReason=IOBlockStorageDriver Statistics bytes;operationsReason=IOBlockStorageDriver Statistics operations
delivery	2026-10-03T04:07:02.001Z	966147.2675690834	write-idle	Instant(_value: 3041550.2505617077 seconds)	0	2	74	0	1	1	delivered	diskActivity									sameReadAt=true
card	2026-10-03T04:07:02.001Z	966147.2675690834	write-idle	Optional(Swift.ContinuousClock.Instant(_value: 3041550.2505617077 seconds))					1		measured	DiskCard				0.0	232116.76700671937			false	Disk 카드, 정상 측정, 현재 Read 0.0 B/s, Write 226.7 KB/s, 보조 정보 확인됨, 저장 공간 전체 926.4 GB, 사용 가능 764.5 GB, 사용 중은 전체에서 사용 가능을 뺀 값, APFS 공유 공간이며 볼륨별 독점 사용량이 아님
sample	2026-10-03T04:07:03.062Z	966148.3288737917	write-idle	Instant(_value: 3041551.2531646662 seconds)	0	2	75	0	1	1	rate	knownPhysical				0.0	0.0			true	representativeRead=0.0;representativeWrite=0.0
device	2026-10-03T04:07:03.062Z	966148.3288737917	write-idle	Instant(_value: 3041551.2531646662 seconds)	0	2	75	0	1	1	physical	4294969732	disk0	1128582909952	6074090668032	0.0	0.0	57797394	268999464	true	bytesReason=IOBlockStorageDriver Statistics bytes;operationsReason=IOBlockStorageDriver Statistics operations
delivery	2026-10-03T04:07:03.062Z	966148.3288737917	write-idle	Instant(_value: 3041551.2531646662 seconds)	0	2	75	0	1	1	delivered	diskActivity									sameReadAt=true
card	2026-10-03T04:07:03.062Z	966148.3288737917	write-idle	Optional(Swift.ContinuousClock.Instant(_value: 3041551.2531646662 seconds))					1		measured	DiskCard				0.0	0.0			false	Disk 카드, 정상 측정, 현재 Read 0.0 B/s, Write 0.0 B/s, 보조 정보 확인됨, 저장 공간 전체 926.4 GB, 사용 가능 764.5 GB, 사용 중은 전체에서 사용 가능을 뺀 값, APFS 공유 공간이며 볼륨별 독점 사용량이 아님
sample	2026-10-03T04:07:04.121Z	966149.38788575	write-idle	Instant(_value: 3041552.24922225 seconds)	0	2	76	0	1	1	rate	knownPhysical				0.0	851227.894470808			true	representativeRead=0.0;representativeWrite=851227.894470808
device	2026-10-03T04:07:04.121Z	966149.38788575	write-idle	Instant(_value: 3041552.24922225 seconds)	0	2	76	0	1	1	physical	4294969732	disk0	1128582909952	6074091515904	0.0	851227.894470808	57797394	268999599	true	bytesReason=IOBlockStorageDriver Statistics bytes;operationsReason=IOBlockStorageDriver Statistics operations
delivery	2026-10-03T04:07:04.121Z	966149.38788575	write-idle	Instant(_value: 3041552.24922225 seconds)	0	2	76	0	1	1	delivered	diskActivity									sameReadAt=true
card	2026-10-03T04:07:04.121Z	966149.38788575	write-idle	Optional(Swift.ContinuousClock.Instant(_value: 3041552.24922225 seconds))					1		measured	DiskCard				0.0	851227.894470808			false	Disk 카드, 정상 측정, 현재 Read 0.0 B/s, Write 831.3 KB/s, 보조 정보 확인됨, 저장 공간 전체 926.4 GB, 사용 가능 764.5 GB, 사용 중은 전체에서 사용 가능을 뺀 값, APFS 공유 공간이며 볼륨별 독점 사용량이 아님
sample	2026-10-03T04:07:05.281Z	966150.547537	write-idle	Instant(_value: 3041553.254166125 seconds)	0	2	77	0	1	1	rate	knownPhysical				0.0	321992.111250989			true	representativeRead=0.0;representativeWrite=321992.111250989
device	2026-10-03T04:07:05.281Z	966150.547537	write-idle	Instant(_value: 3041553.254166125 seconds)	0	2	77	0	1	1	physical	4294969732	disk0	1128582909952	6074091839488	0.0	321992.111250989	57797394	268999601	true	bytesReason=IOBlockStorageDriver Statistics bytes;operationsReason=IOBlockStorageDriver Statistics operations
delivery	2026-10-03T04:07:05.281Z	966150.547537	write-idle	Instant(_value: 3041553.254166125 seconds)	0	2	77	0	1	1	delivered	diskActivity									sameReadAt=true
card	2026-10-03T04:07:05.281Z	966150.547537	write-idle	Optional(Swift.ContinuousClock.Instant(_value: 3041553.254166125 seconds))					1		measured	DiskCard				0.0	321992.111250989			false	Disk 카드, 정상 측정, 현재 Read 0.0 B/s, Write 314.4 KB/s, 보조 정보 확인됨, 저장 공간 전체 926.4 GB, 사용 가능 764.5 GB, 사용 중은 전체에서 사용 가능을 뺀 값, APFS 공유 공간이며 볼륨별 독점 사용량이 아님
sample	2026-10-03T04:07:06.334Z	966151.6006055	write-idle	Instant(_value: 3041554.248379875 seconds)	0	2	78	0	1	1	rate	knownPhysical				0.0	32958.70732023169			true	representativeRead=0.0;representativeWrite=32958.70732023169
device	2026-10-03T04:07:06.334Z	966151.6006055	write-idle	Instant(_value: 3041554.248379875 seconds)	0	2	78	0	1	1	physical	4294969732	disk0	1128582909952	6074091872256	0.0	32958.70732023169	57797394	268999602	true	bytesReason=IOBlockStorageDriver Statistics bytes;operationsReason=IOBlockStorageDriver Statistics operations
delivery	2026-10-03T04:07:06.334Z	966151.6006055	write-idle	Instant(_value: 3041554.248379875 seconds)	0	2	78	0	1	1	delivered	diskActivity									sameReadAt=true
card	2026-10-03T04:07:06.334Z	966151.6006055	write-idle	Optional(Swift.ContinuousClock.Instant(_value: 3041554.248379875 seconds))					1		measured	DiskCard				0.0	32958.70732023169			false	Disk 카드, 정상 측정, 현재 Read 0.0 B/s, Write 32.2 KB/s, 보조 정보 확인됨, 저장 공간 전체 926.4 GB, 사용 가능 764.5 GB, 사용 중은 전체에서 사용 가능을 뺀 값, APFS 공유 공간이며 볼륨별 독점 사용량이 아님
sample	2026-10-03T04:07:07.405Z	966152.6715225833	write-idle	Instant(_value: 3041555.247456375 seconds)	0	2	79	0	1	1	rate	knownPhysical				0.0	0.0			true	representativeRead=0.0;representativeWrite=0.0
device	2026-10-03T04:07:07.405Z	966152.6715225833	write-idle	Instant(_value: 3041555.247456375 seconds)	0	2	79	0	1	1	physical	4294969732	disk0	1128582909952	6074091872256	0.0	0.0	57797394	268999602	true	bytesReason=IOBlockStorageDriver Statistics bytes;operationsReason=IOBlockStorageDriver Statistics operations
delivery	2026-10-03T04:07:07.405Z	966152.6715225833	write-idle	Instant(_value: 3041555.247456375 seconds)	0	2	79	0	1	1	delivered	diskActivity									sameReadAt=true
card	2026-10-03T04:07:07.405Z	966152.6715225833	write-idle	Optional(Swift.ContinuousClock.Instant(_value: 3041555.247456375 seconds))					1		measured	DiskCard				0.0	0.0			false	Disk 카드, 정상 측정, 현재 Read 0.0 B/s, Write 0.0 B/s, 보조 정보 확인됨, 저장 공간 전체 926.4 GB, 사용 가능 764.5 GB, 사용 중은 전체에서 사용 가능을 뺀 값, APFS 공유 공간이며 볼륨별 독점 사용량이 아님
sample	2026-10-03T04:07:08.453Z	966153.7198932084	write-idle	Instant(_value: 3041556.2519086665 seconds)	0	2	80	0	1	1	rate	knownPhysical				0.0	0.0			true	representativeRead=0.0;representativeWrite=0.0
device	2026-10-03T04:07:08.453Z	966153.7198932084	write-idle	Instant(_value: 3041556.2519086665 seconds)	0	2	80	0	1	1	physical	4294969732	disk0	1128582909952	6074091872256	0.0	0.0	57797394	268999602	true	bytesReason=IOBlockStorageDriver Statistics bytes;operationsReason=IOBlockStorageDriver Statistics operations
delivery	2026-10-03T04:07:08.453Z	966153.7198932084	write-idle	Instant(_value: 3041556.2519086665 seconds)	0	2	80	0	1	1	delivered	diskActivity									sameReadAt=true
card	2026-10-03T04:07:08.453Z	966153.7198932084	write-idle	Optional(Swift.ContinuousClock.Instant(_value: 3041556.2519086665 seconds))					1		measured	DiskCard				0.0	0.0			false	Disk 카드, 정상 측정, 현재 Read 0.0 B/s, Write 0.0 B/s, 보조 정보 확인됨, 저장 공간 전체 926.4 GB, 사용 가능 764.5 GB, 사용 중은 전체에서 사용 가능을 뺀 값, APFS 공유 공간이며 볼륨별 독점 사용량이 아님
sample	2026-10-03T04:07:09.503Z	966154.769721625	write-idle	Instant(_value: 3041557.2536264583 seconds)	0	2	81	0	1	1	rate	knownPhysical				0.0	0.0			true	representativeRead=0.0;representativeWrite=0.0
device	2026-10-03T04:07:09.503Z	966154.769721625	write-idle	Instant(_value: 3041557.2536264583 seconds)	0	2	81	0	1	1	physical	4294969732	disk0	1128582909952	6074091872256	0.0	0.0	57797394	268999602	true	bytesReason=IOBlockStorageDriver Statistics bytes;operationsReason=IOBlockStorageDriver Statistics operations
delivery	2026-10-03T04:07:09.503Z	966154.769721625	write-idle	Instant(_value: 3041557.2536264583 seconds)	0	2	81	0	1	1	delivered	diskActivity									sameReadAt=true
card	2026-10-03T04:07:09.503Z	966154.769721625	write-idle	Optional(Swift.ContinuousClock.Instant(_value: 3041557.2536264583 seconds))					1		measured	DiskCard				0.0	0.0			false	Disk 카드, 정상 측정, 현재 Read 0.0 B/s, Write 0.0 B/s, 보조 정보 확인됨, 저장 공간 전체 926.4 GB, 사용 가능 764.5 GB, 사용 중은 전체에서 사용 가능을 뺀 값, APFS 공유 공간이며 볼륨별 독점 사용량이 아님
sample	2026-10-03T04:07:10.509Z	966155.7753017917	write-load	Instant(_value: 3041558.2551439162 seconds)	0	2	82	0	1	1	rate	knownPhysical				0.0	12269.381728540973			true	representativeRead=0.0;representativeWrite=12269.381728540973
device	2026-10-03T04:07:10.509Z	966155.7753017917	write-load	Instant(_value: 3041558.2551439162 seconds)	0	2	82	0	1	1	physical	4294969732	disk0	1128582909952	6074091884544	0.0	12269.381728540973	57797394	268999603	true	bytesReason=IOBlockStorageDriver Statistics bytes;operationsReason=IOBlockStorageDriver Statistics operations
delivery	2026-10-03T04:07:10.509Z	966155.7753017917	write-load	Instant(_value: 3041558.2551439162 seconds)	0	2	82	0	1	1	delivered	diskActivity									sameReadAt=true
card	2026-10-03T04:07:10.509Z	966155.7753017917	write-load	Optional(Swift.ContinuousClock.Instant(_value: 3041558.2551439162 seconds))					1		measured	DiskCard				0.0	12269.381728540973			false	Disk 카드, 정상 측정, 현재 Read 0.0 B/s, Write 12.0 KB/s, 보조 정보 확인됨, 저장 공간 전체 926.4 GB, 사용 가능 764.5 GB, 사용 중은 전체에서 사용 가능을 뺀 값, APFS 공유 공간이며 볼륨별 독점 사용량이 아님
sample	2026-10-03T04:07:11.558Z	966156.8241987918	write-load	Instant(_value: 3041559.250724791 seconds)	0	2	83	0	1	1	rate	knownPhysical				0.0	16888713.335317936			true	representativeRead=0.0;representativeWrite=16888713.335317936
device	2026-10-03T04:07:11.558Z	966156.8241987918	write-load	Instant(_value: 3041559.250724791 seconds)	0	2	83	0	1	1	physical	4294969732	disk0	1128582909952	6074108698624	0.0	16888713.335317936	57797394	268999621	true	bytesReason=IOBlockStorageDriver Statistics bytes;operationsReason=IOBlockStorageDriver Statistics operations
delivery	2026-10-03T04:07:11.558Z	966156.8241987918	write-load	Instant(_value: 3041559.250724791 seconds)	0	2	83	0	1	1	delivered	diskActivity									sameReadAt=true
card	2026-10-03T04:07:11.558Z	966156.8241987918	write-load	Optional(Swift.ContinuousClock.Instant(_value: 3041559.250724791 seconds))					1		measured	DiskCard				0.0	16888713.335317936			false	Disk 카드, 정상 측정, 현재 Read 0.0 B/s, Write 16.1 MB/s, 보조 정보 확인됨, 저장 공간 전체 926.4 GB, 사용 가능 764.5 GB, 사용 중은 전체에서 사용 가능을 뺀 값, APFS 공유 공간이며 볼륨별 독점 사용량이 아님
sample	2026-10-03T04:07:12.581Z	966157.8477883751	write-load	Instant(_value: 3041560.197393666 seconds)	0	2	84	0	1	1	rate	knownPhysical				0.0	35449066.60208935			true	representativeRead=0.0;representativeWrite=35449066.60208935
device	2026-10-03T04:07:12.581Z	966157.8477883751	write-load	Instant(_value: 3041560.197393666 seconds)	0	2	84	0	1	1	physical	4294969732	disk0	1128582909952	6074142257152	0.0	35449066.60208935	57797394	268999654	true	bytesReason=IOBlockStorageDriver Statistics bytes;operationsReason=IOBlockStorageDriver Statistics operations
delivery	2026-10-03T04:07:12.581Z	966157.8477883751	write-load	Instant(_value: 3041560.197393666 seconds)	0	2	84	0	1	1	delivered	diskActivity									sameReadAt=true
card	2026-10-03T04:07:12.581Z	966157.8477883751	write-load	Optional(Swift.ContinuousClock.Instant(_value: 3041560.197393666 seconds))					1		measured	DiskCard				0.0	35449066.60208935			false	Disk 카드, 정상 측정, 현재 Read 0.0 B/s, Write 33.8 MB/s, 보조 정보 확인됨, 저장 공간 전체 926.4 GB, 사용 가능 764.5 GB, 사용 중은 전체에서 사용 가능을 뺀 값, APFS 공유 공간이며 볼륨별 독점 사용량이 아님
sample	2026-10-03T04:07:13.630Z	966158.8962084167	write-load	Instant(_value: 3041561.216326375 seconds)	0	2	85	0	1	1	rate	knownPhysical				0.0	32938999.507571995			true	representativeRead=0.0;representativeWrite=32938999.507571995
device	2026-10-03T04:07:13.630Z	966158.8962084167	write-load	Instant(_value: 3041561.216326375 seconds)	0	2	85	0	1	1	physical	4294969732	disk0	1128582909952	6074175819776	0.0	32938999.507571995	57797394	268999688	true	bytesReason=IOBlockStorageDriver Statistics bytes;operationsReason=IOBlockStorageDriver Statistics operations
delivery	2026-10-03T04:07:13.630Z	966158.8962084167	write-load	Instant(_value: 3041561.216326375 seconds)	0	2	85	0	1	1	delivered	diskActivity									sameReadAt=true
card	2026-10-03T04:07:13.630Z	966158.8962084167	write-load	Optional(Swift.ContinuousClock.Instant(_value: 3041561.216326375 seconds))					1		measured	DiskCard				0.0	32938999.507571995			false	Disk 카드, 정상 측정, 현재 Read 0.0 B/s, Write 31.4 MB/s, 보조 정보 확인됨, 저장 공간 전체 926.4 GB, 사용 가능 764.5 GB, 사용 중은 전체에서 사용 가능을 뺀 값, APFS 공유 공간이며 볼륨별 독점 사용량이 아님
sample	2026-10-03T04:07:14.758Z	966160.0245679168	write-load	Instant(_value: 3041563.252056 seconds)	0	2	87	0	1	1	rate	knownPhysical				0.0	32737315.416564167			true	representativeRead=0.0;representativeWrite=32737315.416564167
device	2026-10-03T04:07:14.758Z	966160.0245679168	write-load	Instant(_value: 3041563.252056 seconds)	0	2	87	0	1	1	physical	4294969732	disk0	1128582914048	6074243133440	0.0	32737315.416564167	57797395	268999755	true	bytesReason=IOBlockStorageDriver Statistics bytes;operationsReason=IOBlockStorageDriver Statistics operations
delivery	2026-10-03T04:07:14.758Z	966160.0245679168	write-load	Instant(_value: 3041563.252056 seconds)	0	2	87	0	1	1	delivered	diskActivity									sameReadAt=true
card	2026-10-03T04:07:14.758Z	966160.0245679168	write-load	Optional(Swift.ContinuousClock.Instant(_value: 3041563.252056 seconds))					1		measured	DiskCard				0.0	32737315.416564167			false	Disk 카드, 정상 측정, 현재 Read 0.0 B/s, Write 31.2 MB/s, 보조 정보 확인됨, 저장 공간 전체 926.4 GB, 사용 가능 764.5 GB, 사용 중은 전체에서 사용 가능을 뺀 값, APFS 공유 공간이며 볼륨별 독점 사용량이 아님
sample	2026-10-03T04:07:15.826Z	966161.0921455	write-load	Instant(_value: 3041564.251829458 seconds)	0	2	88	0	1	1	rate	knownPhysical				0.0	33594810.63559101			true	representativeRead=0.0;representativeWrite=33594810.63559101
device	2026-10-03T04:07:15.826Z	966161.0921455	write-load	Instant(_value: 3041564.251829458 seconds)	0	2	88	0	1	1	physical	4294969732	disk0	1128582914048	6074276720640	0.0	33594810.63559101	57797395	268999788	true	bytesReason=IOBlockStorageDriver Statistics bytes;operationsReason=IOBlockStorageDriver Statistics operations
delivery	2026-10-03T04:07:15.826Z	966161.0921455	write-load	Instant(_value: 3041564.251829458 seconds)	0	2	88	0	1	1	delivered	diskActivity									sameReadAt=true
card	2026-10-03T04:07:15.826Z	966161.0921455	write-load	Optional(Swift.ContinuousClock.Instant(_value: 3041564.251829458 seconds))					1		measured	DiskCard				0.0	33594810.63559101			false	Disk 카드, 정상 측정, 현재 Read 0.0 B/s, Write 32.0 MB/s, 보조 정보 확인됨, 저장 공간 전체 926.4 GB, 사용 가능 764.5 GB, 사용 중은 전체에서 사용 가능을 뺀 값, APFS 공유 공간이며 볼륨별 독점 사용량이 아님
sample	2026-10-03T04:07:16.892Z	966162.1582975833	write-load	Instant(_value: 3041565.214587208 seconds)	0	2	89	0	1	1	rate	knownPhysical				170177.80433343694	34852414.327487886			true	representativeRead=170177.80433343694;representativeWrite=34852414.327487886
device	2026-10-03T04:07:16.892Z	966162.1582975833	write-load	Instant(_value: 3041565.214587208 seconds)	0	2	89	0	1	1	physical	4294969732	disk0	1128583077888	6074310275072	170177.80433343694	34852414.327487886	57797399	268999820	true	bytesReason=IOBlockStorageDriver Statistics bytes;operationsReason=IOBlockStorageDriver Statistics operations
delivery	2026-10-03T04:07:16.892Z	966162.1582975833	write-load	Instant(_value: 3041565.214587208 seconds)	0	2	89	0	1	1	delivered	diskActivity									sameReadAt=true
card	2026-10-03T04:07:16.892Z	966162.1582975833	write-load	Optional(Swift.ContinuousClock.Instant(_value: 3041565.214587208 seconds))					1		measured	DiskCard				170177.80433343694	34852414.327487886			false	Disk 카드, 정상 측정, 현재 Read 166.2 KB/s, Write 33.2 MB/s, 보조 정보 확인됨, 저장 공간 전체 926.4 GB, 사용 가능 764.5 GB, 사용 중은 전체에서 사용 가능을 뺀 값, APFS 공유 공간이며 볼륨별 독점 사용량이 아님
sample	2026-10-03T04:07:17.949Z	966163.2153567501	write-load	Instant(_value: 3041566.254529875 seconds)	0	2	90	0	1	1	rate	knownPhysical				0.0	32285349.053766634			true	representativeRead=0.0;representativeWrite=32285349.053766634
device	2026-10-03T04:07:17.949Z	966163.2153567501	write-load	Instant(_value: 3041566.254529875 seconds)	0	2	90	0	1	1	physical	4294969732	disk0	1128583077888	6074343849984	0.0	32285349.053766634	57797399	268999854	true	bytesReason=IOBlockStorageDriver Statistics bytes;operationsReason=IOBlockStorageDriver Statistics operations
delivery	2026-10-03T04:07:17.949Z	966163.2153567501	write-load	Instant(_value: 3041566.254529875 seconds)	0	2	90	0	1	1	delivered	diskActivity									sameReadAt=true
card	2026-10-03T04:07:17.949Z	966163.2153567501	write-load	Optional(Swift.ContinuousClock.Instant(_value: 3041566.254529875 seconds))					1		measured	DiskCard				0.0	32285349.053766634			false	Disk 카드, 정상 측정, 현재 Read 0.0 B/s, Write 30.8 MB/s, 보조 정보 확인됨, 저장 공간 전체 926.4 GB, 사용 가능 764.5 GB, 사용 중은 전체에서 사용 가능을 뺀 값, APFS 공유 공간이며 볼륨별 독점 사용량이 아님
sample	2026-10-03T04:07:18.984Z	966164.2508355001	write-load	Instant(_value: 3041567.255035541 seconds)	0	2	91	0	1	1	rate	knownPhysical				0.0	35641753.177237876			true	representativeRead=0.0;representativeWrite=35641753.177237876
device	2026-10-03T04:07:18.984Z	966164.2508355001	write-load	Instant(_value: 3041567.255035541 seconds)	0	2	91	0	1	1	physical	4294969732	disk0	1128583077888	6074379509760	0.0	35641753.177237876	57797399	268999939	true	bytesReason=IOBlockStorageDriver Statistics bytes;operationsReason=IOBlockStorageDriver Statistics operations
delivery	2026-10-03T04:07:18.984Z	966164.2508355001	write-load	Instant(_value: 3041567.255035541 seconds)	0	2	91	0	1	1	delivered	diskActivity									sameReadAt=true
card	2026-10-03T04:07:18.984Z	966164.2508355001	write-load	Optional(Swift.ContinuousClock.Instant(_value: 3041567.255035541 seconds))					1		measured	DiskCard				0.0	35641753.177237876			false	Disk 카드, 정상 측정, 현재 Read 0.0 B/s, Write 34.0 MB/s, 보조 정보 확인됨, 저장 공간 전체 926.4 GB, 사용 가능 764.5 GB, 사용 중은 전체에서 사용 가능을 뺀 값, APFS 공유 공간이며 볼륨별 독점 사용량이 아님
sample	2026-10-03T04:07:20.134Z	966165.400781375	write-load	Instant(_value: 3041568.257666541 seconds)	0	2	92	0	1	1	rate	knownPhysical				0.0	35635650.60326281			true	representativeRead=0.0;representativeWrite=35635650.60326281
device	2026-10-03T04:07:20.134Z	966165.400781375	write-load	Instant(_value: 3041568.257666541 seconds)	0	2	92	0	1	1	physical	4294969732	disk0	1128583077888	6074415239168	0.0	35635650.60326281	57797399	269000127	true	bytesReason=IOBlockStorageDriver Statistics bytes;operationsReason=IOBlockStorageDriver Statistics operations
delivery	2026-10-03T04:07:20.134Z	966165.400781375	write-load	Instant(_value: 3041568.257666541 seconds)	0	2	92	0	1	1	delivered	diskActivity									sameReadAt=true
card	2026-10-03T04:07:20.134Z	966165.400781375	write-load	Optional(Swift.ContinuousClock.Instant(_value: 3041568.257666541 seconds))					1		measured	DiskCard				0.0	35635650.60326281			false	Disk 카드, 정상 측정, 현재 Read 0.0 B/s, Write 34.0 MB/s, 보조 정보 확인됨, 저장 공간 전체 926.4 GB, 사용 가능 764.5 GB, 사용 중은 전체에서 사용 가능을 뺀 값, APFS 공유 공간이며 볼륨별 독점 사용량이 아님
sample	2026-10-03T04:07:21.188Z	966166.4542466667	write-load	Instant(_value: 3041569.248999125 seconds)	0	2	93	0	1	1	rate	knownPhysical				0.0	33926309.43723726			true	representativeRead=0.0;representativeWrite=33926309.43723726
device	2026-10-03T04:07:21.188Z	966166.4542466667	write-load	Instant(_value: 3041569.248999125 seconds)	0	2	93	0	1	1	physical	4294969732	disk0	1128583077888	6074448871424	0.0	33926309.43723726	57797399	269000161	true	bytesReason=IOBlockStorageDriver Statistics bytes;operationsReason=IOBlockStorageDriver Statistics operations
delivery	2026-10-03T04:07:21.188Z	966166.4542466667	write-load	Instant(_value: 3041569.248999125 seconds)	0	2	93	0	1	1	delivered	diskActivity									sameReadAt=true
card	2026-10-03T04:07:21.188Z	966166.4542466667	write-load	Optional(Swift.ContinuousClock.Instant(_value: 3041569.248999125 seconds))					1		measured	DiskCard				0.0	33926309.43723726			false	Disk 카드, 정상 측정, 현재 Read 0.0 B/s, Write 32.4 MB/s, 보조 정보 확인됨, 저장 공간 전체 926.4 GB, 사용 가능 764.5 GB, 사용 중은 전체에서 사용 가능을 뺀 값, APFS 공유 공간이며 볼륨별 독점 사용량이 아님
sample	2026-10-03T04:07:22.252Z	966167.5186514168	write-load	Instant(_value: 3041570.252606833 seconds)	0	2	94	0	1	1	rate	knownPhysical				0.0	33437893.842879888			true	representativeRead=0.0;representativeWrite=33437893.842879888
device	2026-10-03T04:07:22.252Z	966167.5186514168	write-load	Instant(_value: 3041570.252606833 seconds)	0	2	94	0	1	1	physical	4294969732	disk0	1128583077888	6074482429952	0.0	33437893.842879888	57797399	269000194	true	bytesReason=IOBlockStorageDriver Statistics bytes;operationsReason=IOBlockStorageDriver Statistics operations
delivery	2026-10-03T04:07:22.252Z	966167.5186514168	write-load	Instant(_value: 3041570.252606833 seconds)	0	2	94	0	1	1	delivered	diskActivity									sameReadAt=true
card	2026-10-03T04:07:22.252Z	966167.5186514168	write-load	Optional(Swift.ContinuousClock.Instant(_value: 3041570.252606833 seconds))					1		measured	DiskCard				0.0	33437893.842879888			false	Disk 카드, 정상 측정, 현재 Read 0.0 B/s, Write 31.9 MB/s, 보조 정보 확인됨, 저장 공간 전체 926.4 GB, 사용 가능 764.5 GB, 사용 중은 전체에서 사용 가능을 뺀 값, APFS 공유 공간이며 볼륨별 독점 사용량이 아님
sample	2026-10-03T04:07:23.318Z	966168.5848239168	write-load	Instant(_value: 3041571.2541780407 seconds)	0	2	95	0	1	1	rate	knownPhysical				0.0	33501793.71370268			true	representativeRead=0.0;representativeWrite=33501793.71370268
device	2026-10-03T04:07:23.318Z	966168.5848239168	write-load	Instant(_value: 3041571.2541780407 seconds)	0	2	95	0	1	1	physical	4294969732	disk0	1128583077888	6074515984384	0.0	33501793.71370268	57797399	269000226	true	bytesReason=IOBlockStorageDriver Statistics bytes;operationsReason=IOBlockStorageDriver Statistics operations
delivery	2026-10-03T04:07:23.318Z	966168.5848239168	write-load	Instant(_value: 3041571.2541780407 seconds)	0	2	95	0	1	1	delivered	diskActivity									sameReadAt=true
card	2026-10-03T04:07:23.318Z	966168.5848239168	write-load	Optional(Swift.ContinuousClock.Instant(_value: 3041571.2541780407 seconds))					1		measured	DiskCard				0.0	33501793.71370268			false	Disk 카드, 정상 측정, 현재 Read 0.0 B/s, Write 31.9 MB/s, 보조 정보 확인됨, 저장 공간 전체 926.4 GB, 사용 가능 764.5 GB, 사용 중은 전체에서 사용 가능을 뺀 값, APFS 공유 공간이며 볼륨별 독점 사용량이 아님
sample	2026-10-03T04:07:24.384Z	966169.6506527084	write-load	Instant(_value: 3041572.25133875 seconds)	0	2	96	0	1	1	rate	knownPhysical				4107.662850161498	42703262.99027893			true	representativeRead=4107.662850161498;representativeWrite=42703262.99027893
device	2026-10-03T04:07:24.384Z	966169.6506527084	write-load	Instant(_value: 3041572.25133875 seconds)	0	2	96	0	1	1	physical	4294969732	disk0	1128583081984	6074558566400	4107.662850161498	42703262.99027893	57797400	269000719	true	bytesReason=IOBlockStorageDriver Statistics bytes;operationsReason=IOBlockStorageDriver Statistics operations
delivery	2026-10-03T04:07:24.384Z	966169.6506527084	write-load	Instant(_value: 3041572.25133875 seconds)	0	2	96	0	1	1	delivered	diskActivity									sameReadAt=true
card	2026-10-03T04:07:24.384Z	966169.6506527084	write-load	Optional(Swift.ContinuousClock.Instant(_value: 3041572.25133875 seconds))					1		measured	DiskCard				4107.662850161498	42703262.99027893			false	Disk 카드, 정상 측정, 현재 Read 4.0 KB/s, Write 40.7 MB/s, 보조 정보 확인됨, 저장 공간 전체 926.4 GB, 사용 가능 764.5 GB, 사용 중은 전체에서 사용 가능을 뺀 값, APFS 공유 공간이며 볼륨별 독점 사용량이 아님
sample	2026-10-03T04:07:25.402Z	966170.6680067084	write-load	Instant(_value: 3041573.200331916 seconds)	0	2	97	0	1	1	rate	knownPhysical				176962.2859433742	35979454.03960896			true	representativeRead=176962.2859433742;representativeWrite=35979454.03960896
device	2026-10-03T04:07:25.402Z	966170.6680067084	write-load	Instant(_value: 3041573.200331916 seconds)	0	2	97	0	1	1	physical	4294969732	disk0	1128583249920	6074592710656	176962.2859433742	35979454.03960896	57797411	269000872	true	bytesReason=IOBlockStorageDriver Statistics bytes;operationsReason=IOBlockStorageDriver Statistics operations
delivery	2026-10-03T04:07:25.402Z	966170.6680067084	write-load	Instant(_value: 3041573.200331916 seconds)	0	2	97	0	1	1	delivered	diskActivity									sameReadAt=true
card	2026-10-03T04:07:25.402Z	966170.6680067084	write-load	Optional(Swift.ContinuousClock.Instant(_value: 3041573.200331916 seconds))					1		measured	DiskCard				176962.2859433742	35979454.03960896			false	Disk 카드, 정상 측정, 현재 Read 172.8 KB/s, Write 34.3 MB/s, 보조 정보 확인됨, 저장 공간 전체 926.4 GB, 사용 가능 764.5 GB, 사용 중은 전체에서 사용 가능을 뺀 값, APFS 공유 공간이며 볼륨별 독점 사용량이 아님
sample	2026-10-03T04:07:26.470Z	966171.7362627084	write-load	Instant(_value: 3041574.25500525 seconds)	0	2	98	0	1	1	rate	knownPhysical				7767.333956316752	32168413.58008583			true	representativeRead=7767.333956316752;representativeWrite=32168413.58008583
device	2026-10-03T04:07:26.470Z	966171.7362627084	write-load	Instant(_value: 3041574.25500525 seconds)	0	2	98	0	1	1	physical	4294969732	disk0	1128583258112	6074626637824	7767.333956316752	32168413.58008583	57797413	269000924	true	bytesReason=IOBlockStorageDriver Statistics bytes;operationsReason=IOBlockStorageDriver Statistics operations
delivery	2026-10-03T04:07:26.470Z	966171.7362627084	write-load	Instant(_value: 3041574.25500525 seconds)	0	2	98	0	1	1	delivered	diskActivity									sameReadAt=true
card	2026-10-03T04:07:26.470Z	966171.7362627084	write-load	Optional(Swift.ContinuousClock.Instant(_value: 3041574.25500525 seconds))					1		measured	DiskCard				7767.333956316752	32168413.58008583			false	Disk 카드, 정상 측정, 현재 Read 7.6 KB/s, Write 30.7 MB/s, 보조 정보 확인됨, 저장 공간 전체 926.4 GB, 사용 가능 764.5 GB, 사용 중은 전체에서 사용 가능을 뺀 값, APFS 공유 공간이며 볼륨별 독점 사용량이 아님
sample	2026-10-03T04:07:27.485Z	966172.7517962084	write-load	Instant(_value: 3041575.204117458 seconds)	0	2	99	0	1	1	rate	knownPhysical				0.0	35836841.74885253			true	representativeRead=0.0;representativeWrite=35836841.74885253
device	2026-10-03T04:07:27.485Z	966172.7517962084	write-load	Instant(_value: 3041575.204117458 seconds)	0	2	99	0	1	1	physical	4294969732	disk0	1128583258112	6074660651008	0.0	35836841.74885253	57797413	269001039	true	bytesReason=IOBlockStorageDriver Statistics bytes;operationsReason=IOBlockStorageDriver Statistics operations
delivery	2026-10-03T04:07:27.485Z	966172.7517962084	write-load	Instant(_value: 3041575.204117458 seconds)	0	2	99	0	1	1	delivered	diskActivity									sameReadAt=true
card	2026-10-03T04:07:27.485Z	966172.7517962084	write-load	Optional(Swift.ContinuousClock.Instant(_value: 3041575.204117458 seconds))					1		measured	DiskCard				0.0	35836841.74885253			false	Disk 카드, 정상 측정, 현재 Read 0.0 B/s, Write 34.2 MB/s, 보조 정보 확인됨, 저장 공간 전체 926.4 GB, 사용 가능 764.5 GB, 사용 중은 전체에서 사용 가능을 뺀 값, APFS 공유 공간이며 볼륨별 독점 사용량이 아님
sample	2026-10-03T04:07:28.491Z	966173.7577079583	write-load	Instant(_value: 3041576.2577722496 seconds)	0	2	100	0	1	1	rate	knownPhysical				0.0	31845754.65775512			true	representativeRead=0.0;representativeWrite=31845754.65775512
device	2026-10-03T04:07:28.491Z	966173.7577079583	write-load	Instant(_value: 3041576.2577722496 seconds)	0	2	100	0	1	1	physical	4294969732	disk0	1128583258112	6074694205440	0.0	31845754.65775512	57797413	269001071	true	bytesReason=IOBlockStorageDriver Statistics bytes;operationsReason=IOBlockStorageDriver Statistics operations
delivery	2026-10-03T04:07:28.491Z	966173.7577079583	write-load	Instant(_value: 3041576.2577722496 seconds)	0	2	100	0	1	1	delivered	diskActivity									sameReadAt=true
card	2026-10-03T04:07:28.491Z	966173.7577079583	write-load	Optional(Swift.ContinuousClock.Instant(_value: 3041576.2577722496 seconds))					1		measured	DiskCard				0.0	31845754.65775512			false	Disk 카드, 정상 측정, 현재 Read 0.0 B/s, Write 30.4 MB/s, 보조 정보 확인됨, 저장 공간 전체 926.4 GB, 사용 가능 764.5 GB, 사용 중은 전체에서 사용 가능을 뺀 값, APFS 공유 공간이며 볼륨별 독점 사용량이 아님
sample	2026-10-03T04:07:29.514Z	966174.7805955417	write-load	Instant(_value: 3041577.21198825 seconds)	0	2	101	0	1	1	rate	knownPhysical				0.0	35172983.894631825			true	representativeRead=0.0;representativeWrite=35172983.894631825
device	2026-10-03T04:07:29.514Z	966174.7805955417	write-load	Instant(_value: 3041577.21198825 seconds)	0	2	101	0	1	1	physical	4294969732	disk0	1128583258112	6074727768064	0.0	35172983.894631825	57797413	269001105	true	bytesReason=IOBlockStorageDriver Statistics bytes;operationsReason=IOBlockStorageDriver Statistics operations
delivery	2026-10-03T04:07:29.514Z	966174.7805955417	write-load	Instant(_value: 3041577.21198825 seconds)	0	2	101	0	1	1	delivered	diskActivity									sameReadAt=true
card	2026-10-03T04:07:29.514Z	966174.7805955417	write-load	Optional(Swift.ContinuousClock.Instant(_value: 3041577.21198825 seconds))					1		measured	DiskCard				0.0	35172983.894631825			false	Disk 카드, 정상 측정, 현재 Read 0.0 B/s, Write 33.5 MB/s, 보조 정보 확인됨, 저장 공간 전체 926.4 GB, 사용 가능 764.5 GB, 사용 중은 전체에서 사용 가능을 뺀 값, APFS 공유 공간이며 볼륨별 독점 사용량이 아님
sample	2026-10-03T04:07:30.576Z	966175.8421485	write-load	Instant(_value: 3041578.210129958 seconds)	0	2	102	0	1	1	rate	knownPhysical				0.0	33629212.89729334			true	representativeRead=0.0;representativeWrite=33629212.89729334
device	2026-10-03T04:07:30.576Z	966175.8421485	write-load	Instant(_value: 3041578.210129958 seconds)	0	2	102	0	1	1	physical	4294969732	disk0	1128583258112	6074761334784	0.0	33629212.89729334	57797413	269001138	true	bytesReason=IOBlockStorageDriver Statistics bytes;operationsReason=IOBlockStorageDriver Statistics operations
delivery	2026-10-03T04:07:30.576Z	966175.8421485	write-load	Instant(_value: 3041578.210129958 seconds)	0	2	102	0	1	1	delivered	diskActivity									sameReadAt=true
card	2026-10-03T04:07:30.576Z	966175.8421485	write-load	Optional(Swift.ContinuousClock.Instant(_value: 3041578.210129958 seconds))					1		measured	DiskCard				0.0	33629212.89729334			false	Disk 카드, 정상 측정, 현재 Read 0.0 B/s, Write 32.1 MB/s, 보조 정보 확인됨, 저장 공간 전체 926.4 GB, 사용 가능 764.5 GB, 사용 중은 전체에서 사용 가능을 뺀 값, APFS 공유 공간이며 볼륨별 독점 사용량이 아님
sample	2026-10-03T04:07:31.631Z	966176.8978258334	write-load	Instant(_value: 3041579.25314 seconds)	0	2	103	0	1	1	rate	knownPhysical				0.0	32186474.38487462			true	representativeRead=0.0;representativeWrite=32186474.38487462
device	2026-10-03T04:07:31.631Z	966176.8978258334	write-load	Instant(_value: 3041579.25314 seconds)	0	2	103	0	1	1	physical	4294969732	disk0	1128583258112	6074794905600	0.0	32186474.38487462	57797413	269001171	true	bytesReason=IOBlockStorageDriver Statistics bytes;operationsReason=IOBlockStorageDriver Statistics operations
delivery	2026-10-03T04:07:31.631Z	966176.8978258334	write-load	Instant(_value: 3041579.25314 seconds)	0	2	103	0	1	1	delivered	diskActivity									sameReadAt=true
card	2026-10-03T04:07:31.631Z	966176.8978258334	write-load	Optional(Swift.ContinuousClock.Instant(_value: 3041579.25314 seconds))					1		measured	DiskCard				0.0	32186474.38487462			false	Disk 카드, 정상 측정, 현재 Read 0.0 B/s, Write 30.7 MB/s, 보조 정보 확인됨, 저장 공간 전체 926.4 GB, 사용 가능 764.5 GB, 사용 중은 전체에서 사용 가능을 뺀 값, APFS 공유 공간이며 볼륨별 독점 사용량이 아님
sample	2026-10-03T04:07:32.668Z	966177.9341034584	write-load	Instant(_value: 3041580.216823666 seconds)	0	2	104	0	1	1	rate	knownPhysical				0.0	34823178.16933923			true	representativeRead=0.0;representativeWrite=34823178.16933923
device	2026-10-03T04:07:32.668Z	966177.9341034584	write-load	Instant(_value: 3041580.216823666 seconds)	0	2	104	0	1	1	physical	4294969732	disk0	1128583258112	6074828464128	0.0	34823178.16933923	57797413	269001204	true	bytesReason=IOBlockStorageDriver Statistics bytes;operationsReason=IOBlockStorageDriver Statistics operations
delivery	2026-10-03T04:07:32.668Z	966177.9341034584	write-load	Instant(_value: 3041580.216823666 seconds)	0	2	104	0	1	1	delivered	diskActivity									sameReadAt=true
card	2026-10-03T04:07:32.668Z	966177.9341034584	write-load	Optional(Swift.ContinuousClock.Instant(_value: 3041580.216823666 seconds))					1		measured	DiskCard				0.0	34823178.16933923			false	Disk 카드, 정상 측정, 현재 Read 0.0 B/s, Write 33.2 MB/s, 보조 정보 확인됨, 저장 공간 전체 926.4 GB, 사용 가능 764.5 GB, 사용 중은 전체에서 사용 가능을 뺀 값, APFS 공유 공간이며 볼륨별 독점 사용량이 아님
sample	2026-10-03T04:07:33.740Z	966179.0068627917	write-load	Instant(_value: 3041582.246087041 seconds)	0	2	106	0	1	1	rate	knownPhysical				0.0	34174683.10435582			true	representativeRead=0.0;representativeWrite=34174683.10435582
device	2026-10-03T04:07:33.740Z	966179.0068627917	write-load	Instant(_value: 3041582.246087041 seconds)	0	2	106	0	1	1	physical	4294969732	disk0	1128583258112	6074896961536	0.0	34174683.10435582	57797413	269001442	true	bytesReason=IOBlockStorageDriver Statistics bytes;operationsReason=IOBlockStorageDriver Statistics operations
delivery	2026-10-03T04:07:33.740Z	966179.0068627917	write-load	Instant(_value: 3041582.246087041 seconds)	0	2	106	0	1	1	delivered	diskActivity									sameReadAt=true
card	2026-10-03T04:07:33.740Z	966179.0068627917	write-load	Optional(Swift.ContinuousClock.Instant(_value: 3041582.246087041 seconds))					1		measured	DiskCard				0.0	34174683.10435582			false	Disk 카드, 정상 측정, 현재 Read 0.0 B/s, Write 32.6 MB/s, 보조 정보 확인됨, 저장 공간 전체 926.4 GB, 사용 가능 764.5 GB, 사용 중은 전체에서 사용 가능을 뺀 값, APFS 공유 공간이며 볼륨별 독점 사용량이 아님
sample	2026-10-03T04:07:34.806Z	966180.0724870417	write-load	Instant(_value: 3041583.257238833 seconds)	0	2	107	0	1	1	rate	knownPhysical				0.0	33840600.66028148			true	representativeRead=0.0;representativeWrite=33840600.66028148
device	2026-10-03T04:07:34.806Z	966180.0724870417	write-load	Instant(_value: 3041583.257238833 seconds)	0	2	107	0	1	1	physical	4294969732	disk0	1128583258112	6074931179520	0.0	33840600.66028148	57797413	269001598	true	bytesReason=IOBlockStorageDriver Statistics bytes;operationsReason=IOBlockStorageDriver Statistics operations
delivery	2026-10-03T04:07:34.806Z	966180.0724870417	write-load	Instant(_value: 3041583.257238833 seconds)	0	2	107	0	1	1	delivered	diskActivity									sameReadAt=true
card	2026-10-03T04:07:34.806Z	966180.0724870417	write-load	Optional(Swift.ContinuousClock.Instant(_value: 3041583.257238833 seconds))					1		measured	DiskCard				0.0	33840600.66028148			false	Disk 카드, 정상 측정, 현재 Read 0.0 B/s, Write 32.3 MB/s, 보조 정보 확인됨, 저장 공간 전체 926.4 GB, 사용 가능 764.5 GB, 사용 중은 전체에서 사용 가능을 뺀 값, APFS 공유 공간이며 볼륨별 독점 사용량이 아님
sample	2026-10-03T04:07:35.811Z	966181.0775177501	write-load	Instant(_value: 3041584.2555317907 seconds)	0	2	108	0	1	1	rate	knownPhysical				0.0	33677456.83326758			true	representativeRead=0.0;representativeWrite=33677456.83326758
device	2026-10-03T04:07:35.811Z	966181.0775177501	write-load	Instant(_value: 3041584.2555317907 seconds)	0	2	108	0	1	1	physical	4294969732	disk0	1128583258112	6074964799488	0.0	33677456.83326758	57797413	269001639	true	bytesReason=IOBlockStorageDriver Statistics bytes;operationsReason=IOBlockStorageDriver Statistics operations
delivery	2026-10-03T04:07:35.811Z	966181.0775177501	write-load	Instant(_value: 3041584.2555317907 seconds)	0	2	108	0	1	1	delivered	diskActivity									sameReadAt=true
card	2026-10-03T04:07:35.811Z	966181.0775177501	write-load	Optional(Swift.ContinuousClock.Instant(_value: 3041584.2555317907 seconds))					1		measured	DiskCard				0.0	33677456.83326758			false	Disk 카드, 정상 측정, 현재 Read 0.0 B/s, Write 32.1 MB/s, 보조 정보 확인됨, 저장 공간 전체 926.4 GB, 사용 가능 764.5 GB, 사용 중은 전체에서 사용 가능을 뺀 값, APFS 공유 공간이며 볼륨별 독점 사용량이 아님
sample	2026-10-03T04:07:36.875Z	966182.1415784584	write-load	Instant(_value: 3041585.222183541 seconds)	0	2	109	0	1	1	rate	knownPhysical				0.0	34720491.63517264			true	representativeRead=0.0;representativeWrite=34720491.63517264
device	2026-10-03T04:07:36.875Z	966182.1415784584	write-load	Instant(_value: 3041585.222183541 seconds)	0	2	109	0	1	1	physical	4294969732	disk0	1128583258112	6074998362112	0.0	34720491.63517264	57797413	269001673	true	bytesReason=IOBlockStorageDriver Statistics bytes;operationsReason=IOBlockStorageDriver Statistics operations
delivery	2026-10-03T04:07:36.875Z	966182.1415784584	write-load	Instant(_value: 3041585.222183541 seconds)	0	2	109	0	1	1	delivered	diskActivity									sameReadAt=true
card	2026-10-03T04:07:36.875Z	966182.1415784584	write-load	Optional(Swift.ContinuousClock.Instant(_value: 3041585.222183541 seconds))					1		measured	DiskCard				0.0	34720491.63517264			false	Disk 카드, 정상 측정, 현재 Read 0.0 B/s, Write 33.1 MB/s, 보조 정보 확인됨, 저장 공간 전체 926.4 GB, 사용 가능 764.5 GB, 사용 중은 전체에서 사용 가능을 뺀 값, APFS 공유 공간이며 볼륨별 독점 사용량이 아님
sample	2026-10-03T04:07:37.926Z	966183.1924107084	write-load	Instant(_value: 3041586.2397680827 seconds)	0	2	110	0	1	1	rate	knownPhysical				0.0	32994715.047469735			true	representativeRead=0.0;representativeWrite=32994715.047469735
device	2026-10-03T04:07:37.926Z	966183.1924107084	write-load	Instant(_value: 3041586.2397680827 seconds)	0	2	110	0	1	1	physical	4294969732	disk0	1128583258112	6075031937024	0.0	32994715.047469735	57797413	269001708	true	bytesReason=IOBlockStorageDriver Statistics bytes;operationsReason=IOBlockStorageDriver Statistics operations
delivery	2026-10-03T04:07:37.926Z	966183.1924107084	write-load	Instant(_value: 3041586.2397680827 seconds)	0	2	110	0	1	1	delivered	diskActivity									sameReadAt=true
card	2026-10-03T04:07:37.926Z	966183.1924107084	write-load	Optional(Swift.ContinuousClock.Instant(_value: 3041586.2397680827 seconds))					1		measured	DiskCard				0.0	32994715.047469735			false	Disk 카드, 정상 측정, 현재 Read 0.0 B/s, Write 31.5 MB/s, 보조 정보 확인됨, 저장 공간 전체 926.4 GB, 사용 가능 764.5 GB, 사용 중은 전체에서 사용 가능을 뺀 값, APFS 공유 공간이며 볼륨별 독점 사용량이 아님
sample	2026-10-03T04:07:38.991Z	966184.2570275834	write-load	Instant(_value: 3041587.254022583 seconds)	0	2	111	0	1	1	rate	knownPhysical				0.0	33082852.47933334			true	representativeRead=0.0;representativeWrite=33082852.47933334
device	2026-10-03T04:07:38.991Z	966184.2570275834	write-load	Instant(_value: 3041587.254022583 seconds)	0	2	111	0	1	1	physical	4294969732	disk0	1128583258112	6075065491456	0.0	33082852.47933334	57797413	269001740	true	bytesReason=IOBlockStorageDriver Statistics bytes;operationsReason=IOBlockStorageDriver Statistics operations
delivery	2026-10-03T04:07:38.991Z	966184.2570275834	write-load	Instant(_value: 3041587.254022583 seconds)	0	2	111	0	1	1	delivered	diskActivity									sameReadAt=true
card	2026-10-03T04:07:38.991Z	966184.2570275834	write-load	Optional(Swift.ContinuousClock.Instant(_value: 3041587.254022583 seconds))					1		measured	DiskCard				0.0	33082852.47933334			false	Disk 카드, 정상 측정, 현재 Read 0.0 B/s, Write 31.6 MB/s, 보조 정보 확인됨, 저장 공간 전체 926.4 GB, 사용 가능 764.5 GB, 사용 중은 전체에서 사용 가능을 뺀 값, APFS 공유 공간이며 볼륨별 독점 사용량이 아님
sample	2026-10-03T04:07:40.057Z	966185.323815	write-recovery	Instant(_value: 3041588.2443623752 seconds)	0	2	112	0	1	1	rate	knownPhysical				0.0	33881736.62318115			true	representativeRead=0.0;representativeWrite=33881736.62318115
device	2026-10-03T04:07:40.057Z	966185.323815	write-recovery	Instant(_value: 3041588.2443623752 seconds)	0	2	112	0	1	1	physical	4294969732	disk0	1128583258112	6075099045888	0.0	33881736.62318115	57797413	269001772	true	bytesReason=IOBlockStorageDriver Statistics bytes;operationsReason=IOBlockStorageDriver Statistics operations
delivery	2026-10-03T04:07:40.057Z	966185.323815	write-recovery	Instant(_value: 3041588.2443623752 seconds)	0	2	112	0	1	1	delivered	diskActivity									sameReadAt=true
card	2026-10-03T04:07:40.057Z	966185.323815	write-recovery	Optional(Swift.ContinuousClock.Instant(_value: 3041588.2443623752 seconds))					1		measured	DiskCard				0.0	33881736.62318115			false	Disk 카드, 정상 측정, 현재 Read 0.0 B/s, Write 32.3 MB/s, 보조 정보 확인됨, 저장 공간 전체 926.4 GB, 사용 가능 764.5 GB, 사용 중은 전체에서 사용 가능을 뺀 값, APFS 공유 공간이며 볼륨별 독점 사용량이 아님
sample	2026-10-03T04:07:41.114Z	966186.38059075	write-recovery	Instant(_value: 3041589.250585291 seconds)	0	2	113	0	1	1	rate	knownPhysical				0.0	16710094.485663652			true	representativeRead=0.0;representativeWrite=16710094.485663652
device	2026-10-03T04:07:41.114Z	966186.38059075	write-recovery	Instant(_value: 3041589.250585291 seconds)	0	2	113	0	1	1	physical	4294969732	disk0	1128583258112	6075115859968	0.0	16710094.485663652	57797413	269001790	true	bytesReason=IOBlockStorageDriver Statistics bytes;operationsReason=IOBlockStorageDriver Statistics operations
delivery	2026-10-03T04:07:41.114Z	966186.38059075	write-recovery	Instant(_value: 3041589.250585291 seconds)	0	2	113	0	1	1	delivered	diskActivity									sameReadAt=true
card	2026-10-03T04:07:41.114Z	966186.38059075	write-recovery	Optional(Swift.ContinuousClock.Instant(_value: 3041589.250585291 seconds))					1		measured	DiskCard				0.0	16710094.485663652			false	Disk 카드, 정상 측정, 현재 Read 0.0 B/s, Write 15.9 MB/s, 보조 정보 확인됨, 저장 공간 전체 926.4 GB, 사용 가능 764.5 GB, 사용 중은 전체에서 사용 가능을 뺀 값, APFS 공유 공간이며 볼륨별 독점 사용량이 아님
sample	2026-10-03T04:07:42.179Z	966187.445563375	write-recovery	Instant(_value: 3041590.2535116663 seconds)	0	2	114	0	1	1	rate	knownPhysical				0.0	4084.0485424465983			true	representativeRead=0.0;representativeWrite=4084.0485424465983
device	2026-10-03T04:07:42.179Z	966187.445563375	write-recovery	Instant(_value: 3041590.2535116663 seconds)	0	2	114	0	1	1	physical	4294969732	disk0	1128583258112	6075115864064	0.0	4084.0485424465983	57797413	269001791	true	bytesReason=IOBlockStorageDriver Statistics bytes;operationsReason=IOBlockStorageDriver Statistics operations
delivery	2026-10-03T04:07:42.179Z	966187.445563375	write-recovery	Instant(_value: 3041590.2535116663 seconds)	0	2	114	0	1	1	delivered	diskActivity									sameReadAt=true
card	2026-10-03T04:07:42.179Z	966187.445563375	write-recovery	Optional(Swift.ContinuousClock.Instant(_value: 3041590.2535116663 seconds))					1		measured	DiskCard				0.0	4084.0485424465983			false	Disk 카드, 정상 측정, 현재 Read 0.0 B/s, Write 4.0 KB/s, 보조 정보 확인됨, 저장 공간 전체 926.4 GB, 사용 가능 764.5 GB, 사용 중은 전체에서 사용 가능을 뺀 값, APFS 공유 공간이며 볼륨별 독점 사용량이 아님
sample	2026-10-03T04:07:43.189Z	966188.4552784584	write-recovery	Instant(_value: 3041591.23736725 seconds)	0	2	115	0	1	1	rate	knownPhysical				0.0	0.0			true	representativeRead=0.0;representativeWrite=0.0
device	2026-10-03T04:07:43.189Z	966188.4552784584	write-recovery	Instant(_value: 3041591.23736725 seconds)	0	2	115	0	1	1	physical	4294969732	disk0	1128583258112	6075115864064	0.0	0.0	57797413	269001791	true	bytesReason=IOBlockStorageDriver Statistics bytes;operationsReason=IOBlockStorageDriver Statistics operations
delivery	2026-10-03T04:07:43.189Z	966188.4552784584	write-recovery	Instant(_value: 3041591.23736725 seconds)	0	2	115	0	1	1	delivered	diskActivity									sameReadAt=true
card	2026-10-03T04:07:43.189Z	966188.4552784584	write-recovery	Optional(Swift.ContinuousClock.Instant(_value: 3041591.23736725 seconds))					1		measured	DiskCard				0.0	0.0			false	Disk 카드, 정상 측정, 현재 Read 0.0 B/s, Write 0.0 B/s, 보조 정보 확인됨, 저장 공간 전체 926.4 GB, 사용 가능 764.5 GB, 사용 중은 전체에서 사용 가능을 뺀 값, APFS 공유 공간이며 볼륨별 독점 사용량이 아님
sample	2026-10-03T04:07:44.233Z	966189.4990534583	write-recovery	Instant(_value: 3041592.2462724578 seconds)	0	2	116	0	1	1	rate	knownPhysical				0.0	170513.5414466014			true	representativeRead=0.0;representativeWrite=170513.5414466014
device	2026-10-03T04:07:44.233Z	966189.4990534583	write-recovery	Instant(_value: 3041592.2462724578 seconds)	0	2	116	0	1	1	physical	4294969732	disk0	1128583258112	6075116036096	0.0	170513.5414466014	57797413	269001793	true	bytesReason=IOBlockStorageDriver Statistics bytes;operationsReason=IOBlockStorageDriver Statistics operations
delivery	2026-10-03T04:07:44.233Z	966189.4990534583	write-recovery	Instant(_value: 3041592.2462724578 seconds)	0	2	116	0	1	1	delivered	diskActivity									sameReadAt=true
card	2026-10-03T04:07:44.233Z	966189.4990534583	write-recovery	Optional(Swift.ContinuousClock.Instant(_value: 3041592.2462724578 seconds))					1		measured	DiskCard				0.0	170513.5414466014			false	Disk 카드, 정상 측정, 현재 Read 0.0 B/s, Write 166.5 KB/s, 보조 정보 확인됨, 저장 공간 전체 926.4 GB, 사용 가능 764.5 GB, 사용 중은 전체에서 사용 가능을 뺀 값, APFS 공유 공간이며 볼륨별 독점 사용량이 아님
sample	2026-10-03T04:07:45.289Z	966190.55522125	write-recovery	Instant(_value: 3041593.238737875 seconds)	0	2	117	0	1	1	rate	knownPhysical				0.0	8254.191893922687			true	representativeRead=0.0;representativeWrite=8254.191893922687
device	2026-10-03T04:07:45.289Z	966190.55522125	write-recovery	Instant(_value: 3041593.238737875 seconds)	0	2	117	0	1	1	physical	4294969732	disk0	1128583258112	6075116044288	0.0	8254.191893922687	57797413	269001795	true	bytesReason=IOBlockStorageDriver Statistics bytes;operationsReason=IOBlockStorageDriver Statistics operations
delivery	2026-10-03T04:07:45.289Z	966190.55522125	write-recovery	Instant(_value: 3041593.238737875 seconds)	0	2	117	0	1	1	delivered	diskActivity									sameReadAt=true
card	2026-10-03T04:07:45.289Z	966190.55522125	write-recovery	Optional(Swift.ContinuousClock.Instant(_value: 3041593.238737875 seconds))					1		measured	DiskCard				0.0	8254.191893922687			false	Disk 카드, 정상 측정, 현재 Read 0.0 B/s, Write 8.1 KB/s, 보조 정보 확인됨, 저장 공간 전체 926.4 GB, 사용 가능 764.5 GB, 사용 중은 전체에서 사용 가능을 뺀 값, APFS 공유 공간이며 볼륨별 독점 사용량이 아님
sample	2026-10-03T04:07:46.351Z	966191.617882875	write-recovery	Instant(_value: 3041594.253511958 seconds)	0	2	118	0	1	1	rate	knownPhysical				0.0	44400.03026762362			true	representativeRead=0.0;representativeWrite=44400.03026762362
device	2026-10-03T04:07:46.351Z	966191.617882875	write-recovery	Instant(_value: 3041594.253511958 seconds)	0	2	118	0	1	1	physical	4294969732	disk0	1128583258112	6075116089344	0.0	44400.03026762362	57797413	269001797	true	bytesReason=IOBlockStorageDriver Statistics bytes;operationsReason=IOBlockStorageDriver Statistics operations
delivery	2026-10-03T04:07:46.351Z	966191.617882875	write-recovery	Instant(_value: 3041594.253511958 seconds)	0	2	118	0	1	1	delivered	diskActivity									sameReadAt=true
card	2026-10-03T04:07:46.351Z	966191.617882875	write-recovery	Optional(Swift.ContinuousClock.Instant(_value: 3041594.253511958 seconds))					1		measured	DiskCard				0.0	44400.03026762362			false	Disk 카드, 정상 측정, 현재 Read 0.0 B/s, Write 43.4 KB/s, 보조 정보 확인됨, 저장 공간 전체 926.4 GB, 사용 가능 764.5 GB, 사용 중은 전체에서 사용 가능을 뺀 값, APFS 공유 공간이며 볼륨별 독점 사용량이 아님
sample	2026-10-03T04:07:47.418Z	966192.68437575	write-recovery	Instant(_value: 3041595.2548054997 seconds)	0	2	119	0	1	1	rate	knownPhysical				0.0	0.0			true	representativeRead=0.0;representativeWrite=0.0
device	2026-10-03T04:07:47.418Z	966192.68437575	write-recovery	Instant(_value: 3041595.2548054997 seconds)	0	2	119	0	1	1	physical	4294969732	disk0	1128583258112	6075116089344	0.0	0.0	57797413	269001797	true	bytesReason=IOBlockStorageDriver Statistics bytes;operationsReason=IOBlockStorageDriver Statistics operations
delivery	2026-10-03T04:07:47.418Z	966192.68437575	write-recovery	Instant(_value: 3041595.2548054997 seconds)	0	2	119	0	1	1	delivered	diskActivity									sameReadAt=true
card	2026-10-03T04:07:47.418Z	966192.68437575	write-recovery	Optional(Swift.ContinuousClock.Instant(_value: 3041595.2548054997 seconds))					1		measured	DiskCard				0.0	0.0			false	Disk 카드, 정상 측정, 현재 Read 0.0 B/s, Write 0.0 B/s, 보조 정보 확인됨, 저장 공간 전체 926.4 GB, 사용 가능 764.5 GB, 사용 중은 전체에서 사용 가능을 뺀 값, APFS 공유 공간이며 볼륨별 독점 사용량이 아님
sample	2026-10-03T04:07:48.481Z	966193.7478250418	write-recovery	Instant(_value: 3041596.251311958 seconds)	0	2	120	0	1	1	rate	knownPhysical				0.0	0.0			true	representativeRead=0.0;representativeWrite=0.0
device	2026-10-03T04:07:48.481Z	966193.7478250418	write-recovery	Instant(_value: 3041596.251311958 seconds)	0	2	120	0	1	1	physical	4294969732	disk0	1128583258112	6075116089344	0.0	0.0	57797413	269001797	true	bytesReason=IOBlockStorageDriver Statistics bytes;operationsReason=IOBlockStorageDriver Statistics operations
delivery	2026-10-03T04:07:48.481Z	966193.7478250418	write-recovery	Instant(_value: 3041596.251311958 seconds)	0	2	120	0	1	1	delivered	diskActivity									sameReadAt=true
card	2026-10-03T04:07:48.481Z	966193.7478250418	write-recovery	Optional(Swift.ContinuousClock.Instant(_value: 3041596.251311958 seconds))					1		measured	DiskCard				0.0	0.0			false	Disk 카드, 정상 측정, 현재 Read 0.0 B/s, Write 0.0 B/s, 보조 정보 확인됨, 저장 공간 전체 926.4 GB, 사용 가능 764.5 GB, 사용 중은 전체에서 사용 가능을 뺀 값, APFS 공유 공간이며 볼륨별 독점 사용량이 아님
sample	2026-10-03T04:07:49.626Z	966194.892324625	write-recovery	Instant(_value: 3041597.237110041 seconds)	0	2	121	0	1	1	rate	knownPhysical				0.0	1670313.6559051313			true	representativeRead=0.0;representativeWrite=1670313.6559051313
device	2026-10-03T04:07:49.626Z	966194.892324625	write-recovery	Instant(_value: 3041597.237110041 seconds)	0	2	121	0	1	1	physical	4294969732	disk0	1128583258112	6075117735936	0.0	1670313.6559051313	57797413	269001830	true	bytesReason=IOBlockStorageDriver Statistics bytes;operationsReason=IOBlockStorageDriver Statistics operations
delivery	2026-10-03T04:07:49.626Z	966194.892324625	write-recovery	Instant(_value: 3041597.237110041 seconds)	0	2	121	0	1	1	delivered	diskActivity									sameReadAt=true
card	2026-10-03T04:07:49.626Z	966194.892324625	write-recovery	Optional(Swift.ContinuousClock.Instant(_value: 3041597.237110041 seconds))					1		measured	DiskCard				0.0	1670313.6559051313			false	Disk 카드, 정상 측정, 현재 Read 0.0 B/s, Write 1.6 MB/s, 보조 정보 확인됨, 저장 공간 전체 926.4 GB, 사용 가능 764.5 GB, 사용 중은 전체에서 사용 가능을 뺀 값, APFS 공유 공간이며 볼륨별 독점 사용량이 아님
sample	2026-10-03T04:07:50.671Z	966195.9374668334	write-recovery	Instant(_value: 3041598.2111114156 seconds)	0	2	122	0	1	1	rate	knownPhysical				0.0	3301186.304793461			true	representativeRead=0.0;representativeWrite=3301186.304793461
device	2026-10-03T04:07:50.671Z	966195.9374668334	write-recovery	Instant(_value: 3041598.2111114156 seconds)	0	2	122	0	1	1	physical	4294969732	disk0	1128583258112	6075120951296	0.0	3301186.304793461	57797413	269002041	true	bytesReason=IOBlockStorageDriver Statistics bytes;operationsReason=IOBlockStorageDriver Statistics operations
delivery	2026-10-03T04:07:50.671Z	966195.9374668334	write-recovery	Instant(_value: 3041598.2111114156 seconds)	0	2	122	0	1	1	delivered	diskActivity									sameReadAt=true
card	2026-10-03T04:07:50.671Z	966195.9374668334	write-recovery	Optional(Swift.ContinuousClock.Instant(_value: 3041598.2111114156 seconds))					1		measured	DiskCard				0.0	3301186.304793461			false	Disk 카드, 정상 측정, 현재 Read 0.0 B/s, Write 3.1 MB/s, 보조 정보 확인됨, 저장 공간 전체 926.4 GB, 사용 가능 764.5 GB, 사용 중은 전체에서 사용 가능을 뺀 값, APFS 공유 공간이며 볼륨별 독점 사용량이 아님
sample	2026-10-03T04:07:51.777Z	966197.0435782084	write-recovery	Instant(_value: 3041600.253217291 seconds)	0	2	124	0	1	1	rate	knownPhysical				0.0	20805.495041697508			true	representativeRead=0.0;representativeWrite=20805.495041697508
device	2026-10-03T04:07:51.777Z	966197.0435782084	write-recovery	Instant(_value: 3041600.253217291 seconds)	0	2	124	0	1	1	physical	4294969732	disk0	1128583258112	6075121016832	0.0	20805.495041697508	57797413	269002045	true	bytesReason=IOBlockStorageDriver Statistics bytes;operationsReason=IOBlockStorageDriver Statistics operations
delivery	2026-10-03T04:07:51.777Z	966197.0435782084	write-recovery	Instant(_value: 3041600.253217291 seconds)	0	2	124	0	1	1	delivered	diskActivity									sameReadAt=true
card	2026-10-03T04:07:51.777Z	966197.0435782084	write-recovery	Optional(Swift.ContinuousClock.Instant(_value: 3041600.253217291 seconds))					1		measured	DiskCard				0.0	20805.495041697508			false	Disk 카드, 정상 측정, 현재 Read 0.0 B/s, Write 20.3 KB/s, 보조 정보 확인됨, 저장 공간 전체 926.4 GB, 사용 가능 764.5 GB, 사용 중은 전체에서 사용 가능을 뺀 값, APFS 공유 공간이며 볼륨별 독점 사용량이 아님
sample	2026-10-03T04:07:52.845Z	966198.1110603334	write-recovery	Instant(_value: 3041601.2566112913 seconds)	0	2	125	0	1	1	rate	knownPhysical				8164.290398387872	8164.290398387872			true	representativeRead=8164.290398387872;representativeWrite=8164.290398387872
device	2026-10-03T04:07:52.845Z	966198.1110603334	write-recovery	Instant(_value: 3041601.2566112913 seconds)	0	2	125	0	1	1	physical	4294969732	disk0	1128583266304	6075121025024	8164.290398387872	8164.290398387872	57797415	269002047	true	bytesReason=IOBlockStorageDriver Statistics bytes;operationsReason=IOBlockStorageDriver Statistics operations
delivery	2026-10-03T04:07:52.845Z	966198.1110603334	write-recovery	Instant(_value: 3041601.2566112913 seconds)	0	2	125	0	1	1	delivered	diskActivity									sameReadAt=true
card	2026-10-03T04:07:52.845Z	966198.1110603334	write-recovery	Optional(Swift.ContinuousClock.Instant(_value: 3041601.2566112913 seconds))					1		measured	DiskCard				8164.290398387872	8164.290398387872			false	Disk 카드, 정상 측정, 현재 Read 8.0 KB/s, Write 8.0 KB/s, 보조 정보 확인됨, 저장 공간 전체 926.4 GB, 사용 가능 764.5 GB, 사용 중은 전체에서 사용 가능을 뺀 값, APFS 공유 공간이며 볼륨별 독점 사용량이 아님
sample	2026-10-03T04:07:53.909Z	966199.1753944583	write-recovery	Instant(_value: 3041602.195714375 seconds)	0	2	126	0	1	1	rate	knownPhysical				0.0	231165.2508639829			true	representativeRead=0.0;representativeWrite=231165.2508639829
device	2026-10-03T04:07:53.909Z	966199.1753944583	write-recovery	Instant(_value: 3041602.195714375 seconds)	0	2	126	0	1	1	physical	4294969732	disk0	1128583266304	6075121242112	0.0	231165.2508639829	57797415	269002049	true	bytesReason=IOBlockStorageDriver Statistics bytes;operationsReason=IOBlockStorageDriver Statistics operations
delivery	2026-10-03T04:07:53.909Z	966199.1753944583	write-recovery	Instant(_value: 3041602.195714375 seconds)	0	2	126	0	1	1	delivered	diskActivity									sameReadAt=true
card	2026-10-03T04:07:53.909Z	966199.1753944583	write-recovery	Optional(Swift.ContinuousClock.Instant(_value: 3041602.195714375 seconds))					1		measured	DiskCard				0.0	231165.2508639829			false	Disk 카드, 정상 측정, 현재 Read 0.0 B/s, Write 225.7 KB/s, 보조 정보 확인됨, 저장 공간 전체 926.4 GB, 사용 가능 764.5 GB, 사용 중은 전체에서 사용 가능을 뺀 값, APFS 공유 공간이며 볼륨별 독점 사용량이 아님
sample	2026-10-03T04:07:54.972Z	966200.2382916667	write-recovery	Instant(_value: 3041603.2560109156 seconds)	0	2	127	0	1	1	rate	knownPhysical				0.0	0.0			true	representativeRead=0.0;representativeWrite=0.0
device	2026-10-03T04:07:54.972Z	966200.2382916667	write-recovery	Instant(_value: 3041603.2560109156 seconds)	0	2	127	0	1	1	physical	4294969732	disk0	1128583266304	6075121242112	0.0	0.0	57797415	269002049	true	bytesReason=IOBlockStorageDriver Statistics bytes;operationsReason=IOBlockStorageDriver Statistics operations
delivery	2026-10-03T04:07:54.972Z	966200.2382916667	write-recovery	Instant(_value: 3041603.2560109156 seconds)	0	2	127	0	1	1	delivered	diskActivity									sameReadAt=true
card	2026-10-03T04:07:54.972Z	966200.2382916667	write-recovery	Optional(Swift.ContinuousClock.Instant(_value: 3041603.2560109156 seconds))					1		measured	DiskCard				0.0	0.0			false	Disk 카드, 정상 측정, 현재 Read 0.0 B/s, Write 0.0 B/s, 보조 정보 확인됨, 저장 공간 전체 926.4 GB, 사용 가능 764.5 GB, 사용 중은 전체에서 사용 가능을 뺀 값, APFS 공유 공간이며 볼륨별 독점 사용량이 아님
