Command line invocation:
    /Applications/Xcode.app/Contents/Developer/usr/bin/xcodebuild test -project ResourceRunner.xcodeproj -scheme ResourceRunner -configuration Debug -destination platform=macOS,arch=arm64 -parallel-testing-enabled NO "-only-testing:ResourceRunnerUITests/SettingsWindowUITests" "-skip-testing:ResourceRunnerUITests/SettingsWindowUITests/testReleaseBuildRightClickOpensSingleSettingsWindow" "-only-testing:ResourceRunnerUITests/StatusItemAccessibilityUITests" "-only-testing:ResourceRunnerUITests/DashboardPreferencesVisibilityUITests" "-only-testing:ResourceRunnerUITests/DashboardViewportUITests" "-only-testing:ResourceRunnerUITests/DashboardCardSelectionUITests" -derivedDataPath /tmp/rr-m4-task009-derived -resultBundlePath /tmp/rr-m4-task009-ui.xcresult CODE_SIGNING_ALLOWED=YES

Build settings from command line:
    CODE_SIGNING_ALLOWED = YES

2026-10-04 15:51:06.556 xcodebuild[44119:52637050] [MT] IDERunDestination: Supported platforms for the buildables in the current scheme is empty.
Writing result bundle at path:
	/tmp/rr-m4-task009-ui.xcresult

ComputePackagePrebuildTargetDependencyGraph

Prepare packages

CreateBuildRequest

SendProjectDescription

CreateBuildOperation

ComputeTargetDependencyGraph
note: Building targets in dependency order
note: Target dependency graph (3 targets)
    Target 'ResourceRunnerTests' in project 'ResourceRunner'
        ➜ Explicit dependency on target 'ResourceRunner' in project 'ResourceRunner'
    Target 'ResourceRunnerUITests' in project 'ResourceRunner'
        ➜ Explicit dependency on target 'ResourceRunner' in project 'ResourceRunner'
    Target 'ResourceRunner' in project 'ResourceRunner' (no dependencies)

GatherProvisioningInputs

CreateBuildDescription

ExecuteExternalTool /Applications/Xcode.app/Contents/Developer/Toolchains/XcodeDefault.xctoolchain/usr/bin/clang -v -E -dM -isysroot /Applications/Xcode.app/Contents/Developer/Platforms/MacOSX.platform/Developer/SDKs/MacOSX26.5.sdk -x c -c /dev/null

ExecuteExternalTool /Applications/Xcode.app/Contents/Developer/Toolchains/XcodeDefault.xctoolchain/usr/bin/swiftc --version

ExecuteExternalTool /Applications/Xcode.app/Contents/Developer/usr/bin/actool --version --output-format xml1

ExecuteExternalTool /Applications/Xcode.app/Contents/Developer/Toolchains/XcodeDefault.xctoolchain/usr/bin/ld -version_details

Build description signature: 9095194e05271f6d095c8a75aec388d6
Build description path: /tmp/rr-m4-task009-derived/Build/Intermediates.noindex/XCBuildData/9095194e05271f6d095c8a75aec388d6.xcbuilddata
ClangStatCache /Applications/Xcode.app/Contents/Developer/Toolchains/XcodeDefault.xctoolchain/usr/bin/clang-stat-cache /Applications/Xcode.app/Contents/Developer/Platforms/MacOSX.platform/Developer/SDKs/MacOSX26.5.sdk /tmp/rr-m4-task009-derived/SDKStatCaches.noindex/macosx26.5-25F70-e082c4a02f00227109f4ed75e425c832.sdkstatcache
    cd /Users/zipkero/XcodeProjects/ResourceRunner/ResourceRunner.xcodeproj
    /Applications/Xcode.app/Contents/Developer/Toolchains/XcodeDefault.xctoolchain/usr/bin/clang-stat-cache /Applications/Xcode.app/Contents/Developer/Platforms/MacOSX.platform/Developer/SDKs/MacOSX26.5.sdk -o /tmp/rr-m4-task009-derived/SDKStatCaches.noindex/macosx26.5-25F70-e082c4a02f00227109f4ed75e425c832.sdkstatcache

CopySwiftLibs /tmp/rr-m4-task009-derived/Build/Products/Debug/ResourceRunner.app (in target 'ResourceRunner' from project 'ResourceRunner')
    cd /Users/zipkero/XcodeProjects/ResourceRunner
    builtin-swiftStdLibTool --copy --verbose --sign - --scan-executable /tmp/rr-m4-task009-derived/Build/Products/Debug/ResourceRunner.app/Contents/MacOS/ResourceRunner.debug.dylib --scan-folder /tmp/rr-m4-task009-derived/Build/Products/Debug/ResourceRunner.app/Contents/Frameworks --scan-folder /tmp/rr-m4-task009-derived/Build/Products/Debug/ResourceRunner.app/Contents/PlugIns --scan-folder /tmp/rr-m4-task009-derived/Build/Products/Debug/ResourceRunner.app/Contents/Library/SystemExtensions --scan-folder /tmp/rr-m4-task009-derived/Build/Products/Debug/ResourceRunner.app/Contents/Extensions --platform macosx --toolchain /Applications/Xcode.app/Contents/Developer/Toolchains/XcodeDefault.xctoolchain --destination /tmp/rr-m4-task009-derived/Build/Products/Debug/ResourceRunner.app/Contents/Frameworks --strip-bitcode --strip-bitcode-tool /Applications/Xcode.app/Contents/Developer/Toolchains/XcodeDefault.xctoolchain/usr/bin/bitcode_strip --emit-dependency-info /tmp/rr-m4-task009-derived/Build/Intermediates.noindex/ResourceRunner.build/Debug/ResourceRunner.build/SwiftStdLibToolInputDependencies.dep --filter-for-swift-os

ProcessInfoPlistFile /tmp/rr-m4-task009-derived/Build/Products/Debug/ResourceRunner.app/Contents/Info.plist /tmp/rr-m4-task009-derived/Build/Intermediates.noindex/ResourceRunner.build/Debug/ResourceRunner.build/empty-ResourceRunner.plist (in target 'ResourceRunner' from project 'ResourceRunner')
    cd /Users/zipkero/XcodeProjects/ResourceRunner
    builtin-infoPlistUtility /tmp/rr-m4-task009-derived/Build/Intermediates.noindex/ResourceRunner.build/Debug/ResourceRunner.build/empty-ResourceRunner.plist -producttype com.apple.product-type.application -genpkginfo /tmp/rr-m4-task009-derived/Build/Products/Debug/ResourceRunner.app/Contents/PkgInfo -expandbuildsettings -platform macosx -additionalcontentfile /tmp/rr-m4-task009-derived/Build/Intermediates.noindex/ResourceRunner.build/Debug/ResourceRunner.build/assetcatalog_generated_info.plist -o /tmp/rr-m4-task009-derived/Build/Products/Debug/ResourceRunner.app/Contents/Info.plist

ProcessInfoPlistFile /tmp/rr-m4-task009-derived/Build/Products/Debug/ResourceRunner.app/Contents/PlugIns/ResourceRunnerTests.xctest/Contents/Info.plist /tmp/rr-m4-task009-derived/Build/Intermediates.noindex/ResourceRunner.build/Debug/ResourceRunnerTests.build/empty-ResourceRunnerTests.plist (in target 'ResourceRunnerTests' from project 'ResourceRunner')
    cd /Users/zipkero/XcodeProjects/ResourceRunner
    builtin-infoPlistUtility /tmp/rr-m4-task009-derived/Build/Intermediates.noindex/ResourceRunner.build/Debug/ResourceRunnerTests.build/empty-ResourceRunnerTests.plist -producttype com.apple.product-type.bundle.unit-test -expandbuildsettings -platform macosx -o /tmp/rr-m4-task009-derived/Build/Products/Debug/ResourceRunner.app/Contents/PlugIns/ResourceRunnerTests.xctest/Contents/Info.plist

CopySwiftLibs /tmp/rr-m4-task009-derived/Build/Products/Debug/ResourceRunner.app/Contents/PlugIns/ResourceRunnerTests.xctest (in target 'ResourceRunnerTests' from project 'ResourceRunner')
    cd /Users/zipkero/XcodeProjects/ResourceRunner
    builtin-swiftStdLibTool --copy --verbose --sign - --scan-executable /tmp/rr-m4-task009-derived/Build/Products/Debug/ResourceRunner.app/Contents/PlugIns/ResourceRunnerTests.xctest/Contents/MacOS/ResourceRunnerTests --scan-folder /tmp/rr-m4-task009-derived/Build/Products/Debug/ResourceRunner.app/Contents/PlugIns/ResourceRunnerTests.xctest/Contents/Frameworks --scan-folder /tmp/rr-m4-task009-derived/Build/Products/Debug/ResourceRunner.app/Contents/PlugIns/ResourceRunnerTests.xctest/Contents/PlugIns --scan-folder /tmp/rr-m4-task009-derived/Build/Products/Debug/ResourceRunner.app/Contents/PlugIns/ResourceRunnerTests.xctest/Contents/Library/SystemExtensions --scan-folder /tmp/rr-m4-task009-derived/Build/Products/Debug/ResourceRunner.app/Contents/PlugIns/ResourceRunnerTests.xctest/Contents/Extensions --platform macosx --toolchain /Applications/Xcode.app/Contents/Developer/Toolchains/XcodeDefault.xctoolchain --destination /tmp/rr-m4-task009-derived/Build/Products/Debug/ResourceRunner.app/Contents/PlugIns/ResourceRunnerTests.xctest/Contents/Frameworks --strip-bitcode --scan-executable /Applications/Xcode.app/Contents/Developer/Platforms/MacOSX.platform/Developer/usr/lib/libXCTestSwiftSupport.dylib --strip-bitcode-tool /Applications/Xcode.app/Contents/Developer/Toolchains/XcodeDefault.xctoolchain/usr/bin/bitcode_strip --emit-dependency-info /tmp/rr-m4-task009-derived/Build/Intermediates.noindex/ResourceRunner.build/Debug/ResourceRunnerTests.build/SwiftStdLibToolInputDependencies.dep --filter-for-swift-os

CodeSign /tmp/rr-m4-task009-derived/Build/Products/Debug/ResourceRunner.app/Contents/MacOS/ResourceRunner.debug.dylib (in target 'ResourceRunner' from project 'ResourceRunner')
    cd /Users/zipkero/XcodeProjects/ResourceRunner
    
    Signing Identity:     "Sign to Run Locally"
    
    /usr/bin/codesign --force --sign - --timestamp\=none --generate-entitlement-der /tmp/rr-m4-task009-derived/Build/Products/Debug/ResourceRunner.app/Contents/MacOS/ResourceRunner.debug.dylib
/tmp/rr-m4-task009-derived/Build/Products/Debug/ResourceRunner.app/Contents/MacOS/ResourceRunner.debug.dylib: replacing existing signature

CodeSign /tmp/rr-m4-task009-derived/Build/Products/Debug/ResourceRunner.app/Contents/MacOS/__preview.dylib (in target 'ResourceRunner' from project 'ResourceRunner')
    cd /Users/zipkero/XcodeProjects/ResourceRunner
    
    Signing Identity:     "Sign to Run Locally"
    
    /usr/bin/codesign --force --sign - --timestamp\=none --generate-entitlement-der /tmp/rr-m4-task009-derived/Build/Products/Debug/ResourceRunner.app/Contents/MacOS/__preview.dylib
/tmp/rr-m4-task009-derived/Build/Products/Debug/ResourceRunner.app/Contents/MacOS/__preview.dylib: replacing existing signature

CodeSign /tmp/rr-m4-task009-derived/Build/Products/Debug/ResourceRunner.app (in target 'ResourceRunner' from project 'ResourceRunner')
    cd /Users/zipkero/XcodeProjects/ResourceRunner
    
    Signing Identity:     "Sign to Run Locally"
    
    /usr/bin/codesign --force --sign - --entitlements /tmp/rr-m4-task009-derived/Build/Intermediates.noindex/ResourceRunner.build/Debug/ResourceRunner.build/ResourceRunner.app.xcent --timestamp\=none --generate-entitlement-der /tmp/rr-m4-task009-derived/Build/Products/Debug/ResourceRunner.app
/tmp/rr-m4-task009-derived/Build/Products/Debug/ResourceRunner.app: replacing existing signature

Validate /tmp/rr-m4-task009-derived/Build/Products/Debug/ResourceRunner.app (in target 'ResourceRunner' from project 'ResourceRunner')
    cd /Users/zipkero/XcodeProjects/ResourceRunner
    builtin-validationUtility /tmp/rr-m4-task009-derived/Build/Products/Debug/ResourceRunner.app -no-validate-extension -infoplist-subpath Contents/Info.plist

RegisterWithLaunchServices /tmp/rr-m4-task009-derived/Build/Products/Debug/ResourceRunner.app (in target 'ResourceRunner' from project 'ResourceRunner')
    cd /Users/zipkero/XcodeProjects/ResourceRunner
    /System/Library/Frameworks/CoreServices.framework/Versions/Current/Frameworks/LaunchServices.framework/Versions/Current/Support/lsregister -f -R -trusted /tmp/rr-m4-task009-derived/Build/Products/Debug/ResourceRunner.app

note: Run script build phase 'Prepare expansion fixture' will be run during every build because the option to run the script phase "Based on dependency analysis" is unchecked. (in target 'ResourceRunnerUITests' from project 'ResourceRunner')
PhaseScriptExecution Prepare\ expansion\ fixture /tmp/rr-m4-task009-derived/Build/Intermediates.noindex/ResourceRunner.build/Debug/ResourceRunnerUITests.build/Script-E20000000000000000000001.sh (in target 'ResourceRunnerUITests' from project 'ResourceRunner')
    cd /Users/zipkero/XcodeProjects/ResourceRunner
    export ACTION\=build
    export AD_HOC_CODE_SIGNING_ALLOWED\=YES
    export ALLOW_BUILD_REQUEST_OVERRIDES\=NO
    export ALLOW_TARGET_PLATFORM_SPECIALIZATION\=NO
    export ALTERNATE_GROUP\=staff
    export ALTERNATE_MODE\=u+w,go-w,a+rX
    export ALTERNATE_OWNER\=zipkero
    export ALTERNATIVE_DISTRIBUTION_WEB\=NO
    export ALWAYS_EMBED_SWIFT_STANDARD_LIBRARIES\=NO
    export ALWAYS_SEARCH_USER_PATHS\=NO
    export ALWAYS_USE_SEPARATE_HEADERMAPS\=NO
    export APPLICATION_EXTENSION_API_ONLY\=NO
    export APPLY_RULES_IN_COPY_FILES\=NO
    export APPLY_RULES_IN_COPY_HEADERS\=NO
    export APP_SHORTCUTS_ENABLE_FLEXIBLE_MATCHING\=YES
    export ARCHS\=arm64
    export ARCHS_BASE\=arm64
    export ARCHS_STANDARD\=arm64\ x86_64
    export ARCHS_STANDARD_32_64_BIT\=arm64\ x86_64\ i386
    export ARCHS_STANDARD_32_BIT\=i386
    export ARCHS_STANDARD_64_BIT\=arm64\ x86_64
    export ARCHS_STANDARD_INCLUDING_64_BIT\=arm64\ x86_64
    export ASSETCATALOG_COMPILER_GENERATE_SWIFT_ASSET_SYMBOL_EXTENSIONS\=YES
    export AUTOMATICALLY_MERGE_DEPENDENCIES\=NO
    export AUTOMATION_APPLE_EVENTS\=NO
    export AVAILABLE_PLATFORMS\=android\ appletvos\ appletvsimulator\ driverkit\ freebsd\ iphoneos\ iphonesimulator\ linux\ macosx\ none\ openbsd\ qnx\ watchos\ watchsimulator\ webassembly\ xros\ xrsimulator
    export BUILD_ACTIVE_RESOURCES_ONLY\=NO
    export BUILD_COMPONENTS\=headers\ build
    export BUILD_DIR\=/tmp/rr-m4-task009-derived/Build/Products
    export BUILD_LIBRARY_FOR_DISTRIBUTION\=NO
    export BUILD_ONLY_KNOWN_LOCALIZATIONS\=NO
    export BUILD_ROOT\=/tmp/rr-m4-task009-derived/Build/Products
    export BUILD_STYLE\=
    export BUILD_VARIANTS\=normal
    export BUILT_PRODUCTS_DIR\=/tmp/rr-m4-task009-derived/Build/Products/Debug
    export BUNDLE_CONTENTS_FOLDER_PATH\=Contents/
    export BUNDLE_CONTENTS_FOLDER_PATH_deep\=Contents/
    export BUNDLE_EXECUTABLE_FOLDER_NAME_deep\=MacOS
    export BUNDLE_EXECUTABLE_FOLDER_PATH\=Contents/MacOS
    export BUNDLE_EXTENSIONS_FOLDER_PATH\=Contents/Extensions
    export BUNDLE_FORMAT\=deep
    export BUNDLE_FRAMEWORKS_FOLDER_PATH\=Contents/Frameworks
    export BUNDLE_PLUGINS_FOLDER_PATH\=Contents/PlugIns
    export BUNDLE_PRIVATE_HEADERS_FOLDER_PATH\=Contents/PrivateHeaders
    export BUNDLE_PUBLIC_HEADERS_FOLDER_PATH\=Contents/Headers
    export CACHE_ROOT\=/var/folders/dk/wdd8br81397gt8_3sby166cc0000gn/C/com.apple.DeveloperTools/26.6-17F113/Xcode
    export CCHROOT\=/var/folders/dk/wdd8br81397gt8_3sby166cc0000gn/C/com.apple.DeveloperTools/26.6-17F113/Xcode
    export CHMOD\=/bin/chmod
    export CHOWN\=chown
    export CLANG_ANALYZER_NONNULL\=YES
    export CLANG_ANALYZER_NUMBER_OBJECT_CONVERSION\=YES_AGGRESSIVE
    export CLANG_CACHE_FINE_GRAINED_OUTPUTS\=YES
    export CLANG_COVERAGE_MAPPING\=YES
    export CLANG_CXX_LANGUAGE_STANDARD\=gnu++20
    export CLANG_ENABLE_EXPLICIT_MODULES\=YES
    export CLANG_ENABLE_MODULES\=YES
    export CLANG_ENABLE_OBJC_ARC\=YES
    export CLANG_ENABLE_OBJC_WEAK\=YES
    export CLANG_MODULES_BUILD_SESSION_FILE\=/tmp/rr-m4-task009-derived/ModuleCache.noindex/Session.modulevalidation
    export CLANG_PROFILE_DATA_DIRECTORY\=/tmp/rr-m4-task009-derived/Build/ProfileData
    export CLANG_WARN_BLOCK_CAPTURE_AUTORELEASING\=YES
    export CLANG_WARN_BOOL_CONVERSION\=YES
    export CLANG_WARN_COMMA\=YES
    export CLANG_WARN_CONSTANT_CONVERSION\=YES
    export CLANG_WARN_DEPRECATED_OBJC_IMPLEMENTATIONS\=YES
    export CLANG_WARN_DIRECT_OBJC_ISA_USAGE\=YES_ERROR
    export CLANG_WARN_DOCUMENTATION_COMMENTS\=YES
    export CLANG_WARN_EMPTY_BODY\=YES
    export CLANG_WARN_ENUM_CONVERSION\=YES
    export CLANG_WARN_INFINITE_RECURSION\=YES
    export CLANG_WARN_INT_CONVERSION\=YES
    export CLANG_WARN_NON_LITERAL_NULL_CONVERSION\=YES
    export CLANG_WARN_OBJC_IMPLICIT_RETAIN_SELF\=YES
    export CLANG_WARN_OBJC_LITERAL_CONVERSION\=YES
    export CLANG_WARN_OBJC_ROOT_CLASS\=YES_ERROR
    export CLANG_WARN_QUOTED_INCLUDE_IN_FRAMEWORK_HEADER\=YES
    export CLANG_WARN_RANGE_LOOP_ANALYSIS\=YES
    export CLANG_WARN_STRICT_PROTOTYPES\=YES
    export CLANG_WARN_SUSPICIOUS_MOVE\=YES
    export CLANG_WARN_UNGUARDED_AVAILABILITY\=YES_AGGRESSIVE
    export CLANG_WARN_UNREACHABLE_CODE\=YES
    export CLANG_WARN__DUPLICATE_METHOD_MATCH\=YES
    export CLASS_FILE_DIR\=/tmp/rr-m4-task009-derived/Build/Intermediates.noindex/ResourceRunner.build/Debug/ResourceRunnerUITests.build/JavaClasses
    export CLEAN_PRECOMPS\=YES
    export CLONE_HEADERS\=NO
    export CODESIGNING_FOLDER_PATH\=/tmp/rr-m4-task009-derived/Build/Products/Debug/ResourceRunnerUITests-Runner.app/Contents/PlugIns/ResourceRunnerUITests.xctest
    export CODE_SIGNING_ALLOWED\=YES
    export CODE_SIGNING_REQUIRED\=YES
    export CODE_SIGN_IDENTITY\=-
    export CODE_SIGN_IDENTITY_NO\=Apple\ Development
    export CODE_SIGN_IDENTITY_YES\=-
    export CODE_SIGN_INJECT_BASE_ENTITLEMENTS\=YES
    export CODE_SIGN_STYLE\=Automatic
    export COLOR_DIAGNOSTICS\=NO
    export COMBINE_HIDPI_IMAGES\=NO
    export COMPILATION_CACHE_CAS_PATH\=/tmp/rr-m4-task009-derived/CompilationCache.noindex
    export COMPILATION_CACHE_KEEP_CAS_DIRECTORY\=YES
    export COMPILER_INDEX_STORE_ENABLE\=Default
    export COMPOSITE_SDK_DIRS\=/tmp/rr-m4-task009-derived/Build/Intermediates.noindex/CompositeSDKs
    export COMPRESS_PNG_FILES\=NO
    export CONFIGURATION\=Debug
    export CONFIGURATION_BUILD_DIR\=/tmp/rr-m4-task009-derived/Build/Products/Debug
    export CONFIGURATION_TEMP_DIR\=/tmp/rr-m4-task009-derived/Build/Intermediates.noindex/ResourceRunner.build/Debug
    export CONTENTS_FOLDER_PATH\=ResourceRunnerUITests.xctest/Contents
    export CONTENTS_FOLDER_PATH_SHALLOW_BUNDLE_NO\=ResourceRunnerUITests.xctest/Contents
    export CONTENTS_FOLDER_PATH_SHALLOW_BUNDLE_YES\=ResourceRunnerUITests.xctest
    export COPYING_PRESERVES_HFS_DATA\=NO
    export COPY_HEADERS_RUN_UNIFDEF\=NO
    export COPY_PHASE_STRIP\=NO
    export CP\=/bin/cp
    export CREATE_INFOPLIST_SECTION_IN_BINARY\=NO
    export CURRENT_ARCH\=undefined_arch
    export CURRENT_PROJECT_VERSION\=1
    export CURRENT_VARIANT\=normal
    export DEAD_CODE_STRIPPING\=NO
    export DEBUGGING_SYMBOLS\=YES
    export DEBUG_INFORMATION_FORMAT\=dwarf
    export DEBUG_INFORMATION_VERSION\=compiler-default
    export DEFAULT_COMPILER\=com.apple.compilers.llvm.clang.1_0
    export DEFAULT_DEXT_INSTALL_PATH\=/System/Library/DriverExtensions
    export DEFAULT_KEXT_INSTALL_PATH\=/System/Library/Extensions
    export DEFINES_MODULE\=NO
    export DEPLOYMENT_LOCATION\=NO
    export DEPLOYMENT_POSTPROCESSING\=NO
    export DEPLOYMENT_TARGET_SETTING_NAME\=MACOSX_DEPLOYMENT_TARGET
    export DEPLOYMENT_TARGET_SUGGESTED_VALUES\=10.13\ 10.14\ 10.15\ 11.0\ 11.1\ 11.2\ 11.3\ 11.4\ 11.5\ 12.0\ 12.2\ 12.3\ 12.4\ 13.0\ 13.1\ 13.2\ 13.3\ 13.4\ 13.5\ 14.0\ 14.1\ 14.2\ 14.3\ 14.4\ 14.5\ 14.6\ 15.0\ 15.1\ 15.2\ 15.3\ 15.4\ 15.5\ 15.6\ 26.0\ 26.1\ 26.2\ 26.3\ 26.4\ 26.5
    export DERIVED_FILES_DIR\=/tmp/rr-m4-task009-derived/Build/Intermediates.noindex/ResourceRunner.build/Debug/ResourceRunnerUITests.build/DerivedSources
    export DERIVED_FILE_DIR\=/tmp/rr-m4-task009-derived/Build/Intermediates.noindex/ResourceRunner.build/Debug/ResourceRunnerUITests.build/DerivedSources
    export DERIVED_SOURCES_DIR\=/tmp/rr-m4-task009-derived/Build/Intermediates.noindex/ResourceRunner.build/Debug/ResourceRunnerUITests.build/DerivedSources
    export DEVELOPER_APPLICATIONS_DIR\=/Applications/Xcode.app/Contents/Developer/Applications
    export DEVELOPER_BIN_DIR\=/Applications/Xcode.app/Contents/Developer/usr/bin
    export DEVELOPER_DIR\=/Applications/Xcode.app/Contents/Developer
    export DEVELOPER_FRAMEWORKS_DIR\=/Applications/Xcode.app/Contents/Developer/Library/Frameworks
    export DEVELOPER_FRAMEWORKS_DIR_QUOTED\=/Applications/Xcode.app/Contents/Developer/Library/Frameworks
    export DEVELOPER_LIBRARY_DIR\=/Applications/Xcode.app/Contents/Developer/Library
    export DEVELOPER_SDK_DIR\=/Applications/Xcode.app/Contents/Developer/Platforms/MacOSX.platform/Developer/SDKs
    export DEVELOPER_TOOLS_DIR\=/Applications/Xcode.app/Contents/Developer/Tools
    export DEVELOPER_USR_DIR\=/Applications/Xcode.app/Contents/Developer/usr
    export DEVELOPMENT_LANGUAGE\=en
    export DIAGNOSE_MISSING_TARGET_DEPENDENCIES\=YES
    export DIFF\=/usr/bin/diff
    export DOCUMENTATION_FOLDER_PATH\=ResourceRunnerUITests.xctest/Contents/Resources/en.lproj/Documentation
    export DONT_GENERATE_INFOPLIST_FILE\=NO
    export DSTROOT\=/tmp/ResourceRunner.dst
    export DT_TOOLCHAIN_DIR\=/Applications/Xcode.app/Contents/Developer/Toolchains/XcodeDefault.xctoolchain
    export DUMP_DEPENDENCIES\=NO
    export DUMP_DEPENDENCIES_OUTPUT_PATH\=/tmp/rr-m4-task009-derived/Build/Intermediates.noindex/ResourceRunner.build/Debug/ResourceRunnerUITests.build/ResourceRunnerUITests-BuildDependencyInfo.json
    export DWARF_DSYM_FILE_NAME\=ResourceRunnerUITests.xctest.dSYM
    export DWARF_DSYM_FILE_SHOULD_ACCOMPANY_PRODUCT\=NO
    export DWARF_DSYM_FOLDER_PATH\=/tmp/rr-m4-task009-derived/Build/Products/Debug/ResourceRunnerUITests-Runner.app/Contents/PlugIns
    export DYNAMIC_LIBRARY_EXTENSION\=dylib
    export EAGER_COMPILATION_ALLOW_SCRIPTS\=NO
    export EAGER_LINKING\=NO
    export EFFECTIVE_SWIFT_VERSION\=5
    export EMBEDDED_CONTENT_CONTAINS_SWIFT\=NO
    export EMBEDDED_PROFILE_NAME\=embedded.provisionprofile
    export EMBED_ASSET_PACKS_IN_PRODUCT_BUNDLE\=NO
    export ENABLE_APP_SANDBOX\=NO
    export ENABLE_CODE_COVERAGE\=YES
    export ENABLE_COHORT_ARCHS\=NO
    export ENABLE_CPLUSPLUS_BOUNDS_SAFE_BUFFERS\=NO
    export ENABLE_C_BOUNDS_SAFETY\=NO
    export ENABLE_DEFAULT_HEADER_SEARCH_PATHS\=YES
    export ENABLE_DEFAULT_SEARCH_PATHS\=YES
    export ENABLE_ENHANCED_SECURITY\=NO
    export ENABLE_HARDENED_RUNTIME\=NO
    export ENABLE_HEADER_DEPENDENCIES\=YES
    export ENABLE_INCOMING_NETWORK_CONNECTIONS\=NO
    export ENABLE_ON_DEMAND_RESOURCES\=NO
    export ENABLE_OUTGOING_NETWORK_CONNECTIONS\=NO
    export ENABLE_POINTER_AUTHENTICATION\=NO
    export ENABLE_PREVIEWS\=NO
    export ENABLE_RESOURCE_ACCESS_AUDIO_INPUT\=NO
    export ENABLE_RESOURCE_ACCESS_BLUETOOTH\=NO
    export ENABLE_RESOURCE_ACCESS_CALENDARS\=NO
    export ENABLE_RESOURCE_ACCESS_CAMERA\=NO
    export ENABLE_RESOURCE_ACCESS_CONTACTS\=NO
    export ENABLE_RESOURCE_ACCESS_LOCATION\=NO
    export ENABLE_RESOURCE_ACCESS_PHOTO_LIBRARY\=NO
    export ENABLE_RESOURCE_ACCESS_PRINTING\=NO
    export ENABLE_RESOURCE_ACCESS_USB\=NO
    export ENABLE_SDK_IMPORTS\=NO
    export ENABLE_SECURITY_COMPILER_WARNINGS\=NO
    export ENABLE_STRICT_OBJC_MSGSEND\=YES
    export ENABLE_TESTABILITY\=YES
    export ENABLE_TESTING_SEARCH_PATHS\=YES
    export ENABLE_USER_SCRIPT_SANDBOXING\=NO
    export ENABLE_XOJIT_PREVIEWS\=YES
    export ENFORCE_VALID_ARCHS\=YES
    export ENTITLEMENTS_DESTINATION\=Signature
    export ENTITLEMENTS_REQUIRED\=YES
    export EXCLUDED_INSTALLSRC_SUBDIRECTORY_PATTERNS\=.DS_Store\ .svn\ .git\ .hg\ CVS
    export EXCLUDED_RECURSIVE_SEARCH_PATH_SUBDIRECTORIES\=\*.nib\ \*.lproj\ \*.framework\ \*.gch\ \*.xcode\*\ \*.xcassets\ \*.icon\ \(\*\)\ .DS_Store\ CVS\ .svn\ .git\ .hg\ \*.pbproj\ \*.pbxproj
    export EXECUTABLES_FOLDER_PATH\=ResourceRunnerUITests.xctest/Contents/Executables
    export EXECUTABLE_FOLDER_PATH\=ResourceRunnerUITests.xctest/Contents/MacOS
    export EXECUTABLE_FOLDER_PATH_SHALLOW_BUNDLE_NO\=ResourceRunnerUITests.xctest/Contents/MacOS
    export EXECUTABLE_FOLDER_PATH_SHALLOW_BUNDLE_YES\=ResourceRunnerUITests.xctest/Contents
    export EXECUTABLE_NAME\=ResourceRunnerUITests
    export EXECUTABLE_PATH\=ResourceRunnerUITests.xctest/Contents/MacOS/ResourceRunnerUITests
    export EXPANDED_CODE_SIGN_IDENTITY\=-
    export EXPANDED_CODE_SIGN_IDENTITY_NAME\=Sign\ to\ Run\ Locally
    export EXTENSIONS_FOLDER_PATH\=ResourceRunnerUITests.xctest/Contents/Extensions
    export FILE_LIST\=/tmp/rr-m4-task009-derived/Build/Intermediates.noindex/ResourceRunner.build/Debug/ResourceRunnerUITests.build/Objects/LinkFileList
    export FIXED_FILES_DIR\=/tmp/rr-m4-task009-derived/Build/Intermediates.noindex/ResourceRunner.build/Debug/ResourceRunnerUITests.build/FixedFiles
    export FRAMEWORKS_FOLDER_PATH\=ResourceRunnerUITests.xctest/Contents/Frameworks
    export FRAMEWORK_FLAG_PREFIX\=-framework
    export FRAMEWORK_SEARCH_PATHS\=/tmp/rr-m4-task009-derived/Build/Products/Debug\ 
    export FRAMEWORK_VERSION\=A
    export FULL_PRODUCT_NAME\=ResourceRunnerUITests.xctest
    export FUSE_BUILD_PHASES\=YES
    export FUSE_BUILD_SCRIPT_PHASES\=NO
    export GCC3_VERSION\=3.3
    export GCC_C_LANGUAGE_STANDARD\=gnu17
    export GCC_DYNAMIC_NO_PIC\=NO
    export GCC_INLINES_ARE_PRIVATE_EXTERN\=YES
    export GCC_NO_COMMON_BLOCKS\=YES
    export GCC_OPTIMIZATION_LEVEL\=0
    export GCC_PFE_FILE_C_DIALECTS\=c\ objective-c\ c++\ objective-c++
    export GCC_PREPROCESSOR_DEFINITIONS\=DEBUG\=1\ 
    export GCC_TREAT_WARNINGS_AS_ERRORS\=NO
    export GCC_VERSION\=com.apple.compilers.llvm.clang.1_0
    export GCC_VERSION_IDENTIFIER\=com_apple_compilers_llvm_clang_1_0
    export GCC_WARN_64_TO_32_BIT_CONVERSION\=YES
    export GCC_WARN_ABOUT_RETURN_TYPE\=YES_ERROR
    export GCC_WARN_UNDECLARED_SELECTOR\=YES
    export GCC_WARN_UNINITIALIZED_AUTOS\=YES_AGGRESSIVE
    export GCC_WARN_UNUSED_FUNCTION\=YES
    export GCC_WARN_UNUSED_VARIABLE\=YES
    export GENERATED_MODULEMAP_DIR\=/tmp/rr-m4-task009-derived/Build/Intermediates.noindex/GeneratedModuleMaps
    export GENERATED_TEST_ENTRY_POINT_PATH\=/tmp/rr-m4-task009-derived/Build/Intermediates.noindex/ResourceRunner.build/Debug/ResourceRunnerUITests.build/DerivedSources/test_entry_point.swift
    export GENERATE_INFOPLIST_FILE\=YES
    export GENERATE_INTERMEDIATE_TEXT_BASED_STUBS\=YES
    export GENERATE_PKGINFO_FILE\=NO
    export GENERATE_PRELINK_OBJECT_FILE\=NO
    export GENERATE_PROFILING_CODE\=NO
    export GENERATE_TEXT_BASED_STUBS\=NO
    export GID\=20
    export GROUP\=staff
    export HEADERMAP_INCLUDES_FLAT_ENTRIES_FOR_TARGET_BEING_BUILT\=YES
    export HEADERMAP_INCLUDES_FRAMEWORK_ENTRIES_FOR_ALL_PRODUCT_TYPES\=YES
    export HEADERMAP_INCLUDES_FRAMEWORK_ENTRIES_FOR_TARGETS_NOT_BEING_BUILT\=YES
    export HEADERMAP_INCLUDES_NONPUBLIC_NONPRIVATE_HEADERS\=YES
    export HEADERMAP_INCLUDES_PROJECT_HEADERS\=YES
    export HEADERMAP_USES_FRAMEWORK_PREFIX_ENTRIES\=YES
    export HEADERMAP_USES_VFS\=NO
    export HEADER_SEARCH_PATHS\=/tmp/rr-m4-task009-derived/Build/Products/Debug/include\ 
    export HOME\=/Users/zipkero
    export HOST_ARCH\=arm64
    export HOST_PLATFORM\=macosx
    export ICONV\=/usr/bin/iconv
    export IMPLICIT_DEPENDENCY_DOMAIN\=default
    export INDEX_STORE_COMPRESS\=NO
    export INDEX_STORE_ONLY_PROJECT_FILES\=NO
    export INFOPLIST_ENABLE_CFBUNDLEICONS_MERGE\=YES
    export INFOPLIST_EXPAND_BUILD_SETTINGS\=YES
    export INFOPLIST_OUTPUT_FORMAT\=same-as-input
    export INFOPLIST_PATH\=ResourceRunnerUITests.xctest/Contents/Info.plist
    export INFOPLIST_PREPROCESS\=NO
    export INFOSTRINGS_PATH\=ResourceRunnerUITests.xctest/Contents/Resources/en.lproj/InfoPlist.strings
    export INLINE_PRIVATE_FRAMEWORKS\=NO
    export INSTALLAPI_IGNORE_SKIP_INSTALL\=YES
    export INSTALLHDRS_COPY_PHASE\=NO
    export INSTALLHDRS_SCRIPT_PHASE\=NO
    export INSTALL_DIR\=/tmp/ResourceRunner.dst
    export INSTALL_GROUP\=staff
    export INSTALL_MODE_FLAG\=u+w,go-w,a+rX
    export INSTALL_OWNER\=zipkero
    export INSTALL_ROOT\=/tmp/ResourceRunner.dst
    export IOS_UNZIPPERED_TWIN_PREFIX_PATH\=/System/iOSSupport
    export IS_MACCATALYST\=NO
    export IS_UNOPTIMIZED_BUILD\=YES
    export JAVAC_DEFAULT_FLAGS\=-J-Xms64m\ -J-XX:NewSize\=4M\ -J-Dfile.encoding\=UTF8
    export JAVA_APP_STUB\=/System/Library/Frameworks/JavaVM.framework/Resources/MacOS/JavaApplicationStub
    export JAVA_ARCHIVE_CLASSES\=YES
    export JAVA_ARCHIVE_TYPE\=JAR
    export JAVA_COMPILER\=/usr/bin/javac
    export JAVA_FOLDER_PATH\=ResourceRunnerUITests.xctest/Contents/Resources/Java
    export JAVA_FRAMEWORK_RESOURCES_DIRS\=Resources
    export JAVA_JAR_FLAGS\=cv
    export JAVA_SOURCE_SUBDIR\=.
    export JAVA_USE_DEPENDENCIES\=YES
    export JAVA_ZIP_FLAGS\=-urg
    export JIKES_DEFAULT_FLAGS\=+E\ +OLDCSO
    export KASAN_CFLAGS_CLASSIC\=-DKASAN\=1\ -DKASAN_CLASSIC\=1\ -fsanitize\=address\ -mllvm\ -asan-globals-live-support\ -mllvm\ -asan-force-dynamic-shadow
    export KASAN_CFLAGS_TBI\=-DKASAN\=1\ -DKASAN_TBI\=1\ -fsanitize\=kernel-hwaddress\ -mllvm\ -hwasan-recover\=0\ -mllvm\ -hwasan-instrument-atomics\=0\ -mllvm\ -hwasan-instrument-stack\=1\ -mllvm\ -hwasan-generate-tags-with-calls\=1\ -mllvm\ -hwasan-instrument-with-calls\=1\ -mllvm\ -hwasan-use-short-granules\=0\ -mllvm\ -hwasan-memory-access-callback-prefix\=__asan_
    export KASAN_DEFAULT_CFLAGS\=-DKASAN\=1\ -DKASAN_CLASSIC\=1\ -fsanitize\=address\ -mllvm\ -asan-globals-live-support\ -mllvm\ -asan-force-dynamic-shadow
    export KEEP_PRIVATE_EXTERNS\=NO
    export LD_DEPENDENCY_INFO_FILE\=/tmp/rr-m4-task009-derived/Build/Intermediates.noindex/ResourceRunner.build/Debug/ResourceRunnerUITests.build/Objects-normal/undefined_arch/ResourceRunnerUITests_dependency_info.dat
    export LD_EXPORT_SYMBOLS\=YES
    export LD_GENERATE_MAP_FILE\=NO
    export LD_MAP_FILE_PATH\=/tmp/rr-m4-task009-derived/Build/Intermediates.noindex/ResourceRunner.build/Debug/ResourceRunnerUITests.build/ResourceRunnerUITests-LinkMap-normal-undefined_arch.txt
    export LD_NO_PIE\=NO
    export LD_QUOTE_LINKER_ARGUMENTS_FOR_COMPILER_DRIVER\=YES
    export LD_RUNPATH_SEARCH_PATHS\=\ @loader_path/../Frameworks
    export LD_RUNPATH_SEARCH_PATHS_SHALLOW_BUNDLE_NO\=@loader_path/../Frameworks
    export LD_RUNPATH_SEARCH_PATHS_SHALLOW_BUNDLE_YES\=@loader_path/Frameworks
    export LD_SHARED_CACHE_ELIGIBLE\=Automatic
    export LD_WARN_DUPLICATE_LIBRARIES\=NO
    export LD_WARN_UNUSED_DYLIBS\=NO
    export LEGACY_DEVELOPER_DIR\=/Applications/Xcode.app/Contents/PlugIns/Xcode3Core.ideplugin/Contents/SharedSupport/Developer
    export LEX\=lex
    export LIBRARY_DEXT_INSTALL_PATH\=/Library/DriverExtensions
    export LIBRARY_FLAG_NOSPACE\=YES
    export LIBRARY_FLAG_PREFIX\=-l
    export LIBRARY_KEXT_INSTALL_PATH\=/Library/Extensions
    export LIBRARY_SEARCH_PATHS\=/tmp/rr-m4-task009-derived/Build/Products/Debug\ \ \ /Applications/Xcode.app/Contents/Developer/Platforms/MacOSX.platform/Developer/usr/lib
    export LINKER_DISPLAYS_MANGLED_NAMES\=NO
    export LINK_FILE_LIST_normal_arm64\=/tmp/rr-m4-task009-derived/Build/Intermediates.noindex/ResourceRunner.build/Debug/ResourceRunnerUITests.build/Objects-normal/arm64/ResourceRunnerUITests.LinkFileList
    export LINK_OBJC_RUNTIME\=YES
    export LINK_WITH_STANDARD_LIBRARIES\=YES
    export LLVM_TARGET_TRIPLE_OS_VERSION\=macos26.5
    export LLVM_TARGET_TRIPLE_OS_VERSION_NO\=macos26.5
    export LLVM_TARGET_TRIPLE_OS_VERSION_YES\=macos26.5
    export LLVM_TARGET_TRIPLE_VENDOR\=apple
    export LM_AUX_CONST_METADATA_LIST_PATH_normal_arm64\=/tmp/rr-m4-task009-derived/Build/Intermediates.noindex/ResourceRunner.build/Debug/ResourceRunnerUITests.build/Objects-normal/arm64/ResourceRunnerUITests.SwiftConstValuesFileList
    export LOCALIZATION_EXPORT_SUPPORTED\=YES
    export LOCALIZATION_PREFERS_STRING_CATALOGS\=YES
    export LOCALIZED_RESOURCES_FOLDER_PATH\=ResourceRunnerUITests.xctest/Contents/Resources/en.lproj
    export LOCALIZED_STRING_CODE_COMMENTS\=NO
    export LOCALIZED_STRING_MACRO_NAMES\=NSLocalizedString\ CFCopyLocalizedString
    export LOCALIZED_STRING_SWIFTUI_SUPPORT\=YES
    export LOCAL_ADMIN_APPS_DIR\=/Applications/Utilities
    export LOCAL_APPS_DIR\=/Applications
    export LOCAL_DEVELOPER_DIR\=/Library/Developer
    export LOCAL_LIBRARY_DIR\=/Library
    export LOCROOT\=/Users/zipkero/XcodeProjects/ResourceRunner
    export LOCSYMROOT\=/Users/zipkero/XcodeProjects/ResourceRunner
    export MACH_O_TYPE\=mh_bundle
    export MACOSX_DEPLOYMENT_TARGET\=26.5
    export MAC_OS_X_PRODUCT_BUILD_VERSION\=25G83
    export MAC_OS_X_VERSION_ACTUAL\=260602
    export MAC_OS_X_VERSION_MAJOR\=260000
    export MAC_OS_X_VERSION_MINOR\=260600
    export MAKE_MERGEABLE\=NO
    export MARKETING_VERSION\=1.0
    export MERGEABLE_LIBRARY\=NO
    export MERGED_BINARY_TYPE\=none
    export MERGE_LINKED_LIBRARIES\=NO
    export METAL_LIBRARY_FILE_BASE\=default
    export METAL_LIBRARY_OUTPUT_DIR\=/tmp/rr-m4-task009-derived/Build/Products/Debug/ResourceRunnerUITests-Runner.app/Contents/PlugIns/ResourceRunnerUITests.xctest/Contents/Resources
    export MODULES_FOLDER_PATH\=ResourceRunnerUITests.xctest/Contents/Modules
    export MODULE_CACHE_DIR\=/tmp/rr-m4-task009-derived/ModuleCache.noindex
    export MTL_ENABLE_DEBUG_INFO\=INCLUDE_SOURCE
    export MTL_FAST_MATH\=YES
    export NATIVE_ARCH\=arm64
    export NATIVE_ARCH_32_BIT\=arm
    export NATIVE_ARCH_64_BIT\=arm64
    export NATIVE_ARCH_ACTUAL\=arm64
    export NO_COMMON\=YES
    export OBJECT_FILE_DIR\=/tmp/rr-m4-task009-derived/Build/Intermediates.noindex/ResourceRunner.build/Debug/ResourceRunnerUITests.build/Objects
    export OBJECT_FILE_DIR_normal\=/tmp/rr-m4-task009-derived/Build/Intermediates.noindex/ResourceRunner.build/Debug/ResourceRunnerUITests.build/Objects-normal
    export OBJROOT\=/tmp/rr-m4-task009-derived/Build/Intermediates.noindex
    export ONLY_ACTIVE_ARCH\=YES
    export OS\=MACOS
    export OSAC\=/usr/bin/osacompile
    export OTHER_SWIFT_FLAGS\=\ -module-alias\ Testing\=_Testing_Unavailable\ -plugin-path\ /Applications/Xcode.app/Contents/Developer/Toolchains/XcodeDefault.xctoolchain/usr/lib/swift/host/plugins/testing
    export PACKAGE_TYPE\=com.apple.package-type.bundle.unit-test
    export PASCAL_STRINGS\=YES
    export PATH\=/Applications/Xcode.app/Contents/SharedFrameworks/SwiftBuild.framework/Versions/A/PlugIns/SWBBuildService.bundle/Contents/PlugIns/SWBUniversalPlatformPlugin.bundle/Contents/Frameworks/SWBUniversalPlatform.framework/Resources:/Applications/Xcode.app/Contents/Developer/Toolchains/XcodeDefault.xctoolchain/usr/bin:/Applications/Xcode.app/Contents/Developer/Toolchains/XcodeDefault.xctoolchain/usr/local/bin:/Applications/Xcode.app/Contents/Developer/Toolchains/XcodeDefault.xctoolchain/usr/libexec:/Applications/Xcode.app/Contents/Developer/Platforms/MacOSX.platform/usr/bin:/Applications/Xcode.app/Contents/Developer/Platforms/MacOSX.platform/usr/local/bin:/Applications/Xcode.app/Contents/Developer/Platforms/MacOSX.platform/Developer/usr/bin:/Applications/Xcode.app/Contents/Developer/Platforms/MacOSX.platform/Developer/usr/local/bin:/Applications/Xcode.app/Contents/Developer/usr/bin:/Applications/Xcode.app/Contents/Developer/usr/local/bin:/Users/zipkero/.codex/packages/standalone/releases/0.160.0-aarch64-apple-darwin/codex-path:/Users/zipkero/.nvm/versions/node/v24.15.0/bin:/Users/zipkero/.local/bin:/usr/local/bin:/System/Cryptexes/App/usr/bin:/usr/bin:/bin:/usr/sbin:/sbin:/var/run/com.apple.security.cryptexd/codex.system/bootstrap/usr/local/bin:/var/run/com.apple.security.cryptexd/codex.system/bootstrap/usr/bin:/var/run/com.apple.security.cryptexd/codex.system/bootstrap/usr/appleinternal/bin:/pkg/env/global/bin:/Library/Apple/usr/bin:/usr/local/share/dotnet:/opt/homebrew/bin:/Users/zipkero/.codex/tmp/arg0/codex-arg0CjU73n:/Applications/Orca.app/Contents/Resources/bin:/Users/zipkero/Library/Application\ Support/JetBrains/Toolbox/scripts:/Users/zipkero/.orbstack/bin:/Users/zipkero/go/bin:/Users/zipkero/.volta/bin:/Users/zipkero/.asdf/shims:/Users/zipkero/.fnm/aliases/default/bin:/Users/zipkero/.local/share/mise/shims:/Users/zipkero/Library/pnpm:/Users/zipkero/.yarn/bin:/Users/zipkero/.bun/bin:/opt/homebrew/sbin:/usr/local/sbin:/nix/var/nix/profiles/default/bin:/Users/zipkero/bin:/Users/zipkero/.nix-profile/bin:/Users/zipkero/.opencode/bin:/Users/zipkero/.vite-plus/bin
    export PATH_PREFIXES_EXCLUDED_FROM_HEADER_DEPENDENCIES\=/usr/include\ /usr/local/include\ /System/Library/Frameworks\ /System/Library/PrivateFrameworks\ /Applications/Xcode.app/Contents/Developer/Headers\ /Applications/Xcode.app/Contents/Developer/SDKs\ /Applications/Xcode.app/Contents/Developer/Platforms
    export PBDEVELOPMENTPLIST_PATH\=ResourceRunnerUITests.xctest/Contents/pbdevelopment.plist
    export PER_ARCH_MODULE_FILE_DIR\=/tmp/rr-m4-task009-derived/Build/Intermediates.noindex/ResourceRunner.build/Debug/ResourceRunnerUITests.build/Objects-normal/undefined_arch
    export PER_ARCH_OBJECT_FILE_DIR\=/tmp/rr-m4-task009-derived/Build/Intermediates.noindex/ResourceRunner.build/Debug/ResourceRunnerUITests.build/Objects-normal/undefined_arch
    export PER_VARIANT_OBJECT_FILE_DIR\=/tmp/rr-m4-task009-derived/Build/Intermediates.noindex/ResourceRunner.build/Debug/ResourceRunnerUITests.build/Objects-normal
    export PKGINFO_FILE_PATH\=/tmp/rr-m4-task009-derived/Build/Intermediates.noindex/ResourceRunner.build/Debug/ResourceRunnerUITests.build/PkgInfo
    export PKGINFO_PATH\=ResourceRunnerUITests.xctest/Contents/PkgInfo
    export PLATFORM_DEVELOPER_APPLICATIONS_DIR\=/Applications/Xcode.app/Contents/Developer/Applications
    export PLATFORM_DEVELOPER_BIN_DIR\=/Applications/Xcode.app/Contents/Developer/usr/bin
    export PLATFORM_DEVELOPER_LIBRARY_DIR\=/Applications/Xcode.app/Contents/Developer/Library
    export PLATFORM_DEVELOPER_SDK_DIR\=/Applications/Xcode.app/Contents/Developer/Platforms/MacOSX.platform/Developer/SDKs
    export PLATFORM_DEVELOPER_TOOLS_DIR\=/Applications/Xcode.app/Contents/Developer/Tools
    export PLATFORM_DEVELOPER_USR_DIR\=/Applications/Xcode.app/Contents/Developer/usr
    export PLATFORM_DIR\=/Applications/Xcode.app/Contents/Developer/Platforms/MacOSX.platform
    export PLATFORM_DISPLAY_NAME\=macOS
    export PLATFORM_FAMILY_NAME\=macOS
    export PLATFORM_NAME\=macosx
    export PLATFORM_PREFERRED_ARCH\=x86_64
    export PLATFORM_PRODUCT_BUILD_VERSION\=25F70
    export PLATFORM_REQUIRES_SWIFT_AUTOLINK_EXTRACT\=NO
    export PLATFORM_REQUIRES_SWIFT_MODULEWRAP\=NO
    export PLATFORM_USES_DSYMS\=YES
    export PLIST_FILE_OUTPUT_FORMAT\=same-as-input
    export PLUGINS_FOLDER_PATH\=ResourceRunnerUITests.xctest/Contents/PlugIns
    export PRECOMPS_INCLUDE_HEADERS_FROM_BUILT_PRODUCTS_DIR\=YES
    export PRECOMP_DESTINATION_DIR\=/tmp/rr-m4-task009-derived/Build/Intermediates.noindex/ResourceRunner.build/Debug/ResourceRunnerUITests.build/PrefixHeaders
    export PRIVATE_HEADERS_FOLDER_PATH\=ResourceRunnerUITests.xctest/Contents/PrivateHeaders
    export PROCESSED_INFOPLIST_PATH\=/tmp/rr-m4-task009-derived/Build/Intermediates.noindex/ResourceRunner.build/Debug/ResourceRunnerUITests.build/Objects-normal/undefined_arch/Processed-Info.plist
    export PRODUCT_BUNDLE_IDENTIFIER\=com.zipkero.ResourceRunnerUITests
    export PRODUCT_BUNDLE_PACKAGE_TYPE\=BNDL
    export PRODUCT_MODULE_NAME\=ResourceRunnerUITests
    export PRODUCT_NAME\=ResourceRunnerUITests
    export PRODUCT_SETTINGS_PATH\=
    export PRODUCT_SPECIFIC_LDFLAGS\=-Xlinker\ -needed_framework\ -Xlinker\ XCTest\ -framework\ XCTest\ -Xlinker\ -needed-lXCTestSwiftSupport\ -lXCTestSwiftSupport
    export PRODUCT_TYPE\=com.apple.product-type.bundle.ui-testing
    export PRODUCT_TYPE_SWIFT_STDLIB_TOOL_FLAGS\=--scan-executable\ \"/Applications/Xcode.app/Contents/Developer/Platforms/MacOSX.platform/Developer/usr/lib/libXCTestSwiftSupport.dylib\"
    export PROFILING_CODE\=NO
    export PROJECT\=ResourceRunner
    export PROJECT_DERIVED_FILE_DIR\=/tmp/rr-m4-task009-derived/Build/Intermediates.noindex/ResourceRunner.build/DerivedSources
    export PROJECT_DIR\=/Users/zipkero/XcodeProjects/ResourceRunner
    export PROJECT_FILE_PATH\=/Users/zipkero/XcodeProjects/ResourceRunner/ResourceRunner.xcodeproj
    export PROJECT_GUID\=8c3503f0990367d409751a2585fa2393
    export PROJECT_NAME\=ResourceRunner
    export PROJECT_TEMP_DIR\=/tmp/rr-m4-task009-derived/Build/Intermediates.noindex/ResourceRunner.build
    export PROJECT_TEMP_ROOT\=/tmp/rr-m4-task009-derived/Build/Intermediates.noindex
    export PROVISIONING_PROFILE_DESTINATION_PATH\=/tmp/rr-m4-task009-derived/Build/Products/Debug/ResourceRunnerUITests-Runner.app/Contents/PlugIns/..
    export PROVISIONING_PROFILE_REQUIRED\=NO
    export PROVISIONING_PROFILE_SUPPORTED\=YES
    export PUBLIC_HEADERS_FOLDER_PATH\=ResourceRunnerUITests.xctest/Contents/Headers
    export RECOMMENDED_MACOSX_DEPLOYMENT_TARGET\=11.0
    export RECURSIVE_SEARCH_PATHS_FOLLOW_SYMLINKS\=YES
    export REMOVE_CVS_FROM_RESOURCES\=YES
    export REMOVE_GIT_FROM_RESOURCES\=YES
    export REMOVE_HEADERS_FROM_EMBEDDED_BUNDLES\=YES
    export REMOVE_HG_FROM_RESOURCES\=YES
    export REMOVE_STATIC_EXECUTABLES_FROM_EMBEDDED_BUNDLES\=YES
    export REMOVE_SVN_FROM_RESOURCES\=YES
    export RESCHEDULE_INDEPENDENT_HEADERS_PHASES\=YES
    export REZ_COLLECTOR_DIR\=/tmp/rr-m4-task009-derived/Build/Intermediates.noindex/ResourceRunner.build/Debug/ResourceRunnerUITests.build/ResourceManagerResources
    export REZ_OBJECTS_DIR\=/tmp/rr-m4-task009-derived/Build/Intermediates.noindex/ResourceRunner.build/Debug/ResourceRunnerUITests.build/ResourceManagerResources/Objects
    export REZ_SEARCH_PATHS\=/tmp/rr-m4-task009-derived/Build/Products/Debug\ 
    export RPATH_ORIGIN\=@loader_path
    export RUNTIME_EXCEPTION_ALLOW_DYLD_ENVIRONMENT_VARIABLES\=NO
    export RUNTIME_EXCEPTION_ALLOW_JIT\=NO
    export RUNTIME_EXCEPTION_ALLOW_UNSIGNED_EXECUTABLE_MEMORY\=NO
    export RUNTIME_EXCEPTION_DEBUGGING_TOOL\=NO
    export RUNTIME_EXCEPTION_DISABLE_EXECUTABLE_PAGE_PROTECTION\=NO
    export RUNTIME_EXCEPTION_DISABLE_LIBRARY_VALIDATION\=NO
    export SCANNING_PCM_KEEP_CACHE_DIRECTORY\=YES
    export SCAN_ALL_SOURCE_FILES_FOR_INCLUDES\=NO
    export SCRIPTS_FOLDER_PATH\=ResourceRunnerUITests.xctest/Contents/Resources/Scripts
    export SCRIPT_INPUT_FILE_0\=/Users/zipkero/XcodeProjects/ResourceRunner/ResourceRunnerUITests/ExpansionProcessFixture.cfixture
    export SCRIPT_INPUT_FILE_COUNT\=1
    export SCRIPT_INPUT_FILE_LIST_COUNT\=0
    export SCRIPT_OUTPUT_FILE_0\=/tmp/rr-m4-task009-derived/Build/Products/Debug/ResourceRunnerExpansionFixture
    export SCRIPT_OUTPUT_FILE_COUNT\=1
    export SCRIPT_OUTPUT_FILE_LIST_COUNT\=0
    export SDKROOT\=/Applications/Xcode.app/Contents/Developer/Platforms/MacOSX.platform/Developer/SDKs/MacOSX26.5.sdk
    export SDK_DIR\=/Applications/Xcode.app/Contents/Developer/Platforms/MacOSX.platform/Developer/SDKs/MacOSX26.5.sdk
    export SDK_DIR_macosx\=/Applications/Xcode.app/Contents/Developer/Platforms/MacOSX.platform/Developer/SDKs/MacOSX26.5.sdk
    export SDK_DIR_macosx26_5\=/Applications/Xcode.app/Contents/Developer/Platforms/MacOSX.platform/Developer/SDKs/MacOSX26.5.sdk
    export SDK_NAME\=macosx26.5
    export SDK_NAMES\=macosx26.5
    export SDK_PRODUCT_BUILD_VERSION\=25F70
    export SDK_STAT_CACHE_DIR\=/tmp/rr-m4-task009-derived
    export SDK_STAT_CACHE_ENABLE\=YES
    export SDK_STAT_CACHE_PATH\=/tmp/rr-m4-task009-derived/SDKStatCaches.noindex/macosx26.5-25F70-e082c4a02f00227109f4ed75e425c832.sdkstatcache
    export SDK_VERSION\=26.5
    export SDK_VERSION_ACTUAL\=260500
    export SDK_VERSION_MAJOR\=260000
    export SDK_VERSION_MINOR\=260500
    export SED\=/usr/bin/sed
    export SEPARATE_STRIP\=NO
    export SEPARATE_SYMBOL_EDIT\=NO
    export SET_DIR_MODE_OWNER_GROUP\=YES
    export SET_FILE_MODE_OWNER_GROUP\=NO
    export SHALLOW_BUNDLE\=NO
    export SHALLOW_BUNDLE_PLATFORM\=NO
    export SHALLOW_BUNDLE_TRIPLE\=macos
    export SHALLOW_BUNDLE_ios_macabi\=NO
    export SHALLOW_BUNDLE_macos\=NO
    export SHARED_DERIVED_FILE_DIR\=/tmp/rr-m4-task009-derived/Build/Products/Debug/DerivedSources
    export SHARED_FRAMEWORKS_FOLDER_PATH\=ResourceRunnerUITests.xctest/Contents/SharedFrameworks
    export SHARED_PRECOMPS_DIR\=/tmp/rr-m4-task009-derived/Build/Intermediates.noindex/PrecompiledHeaders
    export SHARED_SUPPORT_FOLDER_PATH\=ResourceRunnerUITests.xctest/Contents/SharedSupport
    export SKIP_INSTALL\=YES
    export SKIP_MERGEABLE_LIBRARY_BUNDLE_HOOK\=NO
    export SOURCE_ROOT\=/Users/zipkero/XcodeProjects/ResourceRunner
    export SRCROOT\=/Users/zipkero/XcodeProjects/ResourceRunner
    export STRINGSDATA_DIR\=/tmp/rr-m4-task009-derived/Build/Intermediates.noindex/ResourceRunner.build/Debug/ResourceRunnerUITests.build/Objects-normal/undefined_arch
    export STRINGSDATA_ROOT\=/tmp/rr-m4-task009-derived/Build/Intermediates.noindex/ResourceRunner.build/Debug/ResourceRunnerUITests.build
    export STRINGS_FILE_INFOPLIST_RENAME\=YES
    export STRINGS_FILE_OUTPUT_ENCODING\=UTF-16
    export STRING_CATALOG_GENERATE_SYMBOLS\=NO
    export STRIP_BITCODE_FROM_COPIED_FILES\=NO
    export STRIP_INSTALLED_PRODUCT\=NO
    export STRIP_PNG_TEXT\=NO
    export STRIP_STYLE\=non-global
    export STRIP_SWIFT_SYMBOLS\=YES
    export SUPPORTED_PLATFORMS\=macosx
    export SUPPORTS_TEXT_BASED_API\=NO
    export SUPPRESS_WARNINGS\=NO
    export SWIFT_ACTIVE_COMPILATION_CONDITIONS\=DEBUG\ 
    export SWIFT_APPROACHABLE_CONCURRENCY\=YES
    export SWIFT_EMIT_CONST_VALUE_PROTOCOLS\=AnyResolverProviding\ AppEntity\ AppEnum\ AppExtension\ AppIntent\ AppIntentsPackage\ AppShortcutProviding\ AppShortcutsProvider\ AppUnionValue\ AppUnionValueCasesProviding\ DynamicOptionsProvider\ EntityQuery\ ExtensionPointDefining\ IntentValueQuery\ Resolver\ TransientEntity\ _AssistantIntentsProvider\ _GenerativeFunctionExtractable\ _IntentValueRepresentable
    export SWIFT_EMIT_LOC_STRINGS\=NO
    export SWIFT_ENABLE_EXPLICIT_MODULES\=YES
    export SWIFT_OPTIMIZATION_LEVEL\=-Onone
    export SWIFT_PLATFORM_TARGET_PREFIX\=macos
    export SWIFT_RESPONSE_FILE_PATH_normal_arm64\=/tmp/rr-m4-task009-derived/Build/Intermediates.noindex/ResourceRunner.build/Debug/ResourceRunnerUITests.build/Objects-normal/arm64/ResourceRunnerUITests.SwiftFileList
    export SWIFT_UPCOMING_FEATURE_MEMBER_IMPORT_VISIBILITY\=YES
    export SWIFT_VERSION\=5.0
    export SYMROOT\=/tmp/rr-m4-task009-derived/Build/Products
    export SYSTEM_ADMIN_APPS_DIR\=/Applications/Utilities
    export SYSTEM_APPS_DIR\=/Applications
    export SYSTEM_CORE_SERVICES_DIR\=/System/Library/CoreServices
    export SYSTEM_DEMOS_DIR\=/Applications/Extras
    export SYSTEM_DEVELOPER_APPS_DIR\=/Applications/Xcode.app/Contents/Developer/Applications
    export SYSTEM_DEVELOPER_BIN_DIR\=/Applications/Xcode.app/Contents/Developer/usr/bin
    export SYSTEM_DEVELOPER_DEMOS_DIR\=/Applications/Xcode.app/Contents/Developer/Applications/Utilities/Built\ Examples
    export SYSTEM_DEVELOPER_DIR\=/Applications/Xcode.app/Contents/Developer
    export SYSTEM_DEVELOPER_DOC_DIR\=/Applications/Xcode.app/Contents/Developer/ADC\ Reference\ Library
    export SYSTEM_DEVELOPER_GRAPHICS_TOOLS_DIR\=/Applications/Xcode.app/Contents/Developer/Applications/Graphics\ Tools
    export SYSTEM_DEVELOPER_JAVA_TOOLS_DIR\=/Applications/Xcode.app/Contents/Developer/Applications/Java\ Tools
    export SYSTEM_DEVELOPER_PERFORMANCE_TOOLS_DIR\=/Applications/Xcode.app/Contents/Developer/Applications/Performance\ Tools
    export SYSTEM_DEVELOPER_RELEASENOTES_DIR\=/Applications/Xcode.app/Contents/Developer/ADC\ Reference\ Library/releasenotes
    export SYSTEM_DEVELOPER_TOOLS\=/Applications/Xcode.app/Contents/Developer/Tools
    export SYSTEM_DEVELOPER_TOOLS_DOC_DIR\=/Applications/Xcode.app/Contents/Developer/ADC\ Reference\ Library/documentation/DeveloperTools
    export SYSTEM_DEVELOPER_TOOLS_RELEASENOTES_DIR\=/Applications/Xcode.app/Contents/Developer/ADC\ Reference\ Library/releasenotes/DeveloperTools
    export SYSTEM_DEVELOPER_USR_DIR\=/Applications/Xcode.app/Contents/Developer/usr
    export SYSTEM_DEVELOPER_UTILITIES_DIR\=/Applications/Xcode.app/Contents/Developer/Applications/Utilities
    export SYSTEM_DEXT_INSTALL_PATH\=/System/Library/DriverExtensions
    export SYSTEM_DOCUMENTATION_DIR\=/Library/Documentation
    export SYSTEM_EXTENSIONS_FOLDER_PATH\=ResourceRunnerUITests.xctest/Contents/Library/SystemExtensions
    export SYSTEM_EXTENSIONS_FOLDER_PATH_SHALLOW_BUNDLE_NO\=ResourceRunnerUITests.xctest/Contents/Library/SystemExtensions
    export SYSTEM_EXTENSIONS_FOLDER_PATH_SHALLOW_BUNDLE_YES\=ResourceRunnerUITests.xctest/Contents/SystemExtensions
    export SYSTEM_FRAMEWORK_SEARCH_PATHS\=\ \ /Applications/Xcode.app/Contents/Developer/Platforms/MacOSX.platform/Developer/Library/Frameworks
    export SYSTEM_KEXT_INSTALL_PATH\=/System/Library/Extensions
    export SYSTEM_LIBRARY_DIR\=/System/Library
    export TAPI_DEMANGLE\=YES
    export TAPI_ENABLE_PROJECT_HEADERS\=NO
    export TAPI_LANGUAGE\=objective-c
    export TAPI_LANGUAGE_STANDARD\=compiler-default
    export TAPI_USE_SRCROOT\=YES
    export TAPI_VERIFY_MODE\=Pedantic
    export TARGETNAME\=ResourceRunnerUITests
    export TARGET_BUILD_DIR\=/tmp/rr-m4-task009-derived/Build/Products/Debug/ResourceRunnerUITests-Runner.app/Contents/PlugIns
    export TARGET_BUILD_SUBPATH\=/ResourceRunnerUITests-Runner.app/Contents/PlugIns
    export TARGET_NAME\=ResourceRunnerUITests
    export TARGET_TEMP_DIR\=/tmp/rr-m4-task009-derived/Build/Intermediates.noindex/ResourceRunner.build/Debug/ResourceRunnerUITests.build
    export TEMP_DIR\=/tmp/rr-m4-task009-derived/Build/Intermediates.noindex/ResourceRunner.build/Debug/ResourceRunnerUITests.build
    export TEMP_FILES_DIR\=/tmp/rr-m4-task009-derived/Build/Intermediates.noindex/ResourceRunner.build/Debug/ResourceRunnerUITests.build
    export TEMP_FILE_DIR\=/tmp/rr-m4-task009-derived/Build/Intermediates.noindex/ResourceRunner.build/Debug/ResourceRunnerUITests.build
    export TEMP_ROOT\=/tmp/rr-m4-task009-derived/Build/Intermediates.noindex
    export TEMP_SANDBOX_DIR\=/tmp/rr-m4-task009-derived/Build/Intermediates.noindex/TemporaryTaskSandboxes
    export TESTING_FRAMEWORK_MODULE_ALIAS_FLAGS\=-module-alias\ Testing\=_Testing_Unavailable
    export TEST_FRAMEWORK_SEARCH_PATHS\=\ /Applications/Xcode.app/Contents/Developer/Platforms/MacOSX.platform/Developer/Library/Frameworks
    export TEST_LIBRARY_SEARCH_PATHS\=\ /Applications/Xcode.app/Contents/Developer/Platforms/MacOSX.platform/Developer/usr/lib
    export TEST_TARGET_NAME\=ResourceRunner
    export TOOLCHAINS\=com.apple.dt.toolchain.XcodeDefault
    export TOOLCHAIN_DIR\=/Applications/Xcode.app/Contents/Developer/Toolchains/XcodeDefault.xctoolchain
    export TREAT_MISSING_BASELINES_AS_TEST_FAILURES\=NO
    export TREAT_MISSING_SCRIPT_PHASE_OUTPUTS_AS_ERRORS\=NO
    export UID\=501
    export UNINSTALLED_PRODUCTS_DIR\=/tmp/rr-m4-task009-derived/Build/Intermediates.noindex/UninstalledProducts
    export UNLOCALIZED_RESOURCES_FOLDER_PATH\=ResourceRunnerUITests.xctest/Contents/Resources
    export UNLOCALIZED_RESOURCES_FOLDER_PATH_SHALLOW_BUNDLE_NO\=ResourceRunnerUITests.xctest/Contents/Resources
    export UNLOCALIZED_RESOURCES_FOLDER_PATH_SHALLOW_BUNDLE_YES\=ResourceRunnerUITests.xctest/Contents
    export UNSTRIPPED_PRODUCT\=NO
    export USER\=zipkero
    export USER_APPS_DIR\=/Users/zipkero/Applications
    export USER_LIBRARY_DIR\=/Users/zipkero/Library
    export USES_XCTRUNNER\=YES
    export USE_DYNAMIC_NO_PIC\=YES
    export USE_HEADERMAP\=YES
    export USE_HEADER_SYMLINKS\=NO
    export VALIDATE_DEVELOPMENT_ASSET_PATHS\=YES_ERROR
    export VALIDATE_PRODUCT\=NO
    export VALID_ARCHS\=arm64\ arm64e\ i386\ x86_64
    export VERBOSE_PBXCP\=NO
    export VERSIONPLIST_PATH\=ResourceRunnerUITests.xctest/Contents/version.plist
    export VERSION_INFO_BUILDER\=zipkero
    export VERSION_INFO_FILE\=ResourceRunnerUITests_vers.c
    export VERSION_INFO_STRING\=\"@\(\#\)PROGRAM:ResourceRunnerUITests\ \ PROJECT:ResourceRunner-1\"
    export WORKSPACE_DIR\=/Users/zipkero/XcodeProjects/ResourceRunner/ResourceRunner.xcodeproj
    export WRAPPER_EXTENSION\=xctest
    export WRAPPER_NAME\=ResourceRunnerUITests.xctest
    export WRAPPER_SUFFIX\=.xctest
    export WRAP_ASSET_PACKS_IN_SEPARATE_DIRECTORIES\=NO
    export XCODE_APP_SUPPORT_DIR\=/Applications/Xcode.app/Contents/Developer/Library/Xcode
    export XCODE_PRODUCT_BUILD_VERSION\=17F113
    export XCODE_VERSION_ACTUAL\=2660
    export XCODE_VERSION_MAJOR\=2600
    export XCODE_VERSION_MINOR\=2660
    export XCTRUNNER_PRODUCT_NAME\=ResourceRunnerUITests-Runner.app
    export XPCSERVICES_FOLDER_PATH\=ResourceRunnerUITests.xctest/Contents/XPCServices
    export YACC\=yacc
    export _BOOL_\=NO
    export _BOOL_NO\=NO
    export _BOOL_YES\=YES
    export _DEVELOPMENT_TEAM_IS_EMPTY\=YES
    export _DISCOVER_COMMAND_LINE_LINKER_INPUTS\=YES
    export _DISCOVER_COMMAND_LINE_LINKER_INPUTS_INCLUDE_WL\=YES
    export _IS_EMPTY_\=YES
    export _LD_MULTIARCH\=YES
    export _MACOSX_DEPLOYMENT_TARGET_IS_EMPTY\=NO
    export _WRAPPER_CONTENTS_DIR\=/Contents
    export _WRAPPER_CONTENTS_DIR_SHALLOW_BUNDLE_NO\=/Contents
    export _WRAPPER_PARENT_PATH\=/..
    export _WRAPPER_PARENT_PATH_SHALLOW_BUNDLE_NO\=/..
    export _WRAPPER_RESOURCES_DIR\=/Resources
    export _WRAPPER_RESOURCES_DIR_SHALLOW_BUNDLE_NO\=/Resources
    export __DIAGNOSE_DEPRECATED_ARCHS\=YES
    export __IS_NOT_MACOS\=NO
    export __IS_NOT_MACOS_macosx\=NO
    export __ORIGINAL_SDK_DEFINED_LLVM_TARGET_TRIPLE_SYS\=macos
    export arch\=undefined_arch
    export variant\=normal
    /bin/sh -c /tmp/rr-m4-task009-derived/Build/Intermediates.noindex/ResourceRunner.build/Debug/ResourceRunnerUITests.build/Script-E20000000000000000000001.sh
/tmp/rr-m4-task009-derived/Build/Products/Debug/ResourceRunnerExpansionFixture/expansion-fixture-9c15d2be-f68b-4b6a-9a4a-0bfbb8628d16: replacing existing signature

ProcessInfoPlistFile /tmp/rr-m4-task009-derived/Build/Products/Debug/ResourceRunnerUITests-Runner.app/Contents/PlugIns/ResourceRunnerUITests.xctest/Contents/Info.plist /tmp/rr-m4-task009-derived/Build/Intermediates.noindex/ResourceRunner.build/Debug/ResourceRunnerUITests.build/empty-ResourceRunnerUITests.plist (in target 'ResourceRunnerUITests' from project 'ResourceRunner')
    cd /Users/zipkero/XcodeProjects/ResourceRunner
    builtin-infoPlistUtility /tmp/rr-m4-task009-derived/Build/Intermediates.noindex/ResourceRunner.build/Debug/ResourceRunnerUITests.build/empty-ResourceRunnerUITests.plist -producttype com.apple.product-type.bundle.ui-testing -expandbuildsettings -platform macosx -additionalcontentfile /tmp/rr-m4-task009-derived/Build/Intermediates.noindex/ResourceRunner.build/Debug/ResourceRunnerUITests.build/ProductTypeInfoPlistAdditions.plist -o /tmp/rr-m4-task009-derived/Build/Products/Debug/ResourceRunnerUITests-Runner.app/Contents/PlugIns/ResourceRunnerUITests.xctest/Contents/Info.plist

2026-10-04 15:51:07.784852+0900 ResourceRunnerUITests-Runner[44171:52637377] [Default] Running tests...
Test Suite 'Selected tests' started at 2026-10-04 15:51:07.813.
Test Suite 'ResourceRunnerUITests.xctest' started at 2026-10-04 15:51:07.813.
Test Suite 'DashboardCardSelectionUITests' started at 2026-10-04 15:51:07.813.
Test Case '-[ResourceRunnerUITests.DashboardCardSelectionUITests testCardSelectionLifecycleKeepsFramesFixedAndSurvivesSelfDismissal]' started.
    t =     0.00s Start Test at 2026-10-04 15:51:07.814
    t =     0.08s Set Up
    t =     0.09s Open com.zipkero.ResourceRunner
    t =     0.09s     Launch com.zipkero.ResourceRunner
2026-10-04 15:51:07.956 xcodebuild[44119:52637050] [MT] IDELaunchParametersSnapshot: The operation couldn’t be completed. (DebuggerLLDB.DebuggerVersionStore.StoreError error 0.)
2026-10-04 15:51:07.956 xcodebuild[44119:52637050] [MT] IDELaunchParametersSnapshot: no debugger version
    t =     0.63s         Wait for accessibility to load
    t =     0.70s         Setting up automation session
    t =     0.70s         Wait for com.zipkero.ResourceRunner to idle
    t =     0.71s Waiting 5.0s for StatusItem (First Match) to exist
    t =     1.74s     Checking `Expect predicate `existsNoRetry == 1` for object StatusItem (First Match)`
    t =     1.75s         Checking existence of `StatusItem (First Match)`
    t =     1.77s Click StatusItem (First Match)
    t =     1.77s     Wait for com.zipkero.ResourceRunner to idle
    t =     1.77s     Find the StatusItem (First Match)
    t =     1.79s     Check for interrupting elements affecting "ResourceRunner, 낮음" StatusItem
    t =     1.79s     Open com.zipkero.ResourceRunner
    t =     1.79s         Activate com.zipkero.ResourceRunner
    t =     1.81s             Wait for com.zipkero.ResourceRunner to idle
    t =     1.85s     Synthesize event
    t =     2.28s     Wait for com.zipkero.ResourceRunner to idle
    t =     2.29s Waiting 5.0s for "CPUCard" Any to exist
    t =     3.32s     Checking `Expect predicate `existsNoRetry == 1` for object "CPUCard" Any`
    t =     3.32s         Checking existence of `"CPUCard" Any`
    t =     3.40s Find the "CPUCard" Any
    t =     3.54s Find the "CPUCard" Button
    t =     3.68s Find the "CPUCard" Button
    t =     3.83s Find the "CPUCard" Button
    t =     3.87s Waiting 5.0s for "MemoryCard" Any to exist
    t =     4.91s     Checking `Expect predicate `existsNoRetry == 1` for object "MemoryCard" Any`
    t =     4.91s         Checking existence of `"MemoryCard" Any`
    t =     4.96s Waiting 2.0s for Popover (First Match) to exist
    t =     5.99s     Checking `Expect predicate `existsNoRetry == 1` for object Popover (First Match)`
    t =     6.00s         Checking existence of `Popover (First Match)`
    t =     6.01s Waiting 2.0s for "DashboardContainer" Any to exist
    t =     7.04s     Checking `Expect predicate `existsNoRetry == 1` for object "DashboardContainer" Any`
    t =     7.05s         Checking existence of `"DashboardContainer" Any`
    t =     7.07s Get number of matches for: Descendants matching type Popover
    t =     7.09s Find the "CPUCard" Button
    t =     7.34s Find the "CPUCard" Button
    t =     7.60s Find the "CPUCard" Button
    t =     7.84s Find the "CPUCard" Button
    t =     8.12s Find the "CPUCard" Button
    t =     8.38s Find the "CPUCard" Button
    t =     8.64s Find the "CPUCard" Button
    t =     8.89s Find the "CPUCard" Button
    t =     9.14s Find the "CPUCard" Button
    t =     9.40s Find the "CPUCard" Button
    t =     9.66s Find the "CPUCard" Button
    t =     9.92s Find the "CPUCard" Button
    t =    10.17s Find the "CPUCard" Button
    t =    10.22s Find the "MemoryCard" Any
    t =    10.47s Find the "MemoryCard" Button
    t =    10.72s Find the "MemoryCard" Button
    t =    10.98s Find the "MemoryCard" Button
    t =    11.23s Find the "MemoryCard" Button
    t =    11.49s Find the "MemoryCard" Button
    t =    11.75s Find the "MemoryCard" Button
    t =    12.00s Find the "MemoryCard" Button
    t =    12.26s Find the "MemoryCard" Button
    t =    12.52s Find the "MemoryCard" Button
    t =    12.78s Find the "MemoryCard" Button
    t =    13.04s Find the "MemoryCard" Button
    t =    13.29s Find the "MemoryCard" Button
    t =    13.35s Find the Popover (First Match)
    t =    13.36s Type '1' key with modifiers '⌘' (0x10)
    t =    13.36s     Wait for com.zipkero.ResourceRunner to idle
    t =    13.37s     Find the Target Application 'com.zipkero.ResourceRunner'
    t =    13.38s     Check for interrupting elements affecting "ResourceRunner" Application
    t =    13.39s     Synthesize event
    t =    13.56s     Wait for com.zipkero.ResourceRunner to idle
    t =    13.56s Waiting 2.0s for StaticText (First Match) to exist
    t =    14.59s     Checking `Expect predicate `existsNoRetry == 1` for object StaticText (First Match)`
    t =    14.59s         Checking existence of `StaticText (First Match)`
    t =    14.65s Get number of matches for: Descendants matching type Popover
    t =    14.68s Find the Popover at {{927.0, 41.0}, {306.0, 694.0}}
    t =    14.69s Find the "CPUCard" Button
    t =    14.73s Find the "MemoryCard" Button
    t =    14.76s Type '1' key with modifiers '⌘' (0x10)
    t =    14.76s     Wait for com.zipkero.ResourceRunner to idle
    t =    14.77s     Find the Target Application 'com.zipkero.ResourceRunner'
    t =    14.80s     Check for interrupting elements affecting "ResourceRunner" Application
    t =    14.80s     Synthesize event
    t =    14.93s     Wait for com.zipkero.ResourceRunner to idle
    t =    14.94s Checking existence of `StaticText (First Match)`
    t =    14.96s Get number of matches for: Descendants matching type Popover
    t =    14.97s Find the Popover at {{927.0, 41.0}, {306.0, 694.0}}
    t =    14.98s Find the "CPUCard" Button
    t =    15.02s Find the "MemoryCard" Button
    t =    15.06s Type '1' key with modifiers '⌘' (0x10)
    t =    15.06s     Wait for com.zipkero.ResourceRunner to idle
    t =    15.06s     Find the Target Application 'com.zipkero.ResourceRunner'
    t =    15.08s     Check for interrupting elements affecting "ResourceRunner" Application
    t =    15.09s     Synthesize event
    t =    15.24s     Wait for com.zipkero.ResourceRunner to idle
    t =    15.24s Waiting 2.0s for StaticText (First Match) to exist
    t =    16.27s     Checking `Expect predicate `existsNoRetry == 1` for object StaticText (First Match)`
    t =    16.28s         Checking existence of `StaticText (First Match)`
    t =    16.33s Get number of matches for: Descendants matching type Popover
    t =    16.36s Find the "CPUCard" Button
    t =    16.40s Find the "MemoryCard" Button
    t =    16.44s Find the "DashboardContainer" Any
    t =    16.46s Find the "DashboardContainer" Group
    t =    16.49s Click "DashboardContainer" Group[0.00, 0.00] -> (140.0, 252.0)
    t =    16.49s     Wait for com.zipkero.ResourceRunner to idle
    t =    16.49s     Find the "DashboardContainer" Group
    t =    16.51s     Check for interrupting elements affecting "DashboardContainer" Group
    t =    16.53s     Synthesize event
    t =    16.53s         Find the "DashboardContainer" Group
    t =    16.56s         Find the "DashboardContainer" Group
    t =    16.93s     Wait for com.zipkero.ResourceRunner to idle
    t =    16.93s Get number of matches for: Descendants matching type Popover
    t =    16.95s Get number of matches for: Descendants matching type Popover
    t =    17.07s Get number of matches for: Descendants matching type Popover
    t =    17.19s Get number of matches for: Descendants matching type Popover
    t =    17.31s Get number of matches for: Descendants matching type Popover
    t =    17.44s Get number of matches for: Descendants matching type Popover
    t =    17.56s Get number of matches for: Descendants matching type Popover
    t =    17.69s Get number of matches for: Descendants matching type Popover
    t =    17.81s Get number of matches for: Descendants matching type Popover
    t =    17.93s Get number of matches for: Descendants matching type Popover
    t =    18.06s Get number of matches for: Descendants matching type Popover
    t =    18.09s Get number of matches for: Descendants matching type Popover
    t =    18.11s Type '1' key with modifiers '⌘' (0x10)
    t =    18.11s     Wait for com.zipkero.ResourceRunner to idle
    t =    18.12s     Find the Target Application 'com.zipkero.ResourceRunner'
    t =    18.14s     Check for interrupting elements affecting "ResourceRunner" Application
    t =    18.14s     Synthesize event
    t =    18.29s     Wait for com.zipkero.ResourceRunner to idle
    t =    18.29s Get number of matches for: Descendants matching type Popover
    t =    18.35s Type '2' key with modifiers '⌘' (0x10)
    t =    18.35s     Wait for com.zipkero.ResourceRunner to idle
    t =    18.35s     Find the Target Application 'com.zipkero.ResourceRunner'
    t =    18.39s     Check for interrupting elements affecting "ResourceRunner" Application
    t =    18.39s     Synthesize event
    t =    18.57s     Wait for com.zipkero.ResourceRunner to idle
    t =    18.57s Waiting 2.0s for StaticText (First Match) to exist
    t =    19.61s     Checking `Expect predicate `existsNoRetry == 1` for object StaticText (First Match)`
    t =    19.61s         Checking existence of `StaticText (First Match)`
    t =    19.67s Checking existence of `StaticText (First Match)`
    t =    19.72s Get number of matches for: Descendants matching type Popover
    t =    19.76s Click "DashboardContainer" Group[0.00, 0.00] -> (140.0, 252.0)
    t =    19.76s     Wait for com.zipkero.ResourceRunner to idle
    t =    19.77s     Find the "DashboardContainer" Group
    t =    19.79s     Check for interrupting elements affecting "DashboardContainer" Group
    t =    19.81s     Synthesize event
    t =    19.81s         Find the "DashboardContainer" Group
    t =    19.83s         Find the "DashboardContainer" Group
    t =    20.22s     Wait for com.zipkero.ResourceRunner to idle
    t =    20.22s Get number of matches for: Descendants matching type Popover
    t =    20.24s Get number of matches for: Descendants matching type Popover
    t =    20.36s Get number of matches for: Descendants matching type Popover
    t =    20.48s Get number of matches for: Descendants matching type Popover
    t =    20.61s Get number of matches for: Descendants matching type Popover
    t =    20.73s Get number of matches for: Descendants matching type Popover
    t =    20.86s Get number of matches for: Descendants matching type Popover
    t =    20.99s Get number of matches for: Descendants matching type Popover
    t =    21.12s Get number of matches for: Descendants matching type Popover
    t =    21.24s Get number of matches for: Descendants matching type Popover
    t =    21.37s Get number of matches for: Descendants matching type Popover
    t =    21.39s Get number of matches for: Descendants matching type Popover
    t =    21.41s Type '2' key with modifiers '⌘' (0x10)
    t =    21.41s     Wait for com.zipkero.ResourceRunner to idle
    t =    21.41s     Find the Target Application 'com.zipkero.ResourceRunner'
    t =    21.54s     Check for interrupting elements affecting "ResourceRunner" Application
    t =    21.54s     Synthesize event
    t =    21.70s     Wait for com.zipkero.ResourceRunner to idle
    t =    21.70s Get number of matches for: Descendants matching type Popover
    t =    21.77s Tear Down
Test Case '-[ResourceRunnerUITests.DashboardCardSelectionUITests testCardSelectionLifecycleKeepsFramesFixedAndSurvivesSelfDismissal]' passed (22.121 seconds).
Test Case '-[ResourceRunnerUITests.DashboardCardSelectionUITests testClickingBlankAreaInsideCardOpensDetailPopover]' started.
    t =     0.00s Start Test at 2026-10-04 15:51:29.937
    t =     0.10s Set Up
    t =     0.10s Open com.zipkero.ResourceRunner
    t =     0.10s     Launch com.zipkero.ResourceRunner
    t =     0.10s         Terminate com.zipkero.ResourceRunner:44172
2026-10-04 15:51:31.123 xcodebuild[44119:52637050] [MT] IDELaunchParametersSnapshot: The operation couldn’t be completed. (DebuggerLLDB.DebuggerVersionStore.StoreError error 0.)
2026-10-04 15:51:31.123 xcodebuild[44119:52637050] [MT] IDELaunchParametersSnapshot: no debugger version
    t =     1.47s         Wait for accessibility to load
    t =     1.63s         Setting up automation session
    t =     1.64s         Wait for com.zipkero.ResourceRunner to idle
    t =     1.64s Waiting 5.0s for StatusItem (First Match) to exist
    t =     2.68s     Checking `Expect predicate `existsNoRetry == 1` for object StatusItem (First Match)`
    t =     2.68s         Checking existence of `StatusItem (First Match)`
    t =     2.70s Click StatusItem (First Match)
    t =     2.70s     Wait for com.zipkero.ResourceRunner to idle
    t =     2.70s     Find the StatusItem (First Match)
    t =     2.72s     Check for interrupting elements affecting "ResourceRunner, 낮음" StatusItem
    t =     2.73s     Open com.zipkero.ResourceRunner
    t =     2.73s         Activate com.zipkero.ResourceRunner
    t =     2.74s             Wait for com.zipkero.ResourceRunner to idle
    t =     2.74s     Synthesize event
    t =     3.20s     Wait for com.zipkero.ResourceRunner to idle
    t =     3.21s Waiting 5.0s for "CPUCard" Any to exist
    t =     4.25s     Checking `Expect predicate `existsNoRetry == 1` for object "CPUCard" Any`
    t =     4.25s         Checking existence of `"CPUCard" Any`
    t =     4.33s Find the "CPUCard" Any
    t =     4.46s Find the "CPUCard" Button
    t =     4.61s Find the "CPUCard" Button
    t =     4.75s Find the "CPUCard" Button
    t =     4.80s Click "CPUCard" Button[0.98, 0.50]
    t =     4.80s     Wait for com.zipkero.ResourceRunner to idle
    t =     4.81s     Find the "CPUCard" Button
    t =     4.84s     Check for interrupting elements affecting "CPUCard" Button
    t =     4.87s     Synthesize event
    t =     4.87s         Find the "CPUCard" Button
    t =     4.90s         Find the "CPUCard" Button
    t =     5.33s     Wait for com.zipkero.ResourceRunner to idle
    t =     5.34s Waiting 2.0s for "DashboardDetail" Any to exist
    t =     6.37s     Checking `Expect predicate `existsNoRetry == 1` for object "DashboardDetail" Any`
    t =     6.37s         Checking existence of `"DashboardDetail" Any`
    t =     6.43s Tear Down
Test Case '-[ResourceRunnerUITests.DashboardCardSelectionUITests testClickingBlankAreaInsideCardOpensDetailPopover]' passed (6.752 seconds).
Test Suite 'DashboardCardSelectionUITests' passed at 2026-10-04 15:51:36.688.
	 Executed 2 tests, with 0 failures (0 unexpected) in 28.872 (28.875) seconds
Test Suite 'DashboardPreferencesVisibilityUITests' started at 2026-10-04 15:51:36.689.
Test Case '-[ResourceRunnerUITests.DashboardPreferencesVisibilityUITests testAllOffShowsSettingsActionAndNoCardAccessibilityElements]' started.
    t =     0.00s Start Test at 2026-10-04 15:51:36.690
    t =     0.09s Set Up
    t =     0.09s Open com.zipkero.ResourceRunner
    t =     0.09s     Launch com.zipkero.ResourceRunner
    t =     0.09s         Terminate com.zipkero.ResourceRunner:44623
2026-10-04 15:51:37.863 xcodebuild[44119:52637050] [MT] IDELaunchParametersSnapshot: The operation couldn’t be completed. (DebuggerLLDB.DebuggerVersionStore.StoreError error 0.)
2026-10-04 15:51:37.863 xcodebuild[44119:52637050] [MT] IDELaunchParametersSnapshot: no debugger version
    t =     1.47s         Wait for accessibility to load
    t =     1.66s         Setting up automation session
    t =     1.67s         Wait for com.zipkero.ResourceRunner to idle
    t =     1.68s Waiting 5.0s for StatusItem (First Match) to exist
    t =     2.70s     Checking `Expect predicate `existsNoRetry == 1` for object StatusItem (First Match)`
    t =     2.70s         Checking existence of `StatusItem (First Match)`
    t =     2.73s Click StatusItem (First Match)
    t =     2.73s     Wait for com.zipkero.ResourceRunner to idle
    t =     2.73s     Find the StatusItem (First Match)
    t =     2.75s     Check for interrupting elements affecting "ResourceRunner, 낮음" StatusItem
    t =     2.75s     Open com.zipkero.ResourceRunner
    t =     2.75s         Activate com.zipkero.ResourceRunner
    t =     2.76s             Wait for com.zipkero.ResourceRunner to idle
    t =     2.76s     Synthesize event
    t =     3.17s     Wait for com.zipkero.ResourceRunner to idle
    t =     3.17s Waiting 5.0s for "DashboardContainer" Any to exist
    t =     4.20s     Checking `Expect predicate `existsNoRetry == 1` for object "DashboardContainer" Any`
    t =     4.20s         Checking existence of `"DashboardContainer" Any`
    t =     4.24s Checking existence of `"DashboardContainer" Any`
    t =     4.27s Checking existence of `"DashboardOpenSettings" Button`
    t =     4.30s Find the "DashboardOpenSettings" Button
    t =     4.33s Find the "DashboardOpenSettings" Button
    t =     4.48s Find the "DashboardContainer" Any
    t =     4.50s Find the "DashboardContainer" Group
    t =     4.53s Find the "DashboardOpenSettings" Button
    t =     4.55s Checking existence of `"CPUCard" Any`
    t =     4.59s Checking existence of `"MemoryCard" Any`
    t =     4.63s Checking existence of `"NetworkCard" Any`
    t =     4.66s Checking existence of `"DiskCard" Any`
    t =     4.70s Click "DashboardOpenSettings" Button
    t =     4.70s     Wait for com.zipkero.ResourceRunner to idle
    t =     4.71s     Find the "DashboardOpenSettings" Button
    t =     4.73s     Check for interrupting elements affecting "DashboardOpenSettings" Button
    t =     4.74s     Synthesize event
    t =     5.13s     Wait for com.zipkero.ResourceRunner to idle
    t =     5.14s Waiting 3.0s for "ResourceRunner 설정" Window to exist
    t =     6.17s     Checking `Expect predicate `existsNoRetry == 1` for object "ResourceRunner 설정" Window`
    t =     6.17s         Checking existence of `"ResourceRunner 설정" Window`
    t =     6.25s Get number of matches for: Elements matching predicate '"ResourceRunner 설정" IN identifiers'
    t =     6.29s Tear Down
Test Case '-[ResourceRunnerUITests.DashboardPreferencesVisibilityUITests testAllOffShowsSettingsActionAndNoCardAccessibilityElements]' passed (6.608 seconds).
Test Case '-[ResourceRunnerUITests.DashboardPreferencesVisibilityUITests testLiveHideAndReshowRemovesCardAndRankingButKeepsDetail]' started.
    t =     0.00s Start Test at 2026-10-04 15:51:43.300
    t =     0.11s Set Up
    t =     0.11s Open com.zipkero.ResourceRunner
    t =     0.11s     Launch com.zipkero.ResourceRunner
    t =     0.11s         Terminate com.zipkero.ResourceRunner:44768
2026-10-04 15:51:44.492 xcodebuild[44119:52637050] [MT] IDELaunchParametersSnapshot: The operation couldn’t be completed. (DebuggerLLDB.DebuggerVersionStore.StoreError error 0.)
2026-10-04 15:51:44.492 xcodebuild[44119:52637050] [MT] IDELaunchParametersSnapshot: no debugger version
    t =     1.44s         Wait for accessibility to load
    t =     1.59s         Setting up automation session
    t =     1.61s         Wait for com.zipkero.ResourceRunner to idle
    t =     1.61s Waiting 5.0s for StatusItem (First Match) to exist
    t =     2.62s     Checking `Expect predicate `existsNoRetry == 1` for object StatusItem (First Match)`
    t =     2.62s         Checking existence of `StatusItem (First Match)`
    t =     2.65s Click StatusItem (First Match)
    t =     2.65s     Wait for com.zipkero.ResourceRunner to idle
    t =     2.65s     Find the StatusItem (First Match)
    t =     2.67s     Check for interrupting elements affecting "ResourceRunner, 낮음" StatusItem
    t =     2.67s     Open com.zipkero.ResourceRunner
    t =     2.68s         Activate com.zipkero.ResourceRunner
    t =     2.68s             Wait for com.zipkero.ResourceRunner to idle
    t =     2.69s     Synthesize event
    t =     3.14s     Wait for com.zipkero.ResourceRunner to idle
    t =     3.14s Waiting 5.0s for "DashboardContainer" Any to exist
    t =     4.16s     Checking `Expect predicate `existsNoRetry == 1` for object "DashboardContainer" Any`
    t =     4.16s         Checking existence of `"DashboardContainer" Any`
    t =     4.20s Checking existence of `"CPUCard" Any`
    t =     4.25s Checking existence of `"MemoryCard" Any`
    t =     4.28s Find the "CPUCard" Any
    t =     4.31s Find the "MemoryCard" Any
    t =     4.35s Find the "DashboardContainer" Any
    t =     4.37s Click "CPUCard" Button
    t =     4.37s     Wait for com.zipkero.ResourceRunner to idle
    t =     4.37s     Find the "CPUCard" Button
    t =     4.41s     Check for interrupting elements affecting "CPUCard" Button
    t =     4.43s     Synthesize event
    t =     4.83s     Wait for com.zipkero.ResourceRunner to idle
    t =     4.83s Waiting 2.0s for "DashboardDetail" Any to exist
    t =     5.84s     Checking `Expect predicate `existsNoRetry == 1` for object "DashboardDetail" Any`
    t =     5.84s         Checking existence of `"DashboardDetail" Any`
    t =     5.90s Right click StatusItem (First Match)
    t =     5.90s     Wait for com.zipkero.ResourceRunner to idle
    t =     5.91s     Find the StatusItem (First Match)
    t =     5.92s     Check for interrupting elements affecting "ResourceRunner, 낮음" StatusItem
    t =     5.92s     Synthesize event
    t =     6.31s     Wait for com.zipkero.ResourceRunner to idle
    t =     6.32s Waiting 2.0s for "Toggle cpu Card" MenuItem to exist
    t =     7.33s     Checking `Expect predicate `existsNoRetry == 1` for object "Toggle cpu Card" MenuItem`
    t =     7.33s         Checking existence of `"Toggle cpu Card" MenuItem`
    t =     7.37s Click "Toggle cpu Card" MenuItem
    t =     7.37s     Wait for com.zipkero.ResourceRunner to idle
    t =     7.37s     Find the "Toggle cpu Card" MenuItem
    t =     7.40s     Check for interrupting elements affecting "toggleDebugCard:" MenuItem
    t =     7.40s     Synthesize event
    t =     7.41s         Checking existence of `"toggleDebugCard:" MenuItem`
    t =     7.42s         Hover menu item 'Toggle cpu Card'
    t =     7.42s             Wait for com.zipkero.ResourceRunner to idle
    t =     7.43s             Find the "toggleDebugCard:" MenuItem
    t =     7.55s             Check for interrupting elements affecting "toggleDebugCard:" MenuItem
    t =     7.55s             Synthesize event
    t =     7.77s             Wait for com.zipkero.ResourceRunner to idle
    t =     7.78s         Find the "toggleDebugCard:" MenuItem
    t =     8.52s     Wait for com.zipkero.ResourceRunner to idle
    t =     8.54s Click "ResourceRunner, 낮음" StatusItem
    t =     8.54s     Wait for com.zipkero.ResourceRunner to idle
    t =     8.56s     Find the "ResourceRunner, 낮음" StatusItem
    t =     8.59s     Check for interrupting elements affecting "ResourceRunner, 낮음" StatusItem
    t =     8.59s     Synthesize event
    t =     8.95s     Wait for com.zipkero.ResourceRunner to idle
    t =     8.96s Checking existence of `"CPUCard" Button`
    t =     9.02s Waiting 2.0s for "MemoryCard" Button to exist
    t =    10.03s     Checking `Expect predicate `existsNoRetry == 1` for object "MemoryCard" Button`
    t =    10.03s         Checking existence of `"MemoryCard" Button`
    t =    10.09s Find the "DashboardContainer" Group
    t =    10.12s Type '1' key with modifiers '⌘' (0x10)
    t =    10.12s     Wait for com.zipkero.ResourceRunner to idle
    t =    10.12s     Find the Target Application 'com.zipkero.ResourceRunner'
    t =    10.14s     Check for interrupting elements affecting "ResourceRunner" Application
    t =    10.14s     Synthesize event
    t =    10.22s     Wait for com.zipkero.ResourceRunner to idle
    t =    10.23s Checking existence of `"DashboardDetail" Any`
    t =    10.27s Right click "ResourceRunner, 낮음" StatusItem
    t =    10.27s     Wait for com.zipkero.ResourceRunner to idle
    t =    10.28s     Find the "ResourceRunner, 낮음" StatusItem
    t =    10.29s     Check for interrupting elements affecting "ResourceRunner, 낮음" StatusItem
    t =    10.29s     Synthesize event
    t =    10.65s     Wait for com.zipkero.ResourceRunner to idle
    t =    10.66s Waiting 2.0s for "Toggle cpu Card" MenuItem to exist
    t =    11.68s     Checking `Expect predicate `existsNoRetry == 1` for object "Toggle cpu Card" MenuItem`
    t =    11.68s         Checking existence of `"Toggle cpu Card" MenuItem`
    t =    11.72s Click "Toggle cpu Card" MenuItem
    t =    11.72s     Wait for com.zipkero.ResourceRunner to idle
    t =    11.72s     Find the "Toggle cpu Card" MenuItem
    t =    11.75s     Check for interrupting elements affecting "toggleDebugCard:" MenuItem
    t =    11.75s     Synthesize event
    t =    11.76s         Checking existence of `"toggleDebugCard:" MenuItem`
    t =    11.78s         Hover menu item 'Toggle cpu Card'
    t =    11.78s             Wait for com.zipkero.ResourceRunner to idle
    t =    11.78s             Find the "toggleDebugCard:" MenuItem
    t =    11.80s             Check for interrupting elements affecting "toggleDebugCard:" MenuItem
    t =    11.81s             Synthesize event
    t =    12.03s             Wait for com.zipkero.ResourceRunner to idle
    t =    12.03s         Find the "toggleDebugCard:" MenuItem
    t =    12.78s     Wait for com.zipkero.ResourceRunner to idle
    t =    12.81s Click "ResourceRunner, 낮음" StatusItem
    t =    12.81s     Wait for com.zipkero.ResourceRunner to idle
    t =    12.82s     Find the "ResourceRunner, 낮음" StatusItem
    t =    12.84s     Check for interrupting elements affecting "ResourceRunner, 낮음" StatusItem
    t =    12.84s     Synthesize event
    t =    13.22s     Wait for com.zipkero.ResourceRunner to idle
    t =    13.22s Waiting 2.0s for "CPUCard" Button to exist
    t =    14.26s     Checking `Expect predicate `existsNoRetry == 1` for object "CPUCard" Button`
    t =    14.26s         Checking existence of `"CPUCard" Button`
    t =    14.31s Find the "CPUCard" Button
    t =    14.34s Checking existence of `"MemoryCard" Button`
    t =    14.38s Tear Down
Test Case '-[ResourceRunnerUITests.DashboardPreferencesVisibilityUITests testLiveHideAndReshowRemovesCardAndRankingButKeepsDetail]' passed (14.723 seconds).
Test Suite 'DashboardPreferencesVisibilityUITests' passed at 2026-10-04 15:51:58.022.
	 Executed 2 tests, with 0 failures (0 unexpected) in 21.331 (21.333) seconds
Test Suite 'DashboardViewportUITests' started at 2026-10-04 15:51:58.023.
Test Case '-[ResourceRunnerUITests.DashboardViewportUITests testActualLastCardAndMemoryRankingChangesKeepDetailWithinVisibleScreen]' started.
    t =     0.00s Start Test at 2026-10-04 15:51:58.024
    t =     0.10s Set Up
    t =     0.10s Open com.zipkero.ResourceRunner
    t =     0.10s     Launch com.zipkero.ResourceRunner
    t =     0.10s         Terminate com.zipkero.ResourceRunner:44980
2026-10-04 15:51:59.194 xcodebuild[44119:52637050] [MT] IDELaunchParametersSnapshot: The operation couldn’t be completed. (DebuggerLLDB.DebuggerVersionStore.StoreError error 0.)
2026-10-04 15:51:59.194 xcodebuild[44119:52637050] [MT] IDELaunchParametersSnapshot: no debugger version
    t =     1.45s         Wait for accessibility to load
    t =     1.61s         Setting up automation session
    t =     1.62s         Wait for com.zipkero.ResourceRunner to idle
    t =     1.62s Waiting 5.0s for StatusItem (First Match) to exist
    t =     2.64s     Checking `Expect predicate `existsNoRetry == 1` for object StatusItem (First Match)`
    t =     2.64s         Checking existence of `StatusItem (First Match)`
    t =     2.67s Click StatusItem (First Match)
    t =     2.67s     Wait for com.zipkero.ResourceRunner to idle
    t =     2.67s     Find the StatusItem (First Match)
    t =     2.69s     Check for interrupting elements affecting "ResourceRunner, 낮음" StatusItem
    t =     2.70s     Open com.zipkero.ResourceRunner
    t =     2.70s         Activate com.zipkero.ResourceRunner
    t =     2.71s             Wait for com.zipkero.ResourceRunner to idle
    t =     2.71s     Synthesize event
    t =     3.16s     Wait for com.zipkero.ResourceRunner to idle
    t =     3.17s Waiting 5.0s for "DashboardContainer" Any to exist
    t =     4.19s     Checking `Expect predicate `existsNoRetry == 1` for object "DashboardContainer" Any`
    t =     4.19s         Checking existence of `"DashboardContainer" Any`
    t =     4.24s Checking existence of `"MemoryCard" Any`
    t =     4.29s Find the "DashboardContainer" Any
    t =     4.31s Type '2' key with modifiers '⌘' (0x10)
    t =     4.31s     Wait for com.zipkero.ResourceRunner to idle
    t =     4.31s     Find the Target Application 'com.zipkero.ResourceRunner'
    t =     4.33s     Check for interrupting elements affecting "ResourceRunner" Application
    t =     4.33s     Synthesize event
    t =     4.44s     Wait for com.zipkero.ResourceRunner to idle
    t =     4.44s Waiting 2.0s for "DashboardDetail" Any to exist
    t =     5.47s     Checking `Expect predicate `existsNoRetry == 1` for object "DashboardDetail" Any`
    t =     5.47s         Checking existence of `"DashboardDetail" Any`
    t =     5.53s Find the "DashboardDetail" Any
VIEWPORT_FRAME cards=2 top=0 visible=(0.0, 0.0, 1728.0, 1084.0) body=(940.0, 54.0, 280.0, 96.0) detail=(1225.0, 54.0, 400.0, 480.0)
    t =     5.58s Find the "DashboardDetail" ScrollView
    t =     5.62s Find the "DashboardDetail" ScrollView
    t =     5.66s Find the "DashboardDetail" ScrollView
    t =     5.81s Find the "DashboardDetail" ScrollView
    t =     5.85s Find the "DashboardDetail" ScrollView
    t =     5.90s Find the "DashboardDetail" ScrollView
    t =     5.94s Find the "DashboardContainer" Group
    t =     5.96s Terminate com.zipkero.ResourceRunner:45357
    t =     7.03s Open com.zipkero.ResourceRunner
    t =     7.04s     Launch com.zipkero.ResourceRunner
2026-10-04 15:52:05.062 xcodebuild[44119:52637050] [MT] IDELaunchParametersSnapshot: The operation couldn’t be completed. (DebuggerLLDB.DebuggerVersionStore.StoreError error 0.)
2026-10-04 15:52:05.062 xcodebuild[44119:52637050] [MT] IDELaunchParametersSnapshot: no debugger version
    t =     7.33s         Wait for accessibility to load
    t =     7.52s         Setting up automation session
    t =     7.53s         Wait for com.zipkero.ResourceRunner to idle
    t =     7.53s Waiting 5.0s for StatusItem (First Match) to exist
    t =     8.57s     Checking `Expect predicate `existsNoRetry == 1` for object StatusItem (First Match)`
    t =     8.57s         Checking existence of `StatusItem (First Match)`
    t =     8.59s Click StatusItem (First Match)
    t =     8.59s     Wait for com.zipkero.ResourceRunner to idle
    t =     8.60s     Find the StatusItem (First Match)
    t =     8.62s     Check for interrupting elements affecting "ResourceRunner, 낮음" StatusItem
    t =     8.62s     Open com.zipkero.ResourceRunner
    t =     8.62s         Activate com.zipkero.ResourceRunner
    t =     8.64s             Wait for com.zipkero.ResourceRunner to idle
    t =     8.67s     Synthesize event
    t =     9.07s     Wait for com.zipkero.ResourceRunner to idle
    t =     9.08s Waiting 5.0s for "DashboardContainer" Any to exist
    t =    10.12s     Checking `Expect predicate `existsNoRetry == 1` for object "DashboardContainer" Any`
    t =    10.12s         Checking existence of `"DashboardContainer" Any`
    t =    10.16s Checking existence of `"MemoryCard" Any`
    t =    10.21s Find the "DashboardContainer" Any
    t =    10.24s Type '2' key with modifiers '⌘' (0x10)
    t =    10.24s     Wait for com.zipkero.ResourceRunner to idle
    t =    10.24s     Find the Target Application 'com.zipkero.ResourceRunner'
    t =    10.26s     Check for interrupting elements affecting "ResourceRunner" Application
    t =    10.26s     Synthesize event
    t =    10.39s     Wait for com.zipkero.ResourceRunner to idle
    t =    10.39s Waiting 2.0s for "DashboardDetail" Any to exist
    t =    11.41s     Checking `Expect predicate `existsNoRetry == 1` for object "DashboardDetail" Any`
    t =    11.42s         Checking existence of `"DashboardDetail" Any`
    t =    11.48s Find the "DashboardDetail" Any
VIEWPORT_FRAME cards=2 top=2 visible=(0.0, 0.0, 1728.0, 1084.0) body=(940.0, 54.0, 280.0, 185.0) detail=(1225.0, 54.0, 400.0, 480.0)
    t =    11.52s Find the "DashboardDetail" ScrollView
    t =    11.56s Find the "DashboardDetail" ScrollView
    t =    11.60s Find the "DashboardDetail" ScrollView
    t =    11.64s Find the "DashboardDetail" ScrollView
    t =    11.68s Find the "DashboardDetail" ScrollView
    t =    11.72s Find the "DashboardDetail" ScrollView
    t =    11.76s Find the "DashboardContainer" Group
    t =    11.78s Terminate com.zipkero.ResourceRunner:45468
    t =    12.86s Open com.zipkero.ResourceRunner
    t =    12.86s     Launch com.zipkero.ResourceRunner
2026-10-04 15:52:10.890 xcodebuild[44119:52637050] [MT] IDELaunchParametersSnapshot: The operation couldn’t be completed. (DebuggerLLDB.DebuggerVersionStore.StoreError error 0.)
2026-10-04 15:52:10.890 xcodebuild[44119:52637050] [MT] IDELaunchParametersSnapshot: no debugger version
    t =    13.13s         Wait for accessibility to load
    t =    13.28s         Setting up automation session
    t =    13.30s         Wait for com.zipkero.ResourceRunner to idle
    t =    13.30s Waiting 5.0s for StatusItem (First Match) to exist
    t =    14.30s     Checking `Expect predicate `existsNoRetry == 1` for object StatusItem (First Match)`
    t =    14.31s         Checking existence of `StatusItem (First Match)`
    t =    14.33s Click StatusItem (First Match)
    t =    14.33s     Wait for com.zipkero.ResourceRunner to idle
    t =    14.33s     Find the StatusItem (First Match)
    t =    14.35s     Check for interrupting elements affecting "ResourceRunner, 낮음" StatusItem
    t =    14.35s     Open com.zipkero.ResourceRunner
    t =    14.36s         Activate com.zipkero.ResourceRunner
    t =    14.36s             Wait for com.zipkero.ResourceRunner to idle
    t =    14.37s     Synthesize event
    t =    14.77s     Wait for com.zipkero.ResourceRunner to idle
    t =    14.77s Waiting 5.0s for "DashboardContainer" Any to exist
    t =    15.78s     Checking `Expect predicate `existsNoRetry == 1` for object "DashboardContainer" Any`
    t =    15.78s         Checking existence of `"DashboardContainer" Any`
    t =    15.83s Checking existence of `"NetworkCard" Any`
    t =    15.88s Find the "DashboardContainer" Any
    t =    15.90s Type '3' key with modifiers '⌘' (0x10)
    t =    15.90s     Wait for com.zipkero.ResourceRunner to idle
    t =    15.91s     Find the Target Application 'com.zipkero.ResourceRunner'
    t =    15.93s     Check for interrupting elements affecting "ResourceRunner" Application
    t =    15.93s     Synthesize event
    t =    16.04s     Wait for com.zipkero.ResourceRunner to idle
    t =    16.05s Waiting 2.0s for "NetworkDetail" Any to exist
    t =    17.08s     Checking `Expect predicate `existsNoRetry == 1` for object "NetworkDetail" Any`
    t =    17.08s         Checking existence of `"NetworkDetail" Any`
    t =    17.15s Find the "NetworkDetail" Any
VIEWPORT_FRAME cards=6 top=3 visible=(0.0, 0.0, 1728.0, 1084.0) body=(940.0, 54.0, 280.0, 303.0) detail=(1225.0, 54.0, 400.0, 480.0)
    t =    17.20s Find the "NetworkDetail" ScrollView
    t =    17.24s Find the "NetworkDetail" ScrollView
    t =    17.28s Find the "NetworkDetail" ScrollView
    t =    17.35s Find the "NetworkDetail" ScrollView
    t =    17.39s Find the "NetworkDetail" ScrollView
    t =    17.43s Find the "NetworkDetail" ScrollView
    t =    17.47s Find the "DashboardContainer" Group
    t =    17.49s Terminate com.zipkero.ResourceRunner:45593
    t =    18.57s Open com.zipkero.ResourceRunner
    t =    18.58s     Launch com.zipkero.ResourceRunner
2026-10-04 15:52:16.602 xcodebuild[44119:52637050] [MT] IDELaunchParametersSnapshot: The operation couldn’t be completed. (DebuggerLLDB.DebuggerVersionStore.StoreError error 0.)
2026-10-04 15:52:16.602 xcodebuild[44119:52637050] [MT] IDELaunchParametersSnapshot: no debugger version
    t =    18.85s         Wait for accessibility to load
    t =    19.01s         Setting up automation session
    t =    19.02s         Wait for com.zipkero.ResourceRunner to idle
    t =    19.02s Waiting 5.0s for StatusItem (First Match) to exist
    t =    20.04s     Checking `Expect predicate `existsNoRetry == 1` for object StatusItem (First Match)`
    t =    20.04s         Checking existence of `StatusItem (First Match)`
    t =    20.07s Click StatusItem (First Match)
    t =    20.07s     Wait for com.zipkero.ResourceRunner to idle
    t =    20.07s     Find the StatusItem (First Match)
    t =    20.09s     Check for interrupting elements affecting "ResourceRunner, 낮음" StatusItem
    t =    20.09s     Open com.zipkero.ResourceRunner
    t =    20.09s         Activate com.zipkero.ResourceRunner
    t =    20.10s             Wait for com.zipkero.ResourceRunner to idle
    t =    20.11s     Synthesize event
    t =    20.55s     Wait for com.zipkero.ResourceRunner to idle
    t =    20.55s Waiting 5.0s for "DashboardContainer" Any to exist
    t =    21.58s     Checking `Expect predicate `existsNoRetry == 1` for object "DashboardContainer" Any`
    t =    21.58s         Checking existence of `"DashboardContainer" Any`
    t =    21.63s Checking existence of `"DiskCard" Any`
    t =    21.68s Find the "DashboardContainer" Any
    t =    21.70s Type '4' key with modifiers '⌘' (0x10)
    t =    21.70s     Wait for com.zipkero.ResourceRunner to idle
    t =    21.71s     Find the Target Application 'com.zipkero.ResourceRunner'
    t =    21.73s     Check for interrupting elements affecting "ResourceRunner" Application
    t =    21.73s     Synthesize event
    t =    21.86s     Wait for com.zipkero.ResourceRunner to idle
    t =    21.86s Waiting 2.0s for "DiskDetail" Any to exist
    t =    22.89s     Checking `Expect predicate `existsNoRetry == 1` for object "DiskDetail" Any`
    t =    22.89s         Checking existence of `"DiskDetail" Any`
    t =    22.95s Find the "DiskDetail" Any
VIEWPORT_FRAME cards=15 top=3 visible=(0.0, 0.0, 1728.0, 1084.0) body=(940.0, 54.0, 280.0, 668.0) detail=(1225.0, 418.0, 400.0, 480.0)
    t =    22.99s Find the "DiskDetail" ScrollView
    t =    23.03s Find the "DiskDetail" ScrollView
    t =    23.09s Find the "DiskDetail" ScrollView
    t =    23.13s Find the "DiskDetail" ScrollView
    t =    23.17s Find the "DiskDetail" ScrollView
    t =    23.21s Find the "DiskDetail" ScrollView
    t =    23.25s Find the "DashboardContainer" Group
    t =    23.27s Terminate com.zipkero.ResourceRunner:45691
    t =    24.34s Tear Down
Test Case '-[ResourceRunnerUITests.DashboardViewportUITests testActualLastCardAndMemoryRankingChangesKeepDetailWithinVisibleScreen]' passed (24.524 seconds).
Test Case '-[ResourceRunnerUITests.DashboardViewportUITests testHiddenShortcutAndLiveSelectionRemovalRestoreFocusToFirstVisibleCard]' started.
    t =     0.00s Start Test at 2026-10-04 15:52:22.548
    t =     0.13s Set Up
    t =     0.13s Open com.zipkero.ResourceRunner
    t =     0.13s     Launch com.zipkero.ResourceRunner
2026-10-04 15:52:22.679 xcodebuild[44119:52637050] [MT] IDELaunchParametersSnapshot: The operation couldn’t be completed. (DebuggerLLDB.DebuggerVersionStore.StoreError error 0.)
2026-10-04 15:52:22.679 xcodebuild[44119:52637050] [MT] IDELaunchParametersSnapshot: no debugger version
    t =     0.39s         Wait for accessibility to load
    t =     0.54s         Setting up automation session
    t =     0.55s         Wait for com.zipkero.ResourceRunner to idle
    t =     0.55s Waiting 5.0s for StatusItem (First Match) to exist
    t =     1.57s     Checking `Expect predicate `existsNoRetry == 1` for object StatusItem (First Match)`
    t =     1.57s         Checking existence of `StatusItem (First Match)`
    t =     1.60s Click StatusItem (First Match)
    t =     1.60s     Wait for com.zipkero.ResourceRunner to idle
    t =     1.60s     Find the StatusItem (First Match)
    t =     1.62s     Check for interrupting elements affecting "ResourceRunner, 낮음" StatusItem
    t =     1.62s     Open com.zipkero.ResourceRunner
    t =     1.62s         Activate com.zipkero.ResourceRunner
    t =     1.63s             Wait for com.zipkero.ResourceRunner to idle
    t =     1.63s     Synthesize event
    t =     2.04s     Wait for com.zipkero.ResourceRunner to idle
    t =     2.05s Waiting 5.0s for "DashboardContainer" Any to exist
    t =     3.07s     Checking `Expect predicate `existsNoRetry == 1` for object "DashboardContainer" Any`
    t =     3.07s         Checking existence of `"DashboardContainer" Any`
    t =     3.12s Type '4' key with modifiers '⌘' (0x10)
    t =     3.12s     Wait for com.zipkero.ResourceRunner to idle
    t =     3.12s     Find the Target Application 'com.zipkero.ResourceRunner'
    t =     3.26s     Check for interrupting elements affecting "ResourceRunner" Application
    t =     3.26s     Synthesize event
    t =     3.32s     Wait for com.zipkero.ResourceRunner to idle
    t =     3.33s Checking existence of `"DashboardDetail" Any`
    t =     3.37s Type '2' key with modifiers '⌘' (0x10)
    t =     3.37s     Wait for com.zipkero.ResourceRunner to idle
    t =     3.37s     Find the Target Application 'com.zipkero.ResourceRunner'
    t =     3.39s     Check for interrupting elements affecting "ResourceRunner" Application
    t =     3.39s     Synthesize event
    t =     3.48s     Wait for com.zipkero.ResourceRunner to idle
    t =     3.49s Waiting 2.0s for "DashboardDetail" Any to exist
    t =     4.50s     Checking `Expect predicate `existsNoRetry == 1` for object "DashboardDetail" Any`
    t =     4.50s         Checking existence of `"DashboardDetail" Any`
    t =     4.57s Type '2' key with modifiers '⌘⇧' (0x12)
    t =     4.57s     Wait for com.zipkero.ResourceRunner to idle
    t =     4.59s     Find the Target Application 'com.zipkero.ResourceRunner'
    t =     4.62s     Check for interrupting elements affecting "ResourceRunner" Application
    t =     4.62s     Synthesize event
    t =     4.73s     Wait for com.zipkero.ResourceRunner to idle
    t =     4.73s Checking existence of `"MemoryCard" Any`
    t =     4.77s Checking existence of `"CPUCard" Any`
    t =     4.81s Checking existence of `"DashboardDetail" Any`
    t =     4.84s Type '2' key with modifiers '⌘' (0x10)
    t =     4.84s     Wait for com.zipkero.ResourceRunner to idle
    t =     4.84s     Find the Target Application 'com.zipkero.ResourceRunner'
    t =     4.86s     Check for interrupting elements affecting "ResourceRunner" Application
    t =     4.86s     Synthesize event
    t =     4.95s     Wait for com.zipkero.ResourceRunner to idle
    t =     4.95s Checking existence of `"DashboardDetail" Any`
    t =     5.25s Type '↩' key (XCUIKeyboardKeyReturn) with no modifiers
    t =     5.25s     Wait for com.zipkero.ResourceRunner to idle
    t =     5.26s     Find the Target Application 'com.zipkero.ResourceRunner'
    t =     5.30s     Check for interrupting elements affecting "ResourceRunner" Application
    t =     5.30s     Synthesize event
    t =     5.44s     Wait for com.zipkero.ResourceRunner to idle
    t =     5.44s Waiting 2.0s for "DashboardDetail" Any to exist
    t =     6.46s     Checking `Expect predicate `existsNoRetry == 1` for object "DashboardDetail" Any`
    t =     6.47s         Checking existence of `"DashboardDetail" Any`
    t =     6.54s Type '↩' key (XCUIKeyboardKeyReturn) with no modifiers
    t =     6.54s     Wait for com.zipkero.ResourceRunner to idle
    t =     6.54s     Find the Target Application 'com.zipkero.ResourceRunner'
    t =     6.69s     Check for interrupting elements affecting "ResourceRunner" Application
    t =     6.69s     Synthesize event
    t =     6.76s     Wait for com.zipkero.ResourceRunner to idle
    t =     6.76s Checking existence of `"DashboardDetail" Any`
    t =     7.05s Type ' ' key (XCUIKeyboardKeySpace) with no modifiers
    t =     7.05s     Wait for com.zipkero.ResourceRunner to idle
    t =     7.06s     Find the Target Application 'com.zipkero.ResourceRunner'
    t =     7.09s     Check for interrupting elements affecting "ResourceRunner" Application
    t =     7.09s     Synthesize event
    t =     7.23s     Wait for com.zipkero.ResourceRunner to idle
    t =     7.24s Waiting 2.0s for "DashboardDetail" Any to exist
    t =     8.26s     Checking `Expect predicate `existsNoRetry == 1` for object "DashboardDetail" Any`
    t =     8.26s         Checking existence of `"DashboardDetail" Any`
    t =     8.32s Type '1' key with modifiers '⌘⇧' (0x12)
    t =     8.32s     Wait for com.zipkero.ResourceRunner to idle
    t =     8.33s     Find the Target Application 'com.zipkero.ResourceRunner'
    t =     8.37s     Check for interrupting elements affecting "ResourceRunner" Application
    t =     8.37s     Synthesize event
    t =     8.50s     Wait for com.zipkero.ResourceRunner to idle
    t =     8.50s Checking existence of `"CPUCard" Any`
    t =     8.55s Checking existence of `"DashboardDetail" Any`
    t =     8.58s Waiting 2.0s for "DashboardOpenSettings" Button to exist
    t =     9.59s     Checking `Expect predicate `existsNoRetry == 1` for object "DashboardOpenSettings" Button`
    t =     9.59s         Checking existence of `"DashboardOpenSettings" Button`
    t =     9.63s Type '1' key with modifiers '⌘' (0x10)
    t =     9.63s     Wait for com.zipkero.ResourceRunner to idle
    t =     9.64s     Find the Target Application 'com.zipkero.ResourceRunner'
    t =     9.66s     Check for interrupting elements affecting "ResourceRunner" Application
    t =     9.66s     Synthesize event
    t =     9.73s     Wait for com.zipkero.ResourceRunner to idle
    t =     9.74s Checking existence of `"DashboardDetail" Any`
    t =     9.78s Tear Down
Test Case '-[ResourceRunnerUITests.DashboardViewportUITests testHiddenShortcutAndLiveSelectionRemovalRestoreFocusToFirstVisibleCard]' passed (10.096 seconds).
Test Suite 'DashboardViewportUITests' passed at 2026-10-04 15:52:32.644.
	 Executed 2 tests, with 0 failures (0 unexpected) in 34.619 (34.622) seconds
Test Suite 'SettingsWindowUITests' started at 2026-10-04 15:52:32.646.
Test Case '-[ResourceRunnerUITests.SettingsWindowUITests testAllCardsOffOpensSettingsAndRestoresVisibleCard]' started.
    t =     0.00s Start Test at 2026-10-04 15:52:32.648
    t =     0.10s Set Up
    t =     0.10s Open com.zipkero.ResourceRunner
    t =     0.10s     Launch com.zipkero.ResourceRunner
    t =     0.11s         Terminate com.zipkero.ResourceRunner:45809
2026-10-04 15:52:33.826 xcodebuild[44119:52637050] [MT] IDELaunchParametersSnapshot: The operation couldn’t be completed. (DebuggerLLDB.DebuggerVersionStore.StoreError error 0.)
2026-10-04 15:52:33.826 xcodebuild[44119:52637050] [MT] IDELaunchParametersSnapshot: no debugger version
    t =     1.45s         Wait for accessibility to load
    t =     1.60s         Setting up automation session
    t =     1.61s         Wait for com.zipkero.ResourceRunner to idle
    t =     1.61s Waiting 5.0s for StatusItem (First Match) to exist
    t =     2.65s     Checking `Expect predicate `existsNoRetry == 1` for object StatusItem (First Match)`
    t =     2.65s         Checking existence of `StatusItem (First Match)`
    t =     2.67s Click StatusItem (First Match)
    t =     2.67s     Wait for com.zipkero.ResourceRunner to idle
    t =     2.67s     Find the StatusItem (First Match)
    t =     2.69s     Check for interrupting elements affecting "ResourceRunner, 낮음" StatusItem
    t =     2.69s     Open com.zipkero.ResourceRunner
    t =     2.70s         Activate com.zipkero.ResourceRunner
    t =     2.71s             Wait for com.zipkero.ResourceRunner to idle
    t =     2.71s     Synthesize event
    t =     3.09s     Wait for com.zipkero.ResourceRunner to idle
    t =     3.09s Waiting 3.0s for "DashboardOpenSettings" Button to exist
    t =     4.09s     Checking `Expect predicate `existsNoRetry == 1` for object "DashboardOpenSettings" Button`
    t =     4.10s         Checking existence of `"DashboardOpenSettings" Button`
    t =     4.16s Click "DashboardOpenSettings" Button
    t =     4.16s     Wait for com.zipkero.ResourceRunner to idle
    t =     4.16s     Find the "DashboardOpenSettings" Button
    t =     4.19s     Check for interrupting elements affecting "DashboardOpenSettings" Button
    t =     4.20s     Synthesize event
    t =     4.58s     Wait for com.zipkero.ResourceRunner to idle
    t =     4.59s Waiting 3.0s for "ResourceRunner 설정" Window to exist
    t =     5.62s     Checking `Expect predicate `existsNoRetry == 1` for object "ResourceRunner 설정" Window`
    t =     5.62s         Checking existence of `"ResourceRunner 설정" Window`
    t =     6.53s Requesting snapshot of accessibility hierarchy for app with pid 46101
    t =     6.63s Requesting snapshot of accessibility hierarchy for app with pid 46101
    t =     6.70s Waiting 3.0s for "SettingsCPUCard" Switch to exist
    t =     7.71s     Checking `Expect predicate `existsNoRetry == 1` for object "SettingsCPUCard" Switch`
    t =     7.71s         Checking existence of `"SettingsCPUCard" Switch`
    t =     7.78s Find the "SettingsCPUCard" Switch
    t =     7.83s Click "SettingsCPUCard" Switch
    t =     7.83s     Wait for com.zipkero.ResourceRunner to idle
    t =     7.83s     Find the "SettingsCPUCard" Switch
    t =     7.88s     Check for interrupting elements affecting "SettingsCPUCard" Switch
    t =     7.89s     Synthesize event
    t =     8.30s     Wait for com.zipkero.ResourceRunner to idle
    t =     8.30s Find the "SettingsCPUCard" Switch
    t =     8.35s Click "_XCUI:CloseWindow" Button
    t =     8.36s     Wait for com.zipkero.ResourceRunner to idle
    t =     8.36s     Find the "_XCUI:CloseWindow" Button
    t =     8.42s     Check for interrupting elements affecting "_XCUI:CloseWindow" Button
    t =     8.43s     Synthesize event
    t =     8.79s     Wait for com.zipkero.ResourceRunner to idle
    t =     8.79s Checking existence of `"CPUCard" Button`
    t =     8.83s Click "ResourceRunner, 낮음" StatusItem
    t =     8.83s     Wait for com.zipkero.ResourceRunner to idle
    t =     8.83s     Find the "ResourceRunner, 낮음" StatusItem
    t =     8.85s     Check for interrupting elements affecting "ResourceRunner, 낮음" StatusItem
    t =     8.85s     Synthesize event
    t =     9.23s     Wait for com.zipkero.ResourceRunner to idle
    t =     9.23s Waiting 3.0s for "CPUCard" Button to exist
    t =    10.24s     Checking `Expect predicate `existsNoRetry == 1` for object "CPUCard" Button`
    t =    10.24s         Checking existence of `"CPUCard" Button`
    t =    10.29s Tear Down
Test Case '-[ResourceRunnerUITests.SettingsWindowUITests testAllCardsOffOpensSettingsAndRestoresVisibleCard]' passed (10.542 seconds).
Test Case '-[ResourceRunnerUITests.SettingsWindowUITests testAllOrdinaryControlsAndResetKeepSeparateLoginResult]' started.
    t =     0.00s Start Test at 2026-10-04 15:52:43.191
    t =     0.11s Set Up
    t =     0.11s Open com.zipkero.ResourceRunner
    t =     0.11s     Launch com.zipkero.ResourceRunner
    t =     0.11s         Terminate com.zipkero.ResourceRunner:46101
2026-10-04 15:52:44.374 xcodebuild[44119:52637050] [MT] IDELaunchParametersSnapshot: The operation couldn’t be completed. (DebuggerLLDB.DebuggerVersionStore.StoreError error 0.)
2026-10-04 15:52:44.374 xcodebuild[44119:52637050] [MT] IDELaunchParametersSnapshot: no debugger version
    t =     1.42s         Wait for accessibility to load
    t =     1.58s         Setting up automation session
    t =     1.58s         Wait for com.zipkero.ResourceRunner to idle
    t =     1.59s Waiting 5.0s for StatusItem (First Match) to exist
    t =     2.59s     Checking `Expect predicate `existsNoRetry == 1` for object StatusItem (First Match)`
    t =     2.59s         Checking existence of `StatusItem (First Match)`
    t =     2.62s Right click StatusItem (First Match)
    t =     2.62s     Wait for com.zipkero.ResourceRunner to idle
    t =     2.62s     Find the StatusItem (First Match)
    t =     2.64s     Check for interrupting elements affecting "ResourceRunner, 낮음" StatusItem
    t =     2.64s     Open com.zipkero.ResourceRunner
    t =     2.64s         Activate com.zipkero.ResourceRunner
    t =     2.67s             Wait for com.zipkero.ResourceRunner to idle
    t =     2.69s     Synthesize event
    t =     3.06s     Wait for com.zipkero.ResourceRunner to idle
    t =     3.06s Waiting 3.0s for "openSettingsFromMenu:" MenuItem to exist
    t =     4.09s     Checking `Expect predicate `existsNoRetry == 1` for object "openSettingsFromMenu:" MenuItem`
    t =     4.09s         Checking existence of `"openSettingsFromMenu:" MenuItem`
    t =     4.15s Click "openSettingsFromMenu:" MenuItem
    t =     4.15s     Wait for com.zipkero.ResourceRunner to idle
    t =     4.15s     Find the "openSettingsFromMenu:" MenuItem
    t =     4.18s     Check for interrupting elements affecting "openSettingsFromMenu:" MenuItem
    t =     4.18s     Synthesize event
    t =     4.19s         Checking existence of `"openSettingsFromMenu:" MenuItem`
    t =     4.20s         Hover menu item '설정…'
    t =     4.20s             Wait for com.zipkero.ResourceRunner to idle
    t =     4.21s             Find the "openSettingsFromMenu:" MenuItem
    t =     4.23s             Check for interrupting elements affecting "openSettingsFromMenu:" MenuItem
    t =     4.23s             Synthesize event
    t =     4.45s             Wait for com.zipkero.ResourceRunner to idle
    t =     4.46s         Find the "openSettingsFromMenu:" MenuItem
    t =     5.22s     Wait for com.zipkero.ResourceRunner to idle
    t =     5.26s Waiting 3.0s for "ResourceRunner 설정" Window to exist
    t =     6.29s     Checking `Expect predicate `existsNoRetry == 1` for object "ResourceRunner 설정" Window`
    t =     6.29s         Checking existence of `"ResourceRunner 설정" Window`
    t =     6.38s Checking existence of `"SettingsCPUCard" Switch`
    t =     6.42s Find the "SettingsCPUCard" Switch
    t =     6.46s Click "SettingsCPUCard" Switch
    t =     6.46s     Wait for com.zipkero.ResourceRunner to idle
    t =     6.47s     Find the "SettingsCPUCard" Switch
    t =     6.51s     Check for interrupting elements affecting "SettingsCPUCard" Switch
    t =     6.52s     Synthesize event
    t =     6.89s     Wait for com.zipkero.ResourceRunner to idle
    t =     6.90s Find the "SettingsCPUCard" Switch
    t =     6.95s Checking existence of `"SettingsMemoryCard" Switch`
    t =     7.00s Find the "SettingsMemoryCard" Switch
    t =     7.05s Click "SettingsMemoryCard" Switch
    t =     7.05s     Wait for com.zipkero.ResourceRunner to idle
    t =     7.05s     Find the "SettingsMemoryCard" Switch
    t =     7.10s     Check for interrupting elements affecting "SettingsMemoryCard" Switch
    t =     7.12s     Synthesize event
    t =     7.48s     Wait for com.zipkero.ResourceRunner to idle
    t =     7.49s Find the "SettingsMemoryCard" Switch
    t =     7.54s Checking existence of `"SettingsNetworkCard" Switch`
    t =     7.59s Find the "SettingsNetworkCard" Switch
    t =     7.64s Click "SettingsNetworkCard" Switch
    t =     7.64s     Wait for com.zipkero.ResourceRunner to idle
    t =     7.64s     Find the "SettingsNetworkCard" Switch
    t =     7.68s     Check for interrupting elements affecting "SettingsNetworkCard" Switch
    t =     7.70s     Synthesize event
    t =     8.07s     Wait for com.zipkero.ResourceRunner to idle
    t =     8.08s Find the "SettingsNetworkCard" Switch
    t =     8.13s Checking existence of `"SettingsDiskCard" Switch`
    t =     8.19s Find the "SettingsDiskCard" Switch
    t =     8.24s Click "SettingsDiskCard" Switch
    t =     8.24s     Wait for com.zipkero.ResourceRunner to idle
    t =     8.24s     Find the "SettingsDiskCard" Switch
    t =     8.28s     Check for interrupting elements affecting "SettingsDiskCard" Switch
    t =     8.30s     Synthesize event
    t =     8.66s     Wait for com.zipkero.ResourceRunner to idle
    t =     8.67s Find the "SettingsDiskCard" Switch
    t =     8.73s Checking existence of `"SettingsCPUTop5" Switch`
    t =     8.78s Find the "SettingsCPUTop5" Switch
    t =     8.83s Click "SettingsCPUTop5" Switch
    t =     8.83s     Wait for com.zipkero.ResourceRunner to idle
    t =     8.84s     Find the "SettingsCPUTop5" Switch
    t =     8.88s     Check for interrupting elements affecting "SettingsCPUTop5" Switch
    t =     8.90s     Synthesize event
    t =     9.27s     Wait for com.zipkero.ResourceRunner to idle
    t =     9.28s Find the "SettingsCPUTop5" Switch
    t =     9.33s Checking existence of `"SettingsMemoryTop5" Switch`
    t =     9.38s Find the "SettingsMemoryTop5" Switch
    t =     9.43s Click "SettingsMemoryTop5" Switch
    t =     9.43s     Wait for com.zipkero.ResourceRunner to idle
    t =     9.43s     Find the "SettingsMemoryTop5" Switch
    t =     9.48s     Check for interrupting elements affecting "SettingsMemoryTop5" Switch
    t =     9.50s     Synthesize event
    t =     9.85s     Wait for com.zipkero.ResourceRunner to idle
    t =     9.86s Find the "SettingsMemoryTop5" Switch
    t =     9.92s Checking existence of `"SettingsGraphRange" PopUpButton`
    t =     9.96s Click "SettingsGraphRange" PopUpButton
    t =     9.96s     Wait for com.zipkero.ResourceRunner to idle
    t =     9.97s     Find the "SettingsGraphRange" PopUpButton
    t =    10.02s     Check for interrupting elements affecting "SettingsGraphRange" PopUpButton
    t =    10.04s     Synthesize event
    t =    10.41s     Wait for com.zipkero.ResourceRunner to idle
    t =    10.42s Click "최근 1분" MenuItem
    t =    10.42s     Wait for com.zipkero.ResourceRunner to idle
    t =    10.42s     Find the "최근 1분" MenuItem
    t =    10.47s     Check for interrupting elements affecting "menuAction:" MenuItem
    t =    10.48s     Synthesize event
    t =    10.48s         Checking existence of `"menuAction:" MenuItem`
    t =    10.52s         Hover menu item '최근 1분'
    t =    10.52s             Wait for com.zipkero.ResourceRunner to idle
    t =    10.53s             Find the "menuAction:" MenuItem
    t =    10.57s             Check for interrupting elements affecting "menuAction:" MenuItem
    t =    10.58s             Synthesize event
    t =    10.80s             Wait for com.zipkero.ResourceRunner to idle
    t =    10.81s         Find the "menuAction:" MenuItem
    t =    11.60s     Wait for com.zipkero.ResourceRunner to idle
    t =    11.60s Find the "SettingsGraphRange" PopUpButton
    t =    11.67s Checking existence of `"SettingsRefreshProfile" PopUpButton`
    t =    11.71s Click "SettingsRefreshProfile" PopUpButton
    t =    11.71s     Wait for com.zipkero.ResourceRunner to idle
    t =    11.72s     Find the "SettingsRefreshProfile" PopUpButton
    t =    11.76s     Check for interrupting elements affecting "SettingsRefreshProfile" PopUpButton
    t =    11.77s     Synthesize event
    t =    12.13s     Wait for com.zipkero.ResourceRunner to idle
    t =    12.14s Click "매우 절전" MenuItem
    t =    12.14s     Wait for com.zipkero.ResourceRunner to idle
    t =    12.14s     Find the "매우 절전" MenuItem
    t =    12.20s     Check for interrupting elements affecting "menuAction:" MenuItem
    t =    12.20s     Synthesize event
    t =    12.21s         Checking existence of `"menuAction:" MenuItem`
    t =    12.25s         Hover menu item '매우 절전'
    t =    12.25s             Wait for com.zipkero.ResourceRunner to idle
    t =    12.25s             Find the "menuAction:" MenuItem
    t =    12.29s             Check for interrupting elements affecting "menuAction:" MenuItem
    t =    12.29s             Synthesize event
    t =    12.50s             Wait for com.zipkero.ResourceRunner to idle
    t =    12.51s         Find the "menuAction:" MenuItem
    t =    13.34s     Wait for com.zipkero.ResourceRunner to idle
    t =    13.35s Find the "SettingsRefreshProfile" PopUpButton
    t =    13.41s Click "SettingsRestoreDefaults" Button
    t =    13.41s     Wait for com.zipkero.ResourceRunner to idle
    t =    13.42s     Find the "SettingsRestoreDefaults" Button
    t =    13.57s     Check for interrupting elements affecting "SettingsRestoreDefaults" Button
    t =    13.59s     Synthesize event
    t =    13.64s         Scroll element to visible
    t =    13.65s             Scroll ScrollView (Identity Binding) by dx: 133.00, dy: -541.50
    t =    13.65s                 Wait for com.zipkero.ResourceRunner to idle
    t =    13.65s                 Find the ScrollView (Identity Binding)
    t =    13.69s                 Check for interrupting elements affecting ScrollView
    t =    13.70s                 Synthesize event
    t =    14.03s                 Wait for com.zipkero.ResourceRunner to idle
    t =    14.03s         Find the "SettingsRestoreDefaults" Button
    t =    14.53s     Wait for com.zipkero.ResourceRunner to idle
    t =    14.54s Find the "SettingsOrdinaryRestoreResult" StaticText
    t =    14.60s Waiting 3.0s for "SettingsLoginRestoreResult" StaticText to exist
    t =    15.62s     Checking `Expect predicate `existsNoRetry == 1` for object "SettingsLoginRestoreResult" StaticText`
    t =    15.62s         Checking existence of `"SettingsLoginRestoreResult" StaticText`
    t =    15.70s Find the "SettingsCPUCard" Switch
    t =    15.74s Find the "SettingsMemoryCard" Switch
    t =    15.79s Find the "SettingsNetworkCard" Switch
    t =    15.83s Find the "SettingsDiskCard" Switch
    t =    15.88s Find the "SettingsCPUTop5" Switch
    t =    15.92s Find the "SettingsMemoryTop5" Switch
    t =    15.96s Find the "SettingsGraphRange" PopUpButton
    t =    16.01s Find the "SettingsRefreshProfile" PopUpButton
    t =    16.05s Tear Down
Test Case '-[ResourceRunnerUITests.SettingsWindowUITests testAllOrdinaryControlsAndResetKeepSeparateLoginResult]' passed (16.320 seconds).
Test Case '-[ResourceRunnerUITests.SettingsWindowUITests testApprovalCanBeUnregisteredByKeyboard]' started.
    t =     0.00s Start Test at 2026-10-04 15:52:59.513
    t =     0.10s Set Up
    t =     0.10s Open com.zipkero.ResourceRunner
    t =     0.10s     Launch com.zipkero.ResourceRunner
    t =     0.10s         Terminate com.zipkero.ResourceRunner:46310
2026-10-04 15:53:00.684 xcodebuild[44119:52637050] [MT] IDELaunchParametersSnapshot: The operation couldn’t be completed. (DebuggerLLDB.DebuggerVersionStore.StoreError error 0.)
2026-10-04 15:53:00.684 xcodebuild[44119:52637050] [MT] IDELaunchParametersSnapshot: no debugger version
    t =     1.43s         Wait for accessibility to load
    t =     1.59s         Setting up automation session
    t =     1.60s         Wait for com.zipkero.ResourceRunner to idle
    t =     1.60s Waiting 5.0s for StatusItem (First Match) to exist
    t =     2.62s     Checking `Expect predicate `existsNoRetry == 1` for object StatusItem (First Match)`
    t =     2.62s         Checking existence of `StatusItem (First Match)`
    t =     2.65s Right click StatusItem (First Match)
    t =     2.65s     Wait for com.zipkero.ResourceRunner to idle
    t =     2.65s     Find the StatusItem (First Match)
    t =     2.67s     Check for interrupting elements affecting "ResourceRunner, 낮음" StatusItem
    t =     2.68s     Open com.zipkero.ResourceRunner
    t =     2.68s         Activate com.zipkero.ResourceRunner
    t =     2.69s             Wait for com.zipkero.ResourceRunner to idle
    t =     2.69s     Synthesize event
    t =     3.15s     Wait for com.zipkero.ResourceRunner to idle
    t =     3.16s Waiting 3.0s for "openSettingsFromMenu:" MenuItem to exist
    t =     4.18s     Checking `Expect predicate `existsNoRetry == 1` for object "openSettingsFromMenu:" MenuItem`
    t =     4.18s         Checking existence of `"openSettingsFromMenu:" MenuItem`
    t =     4.24s Click "openSettingsFromMenu:" MenuItem
    t =     4.24s     Wait for com.zipkero.ResourceRunner to idle
    t =     4.24s     Find the "openSettingsFromMenu:" MenuItem
    t =     4.27s     Check for interrupting elements affecting "openSettingsFromMenu:" MenuItem
    t =     4.27s     Synthesize event
    t =     4.27s         Checking existence of `"openSettingsFromMenu:" MenuItem`
    t =     4.29s         Hover menu item '설정…'
    t =     4.29s             Wait for com.zipkero.ResourceRunner to idle
    t =     4.29s             Find the "openSettingsFromMenu:" MenuItem
    t =     4.42s             Check for interrupting elements affecting "openSettingsFromMenu:" MenuItem
    t =     4.42s             Synthesize event
    t =     4.64s             Wait for com.zipkero.ResourceRunner to idle
    t =     4.64s         Find the "openSettingsFromMenu:" MenuItem
    t =     5.41s     Wait for com.zipkero.ResourceRunner to idle
    t =     5.45s Waiting 3.0s for "ResourceRunner 설정" Window to exist
    t =     6.47s     Checking `Expect predicate `existsNoRetry == 1` for object "ResourceRunner 설정" Window`
    t =     6.47s         Checking existence of `"ResourceRunner 설정" Window`
    t =     6.56s Requesting snapshot of accessibility hierarchy for app with pid 46625
    t =     6.63s Requesting snapshot of accessibility hierarchy for app with pid 46625
    t =     6.70s Type '⇥' key (XCUIKeyboardKeyTab) with no modifiers
    t =     6.70s     Wait for com.zipkero.ResourceRunner to idle
    t =     6.70s     Find the Target Application 'com.zipkero.ResourceRunner'
    t =     6.73s     Check for interrupting elements affecting "ResourceRunner" Application
    t =     6.73s     Synthesize event
    t =     6.82s     Wait for com.zipkero.ResourceRunner to idle
    t =     6.82s Requesting snapshot of accessibility hierarchy for app with pid 46625
    t =     6.90s Requesting snapshot of accessibility hierarchy for app with pid 46625
    t =     6.97s Type '⇥' key (XCUIKeyboardKeyTab) with no modifiers
    t =     6.97s     Wait for com.zipkero.ResourceRunner to idle
    t =     6.97s     Find the Target Application 'com.zipkero.ResourceRunner'
    t =     7.00s     Check for interrupting elements affecting "ResourceRunner" Application
    t =     7.00s     Synthesize event
    t =     7.03s     Wait for com.zipkero.ResourceRunner to idle
    t =     7.04s Requesting snapshot of accessibility hierarchy for app with pid 46625
    t =     7.11s Requesting snapshot of accessibility hierarchy for app with pid 46625
    t =     7.18s Type '⇥' key (XCUIKeyboardKeyTab) with no modifiers
    t =     7.18s     Wait for com.zipkero.ResourceRunner to idle
    t =     7.19s     Find the Target Application 'com.zipkero.ResourceRunner'
    t =     7.22s     Check for interrupting elements affecting "ResourceRunner" Application
    t =     7.22s     Synthesize event
    t =     7.26s     Wait for com.zipkero.ResourceRunner to idle
    t =     7.26s Requesting snapshot of accessibility hierarchy for app with pid 46625
    t =     7.33s Requesting snapshot of accessibility hierarchy for app with pid 46625
    t =     7.39s Type '⇥' key (XCUIKeyboardKeyTab) with no modifiers
    t =     7.39s     Wait for com.zipkero.ResourceRunner to idle
    t =     7.39s     Find the Target Application 'com.zipkero.ResourceRunner'
    t =     7.43s     Check for interrupting elements affecting "ResourceRunner" Application
    t =     7.43s     Synthesize event
    t =     7.46s     Wait for com.zipkero.ResourceRunner to idle
    t =     7.46s Requesting snapshot of accessibility hierarchy for app with pid 46625
    t =     7.54s Requesting snapshot of accessibility hierarchy for app with pid 46625
    t =     7.62s Type ' ' key (XCUIKeyboardKeySpace) with no modifiers
    t =     7.62s     Wait for com.zipkero.ResourceRunner to idle
    t =     7.62s     Find the Target Application 'com.zipkero.ResourceRunner'
    t =     7.66s     Check for interrupting elements affecting "ResourceRunner" Application
    t =     7.66s     Synthesize event
    t =     7.75s     Wait for com.zipkero.ResourceRunner to idle
    t =     8.78s Checking `Expect predicate `value CONTAINS "등록되지"` for object "SettingsLoginStatus" StaticText`
    t =     8.79s     Find the "SettingsLoginStatus" StaticText
    t =     8.85s Tear Down
Test Case '-[ResourceRunnerUITests.SettingsWindowUITests testApprovalCanBeUnregisteredByKeyboard]' passed (9.173 seconds).
Test Case '-[ResourceRunnerUITests.SettingsWindowUITests testLoginFailureDoesNotUndoOrdinaryRestore]' started.
    t =     0.00s Start Test at 2026-10-04 15:53:08.688
    t =     0.10s Set Up
    t =     0.10s Open com.zipkero.ResourceRunner
    t =     0.10s     Launch com.zipkero.ResourceRunner
    t =     0.10s         Terminate com.zipkero.ResourceRunner:46625
2026-10-04 15:53:09.867 xcodebuild[44119:52637050] [MT] IDELaunchParametersSnapshot: The operation couldn’t be completed. (DebuggerLLDB.DebuggerVersionStore.StoreError error 0.)
2026-10-04 15:53:09.867 xcodebuild[44119:52637050] [MT] IDELaunchParametersSnapshot: no debugger version
    t =     1.44s         Wait for accessibility to load
    t =     1.59s         Setting up automation session
    t =     1.60s         Wait for com.zipkero.ResourceRunner to idle
    t =     1.60s Waiting 5.0s for StatusItem (First Match) to exist
    t =     2.62s     Checking `Expect predicate `existsNoRetry == 1` for object StatusItem (First Match)`
    t =     2.62s         Checking existence of `StatusItem (First Match)`
    t =     2.65s Right click StatusItem (First Match)
    t =     2.65s     Wait for com.zipkero.ResourceRunner to idle
    t =     2.65s     Find the StatusItem (First Match)
    t =     2.66s     Check for interrupting elements affecting "ResourceRunner, 낮음" StatusItem
    t =     2.66s     Open com.zipkero.ResourceRunner
    t =     2.67s         Activate com.zipkero.ResourceRunner
    t =     2.67s             Wait for com.zipkero.ResourceRunner to idle
    t =     2.67s     Synthesize event
    t =     3.13s     Wait for com.zipkero.ResourceRunner to idle
    t =     3.13s Waiting 3.0s for "openSettingsFromMenu:" MenuItem to exist
    t =     4.14s     Checking `Expect predicate `existsNoRetry == 1` for object "openSettingsFromMenu:" MenuItem`
    t =     4.14s         Checking existence of `"openSettingsFromMenu:" MenuItem`
    t =     4.20s Click "openSettingsFromMenu:" MenuItem
    t =     4.20s     Wait for com.zipkero.ResourceRunner to idle
    t =     4.21s     Find the "openSettingsFromMenu:" MenuItem
    t =     4.23s     Check for interrupting elements affecting "openSettingsFromMenu:" MenuItem
    t =     4.23s     Synthesize event
    t =     4.24s         Checking existence of `"openSettingsFromMenu:" MenuItem`
    t =     4.26s         Hover menu item '설정…'
    t =     4.26s             Wait for com.zipkero.ResourceRunner to idle
    t =     4.26s             Find the "openSettingsFromMenu:" MenuItem
    t =     4.29s             Check for interrupting elements affecting "openSettingsFromMenu:" MenuItem
    t =     4.29s             Synthesize event
    t =     4.51s             Wait for com.zipkero.ResourceRunner to idle
    t =     4.51s         Find the "openSettingsFromMenu:" MenuItem
    t =     5.28s     Wait for com.zipkero.ResourceRunner to idle
    t =     5.32s Waiting 3.0s for "ResourceRunner 설정" Window to exist
    t =     6.34s     Checking `Expect predicate `existsNoRetry == 1` for object "ResourceRunner 설정" Window`
    t =     6.34s         Checking existence of `"ResourceRunner 설정" Window`
    t =     6.43s Click "SettingsCPUCard" Switch
    t =     6.43s     Wait for com.zipkero.ResourceRunner to idle
    t =     6.44s     Find the "SettingsCPUCard" Switch
    t =     6.48s     Check for interrupting elements affecting "SettingsCPUCard" Switch
    t =     6.49s     Synthesize event
    t =     6.90s     Wait for com.zipkero.ResourceRunner to idle
    t =     6.90s Click "SettingsRestoreDefaults" Button
    t =     6.90s     Wait for com.zipkero.ResourceRunner to idle
    t =     6.91s     Find the "SettingsRestoreDefaults" Button
    t =     7.08s     Check for interrupting elements affecting "SettingsRestoreDefaults" Button
    t =     7.10s     Synthesize event
    t =     7.17s         Scroll element to visible
    t =     7.17s             Scroll ScrollView (Identity Binding) by dx: 133.00, dy: -541.50
    t =     7.17s                 Wait for com.zipkero.ResourceRunner to idle
    t =     7.18s                 Find the ScrollView (Identity Binding)
    t =     7.23s                 Check for interrupting elements affecting ScrollView
    t =     7.25s                 Synthesize event
    t =     7.58s                 Wait for com.zipkero.ResourceRunner to idle
    t =     7.59s         Find the "SettingsRestoreDefaults" Button
    t =     8.07s     Wait for com.zipkero.ResourceRunner to idle
    t =     8.08s Find the "SettingsCPUCard" Switch
    t =     8.14s Checking existence of `"SettingsOrdinaryRestoreResult" StaticText`
    t =     9.19s Checking `Expect predicate `value CONTAINS "테스트 해제 실패"` for object "SettingsLoginRestoreResult" StaticText`
    t =     9.19s     Find the "SettingsLoginRestoreResult" StaticText
    t =     9.26s Find the "SettingsLoginStatus" StaticText
    t =     9.30s Requesting snapshot of accessibility hierarchy for app with pid 46829
    t =     9.38s Requesting snapshot of accessibility hierarchy for app with pid 46829
    t =     9.45s Type '⇥' key (XCUIKeyboardKeyTab) with no modifiers
    t =     9.45s     Wait for com.zipkero.ResourceRunner to idle
    t =     9.45s     Find the Target Application 'com.zipkero.ResourceRunner'
    t =     9.49s     Check for interrupting elements affecting "ResourceRunner" Application
    t =     9.49s     Synthesize event
    t =     9.54s     Wait for com.zipkero.ResourceRunner to idle
    t =     9.55s Requesting snapshot of accessibility hierarchy for app with pid 46829
    t =     9.63s Requesting snapshot of accessibility hierarchy for app with pid 46829
    t =     9.69s Type '⇥' key (XCUIKeyboardKeyTab) with no modifiers
    t =     9.69s     Wait for com.zipkero.ResourceRunner to idle
    t =     9.69s     Find the Target Application 'com.zipkero.ResourceRunner'
    t =     9.72s     Check for interrupting elements affecting "ResourceRunner" Application
    t =     9.72s     Synthesize event
    t =     9.78s     Wait for com.zipkero.ResourceRunner to idle
    t =     9.78s Requesting snapshot of accessibility hierarchy for app with pid 46829
    t =     9.85s Requesting snapshot of accessibility hierarchy for app with pid 46829
    t =     9.92s Type '⇥' key (XCUIKeyboardKeyTab) with no modifiers
    t =     9.92s     Wait for com.zipkero.ResourceRunner to idle
    t =     9.92s     Find the Target Application 'com.zipkero.ResourceRunner'
    t =     9.96s     Check for interrupting elements affecting "ResourceRunner" Application
    t =     9.96s     Synthesize event
    t =    10.01s     Wait for com.zipkero.ResourceRunner to idle
    t =    10.02s Requesting snapshot of accessibility hierarchy for app with pid 46829
    t =    10.09s Requesting snapshot of accessibility hierarchy for app with pid 46829
    t =    10.16s Type '↩' key (XCUIKeyboardKeyReturn) with no modifiers
    t =    10.16s     Wait for com.zipkero.ResourceRunner to idle
    t =    10.17s     Find the Target Application 'com.zipkero.ResourceRunner'
    t =    10.20s     Check for interrupting elements affecting "ResourceRunner" Application
    t =    10.20s     Synthesize event
    t =    10.27s     Wait for com.zipkero.ResourceRunner to idle
    t =    10.27s Find the "SettingsLoginStatus" StaticText
    t =    10.33s Tear Down
Test Case '-[ResourceRunnerUITests.SettingsWindowUITests testLoginFailureDoesNotUndoOrdinaryRestore]' passed (10.683 seconds).
Test Case '-[ResourceRunnerUITests.SettingsWindowUITests testLoginSuccessFailureApprovalRefreshAndExplicitSystemSettings]' started.
    t =     0.00s Start Test at 2026-10-04 15:53:19.372
    t =     0.10s Set Up
    t =     0.10s Open com.zipkero.ResourceRunner
    t =     0.10s     Launch com.zipkero.ResourceRunner
    t =     0.10s         Terminate com.zipkero.ResourceRunner:46829
2026-10-04 15:53:20.538 xcodebuild[44119:52637050] [MT] IDELaunchParametersSnapshot: The operation couldn’t be completed. (DebuggerLLDB.DebuggerVersionStore.StoreError error 0.)
2026-10-04 15:53:20.539 xcodebuild[44119:52637050] [MT] IDELaunchParametersSnapshot: no debugger version
    t =     1.45s         Wait for accessibility to load
    t =     1.61s         Setting up automation session
    t =     1.62s         Wait for com.zipkero.ResourceRunner to idle
    t =     1.62s Waiting 5.0s for StatusItem (First Match) to exist
    t =     2.63s     Checking `Expect predicate `existsNoRetry == 1` for object StatusItem (First Match)`
    t =     2.63s         Checking existence of `StatusItem (First Match)`
    t =     2.65s Right click StatusItem (First Match)
    t =     2.65s     Wait for com.zipkero.ResourceRunner to idle
    t =     2.66s     Find the StatusItem (First Match)
    t =     2.67s     Check for interrupting elements affecting "ResourceRunner, 낮음" StatusItem
    t =     2.68s     Open com.zipkero.ResourceRunner
    t =     2.68s         Activate com.zipkero.ResourceRunner
    t =     2.69s             Wait for com.zipkero.ResourceRunner to idle
    t =     2.69s     Synthesize event
    t =     3.07s     Wait for com.zipkero.ResourceRunner to idle
    t =     3.07s Waiting 3.0s for "openSettingsFromMenu:" MenuItem to exist
    t =     4.09s     Checking `Expect predicate `existsNoRetry == 1` for object "openSettingsFromMenu:" MenuItem`
    t =     4.09s         Checking existence of `"openSettingsFromMenu:" MenuItem`
    t =     4.15s Click "openSettingsFromMenu:" MenuItem
    t =     4.15s     Wait for com.zipkero.ResourceRunner to idle
    t =     4.16s     Find the "openSettingsFromMenu:" MenuItem
    t =     4.18s     Check for interrupting elements affecting "openSettingsFromMenu:" MenuItem
    t =     4.18s     Synthesize event
    t =     4.19s         Checking existence of `"openSettingsFromMenu:" MenuItem`
    t =     4.21s         Hover menu item '설정…'
    t =     4.21s             Wait for com.zipkero.ResourceRunner to idle
    t =     4.21s             Find the "openSettingsFromMenu:" MenuItem
    t =     4.23s             Check for interrupting elements affecting "openSettingsFromMenu:" MenuItem
    t =     4.24s             Synthesize event
    t =     4.46s             Wait for com.zipkero.ResourceRunner to idle
    t =     4.46s         Find the "openSettingsFromMenu:" MenuItem
    t =     5.22s     Wait for com.zipkero.ResourceRunner to idle
    t =     5.23s Waiting 3.0s for "ResourceRunner 설정" Window to exist
    t =     6.25s     Checking `Expect predicate `existsNoRetry == 1` for object "ResourceRunner 설정" Window`
    t =     6.25s         Checking existence of `"ResourceRunner 설정" Window`
    t =     6.34s Click "SettingsLoginToggle" Switch
    t =     6.34s     Wait for com.zipkero.ResourceRunner to idle
    t =     6.35s     Find the "SettingsLoginToggle" Switch
    t =     6.39s     Check for interrupting elements affecting "SettingsLoginToggle" Switch
    t =     6.41s     Synthesize event
    t =     6.45s         Scroll element to visible
    t =     6.45s             Scroll ScrollView (Identity Binding) by dx: -157.00, dy: -363.50
    t =     6.45s                 Wait for com.zipkero.ResourceRunner to idle
    t =     6.46s                 Find the ScrollView (Identity Binding)
    t =     6.50s                 Check for interrupting elements affecting ScrollView
    t =     6.51s                 Synthesize event
    t =     6.81s                 Wait for com.zipkero.ResourceRunner to idle
    t =     6.83s         Find the "SettingsLoginToggle" Switch
    t =     7.29s     Wait for com.zipkero.ResourceRunner to idle
    t =     7.31s Waiting 3.0s for "SettingsLoginResult" StaticText to exist
    t =     8.32s     Checking `Expect predicate `existsNoRetry == 1` for object "SettingsLoginResult" StaticText`
    t =     8.32s         Checking existence of `"SettingsLoginResult" StaticText`
    t =     8.39s Find the "SettingsLoginStatus" StaticText
    t =     8.44s Find the "SettingsLoginResult" StaticText
    t =     8.48s Find the "SettingsLoginToggle" Switch
    t =     8.52s Checking existence of `"SettingsUnregisterLoginItem" Button`
    t =     8.57s Click "SettingsOpenSystemLoginItems" Button
    t =     8.57s     Wait for com.zipkero.ResourceRunner to idle
    t =     8.57s     Find the "SettingsOpenSystemLoginItems" Button
    t =     8.72s     Check for interrupting elements affecting "SettingsOpenSystemLoginItems" Button
    t =     8.73s     Synthesize event
    t =     9.11s     Wait for com.zipkero.ResourceRunner to idle
    t =     9.12s Click "SettingsLoginRefresh" Button
    t =     9.12s     Wait for com.zipkero.ResourceRunner to idle
    t =     9.13s     Find the "SettingsLoginRefresh" Button
    t =     9.30s     Check for interrupting elements affecting "SettingsLoginRefresh" Button
    t =     9.32s     Synthesize event
    t =     9.68s     Wait for com.zipkero.ResourceRunner to idle
    t =     9.68s Find the "SettingsLoginStatus" StaticText
    t =     9.73s Find the "SettingsLoginToggle" Switch
    t =     9.78s Click "SettingsLoginToggle" Switch
    t =     9.78s     Wait for com.zipkero.ResourceRunner to idle
    t =     9.79s     Find the "SettingsLoginToggle" Switch
    t =     9.84s     Check for interrupting elements affecting "SettingsLoginToggle" Switch
    t =     9.86s     Synthesize event
    t =    10.23s     Wait for com.zipkero.ResourceRunner to idle
    t =    10.25s Find the "SettingsLoginStatus" StaticText
    t =    10.30s Tear Down
Test Case '-[ResourceRunnerUITests.SettingsWindowUITests testLoginSuccessFailureApprovalRefreshAndExplicitSystemSettings]' passed (10.646 seconds).
Test Case '-[ResourceRunnerUITests.SettingsWindowUITests testNativeSettingsControlsCanBeReachedAndActivatedByKeyboard]' started.
    t =     0.00s Start Test at 2026-10-04 15:53:30.019
    t =     0.11s Set Up
    t =     0.11s Open com.zipkero.ResourceRunner
    t =     0.11s     Launch com.zipkero.ResourceRunner
    t =     0.11s         Terminate com.zipkero.ResourceRunner:47023
2026-10-04 15:53:31.213 xcodebuild[44119:52637050] [MT] IDELaunchParametersSnapshot: The operation couldn’t be completed. (DebuggerLLDB.DebuggerVersionStore.StoreError error 0.)
2026-10-04 15:53:31.213 xcodebuild[44119:52637050] [MT] IDELaunchParametersSnapshot: no debugger version
    t =     1.45s         Wait for accessibility to load
    t =     1.61s         Setting up automation session
    t =     1.62s         Wait for com.zipkero.ResourceRunner to idle
    t =     1.63s Waiting 5.0s for StatusItem (First Match) to exist
    t =     2.65s     Checking `Expect predicate `existsNoRetry == 1` for object StatusItem (First Match)`
    t =     2.65s         Checking existence of `StatusItem (First Match)`
    t =     2.67s Right click StatusItem (First Match)
    t =     2.67s     Wait for com.zipkero.ResourceRunner to idle
    t =     2.67s     Find the StatusItem (First Match)
    t =     2.69s     Check for interrupting elements affecting "ResourceRunner, 낮음" StatusItem
    t =     2.69s     Open com.zipkero.ResourceRunner
    t =     2.69s         Activate com.zipkero.ResourceRunner
    t =     2.70s             Wait for com.zipkero.ResourceRunner to idle
    t =     2.70s     Synthesize event
    t =     3.08s     Wait for com.zipkero.ResourceRunner to idle
    t =     3.09s Waiting 3.0s for "openSettingsFromMenu:" MenuItem to exist
    t =     4.12s     Checking `Expect predicate `existsNoRetry == 1` for object "openSettingsFromMenu:" MenuItem`
    t =     4.12s         Checking existence of `"openSettingsFromMenu:" MenuItem`
    t =     4.18s Click "openSettingsFromMenu:" MenuItem
    t =     4.18s     Wait for com.zipkero.ResourceRunner to idle
    t =     4.18s     Find the "openSettingsFromMenu:" MenuItem
    t =     4.21s     Check for interrupting elements affecting "openSettingsFromMenu:" MenuItem
    t =     4.21s     Synthesize event
    t =     4.21s         Checking existence of `"openSettingsFromMenu:" MenuItem`
    t =     4.23s         Hover menu item '설정…'
    t =     4.23s             Wait for com.zipkero.ResourceRunner to idle
    t =     4.24s             Find the "openSettingsFromMenu:" MenuItem
    t =     4.26s             Check for interrupting elements affecting "openSettingsFromMenu:" MenuItem
    t =     4.26s             Synthesize event
    t =     4.48s             Wait for com.zipkero.ResourceRunner to idle
    t =     4.48s         Find the "openSettingsFromMenu:" MenuItem
    t =     5.23s     Wait for com.zipkero.ResourceRunner to idle
    t =     5.28s Waiting 3.0s for "ResourceRunner 설정" Window to exist
    t =     6.31s     Checking `Expect predicate `existsNoRetry == 1` for object "ResourceRunner 설정" Window`
    t =     6.31s         Checking existence of `"ResourceRunner 설정" Window`
    t =     6.39s Find the "SettingsCPUCard" Switch
    t =     6.43s Type '1' key with modifiers '⌘⌥' (0x18)
    t =     6.43s     Wait for com.zipkero.ResourceRunner to idle
    t =     6.43s     Find the Target Application 'com.zipkero.ResourceRunner'
    t =     6.47s     Check for interrupting elements affecting "ResourceRunner" Application
    t =     6.48s     Synthesize event
    t =     6.55s     Wait for com.zipkero.ResourceRunner to idle
    t =     6.56s Find the "SettingsCPUCard" Switch
    t =     6.61s Type '2' key with modifiers '⌘⌥' (0x18)
    t =     6.61s     Wait for com.zipkero.ResourceRunner to idle
    t =     6.61s     Find the Target Application 'com.zipkero.ResourceRunner'
    t =     6.66s     Check for interrupting elements affecting "ResourceRunner" Application
    t =     6.67s     Synthesize event
    t =     6.76s     Wait for com.zipkero.ResourceRunner to idle
    t =     6.76s Find the "SettingsMemoryCard" Switch
    t =     6.81s Type '3' key with modifiers '⌘⌥' (0x18)
    t =     6.81s     Wait for com.zipkero.ResourceRunner to idle
    t =     6.81s     Find the Target Application 'com.zipkero.ResourceRunner'
    t =     6.85s     Check for interrupting elements affecting "ResourceRunner" Application
    t =     6.85s     Synthesize event
    t =     6.93s     Wait for com.zipkero.ResourceRunner to idle
    t =     6.94s Find the "SettingsNetworkCard" Switch
    t =     6.98s Type '4' key with modifiers '⌘⌥' (0x18)
    t =     6.98s     Wait for com.zipkero.ResourceRunner to idle
    t =     6.98s     Find the Target Application 'com.zipkero.ResourceRunner'
    t =     7.02s     Check for interrupting elements affecting "ResourceRunner" Application
    t =     7.02s     Synthesize event
    t =     7.11s     Wait for com.zipkero.ResourceRunner to idle
    t =     7.11s Find the "SettingsDiskCard" Switch
    t =     7.16s Type '5' key with modifiers '⌘⌥' (0x18)
    t =     7.17s     Wait for com.zipkero.ResourceRunner to idle
    t =     7.17s     Find the Target Application 'com.zipkero.ResourceRunner'
    t =     7.21s     Check for interrupting elements affecting "ResourceRunner" Application
    t =     7.21s     Synthesize event
    t =     7.31s     Wait for com.zipkero.ResourceRunner to idle
    t =     7.32s Find the "SettingsCPUTop5" Switch
    t =     7.37s Type '6' key with modifiers '⌘⌥' (0x18)
    t =     7.37s     Wait for com.zipkero.ResourceRunner to idle
    t =     7.37s     Find the Target Application 'com.zipkero.ResourceRunner'
    t =     7.42s     Check for interrupting elements affecting "ResourceRunner" Application
    t =     7.42s     Synthesize event
    t =     7.51s     Wait for com.zipkero.ResourceRunner to idle
    t =     7.51s Find the "SettingsMemoryTop5" Switch
    t =     7.57s Find the "SettingsGraphRange" PopUpButton
    t =     7.62s Type '7' key with modifiers '⌘⌥' (0x18)
    t =     7.62s     Wait for com.zipkero.ResourceRunner to idle
    t =     7.62s     Find the Target Application 'com.zipkero.ResourceRunner'
    t =     7.65s     Check for interrupting elements affecting "ResourceRunner" Application
    t =     7.65s     Synthesize event
    t =     7.74s     Wait for com.zipkero.ResourceRunner to idle
    t =     7.75s Find the "SettingsGraphRange" PopUpButton
    t =     7.80s Type '7' key with modifiers '⌘⌥' (0x18)
    t =     7.80s     Wait for com.zipkero.ResourceRunner to idle
    t =     7.80s     Find the Target Application 'com.zipkero.ResourceRunner'
    t =     7.85s     Check for interrupting elements affecting "ResourceRunner" Application
    t =     7.85s     Synthesize event
    t =     7.95s     Wait for com.zipkero.ResourceRunner to idle
    t =     7.96s Find the "SettingsGraphRange" PopUpButton
    t =     8.01s Type '7' key with modifiers '⌘⌥' (0x18)
    t =     8.01s     Wait for com.zipkero.ResourceRunner to idle
    t =     8.01s     Find the Target Application 'com.zipkero.ResourceRunner'
    t =     8.05s     Check for interrupting elements affecting "ResourceRunner" Application
    t =     8.05s     Synthesize event
    t =     8.13s     Wait for com.zipkero.ResourceRunner to idle
    t =     8.14s Find the "SettingsGraphRange" PopUpButton
    t =     8.19s Requesting snapshot of accessibility hierarchy for app with pid 47252
    t =     8.27s Requesting snapshot of accessibility hierarchy for app with pid 47252
    t =     8.34s Type '↩' key (XCUIKeyboardKeyReturn) with no modifiers
    t =     8.34s     Wait for com.zipkero.ResourceRunner to idle
    t =     8.34s     Find the Target Application 'com.zipkero.ResourceRunner'
    t =     8.37s     Check for interrupting elements affecting "ResourceRunner" Application
    t =     8.37s     Synthesize event
    t =     8.41s     Wait for com.zipkero.ResourceRunner to idle
    t =     8.41s Find the "SettingsGraphRange" PopUpButton
    t =     8.45s Find the "SettingsRefreshProfile" PopUpButton
    t =     8.50s Type '8' key with modifiers '⌘⌥' (0x18)
    t =     8.50s     Wait for com.zipkero.ResourceRunner to idle
    t =     8.50s     Find the Target Application 'com.zipkero.ResourceRunner'
    t =     8.53s     Check for interrupting elements affecting "ResourceRunner" Application
    t =     8.53s     Synthesize event
    t =     8.59s     Wait for com.zipkero.ResourceRunner to idle
    t =     8.60s Find the "SettingsRefreshProfile" PopUpButton
    t =     8.64s Type '8' key with modifiers '⌘⌥' (0x18)
    t =     8.64s     Wait for com.zipkero.ResourceRunner to idle
    t =     8.65s     Find the Target Application 'com.zipkero.ResourceRunner'
    t =     8.79s     Check for interrupting elements affecting "ResourceRunner" Application
    t =     8.79s     Synthesize event
    t =     8.86s     Wait for com.zipkero.ResourceRunner to idle
    t =     8.86s Find the "SettingsRefreshProfile" PopUpButton
    t =     8.91s Type '8' key with modifiers '⌘⌥' (0x18)
    t =     8.91s     Wait for com.zipkero.ResourceRunner to idle
    t =     8.92s     Find the Target Application 'com.zipkero.ResourceRunner'
    t =     8.96s     Check for interrupting elements affecting "ResourceRunner" Application
    t =     8.96s     Synthesize event
    t =     9.02s     Wait for com.zipkero.ResourceRunner to idle
    t =     9.03s Find the "SettingsRefreshProfile" PopUpButton
    t =     9.08s Type '8' key with modifiers '⌘⌥' (0x18)
    t =     9.08s     Wait for com.zipkero.ResourceRunner to idle
    t =     9.09s     Find the Target Application 'com.zipkero.ResourceRunner'
    t =     9.23s     Check for interrupting elements affecting "ResourceRunner" Application
    t =     9.23s     Synthesize event
    t =     9.31s     Wait for com.zipkero.ResourceRunner to idle
    t =     9.31s Find the "SettingsRefreshProfile" PopUpButton
    t =     9.36s Requesting snapshot of accessibility hierarchy for app with pid 47252
    t =     9.44s Requesting snapshot of accessibility hierarchy for app with pid 47252
    t =     9.50s Type '⇥' key (XCUIKeyboardKeyTab) with no modifiers
    t =     9.50s     Wait for com.zipkero.ResourceRunner to idle
    t =     9.51s     Find the Target Application 'com.zipkero.ResourceRunner'
    t =     9.54s     Check for interrupting elements affecting "ResourceRunner" Application
    t =     9.54s     Synthesize event
    t =     9.58s     Wait for com.zipkero.ResourceRunner to idle
    t =     9.59s Requesting snapshot of accessibility hierarchy for app with pid 47252
    t =     9.66s Requesting snapshot of accessibility hierarchy for app with pid 47252
    t =     9.73s Type '↩' key (XCUIKeyboardKeyReturn) with no modifiers
    t =     9.73s     Wait for com.zipkero.ResourceRunner to idle
    t =     9.73s     Find the Target Application 'com.zipkero.ResourceRunner'
    t =     9.76s     Check for interrupting elements affecting "ResourceRunner" Application
    t =     9.76s     Synthesize event
    t =     9.79s     Wait for com.zipkero.ResourceRunner to idle
    t =     9.79s Find the "SettingsRefreshProfile" PopUpButton
    t =     9.83s Requesting snapshot of accessibility hierarchy for app with pid 47252
    t =     9.91s Requesting snapshot of accessibility hierarchy for app with pid 47252
    t =     9.97s Type '⇥' key (XCUIKeyboardKeyTab) with no modifiers
    t =     9.97s     Wait for com.zipkero.ResourceRunner to idle
    t =     9.98s     Find the Target Application 'com.zipkero.ResourceRunner'
    t =    10.01s     Check for interrupting elements affecting "ResourceRunner" Application
    t =    10.01s     Synthesize event
    t =    10.03s     Wait for com.zipkero.ResourceRunner to idle
    t =    10.04s Requesting snapshot of accessibility hierarchy for app with pid 47252
    t =    10.11s Requesting snapshot of accessibility hierarchy for app with pid 47252
    t =    10.17s Type '⇥' key (XCUIKeyboardKeyTab) with no modifiers
    t =    10.17s     Wait for com.zipkero.ResourceRunner to idle
    t =    10.17s     Find the Target Application 'com.zipkero.ResourceRunner'
    t =    10.20s     Check for interrupting elements affecting "ResourceRunner" Application
    t =    10.20s     Synthesize event
    t =    10.23s     Wait for com.zipkero.ResourceRunner to idle
    t =    10.23s Requesting snapshot of accessibility hierarchy for app with pid 47252
    t =    10.31s Requesting snapshot of accessibility hierarchy for app with pid 47252
    t =    10.37s Type '↩' key (XCUIKeyboardKeyReturn) with no modifiers
    t =    10.37s     Wait for com.zipkero.ResourceRunner to idle
    t =    10.37s     Find the Target Application 'com.zipkero.ResourceRunner'
    t =    10.40s     Check for interrupting elements affecting "ResourceRunner" Application
    t =    10.40s     Synthesize event
    t =    10.43s     Wait for com.zipkero.ResourceRunner to idle
    t =    10.43s Requesting snapshot of accessibility hierarchy for app with pid 47252
    t =    10.50s Requesting snapshot of accessibility hierarchy for app with pid 47252
    t =    10.57s Type '⇥' key (XCUIKeyboardKeyTab) with no modifiers
    t =    10.57s     Wait for com.zipkero.ResourceRunner to idle
    t =    10.57s     Find the Target Application 'com.zipkero.ResourceRunner'
    t =    10.61s     Check for interrupting elements affecting "ResourceRunner" Application
    t =    10.61s     Synthesize event
    t =    10.64s     Wait for com.zipkero.ResourceRunner to idle
    t =    10.64s Requesting snapshot of accessibility hierarchy for app with pid 47252
    t =    10.71s Requesting snapshot of accessibility hierarchy for app with pid 47252
    t =    10.78s Type '⇥' key (XCUIKeyboardKeyTab) with no modifiers
    t =    10.78s     Wait for com.zipkero.ResourceRunner to idle
    t =    10.78s     Find the Target Application 'com.zipkero.ResourceRunner'
    t =    10.81s     Check for interrupting elements affecting "ResourceRunner" Application
    t =    10.81s     Synthesize event
    t =    10.89s     Wait for com.zipkero.ResourceRunner to idle
    t =    10.89s Requesting snapshot of accessibility hierarchy for app with pid 47252
    t =    10.97s Requesting snapshot of accessibility hierarchy for app with pid 47252
    t =    11.05s Type '⇥' key (XCUIKeyboardKeyTab) with no modifiers
    t =    11.05s     Wait for com.zipkero.ResourceRunner to idle
    t =    11.05s     Find the Target Application 'com.zipkero.ResourceRunner'
    t =    11.08s     Check for interrupting elements affecting "ResourceRunner" Application
    t =    11.08s     Synthesize event
    t =    11.12s     Wait for com.zipkero.ResourceRunner to idle
    t =    11.13s Requesting snapshot of accessibility hierarchy for app with pid 47252
    t =    11.21s Requesting snapshot of accessibility hierarchy for app with pid 47252
    t =    11.27s Type '⇥' key (XCUIKeyboardKeyTab) with no modifiers
    t =    11.27s     Wait for com.zipkero.ResourceRunner to idle
    t =    11.27s     Find the Target Application 'com.zipkero.ResourceRunner'
    t =    11.31s     Check for interrupting elements affecting "ResourceRunner" Application
    t =    11.31s     Synthesize event
    t =    11.35s     Wait for com.zipkero.ResourceRunner to idle
    t =    11.35s Requesting snapshot of accessibility hierarchy for app with pid 47252
    t =    11.43s Requesting snapshot of accessibility hierarchy for app with pid 47252
    t =    11.50s Type '⇥' key (XCUIKeyboardKeyTab) with no modifiers
    t =    11.50s     Wait for com.zipkero.ResourceRunner to idle
    t =    11.50s     Find the Target Application 'com.zipkero.ResourceRunner'
    t =    11.53s     Check for interrupting elements affecting "ResourceRunner" Application
    t =    11.53s     Synthesize event
    t =    11.60s     Wait for com.zipkero.ResourceRunner to idle
    t =    11.60s Requesting snapshot of accessibility hierarchy for app with pid 47252
    t =    11.69s Requesting snapshot of accessibility hierarchy for app with pid 47252
    t =    11.76s Type '↩' key (XCUIKeyboardKeyReturn) with no modifiers
    t =    11.76s     Wait for com.zipkero.ResourceRunner to idle
    t =    11.76s     Find the Target Application 'com.zipkero.ResourceRunner'
    t =    11.90s     Check for interrupting elements affecting "ResourceRunner" Application
    t =    11.90s     Synthesize event
    t =    11.93s     Wait for com.zipkero.ResourceRunner to idle
    t =    11.94s Find the "SettingsLoginStatus" StaticText
    t =    11.99s Requesting snapshot of accessibility hierarchy for app with pid 47252
    t =    12.07s Requesting snapshot of accessibility hierarchy for app with pid 47252
    t =    12.14s Type '⇥' key (XCUIKeyboardKeyTab) with no modifiers
    t =    12.14s     Wait for com.zipkero.ResourceRunner to idle
    t =    12.15s     Find the Target Application 'com.zipkero.ResourceRunner'
    t =    12.18s     Check for interrupting elements affecting "ResourceRunner" Application
    t =    12.18s     Synthesize event
    t =    12.28s     Wait for com.zipkero.ResourceRunner to idle
    t =    12.29s Requesting snapshot of accessibility hierarchy for app with pid 47252
    t =    12.37s Requesting snapshot of accessibility hierarchy for app with pid 47252
    t =    12.43s Type '↩' key (XCUIKeyboardKeyReturn) with no modifiers
    t =    12.43s     Wait for com.zipkero.ResourceRunner to idle
    t =    12.43s     Find the Target Application 'com.zipkero.ResourceRunner'
    t =    12.46s     Check for interrupting elements affecting "ResourceRunner" Application
    t =    12.46s     Synthesize event
    t =    12.54s     Wait for com.zipkero.ResourceRunner to idle
    t =    12.54s Find the "SettingsCPUCard" Switch
    t =    12.59s Find the "SettingsOrdinaryRestoreResult" StaticText
    t =    12.64s Tear Down
Test Case '-[ResourceRunnerUITests.SettingsWindowUITests testNativeSettingsControlsCanBeReachedAndActivatedByKeyboard]' passed (12.980 seconds).
Test Case '-[ResourceRunnerUITests.SettingsWindowUITests testNotFoundAndUnknownStatesKeepExplicitRefreshAndFailureSeparate]' started.
    t =     0.00s Start Test at 2026-10-04 15:53:43.000
    t =     0.12s Set Up
    t =     0.12s Open com.zipkero.ResourceRunner
    t =     0.12s     Launch com.zipkero.ResourceRunner
    t =     0.12s         Terminate com.zipkero.ResourceRunner:47252
2026-10-04 15:53:44.199 xcodebuild[44119:52637050] [MT] IDELaunchParametersSnapshot: The operation couldn’t be completed. (DebuggerLLDB.DebuggerVersionStore.StoreError error 0.)
2026-10-04 15:53:44.199 xcodebuild[44119:52637050] [MT] IDELaunchParametersSnapshot: no debugger version
    t =     1.48s         Wait for accessibility to load
    t =     1.49s         Setting up automation session
    t =     1.50s         Wait for com.zipkero.ResourceRunner to idle
    t =     1.50s Waiting 5.0s for StatusItem (First Match) to exist
    t =     2.51s     Checking `Expect predicate `existsNoRetry == 1` for object StatusItem (First Match)`
    t =     2.51s         Checking existence of `StatusItem (First Match)`
    t =     2.53s Right click StatusItem (First Match)
    t =     2.53s     Wait for com.zipkero.ResourceRunner to idle
    t =     2.54s     Find the StatusItem (First Match)
    t =     2.56s     Check for interrupting elements affecting "ResourceRunner, 낮음" StatusItem
    t =     2.56s     Open com.zipkero.ResourceRunner
    t =     2.56s         Activate com.zipkero.ResourceRunner
    t =     2.57s             Wait for com.zipkero.ResourceRunner to idle
    t =     2.58s     Synthesize event
    t =     2.96s     Wait for com.zipkero.ResourceRunner to idle
    t =     2.96s Waiting 3.0s for "openSettingsFromMenu:" MenuItem to exist
    t =     3.97s     Checking `Expect predicate `existsNoRetry == 1` for object "openSettingsFromMenu:" MenuItem`
    t =     3.97s         Checking existence of `"openSettingsFromMenu:" MenuItem`
    t =     4.03s Click "openSettingsFromMenu:" MenuItem
    t =     4.03s     Wait for com.zipkero.ResourceRunner to idle
    t =     4.04s     Find the "openSettingsFromMenu:" MenuItem
    t =     4.06s     Check for interrupting elements affecting "openSettingsFromMenu:" MenuItem
    t =     4.06s     Synthesize event
    t =     4.07s         Checking existence of `"openSettingsFromMenu:" MenuItem`
    t =     4.09s         Hover menu item '설정…'
    t =     4.09s             Wait for com.zipkero.ResourceRunner to idle
    t =     4.09s             Find the "openSettingsFromMenu:" MenuItem
    t =     4.11s             Check for interrupting elements affecting "openSettingsFromMenu:" MenuItem
    t =     4.11s             Synthesize event
    t =     4.33s             Wait for com.zipkero.ResourceRunner to idle
    t =     4.33s         Find the "openSettingsFromMenu:" MenuItem
    t =     5.10s     Wait for com.zipkero.ResourceRunner to idle
    t =     5.14s Waiting 3.0s for "ResourceRunner 설정" Window to exist
    t =     6.15s     Checking `Expect predicate `existsNoRetry == 1` for object "ResourceRunner 설정" Window`
    t =     6.15s         Checking existence of `"ResourceRunner 설정" Window`
    t =     6.23s Find the "SettingsLoginStatus" StaticText
    t =     6.27s Click "SettingsLoginToggle" Switch
    t =     6.27s     Wait for com.zipkero.ResourceRunner to idle
    t =     6.27s     Find the "SettingsLoginToggle" Switch
    t =     6.31s     Check for interrupting elements affecting "SettingsLoginToggle" Switch
    t =     6.33s     Synthesize event
    t =     6.38s         Scroll element to visible
    t =     6.38s             Scroll ScrollView (Identity Binding) by dx: -157.00, dy: -363.50
    t =     6.38s                 Wait for com.zipkero.ResourceRunner to idle
    t =     6.38s                 Find the ScrollView (Identity Binding)
    t =     6.42s                 Check for interrupting elements affecting ScrollView
    t =     6.43s                 Synthesize event
    t =     6.72s                 Wait for com.zipkero.ResourceRunner to idle
    t =     6.73s         Find the "SettingsLoginToggle" Switch
    t =     7.19s     Wait for com.zipkero.ResourceRunner to idle
    t =     7.21s Waiting 3.0s for "SettingsLoginResult" StaticText to exist
    t =     8.23s     Checking `Expect predicate `existsNoRetry == 1` for object "SettingsLoginResult" StaticText`
    t =     8.23s         Checking existence of `"SettingsLoginResult" StaticText`
    t =     8.30s Find the "SettingsLoginResult" StaticText
    t =     8.35s Find the "SettingsLoginStatus" StaticText
    t =     8.39s Requesting snapshot of accessibility hierarchy for app with pid 47520
    t =     8.47s Requesting snapshot of accessibility hierarchy for app with pid 47520
    t =     8.53s Type '⇥' key (XCUIKeyboardKeyTab) with no modifiers
    t =     8.53s     Wait for com.zipkero.ResourceRunner to idle
    t =     8.54s     Find the Target Application 'com.zipkero.ResourceRunner'
    t =     8.57s     Check for interrupting elements affecting "ResourceRunner" Application
    t =     8.57s     Synthesize event
    t =     8.62s     Wait for com.zipkero.ResourceRunner to idle
    t =     8.63s Requesting snapshot of accessibility hierarchy for app with pid 47520
    t =     8.70s Requesting snapshot of accessibility hierarchy for app with pid 47520
    t =     8.77s Type '⇥' key (XCUIKeyboardKeyTab) with no modifiers
    t =     8.77s     Wait for com.zipkero.ResourceRunner to idle
    t =     8.77s     Find the Target Application 'com.zipkero.ResourceRunner'
    t =     8.80s     Check for interrupting elements affecting "ResourceRunner" Application
    t =     8.80s     Synthesize event
    t =     8.87s     Wait for com.zipkero.ResourceRunner to idle
    t =     8.88s Requesting snapshot of accessibility hierarchy for app with pid 47520
    t =     8.95s Requesting snapshot of accessibility hierarchy for app with pid 47520
    t =     9.02s Type '↩' key (XCUIKeyboardKeyReturn) with no modifiers
    t =     9.02s     Wait for com.zipkero.ResourceRunner to idle
    t =     9.02s     Find the Target Application 'com.zipkero.ResourceRunner'
    t =     9.05s     Check for interrupting elements affecting "ResourceRunner" Application
    t =     9.05s     Synthesize event
    t =     9.08s     Wait for com.zipkero.ResourceRunner to idle
    t =     9.08s Find the "SettingsLoginStatus" StaticText
    t =     9.13s Terminate com.zipkero.ResourceRunner:47520
    t =    10.20s Open com.zipkero.ResourceRunner
    t =    10.20s     Launch com.zipkero.ResourceRunner
2026-10-04 15:53:53.203 xcodebuild[44119:52637050] [MT] IDELaunchParametersSnapshot: The operation couldn’t be completed. (DebuggerLLDB.DebuggerVersionStore.StoreError error 0.)
2026-10-04 15:53:53.204 xcodebuild[44119:52637050] [MT] IDELaunchParametersSnapshot: no debugger version
    t =    10.47s         Wait for accessibility to load
    t =    10.63s         Setting up automation session
    t =    10.64s         Wait for com.zipkero.ResourceRunner to idle
    t =    10.64s Waiting 5.0s for StatusItem (First Match) to exist
    t =    11.65s     Checking `Expect predicate `existsNoRetry == 1` for object StatusItem (First Match)`
    t =    11.65s         Checking existence of `StatusItem (First Match)`
    t =    11.68s Right click StatusItem (First Match)
    t =    11.68s     Wait for com.zipkero.ResourceRunner to idle
    t =    11.68s     Find the StatusItem (First Match)
    t =    11.70s     Check for interrupting elements affecting "ResourceRunner, 낮음" StatusItem
    t =    11.70s     Open com.zipkero.ResourceRunner
    t =    11.71s         Activate com.zipkero.ResourceRunner
    t =    11.72s             Wait for com.zipkero.ResourceRunner to idle
    t =    11.72s     Synthesize event
    t =    12.14s     Wait for com.zipkero.ResourceRunner to idle
    t =    12.14s Waiting 3.0s for "openSettingsFromMenu:" MenuItem to exist
    t =    13.14s     Checking `Expect predicate `existsNoRetry == 1` for object "openSettingsFromMenu:" MenuItem`
    t =    13.14s         Checking existence of `"openSettingsFromMenu:" MenuItem`
    t =    13.20s Click "openSettingsFromMenu:" MenuItem
    t =    13.20s     Wait for com.zipkero.ResourceRunner to idle
    t =    13.21s     Find the "openSettingsFromMenu:" MenuItem
    t =    13.23s     Check for interrupting elements affecting "openSettingsFromMenu:" MenuItem
    t =    13.23s     Synthesize event
    t =    13.24s         Checking existence of `"openSettingsFromMenu:" MenuItem`
    t =    13.26s         Hover menu item '설정…'
    t =    13.26s             Wait for com.zipkero.ResourceRunner to idle
    t =    13.26s             Find the "openSettingsFromMenu:" MenuItem
    t =    13.29s             Check for interrupting elements affecting "openSettingsFromMenu:" MenuItem
    t =    13.29s             Synthesize event
    t =    13.51s             Wait for com.zipkero.ResourceRunner to idle
    t =    13.52s         Find the "openSettingsFromMenu:" MenuItem
    t =    14.26s     Wait for com.zipkero.ResourceRunner to idle
    t =    14.30s Waiting 3.0s for "ResourceRunner 설정" Window to exist
    t =    15.30s     Checking `Expect predicate `existsNoRetry == 1` for object "ResourceRunner 설정" Window`
    t =    15.30s         Checking existence of `"ResourceRunner 설정" Window`
    t =    15.39s Find the "SettingsLoginStatus" StaticText
    t =    15.42s Checking existence of `"SettingsLoginRefresh" Button`
    t =    15.46s Tear Down
Test Case '-[ResourceRunnerUITests.SettingsWindowUITests testNotFoundAndUnknownStatesKeepExplicitRefreshAndFailureSeparate]' passed (15.801 seconds).
Test Case '-[ResourceRunnerUITests.SettingsWindowUITests testReadOnlyStatusMenuSettingsAccess]' started.
    t =     0.00s Start Test at 2026-10-04 15:53:58.802
    t =     0.09s Set Up
    t =     0.10s Open com.zipkero.ResourceRunner
    t =     0.10s     Launch com.zipkero.ResourceRunner
    t =     0.10s         Terminate com.zipkero.ResourceRunner:47708
2026-10-04 15:54:00.068 xcodebuild[44119:52637050] [MT] IDELaunchParametersSnapshot: The operation couldn’t be completed. (DebuggerLLDB.DebuggerVersionStore.StoreError error 0.)
2026-10-04 15:54:00.068 xcodebuild[44119:52637050] [MT] IDELaunchParametersSnapshot: no debugger version
    t =     1.53s         Wait for accessibility to load
    t =     1.69s         Setting up automation session
    t =     1.70s         Wait for com.zipkero.ResourceRunner to idle
    t =     1.70s Checking existence of `"ResourceRunner 설정" Window`
    t =     1.74s Waiting 5.0s for StatusItem (First Match) to exist
    t =     2.75s     Checking `Expect predicate `existsNoRetry == 1` for object StatusItem (First Match)`
    t =     2.75s         Checking existence of `StatusItem (First Match)`
    t =     2.76s Right click StatusItem (First Match)
    t =     2.76s     Wait for com.zipkero.ResourceRunner to idle
    t =     2.76s     Find the StatusItem (First Match)
    t =     2.78s     Check for interrupting elements affecting "ResourceRunner, 낮음" StatusItem
    t =     2.78s     Open com.zipkero.ResourceRunner
    t =     2.78s         Activate com.zipkero.ResourceRunner
    t =     2.79s             Wait for com.zipkero.ResourceRunner to idle
    t =     2.79s     Synthesize event
    t =     3.24s     Wait for com.zipkero.ResourceRunner to idle
    t =     3.24s Waiting 3.0s for "openSettingsFromMenu:" MenuItem to exist
    t =     4.26s     Checking `Expect predicate `existsNoRetry == 1` for object "openSettingsFromMenu:" MenuItem`
    t =     4.26s         Checking existence of `"openSettingsFromMenu:" MenuItem`
    t =     4.31s Click "openSettingsFromMenu:" MenuItem
    t =     4.31s     Wait for com.zipkero.ResourceRunner to idle
    t =     4.31s     Find the "openSettingsFromMenu:" MenuItem
    t =     4.34s     Check for interrupting elements affecting "openSettingsFromMenu:" MenuItem
    t =     4.34s     Synthesize event
    t =     4.34s         Checking existence of `"openSettingsFromMenu:" MenuItem`
    t =     4.36s         Hover menu item '설정…'
    t =     4.36s             Wait for com.zipkero.ResourceRunner to idle
    t =     4.36s             Find the "openSettingsFromMenu:" MenuItem
    t =     4.39s             Check for interrupting elements affecting "openSettingsFromMenu:" MenuItem
    t =     4.39s             Synthesize event
    t =     4.61s             Wait for com.zipkero.ResourceRunner to idle
    t =     4.61s         Find the "openSettingsFromMenu:" MenuItem
    t =     5.38s     Wait for com.zipkero.ResourceRunner to idle
    t =     5.42s Waiting 3.0s for "ResourceRunner 설정" Window to exist
    t =     6.42s     Checking `Expect predicate `existsNoRetry == 1` for object "ResourceRunner 설정" Window`
    t =     6.42s         Checking existence of `"ResourceRunner 설정" Window`
    t =     6.51s Checking existence of `"SettingsLoginToggle" Switch`
    t =     6.54s Get number of matches for: Elements matching predicate '"ResourceRunner 설정" IN identifiers'
    t =     6.58s Click "_XCUI:CloseWindow" Button
    t =     6.58s     Wait for com.zipkero.ResourceRunner to idle
    t =     6.59s     Find the "_XCUI:CloseWindow" Button
    t =     6.64s     Check for interrupting elements affecting "_XCUI:CloseWindow" Button
    t =     6.65s     Synthesize event
    t =     7.00s     Wait for com.zipkero.ResourceRunner to idle
    t =     7.01s Checking existence of `"ResourceRunner 설정" Window`
    t =     7.03s Tear Down
Test Case '-[ResourceRunnerUITests.SettingsWindowUITests testReadOnlyStatusMenuSettingsAccess]' passed (7.336 seconds).
Test Case '-[ResourceRunnerUITests.SettingsWindowUITests testRightClickAndCommandCommaReuseOneWindowWithoutOpeningAtLaunch]' started.
    t =     0.00s Start Test at 2026-10-04 15:54:06.139
    t =     0.11s Set Up
    t =     0.11s Open com.zipkero.ResourceRunner
    t =     0.11s     Launch com.zipkero.ResourceRunner
    t =     0.11s         Terminate com.zipkero.ResourceRunner:47850
2026-10-04 15:54:07.303 xcodebuild[44119:52637050] [MT] IDELaunchParametersSnapshot: The operation couldn’t be completed. (DebuggerLLDB.DebuggerVersionStore.StoreError error 0.)
2026-10-04 15:54:07.303 xcodebuild[44119:52637050] [MT] IDELaunchParametersSnapshot: no debugger version
    t =     1.47s         Wait for accessibility to load
    t =     1.67s         Setting up automation session
    t =     1.68s         Wait for com.zipkero.ResourceRunner to idle
    t =     1.68s Checking existence of `"ResourceRunner 설정" Window`
    t =     1.72s Checking existence of `"DashboardContainer" Any`
    t =     1.77s Waiting 5.0s for StatusItem (First Match) to exist
    t =     2.78s     Checking `Expect predicate `existsNoRetry == 1` for object StatusItem (First Match)`
    t =     2.78s         Checking existence of `StatusItem (First Match)`
    t =     2.79s Right click StatusItem (First Match)
    t =     2.79s     Wait for com.zipkero.ResourceRunner to idle
    t =     2.79s     Find the StatusItem (First Match)
    t =     2.81s     Check for interrupting elements affecting "ResourceRunner, 낮음" StatusItem
    t =     2.81s     Open com.zipkero.ResourceRunner
    t =     2.82s         Activate com.zipkero.ResourceRunner
    t =     2.83s             Wait for com.zipkero.ResourceRunner to idle
    t =     2.83s     Synthesize event
    t =     3.22s     Wait for com.zipkero.ResourceRunner to idle
    t =     3.23s Waiting 3.0s for "openSettingsFromMenu:" MenuItem to exist
    t =     4.24s     Checking `Expect predicate `existsNoRetry == 1` for object "openSettingsFromMenu:" MenuItem`
    t =     4.24s         Checking existence of `"openSettingsFromMenu:" MenuItem`
    t =     4.28s Click "openSettingsFromMenu:" MenuItem
    t =     4.28s     Wait for com.zipkero.ResourceRunner to idle
    t =     4.29s     Find the "openSettingsFromMenu:" MenuItem
    t =     4.31s     Check for interrupting elements affecting "openSettingsFromMenu:" MenuItem
    t =     4.31s     Synthesize event
    t =     4.32s         Checking existence of `"openSettingsFromMenu:" MenuItem`
    t =     4.33s         Hover menu item '설정…'
    t =     4.33s             Wait for com.zipkero.ResourceRunner to idle
    t =     4.34s             Find the "openSettingsFromMenu:" MenuItem
    t =     4.46s             Check for interrupting elements affecting "openSettingsFromMenu:" MenuItem
    t =     4.46s             Synthesize event
    t =     4.69s             Wait for com.zipkero.ResourceRunner to idle
    t =     4.69s         Find the "openSettingsFromMenu:" MenuItem
    t =     5.46s     Wait for com.zipkero.ResourceRunner to idle
    t =     5.50s Waiting 3.0s for "ResourceRunner 설정" Window to exist
    t =     6.51s     Checking `Expect predicate `existsNoRetry == 1` for object "ResourceRunner 설정" Window`
    t =     6.51s         Checking existence of `"ResourceRunner 설정" Window`
    t =     6.59s Get number of matches for: Elements matching predicate '"ResourceRunner 설정" IN identifiers'
    t =     6.62s Checking existence of `"SettingsLoginStatus" StaticText`
    t =     6.67s Find the "SettingsLoginStatus" StaticText
    t =     6.70s Click "_XCUI:CloseWindow" Button
    t =     6.70s     Wait for com.zipkero.ResourceRunner to idle
    t =     6.71s     Find the "_XCUI:CloseWindow" Button
    t =     6.76s     Check for interrupting elements affecting "_XCUI:CloseWindow" Button
    t =     6.77s     Synthesize event
    t =     7.13s     Wait for com.zipkero.ResourceRunner to idle
    t =     7.14s Checking existence of `"ResourceRunner 설정" Window`
    t =     7.16s Type ',' key with modifiers '⌘' (0x10)
    t =     7.17s     Wait for com.zipkero.ResourceRunner to idle
    t =     7.17s     Find the Target Application 'com.zipkero.ResourceRunner'
    t =     7.19s     Check for interrupting elements affecting "ResourceRunner" Application
    t =     7.20s     Synthesize event
    t =     7.65s     Wait for com.zipkero.ResourceRunner to idle
    t =     7.66s Waiting 3.0s for "ResourceRunner 설정" Window to exist
    t =     8.69s     Checking `Expect predicate `existsNoRetry == 1` for object "ResourceRunner 설정" Window`
    t =     8.69s         Checking existence of `"ResourceRunner 설정" Window`
    t =     8.76s Get number of matches for: Elements matching predicate '"ResourceRunner 설정" IN identifiers'
    t =     8.80s Tear Down
Test Case '-[ResourceRunnerUITests.SettingsWindowUITests testRightClickAndCommandCommaReuseOneWindowWithoutOpeningAtLaunch]' passed (9.140 seconds).
Test Case '-[ResourceRunnerUITests.SettingsWindowUITests testSettingsWindowKeepsKeyAfterSelectedCardIsRemovedDuringFocusReturn]' started.
    t =     0.00s Start Test at 2026-10-04 15:54:15.280
    t =     0.10s Set Up
    t =     0.10s Open com.zipkero.ResourceRunner
    t =     0.10s     Launch com.zipkero.ResourceRunner
    t =     0.10s         Terminate com.zipkero.ResourceRunner:48075
2026-10-04 15:54:16.450 xcodebuild[44119:52637050] [MT] IDELaunchParametersSnapshot: The operation couldn’t be completed. (DebuggerLLDB.DebuggerVersionStore.StoreError error 0.)
2026-10-04 15:54:16.450 xcodebuild[44119:52637050] [MT] IDELaunchParametersSnapshot: no debugger version
    t =     1.45s         Wait for accessibility to load
    t =     1.60s         Setting up automation session
    t =     1.61s         Wait for com.zipkero.ResourceRunner to idle
    t =     1.62s Waiting 5.0s for StatusItem (First Match) to exist
    t =     2.63s     Checking `Expect predicate `existsNoRetry == 1` for object StatusItem (First Match)`
    t =     2.63s         Checking existence of `StatusItem (First Match)`
    t =     2.65s Click StatusItem (First Match)
    t =     2.65s     Wait for com.zipkero.ResourceRunner to idle
    t =     2.66s     Find the StatusItem (First Match)
    t =     2.68s     Check for interrupting elements affecting "ResourceRunner, 낮음" StatusItem
    t =     2.68s     Open com.zipkero.ResourceRunner
    t =     2.68s         Activate com.zipkero.ResourceRunner
    t =     2.69s             Wait for com.zipkero.ResourceRunner to idle
    t =     2.70s     Synthesize event
    t =     3.17s     Wait for com.zipkero.ResourceRunner to idle
    t =     3.17s Type '1' key with modifiers '⌘' (0x10)
    t =     3.17s     Wait for com.zipkero.ResourceRunner to idle
    t =     3.18s     Find the Target Application 'com.zipkero.ResourceRunner'
    t =     3.24s     Check for interrupting elements affecting "ResourceRunner" Application
    t =     3.24s     Synthesize event
    t =     3.35s     Wait for com.zipkero.ResourceRunner to idle
    t =     3.36s Waiting 3.0s for "DashboardDetail" Any to exist
    t =     4.36s     Checking `Expect predicate `existsNoRetry == 1` for object "DashboardDetail" Any`
    t =     4.36s         Checking existence of `"DashboardDetail" Any`
    t =     4.43s Type '9' key with modifiers '⌘⇧' (0x12)
    t =     4.43s     Wait for com.zipkero.ResourceRunner to idle
    t =     4.43s     Find the Target Application 'com.zipkero.ResourceRunner'
    t =     4.46s     Check for interrupting elements affecting "ResourceRunner" Application
    t =     4.46s     Synthesize event
    t =     4.59s     Wait for com.zipkero.ResourceRunner to idle
    t =     4.62s Waiting 3.0s for "ResourceRunner 설정" Window to exist
    t =     5.63s     Checking `Expect predicate `existsNoRetry == 1` for object "ResourceRunner 설정" Window`
    t =     5.63s         Checking existence of `"ResourceRunner 설정" Window`
    t =     6.43s Requesting snapshot of accessibility hierarchy for app with pid 48242
    t =     6.53s Requesting snapshot of accessibility hierarchy for app with pid 48242
    t =     6.59s Find the "SettingsCPUCard" Switch
    t =     6.64s Find the "SettingsMemoryCard" Switch
    t =     6.69s Tear Down
Test Case '-[ResourceRunnerUITests.SettingsWindowUITests testSettingsWindowKeepsKeyAfterSelectedCardIsRemovedDuringFocusReturn]' passed (7.023 seconds).
Test Case '-[ResourceRunnerUITests.SettingsWindowUITests testSuccessfulRegistrationShowsConfirmedEnabledState]' started.
    t =     0.00s Start Test at 2026-10-04 15:54:22.303
    t =     0.10s Set Up
    t =     0.10s Open com.zipkero.ResourceRunner
    t =     0.10s     Launch com.zipkero.ResourceRunner
    t =     0.10s         Terminate com.zipkero.ResourceRunner:48242
2026-10-04 15:54:23.489 xcodebuild[44119:52637050] [MT] IDELaunchParametersSnapshot: The operation couldn’t be completed. (DebuggerLLDB.DebuggerVersionStore.StoreError error 0.)
2026-10-04 15:54:23.489 xcodebuild[44119:52637050] [MT] IDELaunchParametersSnapshot: no debugger version
    t =     1.46s         Wait for accessibility to load
    t =     1.47s         Setting up automation session
    t =     1.48s         Wait for com.zipkero.ResourceRunner to idle
    t =     1.48s Waiting 5.0s for StatusItem (First Match) to exist
    t =     2.49s     Checking `Expect predicate `existsNoRetry == 1` for object StatusItem (First Match)`
    t =     2.49s         Checking existence of `StatusItem (First Match)`
    t =     2.51s Right click StatusItem (First Match)
    t =     2.51s     Wait for com.zipkero.ResourceRunner to idle
    t =     2.51s     Find the StatusItem (First Match)
    t =     2.53s     Check for interrupting elements affecting "ResourceRunner, 낮음" StatusItem
    t =     2.54s     Open com.zipkero.ResourceRunner
    t =     2.54s         Activate com.zipkero.ResourceRunner
    t =     2.54s             Wait for com.zipkero.ResourceRunner to idle
    t =     2.55s     Synthesize event
    t =     2.94s     Wait for com.zipkero.ResourceRunner to idle
    t =     2.94s Waiting 3.0s for "openSettingsFromMenu:" MenuItem to exist
    t =     3.96s     Checking `Expect predicate `existsNoRetry == 1` for object "openSettingsFromMenu:" MenuItem`
    t =     3.96s         Checking existence of `"openSettingsFromMenu:" MenuItem`
    t =     4.02s Click "openSettingsFromMenu:" MenuItem
    t =     4.02s     Wait for com.zipkero.ResourceRunner to idle
    t =     4.03s     Find the "openSettingsFromMenu:" MenuItem
    t =     4.05s     Check for interrupting elements affecting "openSettingsFromMenu:" MenuItem
    t =     4.05s     Synthesize event
    t =     4.06s         Checking existence of `"openSettingsFromMenu:" MenuItem`
    t =     4.08s         Hover menu item '설정…'
    t =     4.08s             Wait for com.zipkero.ResourceRunner to idle
    t =     4.08s             Find the "openSettingsFromMenu:" MenuItem
    t =     4.10s             Check for interrupting elements affecting "openSettingsFromMenu:" MenuItem
    t =     4.10s             Synthesize event
    t =     4.33s             Wait for com.zipkero.ResourceRunner to idle
    t =     4.34s         Find the "openSettingsFromMenu:" MenuItem
    t =     5.09s     Wait for com.zipkero.ResourceRunner to idle
    t =     5.13s Waiting 3.0s for "ResourceRunner 설정" Window to exist
    t =     6.16s     Checking `Expect predicate `existsNoRetry == 1` for object "ResourceRunner 설정" Window`
    t =     6.16s         Checking existence of `"ResourceRunner 설정" Window`
    t =     6.24s Type '9' key with modifiers '⌘⌥' (0x18)
    t =     6.24s     Wait for com.zipkero.ResourceRunner to idle
    t =     6.25s     Find the Target Application 'com.zipkero.ResourceRunner'
    t =     6.28s     Check for interrupting elements affecting "ResourceRunner" Application
    t =     6.28s     Synthesize event
    t =     6.39s     Wait for com.zipkero.ResourceRunner to idle
    t =     6.40s Waiting 3.0s for "SettingsLoginResult" StaticText to exist
    t =     7.41s     Checking `Expect predicate `existsNoRetry == 1` for object "SettingsLoginResult" StaticText`
    t =     7.41s         Checking existence of `"SettingsLoginResult" StaticText`
    t =     7.48s Find the "SettingsLoginResult" StaticText
    t =     7.53s Find the "SettingsLoginToggle" Switch
    t =     7.58s Find the "SettingsLoginStatus" StaticText
    t =     7.62s Tear Down
Test Case '-[ResourceRunnerUITests.SettingsWindowUITests testSuccessfulRegistrationShowsConfirmedEnabledState]' passed (7.958 seconds).
Test Suite 'SettingsWindowUITests' passed at 2026-10-04 15:54:30.262.
	 Executed 11 tests, with 0 failures (0 unexpected) in 117.602 (117.616) seconds
Test Suite 'StatusItemAccessibilityUITests' started at 2026-10-04 15:54:30.263.
Test Case '-[ResourceRunnerUITests.StatusItemAccessibilityUITests testStatusItemAccessibilityLabelFollowsInjectedState]' started.
    t =     0.00s Start Test at 2026-10-04 15:54:30.265
    t =     0.10s Set Up
    t =     0.10s Open com.zipkero.ResourceRunner
    t =     0.10s     Launch com.zipkero.ResourceRunner
    t =     0.10s         Terminate com.zipkero.ResourceRunner:48379
2026-10-04 15:54:31.434 xcodebuild[44119:52637050] [MT] IDELaunchParametersSnapshot: The operation couldn’t be completed. (DebuggerLLDB.DebuggerVersionStore.StoreError error 0.)
2026-10-04 15:54:31.434 xcodebuild[44119:52637050] [MT] IDELaunchParametersSnapshot: no debugger version
    t =     1.45s         Wait for accessibility to load
    t =     1.60s         Setting up automation session
    t =     1.61s         Wait for com.zipkero.ResourceRunner to idle
    t =     1.62s Waiting 5.0s for StatusItem (First Match) to exist
    t =     2.65s     Checking `Expect predicate `existsNoRetry == 1` for object StatusItem (First Match)`
    t =     2.65s         Checking existence of `StatusItem (First Match)`
    t =     2.67s Find the StatusItem (First Match)
    t =     2.69s Right click "ResourceRunner, 낮음" StatusItem
    t =     2.69s     Wait for com.zipkero.ResourceRunner to idle
    t =     2.69s     Find the "ResourceRunner, 낮음" StatusItem
    t =     2.71s     Check for interrupting elements affecting "ResourceRunner, 낮음" StatusItem
    t =     2.71s     Open com.zipkero.ResourceRunner
    t =     2.71s         Activate com.zipkero.ResourceRunner
    t =     2.73s             Wait for com.zipkero.ResourceRunner to idle
    t =     2.73s     Synthesize event
    t =     3.12s     Wait for com.zipkero.ResourceRunner to idle
    t =     3.13s Waiting 2.0s for "moderate" MenuItem to exist
    t =     4.13s     Checking `Expect predicate `existsNoRetry == 1` for object "moderate" MenuItem`
    t =     4.13s         Checking existence of `"moderate" MenuItem`
    t =     4.19s Click "moderate" MenuItem
    t =     4.19s     Wait for com.zipkero.ResourceRunner to idle
    t =     4.20s     Find the "moderate" MenuItem
    t =     4.22s     Check for interrupting elements affecting "injectDebugState:" MenuItem
    t =     4.23s     Synthesize event
    t =     4.23s         Checking existence of `"injectDebugState:" MenuItem`
    t =     4.25s         Hover menu item 'moderate'
    t =     4.25s             Wait for com.zipkero.ResourceRunner to idle
    t =     4.25s             Find the "injectDebugState:" MenuItem
    t =     4.27s             Check for interrupting elements affecting "injectDebugState:" MenuItem
    t =     4.27s             Synthesize event
    t =     4.50s             Wait for com.zipkero.ResourceRunner to idle
    t =     4.50s         Find the "injectDebugState:" MenuItem
    t =     5.26s     Wait for com.zipkero.ResourceRunner to idle
    t =     5.27s Find the "ResourceRunner, 낮음" StatusItem
    t =     5.28s Right click "ResourceRunner, 보통" StatusItem
    t =     5.28s     Wait for com.zipkero.ResourceRunner to idle
    t =     5.28s     Find the "ResourceRunner, 보통" StatusItem
    t =     5.29s     Check for interrupting elements affecting "ResourceRunner, 보통" StatusItem
    t =     5.30s     Synthesize event
    t =     5.67s     Wait for com.zipkero.ResourceRunner to idle
    t =     5.68s Waiting 2.0s for "high" MenuItem to exist
    t =     6.69s     Checking `Expect predicate `existsNoRetry == 1` for object "high" MenuItem`
    t =     6.69s         Checking existence of `"high" MenuItem`
    t =     6.73s Click "high" MenuItem
    t =     6.73s     Wait for com.zipkero.ResourceRunner to idle
    t =     6.74s     Find the "high" MenuItem
    t =     6.77s     Check for interrupting elements affecting "injectDebugState:" MenuItem
    t =     6.77s     Synthesize event
    t =     6.77s         Checking existence of `"injectDebugState:" MenuItem`
    t =     6.79s         Hover menu item 'high'
    t =     6.79s             Wait for com.zipkero.ResourceRunner to idle
    t =     6.79s             Find the "injectDebugState:" MenuItem
    t =     6.82s             Check for interrupting elements affecting "injectDebugState:" MenuItem
    t =     6.82s             Synthesize event
    t =     7.04s             Wait for com.zipkero.ResourceRunner to idle
    t =     7.05s         Find the "injectDebugState:" MenuItem
    t =     7.80s     Wait for com.zipkero.ResourceRunner to idle
    t =     7.81s Find the "ResourceRunner, 보통" StatusItem
    t =     7.82s Right click "ResourceRunner, 높음" StatusItem
    t =     7.82s     Wait for com.zipkero.ResourceRunner to idle
    t =     7.83s     Find the "ResourceRunner, 높음" StatusItem
    t =     7.84s     Check for interrupting elements affecting "ResourceRunner, 높음" StatusItem
    t =     7.84s     Synthesize event
    t =     8.20s     Wait for com.zipkero.ResourceRunner to idle
    t =     8.21s Waiting 2.0s for "veryHigh" MenuItem to exist
    t =     9.21s     Checking `Expect predicate `existsNoRetry == 1` for object "veryHigh" MenuItem`
    t =     9.21s         Checking existence of `"veryHigh" MenuItem`
    t =     9.25s Click "veryHigh" MenuItem
    t =     9.25s     Wait for com.zipkero.ResourceRunner to idle
    t =     9.26s     Find the "veryHigh" MenuItem
    t =     9.28s     Check for interrupting elements affecting "injectDebugState:" MenuItem
    t =     9.29s     Synthesize event
    t =     9.29s         Checking existence of `"injectDebugState:" MenuItem`
    t =     9.31s         Hover menu item 'veryHigh'
    t =     9.31s             Wait for com.zipkero.ResourceRunner to idle
    t =     9.32s             Find the "injectDebugState:" MenuItem
    t =     9.34s             Check for interrupting elements affecting "injectDebugState:" MenuItem
    t =     9.34s             Synthesize event
    t =     9.55s             Wait for com.zipkero.ResourceRunner to idle
    t =     9.56s         Find the "injectDebugState:" MenuItem
    t =    10.30s     Wait for com.zipkero.ResourceRunner to idle
    t =    10.30s Find the "ResourceRunner, 높음" StatusItem
    t =    10.31s Right click "ResourceRunner, 매우 높음" StatusItem
    t =    10.31s     Wait for com.zipkero.ResourceRunner to idle
    t =    10.32s     Find the "ResourceRunner, 매우 높음" StatusItem
    t =    10.33s     Check for interrupting elements affecting "ResourceRunner, 매우 높음" StatusItem
    t =    10.33s     Synthesize event
    t =    10.69s     Wait for com.zipkero.ResourceRunner to idle
    t =    10.69s Waiting 2.0s for "sustainedHigh" MenuItem to exist
    t =    11.70s     Checking `Expect predicate `existsNoRetry == 1` for object "sustainedHigh" MenuItem`
    t =    11.70s         Checking existence of `"sustainedHigh" MenuItem`
    t =    11.73s Click "sustainedHigh" MenuItem
    t =    11.73s     Wait for com.zipkero.ResourceRunner to idle
    t =    11.74s     Find the "sustainedHigh" MenuItem
    t =    11.76s     Check for interrupting elements affecting "injectDebugState:" MenuItem
    t =    11.76s     Synthesize event
    t =    11.77s         Checking existence of `"injectDebugState:" MenuItem`
    t =    11.79s         Hover menu item 'sustainedHigh'
    t =    11.79s             Wait for com.zipkero.ResourceRunner to idle
    t =    11.79s             Find the "injectDebugState:" MenuItem
    t =    11.81s             Check for interrupting elements affecting "injectDebugState:" MenuItem
    t =    11.82s             Synthesize event
    t =    12.03s             Wait for com.zipkero.ResourceRunner to idle
    t =    12.04s         Find the "injectDebugState:" MenuItem
    t =    12.79s     Wait for com.zipkero.ResourceRunner to idle
    t =    12.79s Find the "ResourceRunner, 매우 높음" StatusItem
    t =    12.80s Right click "ResourceRunner, 장시간 고부하" StatusItem
    t =    12.80s     Wait for com.zipkero.ResourceRunner to idle
    t =    12.81s     Find the "ResourceRunner, 장시간 고부하" StatusItem
    t =    12.82s     Check for interrupting elements affecting "ResourceRunner, 장시간 고부하" StatusItem
    t =    12.82s     Synthesize event
    t =    13.21s     Wait for com.zipkero.ResourceRunner to idle
    t =    13.21s Waiting 2.0s for "low" MenuItem to exist
    t =    14.21s     Checking `Expect predicate `existsNoRetry == 1` for object "low" MenuItem`
    t =    14.21s         Checking existence of `"low" MenuItem`
    t =    14.25s Click "low" MenuItem
    t =    14.25s     Wait for com.zipkero.ResourceRunner to idle
    t =    14.26s     Find the "low" MenuItem
    t =    14.28s     Check for interrupting elements affecting "injectDebugState:" MenuItem
    t =    14.28s     Synthesize event
    t =    14.28s         Checking existence of `"injectDebugState:" MenuItem`
    t =    14.30s         Hover menu item 'low'
    t =    14.30s             Wait for com.zipkero.ResourceRunner to idle
    t =    14.30s             Find the "injectDebugState:" MenuItem
    t =    14.32s             Check for interrupting elements affecting "injectDebugState:" MenuItem
    t =    14.32s             Synthesize event
    t =    14.54s             Wait for com.zipkero.ResourceRunner to idle
    t =    14.54s         Find the "injectDebugState:" MenuItem
    t =    15.39s     Wait for com.zipkero.ResourceRunner to idle
    t =    15.40s Find the "ResourceRunner, 장시간 고부하" StatusItem
    t =    15.41s Tear Down
Test Case '-[ResourceRunnerUITests.StatusItemAccessibilityUITests testStatusItemAccessibilityLabelFollowsInjectedState]' passed (15.742 seconds).
Test Suite 'StatusItemAccessibilityUITests' passed at 2026-10-04 15:54:46.007.
	 Executed 1 test, with 0 failures (0 unexpected) in 15.742 (15.743) seconds
Test Suite 'ResourceRunnerUITests.xctest' passed at 2026-10-04 15:54:46.007.
	 Executed 18 tests, with 0 failures (0 unexpected) in 218.167 (218.194) seconds
Test Suite 'Selected tests' passed at 2026-10-04 15:54:46.008.
	 Executed 18 tests, with 0 failures (0 unexpected) in 218.167 (218.195) seconds
2026-10-04 15:54:50.419 xcodebuild[44119:52637050] [MT] IDETestOperationsObserverDebug: 223.026 elapsed -- Testing started completed.
2026-10-04 15:54:50.419 xcodebuild[44119:52637050] [MT] IDETestOperationsObserverDebug: 0.000 sec, +0.000 sec -- start
2026-10-04 15:54:50.419 xcodebuild[44119:52637050] [MT] IDETestOperationsObserverDebug: 223.026 sec, +223.026 sec -- end

Test session results, code coverage, and logs:
	/tmp/rr-m4-task009-ui.xcresult

** TEST SUCCEEDED **

Testing started
