Command line invocation:
    /Applications/Xcode.app/Contents/Developer/usr/bin/xcodebuild test -project ResourceRunner.xcodeproj -scheme ResourceRunner -configuration Debug -destination platform=macOS,arch=arm64 -parallel-testing-enabled NO "-only-testing:ResourceRunnerTests/SettingsWindowControllerTests" "-only-testing:ResourceRunnerTests/LoginItemControllerTests" "-only-testing:ResourceRunnerTests/PreferencesStoreTests" "-only-testing:ResourceRunnerTests/ApplicationCoordinatorTests" "-only-testing:ResourceRunnerTests/StatusBarControllerTests" "-only-testing:ResourceRunnerTests/DashboardPreferencesVisibilityTests" "-only-testing:ResourceRunnerTests/DashboardViewportTests" -derivedDataPath /tmp/rr-m4-task009-derived -resultBundlePath /tmp/rr-m4-task009-unit.xcresult CODE_SIGNING_ALLOWED=YES

Build settings from command line:
    CODE_SIGNING_ALLOWED = YES

2026-10-04 15:45:51.980 xcodebuild[37278:52597290] [MT] IDERunDestination: Supported platforms for the buildables in the current scheme is empty.
Writing result bundle at path:
	/tmp/rr-m4-task009-unit.xcresult

ComputePackagePrebuildTargetDependencyGraph

Prepare packages

CreateBuildRequest

SendProjectDescription

CreateBuildOperation

ComputeTargetDependencyGraph
note: Building targets in dependency order
note: Target dependency graph (3 targets)
    Target 'ResourceRunnerTests' in project 'ResourceRunner'
        ➜ Explicit dependency on target 'ResourceRunner' in project 'ResourceRunner'
    Target 'ResourceRunnerUITests' in project 'ResourceRunner'
        ➜ Explicit dependency on target 'ResourceRunner' in project 'ResourceRunner'
    Target 'ResourceRunner' in project 'ResourceRunner' (no dependencies)

GatherProvisioningInputs

CreateBuildDescription

ExecuteExternalTool /Applications/Xcode.app/Contents/Developer/Toolchains/XcodeDefault.xctoolchain/usr/bin/clang -v -E -dM -isysroot /Applications/Xcode.app/Contents/Developer/Platforms/MacOSX.platform/Developer/SDKs/MacOSX26.5.sdk -x c -c /dev/null

ExecuteExternalTool /Applications/Xcode.app/Contents/Developer/Toolchains/XcodeDefault.xctoolchain/usr/bin/swiftc --version

ExecuteExternalTool /Applications/Xcode.app/Contents/Developer/usr/bin/actool --version --output-format xml1

ExecuteExternalTool /Applications/Xcode.app/Contents/Developer/Toolchains/XcodeDefault.xctoolchain/usr/bin/ld -version_details

Build description signature: a2697dd868fd9c25045a58c494e6bf87
Build description path: /tmp/rr-m4-task009-derived/Build/Intermediates.noindex/XCBuildData/a2697dd868fd9c25045a58c494e6bf87.xcbuilddata
ClangStatCache /Applications/Xcode.app/Contents/Developer/Toolchains/XcodeDefault.xctoolchain/usr/bin/clang-stat-cache /Applications/Xcode.app/Contents/Developer/Platforms/MacOSX.platform/Developer/SDKs/MacOSX26.5.sdk /tmp/rr-m4-task009-derived/SDKStatCaches.noindex/macosx26.5-25F70-e082c4a02f00227109f4ed75e425c832.sdkstatcache
    cd /Users/zipkero/XcodeProjects/ResourceRunner/ResourceRunner.xcodeproj
    /Applications/Xcode.app/Contents/Developer/Toolchains/XcodeDefault.xctoolchain/usr/bin/clang-stat-cache /Applications/Xcode.app/Contents/Developer/Platforms/MacOSX.platform/Developer/SDKs/MacOSX26.5.sdk -o /tmp/rr-m4-task009-derived/SDKStatCaches.noindex/macosx26.5-25F70-e082c4a02f00227109f4ed75e425c832.sdkstatcache

note: Run script build phase 'Prepare expansion fixture' will be run during every build because the option to run the script phase "Based on dependency analysis" is unchecked. (in target 'ResourceRunnerUITests' from project 'ResourceRunner')
SwiftDriver ResourceRunnerUITests normal arm64 com.apple.xcode.tools.swift.compiler (in target 'ResourceRunnerUITests' from project 'ResourceRunner')
    cd /Users/zipkero/XcodeProjects/ResourceRunner
    builtin-SwiftDriver -- /Applications/Xcode.app/Contents/Developer/Toolchains/XcodeDefault.xctoolchain/usr/bin/swiftc -module-name ResourceRunnerUITests -Onone @/tmp/rr-m4-task009-derived/Build/Intermediates.noindex/ResourceRunner.build/Debug/ResourceRunnerUITests.build/Objects-normal/arm64/ResourceRunnerUITests.SwiftFileList -DDEBUG -module-alias Testing\=_Testing_Unavailable -plugin-path /Applications/Xcode.app/Contents/Developer/Toolchains/XcodeDefault.xctoolchain/usr/lib/swift/host/plugins/testing -enable-bare-slash-regex -enable-upcoming-feature DisableOutwardActorInference -enable-upcoming-feature InferSendableFromCaptures -enable-upcoming-feature GlobalActorIsolatedTypesUsability -enable-upcoming-feature MemberImportVisibility -enable-upcoming-feature InferIsolatedConformances -enable-upcoming-feature NonisolatedNonsendingByDefault -enable-experimental-feature DebugDescriptionMacro -sdk /Applications/Xcode.app/Contents/Developer/Platforms/MacOSX.platform/Developer/SDKs/MacOSX26.5.sdk -target arm64-apple-macos26.5 -g -module-cache-path /tmp/rr-m4-task009-derived/ModuleCache.noindex -Xfrontend -serialize-debugging-options -profile-coverage-mapping -profile-generate -enable-testing -index-store-path /tmp/rr-m4-task009-derived/Index.noindex/DataStore -Xcc -D_LIBCPP_HARDENING_MODE\=_LIBCPP_HARDENING_MODE_DEBUG -swift-version 5 -I /tmp/rr-m4-task009-derived/Build/Products/Debug -Isystem /Applications/Xcode.app/Contents/Developer/Platforms/MacOSX.platform/Developer/usr/lib -F /tmp/rr-m4-task009-derived/Build/Products/Debug -F /Applications/Xcode.app/Contents/Developer/Platforms/MacOSX.platform/Developer/Library/Frameworks -c -j14 -enable-batch-mode -incremental -Xcc -ivfsstatcache -Xcc /tmp/rr-m4-task009-derived/SDKStatCaches.noindex/macosx26.5-25F70-e082c4a02f00227109f4ed75e425c832.sdkstatcache -output-file-map /tmp/rr-m4-task009-derived/Build/Intermediates.noindex/ResourceRunner.build/Debug/ResourceRunnerUITests.build/Objects-normal/arm64/ResourceRunnerUITests-OutputFileMap.json -use-frontend-parseable-output -save-temps -no-color-diagnostics -explicit-module-build -module-cache-path /tmp/rr-m4-task009-derived/Build/Intermediates.noindex/SwiftExplicitPrecompiledModules -clang-scanner-module-cache-path /tmp/rr-m4-task009-derived/ModuleCache.noindex -sdk-module-cache-path /tmp/rr-m4-task009-derived/ModuleCache.noindex -serialize-diagnostics -emit-dependencies -emit-module -emit-module-path /tmp/rr-m4-task009-derived/Build/Intermediates.noindex/ResourceRunner.build/Debug/ResourceRunnerUITests.build/Objects-normal/arm64/ResourceRunnerUITests.swiftmodule -validate-clang-modules-once -clang-build-session-file /tmp/rr-m4-task009-derived/ModuleCache.noindex/Session.modulevalidation -Xcc -I/tmp/rr-m4-task009-derived/Build/Intermediates.noindex/ResourceRunner.build/Debug/ResourceRunnerUITests.build/swift-overrides.hmap -emit-const-values -Xfrontend -const-gather-protocols-file -Xfrontend /tmp/rr-m4-task009-derived/Build/Intermediates.noindex/ResourceRunner.build/Debug/ResourceRunnerUITests.build/Objects-normal/arm64/ResourceRunnerUITests_const_extract_protocols.json -Xcc -iquote -Xcc /tmp/rr-m4-task009-derived/Build/Intermediates.noindex/ResourceRunner.build/Debug/ResourceRunnerUITests.build/ResourceRunnerUITests-generated-files.hmap -Xcc -I/tmp/rr-m4-task009-derived/Build/Intermediates.noindex/ResourceRunner.build/Debug/ResourceRunnerUITests.build/ResourceRunnerUITests-own-target-headers.hmap -Xcc -I/tmp/rr-m4-task009-derived/Build/Intermediates.noindex/ResourceRunner.build/Debug/ResourceRunnerUITests.build/ResourceRunnerUITests-all-target-headers.hmap -Xcc -iquote -Xcc /tmp/rr-m4-task009-derived/Build/Intermediates.noindex/ResourceRunner.build/Debug/ResourceRunnerUITests.build/ResourceRunnerUITests-project-headers.hmap -Xcc -I/tmp/rr-m4-task009-derived/Build/Products/Debug/include -Xcc -I/tmp/rr-m4-task009-derived/Build/Intermediates.noindex/ResourceRunner.build/Debug/ResourceRunnerUITests.build/DerivedSources-normal/arm64 -Xcc -I/tmp/rr-m4-task009-derived/Build/Intermediates.noindex/ResourceRunner.build/Debug/ResourceRunnerUITests.build/DerivedSources/arm64 -Xcc -I/tmp/rr-m4-task009-derived/Build/Intermediates.noindex/ResourceRunner.build/Debug/ResourceRunnerUITests.build/DerivedSources -Xcc -DDEBUG\=1 -emit-objc-header -emit-objc-header-path /tmp/rr-m4-task009-derived/Build/Intermediates.noindex/ResourceRunner.build/Debug/ResourceRunnerUITests.build/Objects-normal/arm64/ResourceRunnerUITests-Swift.h -working-directory /Users/zipkero/XcodeProjects/ResourceRunner -experimental-emit-module-separately -disable-cmo

CopySwiftLibs /tmp/rr-m4-task009-derived/Build/Products/Debug/ResourceRunner.app (in target 'ResourceRunner' from project 'ResourceRunner')
    cd /Users/zipkero/XcodeProjects/ResourceRunner
    builtin-swiftStdLibTool --copy --verbose --sign - --scan-executable /tmp/rr-m4-task009-derived/Build/Products/Debug/ResourceRunner.app/Contents/MacOS/ResourceRunner.debug.dylib --scan-folder /tmp/rr-m4-task009-derived/Build/Products/Debug/ResourceRunner.app/Contents/Frameworks --scan-folder /tmp/rr-m4-task009-derived/Build/Products/Debug/ResourceRunner.app/Contents/PlugIns --scan-folder /tmp/rr-m4-task009-derived/Build/Products/Debug/ResourceRunner.app/Contents/Library/SystemExtensions --scan-folder /tmp/rr-m4-task009-derived/Build/Products/Debug/ResourceRunner.app/Contents/Extensions --platform macosx --toolchain /Applications/Xcode.app/Contents/Developer/Toolchains/XcodeDefault.xctoolchain --destination /tmp/rr-m4-task009-derived/Build/Products/Debug/ResourceRunner.app/Contents/Frameworks --strip-bitcode --strip-bitcode-tool /Applications/Xcode.app/Contents/Developer/Toolchains/XcodeDefault.xctoolchain/usr/bin/bitcode_strip --emit-dependency-info /tmp/rr-m4-task009-derived/Build/Intermediates.noindex/ResourceRunner.build/Debug/ResourceRunner.build/SwiftStdLibToolInputDependencies.dep --filter-for-swift-os

ProcessInfoPlistFile /tmp/rr-m4-task009-derived/Build/Products/Debug/ResourceRunner.app/Contents/Info.plist /tmp/rr-m4-task009-derived/Build/Intermediates.noindex/ResourceRunner.build/Debug/ResourceRunner.build/empty-ResourceRunner.plist (in target 'ResourceRunner' from project 'ResourceRunner')
    cd /Users/zipkero/XcodeProjects/ResourceRunner
    builtin-infoPlistUtility /tmp/rr-m4-task009-derived/Build/Intermediates.noindex/ResourceRunner.build/Debug/ResourceRunner.build/empty-ResourceRunner.plist -producttype com.apple.product-type.application -genpkginfo /tmp/rr-m4-task009-derived/Build/Products/Debug/ResourceRunner.app/Contents/PkgInfo -expandbuildsettings -platform macosx -additionalcontentfile /tmp/rr-m4-task009-derived/Build/Intermediates.noindex/ResourceRunner.build/Debug/ResourceRunner.build/assetcatalog_generated_info.plist -o /tmp/rr-m4-task009-derived/Build/Products/Debug/ResourceRunner.app/Contents/Info.plist

ProcessInfoPlistFile /tmp/rr-m4-task009-derived/Build/Products/Debug/ResourceRunner.app/Contents/PlugIns/ResourceRunnerTests.xctest/Contents/Info.plist /tmp/rr-m4-task009-derived/Build/Intermediates.noindex/ResourceRunner.build/Debug/ResourceRunnerTests.build/empty-ResourceRunnerTests.plist (in target 'ResourceRunnerTests' from project 'ResourceRunner')
    cd /Users/zipkero/XcodeProjects/ResourceRunner
    builtin-infoPlistUtility /tmp/rr-m4-task009-derived/Build/Intermediates.noindex/ResourceRunner.build/Debug/ResourceRunnerTests.build/empty-ResourceRunnerTests.plist -producttype com.apple.product-type.bundle.unit-test -expandbuildsettings -platform macosx -o /tmp/rr-m4-task009-derived/Build/Products/Debug/ResourceRunner.app/Contents/PlugIns/ResourceRunnerTests.xctest/Contents/Info.plist

CopySwiftLibs /tmp/rr-m4-task009-derived/Build/Products/Debug/ResourceRunner.app/Contents/PlugIns/ResourceRunnerTests.xctest (in target 'ResourceRunnerTests' from project 'ResourceRunner')
    cd /Users/zipkero/XcodeProjects/ResourceRunner
    builtin-swiftStdLibTool --copy --verbose --sign - --scan-executable /tmp/rr-m4-task009-derived/Build/Products/Debug/ResourceRunner.app/Contents/PlugIns/ResourceRunnerTests.xctest/Contents/MacOS/ResourceRunnerTests --scan-folder /tmp/rr-m4-task009-derived/Build/Products/Debug/ResourceRunner.app/Contents/PlugIns/ResourceRunnerTests.xctest/Contents/Frameworks --scan-folder /tmp/rr-m4-task009-derived/Build/Products/Debug/ResourceRunner.app/Contents/PlugIns/ResourceRunnerTests.xctest/Contents/PlugIns --scan-folder /tmp/rr-m4-task009-derived/Build/Products/Debug/ResourceRunner.app/Contents/PlugIns/ResourceRunnerTests.xctest/Contents/Library/SystemExtensions --scan-folder /tmp/rr-m4-task009-derived/Build/Products/Debug/ResourceRunner.app/Contents/PlugIns/ResourceRunnerTests.xctest/Contents/Extensions --platform macosx --toolchain /Applications/Xcode.app/Contents/Developer/Toolchains/XcodeDefault.xctoolchain --destination /tmp/rr-m4-task009-derived/Build/Products/Debug/ResourceRunner.app/Contents/PlugIns/ResourceRunnerTests.xctest/Contents/Frameworks --strip-bitcode --scan-executable /Applications/Xcode.app/Contents/Developer/Platforms/MacOSX.platform/Developer/usr/lib/libXCTestSwiftSupport.dylib --strip-bitcode-tool /Applications/Xcode.app/Contents/Developer/Toolchains/XcodeDefault.xctoolchain/usr/bin/bitcode_strip --emit-dependency-info /tmp/rr-m4-task009-derived/Build/Intermediates.noindex/ResourceRunner.build/Debug/ResourceRunnerTests.build/SwiftStdLibToolInputDependencies.dep --filter-for-swift-os

CodeSign /tmp/rr-m4-task009-derived/Build/Products/Debug/ResourceRunner.app/Contents/MacOS/ResourceRunner.debug.dylib (in target 'ResourceRunner' from project 'ResourceRunner')
    cd /Users/zipkero/XcodeProjects/ResourceRunner
    
    Signing Identity:     "Sign to Run Locally"
    
    /usr/bin/codesign --force --sign - --timestamp\=none --generate-entitlement-der /tmp/rr-m4-task009-derived/Build/Products/Debug/ResourceRunner.app/Contents/MacOS/ResourceRunner.debug.dylib
/tmp/rr-m4-task009-derived/Build/Products/Debug/ResourceRunner.app/Contents/MacOS/ResourceRunner.debug.dylib: replacing existing signature

CodeSign /tmp/rr-m4-task009-derived/Build/Products/Debug/ResourceRunner.app/Contents/MacOS/__preview.dylib (in target 'ResourceRunner' from project 'ResourceRunner')
    cd /Users/zipkero/XcodeProjects/ResourceRunner
    
    Signing Identity:     "Sign to Run Locally"
    
    /usr/bin/codesign --force --sign - --timestamp\=none --generate-entitlement-der /tmp/rr-m4-task009-derived/Build/Products/Debug/ResourceRunner.app/Contents/MacOS/__preview.dylib
/tmp/rr-m4-task009-derived/Build/Products/Debug/ResourceRunner.app/Contents/MacOS/__preview.dylib: replacing existing signature

CodeSign /tmp/rr-m4-task009-derived/Build/Products/Debug/ResourceRunner.app (in target 'ResourceRunner' from project 'ResourceRunner')
    cd /Users/zipkero/XcodeProjects/ResourceRunner
    
    Signing Identity:     "Sign to Run Locally"
    
    /usr/bin/codesign --force --sign - --entitlements /tmp/rr-m4-task009-derived/Build/Intermediates.noindex/ResourceRunner.build/Debug/ResourceRunner.build/ResourceRunner.app.xcent --timestamp\=none --generate-entitlement-der /tmp/rr-m4-task009-derived/Build/Products/Debug/ResourceRunner.app
/tmp/rr-m4-task009-derived/Build/Products/Debug/ResourceRunner.app: replacing existing signature

Validate /tmp/rr-m4-task009-derived/Build/Products/Debug/ResourceRunner.app (in target 'ResourceRunner' from project 'ResourceRunner')
    cd /Users/zipkero/XcodeProjects/ResourceRunner
    builtin-validationUtility /tmp/rr-m4-task009-derived/Build/Products/Debug/ResourceRunner.app -no-validate-extension -infoplist-subpath Contents/Info.plist

RegisterWithLaunchServices /tmp/rr-m4-task009-derived/Build/Products/Debug/ResourceRunner.app (in target 'ResourceRunner' from project 'ResourceRunner')
    cd /Users/zipkero/XcodeProjects/ResourceRunner
    /System/Library/Frameworks/CoreServices.framework/Versions/Current/Frameworks/LaunchServices.framework/Versions/Current/Support/lsregister -f -R -trusted /tmp/rr-m4-task009-derived/Build/Products/Debug/ResourceRunner.app

ProcessInfoPlistFile /tmp/rr-m4-task009-derived/Build/Products/Debug/ResourceRunnerUITests-Runner.app/Contents/PlugIns/ResourceRunnerUITests.xctest/Contents/Info.plist /tmp/rr-m4-task009-derived/Build/Intermediates.noindex/ResourceRunner.build/Debug/ResourceRunnerUITests.build/empty-ResourceRunnerUITests.plist (in target 'ResourceRunnerUITests' from project 'ResourceRunner')
    cd /Users/zipkero/XcodeProjects/ResourceRunner
    builtin-infoPlistUtility /tmp/rr-m4-task009-derived/Build/Intermediates.noindex/ResourceRunner.build/Debug/ResourceRunnerUITests.build/empty-ResourceRunnerUITests.plist -producttype com.apple.product-type.bundle.ui-testing -expandbuildsettings -platform macosx -additionalcontentfile /tmp/rr-m4-task009-derived/Build/Intermediates.noindex/ResourceRunner.build/Debug/ResourceRunnerUITests.build/ProductTypeInfoPlistAdditions.plist -o /tmp/rr-m4-task009-derived/Build/Products/Debug/ResourceRunnerUITests-Runner.app/Contents/PlugIns/ResourceRunnerUITests.xctest/Contents/Info.plist

SwiftEmitModule normal arm64 Emitting\ module\ for\ ResourceRunnerUITests (in target 'ResourceRunnerUITests' from project 'ResourceRunner')

EmitSwiftModule normal arm64 (in target 'ResourceRunnerUITests' from project 'ResourceRunner')
    cd /Users/zipkero/XcodeProjects/ResourceRunner
    

SwiftCompile normal arm64 Compiling\ SettingsWindowUITests.swift /Users/zipkero/XcodeProjects/ResourceRunner/ResourceRunnerUITests/SettingsWindowUITests.swift (in target 'ResourceRunnerUITests' from project 'ResourceRunner')
SwiftCompile normal arm64 /Users/zipkero/XcodeProjects/ResourceRunner/ResourceRunnerUITests/SettingsWindowUITests.swift (in target 'ResourceRunnerUITests' from project 'ResourceRunner')
    cd /Users/zipkero/XcodeProjects/ResourceRunner
    

SwiftDriverJobDiscovery normal arm64 Emitting module for ResourceRunnerUITests (in target 'ResourceRunnerUITests' from project 'ResourceRunner')

SwiftDriver\ Compilation\ Requirements ResourceRunnerUITests normal arm64 com.apple.xcode.tools.swift.compiler (in target 'ResourceRunnerUITests' from project 'ResourceRunner')
    cd /Users/zipkero/XcodeProjects/ResourceRunner
    builtin-Swift-Compilation-Requirements -- /Applications/Xcode.app/Contents/Developer/Toolchains/XcodeDefault.xctoolchain/usr/bin/swiftc -module-name ResourceRunnerUITests -Onone @/tmp/rr-m4-task009-derived/Build/Intermediates.noindex/ResourceRunner.build/Debug/ResourceRunnerUITests.build/Objects-normal/arm64/ResourceRunnerUITests.SwiftFileList -DDEBUG -module-alias Testing\=_Testing_Unavailable -plugin-path /Applications/Xcode.app/Contents/Developer/Toolchains/XcodeDefault.xctoolchain/usr/lib/swift/host/plugins/testing -enable-bare-slash-regex -enable-upcoming-feature DisableOutwardActorInference -enable-upcoming-feature InferSendableFromCaptures -enable-upcoming-feature GlobalActorIsolatedTypesUsability -enable-upcoming-feature MemberImportVisibility -enable-upcoming-feature InferIsolatedConformances -enable-upcoming-feature NonisolatedNonsendingByDefault -enable-experimental-feature DebugDescriptionMacro -sdk /Applications/Xcode.app/Contents/Developer/Platforms/MacOSX.platform/Developer/SDKs/MacOSX26.5.sdk -target arm64-apple-macos26.5 -g -module-cache-path /tmp/rr-m4-task009-derived/ModuleCache.noindex -Xfrontend -serialize-debugging-options -profile-coverage-mapping -profile-generate -enable-testing -index-store-path /tmp/rr-m4-task009-derived/Index.noindex/DataStore -Xcc -D_LIBCPP_HARDENING_MODE\=_LIBCPP_HARDENING_MODE_DEBUG -swift-version 5 -I /tmp/rr-m4-task009-derived/Build/Products/Debug -Isystem /Applications/Xcode.app/Contents/Developer/Platforms/MacOSX.platform/Developer/usr/lib -F /tmp/rr-m4-task009-derived/Build/Products/Debug -F /Applications/Xcode.app/Contents/Developer/Platforms/MacOSX.platform/Developer/Library/Frameworks -c -j14 -enable-batch-mode -incremental -Xcc -ivfsstatcache -Xcc /tmp/rr-m4-task009-derived/SDKStatCaches.noindex/macosx26.5-25F70-e082c4a02f00227109f4ed75e425c832.sdkstatcache -output-file-map /tmp/rr-m4-task009-derived/Build/Intermediates.noindex/ResourceRunner.build/Debug/ResourceRunnerUITests.build/Objects-normal/arm64/ResourceRunnerUITests-OutputFileMap.json -use-frontend-parseable-output -save-temps -no-color-diagnostics -explicit-module-build -module-cache-path /tmp/rr-m4-task009-derived/Build/Intermediates.noindex/SwiftExplicitPrecompiledModules -clang-scanner-module-cache-path /tmp/rr-m4-task009-derived/ModuleCache.noindex -sdk-module-cache-path /tmp/rr-m4-task009-derived/ModuleCache.noindex -serialize-diagnostics -emit-dependencies -emit-module -emit-module-path /tmp/rr-m4-task009-derived/Build/Intermediates.noindex/ResourceRunner.build/Debug/ResourceRunnerUITests.build/Objects-normal/arm64/ResourceRunnerUITests.swiftmodule -validate-clang-modules-once -clang-build-session-file /tmp/rr-m4-task009-derived/ModuleCache.noindex/Session.modulevalidation -Xcc -I/tmp/rr-m4-task009-derived/Build/Intermediates.noindex/ResourceRunner.build/Debug/ResourceRunnerUITests.build/swift-overrides.hmap -emit-const-values -Xfrontend -const-gather-protocols-file -Xfrontend /tmp/rr-m4-task009-derived/Build/Intermediates.noindex/ResourceRunner.build/Debug/ResourceRunnerUITests.build/Objects-normal/arm64/ResourceRunnerUITests_const_extract_protocols.json -Xcc -iquote -Xcc /tmp/rr-m4-task009-derived/Build/Intermediates.noindex/ResourceRunner.build/Debug/ResourceRunnerUITests.build/ResourceRunnerUITests-generated-files.hmap -Xcc -I/tmp/rr-m4-task009-derived/Build/Intermediates.noindex/ResourceRunner.build/Debug/ResourceRunnerUITests.build/ResourceRunnerUITests-own-target-headers.hmap -Xcc -I/tmp/rr-m4-task009-derived/Build/Intermediates.noindex/ResourceRunner.build/Debug/ResourceRunnerUITests.build/ResourceRunnerUITests-all-target-headers.hmap -Xcc -iquote -Xcc /tmp/rr-m4-task009-derived/Build/Intermediates.noindex/ResourceRunner.build/Debug/ResourceRunnerUITests.build/ResourceRunnerUITests-project-headers.hmap -Xcc -I/tmp/rr-m4-task009-derived/Build/Products/Debug/include -Xcc -I/tmp/rr-m4-task009-derived/Build/Intermediates.noindex/ResourceRunner.build/Debug/ResourceRunnerUITests.build/DerivedSources-normal/arm64 -Xcc -I/tmp/rr-m4-task009-derived/Build/Intermediates.noindex/ResourceRunner.build/Debug/ResourceRunnerUITests.build/DerivedSources/arm64 -Xcc -I/tmp/rr-m4-task009-derived/Build/Intermediates.noindex/ResourceRunner.build/Debug/ResourceRunnerUITests.build/DerivedSources -Xcc -DDEBUG\=1 -emit-objc-header -emit-objc-header-path /tmp/rr-m4-task009-derived/Build/Intermediates.noindex/ResourceRunner.build/Debug/ResourceRunnerUITests.build/Objects-normal/arm64/ResourceRunnerUITests-Swift.h -working-directory /Users/zipkero/XcodeProjects/ResourceRunner -experimental-emit-module-separately -disable-cmo

Copy /tmp/rr-m4-task009-derived/Build/Products/Debug/ResourceRunnerUITests.swiftmodule/Project/arm64-apple-macos.swiftsourceinfo /tmp/rr-m4-task009-derived/Build/Intermediates.noindex/ResourceRunner.build/Debug/ResourceRunnerUITests.build/Objects-normal/arm64/ResourceRunnerUITests.swiftsourceinfo (in target 'ResourceRunnerUITests' from project 'ResourceRunner')
    cd /Users/zipkero/XcodeProjects/ResourceRunner
    builtin-copy -exclude .DS_Store -exclude CVS -exclude .svn -exclude .git -exclude .hg -resolve-src-symlinks -rename /tmp/rr-m4-task009-derived/Build/Intermediates.noindex/ResourceRunner.build/Debug/ResourceRunnerUITests.build/Objects-normal/arm64/ResourceRunnerUITests.swiftsourceinfo /tmp/rr-m4-task009-derived/Build/Products/Debug/ResourceRunnerUITests.swiftmodule/Project/arm64-apple-macos.swiftsourceinfo

Copy /tmp/rr-m4-task009-derived/Build/Products/Debug/ResourceRunnerUITests.swiftmodule/arm64-apple-macos.abi.json /tmp/rr-m4-task009-derived/Build/Intermediates.noindex/ResourceRunner.build/Debug/ResourceRunnerUITests.build/Objects-normal/arm64/ResourceRunnerUITests.abi.json (in target 'ResourceRunnerUITests' from project 'ResourceRunner')
    cd /Users/zipkero/XcodeProjects/ResourceRunner
    builtin-copy -exclude .DS_Store -exclude CVS -exclude .svn -exclude .git -exclude .hg -resolve-src-symlinks -rename /tmp/rr-m4-task009-derived/Build/Intermediates.noindex/ResourceRunner.build/Debug/ResourceRunnerUITests.build/Objects-normal/arm64/ResourceRunnerUITests.abi.json /tmp/rr-m4-task009-derived/Build/Products/Debug/ResourceRunnerUITests.swiftmodule/arm64-apple-macos.abi.json

SwiftDriverJobDiscovery normal arm64 Compiling SettingsWindowUITests.swift (in target 'ResourceRunnerUITests' from project 'ResourceRunner')

SwiftDriver\ Compilation ResourceRunnerUITests normal arm64 com.apple.xcode.tools.swift.compiler (in target 'ResourceRunnerUITests' from project 'ResourceRunner')
    cd /Users/zipkero/XcodeProjects/ResourceRunner
    builtin-Swift-Compilation -- /Applications/Xcode.app/Contents/Developer/Toolchains/XcodeDefault.xctoolchain/usr/bin/swiftc -module-name ResourceRunnerUITests -Onone @/tmp/rr-m4-task009-derived/Build/Intermediates.noindex/ResourceRunner.build/Debug/ResourceRunnerUITests.build/Objects-normal/arm64/ResourceRunnerUITests.SwiftFileList -DDEBUG -module-alias Testing\=_Testing_Unavailable -plugin-path /Applications/Xcode.app/Contents/Developer/Toolchains/XcodeDefault.xctoolchain/usr/lib/swift/host/plugins/testing -enable-bare-slash-regex -enable-upcoming-feature DisableOutwardActorInference -enable-upcoming-feature InferSendableFromCaptures -enable-upcoming-feature GlobalActorIsolatedTypesUsability -enable-upcoming-feature MemberImportVisibility -enable-upcoming-feature InferIsolatedConformances -enable-upcoming-feature NonisolatedNonsendingByDefault -enable-experimental-feature DebugDescriptionMacro -sdk /Applications/Xcode.app/Contents/Developer/Platforms/MacOSX.platform/Developer/SDKs/MacOSX26.5.sdk -target arm64-apple-macos26.5 -g -module-cache-path /tmp/rr-m4-task009-derived/ModuleCache.noindex -Xfrontend -serialize-debugging-options -profile-coverage-mapping -profile-generate -enable-testing -index-store-path /tmp/rr-m4-task009-derived/Index.noindex/DataStore -Xcc -D_LIBCPP_HARDENING_MODE\=_LIBCPP_HARDENING_MODE_DEBUG -swift-version 5 -I /tmp/rr-m4-task009-derived/Build/Products/Debug -Isystem /Applications/Xcode.app/Contents/Developer/Platforms/MacOSX.platform/Developer/usr/lib -F /tmp/rr-m4-task009-derived/Build/Products/Debug -F /Applications/Xcode.app/Contents/Developer/Platforms/MacOSX.platform/Developer/Library/Frameworks -c -j14 -enable-batch-mode -incremental -Xcc -ivfsstatcache -Xcc /tmp/rr-m4-task009-derived/SDKStatCaches.noindex/macosx26.5-25F70-e082c4a02f00227109f4ed75e425c832.sdkstatcache -output-file-map /tmp/rr-m4-task009-derived/Build/Intermediates.noindex/ResourceRunner.build/Debug/ResourceRunnerUITests.build/Objects-normal/arm64/ResourceRunnerUITests-OutputFileMap.json -use-frontend-parseable-output -save-temps -no-color-diagnostics -explicit-module-build -module-cache-path /tmp/rr-m4-task009-derived/Build/Intermediates.noindex/SwiftExplicitPrecompiledModules -clang-scanner-module-cache-path /tmp/rr-m4-task009-derived/ModuleCache.noindex -sdk-module-cache-path /tmp/rr-m4-task009-derived/ModuleCache.noindex -serialize-diagnostics -emit-dependencies -emit-module -emit-module-path /tmp/rr-m4-task009-derived/Build/Intermediates.noindex/ResourceRunner.build/Debug/ResourceRunnerUITests.build/Objects-normal/arm64/ResourceRunnerUITests.swiftmodule -validate-clang-modules-once -clang-build-session-file /tmp/rr-m4-task009-derived/ModuleCache.noindex/Session.modulevalidation -Xcc -I/tmp/rr-m4-task009-derived/Build/Intermediates.noindex/ResourceRunner.build/Debug/ResourceRunnerUITests.build/swift-overrides.hmap -emit-const-values -Xfrontend -const-gather-protocols-file -Xfrontend /tmp/rr-m4-task009-derived/Build/Intermediates.noindex/ResourceRunner.build/Debug/ResourceRunnerUITests.build/Objects-normal/arm64/ResourceRunnerUITests_const_extract_protocols.json -Xcc -iquote -Xcc /tmp/rr-m4-task009-derived/Build/Intermediates.noindex/ResourceRunner.build/Debug/ResourceRunnerUITests.build/ResourceRunnerUITests-generated-files.hmap -Xcc -I/tmp/rr-m4-task009-derived/Build/Intermediates.noindex/ResourceRunner.build/Debug/ResourceRunnerUITests.build/ResourceRunnerUITests-own-target-headers.hmap -Xcc -I/tmp/rr-m4-task009-derived/Build/Intermediates.noindex/ResourceRunner.build/Debug/ResourceRunnerUITests.build/ResourceRunnerUITests-all-target-headers.hmap -Xcc -iquote -Xcc /tmp/rr-m4-task009-derived/Build/Intermediates.noindex/ResourceRunner.build/Debug/ResourceRunnerUITests.build/ResourceRunnerUITests-project-headers.hmap -Xcc -I/tmp/rr-m4-task009-derived/Build/Products/Debug/include -Xcc -I/tmp/rr-m4-task009-derived/Build/Intermediates.noindex/ResourceRunner.build/Debug/ResourceRunnerUITests.build/DerivedSources-normal/arm64 -Xcc -I/tmp/rr-m4-task009-derived/Build/Intermediates.noindex/ResourceRunner.build/Debug/ResourceRunnerUITests.build/DerivedSources/arm64 -Xcc -I/tmp/rr-m4-task009-derived/Build/Intermediates.noindex/ResourceRunner.build/Debug/ResourceRunnerUITests.build/DerivedSources -Xcc -DDEBUG\=1 -emit-objc-header -emit-objc-header-path /tmp/rr-m4-task009-derived/Build/Intermediates.noindex/ResourceRunner.build/Debug/ResourceRunnerUITests.build/Objects-normal/arm64/ResourceRunnerUITests-Swift.h -working-directory /Users/zipkero/XcodeProjects/ResourceRunner -experimental-emit-module-separately -disable-cmo

Ld /tmp/rr-m4-task009-derived/Build/Products/Debug/ResourceRunnerUITests-Runner.app/Contents/PlugIns/ResourceRunnerUITests.xctest/Contents/MacOS/ResourceRunnerUITests normal (in target 'ResourceRunnerUITests' from project 'ResourceRunner')
    cd /Users/zipkero/XcodeProjects/ResourceRunner
    /Applications/Xcode.app/Contents/Developer/Toolchains/XcodeDefault.xctoolchain/usr/bin/clang -Xlinker -reproducible -target arm64-apple-macos26.5 -bundle -isysroot /Applications/Xcode.app/Contents/Developer/Platforms/MacOSX.platform/Developer/SDKs/MacOSX26.5.sdk -O0 -L/tmp/rr-m4-task009-derived/Build/Intermediates.noindex/EagerLinkingTBDs/Debug -L/tmp/rr-m4-task009-derived/Build/Products/Debug -L/Applications/Xcode.app/Contents/Developer/Platforms/MacOSX.platform/Developer/usr/lib -F/tmp/rr-m4-task009-derived/Build/Intermediates.noindex/EagerLinkingTBDs/Debug -F/tmp/rr-m4-task009-derived/Build/Products/Debug -iframework /Applications/Xcode.app/Contents/Developer/Platforms/MacOSX.platform/Developer/Library/Frameworks -filelist /tmp/rr-m4-task009-derived/Build/Intermediates.noindex/ResourceRunner.build/Debug/ResourceRunnerUITests.build/Objects-normal/arm64/ResourceRunnerUITests.LinkFileList -Xlinker -rpath -Xlinker @loader_path/../Frameworks -Xlinker -object_path_lto -Xlinker /tmp/rr-m4-task009-derived/Build/Intermediates.noindex/ResourceRunner.build/Debug/ResourceRunnerUITests.build/Objects-normal/arm64/ResourceRunnerUITests_lto.o -rdynamic -Xlinker -no_deduplicate -Xlinker -debug_variant -Xlinker -dependency_info -Xlinker /tmp/rr-m4-task009-derived/Build/Intermediates.noindex/ResourceRunner.build/Debug/ResourceRunnerUITests.build/Objects-normal/arm64/ResourceRunnerUITests_dependency_info.dat -fobjc-link-runtime -fprofile-instr-generate -L/Applications/Xcode.app/Contents/Developer/Toolchains/XcodeDefault.xctoolchain/usr/lib/swift/macosx -L/usr/lib/swift -Xlinker -add_ast_path -Xlinker /tmp/rr-m4-task009-derived/Build/Intermediates.noindex/ResourceRunner.build/Debug/ResourceRunnerUITests.build/Objects-normal/arm64/ResourceRunnerUITests.swiftmodule @/tmp/rr-m4-task009-derived/Build/Intermediates.noindex/ResourceRunner.build/Debug/ResourceRunnerUITests.build/Objects-normal/arm64/ResourceRunnerUITests-linker-args.resp -Xlinker -needed_framework -Xlinker XCTest -framework XCTest -Xlinker -needed-lXCTestSwiftSupport -lXCTestSwiftSupport -Xlinker -no_adhoc_codesign -o /tmp/rr-m4-task009-derived/Build/Products/Debug/ResourceRunnerUITests-Runner.app/Contents/PlugIns/ResourceRunnerUITests.xctest/Contents/MacOS/ResourceRunnerUITests

PhaseScriptExecution Prepare\ expansion\ fixture /tmp/rr-m4-task009-derived/Build/Intermediates.noindex/ResourceRunner.build/Debug/ResourceRunnerUITests.build/Script-E20000000000000000000001.sh (in target 'ResourceRunnerUITests' from project 'ResourceRunner')
    cd /Users/zipkero/XcodeProjects/ResourceRunner
    export ACTION\=build
    export AD_HOC_CODE_SIGNING_ALLOWED\=YES
    export ALLOW_BUILD_REQUEST_OVERRIDES\=NO
    export ALLOW_TARGET_PLATFORM_SPECIALIZATION\=NO
    export ALTERNATE_GROUP\=staff
    export ALTERNATE_MODE\=u+w,go-w,a+rX
    export ALTERNATE_OWNER\=zipkero
    export ALTERNATIVE_DISTRIBUTION_WEB\=NO
    export ALWAYS_EMBED_SWIFT_STANDARD_LIBRARIES\=NO
    export ALWAYS_SEARCH_USER_PATHS\=NO
    export ALWAYS_USE_SEPARATE_HEADERMAPS\=NO
    export APPLICATION_EXTENSION_API_ONLY\=NO
    export APPLY_RULES_IN_COPY_FILES\=NO
    export APPLY_RULES_IN_COPY_HEADERS\=NO
    export APP_SHORTCUTS_ENABLE_FLEXIBLE_MATCHING\=YES
    export ARCHS\=arm64
    export ARCHS_BASE\=arm64
    export ARCHS_STANDARD\=arm64\ x86_64
    export ARCHS_STANDARD_32_64_BIT\=arm64\ x86_64\ i386
    export ARCHS_STANDARD_32_BIT\=i386
    export ARCHS_STANDARD_64_BIT\=arm64\ x86_64
    export ARCHS_STANDARD_INCLUDING_64_BIT\=arm64\ x86_64
    export ASSETCATALOG_COMPILER_GENERATE_SWIFT_ASSET_SYMBOL_EXTENSIONS\=YES
    export AUTOMATICALLY_MERGE_DEPENDENCIES\=NO
    export AUTOMATION_APPLE_EVENTS\=NO
    export AVAILABLE_PLATFORMS\=android\ appletvos\ appletvsimulator\ driverkit\ freebsd\ iphoneos\ iphonesimulator\ linux\ macosx\ none\ openbsd\ qnx\ watchos\ watchsimulator\ webassembly\ xros\ xrsimulator
    export BUILD_ACTIVE_RESOURCES_ONLY\=NO
    export BUILD_COMPONENTS\=headers\ build
    export BUILD_DIR\=/tmp/rr-m4-task009-derived/Build/Products
    export BUILD_LIBRARY_FOR_DISTRIBUTION\=NO
    export BUILD_ONLY_KNOWN_LOCALIZATIONS\=NO
    export BUILD_ROOT\=/tmp/rr-m4-task009-derived/Build/Products
    export BUILD_STYLE\=
    export BUILD_VARIANTS\=normal
    export BUILT_PRODUCTS_DIR\=/tmp/rr-m4-task009-derived/Build/Products/Debug
    export BUNDLE_CONTENTS_FOLDER_PATH\=Contents/
    export BUNDLE_CONTENTS_FOLDER_PATH_deep\=Contents/
    export BUNDLE_EXECUTABLE_FOLDER_NAME_deep\=MacOS
    export BUNDLE_EXECUTABLE_FOLDER_PATH\=Contents/MacOS
    export BUNDLE_EXTENSIONS_FOLDER_PATH\=Contents/Extensions
    export BUNDLE_FORMAT\=deep
    export BUNDLE_FRAMEWORKS_FOLDER_PATH\=Contents/Frameworks
    export BUNDLE_PLUGINS_FOLDER_PATH\=Contents/PlugIns
    export BUNDLE_PRIVATE_HEADERS_FOLDER_PATH\=Contents/PrivateHeaders
    export BUNDLE_PUBLIC_HEADERS_FOLDER_PATH\=Contents/Headers
    export CACHE_ROOT\=/var/folders/dk/wdd8br81397gt8_3sby166cc0000gn/C/com.apple.DeveloperTools/26.6-17F113/Xcode
    export CCHROOT\=/var/folders/dk/wdd8br81397gt8_3sby166cc0000gn/C/com.apple.DeveloperTools/26.6-17F113/Xcode
    export CHMOD\=/bin/chmod
    export CHOWN\=chown
    export CLANG_ANALYZER_NONNULL\=YES
    export CLANG_ANALYZER_NUMBER_OBJECT_CONVERSION\=YES_AGGRESSIVE
    export CLANG_CACHE_FINE_GRAINED_OUTPUTS\=YES
    export CLANG_COVERAGE_MAPPING\=YES
    export CLANG_CXX_LANGUAGE_STANDARD\=gnu++20
    export CLANG_ENABLE_EXPLICIT_MODULES\=YES
    export CLANG_ENABLE_MODULES\=YES
    export CLANG_ENABLE_OBJC_ARC\=YES
    export CLANG_ENABLE_OBJC_WEAK\=YES
    export CLANG_MODULES_BUILD_SESSION_FILE\=/tmp/rr-m4-task009-derived/ModuleCache.noindex/Session.modulevalidation
    export CLANG_PROFILE_DATA_DIRECTORY\=/tmp/rr-m4-task009-derived/Build/ProfileData
    export CLANG_WARN_BLOCK_CAPTURE_AUTORELEASING\=YES
    export CLANG_WARN_BOOL_CONVERSION\=YES
    export CLANG_WARN_COMMA\=YES
    export CLANG_WARN_CONSTANT_CONVERSION\=YES
    export CLANG_WARN_DEPRECATED_OBJC_IMPLEMENTATIONS\=YES
    export CLANG_WARN_DIRECT_OBJC_ISA_USAGE\=YES_ERROR
    export CLANG_WARN_DOCUMENTATION_COMMENTS\=YES
    export CLANG_WARN_EMPTY_BODY\=YES
    export CLANG_WARN_ENUM_CONVERSION\=YES
    export CLANG_WARN_INFINITE_RECURSION\=YES
    export CLANG_WARN_INT_CONVERSION\=YES
    export CLANG_WARN_NON_LITERAL_NULL_CONVERSION\=YES
    export CLANG_WARN_OBJC_IMPLICIT_RETAIN_SELF\=YES
    export CLANG_WARN_OBJC_LITERAL_CONVERSION\=YES
    export CLANG_WARN_OBJC_ROOT_CLASS\=YES_ERROR
    export CLANG_WARN_QUOTED_INCLUDE_IN_FRAMEWORK_HEADER\=YES
    export CLANG_WARN_RANGE_LOOP_ANALYSIS\=YES
    export CLANG_WARN_STRICT_PROTOTYPES\=YES
    export CLANG_WARN_SUSPICIOUS_MOVE\=YES
    export CLANG_WARN_UNGUARDED_AVAILABILITY\=YES_AGGRESSIVE
    export CLANG_WARN_UNREACHABLE_CODE\=YES
    export CLANG_WARN__DUPLICATE_METHOD_MATCH\=YES
    export CLASS_FILE_DIR\=/tmp/rr-m4-task009-derived/Build/Intermediates.noindex/ResourceRunner.build/Debug/ResourceRunnerUITests.build/JavaClasses
    export CLEAN_PRECOMPS\=YES
    export CLONE_HEADERS\=NO
    export CODESIGNING_FOLDER_PATH\=/tmp/rr-m4-task009-derived/Build/Products/Debug/ResourceRunnerUITests-Runner.app/Contents/PlugIns/ResourceRunnerUITests.xctest
    export CODE_SIGNING_ALLOWED\=YES
    export CODE_SIGNING_REQUIRED\=YES
    export CODE_SIGN_IDENTITY\=-
    export CODE_SIGN_IDENTITY_NO\=Apple\ Development
    export CODE_SIGN_IDENTITY_YES\=-
    export CODE_SIGN_INJECT_BASE_ENTITLEMENTS\=YES
    export CODE_SIGN_STYLE\=Automatic
    export COLOR_DIAGNOSTICS\=NO
    export COMBINE_HIDPI_IMAGES\=NO
    export COMPILATION_CACHE_CAS_PATH\=/tmp/rr-m4-task009-derived/CompilationCache.noindex
    export COMPILATION_CACHE_KEEP_CAS_DIRECTORY\=YES
    export COMPILER_INDEX_STORE_ENABLE\=Default
    export COMPOSITE_SDK_DIRS\=/tmp/rr-m4-task009-derived/Build/Intermediates.noindex/CompositeSDKs
    export COMPRESS_PNG_FILES\=NO
    export CONFIGURATION\=Debug
    export CONFIGURATION_BUILD_DIR\=/tmp/rr-m4-task009-derived/Build/Products/Debug
    export CONFIGURATION_TEMP_DIR\=/tmp/rr-m4-task009-derived/Build/Intermediates.noindex/ResourceRunner.build/Debug
    export CONTENTS_FOLDER_PATH\=ResourceRunnerUITests.xctest/Contents
    export CONTENTS_FOLDER_PATH_SHALLOW_BUNDLE_NO\=ResourceRunnerUITests.xctest/Contents
    export CONTENTS_FOLDER_PATH_SHALLOW_BUNDLE_YES\=ResourceRunnerUITests.xctest
    export COPYING_PRESERVES_HFS_DATA\=NO
    export COPY_HEADERS_RUN_UNIFDEF\=NO
    export COPY_PHASE_STRIP\=NO
    export CP\=/bin/cp
    export CREATE_INFOPLIST_SECTION_IN_BINARY\=NO
    export CURRENT_ARCH\=undefined_arch
    export CURRENT_PROJECT_VERSION\=1
    export CURRENT_VARIANT\=normal
    export DEAD_CODE_STRIPPING\=NO
    export DEBUGGING_SYMBOLS\=YES
    export DEBUG_INFORMATION_FORMAT\=dwarf
    export DEBUG_INFORMATION_VERSION\=compiler-default
    export DEFAULT_COMPILER\=com.apple.compilers.llvm.clang.1_0
    export DEFAULT_DEXT_INSTALL_PATH\=/System/Library/DriverExtensions
    export DEFAULT_KEXT_INSTALL_PATH\=/System/Library/Extensions
    export DEFINES_MODULE\=NO
    export DEPLOYMENT_LOCATION\=NO
    export DEPLOYMENT_POSTPROCESSING\=NO
    export DEPLOYMENT_TARGET_SETTING_NAME\=MACOSX_DEPLOYMENT_TARGET
    export DEPLOYMENT_TARGET_SUGGESTED_VALUES\=10.13\ 10.14\ 10.15\ 11.0\ 11.1\ 11.2\ 11.3\ 11.4\ 11.5\ 12.0\ 12.2\ 12.3\ 12.4\ 13.0\ 13.1\ 13.2\ 13.3\ 13.4\ 13.5\ 14.0\ 14.1\ 14.2\ 14.3\ 14.4\ 14.5\ 14.6\ 15.0\ 15.1\ 15.2\ 15.3\ 15.4\ 15.5\ 15.6\ 26.0\ 26.1\ 26.2\ 26.3\ 26.4\ 26.5
    export DERIVED_FILES_DIR\=/tmp/rr-m4-task009-derived/Build/Intermediates.noindex/ResourceRunner.build/Debug/ResourceRunnerUITests.build/DerivedSources
    export DERIVED_FILE_DIR\=/tmp/rr-m4-task009-derived/Build/Intermediates.noindex/ResourceRunner.build/Debug/ResourceRunnerUITests.build/DerivedSources
    export DERIVED_SOURCES_DIR\=/tmp/rr-m4-task009-derived/Build/Intermediates.noindex/ResourceRunner.build/Debug/ResourceRunnerUITests.build/DerivedSources
    export DEVELOPER_APPLICATIONS_DIR\=/Applications/Xcode.app/Contents/Developer/Applications
    export DEVELOPER_BIN_DIR\=/Applications/Xcode.app/Contents/Developer/usr/bin
    export DEVELOPER_DIR\=/Applications/Xcode.app/Contents/Developer
    export DEVELOPER_FRAMEWORKS_DIR\=/Applications/Xcode.app/Contents/Developer/Library/Frameworks
    export DEVELOPER_FRAMEWORKS_DIR_QUOTED\=/Applications/Xcode.app/Contents/Developer/Library/Frameworks
    export DEVELOPER_LIBRARY_DIR\=/Applications/Xcode.app/Contents/Developer/Library
    export DEVELOPER_SDK_DIR\=/Applications/Xcode.app/Contents/Developer/Platforms/MacOSX.platform/Developer/SDKs
    export DEVELOPER_TOOLS_DIR\=/Applications/Xcode.app/Contents/Developer/Tools
    export DEVELOPER_USR_DIR\=/Applications/Xcode.app/Contents/Developer/usr
    export DEVELOPMENT_LANGUAGE\=en
    export DIAGNOSE_MISSING_TARGET_DEPENDENCIES\=YES
    export DIFF\=/usr/bin/diff
    export DOCUMENTATION_FOLDER_PATH\=ResourceRunnerUITests.xctest/Contents/Resources/en.lproj/Documentation
    export DONT_GENERATE_INFOPLIST_FILE\=NO
    export DSTROOT\=/tmp/ResourceRunner.dst
    export DT_TOOLCHAIN_DIR\=/Applications/Xcode.app/Contents/Developer/Toolchains/XcodeDefault.xctoolchain
    export DUMP_DEPENDENCIES\=NO
    export DUMP_DEPENDENCIES_OUTPUT_PATH\=/tmp/rr-m4-task009-derived/Build/Intermediates.noindex/ResourceRunner.build/Debug/ResourceRunnerUITests.build/ResourceRunnerUITests-BuildDependencyInfo.json
    export DWARF_DSYM_FILE_NAME\=ResourceRunnerUITests.xctest.dSYM
    export DWARF_DSYM_FILE_SHOULD_ACCOMPANY_PRODUCT\=NO
    export DWARF_DSYM_FOLDER_PATH\=/tmp/rr-m4-task009-derived/Build/Products/Debug/ResourceRunnerUITests-Runner.app/Contents/PlugIns
    export DYNAMIC_LIBRARY_EXTENSION\=dylib
    export EAGER_COMPILATION_ALLOW_SCRIPTS\=NO
    export EAGER_LINKING\=NO
    export EFFECTIVE_SWIFT_VERSION\=5
    export EMBEDDED_CONTENT_CONTAINS_SWIFT\=NO
    export EMBEDDED_PROFILE_NAME\=embedded.provisionprofile
    export EMBED_ASSET_PACKS_IN_PRODUCT_BUNDLE\=NO
    export ENABLE_APP_SANDBOX\=NO
    export ENABLE_CODE_COVERAGE\=YES
    export ENABLE_COHORT_ARCHS\=NO
    export ENABLE_CPLUSPLUS_BOUNDS_SAFE_BUFFERS\=NO
    export ENABLE_C_BOUNDS_SAFETY\=NO
    export ENABLE_DEFAULT_HEADER_SEARCH_PATHS\=YES
    export ENABLE_DEFAULT_SEARCH_PATHS\=YES
    export ENABLE_ENHANCED_SECURITY\=NO
    export ENABLE_HARDENED_RUNTIME\=NO
    export ENABLE_HEADER_DEPENDENCIES\=YES
    export ENABLE_INCOMING_NETWORK_CONNECTIONS\=NO
    export ENABLE_ON_DEMAND_RESOURCES\=NO
    export ENABLE_OUTGOING_NETWORK_CONNECTIONS\=NO
    export ENABLE_POINTER_AUTHENTICATION\=NO
    export ENABLE_PREVIEWS\=NO
    export ENABLE_RESOURCE_ACCESS_AUDIO_INPUT\=NO
    export ENABLE_RESOURCE_ACCESS_BLUETOOTH\=NO
    export ENABLE_RESOURCE_ACCESS_CALENDARS\=NO
    export ENABLE_RESOURCE_ACCESS_CAMERA\=NO
    export ENABLE_RESOURCE_ACCESS_CONTACTS\=NO
    export ENABLE_RESOURCE_ACCESS_LOCATION\=NO
    export ENABLE_RESOURCE_ACCESS_PHOTO_LIBRARY\=NO
    export ENABLE_RESOURCE_ACCESS_PRINTING\=NO
    export ENABLE_RESOURCE_ACCESS_USB\=NO
    export ENABLE_SDK_IMPORTS\=NO
    export ENABLE_SECURITY_COMPILER_WARNINGS\=NO
    export ENABLE_STRICT_OBJC_MSGSEND\=YES
    export ENABLE_TESTABILITY\=YES
    export ENABLE_TESTING_SEARCH_PATHS\=YES
    export ENABLE_USER_SCRIPT_SANDBOXING\=NO
    export ENABLE_XOJIT_PREVIEWS\=YES
    export ENFORCE_VALID_ARCHS\=YES
    export ENTITLEMENTS_DESTINATION\=Signature
    export ENTITLEMENTS_REQUIRED\=YES
    export EXCLUDED_INSTALLSRC_SUBDIRECTORY_PATTERNS\=.DS_Store\ .svn\ .git\ .hg\ CVS
    export EXCLUDED_RECURSIVE_SEARCH_PATH_SUBDIRECTORIES\=\*.nib\ \*.lproj\ \*.framework\ \*.gch\ \*.xcode\*\ \*.xcassets\ \*.icon\ \(\*\)\ .DS_Store\ CVS\ .svn\ .git\ .hg\ \*.pbproj\ \*.pbxproj
    export EXECUTABLES_FOLDER_PATH\=ResourceRunnerUITests.xctest/Contents/Executables
    export EXECUTABLE_FOLDER_PATH\=ResourceRunnerUITests.xctest/Contents/MacOS
    export EXECUTABLE_FOLDER_PATH_SHALLOW_BUNDLE_NO\=ResourceRunnerUITests.xctest/Contents/MacOS
    export EXECUTABLE_FOLDER_PATH_SHALLOW_BUNDLE_YES\=ResourceRunnerUITests.xctest/Contents
    export EXECUTABLE_NAME\=ResourceRunnerUITests
    export EXECUTABLE_PATH\=ResourceRunnerUITests.xctest/Contents/MacOS/ResourceRunnerUITests
    export EXPANDED_CODE_SIGN_IDENTITY\=-
    export EXPANDED_CODE_SIGN_IDENTITY_NAME\=Sign\ to\ Run\ Locally
    export EXTENSIONS_FOLDER_PATH\=ResourceRunnerUITests.xctest/Contents/Extensions
    export FILE_LIST\=/tmp/rr-m4-task009-derived/Build/Intermediates.noindex/ResourceRunner.build/Debug/ResourceRunnerUITests.build/Objects/LinkFileList
    export FIXED_FILES_DIR\=/tmp/rr-m4-task009-derived/Build/Intermediates.noindex/ResourceRunner.build/Debug/ResourceRunnerUITests.build/FixedFiles
    export FRAMEWORKS_FOLDER_PATH\=ResourceRunnerUITests.xctest/Contents/Frameworks
    export FRAMEWORK_FLAG_PREFIX\=-framework
    export FRAMEWORK_SEARCH_PATHS\=/tmp/rr-m4-task009-derived/Build/Products/Debug\ 
    export FRAMEWORK_VERSION\=A
    export FULL_PRODUCT_NAME\=ResourceRunnerUITests.xctest
    export FUSE_BUILD_PHASES\=YES
    export FUSE_BUILD_SCRIPT_PHASES\=NO
    export GCC3_VERSION\=3.3
    export GCC_C_LANGUAGE_STANDARD\=gnu17
    export GCC_DYNAMIC_NO_PIC\=NO
    export GCC_INLINES_ARE_PRIVATE_EXTERN\=YES
    export GCC_NO_COMMON_BLOCKS\=YES
    export GCC_OPTIMIZATION_LEVEL\=0
    export GCC_PFE_FILE_C_DIALECTS\=c\ objective-c\ c++\ objective-c++
    export GCC_PREPROCESSOR_DEFINITIONS\=DEBUG\=1\ 
    export GCC_TREAT_WARNINGS_AS_ERRORS\=NO
    export GCC_VERSION\=com.apple.compilers.llvm.clang.1_0
    export GCC_VERSION_IDENTIFIER\=com_apple_compilers_llvm_clang_1_0
    export GCC_WARN_64_TO_32_BIT_CONVERSION\=YES
    export GCC_WARN_ABOUT_RETURN_TYPE\=YES_ERROR
    export GCC_WARN_UNDECLARED_SELECTOR\=YES
    export GCC_WARN_UNINITIALIZED_AUTOS\=YES_AGGRESSIVE
    export GCC_WARN_UNUSED_FUNCTION\=YES
    export GCC_WARN_UNUSED_VARIABLE\=YES
    export GENERATED_MODULEMAP_DIR\=/tmp/rr-m4-task009-derived/Build/Intermediates.noindex/GeneratedModuleMaps
    export GENERATED_TEST_ENTRY_POINT_PATH\=/tmp/rr-m4-task009-derived/Build/Intermediates.noindex/ResourceRunner.build/Debug/ResourceRunnerUITests.build/DerivedSources/test_entry_point.swift
    export GENERATE_INFOPLIST_FILE\=YES
    export GENERATE_INTERMEDIATE_TEXT_BASED_STUBS\=YES
    export GENERATE_PKGINFO_FILE\=NO
    export GENERATE_PRELINK_OBJECT_FILE\=NO
    export GENERATE_PROFILING_CODE\=NO
    export GENERATE_TEXT_BASED_STUBS\=NO
    export GID\=20
    export GROUP\=staff
    export HEADERMAP_INCLUDES_FLAT_ENTRIES_FOR_TARGET_BEING_BUILT\=YES
    export HEADERMAP_INCLUDES_FRAMEWORK_ENTRIES_FOR_ALL_PRODUCT_TYPES\=YES
    export HEADERMAP_INCLUDES_FRAMEWORK_ENTRIES_FOR_TARGETS_NOT_BEING_BUILT\=YES
    export HEADERMAP_INCLUDES_NONPUBLIC_NONPRIVATE_HEADERS\=YES
    export HEADERMAP_INCLUDES_PROJECT_HEADERS\=YES
    export HEADERMAP_USES_FRAMEWORK_PREFIX_ENTRIES\=YES
    export HEADERMAP_USES_VFS\=NO
    export HEADER_SEARCH_PATHS\=/tmp/rr-m4-task009-derived/Build/Products/Debug/include\ 
    export HOME\=/Users/zipkero
    export HOST_ARCH\=arm64
    export HOST_PLATFORM\=macosx
    export ICONV\=/usr/bin/iconv
    export IMPLICIT_DEPENDENCY_DOMAIN\=default
    export INDEX_STORE_COMPRESS\=NO
    export INDEX_STORE_ONLY_PROJECT_FILES\=NO
    export INFOPLIST_ENABLE_CFBUNDLEICONS_MERGE\=YES
    export INFOPLIST_EXPAND_BUILD_SETTINGS\=YES
    export INFOPLIST_OUTPUT_FORMAT\=same-as-input
    export INFOPLIST_PATH\=ResourceRunnerUITests.xctest/Contents/Info.plist
    export INFOPLIST_PREPROCESS\=NO
    export INFOSTRINGS_PATH\=ResourceRunnerUITests.xctest/Contents/Resources/en.lproj/InfoPlist.strings
    export INLINE_PRIVATE_FRAMEWORKS\=NO
    export INSTALLAPI_IGNORE_SKIP_INSTALL\=YES
    export INSTALLHDRS_COPY_PHASE\=NO
    export INSTALLHDRS_SCRIPT_PHASE\=NO
    export INSTALL_DIR\=/tmp/ResourceRunner.dst
    export INSTALL_GROUP\=staff
    export INSTALL_MODE_FLAG\=u+w,go-w,a+rX
    export INSTALL_OWNER\=zipkero
    export INSTALL_ROOT\=/tmp/ResourceRunner.dst
    export IOS_UNZIPPERED_TWIN_PREFIX_PATH\=/System/iOSSupport
    export IS_MACCATALYST\=NO
    export IS_UNOPTIMIZED_BUILD\=YES
    export JAVAC_DEFAULT_FLAGS\=-J-Xms64m\ -J-XX:NewSize\=4M\ -J-Dfile.encoding\=UTF8
    export JAVA_APP_STUB\=/System/Library/Frameworks/JavaVM.framework/Resources/MacOS/JavaApplicationStub
    export JAVA_ARCHIVE_CLASSES\=YES
    export JAVA_ARCHIVE_TYPE\=JAR
    export JAVA_COMPILER\=/usr/bin/javac
    export JAVA_FOLDER_PATH\=ResourceRunnerUITests.xctest/Contents/Resources/Java
    export JAVA_FRAMEWORK_RESOURCES_DIRS\=Resources
    export JAVA_JAR_FLAGS\=cv
    export JAVA_SOURCE_SUBDIR\=.
    export JAVA_USE_DEPENDENCIES\=YES
    export JAVA_ZIP_FLAGS\=-urg
    export JIKES_DEFAULT_FLAGS\=+E\ +OLDCSO
    export KASAN_CFLAGS_CLASSIC\=-DKASAN\=1\ -DKASAN_CLASSIC\=1\ -fsanitize\=address\ -mllvm\ -asan-globals-live-support\ -mllvm\ -asan-force-dynamic-shadow
    export KASAN_CFLAGS_TBI\=-DKASAN\=1\ -DKASAN_TBI\=1\ -fsanitize\=kernel-hwaddress\ -mllvm\ -hwasan-recover\=0\ -mllvm\ -hwasan-instrument-atomics\=0\ -mllvm\ -hwasan-instrument-stack\=1\ -mllvm\ -hwasan-generate-tags-with-calls\=1\ -mllvm\ -hwasan-instrument-with-calls\=1\ -mllvm\ -hwasan-use-short-granules\=0\ -mllvm\ -hwasan-memory-access-callback-prefix\=__asan_
    export KASAN_DEFAULT_CFLAGS\=-DKASAN\=1\ -DKASAN_CLASSIC\=1\ -fsanitize\=address\ -mllvm\ -asan-globals-live-support\ -mllvm\ -asan-force-dynamic-shadow
    export KEEP_PRIVATE_EXTERNS\=NO
    export LD_DEPENDENCY_INFO_FILE\=/tmp/rr-m4-task009-derived/Build/Intermediates.noindex/ResourceRunner.build/Debug/ResourceRunnerUITests.build/Objects-normal/undefined_arch/ResourceRunnerUITests_dependency_info.dat
    export LD_EXPORT_SYMBOLS\=YES
    export LD_GENERATE_MAP_FILE\=NO
    export LD_MAP_FILE_PATH\=/tmp/rr-m4-task009-derived/Build/Intermediates.noindex/ResourceRunner.build/Debug/ResourceRunnerUITests.build/ResourceRunnerUITests-LinkMap-normal-undefined_arch.txt
    export LD_NO_PIE\=NO
    export LD_QUOTE_LINKER_ARGUMENTS_FOR_COMPILER_DRIVER\=YES
    export LD_RUNPATH_SEARCH_PATHS\=\ @loader_path/../Frameworks
    export LD_RUNPATH_SEARCH_PATHS_SHALLOW_BUNDLE_NO\=@loader_path/../Frameworks
    export LD_RUNPATH_SEARCH_PATHS_SHALLOW_BUNDLE_YES\=@loader_path/Frameworks
    export LD_SHARED_CACHE_ELIGIBLE\=Automatic
    export LD_WARN_DUPLICATE_LIBRARIES\=NO
    export LD_WARN_UNUSED_DYLIBS\=NO
    export LEGACY_DEVELOPER_DIR\=/Applications/Xcode.app/Contents/PlugIns/Xcode3Core.ideplugin/Contents/SharedSupport/Developer
    export LEX\=lex
    export LIBRARY_DEXT_INSTALL_PATH\=/Library/DriverExtensions
    export LIBRARY_FLAG_NOSPACE\=YES
    export LIBRARY_FLAG_PREFIX\=-l
    export LIBRARY_KEXT_INSTALL_PATH\=/Library/Extensions
    export LIBRARY_SEARCH_PATHS\=/tmp/rr-m4-task009-derived/Build/Products/Debug\ \ \ /Applications/Xcode.app/Contents/Developer/Platforms/MacOSX.platform/Developer/usr/lib
    export LINKER_DISPLAYS_MANGLED_NAMES\=NO
    export LINK_FILE_LIST_normal_arm64\=/tmp/rr-m4-task009-derived/Build/Intermediates.noindex/ResourceRunner.build/Debug/ResourceRunnerUITests.build/Objects-normal/arm64/ResourceRunnerUITests.LinkFileList
    export LINK_OBJC_RUNTIME\=YES
    export LINK_WITH_STANDARD_LIBRARIES\=YES
    export LLVM_TARGET_TRIPLE_OS_VERSION\=macos26.5
    export LLVM_TARGET_TRIPLE_OS_VERSION_NO\=macos26.5
    export LLVM_TARGET_TRIPLE_OS_VERSION_YES\=macos26.5
    export LLVM_TARGET_TRIPLE_VENDOR\=apple
    export LM_AUX_CONST_METADATA_LIST_PATH_normal_arm64\=/tmp/rr-m4-task009-derived/Build/Intermediates.noindex/ResourceRunner.build/Debug/ResourceRunnerUITests.build/Objects-normal/arm64/ResourceRunnerUITests.SwiftConstValuesFileList
    export LOCALIZATION_EXPORT_SUPPORTED\=YES
    export LOCALIZATION_PREFERS_STRING_CATALOGS\=YES
    export LOCALIZED_RESOURCES_FOLDER_PATH\=ResourceRunnerUITests.xctest/Contents/Resources/en.lproj
    export LOCALIZED_STRING_CODE_COMMENTS\=NO
    export LOCALIZED_STRING_MACRO_NAMES\=NSLocalizedString\ CFCopyLocalizedString
    export LOCALIZED_STRING_SWIFTUI_SUPPORT\=YES
    export LOCAL_ADMIN_APPS_DIR\=/Applications/Utilities
    export LOCAL_APPS_DIR\=/Applications
    export LOCAL_DEVELOPER_DIR\=/Library/Developer
    export LOCAL_LIBRARY_DIR\=/Library
    export LOCROOT\=/Users/zipkero/XcodeProjects/ResourceRunner
    export LOCSYMROOT\=/Users/zipkero/XcodeProjects/ResourceRunner
    export MACH_O_TYPE\=mh_bundle
    export MACOSX_DEPLOYMENT_TARGET\=26.5
    export MAC_OS_X_PRODUCT_BUILD_VERSION\=25G83
    export MAC_OS_X_VERSION_ACTUAL\=260602
    export MAC_OS_X_VERSION_MAJOR\=260000
    export MAC_OS_X_VERSION_MINOR\=260600
    export MAKE_MERGEABLE\=NO
    export MARKETING_VERSION\=1.0
    export MERGEABLE_LIBRARY\=NO
    export MERGED_BINARY_TYPE\=none
    export MERGE_LINKED_LIBRARIES\=NO
    export METAL_LIBRARY_FILE_BASE\=default
    export METAL_LIBRARY_OUTPUT_DIR\=/tmp/rr-m4-task009-derived/Build/Products/Debug/ResourceRunnerUITests-Runner.app/Contents/PlugIns/ResourceRunnerUITests.xctest/Contents/Resources
    export MODULES_FOLDER_PATH\=ResourceRunnerUITests.xctest/Contents/Modules
    export MODULE_CACHE_DIR\=/tmp/rr-m4-task009-derived/ModuleCache.noindex
    export MTL_ENABLE_DEBUG_INFO\=INCLUDE_SOURCE
    export MTL_FAST_MATH\=YES
    export NATIVE_ARCH\=arm64
    export NATIVE_ARCH_32_BIT\=arm
    export NATIVE_ARCH_64_BIT\=arm64
    export NATIVE_ARCH_ACTUAL\=arm64
    export NO_COMMON\=YES
    export OBJECT_FILE_DIR\=/tmp/rr-m4-task009-derived/Build/Intermediates.noindex/ResourceRunner.build/Debug/ResourceRunnerUITests.build/Objects
    export OBJECT_FILE_DIR_normal\=/tmp/rr-m4-task009-derived/Build/Intermediates.noindex/ResourceRunner.build/Debug/ResourceRunnerUITests.build/Objects-normal
    export OBJROOT\=/tmp/rr-m4-task009-derived/Build/Intermediates.noindex
    export ONLY_ACTIVE_ARCH\=YES
    export OS\=MACOS
    export OSAC\=/usr/bin/osacompile
    export OTHER_SWIFT_FLAGS\=\ -module-alias\ Testing\=_Testing_Unavailable\ -plugin-path\ /Applications/Xcode.app/Contents/Developer/Toolchains/XcodeDefault.xctoolchain/usr/lib/swift/host/plugins/testing
    export PACKAGE_TYPE\=com.apple.package-type.bundle.unit-test
    export PASCAL_STRINGS\=YES
    export PATH\=/Applications/Xcode.app/Contents/SharedFrameworks/SwiftBuild.framework/Versions/A/PlugIns/SWBBuildService.bundle/Contents/PlugIns/SWBUniversalPlatformPlugin.bundle/Contents/Frameworks/SWBUniversalPlatform.framework/Resources:/Applications/Xcode.app/Contents/Developer/Toolchains/XcodeDefault.xctoolchain/usr/bin:/Applications/Xcode.app/Contents/Developer/Toolchains/XcodeDefault.xctoolchain/usr/local/bin:/Applications/Xcode.app/Contents/Developer/Toolchains/XcodeDefault.xctoolchain/usr/libexec:/Applications/Xcode.app/Contents/Developer/Platforms/MacOSX.platform/usr/bin:/Applications/Xcode.app/Contents/Developer/Platforms/MacOSX.platform/usr/local/bin:/Applications/Xcode.app/Contents/Developer/Platforms/MacOSX.platform/Developer/usr/bin:/Applications/Xcode.app/Contents/Developer/Platforms/MacOSX.platform/Developer/usr/local/bin:/Applications/Xcode.app/Contents/Developer/usr/bin:/Applications/Xcode.app/Contents/Developer/usr/local/bin:/Users/zipkero/.codex/packages/standalone/releases/0.160.0-aarch64-apple-darwin/codex-path:/Users/zipkero/.nvm/versions/node/v24.15.0/bin:/Users/zipkero/.local/bin:/usr/local/bin:/System/Cryptexes/App/usr/bin:/usr/bin:/bin:/usr/sbin:/sbin:/var/run/com.apple.security.cryptexd/codex.system/bootstrap/usr/local/bin:/var/run/com.apple.security.cryptexd/codex.system/bootstrap/usr/bin:/var/run/com.apple.security.cryptexd/codex.system/bootstrap/usr/appleinternal/bin:/pkg/env/global/bin:/Library/Apple/usr/bin:/usr/local/share/dotnet:/opt/homebrew/bin:/Users/zipkero/.codex/tmp/arg0/codex-arg0CjU73n:/Applications/Orca.app/Contents/Resources/bin:/Users/zipkero/Library/Application\ Support/JetBrains/Toolbox/scripts:/Users/zipkero/.orbstack/bin:/Users/zipkero/go/bin:/Users/zipkero/.volta/bin:/Users/zipkero/.asdf/shims:/Users/zipkero/.fnm/aliases/default/bin:/Users/zipkero/.local/share/mise/shims:/Users/zipkero/Library/pnpm:/Users/zipkero/.yarn/bin:/Users/zipkero/.bun/bin:/opt/homebrew/sbin:/usr/local/sbin:/nix/var/nix/profiles/default/bin:/Users/zipkero/bin:/Users/zipkero/.nix-profile/bin:/Users/zipkero/.opencode/bin:/Users/zipkero/.vite-plus/bin
    export PATH_PREFIXES_EXCLUDED_FROM_HEADER_DEPENDENCIES\=/usr/include\ /usr/local/include\ /System/Library/Frameworks\ /System/Library/PrivateFrameworks\ /Applications/Xcode.app/Contents/Developer/Headers\ /Applications/Xcode.app/Contents/Developer/SDKs\ /Applications/Xcode.app/Contents/Developer/Platforms
    export PBDEVELOPMENTPLIST_PATH\=ResourceRunnerUITests.xctest/Contents/pbdevelopment.plist
    export PER_ARCH_MODULE_FILE_DIR\=/tmp/rr-m4-task009-derived/Build/Intermediates.noindex/ResourceRunner.build/Debug/ResourceRunnerUITests.build/Objects-normal/undefined_arch
    export PER_ARCH_OBJECT_FILE_DIR\=/tmp/rr-m4-task009-derived/Build/Intermediates.noindex/ResourceRunner.build/Debug/ResourceRunnerUITests.build/Objects-normal/undefined_arch
    export PER_VARIANT_OBJECT_FILE_DIR\=/tmp/rr-m4-task009-derived/Build/Intermediates.noindex/ResourceRunner.build/Debug/ResourceRunnerUITests.build/Objects-normal
    export PKGINFO_FILE_PATH\=/tmp/rr-m4-task009-derived/Build/Intermediates.noindex/ResourceRunner.build/Debug/ResourceRunnerUITests.build/PkgInfo
    export PKGINFO_PATH\=ResourceRunnerUITests.xctest/Contents/PkgInfo
    export PLATFORM_DEVELOPER_APPLICATIONS_DIR\=/Applications/Xcode.app/Contents/Developer/Applications
    export PLATFORM_DEVELOPER_BIN_DIR\=/Applications/Xcode.app/Contents/Developer/usr/bin
    export PLATFORM_DEVELOPER_LIBRARY_DIR\=/Applications/Xcode.app/Contents/Developer/Library
    export PLATFORM_DEVELOPER_SDK_DIR\=/Applications/Xcode.app/Contents/Developer/Platforms/MacOSX.platform/Developer/SDKs
    export PLATFORM_DEVELOPER_TOOLS_DIR\=/Applications/Xcode.app/Contents/Developer/Tools
    export PLATFORM_DEVELOPER_USR_DIR\=/Applications/Xcode.app/Contents/Developer/usr
    export PLATFORM_DIR\=/Applications/Xcode.app/Contents/Developer/Platforms/MacOSX.platform
    export PLATFORM_DISPLAY_NAME\=macOS
    export PLATFORM_FAMILY_NAME\=macOS
    export PLATFORM_NAME\=macosx
    export PLATFORM_PREFERRED_ARCH\=x86_64
    export PLATFORM_PRODUCT_BUILD_VERSION\=25F70
    export PLATFORM_REQUIRES_SWIFT_AUTOLINK_EXTRACT\=NO
    export PLATFORM_REQUIRES_SWIFT_MODULEWRAP\=NO
    export PLATFORM_USES_DSYMS\=YES
    export PLIST_FILE_OUTPUT_FORMAT\=same-as-input
    export PLUGINS_FOLDER_PATH\=ResourceRunnerUITests.xctest/Contents/PlugIns
    export PRECOMPS_INCLUDE_HEADERS_FROM_BUILT_PRODUCTS_DIR\=YES
    export PRECOMP_DESTINATION_DIR\=/tmp/rr-m4-task009-derived/Build/Intermediates.noindex/ResourceRunner.build/Debug/ResourceRunnerUITests.build/PrefixHeaders
    export PRIVATE_HEADERS_FOLDER_PATH\=ResourceRunnerUITests.xctest/Contents/PrivateHeaders
    export PROCESSED_INFOPLIST_PATH\=/tmp/rr-m4-task009-derived/Build/Intermediates.noindex/ResourceRunner.build/Debug/ResourceRunnerUITests.build/Objects-normal/undefined_arch/Processed-Info.plist
    export PRODUCT_BUNDLE_IDENTIFIER\=com.zipkero.ResourceRunnerUITests
    export PRODUCT_BUNDLE_PACKAGE_TYPE\=BNDL
    export PRODUCT_MODULE_NAME\=ResourceRunnerUITests
    export PRODUCT_NAME\=ResourceRunnerUITests
    export PRODUCT_SETTINGS_PATH\=
    export PRODUCT_SPECIFIC_LDFLAGS\=-Xlinker\ -needed_framework\ -Xlinker\ XCTest\ -framework\ XCTest\ -Xlinker\ -needed-lXCTestSwiftSupport\ -lXCTestSwiftSupport
    export PRODUCT_TYPE\=com.apple.product-type.bundle.ui-testing
    export PRODUCT_TYPE_SWIFT_STDLIB_TOOL_FLAGS\=--scan-executable\ \"/Applications/Xcode.app/Contents/Developer/Platforms/MacOSX.platform/Developer/usr/lib/libXCTestSwiftSupport.dylib\"
    export PROFILING_CODE\=NO
    export PROJECT\=ResourceRunner
    export PROJECT_DERIVED_FILE_DIR\=/tmp/rr-m4-task009-derived/Build/Intermediates.noindex/ResourceRunner.build/DerivedSources
    export PROJECT_DIR\=/Users/zipkero/XcodeProjects/ResourceRunner
    export PROJECT_FILE_PATH\=/Users/zipkero/XcodeProjects/ResourceRunner/ResourceRunner.xcodeproj
    export PROJECT_GUID\=8c3503f0990367d409751a2585fa2393
    export PROJECT_NAME\=ResourceRunner
    export PROJECT_TEMP_DIR\=/tmp/rr-m4-task009-derived/Build/Intermediates.noindex/ResourceRunner.build
    export PROJECT_TEMP_ROOT\=/tmp/rr-m4-task009-derived/Build/Intermediates.noindex
    export PROVISIONING_PROFILE_DESTINATION_PATH\=/tmp/rr-m4-task009-derived/Build/Products/Debug/ResourceRunnerUITests-Runner.app/Contents/PlugIns/..
    export PROVISIONING_PROFILE_REQUIRED\=NO
    export PROVISIONING_PROFILE_SUPPORTED\=YES
    export PUBLIC_HEADERS_FOLDER_PATH\=ResourceRunnerUITests.xctest/Contents/Headers
    export RECOMMENDED_MACOSX_DEPLOYMENT_TARGET\=11.0
    export RECURSIVE_SEARCH_PATHS_FOLLOW_SYMLINKS\=YES
    export REMOVE_CVS_FROM_RESOURCES\=YES
    export REMOVE_GIT_FROM_RESOURCES\=YES
    export REMOVE_HEADERS_FROM_EMBEDDED_BUNDLES\=YES
    export REMOVE_HG_FROM_RESOURCES\=YES
    export REMOVE_STATIC_EXECUTABLES_FROM_EMBEDDED_BUNDLES\=YES
    export REMOVE_SVN_FROM_RESOURCES\=YES
    export RESCHEDULE_INDEPENDENT_HEADERS_PHASES\=YES
    export REZ_COLLECTOR_DIR\=/tmp/rr-m4-task009-derived/Build/Intermediates.noindex/ResourceRunner.build/Debug/ResourceRunnerUITests.build/ResourceManagerResources
    export REZ_OBJECTS_DIR\=/tmp/rr-m4-task009-derived/Build/Intermediates.noindex/ResourceRunner.build/Debug/ResourceRunnerUITests.build/ResourceManagerResources/Objects
    export REZ_SEARCH_PATHS\=/tmp/rr-m4-task009-derived/Build/Products/Debug\ 
    export RPATH_ORIGIN\=@loader_path
    export RUNTIME_EXCEPTION_ALLOW_DYLD_ENVIRONMENT_VARIABLES\=NO
    export RUNTIME_EXCEPTION_ALLOW_JIT\=NO
    export RUNTIME_EXCEPTION_ALLOW_UNSIGNED_EXECUTABLE_MEMORY\=NO
    export RUNTIME_EXCEPTION_DEBUGGING_TOOL\=NO
    export RUNTIME_EXCEPTION_DISABLE_EXECUTABLE_PAGE_PROTECTION\=NO
    export RUNTIME_EXCEPTION_DISABLE_LIBRARY_VALIDATION\=NO
    export SCANNING_PCM_KEEP_CACHE_DIRECTORY\=YES
    export SCAN_ALL_SOURCE_FILES_FOR_INCLUDES\=NO
    export SCRIPTS_FOLDER_PATH\=ResourceRunnerUITests.xctest/Contents/Resources/Scripts
    export SCRIPT_INPUT_FILE_0\=/Users/zipkero/XcodeProjects/ResourceRunner/ResourceRunnerUITests/ExpansionProcessFixture.cfixture
    export SCRIPT_INPUT_FILE_COUNT\=1
    export SCRIPT_INPUT_FILE_LIST_COUNT\=0
    export SCRIPT_OUTPUT_FILE_0\=/tmp/rr-m4-task009-derived/Build/Products/Debug/ResourceRunnerExpansionFixture
    export SCRIPT_OUTPUT_FILE_COUNT\=1
    export SCRIPT_OUTPUT_FILE_LIST_COUNT\=0
    export SDKROOT\=/Applications/Xcode.app/Contents/Developer/Platforms/MacOSX.platform/Developer/SDKs/MacOSX26.5.sdk
    export SDK_DIR\=/Applications/Xcode.app/Contents/Developer/Platforms/MacOSX.platform/Developer/SDKs/MacOSX26.5.sdk
    export SDK_DIR_macosx\=/Applications/Xcode.app/Contents/Developer/Platforms/MacOSX.platform/Developer/SDKs/MacOSX26.5.sdk
    export SDK_DIR_macosx26_5\=/Applications/Xcode.app/Contents/Developer/Platforms/MacOSX.platform/Developer/SDKs/MacOSX26.5.sdk
    export SDK_NAME\=macosx26.5
    export SDK_NAMES\=macosx26.5
    export SDK_PRODUCT_BUILD_VERSION\=25F70
    export SDK_STAT_CACHE_DIR\=/tmp/rr-m4-task009-derived
    export SDK_STAT_CACHE_ENABLE\=YES
    export SDK_STAT_CACHE_PATH\=/tmp/rr-m4-task009-derived/SDKStatCaches.noindex/macosx26.5-25F70-e082c4a02f00227109f4ed75e425c832.sdkstatcache
    export SDK_VERSION\=26.5
    export SDK_VERSION_ACTUAL\=260500
    export SDK_VERSION_MAJOR\=260000
    export SDK_VERSION_MINOR\=260500
    export SED\=/usr/bin/sed
    export SEPARATE_STRIP\=NO
    export SEPARATE_SYMBOL_EDIT\=NO
    export SET_DIR_MODE_OWNER_GROUP\=YES
    export SET_FILE_MODE_OWNER_GROUP\=NO
    export SHALLOW_BUNDLE\=NO
    export SHALLOW_BUNDLE_PLATFORM\=NO
    export SHALLOW_BUNDLE_TRIPLE\=macos
    export SHALLOW_BUNDLE_ios_macabi\=NO
    export SHALLOW_BUNDLE_macos\=NO
    export SHARED_DERIVED_FILE_DIR\=/tmp/rr-m4-task009-derived/Build/Products/Debug/DerivedSources
    export SHARED_FRAMEWORKS_FOLDER_PATH\=ResourceRunnerUITests.xctest/Contents/SharedFrameworks
    export SHARED_PRECOMPS_DIR\=/tmp/rr-m4-task009-derived/Build/Intermediates.noindex/PrecompiledHeaders
    export SHARED_SUPPORT_FOLDER_PATH\=ResourceRunnerUITests.xctest/Contents/SharedSupport
    export SKIP_INSTALL\=YES
    export SKIP_MERGEABLE_LIBRARY_BUNDLE_HOOK\=NO
    export SOURCE_ROOT\=/Users/zipkero/XcodeProjects/ResourceRunner
    export SRCROOT\=/Users/zipkero/XcodeProjects/ResourceRunner
    export STRINGSDATA_DIR\=/tmp/rr-m4-task009-derived/Build/Intermediates.noindex/ResourceRunner.build/Debug/ResourceRunnerUITests.build/Objects-normal/undefined_arch
    export STRINGSDATA_ROOT\=/tmp/rr-m4-task009-derived/Build/Intermediates.noindex/ResourceRunner.build/Debug/ResourceRunnerUITests.build
    export STRINGS_FILE_INFOPLIST_RENAME\=YES
    export STRINGS_FILE_OUTPUT_ENCODING\=UTF-16
    export STRING_CATALOG_GENERATE_SYMBOLS\=NO
    export STRIP_BITCODE_FROM_COPIED_FILES\=NO
    export STRIP_INSTALLED_PRODUCT\=NO
    export STRIP_PNG_TEXT\=NO
    export STRIP_STYLE\=non-global
    export STRIP_SWIFT_SYMBOLS\=YES
    export SUPPORTED_PLATFORMS\=macosx
    export SUPPORTS_TEXT_BASED_API\=NO
    export SUPPRESS_WARNINGS\=NO
    export SWIFT_ACTIVE_COMPILATION_CONDITIONS\=DEBUG\ 
    export SWIFT_APPROACHABLE_CONCURRENCY\=YES
    export SWIFT_EMIT_CONST_VALUE_PROTOCOLS\=AnyResolverProviding\ AppEntity\ AppEnum\ AppExtension\ AppIntent\ AppIntentsPackage\ AppShortcutProviding\ AppShortcutsProvider\ AppUnionValue\ AppUnionValueCasesProviding\ DynamicOptionsProvider\ EntityQuery\ ExtensionPointDefining\ IntentValueQuery\ Resolver\ TransientEntity\ _AssistantIntentsProvider\ _GenerativeFunctionExtractable\ _IntentValueRepresentable
    export SWIFT_EMIT_LOC_STRINGS\=NO
    export SWIFT_ENABLE_EXPLICIT_MODULES\=YES
    export SWIFT_OPTIMIZATION_LEVEL\=-Onone
    export SWIFT_PLATFORM_TARGET_PREFIX\=macos
    export SWIFT_RESPONSE_FILE_PATH_normal_arm64\=/tmp/rr-m4-task009-derived/Build/Intermediates.noindex/ResourceRunner.build/Debug/ResourceRunnerUITests.build/Objects-normal/arm64/ResourceRunnerUITests.SwiftFileList
    export SWIFT_UPCOMING_FEATURE_MEMBER_IMPORT_VISIBILITY\=YES
    export SWIFT_VERSION\=5.0
    export SYMROOT\=/tmp/rr-m4-task009-derived/Build/Products
    export SYSTEM_ADMIN_APPS_DIR\=/Applications/Utilities
    export SYSTEM_APPS_DIR\=/Applications
    export SYSTEM_CORE_SERVICES_DIR\=/System/Library/CoreServices
    export SYSTEM_DEMOS_DIR\=/Applications/Extras
    export SYSTEM_DEVELOPER_APPS_DIR\=/Applications/Xcode.app/Contents/Developer/Applications
    export SYSTEM_DEVELOPER_BIN_DIR\=/Applications/Xcode.app/Contents/Developer/usr/bin
    export SYSTEM_DEVELOPER_DEMOS_DIR\=/Applications/Xcode.app/Contents/Developer/Applications/Utilities/Built\ Examples
    export SYSTEM_DEVELOPER_DIR\=/Applications/Xcode.app/Contents/Developer
    export SYSTEM_DEVELOPER_DOC_DIR\=/Applications/Xcode.app/Contents/Developer/ADC\ Reference\ Library
    export SYSTEM_DEVELOPER_GRAPHICS_TOOLS_DIR\=/Applications/Xcode.app/Contents/Developer/Applications/Graphics\ Tools
    export SYSTEM_DEVELOPER_JAVA_TOOLS_DIR\=/Applications/Xcode.app/Contents/Developer/Applications/Java\ Tools
    export SYSTEM_DEVELOPER_PERFORMANCE_TOOLS_DIR\=/Applications/Xcode.app/Contents/Developer/Applications/Performance\ Tools
    export SYSTEM_DEVELOPER_RELEASENOTES_DIR\=/Applications/Xcode.app/Contents/Developer/ADC\ Reference\ Library/releasenotes
    export SYSTEM_DEVELOPER_TOOLS\=/Applications/Xcode.app/Contents/Developer/Tools
    export SYSTEM_DEVELOPER_TOOLS_DOC_DIR\=/Applications/Xcode.app/Contents/Developer/ADC\ Reference\ Library/documentation/DeveloperTools
    export SYSTEM_DEVELOPER_TOOLS_RELEASENOTES_DIR\=/Applications/Xcode.app/Contents/Developer/ADC\ Reference\ Library/releasenotes/DeveloperTools
    export SYSTEM_DEVELOPER_USR_DIR\=/Applications/Xcode.app/Contents/Developer/usr
    export SYSTEM_DEVELOPER_UTILITIES_DIR\=/Applications/Xcode.app/Contents/Developer/Applications/Utilities
    export SYSTEM_DEXT_INSTALL_PATH\=/System/Library/DriverExtensions
    export SYSTEM_DOCUMENTATION_DIR\=/Library/Documentation
    export SYSTEM_EXTENSIONS_FOLDER_PATH\=ResourceRunnerUITests.xctest/Contents/Library/SystemExtensions
    export SYSTEM_EXTENSIONS_FOLDER_PATH_SHALLOW_BUNDLE_NO\=ResourceRunnerUITests.xctest/Contents/Library/SystemExtensions
    export SYSTEM_EXTENSIONS_FOLDER_PATH_SHALLOW_BUNDLE_YES\=ResourceRunnerUITests.xctest/Contents/SystemExtensions
    export SYSTEM_FRAMEWORK_SEARCH_PATHS\=\ \ /Applications/Xcode.app/Contents/Developer/Platforms/MacOSX.platform/Developer/Library/Frameworks
    export SYSTEM_KEXT_INSTALL_PATH\=/System/Library/Extensions
    export SYSTEM_LIBRARY_DIR\=/System/Library
    export TAPI_DEMANGLE\=YES
    export TAPI_ENABLE_PROJECT_HEADERS\=NO
    export TAPI_LANGUAGE\=objective-c
    export TAPI_LANGUAGE_STANDARD\=compiler-default
    export TAPI_USE_SRCROOT\=YES
    export TAPI_VERIFY_MODE\=Pedantic
    export TARGETNAME\=ResourceRunnerUITests
    export TARGET_BUILD_DIR\=/tmp/rr-m4-task009-derived/Build/Products/Debug/ResourceRunnerUITests-Runner.app/Contents/PlugIns
    export TARGET_BUILD_SUBPATH\=/ResourceRunnerUITests-Runner.app/Contents/PlugIns
    export TARGET_NAME\=ResourceRunnerUITests
    export TARGET_TEMP_DIR\=/tmp/rr-m4-task009-derived/Build/Intermediates.noindex/ResourceRunner.build/Debug/ResourceRunnerUITests.build
    export TEMP_DIR\=/tmp/rr-m4-task009-derived/Build/Intermediates.noindex/ResourceRunner.build/Debug/ResourceRunnerUITests.build
    export TEMP_FILES_DIR\=/tmp/rr-m4-task009-derived/Build/Intermediates.noindex/ResourceRunner.build/Debug/ResourceRunnerUITests.build
    export TEMP_FILE_DIR\=/tmp/rr-m4-task009-derived/Build/Intermediates.noindex/ResourceRunner.build/Debug/ResourceRunnerUITests.build
    export TEMP_ROOT\=/tmp/rr-m4-task009-derived/Build/Intermediates.noindex
    export TEMP_SANDBOX_DIR\=/tmp/rr-m4-task009-derived/Build/Intermediates.noindex/TemporaryTaskSandboxes
    export TESTING_FRAMEWORK_MODULE_ALIAS_FLAGS\=-module-alias\ Testing\=_Testing_Unavailable
    export TEST_FRAMEWORK_SEARCH_PATHS\=\ /Applications/Xcode.app/Contents/Developer/Platforms/MacOSX.platform/Developer/Library/Frameworks
    export TEST_LIBRARY_SEARCH_PATHS\=\ /Applications/Xcode.app/Contents/Developer/Platforms/MacOSX.platform/Developer/usr/lib
    export TEST_TARGET_NAME\=ResourceRunner
    export TOOLCHAINS\=com.apple.dt.toolchain.XcodeDefault
    export TOOLCHAIN_DIR\=/Applications/Xcode.app/Contents/Developer/Toolchains/XcodeDefault.xctoolchain
    export TREAT_MISSING_BASELINES_AS_TEST_FAILURES\=NO
    export TREAT_MISSING_SCRIPT_PHASE_OUTPUTS_AS_ERRORS\=NO
    export UID\=501
    export UNINSTALLED_PRODUCTS_DIR\=/tmp/rr-m4-task009-derived/Build/Intermediates.noindex/UninstalledProducts
    export UNLOCALIZED_RESOURCES_FOLDER_PATH\=ResourceRunnerUITests.xctest/Contents/Resources
    export UNLOCALIZED_RESOURCES_FOLDER_PATH_SHALLOW_BUNDLE_NO\=ResourceRunnerUITests.xctest/Contents/Resources
    export UNLOCALIZED_RESOURCES_FOLDER_PATH_SHALLOW_BUNDLE_YES\=ResourceRunnerUITests.xctest/Contents
    export UNSTRIPPED_PRODUCT\=NO
    export USER\=zipkero
    export USER_APPS_DIR\=/Users/zipkero/Applications
    export USER_LIBRARY_DIR\=/Users/zipkero/Library
    export USES_XCTRUNNER\=YES
    export USE_DYNAMIC_NO_PIC\=YES
    export USE_HEADERMAP\=YES
    export USE_HEADER_SYMLINKS\=NO
    export VALIDATE_DEVELOPMENT_ASSET_PATHS\=YES_ERROR
    export VALIDATE_PRODUCT\=NO
    export VALID_ARCHS\=arm64\ arm64e\ i386\ x86_64
    export VERBOSE_PBXCP\=NO
    export VERSIONPLIST_PATH\=ResourceRunnerUITests.xctest/Contents/version.plist
    export VERSION_INFO_BUILDER\=zipkero
    export VERSION_INFO_FILE\=ResourceRunnerUITests_vers.c
    export VERSION_INFO_STRING\=\"@\(\#\)PROGRAM:ResourceRunnerUITests\ \ PROJECT:ResourceRunner-1\"
    export WORKSPACE_DIR\=/Users/zipkero/XcodeProjects/ResourceRunner/ResourceRunner.xcodeproj
    export WRAPPER_EXTENSION\=xctest
    export WRAPPER_NAME\=ResourceRunnerUITests.xctest
    export WRAPPER_SUFFIX\=.xctest
    export WRAP_ASSET_PACKS_IN_SEPARATE_DIRECTORIES\=NO
    export XCODE_APP_SUPPORT_DIR\=/Applications/Xcode.app/Contents/Developer/Library/Xcode
    export XCODE_PRODUCT_BUILD_VERSION\=17F113
    export XCODE_VERSION_ACTUAL\=2660
    export XCODE_VERSION_MAJOR\=2600
    export XCODE_VERSION_MINOR\=2660
    export XCTRUNNER_PRODUCT_NAME\=ResourceRunnerUITests-Runner.app
    export XPCSERVICES_FOLDER_PATH\=ResourceRunnerUITests.xctest/Contents/XPCServices
    export YACC\=yacc
    export _BOOL_\=NO
    export _BOOL_NO\=NO
    export _BOOL_YES\=YES
    export _DEVELOPMENT_TEAM_IS_EMPTY\=YES
    export _DISCOVER_COMMAND_LINE_LINKER_INPUTS\=YES
    export _DISCOVER_COMMAND_LINE_LINKER_INPUTS_INCLUDE_WL\=YES
    export _IS_EMPTY_\=YES
    export _LD_MULTIARCH\=YES
    export _MACOSX_DEPLOYMENT_TARGET_IS_EMPTY\=NO
    export _WRAPPER_CONTENTS_DIR\=/Contents
    export _WRAPPER_CONTENTS_DIR_SHALLOW_BUNDLE_NO\=/Contents
    export _WRAPPER_PARENT_PATH\=/..
    export _WRAPPER_PARENT_PATH_SHALLOW_BUNDLE_NO\=/..
    export _WRAPPER_RESOURCES_DIR\=/Resources
    export _WRAPPER_RESOURCES_DIR_SHALLOW_BUNDLE_NO\=/Resources
    export __DIAGNOSE_DEPRECATED_ARCHS\=YES
    export __IS_NOT_MACOS\=NO
    export __IS_NOT_MACOS_macosx\=NO
    export __ORIGINAL_SDK_DEFINED_LLVM_TARGET_TRIPLE_SYS\=macos
    export arch\=undefined_arch
    export variant\=normal
    /bin/sh -c /tmp/rr-m4-task009-derived/Build/Intermediates.noindex/ResourceRunner.build/Debug/ResourceRunnerUITests.build/Script-E20000000000000000000001.sh
/tmp/rr-m4-task009-derived/Build/Products/Debug/ResourceRunnerExpansionFixture/expansion-fixture-65fcf976-992c-4a3f-bd92-3c8e789e786c: replacing existing signature

CopySwiftLibs /tmp/rr-m4-task009-derived/Build/Products/Debug/ResourceRunnerUITests-Runner.app/Contents/PlugIns/ResourceRunnerUITests.xctest (in target 'ResourceRunnerUITests' from project 'ResourceRunner')
    cd /Users/zipkero/XcodeProjects/ResourceRunner
    builtin-swiftStdLibTool --copy --verbose --sign - --scan-executable /tmp/rr-m4-task009-derived/Build/Products/Debug/ResourceRunnerUITests-Runner.app/Contents/PlugIns/ResourceRunnerUITests.xctest/Contents/MacOS/ResourceRunnerUITests --scan-folder /tmp/rr-m4-task009-derived/Build/Products/Debug/ResourceRunnerUITests-Runner.app/Contents/PlugIns/ResourceRunnerUITests.xctest/Contents/Frameworks --scan-folder /tmp/rr-m4-task009-derived/Build/Products/Debug/ResourceRunnerUITests-Runner.app/Contents/PlugIns/ResourceRunnerUITests.xctest/Contents/PlugIns --scan-folder /tmp/rr-m4-task009-derived/Build/Products/Debug/ResourceRunnerUITests-Runner.app/Contents/PlugIns/ResourceRunnerUITests.xctest/Contents/Library/SystemExtensions --scan-folder /tmp/rr-m4-task009-derived/Build/Products/Debug/ResourceRunnerUITests-Runner.app/Contents/PlugIns/ResourceRunnerUITests.xctest/Contents/Extensions --platform macosx --toolchain /Applications/Xcode.app/Contents/Developer/Toolchains/XcodeDefault.xctoolchain --destination /tmp/rr-m4-task009-derived/Build/Products/Debug/ResourceRunnerUITests-Runner.app/Contents/PlugIns/ResourceRunnerUITests.xctest/Contents/Frameworks --strip-bitcode --scan-executable /Applications/Xcode.app/Contents/Developer/Platforms/MacOSX.platform/Developer/usr/lib/libXCTestSwiftSupport.dylib --strip-bitcode-tool /Applications/Xcode.app/Contents/Developer/Toolchains/XcodeDefault.xctoolchain/usr/bin/bitcode_strip --emit-dependency-info /tmp/rr-m4-task009-derived/Build/Intermediates.noindex/ResourceRunner.build/Debug/ResourceRunnerUITests.build/SwiftStdLibToolInputDependencies.dep --filter-for-swift-os

ExtractAppIntentsMetadata (in target 'ResourceRunnerUITests' from project 'ResourceRunner')
    cd /Users/zipkero/XcodeProjects/ResourceRunner
    /Applications/Xcode.app/Contents/Developer/Toolchains/XcodeDefault.xctoolchain/usr/bin/appintentsmetadataprocessor --toolchain-dir /Applications/Xcode.app/Contents/Developer/Toolchains/XcodeDefault.xctoolchain --module-name ResourceRunnerUITests --sdk-root /Applications/Xcode.app/Contents/Developer/Platforms/MacOSX.platform/Developer/SDKs/MacOSX26.5.sdk --xcode-version 17F113 --platform-family macOS --deployment-target 26.5 --bundle-identifier com.zipkero.ResourceRunnerUITests --output /tmp/rr-m4-task009-derived/Build/Products/Debug/ResourceRunnerUITests-Runner.app/Contents/PlugIns/ResourceRunnerUITests.xctest/Contents/Resources --target-triple arm64-apple-macos26.5 --binary-file /tmp/rr-m4-task009-derived/Build/Products/Debug/ResourceRunnerUITests-Runner.app/Contents/PlugIns/ResourceRunnerUITests.xctest/Contents/MacOS/ResourceRunnerUITests --dependency-file /tmp/rr-m4-task009-derived/Build/Intermediates.noindex/ResourceRunner.build/Debug/ResourceRunnerUITests.build/Objects-normal/arm64/ResourceRunnerUITests_dependency_info.dat --stringsdata-file /tmp/rr-m4-task009-derived/Build/Intermediates.noindex/ResourceRunner.build/Debug/ResourceRunnerUITests.build/Objects-normal/arm64/ExtractedAppShortcutsMetadata.stringsdata --source-file-list /tmp/rr-m4-task009-derived/Build/Intermediates.noindex/ResourceRunner.build/Debug/ResourceRunnerUITests.build/Objects-normal/arm64/ResourceRunnerUITests.SwiftFileList --metadata-file-list /tmp/rr-m4-task009-derived/Build/Intermediates.noindex/ResourceRunner.build/Debug/ResourceRunnerUITests.build/ResourceRunnerUITests.DependencyMetadataFileList --static-metadata-file-list /tmp/rr-m4-task009-derived/Build/Intermediates.noindex/ResourceRunner.build/Debug/ResourceRunnerUITests.build/ResourceRunnerUITests.DependencyStaticMetadataFileList --swift-const-vals-list /tmp/rr-m4-task009-derived/Build/Intermediates.noindex/ResourceRunner.build/Debug/ResourceRunnerUITests.build/Objects-normal/arm64/ResourceRunnerUITests.SwiftConstValuesFileList --compile-time-extraction --deployment-aware-processing --validate-assistant-intents --no-app-shortcuts-localization
2026-10-04 15:45:53.734 appintentsmetadataprocessor[37348:52597658] Starting appintentsmetadataprocessor export
2026-10-04 15:45:53.735 appintentsmetadataprocessor[37348:52597658] warning: Metadata extraction skipped. No AppIntents.framework dependency found.

CodeSign /tmp/rr-m4-task009-derived/Build/Products/Debug/ResourceRunnerUITests-Runner.app/Contents/PlugIns/ResourceRunnerUITests.xctest (in target 'ResourceRunnerUITests' from project 'ResourceRunner')
    cd /Users/zipkero/XcodeProjects/ResourceRunner
    
    Signing Identity:     "Sign to Run Locally"
    
    /usr/bin/codesign --force --sign - --entitlements /tmp/rr-m4-task009-derived/Build/Intermediates.noindex/ResourceRunner.build/Debug/ResourceRunnerUITests.build/ResourceRunnerUITests.xctest.xcent --timestamp\=none --generate-entitlement-der /tmp/rr-m4-task009-derived/Build/Products/Debug/ResourceRunnerUITests-Runner.app/Contents/PlugIns/ResourceRunnerUITests.xctest

CodeSign /tmp/rr-m4-task009-derived/Build/Products/Debug/ResourceRunnerUITests-Runner.app (in target 'ResourceRunnerUITests' from project 'ResourceRunner')
    cd /Users/zipkero/XcodeProjects/ResourceRunner
    
    Signing Identity:     "Sign to Run Locally"
    
    /usr/bin/codesign --force --sign - --entitlements /tmp/rr-m4-task009-derived/Build/Intermediates.noindex/ResourceRunner.build/Debug/ResourceRunnerUITests.build/ResourceRunnerUITests.xctest.xcent --timestamp\=none --generate-entitlement-der /tmp/rr-m4-task009-derived/Build/Products/Debug/ResourceRunnerUITests-Runner.app
/tmp/rr-m4-task009-derived/Build/Products/Debug/ResourceRunnerUITests-Runner.app: replacing existing signature

2026-10-04 15:45:54.529543+0900 ResourceRunner[37361:52597744] [Connection] Unable to get synchronousRemoteObjectProxy, error: Error Domain=NSCocoaErrorDomain Code=4097 "connection to service named com.apple.linkd.autoShortcut" UserInfo={NSDebugDescription=connection to service named com.apple.linkd.autoShortcut}
2026-10-04 15:45:54.529887+0900 ResourceRunner[37361:52597744] [Application] Error registering app with intents framework: Error Domain=NSCocoaErrorDomain Code=4097 "connection to service named com.apple.linkd.autoShortcut" UserInfo={NSDebugDescription=connection to service named com.apple.linkd.autoShortcut}
2026-10-04 15:45:54.531584+0900 ResourceRunner[37361:52597737] [Connection] Unable to get synchronousRemoteObjectProxy, error: Error Domain=NSCocoaErrorDomain Code=4097 "connection to service named com.apple.linkd.autoShortcut" UserInfo={NSDebugDescription=connection to service named com.apple.linkd.autoShortcut}
2026-10-04 15:45:54.531604+0900 ResourceRunner[37361:52597737] [Connection] Unable to re-register with Process Instance Registry, error: Error Domain=NSCocoaErrorDomain Code=4097 "connection to service named com.apple.linkd.autoShortcut" UserInfo={NSDebugDescription=connection to service named com.apple.linkd.autoShortcut}
2026-10-04 15:45:54.533580+0900 ResourceRunner[37361:52597738] [Connection] Unable to get synchronousRemoteObjectProxy, error: Error Domain=NSCocoaErrorDomain Code=4097 "connection to service named com.apple.linkd.autoShortcut" UserInfo={NSDebugDescription=connection to service named com.apple.linkd.autoShortcut}
2026-10-04 15:45:54.533598+0900 ResourceRunner[37361:52597738] [Connection] Unable to re-register with Process Instance Registry, error: Error Domain=NSCocoaErrorDomain Code=4097 "connection to service named com.apple.linkd.autoShortcut" UserInfo={NSDebugDescription=connection to service named com.apple.linkd.autoShortcut}
2026-10-04 15:45:54.535465+0900 ResourceRunner[37361:52597738] [Connection] Will NOT re-try to establish the connection
2026-10-04 15:45:54.535487+0900 ResourceRunner[37361:52597744] [Connection] Unable to get synchronousRemoteObjectProxy, error: Error Domain=NSCocoaErrorDomain Code=4097 "connection to service named com.apple.linkd.autoShortcut" UserInfo={NSDebugDescription=connection to service named com.apple.linkd.autoShortcut}
2026-10-04 15:45:54.535497+0900 ResourceRunner[37361:52597744] [Connection] Unable to re-register with Process Instance Registry, error: Error Domain=NSCocoaErrorDomain Code=4097 "connection to service named com.apple.linkd.autoShortcut" UserInfo={NSDebugDescription=connection to service named com.apple.linkd.autoShortcut}
2026-10-04 15:45:54.669767+0900 ResourceRunner[37361:52597706] [TopologyObserver] registered network=true workspaceTokens=3
2026-10-04 15:45:54.670695+0900 ResourceRunner[37361:52597706] [SystemLifecycle] initial snapshot: SystemLifecycleSnapshot(revision: 0, lowPowerMode: false, screenLockState: ResourceRunner.ScreenLockState.unlocked, displayAsleep: false, sessionActive: true, systemAsleep: false, boundarySequence: 0)
2026-10-04 15:45:54.725542+0900 ResourceRunner[37361:52597779] [MonitoringScheduler] apply axis=SystemMetricsSampleSource schedule=running(2.0 seconds) generation=1 collectionEpoch=0 appendedTotal=0
2026-10-04 15:45:54.725542+0900 ResourceRunner[37361:52597737] [MonitoringScheduler] apply axis=NetworkActivitySource schedule=running(2.0 seconds) generation=1 collectionEpoch=0 appendedTotal=0
2026-10-04 15:45:54.725572+0900 ResourceRunner[37361:52597744] [MonitoringScheduler] apply axis=DiskActivitySource schedule=running(2.0 seconds) generation=1 collectionEpoch=0 appendedTotal=0
2026-10-04 15:45:54.725561+0900 ResourceRunner[37361:52597738] [MonitoringScheduler] apply axis=ProcessSurveySampleSource schedule=running(5.0 seconds) generation=1 collectionEpoch=0 appendedTotal=0
2026-10-04 15:45:54.725594+0900 ResourceRunner[37361:52597774] [AuxiliaryScheduler] apply axis=networkMetadata schedule=running(60.0 seconds) epoch=0
2026-10-04 15:45:54.725596+0900 ResourceRunner[37361:52597778] [AuxiliaryScheduler] apply axis=storageMetadata schedule=running(60.0 seconds) epoch=0
2026-10-04 15:45:54.725660+0900 ResourceRunner[37361:52597774] [AuxiliaryScheduler] start axis=networkMetadata query=1
2026-10-04 15:45:54.725662+0900 ResourceRunner[37361:52597778] [AuxiliaryScheduler] start axis=storageMetadata query=1
2026-10-04 15:45:54.733950+0900 ResourceRunner[37361:52597778] [AuxiliaryScheduler] stored axis=networkMetadata query=1
2026-10-04 15:45:54.746771+0900 ResourceRunner[37361:52597774] [client] Not Valid
2026-10-04 15:45:54.746822+0900 ResourceRunner[37361:52597774] [client] CacheDeleteCopyAvailableSpaceForVolume failed for volume /System/Volumes/VM: Error Domain=CacheDeleteErrorDomain Code=10 "(null)" UserInfo={Invalid volume=/System/Volumes/VM}
2026-10-04 15:45:54.747261+0900 ResourceRunner[37361:52597774] [client] Not Valid
2026-10-04 15:45:54.747271+0900 ResourceRunner[37361:52597774] [client] CacheDeleteCopyAvailableSpaceForVolume failed for volume /System/Volumes/Preboot: Error Domain=CacheDeleteErrorDomain Code=10 "(null)" UserInfo={Invalid volume=/System/Volumes/Preboot}
2026-10-04 15:45:54.747872+0900 ResourceRunner[37361:52597774] [client] Not Valid
2026-10-04 15:45:54.747880+0900 ResourceRunner[37361:52597774] [client] CacheDeleteCopyAvailableSpaceForVolume failed for volume /System/Volumes/Update: Error Domain=CacheDeleteErrorDomain Code=10 "(null)" UserInfo={Invalid volume=/System/Volumes/Update}
2026-10-04 15:45:54.748549+0900 ResourceRunner[37361:52597774] [client] Not Valid
2026-10-04 15:45:54.748560+0900 ResourceRunner[37361:52597774] [client] CacheDeleteCopyAvailableSpaceForVolume failed for volume /System/Volumes/xarts: Error Domain=CacheDeleteErrorDomain Code=10 "(null)" UserInfo={Invalid volume=/System/Volumes/xarts}
2026-10-04 15:45:54.749286+0900 ResourceRunner[37361:52597774] [client] Not Valid
2026-10-04 15:45:54.749309+0900 ResourceRunner[37361:52597774] [client] CacheDeleteCopyAvailableSpaceForVolume failed for volume /System/Volumes/iSCPreboot: Error Domain=CacheDeleteErrorDomain Code=10 "(null)" UserInfo={Invalid volume=/System/Volumes/iSCPreboot}
2026-10-04 15:45:54.749715+0900 ResourceRunner[37361:52597774] [client] Not Valid
2026-10-04 15:45:54.749723+0900 ResourceRunner[37361:52597774] [client] CacheDeleteCopyAvailableSpaceForVolume failed for volume /System/Volumes/Hardware: Error Domain=CacheDeleteErrorDomain Code=10 "(null)" UserInfo={Invalid volume=/System/Volumes/Hardware}
2026-10-04 15:45:54.759823+0900 ResourceRunner[37361:52597774] [AuxiliaryScheduler] stored axis=storageMetadata query=1
2026-10-04 15:45:54.761351+0900 ResourceRunner[37361:52597706] [CollectionPipeline] delivered axis=networkMetadata epoch=0 result=available revision=26 records=26
2026-10-04 15:45:54.761444+0900 ResourceRunner[37361:52597706] [CollectionPipeline] delivered axis=storageMetadata epoch=0 result=available revision=1 devices=1
Test Suite 'Selected tests' started at 2026-10-04 15:45:54.787.
Test Suite 'ResourceRunnerTests.xctest' started at 2026-10-04 15:45:54.787.
Test Suite 'ResourceRunnerTests.xctest' passed at 2026-10-04 15:45:54.788.
	 Executed 0 tests, with 0 failures (0 unexpected) in 0.000 (0.000) seconds
Test Suite 'Selected tests' passed at 2026-10-04 15:45:54.788.
	 Executed 0 tests, with 0 failures (0 unexpected) in 0.000 (0.001) seconds
◇ Test run started.
↳ Testing Library Version: 1902
↳ Target Platform: arm64e-apple-macos14.0
◇ Suite ApplicationCoordinatorTests started.
◇ Test persistedChoicesReloadWithoutRestoringCollectionOrProcessHistory() started.
✔ Test persistedChoicesReloadWithoutRestoringCollectionOrProcessHistory() passed after 0.001 seconds.
◇ Test savedSnapshotSeedsFirstDisplayAndScheduleBeforePendingChanges() started.
2026-10-04 15:45:54.799699+0900 ResourceRunner[37361:52597706] [SystemLifecycle] initial snapshot: SystemLifecycleSnapshot(revision: 0, lowPowerMode: false, screenLockState: ResourceRunner.ScreenLockState.unlocked, displayAsleep: false, sessionActive: true, systemAsleep: false, boundarySequence: 0)
✔ Test savedSnapshotSeedsFirstDisplayAndScheduleBeforePendingChanges() passed after 0.005 seconds.
◇ Test startMonitoringAppliesInitialSnapshotWithoutAnyFurtherStreamUpdate() started.
2026-10-04 15:45:54.805552+0900 ResourceRunner[37361:52597706] [SystemLifecycle] initial snapshot: SystemLifecycleSnapshot(revision: 0, lowPowerMode: false, screenLockState: ResourceRunner.ScreenLockState.unlocked, displayAsleep: false, sessionActive: true, systemAsleep: false, boundarySequence: 0)
2026-10-04 15:45:54.805707+0900 ResourceRunner[37361:52597774] [MonitoringScheduler] apply axis=MemoryScheduledSampleSource schedule=running(5.0 seconds) generation=1 collectionEpoch=0 appendedTotal=0
2026-10-04 15:45:54.805715+0900 ResourceRunner[37361:52597779] [MonitoringScheduler] apply axis=MemoryScheduledSampleSource schedule=running(2.0 seconds) generation=1 collectionEpoch=0 appendedTotal=0
✔ Test startMonitoringAppliesInitialSnapshotWithoutAnyFurtherStreamUpdate() passed after 0.001 seconds.
◇ Test startMonitoringAppliesInitialThenForwardsSubsequentUpdatesInOrder() started.
2026-10-04 15:45:54.809049+0900 ResourceRunner[37361:52597706] [SystemLifecycle] initial snapshot: SystemLifecycleSnapshot(revision: 0, lowPowerMode: false, screenLockState: ResourceRunner.ScreenLockState.locked, displayAsleep: false, sessionActive: true, systemAsleep: false, boundarySequence: 0)
2026-10-04 15:45:54.809109+0900 ResourceRunner[37361:52597737] [MonitoringScheduler] apply axis=MemoryScheduledSampleSource schedule=paused generation=1 collectionEpoch=0 appendedTotal=0
2026-10-04 15:45:54.809119+0900 ResourceRunner[37361:52597737] [MonitoringScheduler] apply axis=MemoryScheduledSampleSource schedule=paused generation=1 collectionEpoch=0 appendedTotal=0
2026-10-04 15:45:54.809197+0900 ResourceRunner[37361:52597706] [SystemLifecycle] snapshot changed: SystemLifecycleSnapshot(revision: 1, lowPowerMode: false, screenLockState: ResourceRunner.ScreenLockState.unlocked, displayAsleep: false, sessionActive: true, systemAsleep: false, boundarySequence: 1)
2026-10-04 15:45:54.809270+0900 ResourceRunner[37361:52597779] [MonitoringScheduler] apply axis=MemoryScheduledSampleSource schedule=running(2.0 seconds) generation=2 collectionEpoch=0 appendedTotal=0
2026-10-04 15:45:54.809280+0900 ResourceRunner[37361:52597781] [MonitoringScheduler] apply axis=MemoryScheduledSampleSource schedule=running(5.0 seconds) generation=2 collectionEpoch=0 appendedTotal=0
✔ Test startMonitoringAppliesInitialThenForwardsSubsequentUpdatesInOrder() passed after 0.001 seconds.
◇ Test forwardPopoverPresentedChangesAppliedSchedule() started.
2026-10-04 15:45:54.809457+0900 ResourceRunner[37361:52597737] [MonitoringScheduler] apply axis=MemoryScheduledSampleSource schedule=running(2.0 seconds) generation=1 collectionEpoch=0 appendedTotal=0
2026-10-04 15:45:54.809460+0900 ResourceRunner[37361:52597744] [MonitoringScheduler] apply axis=MemoryScheduledSampleSource schedule=running(5.0 seconds) generation=1 collectionEpoch=0 appendedTotal=0
2026-10-04 15:45:54.809507+0900 ResourceRunner[37361:52597737] [MonitoringScheduler] apply axis=MemoryScheduledSampleSource schedule=running(2.0 seconds) generation=2 collectionEpoch=0 appendedTotal=0
2026-10-04 15:45:54.809539+0900 ResourceRunner[37361:52597738] [MonitoringScheduler] apply axis=MemoryScheduledSampleSource schedule=running(1.0 seconds) generation=2 collectionEpoch=0 appendedTotal=0
✔ Test forwardPopoverPresentedChangesAppliedSchedule() passed after 0.001 seconds.
◇ Test failedOrValuelessCPUTicksNeverTriggerCharacterStateSourceSend() started.
2026-10-04 15:45:54.809837+0900 ResourceRunner[37361:52597744] [MonitoringSampleStore] history=0 capacity=1203
2026-10-04 15:45:54.811026+0900 ResourceRunner[37361:52597738] [MonitoringSampleStore] history=0 capacity=1203
2026-10-04 15:45:54.812119+0900 ResourceRunner[37361:52597774] [MonitoringSampleStore] history=0 capacity=1203
✔ Test failedOrValuelessCPUTicksNeverTriggerCharacterStateSourceSend() passed after 0.006 seconds.
◇ Test consumeSystemMetricsSendsOnlyOnActualDisplayedStateChanges() started.
2026-10-04 15:45:54.816425+0900 ResourceRunner[37361:52597774] [MonitoringSampleStore] first valid history point collectionEpoch=0 history=1
2026-10-04 15:45:54.816435+0900 ResourceRunner[37361:52597774] [MonitoringSampleStore] history=1 capacity=1203
2026-10-04 15:45:54.816550+0900 ResourceRunner[37361:52597706] [CPUActivityState] usage=26.000000 collectionEpoch=0 displayedState=low
2026-10-04 15:45:54.817578+0900 ResourceRunner[37361:52597774] [MonitoringSampleStore] history=2 capacity=1203
2026-10-04 15:45:54.817609+0900 ResourceRunner[37361:52597706] [CPUActivityState] usage=26.000000 collectionEpoch=0 displayedState=low
2026-10-04 15:45:54.818657+0900 ResourceRunner[37361:52597774]2026-10-04 15:45:54.818685+0900 ResourceRunner[37361:52597706] [CPUActivityState] usage=26.000000 collectionEpoch=0 displayedState=low
 [MonitoringSampleStore] history=3 capacity=1203
2026-10-04 15:45:54.832601+0900 ResourceRunner[37361:52597777] [MonitoringSampleStore] history=4 capacity=1203
2026-10-04 15:45:54.832632+0900 ResourceRunner[37361:52597706] [CPUActivityState] usage=26.000000 collectionEpoch=0 displayedState=moderate
2026-10-04 15:45:54.832683+0900 ResourceRunner[37361:52597777] [MonitoringSampleStore] history=5 capacity=1203
2026-10-04 15:45:54.832710+0900 ResourceRunner[37361:52597706] [CPUActivityState] usage=26.000000 collectionEpoch=0 displayedState=moderate
2026-10-04 15:45:54.833361+0900 ResourceRunner[37361:52597737] [MonitoringSampleStore] history=5 capacity=1203
2026-10-04 15:45:54.833975+0900 ResourceRunner[37361:52597777] [MonitoringSampleStore] history=5 capacity=1203
2026-10-04 15:45:54.834611+0900 ResourceRunner[37361:52597777] [MonitoringSampleStore] history=6 capacity=1203
2026-10-04 15:45:54.834638+0900 ResourceRunner[37361:52597706] [CPUActivityState] usage=60.000000 collectionEpoch=0 displayedState=moderate
2026-10-04 15:45:54.835417+0900 ResourceRunner[37361:52597774] [MonitoringSampleStore] history=7 capacity=1203
2026-10-04 15:45:54.835442+0900 ResourceRunner[37361:52597706] [CPUActivityState] usage=60.000000 collectionEpoch=0 displayedState=moderate
2026-10-04 15:45:54.836030+0900 ResourceRunner[37361:52597737] [MonitoringSampleStore] history=8 capacity=1203
2026-10-04 15:45:54.836047+0900 ResourceRunner[37361:52597706] [CPUActivityState] usage=60.000000 collectionEpoch=0 displayedState=moderate
2026-10-04 15:45:54.836615+0900 ResourceRunner[37361:52597737] [MonitoringSampleStore] history=9 capacity=1203
2026-10-04 15:45:54.836644+0900 ResourceRunner[37361:52597706] [CPUActivityState] usage=60.000000 collectionEpoch=0 displayedState=high
✔ Test consumeSystemMetricsSendsOnlyOnActualDisplayedStateChanges() passed after 0.020 seconds.
◇ Test consumeSystemMetricsPassesEpochToCharacterStateEvaluation() started.
2026-10-04 15:45:54.836880+0900 ResourceRunner[37361:52597738] [MonitoringSampleStore] first valid history point collectionEpoch=0 history=1
2026-10-04 15:45:54.836895+0900 ResourceRunner[37361:52597706] [CPUActivityState] usage=50.000000 collectionEpoch=0 displayedState=low
2026-10-04 15:45:54.836902+0900 ResourceRunner[37361:52597744] [MonitoringSampleStore] history=1 capacity=1203
2026-10-04 15:45:54.836949+0900 ResourceRunner[37361:52597774] [MonitoringSampleStore] history=2 capacity=1203
2026-10-04 15:45:54.836962+0900 ResourceRunner[37361:52597706] [CPUActivityState] usage=51.000000 collectionEpoch=0 displayedState=low
2026-10-04 15:45:54.836992+0900 ResourceRunner[37361:52597774] [MonitoringSampleStore] first valid history point collectionEpoch=1 history=3
2026-10-04 15:45:54.836999+0900 ResourceRunner[37361:52597744] [MonitoringSampleStore] history=3 capacity=1203
2026-10-04 15:45:54.837030+0900 ResourceRunner[37361:52597706] [CPUActivityState] continuity reset previousEpoch=0 collectionEpoch=1 pendingRestarted=true highStreakRestarted=true displayedState=low
2026-10-04 15:45:54.837039+0900 ResourceRunner[37361:52597706] [CPUActivityState] usage=52.000000 collectionEpoch=1 displayedState=low
2026-10-04 15:45:54.837092+0900 ResourceRunner[37361:52597774] [MonitoringSampleStore] history=4 capacity=1203
2026-10-04 15:45:54.837113+0900 ResourceRunner[37361:52597706] [CPUActivityState] usage=53.000000 collectionEpoch=1 displayedState=low
2026-10-04 15:45:54.837148+0900 ResourceRunner[37361:52597738] [MonitoringSampleStore] history=5 capacity=1203
2026-10-04 15:45:54.837169+0900 ResourceRunner[37361:52597706] [CPUActivityState] usage=54.000000 collectionEpoch=1 displayedState=high
✔ Test consumeSystemMetricsPassesEpochToCharacterStateEvaluation() passed after 0.001 seconds.
◇ Test consumeSystemMetricsDeliversProcessSurveyRankingToBothCards() started.
2026-10-04 15:45:54.837484+0900 ResourceRunner[37361:52597737] [MonitoringSampleStore] first valid history point collectionEpoch=0 history=1
2026-10-04 15:45:54.837489+0900 ResourceRunner[37361:52597737] [MonitoringSampleStore] history=1 capacity=1203
2026-10-04 15:45:54.837693+0900 ResourceRunner[37361:52597706] [CPUActivityState] usage=10.000000 collectionEpoch=0 displayedState=low
✔ Test consumeSystemMetricsDeliversProcessSurveyRankingToBothCards() passed after 0.001 seconds.
◇ Test processSurveyFailureReachesBothCardsAndClearsOnTheNextSuccess() started.
2026-10-04 15:45:54.837947+0900 ResourceRunner[37361:52597774] [MonitoringSampleStore] history=1 capacity=1203
2026-10-04 15:45:54.837953+0900 ResourceRunner[37361:52597738] [MonitoringSampleStore] first valid history point collectionEpoch=0 history=1
2026-10-04 15:45:54.838024+0900 ResourceRunner[37361:52597706] [CPUActivityState] usage=42.000000 collectionEpoch=0 displayedState=low
2026-10-04 15:45:54.839250+0900 ResourceRunner[37361:52597738] [MonitoringSampleStore] history=2 capacity=1203
2026-10-04 15:45:54.839305+0900 ResourceRunner[37361:52597706] [CPUActivityState] usage=42.000000 collectionEpoch=0 displayedState=low
✔ Test processSurveyFailureReachesBothCardsAndClearsOnTheNextSuccess() passed after 0.001 seconds.
✔ Suite ApplicationCoordinatorTests passed after 0.040 seconds.
◇ Suite DashboardPreferencesVisibilityTests started.
◇ Test allSixtyFourCardAndTopCombinationsUseOnlyVisibleNaturalHeights() started.
2026-10-04 15:45:54.842980+0900 ResourceRunner[37361:52597706] [SwiftUI] Accessing FocusState's value outside of the body of a View. This will result in a constant Binding of the initial value and will not update.
2026-10-04 15:45:54.846965+0900 ResourceRunner[37361:52597706] [SwiftUI] Accessing FocusState's value outside of the body of a View. This will result in a constant Binding of the initial value and will not update.
2026-10-04 15:45:54.852326+0900 ResourceRunner[37361:52597706] [Invalid Configuration] Unable to render flattened version of PlatformViewRepresentableAdaptor<DashboardLowestAnchorCapture>.
2026-10-04 15:45:54.852938+0900 ResourceRunner[37361:52597706] [SwiftUI] Accessing FocusState's value outside of the body of a View. This will result in a constant Binding of the initial value and will not update.
2026-10-04 15:45:54.857197+0900 ResourceRunner[37361:52597706] [Invalid Configuration] Unable to render flattened version of PlatformViewRepresentableAdaptor<DashboardLowestAnchorCapture>.
2026-10-04 15:45:54.857722+0900 ResourceRunner[37361:52597706] [SwiftUI] Accessing FocusState's value outside of the body of a View. This will result in a constant Binding of the initial value and will not update.
2026-10-04 15:45:54.860798+0900 ResourceRunner[37361:52597706] [Invalid Configuration] Unable to render flattened version of PlatformViewRepresentableAdaptor<DashboardLowestAnchorCapture>.
2026-10-04 15:45:54.861345+0900 ResourceRunner[37361:52597706] [SwiftUI] Accessing FocusState's value outside of the body of a View. This will result in a constant Binding of the initial value and will not update.
2026-10-04 15:45:54.865097+0900 ResourceRunner[37361:52597706] [Invalid Configuration] Unable to render flattened version of PlatformViewRepresentableAdaptor<DashboardLowestAnchorCapture>.
2026-10-04 15:45:54.865604+0900 ResourceRunner[37361:52597706] [SwiftUI] Accessing FocusState's value outside of the body of a View. This will result in a constant Binding of the initial value and will not update.
2026-10-04 15:45:54.866885+0900 ResourceRunner[37361:52597706] [SwiftUI] Accessing FocusState's value outside of the body of a View. This will result in a constant Binding of the initial value and will not update.
2026-10-04 15:45:54.868927+0900 ResourceRunner[37361:52597706] [Invalid Configuration] Unable to render flattened version of PlatformViewRepresentableAdaptor<DashboardLowestAnchorCapture>.
2026-10-04 15:45:54.869334+0900 ResourceRunner[37361:52597706] [SwiftUI] Accessing FocusState's value outside of the body of a View. This will result in a constant Binding of the initial value and will not update.
2026-10-04 15:45:54.871023+0900 ResourceRunner[37361:52597706] [Invalid Configuration] Unable to render flattened version of PlatformViewRepresentableAdaptor<DashboardLowestAnchorCapture>.
2026-10-04 15:45:54.871344+0900 ResourceRunner[37361:52597706] [SwiftUI] Accessing FocusState's value outside of the body of a View. This will result in a constant Binding of the initial value and will not update.
2026-10-04 15:45:54.871452+0900 ResourceRunner[37361:52597706] [SwiftUI] Accessing FocusState's value outside of the body of a View. This will result in a constant Binding of the initial value and will not update.
2026-10-04 15:45:54.874690+0900 ResourceRunner[37361:52597706] [Invalid Configuration] Unable to render flattened version of PlatformViewRepresentableAdaptor<DashboardLowestAnchorCapture>.
2026-10-04 15:45:54.874822+0900 ResourceRunner[37361:52597706] [Invalid Configuration] Unable to render flattened version of PlatformViewRepresentableAdaptor<DashboardLowestAnchorCapture>.
2026-10-04 15:45:54.875240+0900 ResourceRunner[37361:52597706] [SwiftUI] Accessing FocusState's value outside of the body of a View. This will result in a constant Binding of the initial value and will not update.
2026-10-04 15:45:54.876633+0900 ResourceRunner[37361:52597706] [Invalid Configuration] Unable to render flattened version of PlatformViewRepresentableAdaptor<DashboardLowestAnchorCapture>.
2026-10-04 15:45:54.876964+0900 ResourceRunner[37361:52597706] [SwiftUI] Accessing FocusState's value outside of the body of a View. This will result in a constant Binding of the initial value and will not update.
2026-10-04 15:45:54.877064+0900 ResourceRunner[37361:52597706] [SwiftUI] Accessing FocusState's value outside of the body of a View. This will result in a constant Binding of the initial value and will not update.
2026-10-04 15:45:54.879941+0900 ResourceRunner[37361:52597706] [Invalid Configuration] Unable to render flattened version of PlatformViewRepresentableAdaptor<DashboardLowestAnchorCapture>.
2026-10-04 15:45:54.880082+0900 ResourceRunner[37361:52597706] [Invalid Configuration] Unable to render flattened version of PlatformViewRepresentableAdaptor<DashboardLowestAnchorCapture>.
2026-10-04 15:45:54.880531+0900 ResourceRunner[37361:52597706] [SwiftUI] Accessing FocusState's value outside of the body of a View. This will result in a constant Binding of the initial value and will not update.
2026-10-04 15:45:54.880672+0900 ResourceRunner[37361:52597706] [SwiftUI] Accessing FocusState's value outside of the body of a View. This will result in a constant Binding of the initial value and will not update.
2026-10-04 15:45:54.883314+0900 ResourceRunner[37361:52597706] [Invalid Configuration] Unable to render flattened version of PlatformViewRepresentableAdaptor<DashboardLowestAnchorCapture>.
2026-10-04 15:45:54.883438+0900 ResourceRunner[37361:52597706] [Invalid Configuration] Unable to render flattened version of PlatformViewRepresentableAdaptor<DashboardLowestAnchorCapture>.
2026-10-04 15:45:54.883859+0900 ResourceRunner[37361:52597706] [SwiftUI] Accessing FocusState's value outside of the body of a View. This will result in a constant Binding of the initial value and will not update.
2026-10-04 15:45:54.883973+0900 ResourceRunner[37361:52597706] [SwiftUI] Accessing FocusState's value outside of the body of a View. This will result in a constant Binding of the initial value and will not update.
2026-10-04 15:45:54.884046+0900 ResourceRunner[37361:52597706] [SwiftUI] Accessing FocusState's value outside of the body of a View. This will result in a constant Binding of the initial value and will not update.
2026-10-04 15:45:54.887935+0900 ResourceRunner[37361:52597706] [Invalid Configuration] Unable to render flattened version of PlatformViewRepresentableAdaptor<DashboardLowestAnchorCapture>.
2026-10-04 15:45:54.888062+0900 ResourceRunner[37361:52597706] [Invalid Configuration] Unable to render flattened version of PlatformViewRepresentableAdaptor<DashboardLowestAnchorCapture>.
2026-10-04 15:45:54.888159+0900 ResourceRunner[37361:52597706] [Invalid Configuration] Unable to render flattened version of PlatformViewRepresentableAdaptor<DashboardLowestAnchorCapture>.
2026-10-04 15:45:54.888706+0900 ResourceRunner[37361:52597706] [SwiftUI] Accessing FocusState's value outside of the body of a View. This will result in a constant Binding of the initial value and will not update.
2026-10-04 15:45:54.890413+0900 ResourceRunner[37361:52597706] [Invalid Configuration] Unable to render flattened version of PlatformViewRepresentableAdaptor<DashboardLowestAnchorCapture>.
2026-10-04 15:45:54.890812+0900 ResourceRunner[37361:52597706] [SwiftUI] Accessing FocusState's value outside of the body of a View. This will result in a constant Binding of the initial value and will not update.
2026-10-04 15:45:54.890925+0900 ResourceRunner[37361:52597706] [SwiftUI] Accessing FocusState's value outside of the body of a View. This will result in a constant Binding of the initial value and will not update.
2026-10-04 15:45:54.893956+0900 ResourceRunner[37361:52597706] [Invalid Configuration] Unable to render flattened version of PlatformViewRepresentableAdaptor<DashboardLowestAnchorCapture>.
2026-10-04 15:45:54.894099+0900 ResourceRunner[37361:52597706] [Invalid Configuration] Unable to render flattened version of PlatformViewRepresentableAdaptor<DashboardLowestAnchorCapture>.
2026-10-04 15:45:54.894592+0900 ResourceRunner[37361:52597706] [SwiftUI] Accessing FocusState's value outside of the body of a View. This will result in a constant Binding of the initial value and will not update.
2026-10-04 15:45:54.894683+0900 ResourceRunner[37361:52597706] [SwiftUI] Accessing FocusState's value outside of the body of a View. This will result in a constant Binding of the initial value and will not update.
2026-10-04 15:45:54.897536+0900 ResourceRunner[37361:52597706] [Invalid Configuration] Unable to render flattened version of PlatformViewRepresentableAdaptor<DashboardLowestAnchorCapture>.
2026-10-04 15:45:54.897650+0900 ResourceRunner[37361:52597706] [Invalid Configuration] Unable to render flattened version of PlatformViewRepresentableAdaptor<DashboardLowestAnchorCapture>.
2026-10-04 15:45:54.898110+0900 ResourceRunner[37361:52597706] [SwiftUI] Accessing FocusState's value outside of the body of a View. This will result in a constant Binding of the initial value and will not update.
2026-10-04 15:45:54.898214+0900 ResourceRunner[37361:52597706] [SwiftUI] Accessing FocusState's value outside of the body of a View. This will result in a constant Binding of the initial value and will not update.
2026-10-04 15:45:54.898287+0900 ResourceRunner[37361:52597706] [SwiftUI] Accessing FocusState's value outside of the body of a View. This will result in a constant Binding of the initial value and will not update.
2026-10-04 15:45:54.902418+0900 ResourceRunner[37361:52597706] [Invalid Configuration] Unable to render flattened version of PlatformViewRepresentableAdaptor<DashboardLowestAnchorCapture>.
2026-10-04 15:45:54.902547+0900 ResourceRunner[37361:52597706] [Invalid Configuration] Unable to render flattened version of PlatformViewRepresentableAdaptor<DashboardLowestAnchorCapture>.
2026-10-04 15:45:54.902635+0900 ResourceRunner[37361:52597706] [Invalid Configuration] Unable to render flattened version of PlatformViewRepresentableAdaptor<DashboardLowestAnchorCapture>.
2026-10-04 15:45:54.903208+0900 ResourceRunner[37361:52597706] [SwiftUI] Accessing FocusState's value outside of the body of a View. This will result in a constant Binding of the initial value and will not update.
2026-10-04 15:45:54.903308+0900 ResourceRunner[37361:52597706] [SwiftUI] Accessing FocusState's value outside of the body of a View. This will result in a constant Binding of the initial value and will not update.
2026-10-04 15:45:54.905793+0900 ResourceRunner[37361:52597706] [Invalid Configuration] Unable to render flattened version of PlatformViewRepresentableAdaptor<DashboardLowestAnchorCapture>.
2026-10-04 15:45:54.905913+0900 ResourceRunner[37361:52597706] [Invalid Configuration] Unable to render flattened version of PlatformViewRepresentableAdaptor<DashboardLowestAnchorCapture>.
2026-10-04 15:45:54.906380+0900 ResourceRunner[37361:52597706] [SwiftUI] Accessing FocusState's value outside of the body of a View. This will result in a constant Binding of the initial value and will not update.
2026-10-04 15:45:54.906497+0900 ResourceRunner[37361:52597706] [SwiftUI] Accessing FocusState's value outside of the body of a View. This will result in a constant Binding of the initial value and will not update.
2026-10-04 15:45:54.906576+0900 ResourceRunner[37361:52597706] [SwiftUI] Accessing FocusState's value outside of the body of a View. This will result in a constant Binding of the initial value and will not update.
2026-10-04 15:45:54.910332+0900 ResourceRunner[37361:52597706] [Invalid Configuration] Unable to render flattened version of PlatformViewRepresentableAdaptor<DashboardLowestAnchorCapture>.
2026-10-04 15:45:54.910465+0900 ResourceRunner[37361:52597706] [Invalid Configuration] Unable to render flattened version of PlatformViewRepresentableAdaptor<DashboardLowestAnchorCapture>.
2026-10-04 15:45:54.910565+0900 ResourceRunner[37361:52597706] [Invalid Configuration] Unable to render flattened version of PlatformViewRepresentableAdaptor<DashboardLowestAnchorCapture>.
2026-10-04 15:45:54.911129+0900 ResourceRunner[37361:52597706] [SwiftUI] Accessing FocusState's value outside of the body of a View. This will result in a constant Binding of the initial value and will not update.
2026-10-04 15:45:54.911223+0900 ResourceRunner[37361:52597706] [SwiftUI] Accessing FocusState's value outside of the body of a View. This will result in a constant Binding of the initial value and will not update.
2026-10-04 15:45:54.911301+0900 ResourceRunner[37361:52597706] [SwiftUI] Accessing FocusState's value outside of the body of a View. This will result in a constant Binding of the initial value and will not update.
2026-10-04 15:45:54.915144+0900 ResourceRunner[37361:52597706] [Invalid Configuration] Unable to render flattened version of PlatformViewRepresentableAdaptor<DashboardLowestAnchorCapture>.
2026-10-04 15:45:54.915267+0900 ResourceRunner[37361:52597706] [Invalid Configuration] Unable to render flattened version of PlatformViewRepresentableAdaptor<DashboardLowestAnchorCapture>.
2026-10-04 15:45:54.915371+0900 ResourceRunner[37361:52597706] [Invalid Configuration] Unable to render flattened version of PlatformViewRepresentableAdaptor<DashboardLowestAnchorCapture>.
2026-10-04 15:45:54.915909+0900 ResourceRunner[37361:52597706] [SwiftUI] Accessing FocusState's value outside of the body of a View. This will result in a constant Binding of the initial value and will not update.
2026-10-04 15:45:54.916022+0900 ResourceRunner[37361:52597706] [SwiftUI] Accessing FocusState's value outside of the body of a View. This will result in a constant Binding of the initial value and will not update.
2026-10-04 15:45:54.916095+0900 ResourceRunner[37361:52597706] [SwiftUI] Accessing FocusState's value outside of the body of a View. This will result in a constant Binding of the initial value and will not update.
2026-10-04 15:45:54.916165+0900 ResourceRunner[37361:52597706] [SwiftUI] Accessing FocusState's value outside of the body of a View. This will result in a constant Binding of the initial value and will not update.
2026-10-04 15:45:54.921351+0900 ResourceRunner[37361:52597706] [Invalid Configuration] Unable to render flattened version of PlatformViewRepresentableAdaptor<DashboardLowestAnchorCapture>.
2026-10-04 15:45:54.921486+0900 ResourceRunner[37361:52597706] [Invalid Configuration] Unable to render flattened version of PlatformViewRepresentableAdaptor<DashboardLowestAnchorCapture>.
2026-10-04 15:45:54.921589+0900 ResourceRunner[37361:52597706] [Invalid Configuration] Unable to render flattened version of PlatformViewRepresentableAdaptor<DashboardLowestAnchorCapture>.
2026-10-04 15:45:54.921689+0900 ResourceRunner[37361:52597706] [Invalid Configuration] Unable to render flattened version of PlatformViewRepresentableAdaptor<DashboardLowestAnchorCapture>.
2026-10-04 15:45:54.922361+0900 ResourceRunner[37361:52597706] [SwiftUI] Accessing FocusState's value outside of the body of a View. This will result in a constant Binding of the initial value and will not update.
2026-10-04 15:45:54.923637+0900 ResourceRunner[37361:52597706] [SwiftUI] Accessing FocusState's value outside of the body of a View. This will result in a constant Binding of the initial value and will not update.
2026-10-04 15:45:54.927327+0900 ResourceRunner[37361:52597706] [Invalid Configuration] Unable to render flattened version of PlatformViewRepresentableAdaptor<DashboardLowestAnchorCapture>.
2026-10-04 15:45:54.927848+0900 ResourceRunner[37361:52597706] [SwiftUI] Accessing FocusState's value outside of the body of a View. This will result in a constant Binding of the initial value and will not update.
2026-10-04 15:45:54.929622+0900 ResourceRunner[37361:52597706] [Invalid Configuration] Unable to render flattened version of PlatformViewRepresentableAdaptor<DashboardLowestAnchorCapture>.
2026-10-04 15:45:54.929956+0900 ResourceRunner[37361:52597706] [SwiftUI] Accessing FocusState's value outside of the body of a View. This will result in a constant Binding of the initial value and will not update.
2026-10-04 15:45:54.931812+0900 ResourceRunner[37361:52597706] [Invalid Configuration] Unable to render flattened version of PlatformViewRepresentableAdaptor<DashboardLowestAnchorCapture>.
2026-10-04 15:45:54.932278+0900 ResourceRunner[37361:52597706] [SwiftUI] Accessing FocusState's value outside of the body of a View. This will result in a constant Binding of the initial value and will not update.
2026-10-04 15:45:54.934103+0900 ResourceRunner[37361:52597706] [Invalid Configuration] Unable to render flattened version of PlatformViewRepresentableAdaptor<DashboardLowestAnchorCapture>.
2026-10-04 15:45:54.934577+0900 ResourceRunner[37361:52597706] [SwiftUI] Accessing FocusState's value outside of the body of a View. This will result in a constant Binding of the initial value and will not update.
2026-10-04 15:45:54.936027+0900 ResourceRunner[37361:52597706] [SwiftUI] Accessing FocusState's value outside of the body of a View. This will result in a constant Binding of the initial value and will not update.
2026-10-04 15:45:54.939538+0900 ResourceRunner[37361:52597706] [Invalid Configuration] Unable to render flattened version of PlatformViewRepresentableAdaptor<DashboardLowestAnchorCapture>.
2026-10-04 15:45:54.940112+0900 ResourceRunner[37361:52597706] [SwiftUI] Accessing FocusState's value outside of the body of a View. This will result in a constant Binding of the initial value and will not update.
2026-10-04 15:45:54.942115+0900 ResourceRunner[37361:52597706] [Invalid Configuration] Unable to render flattened version of PlatformViewRepresentableAdaptor<DashboardLowestAnchorCapture>.
2026-10-04 15:45:54.942487+0900 ResourceRunner[37361:52597706] [SwiftUI] Accessing FocusState's value outside of the body of a View. This will result in a constant Binding of the initial value and will not update.
2026-10-04 15:45:54.942614+0900 ResourceRunner[37361:52597706] [SwiftUI] Accessing FocusState's value outside of the body of a View. This will result in a constant Binding of the initial value and will not update.
2026-10-04 15:45:54.947196+0900 ResourceRunner[37361:52597706] [Invalid Configuration] Unable to render flattened version of PlatformViewRepresentableAdaptor<DashboardLowestAnchorCapture>.
2026-10-04 15:45:54.947377+0900 ResourceRunner[37361:52597706] [Invalid Configuration] Unable to render flattened version of PlatformViewRepresentableAdaptor<DashboardLowestAnchorCapture>.
2026-10-04 15:45:54.947897+0900 ResourceRunner[37361:52597706] [SwiftUI] Accessing FocusState's value outside of the body of a View. This will result in a constant Binding of the initial value and will not update.
2026-10-04 15:45:54.949478+0900 ResourceRunner[37361:52597706] [Invalid Configuration] Unable to render flattened version of PlatformViewRepresentableAdaptor<DashboardLowestAnchorCapture>.
2026-10-04 15:45:54.949830+0900 ResourceRunner[37361:52597706] [SwiftUI] Accessing FocusState's value outside of the body of a View. This will result in a constant Binding of the initial value and will not update.
2026-10-04 15:45:54.949943+0900 ResourceRunner[37361:52597706] [SwiftUI] Accessing FocusState's value outside of the body of a View. This will result in a constant Binding of the initial value and will not update.
2026-10-04 15:45:54.953974+0900 ResourceRunner[37361:52597706] [Invalid Configuration] Unable to render flattened version of PlatformViewRepresentableAdaptor<DashboardLowestAnchorCapture>.
2026-10-04 15:45:54.954150+0900 ResourceRunner[37361:52597706] [Invalid Configuration] Unable to render flattened version of PlatformViewRepresentableAdaptor<DashboardLowestAnchorCapture>.
2026-10-04 15:45:54.954685+0900 ResourceRunner[37361:52597706] [SwiftUI] Accessing FocusState's value outside of the body of a View. This will result in a constant Binding of the initial value and will not update.
2026-10-04 15:45:54.954790+0900 ResourceRunner[37361:52597706] [SwiftUI] Accessing FocusState's value outside of the body of a View. This will result in a constant Binding of the initial value and will not update.
2026-10-04 15:45:54.957611+0900 ResourceRunner[37361:52597706] [Invalid Configuration] Unable to render flattened version of PlatformViewRepresentableAdaptor<DashboardLowestAnchorCapture>.
2026-10-04 15:45:54.957737+0900 ResourceRunner[37361:52597706] [Invalid Configuration] Unable to render flattened version of PlatformViewRepresentableAdaptor<DashboardLowestAnchorCapture>.
2026-10-04 15:45:54.958172+0900 ResourceRunner[37361:52597706] [SwiftUI] Accessing FocusState's value outside of the body of a View. This will result in a constant Binding of the initial value and will not update.
2026-10-04 15:45:54.958289+0900 ResourceRunner[37361:52597706] [SwiftUI] Accessing FocusState's value outside of the body of a View. This will result in a constant Binding of the initial value and will not update.
2026-10-04 15:45:54.958373+0900 ResourceRunner[37361:52597706] [SwiftUI] Accessing FocusState's value outside of the body of a View. This will result in a constant Binding of the initial value and will not update.
2026-10-04 15:45:54.963598+0900 ResourceRunner[37361:52597706] [Invalid Configuration] Unable to render flattened version of PlatformViewRepresentableAdaptor<DashboardLowestAnchorCapture>.
2026-10-04 15:45:54.963765+0900 ResourceRunner[37361:52597706] [Invalid Configuration] Unable to render flattened version of PlatformViewRepresentableAdaptor<DashboardLowestAnchorCapture>.
2026-10-04 15:45:54.963863+0900 ResourceRunner[37361:52597706] [Invalid Configuration] Unable to render flattened version of PlatformViewRepresentableAdaptor<DashboardLowestAnchorCapture>.
2026-10-04 15:45:54.964463+0900 ResourceRunner[37361:52597706] [SwiftUI] Accessing FocusState's value outside of the body of a View. This will result in a constant Binding of the initial value and will not update.
2026-10-04 15:45:54.966108+0900 ResourceRunner[37361:52597706] [Invalid Configuration] Unable to render flattened version of PlatformViewRepresentableAdaptor<DashboardLowestAnchorCapture>.
2026-10-04 15:45:54.966519+0900 ResourceRunner[37361:52597706] [SwiftUI] Accessing FocusState's value outside of the body of a View. This will result in a constant Binding of the initial value and will not update.
2026-10-04 15:45:54.966631+0900 ResourceRunner[37361:52597706] [SwiftUI] Accessing FocusState's value outside of the body of a View. This will result in a constant Binding of the initial value and will not update.
2026-10-04 15:45:54.970684+0900 ResourceRunner[37361:52597706] [Invalid Configuration] Unable to render flattened version of PlatformViewRepresentableAdaptor<DashboardLowestAnchorCapture>.
2026-10-04 15:45:54.970845+0900 ResourceRunner[37361:52597706] [Invalid Configuration] Unable to render flattened version of PlatformViewRepresentableAdaptor<DashboardLowestAnchorCapture>.
2026-10-04 15:45:54.971450+0900 ResourceRunner[37361:52597706] [SwiftUI] Accessing FocusState's value outside of the body of a View. This will result in a constant Binding of the initial value and will not update.
2026-10-04 15:45:54.971555+0900 ResourceRunner[37361:52597706] [SwiftUI] Accessing FocusState's value outside of the body of a View. This will result in a constant Binding of the initial value and will not update.
2026-10-04 15:45:54.974437+0900 ResourceRunner[37361:52597706] [Invalid Configuration] Unable to render flattened version of PlatformViewRepresentableAdaptor<DashboardLowestAnchorCapture>.
2026-10-04 15:45:54.974566+0900 ResourceRunner[37361:52597706] [Invalid Configuration] Unable to render flattened version of PlatformViewRepresentableAdaptor<DashboardLowestAnchorCapture>.
2026-10-04 15:45:54.975039+0900 ResourceRunner[37361:52597706] [SwiftUI] Accessing FocusState's value outside of the body of a View. This will result in a constant Binding of the initial value and will not update.
2026-10-04 15:45:54.975156+0900 ResourceRunner[37361:52597706] [SwiftUI] Accessing FocusState's value outside of the body of a View. This will result in a constant Binding of the initial value and will not update.
2026-10-04 15:45:54.975238+0900 ResourceRunner[37361:52597706] [SwiftUI] Accessing FocusState's value outside of the body of a View. This will result in a constant Binding of the initial value and will not update.
2026-10-04 15:45:54.980528+0900 ResourceRunner[37361:52597706] [Invalid Configuration] Unable to render flattened version of PlatformViewRepresentableAdaptor<DashboardLowestAnchorCapture>.
2026-10-04 15:45:54.980699+0900 ResourceRunner[37361:52597706] [Invalid Configuration] Unable to render flattened version of PlatformViewRepresentableAdaptor<DashboardLowestAnchorCapture>.
2026-10-04 15:45:54.980792+0900 ResourceRunner[37361:52597706] [Invalid Configuration] Unable to render flattened version of PlatformViewRepresentableAdaptor<DashboardLowestAnchorCapture>.
2026-10-04 15:45:54.981458+0900 ResourceRunner[37361:52597706] [SwiftUI] Accessing FocusState's value outside of the body of a View. This will result in a constant Binding of the initial value and will not update.
2026-10-04 15:45:54.981563+0900 ResourceRunner[37361:52597706] [SwiftUI] Accessing FocusState's value outside of the body of a View. This will result in a constant Binding of the initial value and will not update.
2026-10-04 15:45:54.984082+0900 ResourceRunner[37361:52597706] [Invalid Configuration] Unable to render flattened version of PlatformViewRepresentableAdaptor<DashboardLowestAnchorCapture>.
2026-10-04 15:45:54.984200+0900 ResourceRunner[37361:52597706] [Invalid Configuration] Unable to render flattened version of PlatformViewRepresentableAdaptor<DashboardLowestAnchorCapture>.
2026-10-04 15:45:54.984666+0900 ResourceRunner[37361:52597706] [SwiftUI] Accessing FocusState's value outside of the body of a View. This will result in a constant Binding of the initial value and will not update.
2026-10-04 15:45:54.984770+0900 ResourceRunner[37361:52597706] [SwiftUI] Accessing FocusState's value outside of the body of a View. This will result in a constant Binding of the initial value and will not update.
2026-10-04 15:45:54.984847+0900 ResourceRunner[37361:52597706] [SwiftUI] Accessing FocusState's value outside of the body of a View. This will result in a constant Binding of the initial value and will not update.
2026-10-04 15:45:54.989677+0900 ResourceRunner[37361:52597706] [Invalid Configuration] Unable to render flattened version of PlatformViewRepresentableAdaptor<DashboardLowestAnchorCapture>.
2026-10-04 15:45:54.989841+0900 ResourceRunner[37361:52597706] [Invalid Configuration] Unable to render flattened version of PlatformViewRepresentableAdaptor<DashboardLowestAnchorCapture>.
2026-10-04 15:45:54.989946+0900 ResourceRunner[37361:52597706] [Invalid Configuration] Unable to render flattened version of PlatformViewRepresentableAdaptor<DashboardLowestAnchorCapture>.
2026-10-04 15:45:54.990605+0900 ResourceRunner[37361:52597706] [SwiftUI] Accessing FocusState's value outside of the body of a View. This will result in a constant Binding of the initial value and will not update.
2026-10-04 15:45:54.990702+0900 ResourceRunner[37361:52597706] [SwiftUI] Accessing FocusState's value outside of the body of a View. This will result in a constant Binding of the initial value and will not update.
2026-10-04 15:45:54.990787+0900 ResourceRunner[37361:52597706] [SwiftUI] Accessing FocusState's value outside of the body of a View. This will result in a constant Binding of the initial value and will not update.
2026-10-04 15:45:54.994746+0900 ResourceRunner[37361:52597706] [Invalid Configuration] Unable to render flattened version of PlatformViewRepresentableAdaptor<DashboardLowestAnchorCapture>.
2026-10-04 15:45:54.994870+0900 ResourceRunner[37361:52597706] [Invalid Configuration] Unable to render flattened version of PlatformViewRepresentableAdaptor<DashboardLowestAnchorCapture>.
2026-10-04 15:45:54.994973+0900 ResourceRunner[37361:52597706] [Invalid Configuration] Unable to render flattened version of PlatformViewRepresentableAdaptor<DashboardLowestAnchorCapture>.
2026-10-04 15:45:54.995523+0900 ResourceRunner[37361:52597706] [SwiftUI] Accessing FocusState's value outside of the body of a View. This will result in a constant Binding of the initial value and will not update.
2026-10-04 15:45:54.995634+0900 ResourceRunner[37361:52597706] [SwiftUI] Accessing FocusState's value outside of the body of a View. This will result in a constant Binding of the initial value and will not update.
2026-10-04 15:45:54.995707+0900 ResourceRunner[37361:52597706] [SwiftUI] Accessing FocusState's value outside of the body of a View. This will result in a constant Binding of the initial value and will not update.
2026-10-04 15:45:54.995776+0900 ResourceRunner[37361:52597706] [SwiftUI] Accessing FocusState's value outside of the body of a View. This will result in a constant Binding of the initial value and will not update.
2026-10-04 15:45:55.002354+0900 ResourceRunner[37361:52597706] [Invalid Configuration] Unable to render flattened version of PlatformViewRepresentableAdaptor<DashboardLowestAnchorCapture>.
2026-10-04 15:45:55.002532+0900 ResourceRunner[37361:52597706] [Invalid Configuration] Unable to render flattened version of PlatformViewRepresentableAdaptor<DashboardLowestAnchorCapture>.
2026-10-04 15:45:55.002628+0900 ResourceRunner[37361:52597706] [Invalid Configuration] Unable to render flattened version of PlatformViewRepresentableAdaptor<DashboardLowestAnchorCapture>.
2026-10-04 15:45:55.002728+0900 ResourceRunner[37361:52597706] [Invalid Configuration] Unable to render flattened version of PlatformViewRepresentableAdaptor<DashboardLowestAnchorCapture>.
2026-10-04 15:45:55.003472+0900 ResourceRunner[37361:52597706] [SwiftUI] Accessing FocusState's value outside of the body of a View. This will result in a constant Binding of the initial value and will not update.
2026-10-04 15:45:55.004815+0900 ResourceRunner[37361:52597706] [SwiftUI] Accessing FocusState's value outside of the body of a View. This will result in a constant Binding of the initial value and will not update.
2026-10-04 15:45:55.006762+0900 ResourceRunner[37361:52597706] [Invalid Configuration] Unable to render flattened version of PlatformViewRepresentableAdaptor<DashboardLowestAnchorCapture>.
2026-10-04 15:45:55.007129+0900 ResourceRunner[37361:52597706] [SwiftUI] Accessing FocusState's value outside of the body of a View. This will result in a constant Binding of the initial value and will not update.
2026-10-04 15:45:55.010053+0900 ResourceRunner[37361:52597706] [Invalid Configuration] Unable to render flattened version of PlatformViewRepresentableAdaptor<DashboardLowestAnchorCapture>.
2026-10-04 15:45:55.010503+0900 ResourceRunner[37361:52597706] [SwiftUI] Accessing FocusState's value outside of the body of a View. This will result in a constant Binding of the initial value and will not update.
2026-10-04 15:45:55.011868+0900 ResourceRunner[37361:52597706] [Invalid Configuration] Unable to render flattened version of PlatformViewRepresentableAdaptor<DashboardLowestAnchorCapture>.
2026-10-04 15:45:55.012206+0900 ResourceRunner[37361:52597706] [SwiftUI] Accessing FocusState's value outside of the body of a View. This will result in a constant Binding of the initial value and will not update.
2026-10-04 15:45:55.013737+0900 ResourceRunner[37361:52597706] [Invalid Configuration] Unable to render flattened version of PlatformViewRepresentableAdaptor<DashboardLowestAnchorCapture>.
2026-10-04 15:45:55.014138+0900 ResourceRunner[37361:52597706] [SwiftUI] Accessing FocusState's value outside of the body of a View. This will result in a constant Binding of the initial value and will not update.
2026-10-04 15:45:55.015340+0900 ResourceRunner[37361:52597706] [SwiftUI] Accessing FocusState's value outside of the body of a View. This will result in a constant Binding of the initial value and will not update.
2026-10-04 15:45:55.017181+0900 ResourceRunner[37361:52597706] [Invalid Configuration] Unable to render flattened version of PlatformViewRepresentableAdaptor<DashboardLowestAnchorCapture>.
2026-10-04 15:45:55.017558+0900 ResourceRunner[37361:52597706] [SwiftUI] Accessing FocusState's value outside of the body of a View. This will result in a constant Binding of the initial value and will not update.
2026-10-04 15:45:55.020306+0900 ResourceRunner[37361:52597706] [Invalid Configuration] Unable to render flattened version of PlatformViewRepresentableAdaptor<DashboardLowestAnchorCapture>.
2026-10-04 15:45:55.020773+0900 ResourceRunner[37361:52597706] [SwiftUI] Accessing FocusState's value outside of the body of a View. This will result in a constant Binding of the initial value and will not update.
2026-10-04 15:45:55.020881+0900 ResourceRunner[37361:52597706] [SwiftUI] Accessing FocusState's value outside of the body of a View. This will result in a constant Binding of the initial value and will not update.
2026-10-04 15:45:55.025272+0900 ResourceRunner[37361:52597706] [Invalid Configuration] Unable to render flattened version of PlatformViewRepresentableAdaptor<DashboardLowestAnchorCapture>.
2026-10-04 15:45:55.025405+0900 ResourceRunner[37361:52597706] [Invalid Configuration] Unable to render flattened version of PlatformViewRepresentableAdaptor<DashboardLowestAnchorCapture>.
2026-10-04 15:45:55.025944+0900 ResourceRunner[37361:52597706] [SwiftUI] Accessing FocusState's value outside of the body of a View. This will result in a constant Binding of the initial value and will not update.
2026-10-04 15:45:55.027377+0900 ResourceRunner[37361:52597706] [Invalid Configuration] Unable to render flattened version of PlatformViewRepresentableAdaptor<DashboardLowestAnchorCapture>.
2026-10-04 15:45:55.027704+0900 ResourceRunner[37361:52597706] [SwiftUI] Accessing FocusState's value outside of the body of a View. This will result in a constant Binding of the initial value and will not update.
2026-10-04 15:45:55.027810+0900 ResourceRunner[37361:52597706] [SwiftUI] Accessing FocusState's value outside of the body of a View. This will result in a constant Binding of the initial value and will not update.
2026-10-04 15:45:55.030662+0900 ResourceRunner[37361:52597706] [Invalid Configuration] Unable to render flattened version of PlatformViewRepresentableAdaptor<DashboardLowestAnchorCapture>.
2026-10-04 15:45:55.030789+0900 ResourceRunner[37361:52597706] [Invalid Configuration] Unable to render flattened version of PlatformViewRepresentableAdaptor<DashboardLowestAnchorCapture>.
2026-10-04 15:45:55.031225+0900 ResourceRunner[37361:52597706] [SwiftUI] Accessing FocusState's value outside of the body of a View. This will result in a constant Binding of the initial value and will not update.
2026-10-04 15:45:55.031320+0900 ResourceRunner[37361:52597706] [SwiftUI] Accessing FocusState's value outside of the body of a View. This will result in a constant Binding of the initial value and will not update.
2026-10-04 15:45:55.035205+0900 ResourceRunner[37361:52597706] [Invalid Configuration] Unable to render flattened version of PlatformViewRepresentableAdaptor<DashboardLowestAnchorCapture>.
2026-10-04 15:45:55.035359+0900 ResourceRunner[37361:52597706] [Invalid Configuration] Unable to render flattened version of PlatformViewRepresentableAdaptor<DashboardLowestAnchorCapture>.
2026-10-04 15:45:55.035839+0900 ResourceRunner[37361:52597706] [SwiftUI] Accessing FocusState's value outside of the body of a View. This will result in a constant Binding of the initial value and will not update.
2026-10-04 15:45:55.035954+0900 ResourceRunner[37361:52597706] [SwiftUI] Accessing FocusState's value outside of the body of a View. This will result in a constant Binding of the initial value and will not update.
2026-10-04 15:45:55.036021+0900 ResourceRunner[37361:52597706] [SwiftUI] Accessing FocusState's value outside of the body of a View. This will result in a constant Binding of the initial value and will not update.
2026-10-04 15:45:55.040998+0900 ResourceRunner[37361:52597706] [Invalid Configuration] Unable to render flattened version of PlatformViewRepresentableAdaptor<DashboardLowestAnchorCapture>.
2026-10-04 15:45:55.041133+0900 ResourceRunner[37361:52597706] [Invalid Configuration] Unable to render flattened version of PlatformViewRepresentableAdaptor<DashboardLowestAnchorCapture>.
2026-10-04 15:45:55.041257+0900 ResourceRunner[37361:52597706] [Invalid Configuration] Unable to render flattened version of PlatformViewRepresentableAdaptor<DashboardLowestAnchorCapture>.
2026-10-04 15:45:55.041862+0900 ResourceRunner[37361:52597706] [SwiftUI] Accessing FocusState's value outside of the body of a View. This will result in a constant Binding of the initial value and will not update.
2026-10-04 15:45:55.043567+0900 ResourceRunner[37361:52597706] [Invalid Configuration] Unable to render flattened version of PlatformViewRepresentableAdaptor<DashboardLowestAnchorCapture>.
2026-10-04 15:45:55.043994+0900 ResourceRunner[37361:52597706] [SwiftUI] Accessing FocusState's value outside of the body of a View. This will result in a constant Binding of the initial value and will not update.
2026-10-04 15:45:55.044110+0900 ResourceRunner[37361:52597706] [SwiftUI] Accessing FocusState's value outside of the body of a View. This will result in a constant Binding of the initial value and will not update.
2026-10-04 15:45:55.047190+0900 ResourceRunner[37361:52597706] [Invalid Configuration] Unable to render flattened version of PlatformViewRepresentableAdaptor<DashboardLowestAnchorCapture>.
2026-10-04 15:45:55.047333+0900 ResourceRunner[37361:52597706] [Invalid Configuration] Unable to render flattened version of PlatformViewRepresentableAdaptor<DashboardLowestAnchorCapture>.
2026-10-04 15:45:55.047888+0900 ResourceRunner[37361:52597706] [SwiftUI] Accessing FocusState's value outside of the body of a View. This will result in a constant Binding of the initial value and will not update.
2026-10-04 15:45:55.047995+0900 ResourceRunner[37361:52597706] [SwiftUI] Accessing FocusState's value outside of the body of a View. This will result in a constant Binding of the initial value and will not update.
2026-10-04 15:45:55.052152+0900 ResourceRunner[37361:52597706] [Invalid Configuration] Unable to render flattened version of PlatformViewRepresentableAdaptor<DashboardLowestAnchorCapture>.
2026-10-04 15:45:55.052312+0900 ResourceRunner[37361:52597706] [Invalid Configuration] Unable to render flattened version of PlatformViewRepresentableAdaptor<DashboardLowestAnchorCapture>.
2026-10-04 15:45:55.052878+0900 ResourceRunner[37361:52597706] [SwiftUI] Accessing FocusState's value outside of the body of a View. This will result in a constant Binding of the initial value and will not update.
2026-10-04 15:45:55.052996+0900 ResourceRunner[37361:52597706] [SwiftUI] Accessing FocusState's value outside of the body of a View. This will result in a constant Binding of the initial value and will not update.
2026-10-04 15:45:55.053067+0900 ResourceRunner[37361:52597706] [SwiftUI] Accessing FocusState's value outside of the body of a View. This will result in a constant Binding of the initial value and will not update.
2026-10-04 15:45:55.058302+0900 ResourceRunner[37361:52597706] [Invalid Configuration] Unable to render flattened version of PlatformViewRepresentableAdaptor<DashboardLowestAnchorCapture>.
2026-10-04 15:45:55.058442+0900 ResourceRunner[37361:52597706] [Invalid Configuration] Unable to render flattened version of PlatformViewRepresentableAdaptor<DashboardLowestAnchorCapture>.
2026-10-04 15:45:55.058570+0900 ResourceRunner[37361:52597706] [Invalid Configuration] Unable to render flattened version of PlatformViewRepresentableAdaptor<DashboardLowestAnchorCapture>.
2026-10-04 15:45:55.059285+0900 ResourceRunner[37361:52597706] [SwiftUI] Accessing FocusState's value outside of the body of a View. This will result in a constant Binding of the initial value and will not update.
2026-10-04 15:45:55.059401+0900 ResourceRunner[37361:52597706] [SwiftUI] Accessing FocusState's value outside of the body of a View. This will result in a constant Binding of the initial value and will not update.
2026-10-04 15:45:55.061962+0900 ResourceRunner[37361:52597706] [Invalid Configuration] Unable to render flattened version of PlatformViewRepresentableAdaptor<DashboardLowestAnchorCapture>.
2026-10-04 15:45:55.062094+0900 ResourceRunner[37361:52597706] [Invalid Configuration] Unable to render flattened version of PlatformViewRepresentableAdaptor<DashboardLowestAnchorCapture>.
2026-10-04 15:45:55.062576+0900 ResourceRunner[37361:52597706] [SwiftUI] Accessing FocusState's value outside of the body of a View. This will result in a constant Binding of the initial value and will not update.
2026-10-04 15:45:55.062693+0900 ResourceRunner[37361:52597706] [SwiftUI] Accessing FocusState's value outside of the body of a View. This will result in a constant Binding of the initial value and will not update.
2026-10-04 15:45:55.062771+0900 ResourceRunner[37361:52597706] [SwiftUI] Accessing FocusState's value outside of the body of a View. This will result in a constant Binding of the initial value and will not update.
2026-10-04 15:45:55.066550+0900 ResourceRunner[37361:52597706] [Invalid Configuration] Unable to render flattened version of PlatformViewRepresentableAdaptor<DashboardLowestAnchorCapture>.
2026-10-04 15:45:55.066682+0900 ResourceRunner[37361:52597706] [Invalid Configuration] Unable to render flattened version of PlatformViewRepresentableAdaptor<DashboardLowestAnchorCapture>.
2026-10-04 15:45:55.066781+0900 ResourceRunner[37361:52597706] [Invalid Configuration] Unable to render flattened version of PlatformViewRepresentableAdaptor<DashboardLowestAnchorCapture>.
2026-10-04 15:45:55.067392+0900 ResourceRunner[37361:52597706] [SwiftUI] Accessing FocusState's value outside of the body of a View. This will result in a constant Binding of the initial value and will not update.
2026-10-04 15:45:55.067547+0900 ResourceRunner[37361:52597706] [SwiftUI] Accessing FocusState's value outside of the body of a View. This will result in a constant Binding of the initial value and will not update.
2026-10-04 15:45:55.067644+0900 ResourceRunner[37361:52597706] [SwiftUI] Accessing FocusState's value outside of the body of a View. This will result in a constant Binding of the initial value and will not update.
2026-10-04 15:45:55.073894+0900 ResourceRunner[37361:52597706] [Invalid Configuration] Unable to render flattened version of PlatformViewRepresentableAdaptor<DashboardLowestAnchorCapture>.
2026-10-04 15:45:55.074098+0900 ResourceRunner[37361:52597706] [Invalid Configuration] Unable to render flattened version of PlatformViewRepresentableAdaptor<DashboardLowestAnchorCapture>.
2026-10-04 15:45:55.074207+0900 ResourceRunner[37361:52597706] [Invalid Configuration] Unable to render flattened version of PlatformViewRepresentableAdaptor<DashboardLowestAnchorCapture>.
2026-10-04 15:45:55.092846+0900 ResourceRunner[37361:52597706] [SwiftUI] Accessing FocusState's value outside of the body of a View. This will result in a constant Binding of the initial value and will not update.
2026-10-04 15:45:55.093057+0900 ResourceRunner[37361:52597706] [SwiftUI] Accessing FocusState's value outside of the body of a View. This will result in a constant Binding of the initial value and will not update.
2026-10-04 15:45:55.093145+0900 ResourceRunner[37361:52597706] [SwiftUI] Accessing FocusState's value outside of the body of a View. This will result in a constant Binding of the initial value and will not update.
2026-10-04 15:45:55.093249+0900 ResourceRunner[37361:52597706] [SwiftUI] Accessing FocusState's value outside of the body of a View. This will result in a constant Binding of the initial value and will not update.
2026-10-04 15:45:55.101183+0900 ResourceRunner[37361:52597706] [Invalid Configuration] Unable to render flattened version of PlatformViewRepresentableAdaptor<DashboardLowestAnchorCapture>.
2026-10-04 15:45:55.101369+0900 ResourceRunner[37361:52597706] [Invalid Configuration] Unable to render flattened version of PlatformViewRepresentableAdaptor<DashboardLowestAnchorCapture>.
2026-10-04 15:45:55.101528+0900 ResourceRunner[37361:52597706] [Invalid Configuration] Unable to render flattened version of PlatformViewRepresentableAdaptor<DashboardLowestAnchorCapture>.
2026-10-04 15:45:55.101653+0900 ResourceRunner[37361:52597706] [Invalid Configuration] Unable to render flattened version of PlatformViewRepresentableAdaptor<DashboardLowestAnchorCapture>.
2026-10-04 15:45:55.102569+0900 ResourceRunner[37361:52597706] [SwiftUI] Accessing FocusState's value outside of the body of a View. This will result in a constant Binding of the initial value and will not update.
2026-10-04 15:45:55.104055+0900 ResourceRunner[37361:52597706] [SwiftUI] Accessing FocusState's value outside of the body of a View. This will result in a constant Binding of the initial value and will not update.
2026-10-04 15:45:55.107680+0900 ResourceRunner[37361:52597706] [Invalid Configuration] Unable to render flattened version of PlatformViewRepresentableAdaptor<DashboardLowestAnchorCapture>.
2026-10-04 15:45:55.108287+0900 ResourceRunner[37361:52597706] [SwiftUI] Accessing FocusState's value outside of the body of a View. This will result in a constant Binding of the initial value and will not update.
2026-10-04 15:45:55.111826+0900 ResourceRunner[37361:52597706] [Invalid Configuration] Unable to render flattened version of PlatformViewRepresentableAdaptor<DashboardLowestAnchorCapture>.
2026-10-04 15:45:55.112418+0900 ResourceRunner[37361:52597706] [SwiftUI] Accessing FocusState's value outside of the body of a View. This will result in a constant Binding of the initial value and will not update.
2026-10-04 15:45:55.114103+0900 ResourceRunner[37361:52597706] [Invalid Configuration] Unable to render flattened version of PlatformViewRepresentableAdaptor<DashboardLowestAnchorCapture>.
2026-10-04 15:45:55.114531+0900 ResourceRunner[37361:52597706] [SwiftUI] Accessing FocusState's value outside of the body of a View. This will result in a constant Binding of the initial value and will not update.
2026-10-04 15:45:55.116705+0900 ResourceRunner[37361:52597706] [Invalid Configuration] Unable to render flattened version of PlatformViewRepresentableAdaptor<DashboardLowestAnchorCapture>.
2026-10-04 15:45:55.117266+0900 ResourceRunner[37361:52597706] [SwiftUI] Accessing FocusState's value outside of the body of a View. This will result in a constant Binding of the initial value and will not update.
2026-10-04 15:45:55.118843+0900 ResourceRunner[37361:52597706] [SwiftUI] Accessing FocusState's value outside of the body of a View. This will result in a constant Binding of the initial value and will not update.
2026-10-04 15:45:55.122254+0900 ResourceRunner[37361:52597706] [Invalid Configuration] Unable to render flattened version of PlatformViewRepresentableAdaptor<DashboardLowestAnchorCapture>.
2026-10-04 15:45:55.122852+0900 ResourceRunner[37361:52597706] [SwiftUI] Accessing FocusState's value outside of the body of a View. This will result in a constant Binding of the initial value and will not update.
2026-10-04 15:45:55.125817+0900 ResourceRunner[37361:52597706] [Invalid Configuration] Unable to render flattened version of PlatformViewRepresentableAdaptor<DashboardLowestAnchorCapture>.
2026-10-04 15:45:55.126317+0900 ResourceRunner[37361:52597706] [SwiftUI] Accessing FocusState's value outside of the body of a View. This will result in a constant Binding of the initial value and will not update.
2026-10-04 15:45:55.126438+0900 ResourceRunner[37361:52597706] [SwiftUI] Accessing FocusState's value outside of the body of a View. This will result in a constant Binding of the initial value and will not update.
2026-10-04 15:45:55.132537+0900 ResourceRunner[37361:52597706] [Invalid Configuration] Unable to render flattened version of PlatformViewRepresentableAdaptor<DashboardLowestAnchorCapture>.
2026-10-04 15:45:55.132728+0900 ResourceRunner[37361:52597706] [Invalid Configuration] Unable to render flattened version of PlatformViewRepresentableAdaptor<DashboardLowestAnchorCapture>.
2026-10-04 15:45:55.133467+0900 ResourceRunner[37361:52597706] [SwiftUI] Accessing FocusState's value outside of the body of a View. This will result in a constant Binding of the initial value and will not update.
2026-10-04 15:45:55.135204+0900 ResourceRunner[37361:52597706] [Invalid Configuration] Unable to render flattened version of PlatformViewRepresentableAdaptor<DashboardLowestAnchorCapture>.
2026-10-04 15:45:55.135642+0900 ResourceRunner[37361:52597706] [SwiftUI] Accessing FocusState's value outside of the body of a View. This will result in a constant Binding of the initial value and will not update.
2026-10-04 15:45:55.135760+0900 ResourceRunner[37361:52597706] [SwiftUI] Accessing FocusState's value outside of the body of a View. This will result in a constant Binding of the initial value and will not update.
2026-10-04 15:45:55.140254+0900 ResourceRunner[37361:52597706] [Invalid Configuration] Unable to render flattened version of PlatformViewRepresentableAdaptor<DashboardLowestAnchorCapture>.
2026-10-04 15:45:55.140438+0900 ResourceRunner[37361:52597706] [Invalid Configuration] Unable to render flattened version of PlatformViewRepresentableAdaptor<DashboardLowestAnchorCapture>.
2026-10-04 15:45:55.140990+0900 ResourceRunner[37361:52597706] [SwiftUI] Accessing FocusState's value outside of the body of a View. This will result in a constant Binding of the initial value and will not update.
2026-10-04 15:45:55.141090+0900 ResourceRunner[37361:52597706] [SwiftUI] Accessing FocusState's value outside of the body of a View. This will result in a constant Binding of the initial value and will not update.
2026-10-04 15:45:55.145073+0900 ResourceRunner[37361:52597706] [Invalid Configuration] Unable to render flattened version of PlatformViewRepresentableAdaptor<DashboardLowestAnchorCapture>.
2026-10-04 15:45:55.145324+0900 ResourceRunner[37361:52597706] [Invalid Configuration] Unable to render flattened version of PlatformViewRepresentableAdaptor<DashboardLowestAnchorCapture>.
2026-10-04 15:45:55.146160+0900 ResourceRunner[37361:52597706] [SwiftUI] Accessing FocusState's value outside of the body of a View. This will result in a constant Binding of the initial value and will not update.
2026-10-04 15:45:55.146336+0900 ResourceRunner[37361:52597706] [SwiftUI] Accessing FocusState's value outside of the body of a View. This will result in a constant Binding of the initial value and will not update.
2026-10-04 15:45:55.146429+0900 ResourceRunner[37361:52597706] [SwiftUI] Accessing FocusState's value outside of the body of a View. This will result in a constant Binding of the initial value and will not update.
2026-10-04 15:45:55.154472+0900 ResourceRunner[37361:52597706] [Invalid Configuration] Unable to render flattened version of PlatformViewRepresentableAdaptor<DashboardLowestAnchorCapture>.
2026-10-04 15:45:55.154677+0900 ResourceRunner[37361:52597706] [Invalid Configuration] Unable to render flattened version of PlatformViewRepresentableAdaptor<DashboardLowestAnchorCapture>.
2026-10-04 15:45:55.154811+0900 ResourceRunner[37361:52597706] [Invalid Configuration] Unable to render flattened version of PlatformViewRepresentableAdaptor<DashboardLowestAnchorCapture>.
2026-10-04 15:45:55.155632+0900 ResourceRunner[37361:52597706] [SwiftUI] Accessing FocusState's value outside of the body of a View. This will result in a constant Binding of the initial value and will not update.
2026-10-04 15:45:55.157630+0900 ResourceRunner[37361:52597706] [Invalid Configuration] Unable to render flattened version of PlatformViewRepresentableAdaptor<DashboardLowestAnchorCapture>.
2026-10-04 15:45:55.158171+0900 ResourceRunner[37361:52597706] [SwiftUI] Accessing FocusState's value outside of the body of a View. This will result in a constant Binding of the initial value and will not update.
2026-10-04 15:45:55.158298+0900 ResourceRunner[37361:52597706] [SwiftUI] Accessing FocusState's value outside of the body of a View. This will result in a constant Binding of the initial value and will not update.
2026-10-04 15:45:55.162698+0900 ResourceRunner[37361:52597706] [Invalid Configuration] Unable to render flattened version of PlatformViewRepresentableAdaptor<DashboardLowestAnchorCapture>.
2026-10-04 15:45:55.162890+0900 ResourceRunner[37361:52597706] [Invalid Configuration] Unable to render flattened version of PlatformViewRepresentableAdaptor<DashboardLowestAnchorCapture>.
2026-10-04 15:45:55.163559+0900 ResourceRunner[37361:52597706] [SwiftUI] Accessing FocusState's value outside of the body of a View. This will result in a constant Binding of the initial value and will not update.
2026-10-04 15:45:55.163668+0900 ResourceRunner[37361:52597706] [SwiftUI] Accessing FocusState's value outside of the body of a View. This will result in a constant Binding of the initial value and will not update.
2026-10-04 15:45:55.168511+0900 ResourceRunner[37361:52597706] [Invalid Configuration] Unable to render flattened version of PlatformViewRepresentableAdaptor<DashboardLowestAnchorCapture>.
2026-10-04 15:45:55.168692+0900 ResourceRunner[37361:52597706] [Invalid Configuration] Unable to render flattened version of PlatformViewRepresentableAdaptor<DashboardLowestAnchorCapture>.
2026-10-04 15:45:55.169357+0900 ResourceRunner[37361:52597706] [SwiftUI] Accessing FocusState's value outside of the body of a View. This will result in a constant Binding of the initial value and will not update.
2026-10-04 15:45:55.169484+0900 ResourceRunner[37361:52597706] [SwiftUI] Accessing FocusState's value outside of the body of a View. This will result in a constant Binding of the initial value and will not update.
2026-10-04 15:45:55.169571+0900 ResourceRunner[37361:52597706] [SwiftUI] Accessing FocusState's value outside of the body of a View. This will result in a constant Binding of the initial value and will not update.
2026-10-04 15:45:55.176819+0900 ResourceRunner[37361:52597706] [Invalid Configuration] Unable to render flattened version of PlatformViewRepresentableAdaptor<DashboardLowestAnchorCapture>.
2026-10-04 15:45:55.177026+0900 ResourceRunner[37361:52597706] [Invalid Configuration] Unable to render flattened version of PlatformViewRepresentableAdaptor<DashboardLowestAnchorCapture>.
2026-10-04 15:45:55.177171+0900 ResourceRunner[37361:52597706] [Invalid Configuration] Unable to render flattened version of PlatformViewRepresentableAdaptor<DashboardLowestAnchorCapture>.
2026-10-04 15:45:55.178022+0900 ResourceRunner[37361:52597706] [SwiftUI] Accessing FocusState's value outside of the body of a View. This will result in a constant Binding of the initial value and will not update.
2026-10-04 15:45:55.178139+0900 ResourceRunner[37361:52597706] [SwiftUI] Accessing FocusState's value outside of the body of a View. This will result in a constant Binding of the initial value and will not update.
2026-10-04 15:45:55.181073+0900 ResourceRunner[37361:52597706] [Invalid Configuration] Unable to render flattened version of PlatformViewRepresentableAdaptor<DashboardLowestAnchorCapture>.
2026-10-04 15:45:55.181228+0900 ResourceRunner[37361:52597706] [Invalid Configuration] Unable to render flattened version of PlatformViewRepresentableAdaptor<DashboardLowestAnchorCapture>.
2026-10-04 15:45:55.181829+0900 ResourceRunner[37361:52597706] [SwiftUI] Accessing FocusState's value outside of the body of a View. This will result in a constant Binding of the initial value and will not update.
2026-10-04 15:45:55.181972+0900 ResourceRunner[37361:52597706] [SwiftUI] Accessing FocusState's value outside of the body of a View. This will result in a constant Binding of the initial value and will not update.
2026-10-04 15:45:55.182062+0900 ResourceRunner[37361:52597706] [SwiftUI] Accessing FocusState's value outside of the body of a View. This will result in a constant Binding of the initial value and will not update.
2026-10-04 15:45:55.187397+0900 ResourceRunner[37361:52597706] [Invalid Configuration] Unable to render flattened version of PlatformViewRepresentableAdaptor<DashboardLowestAnchorCapture>.
2026-10-04 15:45:55.187583+0900 ResourceRunner[37361:52597706] [Invalid Configuration] Unable to render flattened version of PlatformViewRepresentableAdaptor<DashboardLowestAnchorCapture>.
2026-10-04 15:45:55.187700+0900 ResourceRunner[37361:52597706] [Invalid Configuration] Unable to render flattened version of PlatformViewRepresentableAdaptor<DashboardLowestAnchorCapture>.
2026-10-04 15:45:55.188454+0900 ResourceRunner[37361:52597706] [SwiftUI] Accessing FocusState's value outside of the body of a View. This will result in a constant Binding of the initial value and will not update.
2026-10-04 15:45:55.188571+0900 ResourceRunner[37361:52597706] [SwiftUI] Accessing FocusState's value outside of the body of a View. This will result in a constant Binding of the initial value and will not update.
2026-10-04 15:45:55.188660+0900 ResourceRunner[37361:52597706] [SwiftUI] Accessing FocusState's value outside of the body of a View. This will result in a constant Binding of the initial value and will not update.
2026-10-04 15:45:55.194483+0900 ResourceRunner[37361:52597706] [Invalid Configuration] Unable to render flattened version of PlatformViewRepresentableAdaptor<DashboardLowestAnchorCapture>.
2026-10-04 15:45:55.194670+0900 ResourceRunner[37361:52597706] [Invalid Configuration] Unable to render flattened version of PlatformViewRepresentableAdaptor<DashboardLowestAnchorCapture>.
2026-10-04 15:45:55.194782+0900 ResourceRunner[37361:52597706] [Invalid Configuration] Unable to render flattened version of PlatformViewRepresentableAdaptor<DashboardLowestAnchorCapture>.
2026-10-04 15:45:55.195523+0900 ResourceRunner[37361:52597706] [SwiftUI] Accessing FocusState's value outside of the body of a View. This will result in a constant Binding of the initial value and will not update.
2026-10-04 15:45:55.195662+0900 ResourceRunner[37361:52597706] [SwiftUI] Accessing FocusState's value outside of the body of a View. This will result in a constant Binding of the initial value and will not update.
2026-10-04 15:45:55.195751+0900 ResourceRunner[37361:52597706] [SwiftUI] Accessing FocusState's value outside of the body of a View. This will result in a constant Binding of the initial value and will not update.
2026-10-04 15:45:55.195824+0900 ResourceRunner[37361:52597706] [SwiftUI] Accessing FocusState's value outside of the body of a View. This will result in a constant Binding of the initial value and will not update.
2026-10-04 15:45:55.203401+0900 ResourceRunner[37361:52597706] [Invalid Configuration] Unable to render flattened version of PlatformViewRepresentableAdaptor<DashboardLowestAnchorCapture>.
2026-10-04 15:45:55.203567+0900 ResourceRunner[37361:52597706] [Invalid Configuration] Unable to render flattened version of PlatformViewRepresentableAdaptor<DashboardLowestAnchorCapture>.
2026-10-04 15:45:55.203693+0900 ResourceRunner[37361:52597706] [Invalid Configuration] Unable to render flattened version of PlatformViewRepresentableAdaptor<DashboardLowestAnchorCapture>.
2026-10-04 15:45:55.203790+0900 ResourceRunner[37361:52597706] [Invalid Configuration] Unable to render flattened version of PlatformViewRepresentableAdaptor<DashboardLowestAnchorCapture>.
2026-10-04 15:45:55.204634+0900 ResourceRunner[37361:52597706] [SwiftUI] Accessing FocusState's value outside of the body of a View. This will result in a constant Binding of the initial value and will not update.
2026-10-04 15:45:55.206649+0900 ResourceRunner[37361:52597706] [Invalid Configuration] Unable to render flattened version of PlatformViewRepresentableAdaptor<DashboardLowestAnchorCapture>.
2026-10-04 15:45:55.207053+0900 ResourceRunner[37361:52597706] [SwiftUI] Accessing FocusState's value outside of the body of a View. This will result in a constant Binding of the initial value and will not update.
2026-10-04 15:45:55.209885+0900 ResourceRunner[37361:52597706] [Invalid Configuration] Unable to render flattened version of PlatformViewRepresentableAdaptor<DashboardLowestAnchorCapture>.
2026-10-04 15:45:55.210368+0900 ResourceRunner[37361:52597706] [SwiftUI] Accessing FocusState's value outside of the body of a View. This will result in a constant Binding of the initial value and will not update.
2026-10-04 15:45:55.212067+0900 ResourceRunner[37361:52597706] [Invalid Configuration] Unable to render flattened version of PlatformViewRepresentableAdaptor<DashboardLowestAnchorCapture>.
2026-10-04 15:45:55.212411+0900 ResourceRunner[37361:52597706] [SwiftUI] Accessing FocusState's value outside of the body of a View. This will result in a constant Binding of the initial value and will not update.
2026-10-04 15:45:55.214922+0900 ResourceRunner[37361:52597706] [Invalid Configuration] Unable to render flattened version of PlatformViewRepresentableAdaptor<DashboardLowestAnchorCapture>.
2026-10-04 15:45:55.215383+0900 ResourceRunner[37361:52597706] [SwiftUI] Accessing FocusState's value outside of the body of a View. This will result in a constant Binding of the initial value and will not update.
2026-10-04 15:45:55.216823+0900 ResourceRunner[37361:52597706] [Invalid Configuration] Unable to render flattened version of PlatformViewRepresentableAdaptor<DashboardLowestAnchorCapture>.
2026-10-04 15:45:55.217183+0900 ResourceRunner[37361:52597706] [SwiftUI] Accessing FocusState's value outside of the body of a View. This will result in a constant Binding of the initial value and will not update.
2026-10-04 15:45:55.218416+0900 ResourceRunner[37361:52597706] [Invalid Configuration] Unable to render flattened version of PlatformViewRepresentableAdaptor<DashboardLowestAnchorCapture>.
2026-10-04 15:45:55.218751+0900 ResourceRunner[37361:52597706] [SwiftUI] Accessing FocusState's value outside of the body of a View. This will result in a constant Binding of the initial value and will not update.
2026-10-04 15:45:55.220246+0900 ResourceRunner[37361:52597706] [Invalid Configuration] Unable to render flattened version of PlatformViewRepresentableAdaptor<DashboardLowestAnchorCapture>.
2026-10-04 15:45:55.220646+0900 ResourceRunner[37361:52597706] [SwiftUI] Accessing FocusState's value outside of the body of a View. This will result in a constant Binding of the initial value and will not update.
2026-10-04 15:45:55.222026+0900 ResourceRunner[37361:52597706] [Invalid Configuration] Unable to render flattened version of PlatformViewRepresentableAdaptor<DashboardLowestAnchorCapture>.
✔ Test allSixtyFourCardAndTopCombinationsUseOnlyVisibleNaturalHeights() passed after 0.389 seconds.
◇ Test hidingSelectedCardAdvancesGenerationAndRejectsHiddenEntryAndLateClose() started.
✔ Test hidingSelectedCardAdvancesGenerationAndRejectsHiddenEntryAndLateClose() passed after 0.001 seconds.
◇ Test allOffSettingsActionUsesInjectedCallback() started.
✔ Test allOffSettingsActionUsesInjectedCallback() passed after 0.001 seconds.
✔ Suite DashboardPreferencesVisibilityTests passed after 0.389 seconds.
◇ Suite DashboardViewportTests started.
◇ Test detailUsesActualChromeAndEightPointVisibleMargins() started.
✔ Test detailUsesActualChromeAndEightPointVisibleMargins() passed after 0.001 seconds.
◇ Test outerWindowClampPreservesSizeAndEightPointMargin() started.
✔ Test outerWindowClampPreservesSizeAndEightPointMargin() passed after 0.001 seconds.
◇ Test detailRegistrationKeepsOnlyCurrentOwnedWindow() started.
✔ Test detailRegistrationKeepsOnlyCurrentOwnedWindow() passed after 0.002 seconds.
◇ Test memoryNormalizationFollowsItsActualPositionOnlyWhenRankingIsVisible() started.
✔ Test memoryNormalizationFollowsItsActualPositionOnlyWhenRankingIsVisible() passed after 0.001 seconds.
◇ Test currentLastCardRejectsOldRevisionOlderViewAndStaleRemoval() started.
✔ Test currentLastCardRejectsOldRevisionOlderViewAndStaleRemoval() passed after 0.001 seconds.
◇ Test focusReturnTargetUsesCurrentVisibilityAndRejectsReorderedIntent() started.
✔ Test focusReturnTargetUsesCurrentVisibilityAndRejectsReorderedIntent() passed after 0.001 seconds.
◇ Test noCurrentAnchorClosesOwnedDetailAndKeepsScreenBasedDefaultSize() started.
✔ Test noCurrentAnchorClosesOwnedDetailAndKeepsScreenBasedDefaultSize() passed after 0.166 seconds.
◇ Test actualMemoryLastAndDiskLastFramesUseDifferentHeightCorrections() started.
✔ Test actualMemoryLastAndDiskLastFramesUseDifferentHeightCorrections() passed after 0.006 seconds.
✔ Suite DashboardViewportTests passed after 0.177 seconds.
◇ Suite LoginItemControllerTests started.
◇ Test initialAndRefreshOnlyReadActualState() started.
✔ Test initialAndRefreshOnlyReadActualState() passed after 0.001 seconds.
◇ Test onSucceedsOnlyAfterEnabledStatusAndReadsAfterMutation() started.
✔ Test onSucceedsOnlyAfterEnabledStatusAndReadsAfterMutation() passed after 0.001 seconds.
◇ Test completedMutationsUseRefreshedStatusForSuccessAndApproval() started.
✔ Test completedMutationsUseRefreshedStatusForSuccessAndApproval() passed after 0.002 seconds.
◇ Test approvalFailureAndUnknownRemainDistinctFromActualState() started.
✔ Test approvalFailureAndUnknownRemainDistinctFromActualState() passed after 0.003 seconds.
◇ Test offAlreadyNotRegisteredSkipsMutationAndFailedOffDoesNotClaimSuccess() started.
✔ Test offAlreadyNotRegisteredSkipsMutationAndFailedOffDoesNotClaimSuccess() passed after 0.001 seconds.
◇ Test latestIntentWaitsForMutationAndStaleCompletionCannotPublish() started.
✔ Test latestIntentWaitsForMutationAndStaleCompletionCannotPublish() passed after 0.001 seconds.
◇ Test restoreWritesOrdinaryPreferencesOnceAndSerializesOffAfterPendingOn() started.
✔ Test restoreWritesOrdinaryPreferencesOnceAndSerializesOffAfterPendingOn() passed after 0.001 seconds.
✔ Suite LoginItemControllerTests passed after 0.010 seconds.
◇ Suite PreferencesStoreTests started.
◇ Test changeCallbackPublishesSavedSnapshotOncePerMutation() started.
✔ Test changeCallbackPublishesSavedSnapshotOncePerMutation() passed after 0.001 seconds.
◇ Test defaultsAndInitialReadDoNotWrite() started.
✔ Test defaultsAndInitialReadDoNotWrite() passed after 0.001 seconds.
◇ Test invalidContainerOrSchemaUsesAllDefaults() started.
✔ Test invalidContainerOrSchemaUsesAllDefaults() passed after 0.001 seconds.
◇ Test supportedDictionaryRecoversOnlyInvalidFields() started.
✔ Test supportedDictionaryRecoversOnlyInvalidFields() passed after 0.001 seconds.
◇ Test explicitChangesAndRestoreEachPublishAndSaveOnce() started.
✔ Test explicitChangesAndRestoreEachPublishAndSaveOnce() passed after 0.001 seconds.
◇ Test isolatedUserDefaultsRoundTripWritesSupportedFieldsOnly() started.
✔ Test isolatedUserDefaultsRoundTripWritesSupportedFieldsOnly() passed after 0.002 seconds.
✔ Suite PreferencesStoreTests passed after 0.004 seconds.
◇ Suite SettingsWindowControllerTests started.
◇ Test windowIsReusedAndOpenOnlyRefreshesActualStatus() started.
✔ Test windowIsReusedAndOpenOnlyRefreshesActualStatus() passed after 0.063 seconds.
◇ Test returningToAlreadyOpenSettingsWindowRefreshesActualStatus() started.
✔ Test returningToAlreadyOpenSettingsWindowRefreshesActualStatus() passed after 0.083 seconds.
◇ Test allActualStatesAndRequestResultsRemainDistinct() started.
✔ Test allActualStatesAndRequestResultsRemainDistinct() passed after 0.001 seconds.
✔ Suite SettingsWindowControllerTests passed after 0.147 seconds.
◇ Suite StatusBarControllerTests started.
◇ Test focusReturnAllowsOwnedWindowsButRejectsKeySettingsWindow() started.
✔ Test focusReturnAllowsOwnedWindowsButRejectsKeySettingsWindow() passed after 0.002 seconds.
◇ Test statusItemHasFixedSquareLength() started.
2026-10-04 15:45:55.575271+0900 ResourceRunner[37361:52597706] [StatusBar] Unhandled disconnected auxiliary scene <NSHostedViewScene: 0xc5475ad10>
2026-10-04 15:45:55.575345+0900 ResourceRunner[37361:52597706] [Common] [BSBlockSentinel:FBSWorkspaceScenesClient] failed!
✔ Test statusItemHasFixedSquareLength() passed after 0.002 seconds.
◇ Test popoverUsesTransientBehavior() started.
2026-10-04 15:45:55.578488+0900 ResourceRunner[37361:52597744] [SceneClient] No scene exists for identity: com.apple.controlcenter:1A0A500A-D7D4-4072-AF60-C31596001C17-Aux[1]-NSStatusItemView
2026-10-04 15:45:55.580651+0900 ResourceRunner[37361:52597706] [StatusBar] Unhandled disconnected scene <NSStatusItemScene: 0xc58a51d10>
2026-10-04 15:45:55.580672+0900 ResourceRunner[37361:52597706] [Common] [BSBlockSentinel:FBSWorkspaceScenesClient] failed!
✔ Test popoverUsesTransientBehavior() passed after 0.005 seconds.
◇ Test popoverDelegateIsWiredToController() started.
XCT2026-10-04 15:45:55.582252+0900 ResourceRunner[37361:52597778] [SceneClient] No scene exists for identity: com.apple.controlcenter:A7F7C0D0-7DCD-4C0D-99C3-C0D805AAC6C6-Aux[1]-NSStatusItemView
2026-10-04 15:45:55.580837+0900 ResourceRunner[37361:52597706] [StatusBar] Unhandled disconnected auxiliary scene <NSHostedViewScene: 0xc5475ad10>
estOutputBarrier2026-10-04 15:45:55.585679+0900 ResourceRunner[37361:52597706] [Common] [BSBlockSentinel:FBSWorkspaceScenesClient] failed!
2026-10-04 15:45:55.585751+0900 ResourceRunner[37361:52597706] [StatusBar] Unhandled disconnected scene <NSStatusItemScene: 0xc58a51a40>
2026-10-04 15:45:55.585764+0900 ResourceRunner[37361:52597706] [Common] [BSBlockSentinel:FBSWorkspaceScenesClient] failed!
2026-10-04 15:45:55.587733+0900 ResourceRunner[37361:52597706] [StatusBar] Unhandled disconnected auxiliary scene <NSHostedViewScene: 0xc5475ad10>
2026-10-04 15:45:55.587832+0900 ResourceRunner[37361:52597706] [Common] [BSBlockSentinel:FBSWorkspaceScenesClient] failed!
✔ Test popoverDelegateIsWiredToController() passed after 0.007 seconds.
◇ Test delegateOutputReflectsActualShowAndCloseInOrder() started.
2026-10-04 15:45:55.590646+0900 ResourceRunner[37361:52597706] [StatusBar] Unhandled disconnected auxiliary scene <NSHostedViewScene: 0xc5475af40>
2026-10-04 15:45:55.590700+0900 ResourceRunner[37361:52597706] [Common] [BSBlockSentinel:FBSWorkspaceScenesClient] failed!
✔ Test delegateOutputReflectsActualShowAndCloseInOrder() passed after 0.002 seconds.
◇ Test renderReflectsReceivedAccessibilityLabelOnButton() started.
2026-10-04 15:45:55.592515+0900 ResourceRunner[37361:52597706] [StatusBar] Unhandled disconnected auxiliary scene <NSHostedViewScene: 0xc5475a3e0>
2026-10-04 15:45:55.592518+0900 ResourceRunner[37361:52597781] [SceneClient] No scene exists for identity: com.apple.controlcenter:9F36353F-54C9-4645-B939-000AC34C7A47-Aux[1]-NSStatusItemView
2026-10-04 15:45:55.592579+0900 ResourceRunner[37361:52597706] [Common] [BSBlockSentinel:FBSWorkspaceScenesClient] failed!
2026-10-04 15:45:55.592601+0900 ResourceRunner[37361:52597706] [StatusBar] Unhandled disconnected scene <NSStatusItemScene: 0xc58a51770>
2026-10-04 15:45:55.592613+0900 ResourceRunner[37361:52597706] [Common] [BSBlockSentinel:FBSWorkspaceScenesClient] failed!
✔ Test renderReflectsReceivedAccessibilityLabelOnButton() passed after 0.001 seconds.
◇ Test renderDoesNotSetAccessibilityValue() started.
2026-10-04 15:45:55.595061+0900 ResourceRunner[37361:52597706] [StatusBar] Unhandled disconnected auxiliary scene <NSHostedViewScene: 0xc5475a3e0>
✔ Test renderDoesNotSetAccessibilityValue() passed after 0.002 seconds.
◇ Test cyclingThroughAllStatesKeepsLengthAndButtonImageStable() started.
2026-10-04 15:45:55.595191+0900 ResourceRunner[37361:52597706] [Common] [BSBlockSentinel:FBSWorkspaceScenesClient] failed!
✔ Test cyclingThroughAllStatesKeepsLengthAndButtonImageStable() passed after 0.004 seconds.
◇ Test renderKeepsAnOpenPopoverShown() started.
2026-10-04 15:45:55.599334+0900 ResourceRunner[37361:52597706] [StatusBar] Unhandled disconnected auxiliary scene <NSHostedViewScene: 0xc5475bbf0>
2026-10-04 15:45:55.599402+0900 ResourceRunner[37361:52597706] [Common] [BSBlockSentinel:FBSWorkspaceScenesClient] failed!
2026-10-04 15:45:55.602415+0900 ResourceRunner[37361:52597774] [SceneClient] No scene exists for identity: com.apple.controlcenter:CC260AA8-4901-4361-9C24-3A32C9CD955B-Aux[1]-NSStatusItemView
2026-10-04 15:45:55.602637+0900 ResourceRunner[37361:52597706] [StatusBar] Unhandled disconnected scene <NSStatusItemScene: 0xc58a52210>
2026-10-04 15:45:55.602656+0900 ResourceRunner[37361:52597706] [Common] [BSBlockSentinel:FBSWorkspaceScenesClient] failed!
2026-10-04 15:45:55.602658+0900 ResourceRunner[37361:52597774] [SceneClient] No scene exists for identity: com.apple.controlcenter:1B2D7260-31A6-46BA-960F-405810DCEC71-Aux[1]-NSStatusItemView
2026-10-04 15:45:55.602720+0900 ResourceRunner[37361:52597706] [StatusBar] Unhandled disconnected scene <NSStatusItemScene: 0xc58a517c0>
2026-10-04 15:45:55.602733+0900 ResourceRunner[37361:52597706] [Common] [BSBlockSentinel:FBSWorkspaceScenesClient] failed!
2026-10-04 15:45:55.607131+0900 ResourceRunner[37361:52597774] [SceneClient] No scene exists for identity: com.apple.controlcenter:8CA12C9A-CA89-4B29-91CC-9AB8E78AE849-Aux[1]-NSStatusItemView
2026-10-04 15:45:55.607226+0900 ResourceRunner[37361:52597706] [StatusBar] Unhandled disconnected scene <NSStatusItemScene: 0xc58a528a0>
2026-10-04 15:45:55.607240+0900 ResourceRunner[37361:52597706] [Common] [BSBlockSentinel:FBSWorkspaceScenesClient] failed!
2026-10-04 15:45:55.607537+0900 ResourceRunner[37361:52597781] [SceneClient] No scene exists for identity: com.apple.controlcenter:6BFB4C85-4445-4688-942D-231699B7A0A9-Aux[1]-NSStatusItemView
2026-10-04 15:45:55.607613+0900 ResourceRunner[37361:52597706] [StatusBar] Unhandled disconnected scene <NSStatusItemScene: 0xc58a52530>
2026-10-04 15:45:55.607630+0900 ResourceRunner[37361:52597706] [Common] [BSBlockSentinel:FBSWorkspaceScenesClient] failed!
2026-10-04 15:45:56.769630+0900 ResourceRunner[37361:52597737] [MonitoringSampleStore] history=0 capacity=1203
2026-10-04 15:45:56.774345+0900 ResourceRunner[37361:52597737] [MonitoringScheduler] appended sample axis=SystemMetricsSampleSource generation=1 collectionEpoch=0 appendedTotal=1
2026-10-04 15:45:56.774424+0900 ResourceRunner[37361:52597737] [MonitoringScheduler] appended sample axis=DiskActivitySource generation=1 collectionEpoch=0 appendedTotal=1
2026-10-04 15:45:56.774465+0900 ResourceRunner[37361:52597737] [MonitoringScheduler] appended sample axis=NetworkActivitySource generation=1 collectionEpoch=0 appendedTotal=1
2026-10-04 15:45:56.774540+0900 ResourceRunner[37361:52597781] [SystemMetricsSampleSource] baseline-only tick: no cpu usage produced collectionEpoch=0 epochReset=false elapsed=none maximumTickGap=10.0 seconds
2026-10-04 15:45:57.687585+0900 ResourceRunner[37361:52597738] [SceneClient] No scene exists for identity: com.apple.controlcenter:FC3CF606-C557-4A2F-B1C5-92AD85CA709D-Aux[1]-NSStatusItemView
2026-10-04 15:45:57.716559+0900 ResourceRunner[37361:52597706] [StatusBar] Unhandled disconnected auxiliary scene <NSHostedViewScene: 0xc5475b330>
2026-10-04 15:45:57.716608+0900 ResourceRunner[37361:52597706] [Common] [BSBlockSentinel:FBSWorkspaceScenesClient] failed!
2026-10-04 15:45:57.716641+0900 ResourceRunner[37361:52597706] [StatusBar] Unhandled disconnected scene <NSStatusItemScene: 0xc58a52850>
2026-10-04 15:45:57.716656+0900 ResourceRunner[37361:52597706] [Common] [BSBlockSentinel:FBSWorkspaceScenesClient] failed!
2026-10-04 15:45:57.717082+0900 ResourceRunner[37361:52597706] [CollectionPipeline] delivered axis=diskActivity epoch=0 status=baselineOnly(ResourceRunner.DiskBaselineReason.first)
2026-10-04 15:45:57.717382+0900 ResourceRunner[37361:52597706] [CollectionPipeline] delivered axis=networkActivity epoch=0 status=baselineOnly(ResourceRunner.NetworkBaselineReason.first)
✔ Test renderKeepsAnOpenPopoverShown() passed after 2.118 seconds.
✔ Suite StatusBarControllerTests passed after 2.147 seconds.
✔ Test run with 46 tests in 7 suites passed after 2.918 seconds.
2026-10-04 15:46:02.110 xcodebuild[37278:52597290] [MT] IDETestOperationsObserverDebug: 8.333 elapsed -- Testing started completed.
2026-10-04 15:46:02.110 xcodebuild[37278:52597290] [MT] IDETestOperationsObserverDebug: 0.000 sec, +0.000 sec -- start
2026-10-04 15:46:02.110 xcodebuild[37278:52597290] [MT] IDETestOperationsObserverDebug: 8.333 sec, +8.333 sec -- end

Test session results, code coverage, and logs:
	/tmp/rr-m4-task009-unit.xcresult

** TEST SUCCEEDED **

Testing started
